# Exported by Sketchfab Model Ripper robust edition
o model_6
v 0.1523410826921463 1.403689980506897 -0.07666915655136108
v 0.1417226940393448 1.403689980506897 -0.09183572977781296
v 0.17853307723999023 1.430802345275879 -0.08678020536899567
v 0.16649891436100006 1.430802345275879 -0.10295788198709488
v 0.20366324484348297 1.4574843645095825 -0.09689125418663025
v 0.19021329283714294 1.4574843645095825 -0.1140800416469574
v 0.22773157060146332 1.4841663837432861 -0.10700230300426483
v 0.2132197916507721 1.4845967292785645 -0.12520219385623932
v 0.25109201669692993 1.5108484029769897 -0.11745038628578186
v 0.23516443371772766 1.511278748512268 -0.1366613805294037
v 0.27268272638320923 1.537100076675415 -0.1278984695672989
v 0.25569331645965576 1.5375304222106934 -0.1477835327386856
v 0.2914418578147888 1.5633517503738403 -0.13834655284881592
v 0.27339062094688416 1.5637820959091187 -0.15924273431301117
v 0.2886102795600891 1.590033769607544 -0.1703648865222931
v 0.2663116753101349 1.5908944606781006 -0.18991291522979736
v 0.27834585309028625 1.616715669631958 -0.20204617083072662
v 0.25179991126060486 1.6180068254470825 -0.21990902721881866
v 0.26064854860305786 1.6446888446807861 -0.23170524835586548
v 0.22950130701065063 1.6464102268218994 -0.2472088634967804
v 0.2358723282814026 1.6735225915908813 -0.25866806507110596
v 0.20224745571613312 1.6752439737319946 -0.2714753746986389
v 0.20614086091518402 1.7027866840362549 -0.28192347288131714
v 0.17216205596923828 1.7040778398513794 -0.2920345067977905
v 0.17463967204093933 1.732050895690918 -0.3014715015888214
v 0.1385371834039688 1.7040778398513794 -0.2991122603416443
v 0.1406608521938324 1.732050895690918 -0.3085492253303528
v 0.10455836355686188 1.7027866840362549 -0.30383074283599854
v 0.10668203979730606 1.7303293943405151 -0.312930703163147
v 0.0719953328371048 1.700204610824585 -0.30618998408317566
v 0.07376506179571152 1.727316975593567 -0.31495290994644165
v 0.04084808751940727 1.6967617273330688 -0.307201087474823
v 0.04261781647801399 1.7230134010314941 -0.31562697887420654
v 0.011824513785541058 1.692458152770996 -0.3065270185470581
v 0.013240298256278038 1.7178491353988647 -0.31495290994644165
v -0.015429328195750713 1.6868635416030884 -0.3045048117637634
v -0.01472143642604351 1.710963487625122 -0.3125936686992645
v -0.04126738756895065 1.6808385848999023 -0.3014715015888214
v -0.040559493005275726 1.703647494316101 -0.30989736318588257
v -0.06568966060876846 1.675674319267273 -0.2991122603416443
v -0.06568966060876846 1.6971920728683472 -0.307201087474823
v -0.08905009925365448 1.6709403991699219 -0.2970900535583496
v -0.08905009925365448 1.6915974617004395 -0.3051788806915283
v -0.11099474877119064 1.6666369438171387 -0.2957419157028198
v -0.11170264333486557 1.68643319606781 -0.3034937083721161
v -0.13187755644321442 1.6631940603256226 -0.29439377784729004
v -0.13258545100688934 1.6821297407150269 -0.30180853605270386
v -0.15134459733963013 1.6606119871139526 -0.29304561018943787
v -0.1527603715658188 1.679117202758789 -0.3004603981971741
v -0.16974978148937225 1.6593208312988281 -0.2916974723339081
v -0.17151951789855957 1.6769654750823975 -0.29877522587776184
v -0.18744708597660065 1.6584601402282715 -0.2903493344783783
v -0.18957075476646423 1.6761046648025513 -0.2970900535583496
v -0.20585227012634277 1.6761046648025513 -0.2940567433834076
v -0.2076220065355301 1.694179654121399 -0.29944929480552673
v -0.2231956273317337 1.6946099996566772 -0.2933826744556427
v -0.22496536374092102 1.713545560836792 -0.29742708802223206
v -0.23912319540977478 1.7144062519073486 -0.28799009323120117
v -0.2408929318189621 1.734632968902588 -0.29068636894226074
v -0.2536349892616272 1.7359240055084229 -0.2778790593147278
v -0.25505077838897705 1.757872223854065 -0.27956423163414
v -0.26708492636680603 1.7591632604599 -0.26372358202934265
v -0.2685007154941559 1.7824023962020874 -0.26439765095710754
v -0.2791191041469574 1.7836934328079224 -0.24518665671348572
v -0.28053489327430725 1.807793378829956 -0.24518665671348572
v -0.2900914251804352 1.809084415435791 -0.22294235229492188
v -0.29150721430778503 1.8344753980636597 -0.22260530292987823
v -0.29823216795921326 1.8099451065063477 -0.19800175726413727
v -0.30000191926956177 1.8353360891342163 -0.19766472280025482
v -0.3056650459766388 1.810375452041626 -0.17070192098617554
v -0.30708083510398865 1.836196780204773 -0.1703648865222931
v -0.3123900294303894 1.8108057975769043 -0.14306505024433136
v -0.3141597509384155 1.8366271257400513 -0.1427280157804489
v -0.31876105070114136 1.8108057975769043 -0.11475411057472229
v -0.3205307722091675 1.8370574712753296 -0.11475411057472229
v -0.32477813959121704 1.8112361431121826 -0.08576910197734833
v -0.3261939287185669 1.8370574712753296 -0.08576910197734833
v -0.33150309324264526 1.8370574712753296 -0.05712112411856651
v -0.33256494998931885 1.8641698360443115 -0.05745815858244896
v -0.3371662497520447 1.8641698360443115 -0.029484255239367485
v -0.3378741443157196 1.8912822008132935 -0.030495360493659973
v -0.34141358733177185 1.8908518552780151 -0.003869595006108284
v -0.34141358733177185 1.9171035289764404 -0.005217735189944506
v -0.34424516558647156 1.9162428379058838 0.020059889182448387
v -0.34353727102279663 1.9407730102539062 0.017700644209980965
v -0.3445990979671478 1.939051628112793 0.041630130261182785
v -0.34318333864212036 1.9618604183197021 0.03792274370789528
v -0.3421214818954468 1.9592783451080322 0.06016705557703972
v -0.3396438658237457 1.979504942893982 0.055448565632104874
v -0.3361043930053711 1.9760621786117554 0.07600770145654678
v -0.3329188823699951 1.9932763576507568 0.0702781081199646
v -0.3272557556629181 1.988972783088684 0.08881503343582153
v -0.32300838828086853 2.002744197845459 0.08173729479312897
v -0.3152215778827667 1.998010277748108 0.09791497141122818
v -0.3184071183204651 2.0143637657165527 0.07432252168655396
v -0.3102663457393646 2.009199380874634 0.08915206789970398
v -0.31309792399406433 2.024261951446533 0.06690775603055954
v -0.3053111135959625 2.018667221069336 0.08005212247371674
v -0.3077887296676636 2.032008409500122 0.060504090040922165
v -0.30035585165023804 2.026844024658203 0.07128921151161194
v -0.3028334677219391 2.0380332469940186 0.05477449670433998
v -0.29540061950683594 2.0341601371765137 0.06252630054950714
v -0.2975243031978607 2.0423367023468018 0.050056006759405136
v -0.2907993197441101 2.0406153202056885 0.054437458515167236
v 0.12933458387851715 1.403689980506897 -0.10666526854038239
v 0.1523410826921463 1.430802345275879 -0.1184614971280098
v 0.17428572475910187 1.4574843645095825 -0.1302577257156372
v 0.19587643444538116 1.4845967292785645 -0.14239098131656647
v 0.21640530228614807 1.511278748512268 -0.15418720245361328
v 0.23551838099956512 1.5379607677459717 -0.1659834235906601
v 0.25215384364128113 1.5646427869796753 -0.17811669409275055
v 0.24047362804412842 1.5917551517486572 -0.20743873715400696
v 0.22136054933071136 1.6192978620529175 -0.23541264235973358
v 0.19623038172721863 1.6477012634277344 -0.2603532373905182
v 0.16862259805202484 1.6761046648025513 -0.2815864384174347
v 0.13499772548675537 1.6761046648025513 -0.28933823108673096
v 0.10172680020332336 1.6752439737319946 -0.2940567433834076
v 0.06916376948356628 1.673092246055603 -0.29675301909446716
v 0.03872441127896309 1.6705100536346436 -0.2977641224861145
v 0.010054783895611763 1.667067289352417 -0.29742708802223206
v -0.01649116538465023 1.662333369255066 -0.2954048812389374
v -0.04197527840733528 1.6580297946929932 -0.2927085757255554
v -0.06568966060876846 1.6537262201309204 -0.2903493344783783
v -0.08834220468997955 1.6498531103134155 -0.2883271276950836
v -0.10993290692567825 1.6464102268218994 -0.28697898983955383
v -0.1301078349351883 1.64382803440094 -0.28563085198402405
v -0.14922091364860535 1.6416763067245483 -0.2846197485923767
v -0.1672721654176712 1.6403852701187134 -0.2832716107368469
v -0.18426157534122467 1.639954924583435 -0.2822605073451996
v -0.20018914341926575 1.6395245790481567 -0.27990126609802246
v -0.20337465405464172 1.6584601402282715 -0.2876530587673187
v -0.2182403802871704 1.6584601402282715 -0.28192347288131714
v -0.22107195854187012 1.6761046648025513 -0.2883271276950836
v -0.2348758429288864 1.6765351295471191 -0.27956423163414
v -0.2369995266199112 1.6950403451919556 -0.28428271412849426
v -0.2497415840625763 1.6959010362625122 -0.2721494436264038
v -0.2518652677536011 1.7152670621871948 -0.27551981806755066
v -0.2635454833507538 1.7161277532577515 -0.26001620292663574
v -0.2653152048587799 1.7372151613235474 -0.26237544417381287
v -0.2759335935115814 1.738075852394104 -0.2435014843940735
v -0.27770331501960754 1.7604542970657349 -0.24484962224960327
v -0.2869059145450592 1.7613149881362915 -0.22260530292987823
v -0.2886756360530853 1.784554123878479 -0.22294235229492188
v -0.2968164086341858 1.7854149341583252 -0.19800175726413727
v 0.22737762331962585 1.5650731325149536 -0.1953054815530777
v 0.21109610795974731 1.5926158428192139 -0.22294235229492188
v 0.18879751861095428 1.6205888986587524 -0.24855700135231018
v 0.16331340372562408 1.648561954498291 -0.270801305770874
v 0.13039642572402954 1.648561954498291 -0.2785531282424927
v 0.09783339500427246 1.6477012634277344 -0.28360864520072937
v 0.06597825139760971 1.6464102268218994 -0.2866419553756714
v 0.03624678775668144 1.6442584991455078 -0.28799009323120117
v 0.008285054005682468 1.64124596118927 -0.2876530587673187
v -0.017553003504872322 1.637803077697754 -0.28563085198402405
v -0.04197527840733528 1.6343603134155273 -0.2829345762729645
v -0.065335713326931 1.6313477754592896 -0.28057533502578735
v -0.08728036284446716 1.6283353567123413 -0.2788901627063751
v -0.10816317796707153 1.6257531642913818 -0.27754202485084534
v -0.1279841512441635 1.6236014366149902 -0.276530921459198
v -0.14638935029506683 1.6218799352645874 -0.2751827836036682
v -0.16408665478229523 1.6210192441940308 -0.2741716504096985
v -0.18036817014217377 1.6205888986587524 -0.2734975814819336
v -0.19558784365653992 1.6201585531234741 -0.27113834023475647
v -0.2143469750881195 1.639954924583435 -0.27484574913978577
v -0.23169033229351044 1.6588904857635498 -0.27383461594581604
v -0.2469100058078766 1.6773958206176758 -0.26810503005981445
v -0.26106783747673035 1.6967617273330688 -0.25731992721557617
v -0.273455947637558 1.716988444328308 -0.24181631207466125
v -0.2851361930370331 1.7389365434646606 -0.22193123400211334
v -0.2950466573238373 1.7617453336715698 -0.19766472280025482
v -0.30389532446861267 1.7858452796936035 -0.17103895545005798
v 0.19906194508075714 1.565503478050232 -0.21047204732894897
v 0.1799488663673401 1.5934765338897705 -0.23608671128749847
v 0.15658843517303467 1.6210192441940308 -0.2590050995349884
v 0.12473329156637192 1.6210192441940308 -0.26675689220428467
v 0.09323209524154663 1.6205888986587524 -0.2721494436264038
v 0.06243879348039627 1.6192978620529175 -0.27551981806755066
v 0.03341522067785263 1.6180068254470825 -0.27686795592308044
v 0.006515324115753174 1.6158549785614014 -0.27686795592308044
v -0.018614841625094414 1.6132729053497314 -0.27484574913978577
v -0.042329225689172745 1.610690712928772 -0.27248647809028625
v -0.06462781876325607 1.608108639717102 -0.2704642713069916
v -0.0858645811676979 1.605956792831421 -0.26877909898757935
v -0.10603950172662735 1.6042354106903076 -0.26743096113204956
v -0.12479864060878754 1.6025140285491943 -0.2660828232765198
v -0.1428498923778534 1.6016533374786377 -0.26507171988487244
v -0.15983930230140686 1.600792646408081 -0.26439765095710754
v -0.17576687037944794 1.6003621816635132 -0.2633865475654602
v -0.19027864933013916 1.6003621816635132 -0.2613643407821655
v -0.20974567532539368 1.6205888986587524 -0.2664198577404022
v -0.22744297981262207 1.639954924583435 -0.26675689220428467
v -0.2437244951725006 1.6593208312988281 -0.2627124786376953
v -0.25788232684135437 1.677826166152954 -0.2536125183105469
v -0.27097833156585693 1.6971920728683472 -0.2391200214624405
v -0.28265854716300964 1.7178491353988647 -0.2202460616827011
v -0.2929230034351349 1.739366888999939 -0.19699065387248993
v -0.30212557315826416 1.7621756792068481 -0.17070192098617554
v -0.3106202781200409 1.7858452796936035 -0.1434020847082138
v -0.31699132919311523 1.7862756252288818 -0.11475411057472229
v -0.32265445590019226 1.7862756252288818 -0.08576910197734833
v -0.32973337173461914 1.8112361431121826 -0.05678408965468407
v -0.3357504606246948 1.8370574712753296 -0.028810184448957443
v -0.3407056927680969 1.8637394905090332 -0.002521455055102706
v -0.3438912034034729 1.8904215097427368 0.022082099691033363
v -0.34530699253082275 1.9149516820907593 0.0446634441614151
v -0.34353727102279663 1.9373302459716797 0.06454850733280182
v -0.33858203887939453 1.9566961526870728 0.08140026032924652
v -0.33044126629829407 1.9726192951202393 0.09555573016405106
v -0.3194689452648163 1.9850995540618896 0.10634084790945053
v -0.30495715141296387 1.9949977397918701 0.1134185865521431
v -0.30035585165023804 2.005326271057129 0.10297050327062607
v -0.2950466573238373 2.0143637657165527 0.092185378074646
v -0.29044535756111145 2.0229709148406982 0.08140026032924652
v -0.28549012541770935 2.0311474800109863 0.0702781081199646
v -0.2808888256549835 2.038893938064575 0.05915594846010208
v -0.30885055661201477 1.7621756792068481 -0.1434020847082138
v -0.30000191926956177 1.7397972345352173 -0.1703648865222931
v -0.29044535756111145 1.718279480934143 -0.1959795504808426
v -0.2798269987106323 1.6976224184036255 -0.21822385489940643
v -0.26779282093048096 1.6786868572235107 -0.23608671128749847
v -0.2543428838253021 1.6597511768341064 -0.24889403581619263
v -0.23912319540977478 1.6403852701187134 -0.25630882382392883
v -0.2221337854862213 1.6205888986587524 -0.25866806507110596
v -0.2037286013364792 1.6003621816635132 -0.2566458582878113
v -0.1839076280593872 1.5792748928070068 -0.25057920813560486
v -0.16974978148937225 1.5792748928070068 -0.25260141491889954
v -0.1545301079750061 1.5792748928070068 -0.25327548384666443
v -0.13860253989696503 1.5801355838775635 -0.25428658723831177
v -0.1212591826915741 1.5809962749481201 -0.2552976906299591
v -0.10320793837308884 1.5818569660186768 -0.2566458582878113
v -0.08409485220909119 1.5831480026245117 -0.25799399614334106
v -0.06356598436832428 1.5848695039749146 -0.2596791684627533
v -0.042329225689172745 1.5865908861160278 -0.261701375246048
v -0.019676679745316505 1.5883122682571411 -0.2640606164932251
v 0.0043916478753089905 1.590033769607544 -0.26574578881263733
v 0.030229706317186356 1.591324806213379 -0.26574578881263733
v 0.058191440999507904 1.5926158428192139 -0.26372358202934265
v 0.08756896108388901 1.5934765338897705 -0.2603532373905182
v 0.1180083155632019 1.5934765338897705 -0.25496065616607666
v 0.14880160987377167 1.5939068794250488 -0.24687182903289795
v 0.16933047771453857 1.5663641691207886 -0.22361642122268677
v 0.18525806069374084 1.5388214588165283 -0.19800175726413727
v 0.21180400252342224 1.53839111328125 -0.1828351765871048
v 0.1944606453180313 1.5117090940475464 -0.1703648865222931
v 0.17570151388645172 1.4845967292785645 -0.15789459645748138
v 0.16968442499637604 1.5117090940475464 -0.18519441783428192
v 0.15694236755371094 1.5392518043518066 -0.21114611625671387
v 0.1395990252494812 1.5663641691207886 -0.23440153896808624
v 0.1102215051651001 1.5663641691207886 -0.24249038100242615
v 0.08119793236255646 1.5659338235855103 -0.24821996688842773
v 0.05323619768023491 1.565503478050232 -0.25192734599113464
v 0.026690246537327766 1.5650731325149536 -0.2539495527744293
v 0.0022679721005260944 1.5637820959091187 -0.25428658723831177
v -0.020738517865538597 1.562921404838562 -0.25260141491889954
v -0.04197527840733528 1.5616302490234375 -0.2502421736717224
v -0.06250414252281189 1.5607695579528809 -0.24855700135231018
v -0.08161722868680954 1.559478521347046 -0.24687182903289795
v -0.0996684730052948 1.5586178302764893 -0.24518665671348572
v -0.11701183021068573 1.5577571392059326 -0.24417555332183838
v -0.13329334557056427 1.5573267936706543 -0.2428274154663086
v -0.14886696636676788 1.5568963289260864 -0.24181631207466125
v -0.1633787602186203 1.5568963289260864 -0.24080519378185272
v -0.17682869732379913 1.5568963289260864 -0.23878298699855804
v -0.19700363278388977 1.5792748928070068 -0.2458607256412506
v -0.21576276421546936 1.6003621816635132 -0.24956810474395752
v -0.23346006870269775 1.6210192441940308 -0.24855700135231018
v -0.24938763678073883 1.6408156156539917 -0.2428274154663086
v -0.26389941573143005 1.6601815223693848 -0.23170524835586548
v -0.27664148807525635 1.679117202758789 -0.21552757918834686
v -0.2872598469257355 1.6980527639389038 -0.19395732879638672
v -0.29717034101486206 1.718279480934143 -0.16935378313064575
v -0.30672687292099 1.7397972345352173 -0.14306505024433136
v -0.3152215778827667 1.7626060247421265 -0.11509114503860474
v 0.15588054060935974 1.4574843645095825 -0.14576132595539093
v 0.15269501507282257 1.4845967292785645 -0.17238709330558777
v 0.14313848316669464 1.5121394395828247 -0.19833879172801971
v 0.1289806365966797 1.5392518043518066 -0.2215941995382309
v 0.1013728529214859 1.5392518043518066 -0.23002007603645325
v 0.07411900907754898 1.5388214588165283 -0.23608671128749847
v 0.04757305979728699 1.5388214588165283 -0.23979409039020538
v 0.022796839475631714 1.53839111328125 -0.2421533465385437
v -0.0002096499956678599 1.5375304222106934 -0.24249038100242615
v -0.021446410566568375 1.537100076675415 -0.24114222824573517
v -0.04162133112549782 1.5362393856048584 -0.2391200214624405
v -0.06073441728949547 1.5353785753250122 -0.2370978146791458
v -0.07878566533327103 1.5349482297897339 -0.23541264235973358
v -0.0957750678062439 1.5345178842544556 -0.23372747004032135
v -0.11205658316612244 1.5340875387191772 -0.23237933218479156
v -0.12763020396232605 1.533657193183899 -0.23103117942810059
v -0.14214199781417847 1.533657193183899 -0.2296830415725708
v -0.15594589710235596 1.5332268476486206 -0.22833490371704102
v -0.16868793964385986 1.5332268476486206 -0.2259756624698639
v -0.18921680748462677 1.5568963289260864 -0.23440153896808624
v -0.20868384838104248 1.5792748928070068 -0.2391200214624405
v -0.22673508524894714 1.600792646408081 -0.23979409039020538
v -0.2437244951725006 1.6210192441940308 -0.23574967682361603
v -0.25894418358802795 1.64124596118927 -0.22631269693374634
v -0.2723941206932068 1.6606119871139526 -0.21182018518447876
v -0.2840743362903595 1.679117202758789 -0.19193512201309204
v -0.29433876276016235 1.6984832286834717 -0.16800564527511597
v -0.30389532446861267 1.7187098264694214 -0.14239098131656647
v -0.3127439618110657 1.7397972345352173 -0.11475411057472229
v -0.32088473439216614 1.7626060247421265 -0.08576910197734833
v -0.32583996653556824 1.7626060247421265 -0.05678408965468407
v -0.327963650226593 1.7862756252288818 -0.05678408965468407
v -0.3300873339176178 1.7626060247421265 -0.028473149985074997
v -0.3322109878063202 1.7862756252288818 -0.028473149985074997
v -0.3339807391166687 1.7626060247421265 -0.0008362799999304116
v -0.3361043930053711 1.7862756252288818 -0.0008362799999304116
v -0.336812287569046 1.7630363702774048 0.026126520708203316
v -0.3389359712600708 1.7867059707641602 0.026126520708203316
v -0.3382280766963959 1.7634668350219727 0.052078213542699814
v -0.34035176038742065 1.7867059707641602 0.05241525173187256
v -0.33752018213272095 1.763897180557251 0.07668177038431168
v -0.3396438658237457 1.7871363162994385 0.07735583931207657
v -0.3350425660610199 1.7643275260925293 0.10061125457286835
v -0.3371662497520447 1.7879970073699951 0.1009482890367508
v -0.33044126629829407 1.765188217163086 0.12319260090589523
v -0.33256494998931885 1.7884273529052734 0.12386666983366013
v -0.32371628284454346 1.766479253768921 0.14442580938339233
v -0.32548603415489197 1.7897183895111084 0.14543691277503967
v -0.3145136833190918 1.7686309814453125 0.1646479070186615
v -0.3162834346294403 1.7918702363967896 0.16599604487419128
v -0.30318742990493774 1.771213173866272 0.18385890126228333
v -0.30495715141296387 1.7944523096084595 0.18554407358169556
v -0.2897374927997589 1.774656057357788 0.2020587921142578
v -0.29150721430778503 1.7978951930999756 0.20374396443367004
v -0.2762875258922577 1.8021987676620483 0.2209327518939972
v -0.29256904125213623 1.821134328842163 0.2040809988975525
v -0.2769954204559326 1.8258682489395142 0.22160682082176208
v -0.29327693581581116 1.8452342748641968 0.2027328610420227
v -0.27770331501960754 1.84953773021698 0.22059571743011475
v -0.27770331501960754 1.8736376762390137 0.21789944171905518
v -0.2607139050960541 1.880092978477478 0.23441414535045624
v -0.26000601053237915 1.9033321142196655 0.229695662856102
v -0.24230872094631195 1.8887001276016235 0.24991776049137115
v -0.24160082638263702 1.911939263343811 0.24486222863197327
v -0.22177985310554504 1.9226981401443481 0.2590177059173584
v -0.22001011669635773 1.943785548210144 0.25126591324806213
v -0.19912730157375336 1.9566961526870728 0.2633991539478302
v -0.19700363278388977 1.9764925241470337 0.25295108556747437
v -0.1771826446056366 1.9704675674438477 0.2745213210582733
v -0.17470502853393555 1.9906941652297974 0.26306211948394775
v -0.15417616069316864 1.9850995540618896 0.28429532051086426
v -0.15205247700214386 2.0057566165924072 0.2721620798110962
v -0.13046178221702576 2.0010228157043457 0.2927212119102478
v -0.1279841512441635 2.02254056930542 0.27957683801651
v -0.10533161461353302 2.0156548023223877 0.2997989356517792
v -0.10320793837308884 2.0380332469940186 0.28631752729415894
v -0.07878566533327103 2.026844024658203 0.30552852153778076
v -0.07701592892408371 2.050513505935669 0.291373074054718
v -0.05082392692565918 2.0354511737823486 0.30990999937057495
v -0.04940814524888992 2.0595510005950928 0.2954174876213074
v -0.02109246328473091 2.0406153202056885 0.31294330954551697
v -0.020384572446346283 2.0655760765075684 0.29811376333236694
v 0.00934689212590456 2.0423367023468018 0.31429144740104675
v 0.00934689212590456 2.0681581497192383 0.29946190118789673
v 0.040140192955732346 2.041045665740967 0.31361737847328186
v 0.039078354835510254 2.0672974586486816 0.29878783226013184
v 0.070933498442173 2.035881519317627 0.3109211027622223
v 0.06916376948356628 2.062563419342041 0.29676562547683716
v 0.1024346873164177 2.0277047157287598 0.3065396547317505
v 0.09924917668104172 2.0548171997070312 0.2927212119102478
v 0.13252009451389313 2.017376184463501 0.2997989356517792
v 0.12862668931484222 2.045349359512329 0.2866545617580414
v 0.16048184037208557 2.007908344268799 0.29002493619918823
v 0.15517264604568481 2.0363118648529053 0.2778916656970978
v 0.17959491908550262 2.0272743701934814 0.26609542965888977
v 0.14986345171928406 2.0642850399017334 0.2633991539478302
v 0.17322388291358948 2.055677890777588 0.25295108556747437
v 0.14420032501220703 2.091827630996704 0.24755851924419403
v 0.1661449670791626 2.083650827407837 0.2384585738182068
v 0.1385371834039688 2.11807918548584 0.23104380071163177
v 0.15906605124473572 2.11033296585083 0.22295495867729187
v 0.13252009451389313 2.1430399417877197 0.21318094432353973
v 0.15163318812847137 2.1361541748046875 0.20644024014472961
v 0.12650302052497864 2.1667094230651855 0.1946440190076828
v 0.14420032501220703 2.16068434715271 0.18925145268440247
v 0.1367674469947815 2.183062791824341 0.1727367490530014
v 0.15092529356479645 2.1770379543304443 0.16700714826583862
v 0.14313848316669464 2.1959736347198486 0.15419982373714447
v 0.16295945644378662 2.1723039150238037 0.15925534069538116
v 0.15269501507282257 2.1929609775543213 0.1471220850944519
v 0.1728699505329132 2.168861150741577 0.14914429187774658
v 0.16083577275276184 2.1908092498779297 0.1383591741323471
v 0.18101070821285248 2.167139768600464 0.13667400181293488
v 0.16756075620651245 2.189948558807373 0.12757405638694763
v 0.18738172948360443 2.1662790775299072 0.1221814975142479
v 0.1728699505329132 2.1895182132720947 0.11476672440767288
v 0.1926909238100052 2.1662790775299072 0.10600381344556808
v 0.17747123539447784 2.189948558807373 0.1002742201089859
v 0.19800010323524475 2.1662790775299072 0.08814095705747604
v 0.1817185878753662 2.1903789043426514 0.08443357795476913
v 0.20260140299797058 2.1667094230651855 0.06926699727773666
v 0.18596594035625458 2.191239595413208 0.06758182495832443
v 0.2072027027606964 2.167139768600464 0.04870786517858505
v 0.18985934555530548 2.1916699409484863 0.049381934106349945
v 0.19339881837368011 2.1921002864837646 0.030507974326610565
v 0.17534756660461426 2.214048385620117 0.03286721929907799
v 0.17853307723999023 2.2144787311553955 0.015341400168836117
v 0.1601278930902481 2.233844757080078 0.01904878579080105
v 0.16295945644378662 2.2334144115448 0.00287110498175025
v -0.3212386667728424 1.74410080909729 0.14240358769893646
v -0.327963650226593 1.742809772491455 0.121507428586483
v -0.33256494998931885 1.7419490814208984 0.09926311671733856
v -0.3350425660610199 1.7410882711410522 0.07567066699266434
v -0.3357504606246948 1.740657925605774 0.051067110151052475
v -0.3339807391166687 1.740657925605774 0.025115415453910828
v -0.331149160861969 1.7402275800704956 -0.0015103500336408615
v -0.32760968804359436 1.7402275800704956 -0.02914722077548504
v -0.3233623504638672 1.7397972345352173 -0.05712112411856651
v -0.3184071183204651 1.7397972345352173 -0.08610613644123077
v -0.30991241335868835 1.7187098264694214 -0.11441707611083984
v -0.3007098138332367 1.6984832286834717 -0.14137987792491913
v -0.29044535756111145 1.6795475482940674 -0.16632045805454254
v -0.27947303652763367 1.6606119871139526 -0.18856477737426758
v -0.26708492636680603 1.64124596118927 -0.20676466822624207
v -0.252573162317276 1.621449589729309 -0.21990902721881866
v -0.23664557933807373 1.600792646408081 -0.22732380032539368
v -0.21894827485084534 1.5792748928070068 -0.2296830415725708
v -0.20018914341926575 1.5568963289260864 -0.22766083478927612
v -0.18036817014217377 1.5332268476486206 -0.2215941995382309
v -0.1594853550195694 1.5086966753005981 -0.21249425411224365
v -0.14745119214057922 1.5086966753005981 -0.21519054472446442
v -0.13470913469791412 1.5086966753005981 -0.21687571704387665
v -0.12090523540973663 1.5086966753005981 -0.21822385489940643
v -0.10639344900846481 1.5091270208358765 -0.21990902721881866
v -0.09152771532535553 1.5091270208358765 -0.2215941995382309
v -0.07560014724731445 1.5095573663711548 -0.22361642122268677
v -0.058610741049051285 1.509987711906433 -0.225301593542099
v -0.04091344028711319 1.5104180574417114 -0.22732380032539368
v -0.022508248686790466 1.5108484029769897 -0.22934600710868835
v -0.0026872719172388315 1.511278748512268 -0.2303571105003357
v 0.018549488857388496 1.511278748512268 -0.23002007603645325
v 0.0415559783577919 1.5117090940475464 -0.22766083478927612
v 0.06633219867944717 1.5117090940475464 -0.22327938675880432
v 0.09146236628293991 1.5121394395828247 -0.2172127515077591
v 0.11730042099952698 1.5121394395828247 -0.20878687500953674
v 0.12862668931484222 1.4850270748138428 -0.18519441783428192
v 0.13499772548675537 1.4579147100448608 -0.15991680324077606
v 0.1357056200504303 1.430802345275879 -0.13329103589057922
v -0.3152215778827667 1.7187098264694214 -0.08610613644123077
v -0.3063729405403137 1.6984832286834717 -0.1140800416469574
v -0.2968164086341858 1.6795475482940674 -0.14003174006938934
v -0.2861980199813843 1.661042332649231 -0.16362418234348297
v -0.2741638422012329 1.6416763067245483 -0.18452034890651703
v -0.2603599727153778 1.621449589729309 -0.20103506743907928
v -0.24514028429985046 1.6012229919433594 -0.2121572196483612
v -0.228150874376297 1.5797052383422852 -0.217886820435524
v -0.21009962260723114 1.5568963289260864 -0.21856088936328888
v -0.19063259661197662 1.5332268476486206 -0.21519054472446442
v -0.17045767605304718 1.5086966753005981 -0.20811280608177185
v -0.14992880821228027 1.4828753471374512 -0.19867582619190216
v -0.13860253989696503 1.4828753471374512 -0.20137210190296173
v -0.12656837701797485 1.4828753471374512 -0.2033943086862564
v -0.11382631957530975 1.4828753471374512 -0.20541653037071228
v -0.10037636756896973 1.4833056926727295 -0.20743873715400696
v -0.08657247573137283 1.4833056926727295 -0.20946094393730164
v -0.07170674204826355 1.4833056926727295 -0.2114831507205963
v -0.0564870648086071 1.4837360382080078 -0.21350537240505219
v -0.04020554944872856 1.4837360382080078 -0.21519054472446442
v -0.023216139525175095 1.4841663837432861 -0.2172127515077591
v -0.005164893809705973 1.4845967292785645 -0.21822385489940643
v 0.01430213637650013 1.4845967292785645 -0.21754978597164154
v 0.03518494963645935 1.4845967292785645 -0.21485351026058197
v 0.05783749371767044 1.4850270748138428 -0.21080908179283142
v 0.08119793236255646 1.4850270748138428 -0.20440542697906494
v 0.10455836355686188 1.4850270748138428 -0.1959795504808426
v 0.11305306851863861 1.4579147100448608 -0.17238709330558777
v 0.11694647371768951 1.430802345275879 -0.14710946381092072
v 0.11482279747724533 1.403689980506897 -0.12082073837518692
v 0.09818733483552933 1.403689980506897 -0.13430213928222656
v 0.097479447722435 1.430802345275879 -0.15957976877689362
v 0.09146236628293991 1.4579147100448608 -0.18317221105098724
v 0.07022560387849808 1.4579147100448608 -0.1915980875492096
v 0.04898884519934654 1.4579147100448608 -0.19800175726413727
v 0.02881392277777195 1.4579147100448608 -0.20238320529460907
v 0.009700837545096874 1.4574843645095825 -0.20507949590682983
v -0.007996462285518646 1.4574843645095825 -0.20609059929847717
v -0.024277977645397186 1.4574843645095825 -0.20507949590682983
v -0.039497654885053635 1.4574843645095825 -0.2033943086862564
v -0.054009441286325455 1.4574843645095825 -0.20137210190296173
v -0.06816728413105011 1.4570540189743042 -0.19934989511966705
v -0.08161722868680954 1.4570540189743042 -0.19699065387248993
v -0.09435928612947464 1.4570540189743042 -0.1946313977241516
v -0.10639344900846481 1.4570540189743042 -0.1922721564769745
v -0.11807366460561752 1.4570540189743042 -0.18991291522979736
v -0.12939994037151337 1.4570540189743042 -0.18755367398262024
v -0.13966436684131622 1.4570540189743042 -0.18418331444263458
v -0.16019323468208313 1.4828753471374512 -0.19395732879638672
v -0.18036817014217377 1.5086966753005981 -0.20170913636684418
v -0.20018914341926575 1.5332268476486206 -0.20642763376235962
v -0.21894827485084534 1.5573267936706543 -0.2071017026901245
v -0.23629163205623627 1.5797052383422852 -0.20305727422237396
v -0.252573162317276 1.6012229919433594 -0.19395732879638672
v -0.26708492636680603 1.6218799352645874 -0.17946483194828033
v -0.2801809310913086 1.6416763067245483 -0.1602538377046585
v -0.29221510887145996 1.661042332649231 -0.13800951838493347
v -0.3024795353412628 1.6795475482940674 -0.11306893825531006
v -0.31203606724739075 1.6984832286834717 -0.08576910197734833
v -0.3205307722091675 1.7187098264694214 -0.05745815858244896
v 0.08119793236255646 1.403689980506897 -0.14643539488315582
v 0.07801241427659988 1.430802345275879 -0.17002785205841064
v 0.05889933183789253 1.430802345275879 -0.178453728556633
v 0.040140192955732346 1.430802345275879 -0.18519441783428192
v 0.022088948637247086 1.430802345275879 -0.18957588076591492
v 0.005099540110677481 1.430802345275879 -0.19260919094085693
v -0.010474083945155144 1.430802345275879 -0.19362029433250427
v -0.024985870346426964 1.430802345275879 -0.19294622540473938
v -0.03843581676483154 1.430802345275879 -0.19126105308532715
v -0.051531821489334106 1.430802345275879 -0.18923884630203247
v -0.0642738789319992 1.4303719997406006 -0.18687960505485535
v -0.07630804181098938 1.4303719997406006 -0.18452034890651703
v -0.08763431012630463 1.4303719997406006 -0.18182407319545746
v -0.09896058589220047 1.4303719997406006 -0.1791277974843979
v -0.10957896709442139 1.4303719997406006 -0.17609448730945587
v -0.11984340101480484 1.4303719997406006 -0.1733981966972351
v -0.12939994037151337 1.4303719997406006 -0.1696908175945282
v -0.14922091364860535 1.4570540189743042 -0.17946483194828033
v -0.16904188692569733 1.4828753471374512 -0.18755367398262024
v -0.1888628751039505 1.5086966753005981 -0.19328325986862183
v -0.20832990109920502 1.533657193183899 -0.19564251601696014
v -0.22673508524894714 1.5573267936706543 -0.19328325986862183
v -0.24337054789066315 1.5797052383422852 -0.185868501663208
v -0.25894418358802795 1.6012229919433594 -0.1733981966972351
v -0.2731020152568817 1.6218799352645874 -0.1558723747730255
v -0.2861980199813843 1.6416763067245483 -0.1353132426738739
v -0.2975243031978607 1.661042332649231 -0.11172079294919968
v -0.3077887296676636 1.6795475482940674 -0.08543206751346588
v -0.3166373670101166 1.6984832286834717 -0.05745815858244896
v -0.32477813959121704 1.7187098264694214 -0.029484255239367485
v -0.327963650226593 1.7191401720046997 -0.0021844198927283287
v 0.06385457515716553 1.403689980506897 -0.15688347816467285
v 0.047219112515449524 1.403689980506897 -0.1653093546628952
v 0.030937597155570984 1.403689980506897 -0.17205005884170532
v 0.015010028146207333 1.403689980506897 -0.1771055907011032
v 0.0004982419777661562 1.403689980506897 -0.18013890087604523
v -0.01330565195530653 1.403689980506897 -0.18115000426769257
v -0.025693761184811592 1.403689980506897 -0.18081296980381012
v -0.037727925926446915 1.403689980506897 -0.1791277974843979
v -0.04905419796705246 1.403689980506897 -0.1771055907011032
v -0.06002652272582054 1.403689980506897 -0.1747463345527649
v -0.07064490765333176 1.403689980506897 -0.17171302437782288
v -0.08126328140497208 1.403689980506897 -0.16867971420288086
v -0.09117377549409866 1.403689980506897 -0.16564638912677765
v -0.10073031485080719 1.403689980506897 -0.16227604448795319
v -0.10993290692567825 1.403689980506897 -0.15890569984912872
v -0.11878155916929245 1.403689980506897 -0.15486127138137817
v -0.13824859261512756 1.4303719997406006 -0.1646352857351303
v -0.15771561861038208 1.4570540189743042 -0.17306116223335266
v -0.1771826446056366 1.4828753471374512 -0.17946483194828033
v -0.1966496855020523 1.5086966753005981 -0.1828351765871048
v -0.2154088169336319 1.533657193183899 -0.18249814212322235
v -0.2331061214208603 1.5573267936706543 -0.1771055907011032
v -0.2497415840625763 1.5797052383422852 -0.1659834235906601
v -0.264607310295105 1.6012229919433594 -0.15081685781478882
v -0.27876514196395874 1.6218799352645874 -0.13194289803504944
v -0.29150721430778503 1.6416763067245483 -0.109698586165905
v -0.3028334677219391 1.661042332649231 -0.08475799858570099
v -0.3127439618110657 1.6795475482940674 -0.057795196771621704
v -0.32088473439216614 1.6984832286834717 -0.030158324167132378
v -0.12656837701797485 1.403689980506897 -0.14946871995925903
v -0.1456814557313919 1.4303719997406006 -0.15823163092136383
v -0.16514848172664642 1.4570540189743042 -0.1653093546628952
v -0.18426157534122467 1.4828753471374512 -0.1696908175945282
v -0.20337465405464172 1.5086966753005981 -0.1703648865222931
v -0.22177985310554504 1.533657193183899 -0.16699454188346863
v -0.23912319540977478 1.5573267936706543 -0.15823163092136383
v -0.25505077838897705 1.5797052383422852 -0.1447502225637436
v -0.26991650462150574 1.6012229919433594 -0.12756143510341644
v -0.2837204039096832 1.6218799352645874 -0.10733933746814728
v -0.29646244645118713 1.6416763067245483 -0.08374688774347305
v -0.3074347674846649 1.661042332649231 -0.057795196771621704
v -0.3166373670101166 1.6795475482940674 -0.03083239495754242
v -0.3244241774082184 1.69891357421875 -0.003195524914190173
v -0.3307952284812927 1.7191401720046997 0.02410431019961834
v -0.3322109878063202 1.719570517539978 0.04971896857023239
v -0.3318570554256439 1.720000982284546 0.07398548722267151
v -0.3290254771709442 1.7208616733551025 0.09690386801958084
v -0.3244241774082184 1.7217223644256592 0.11881114542484283
v -0.13364729285240173 1.403689980506897 -0.1434020847082138
v -0.15240642428398132 1.4303719997406006 -0.15081685781478882
v -0.17151951789855957 1.4570540189743042 -0.1558723747730255
v -0.19027864933013916 1.4828753471374512 -0.15789459645748138
v -0.20903779566287994 1.5086966753005981 -0.1558723747730255
v -0.2270890325307846 1.533657193183899 -0.1491316854953766
v -0.24407844245433807 1.5573267936706543 -0.13767248392105103
v -0.26000601053237915 1.5801355838775635 -0.12250591814517975
v -0.27487173676490784 1.6012229919433594 -0.10396899282932281
v -0.2886756360530853 1.6218799352645874 -0.08172468096017838
v -0.30106374621391296 1.6416763067245483 -0.05745815858244896
v -0.3113281726837158 1.661042332649231 -0.03150646388530731
v -0.31982287764549255 1.6799778938293457 -0.004543664865195751
v -0.3272557556629181 1.69891357421875 0.022756170481443405
v -0.13966436684131622 1.403689980506897 -0.1359873116016388
v -0.158423513174057 1.4303719997406006 -0.14171691238880157
v -0.1771826446056366 1.4570540189743042 -0.1447502225637436
v -0.19558784365653992 1.4828753471374512 -0.1440761536359787
v -0.21399302780628204 1.5086966753005981 -0.139020636677742
v -0.23169033229351044 1.533657193183899 -0.12992069125175476
v -0.2486797422170639 1.5573267936706543 -0.11677631735801697
v -0.264607310295105 1.5801355838775635 -0.09992457181215286
v -0.27947303652763367 1.6012229919433594 -0.0797024667263031
v -0.2929230034351349 1.6218799352645874 -0.05644705519080162
v -0.3046032190322876 1.6416763067245483 -0.03184349834918976
v -0.3145136833190918 1.661042332649231 -0.005891805049031973
v -0.32265445590019226 1.6799778938293457 0.021070994436740875
v -0.3283175826072693 1.6993439197540283 0.047696761786937714
v -0.14497356116771698 1.403689980506897 -0.12756143510341644
v -0.1633787602186203 1.4303719997406006 -0.131605863571167
v -0.18178394436836243 1.4570540189743042 -0.13227993249893188
v -0.19983519613742828 1.4828753471374512 -0.12857253849506378
v -0.2182403802871704 1.5086966753005981 -0.12115777283906937
v -0.2359376847743988 1.533657193183899 -0.11003562062978745
v -0.25292709469795227 1.5573267936706543 -0.09520608186721802
v -0.26885467767715454 1.5801355838775635 -0.07666915655136108
v -0.28336644172668457 1.6012229919433594 -0.05509891360998154
v -0.29646244645118713 1.6218799352645874 -0.03184349834918976
v -0.3077887296676636 1.6421066522598267 -0.006902909837663174
v -0.31699132919311523 1.6614726781845093 0.01904878579080105
v -0.3240702450275421 1.680408239364624 0.04533751681447029
v -0.327963650226593 1.6997742652893066 0.07162624597549438
v -0.14922091364860535 1.403689980506897 -0.1177874282002449
v -0.16762611269950867 1.4303719997406006 -0.11980963498353958
v -0.18567734956741333 1.4570540189743042 -0.1177874282002449
v -0.2037286013364792 1.4828753471374512 -0.11205782741308212
v -0.2221337854862213 1.5086966753005981 -0.10295788198709488
v -0.2398310899734497 1.533657193183899 -0.09015055745840073
v -0.2568204998970032 1.5573267936706543 -0.07329880446195602
v -0.27274808287620544 1.5801355838775635 -0.053413741290569305
v -0.2869059145450592 1.6012229919433594 -0.03150646388530731
v -0.2996479570865631 1.6218799352645874 -0.007914015091955662
v -0.3102663457393646 1.6421066522598267 0.017026575282216072
v -0.3184071183204651 1.6614726781845093 0.04297827184200287
v -0.3233623504638672 1.6808385848999023 0.06859292834997177
v -0.3251320719718933 1.7006349563598633 0.09420759230852127
v -0.1527603715658188 1.403689980506897 -0.10700230300426483
v -0.17081162333488464 1.4303719997406006 -0.10666526854038239
v -0.1888628751039505 1.4570540189743042 -0.10262084752321243
v -0.20726805925369263 1.4828753471374512 -0.09486904740333557
v -0.22567325830459595 1.5086966753005981 -0.0840839222073555
v -0.2437244951725006 1.533657193183899 -0.06925438344478607
v -0.2607139050960541 1.5573267936706543 -0.05139153078198433
v -0.2759335935115814 1.5801355838775635 -0.031169429421424866
v -0.2897374927997589 1.6016533374786377 -0.008588084951043129
v -0.3017716407775879 1.6223102807998657 0.015341400168836117
v -0.3113281726837158 1.6421066522598267 0.0402819886803627
v -0.31769922375679016 1.6619030237197876 0.06555961817502975
v -0.3205307722091675 1.6812689304351807 0.09083724021911621
v -0.3205307722091675 1.7010653018951416 0.11577782779932022
v -0.31805315613746643 1.7225830554962158 0.1397073119878769
v -0.31203606724739075 1.7462525367736816 0.16228866577148438
v -0.1555919498205185 1.403689980506897 -0.09520608186721802
v -0.17364318668842316 1.4303719997406006 -0.0928468331694603
v -0.191694438457489 1.4570540189743042 -0.08678020536899567
v -0.2104535698890686 1.4828753471374512 -0.07768025994300842
v -0.22885876893997192 1.5086966753005981 -0.06487292796373367
v -0.2469100058078766 1.533657193183899 -0.04869525134563446
v -0.2635454833507538 1.5573267936706543 -0.030158324167132378
v -0.27876514196395874 1.5801355838775635 -0.009262154810130596
v -0.2918611466884613 1.6016533374786377 0.013656225055456161
v -0.3028334677219391 1.6223102807998657 0.03758570924401283
v -0.3106202781200409 1.642536997795105 0.062189266085624695
v -0.3152215778827667 1.662333369255066 0.08679281920194626
v -0.3162834346294403 1.6821297407150269 0.11139637231826782
v -0.3141597509384155 1.7023563385009766 0.13566289842128754
v -0.30885055661201477 1.7247347831726074 0.15891830623149872
v -0.30106374621391296 1.7488347291946411 0.18116262555122375
v -0.15771561861038208 1.403689980506897 -0.08273578435182571
v -0.1761208176612854 1.4303719997406006 -0.07869136333465576
v -0.194879949092865 1.4570540189743042 -0.0709395632147789
v -0.2132851481437683 1.4828753471374512 -0.05981740355491638
v -0.2320442795753479 1.5086966753005981 -0.04566193372011185
v -0.2497415840625763 1.533657193183899 -0.028810184448957443
v -0.26602309942245483 1.5573267936706543 -0.009262154810130596
v -0.2808888256549835 1.5801355838775635 0.011971049942076206
v -0.2929230034351349 1.6016533374786377 0.034889429807662964
v -0.30212557315826416 1.6223102807998657 0.05848187953233719
v -0.30814266204833984 1.6429673433303833 0.0827483981847763
v -0.3106202781200409 1.6631940603256226 0.10701491683721542
v -0.3095584511756897 1.6829904317855835 0.13128143548965454
v -0.3053111135959625 1.7040778398513794 0.15487389266490936
v -0.297878235578537 1.7268866300582886 0.17745523154735565
v -0.28761380910873413 1.7518471479415894 0.1990254819393158
v -0.27451780438423157 1.7789595127105713 0.21924757957458496
v -0.2596520781517029 1.8086540699005127 0.2377845048904419
v -0.2603599727153778 1.8323235511779785 0.2384585738182068
v -0.24230872094631195 1.840930700302124 0.25429922342300415
v -0.24266265332698822 1.8646001815795898 0.25295108556747437
v -0.2231956273317337 1.875359058380127 0.267780601978302
v -0.22284168004989624 1.8994590044021606 0.26441025733947754
v -0.20195886492729187 1.9115089178085327 0.2778916656970978
v -0.20089703798294067 1.9351783990859985 0.27182504534721375
v -0.1789523810148239 1.9480891227722168 0.28362125158309937
v -0.15594589710235596 1.9622907638549805 0.2940693497657776
v -0.13223150372505188 1.9777835607528687 0.30316928029060364
v -0.10674739629030228 1.9915549755096436 0.3109211027622223
v -0.08020144701004028 2.0023138523101807 0.31732475757598877
v -0.051531821489334106 2.0100603103637695 0.322043240070343
v -0.021446410566568375 2.014794111251831 0.32507655024528503
v 0.009700837545096874 2.016085147857666 0.3264247179031372
v 0.04120203107595444 2.0139334201812744 0.3257506489753723
v 0.07305717468261719 2.008338689804077 0.32305434346199036
v 0.1052662581205368 1.9997316598892212 0.31799882650375366
v -0.15983930230140686 1.403689980506897 -0.06992845237255096
v -0.17859843373298645 1.4303719997406006 -0.06419885903596878
v -0.19735756516456604 1.4570540189743042 -0.05476187914609909
v -0.21611671149730682 1.4828753471374512 -0.042291585355997086
v -0.23452189564704895 1.5086966753005981 -0.026787975803017616
v -0.25221920013427734 1.533657193183899 -0.009262154810130596
v -0.2681467831134796 1.5573267936706543 0.010622910223901272
v -0.28159672021865845 1.5801355838775635 0.032193150371313095
v -0.29221510887145996 1.6016533374786377 0.05511153116822243
v -0.2996479570865631 1.6227407455444336 0.07836694270372391
v -0.303541362285614 1.6433976888656616 0.10229642689228058
v -0.30389532446861267 1.6640547513961792 0.1258888840675354
v -0.3007098138332367 1.6847118139266968 0.14981836080551147
v -0.29433876276016235 1.706229567527771 0.1727367490530014
v -0.2847822308540344 1.7298990488052368 0.1946440190076828
v -0.2723941206932068 1.756150722503662 0.2158772200345993
v -0.258236289024353 1.7849845886230469 0.23576228320598602
v -0.24160082638263702 1.8168307542800903 0.2539621889591217
v -0.2231956273317337 1.8508288860321045 0.2694658041000366
v -0.2026667594909668 1.8869786262512207 0.28193607926368713
v -0.18036817014217377 1.9244195222854614 0.29002493619918823
v -0.16196297109127045 1.403689980506897 -0.05712112411856651
v -0.18072211742401123 1.4303719997406006 -0.04936932027339935
v -0.19983519613742828 1.4570540189743042 -0.03858419880270958
v -0.21859432756900787 1.4828753471374512 -0.02476576529443264
v -0.23664557933807373 1.5086966753005981 -0.00892512034624815
v -0.25398892164230347 1.533657193183899 0.009611804969608784
v -0.26885467767715454 1.5573267936706543 0.029833905398845673
v -0.2808888256549835 1.5801355838775635 0.05174117907881737
v -0.2897374927997589 1.602083683013916 0.07432252168655396
v -0.29540061950683594 1.623171091079712 0.09724090248346329
v -0.29717034101486206 1.6442584991455078 0.12049631774425507
v -0.29540061950683594 1.6653457880020142 0.14375174045562744
v -0.2900914251804352 1.68643319606781 0.16700714826583862
v -0.2812427878379822 1.708811640739441 0.1895885020494461
v -0.26991650462150574 1.7337722778320312 0.2114957720041275
v -0.25611260533332825 1.7617453336715698 0.2320549041032791
v -0.24053898453712463 1.7927309274673462 0.251939982175827
v -0.22248773276805878 1.8267289400100708 0.2694658041000366
v -0.2026667594909668 1.8624484539031982 0.28362125158309937
v -0.18072211742401123 1.899889349937439 0.2947434186935425
v -0.15736167132854462 1.9381909370422363 0.30114707350730896
v -0.13329334557056427 1.9528229236602783 0.31125813722610474
v -0.10780923068523407 1.966163992881775 0.3196839988231659
v -0.08090934157371521 1.9764925241470337 0.3264247179031372
v -0.05188576504588127 1.9838085174560547 0.3314802348613739
v -0.021446410566568375 1.9876817464828491 0.33485057950019836
v 0.010054783895611763 1.9885424375534058 0.3365357518196106
v 0.04226386919617653 1.9863907098770142 0.33552464842796326
v 0.07482690364122391 1.9807960987091064 0.33249133825302124
v -0.16408665478229523 1.403689980506897 -0.043976761400699615
v -0.18284578621387482 1.4303719997406006 -0.03487681597471237
v -0.20195886492729187 1.4570540189743042 -0.022743554785847664
v -0.2203640639781952 1.4828753471374512 -0.008251049555838108
v -0.23841530084609985 1.5086966753005981 0.008937735110521317
v -0.25505077838897705 1.533657193183899 0.027811694890260696
v -0.2685007154941559 1.5577571392059326 0.048370830714702606
v -0.27876514196395874 1.5805659294128418 0.06994107365608215
v -0.28549012541770935 1.6025140285491943 0.092185378074646
v -0.289029598236084 1.6236014366149902 0.11476672440767288
v -0.2886756360530853 1.6451191902160645 0.13802213966846466
v -0.2847822308540344 1.6666369438171387 0.1609405130147934
v -0.2769954204559326 1.6885850429534912 0.18352186679840088
v -0.2663770318031311 1.7126848697662354 0.20576617121696472
v -0.2536349892616272 1.739366888999939 0.2276734560728073
v -0.23876924812793732 1.7690614461898804 0.24823258817195892
v -0.22142590582370758 1.80176842212677 0.2671065330505371
v -0.20231281220912933 1.837487816810608 0.2839582860469818
v -0.1810760498046875 1.8744983673095703 0.2971026599407196
v -0.15806956589221954 1.913230299949646 0.30620259046554565
v -0.1340012401342392 1.927001714706421 0.3166506886482239
v -0.108517125248909 1.9399123191833496 0.3257506489753723
v -0.08126328140497208 1.94981050491333 0.33316540718078613
v -0.052239712327718735 1.9566961526870728 0.3385579586029053
v -0.02109246328473091 1.9601390361785889 0.34260237216949463
v 0.011116622015833855 1.9605693817138672 0.3439505398273468
v 0.043679654598236084 1.9579871892929077 0.3432764410972595
v 0.07695057988166809 1.952392578125 0.33990609645843506
v 0.10809782892465591 1.9717586040496826 0.3270987868309021
v 0.13641349971294403 1.9894031286239624 0.31058406829833984
v -0.16585637629032135 1.403689980506897 -0.03083239495754242
v -0.1849694550037384 1.4303719997406006 -0.02038430981338024
v -0.2037286013364792 1.4570540189743042 -0.007239944767206907
v -0.2221337854862213 1.4828753471374512 0.00826366525143385
v -0.23947714269161224 1.5086966753005981 0.02578948438167572
v -0.2543428838253021 1.533657193183899 0.045000478625297546
v -0.26602309942245483 1.5577571392059326 0.06555961817502975
v -0.27451780438423157 1.5805659294128418 0.08679281920194626
v -0.27947303652763367 1.6029443740844727 0.1090371310710907
v -0.2808888256549835 1.6244621276855469 0.131618469953537
v -0.2780572474002838 1.6464102268218994 0.15419982373714447
v -0.2720401883125305 1.6687886714935303 0.17678116261959076
v -0.2624836266040802 1.6920278072357178 0.19936251640319824
v -0.2504494786262512 1.7174187898635864 0.22160682082176208
v -0.23629163205623627 1.7458221912384033 0.24351409077644348
v -0.21965616941452026 1.7776684761047363 0.26373618841171265
v -0.20125098526477814 1.8120969533920288 0.28193607926368713
v -0.18072211742401123 1.8491073846817017 0.29743969440460205
v -0.15806956589221954 1.887408971786499 0.30923593044281006
v -0.1672721654176712 1.403689980506897 -0.01802506484091282
v -0.18638524413108826 1.4303719997406006 -0.00656587490811944
v -0.20514439046382904 1.4570540189743042 0.007589594926685095
v -0.22284168004989624 1.4828753471374512 0.023767275735735893
v -0.23876924812793732 1.5086966753005981 0.04196716472506523
v -0.25221920013427734 1.533657193183899 0.061515193432569504
v -0.26212969422340393 1.5577571392059326 0.08173729479312897
v -0.2685007154941559 1.5809962749481201 0.10297050327062607
v -0.2713322937488556 1.603374719619751 0.1252148151397705
v -0.27062439918518066 1.6257531642913818 0.14745911955833435
v -0.2656691372394562 1.6481316089630127 0.1697034239768982
v -0.2575283944606781 1.6713708639144897 0.19194774329662323
v -0.24655607342720032 1.6959010362625122 0.21486611664295197
v -0.2331061214208603 1.7230134010314941 0.23744747042655945
v -0.21753250062465668 1.7535686492919922 0.2590177059173584
v -0.19983519613742828 1.7871363162994385 0.27856573462486267
v -0.17966027557849884 1.8228557109832764 0.29609155654907227
v -0.15806956589221954 1.8611574172973633 0.3102470338344574
v -0.13435518741607666 1.9007500410079956 0.3203580677509308
v -0.10887107253074646 1.9127999544143677 0.3301320970058441
v -0.08126328140497208 1.9222677946090698 0.3378838896751404
v -0.05188576504588127 1.9282927513122559 0.3439505398273468
v -0.020384572446346283 1.931735634803772 0.3476579189300537
v 0.012178460136055946 1.9321659803390503 0.3496801257133484
v 0.045449383556842804 1.9291534423828125 0.3490060567855835
v -0.16868793964385986 1.403689980506897 -0.005554770119488239
v -0.1878010332584381 1.4303719997406006 0.007252559997141361
v -0.20620621740818024 1.4570540189743042 0.022082099691033363
v -0.22248773276805878 1.4833056926727295 0.038933850824832916
v -0.2369995266199112 1.5086966753005981 0.05747077614068985
v -0.24832579493522644 1.5340875387191772 0.07701880484819412
v -0.2564665675163269 1.558187484741211 0.09724090248346329
v -0.26106783747673035 1.5814266204833984 0.11847411096096039
v -0.261421799659729 1.6042354106903076 0.14038138091564178
v -0.258236289024353 1.6270442008972168 0.16228866577148438
v -0.2515113055706024 1.6502834558486938 0.18453297019004822
v -0.2419547736644745 1.674383282661438 0.2071143090724945
v -0.22956666350364685 1.7006349563598633 0.23036973178386688
v -0.21505486965179443 1.7298990488052368 0.25295108556747437
v -0.1977115124464035 1.7621756792068481 0.2738472521305084
v -0.17859843373298645 1.797034502029419 0.2927212119102478
v -0.15700772404670715 1.8344753980636597 0.3088988959789276
v -0.1340012401342392 1.8736376762390137 0.32170620560646057
v -0.108517125248909 1.8852572441101074 0.3321543037891388
v -0.08090934157371521 1.893864393234253 0.3402431309223175
v -0.05117787420749664 1.8994590044021606 0.34664681553840637
v -0.019676679745316505 1.9024714231491089 0.3510282635688782
v 0.013594243675470352 1.9029017686843872 0.35305047035217285
v -0.17010372877120972 1.403689980506897 0.006578490138053894
v -0.1888628751039505 1.4303719997406006 0.020396925508975983
v -0.20585227012634277 1.4570540189743042 0.0359005331993103
v -0.22071801126003265 1.4833056926727295 0.0534263551235199
v -0.23346006870269775 1.5086966753005981 0.07196328043937683
v -0.24337054789066315 1.5340875387191772 0.0915113091468811
v -0.24938763678073883 1.558187484741211 0.11207044869661331
v -0.2515113055706024 1.5818569660186768 0.13296660780906677
v -0.2497415840625763 1.6050961017608643 0.15453685820102692
v -0.244786337018013 1.6283353567123413 0.1764441281557083
v -0.23629163205623627 1.6528655290603638 0.19936251640319824
v -0.22531931102275848 1.6786868572235107 0.22228088974952698
v -0.211515411734581 1.7066599130630493 0.24553629755973816
v -0.19523389637470245 1.7376455068588257 0.267780601978302
v -0.17682869732379913 1.771213173866272 0.288339763879776
v -0.15594589710235596 1.8073630332946777 0.30620259046554565
v -0.13329334557056427 1.8460949659347534 0.3213691711425781
v -0.17081162333488464 1.403689980506897 0.018711749464273453
v -0.18850892782211304 1.4303719997406006 0.033204253762960434
v -0.20408254861831665 1.4570540189743042 0.049381934106349945
v -0.21753250062465668 1.4833056926727295 0.06724479049444199
v -0.22885876893997192 1.5091270208358765 0.08578171581029892
v -0.23629163205623627 1.5340875387191772 0.10566677898168564
v -0.24018503725528717 1.5586178302764893 0.1258888840675354
v -0.24018503725528717 1.5827176570892334 0.14678505063056946
v -0.23664557933807373 1.6063872575759888 0.1683552861213684
v -0.22992061078548431 1.630487084388733 0.1909366399049759
v -0.22001011669635773 1.6558780670166016 0.21419204771518707
v -0.2076220065355301 1.6834207773208618 0.23744747042655945
v -0.19204838573932648 1.7131152153015137 0.2603658437728882
v -0.17435108125209808 1.745391845703125 0.2822731137275696
v -0.15417616069316864 1.7802506685256958 0.30182114243507385
v -0.13223150372505188 1.8181219100952148 0.319009929895401
v -0.10780923068523407 1.8568538427352905 0.3321543037891388
v -0.08020144701004028 1.8646001815795898 0.3409171998500824
v -0.05011603608727455 1.8701947927474976 0.3476579189300537
v -0.0182608962059021 1.872776985168457 0.35237640142440796
v 0.015363973565399647 1.872776985168457 0.3547356426715851
v 0.047219112515449524 1.899889349937439 0.3527134358882904
v 0.07942820340394974 1.9235588312149048 0.34563571214675903
v 0.11092939227819443 1.9433552026748657 0.3345135450363159
v 0.14030690491199493 1.9614300727844238 0.31934696435928345
v 0.1650831252336502 1.979504942893982 0.3001359701156616
v 0.18561199307441711 1.9988709688186646 0.27755463123321533
v 0.20153957605361938 2.0182368755340576 0.2516029477119446
v 0.19410669803619385 2.0475010871887207 0.23980671167373657
v 0.2121579498052597 2.039754629135132 0.2239660620689392
v 0.2033092975616455 2.0685884952545166 0.2121698409318924
v 0.2181750386953354 2.0629937648773193 0.1953180879354477
v 0.20791059732437134 2.091397285461426 0.18419593572616577
v 0.21923686563968658 2.087524175643921 0.16667011380195618
v 0.1965843290090561 2.1185097694396973 0.17307378351688385
v 0.2072027027606964 2.1150667667388916 0.15689609944820404
v 0.18490411341190338 2.144761323928833 0.1609405130147934
v 0.1944606453180313 2.1417489051818848 0.14678505063056946
v -0.17081162333488464 1.403689980506897 0.03017093986272812
v -0.18709313869476318 1.4303719997406006 0.04567455127835274
v -0.20125098526477814 1.4570540189743042 0.062189266085624695
v -0.2132851481437683 1.4833056926727295 0.08038915693759918
v -0.22248773276805878 1.5091270208358765 0.09926311671733856
v -0.22779692709445953 1.5345178842544556 0.11881114542484283
v -0.22956666350364685 1.5590481758117676 0.139033243060112
v -0.22744297981262207 1.5831480026245117 0.1602664440870285
v -0.2221337854862213 1.6076782941818237 0.18251076340675354
v -0.21399302780628204 1.6330691576004028 0.20542913675308228
v -0.2026667594909668 1.6597511768341064 0.22868455946445465
v -0.18850892782211304 1.6885850429534912 0.2522770166397095
v -0.17151951789855957 1.720000982284546 0.27485835552215576
v -0.15240642428398132 1.7535686492919922 0.29609155654907227
v -0.13081572949886322 1.7901487350463867 0.31496551632881165
v -0.10674739629030228 1.8280199766159058 0.3301320970058441
v -0.07878566533327103 1.8353360891342163 0.33923202753067017
v -0.04905419796705246 1.8400700092315674 0.34664681553840637
v -0.016845112666487694 1.8426520824432373 0.35170233249664307
v 0.01713370345532894 1.842221736907959 0.35439860820770264
v 0.04934278875589371 1.8701947927474976 0.35439860820770264
v 0.08190581947565079 1.8942947387695312 0.34934309124946594
v 0.114114910364151 1.914521336555481 0.33990609645843506
v 0.14384637773036957 1.933026671409607 0.32608768343925476
v 0.16968442499637604 1.9515318870544434 0.3082248270511627
v 0.19127513468265533 1.9700372219085693 0.2866545617580414
v 0.2082645446062088 1.9898334741592407 0.2620510160923004
v 0.22065265476703644 2.010490655899048 0.23475117981433868
v 0.22808551788330078 2.0341601371765137 0.20542913675308228
v 0.23056314885616302 2.0591206550598145 0.17577005922794342
v 0.24047362804412842 2.0565385818481445 0.15352575480937958
v 0.22843946516513824 2.08537220954895 0.14611098170280457
v 0.24896833300590515 2.0552475452423096 0.12892219424247742
v 0.23622627556324005 2.0845115184783936 0.12352963536977768
v 0.25675514340400696 2.0548171997070312 0.10297050327062607
v 0.24330519139766693 2.083650827407837 0.09926311671733856
v 0.26383405923843384 2.0548171997070312 0.07499659806489944
v 0.25003015995025635 2.0840811729431152 0.07364845275878906
v 0.2702050805091858 2.055677890777588 0.04533751681447029
v 0.25604724884033203 2.084941864013672 0.046011585742235184
v 0.2758682370185852 2.056968927383423 0.01466733030974865
v 0.2613564431667328 2.086233139038086 0.01736360974609852
v 0.26560381054878235 2.087524175643921 -0.010947329923510551
v 0.24967622756958008 2.1159274578094482 -0.005554770119488239
v 0.25286173820495605 2.1176488399505615 -0.03184349834918976
v 0.23551838099956512 2.144761323928833 -0.023754660040140152
v 0.23799601197242737 2.146052360534668 -0.04802117869257927
v 0.2199447602033615 2.1710128784179688 -0.03791012987494469
v 0.22065265476703644 2.172734498977661 -0.05880630016326904
v 0.20295535027980804 2.1946825981140137 -0.04802117869257927
v 0.20189352333545685 2.1959736347198486 -0.06487292796373367
v 0.18596594035625458 2.2144787311553955 -0.0540878102183342
v 0.18455016613006592 2.214909076690674 -0.06756921112537384
v 0.1711002141237259 2.2286806106567383 -0.05745815858244896
v 0.17180810868740082 2.2265286445617676 -0.06858031451702118
v -0.16974978148937225 1.403689980506897 0.041630130261182785
v -0.18461552262306213 1.4303719997406006 0.05747077614068985
v -0.19735756516456604 1.4570540189743042 0.074659563601017
v -0.2076220065355301 1.4833056926727295 0.09285944700241089
v -0.2143469750881195 1.5091270208358765 0.11207044869661331
v -0.21788643300533295 1.5345178842544556 0.131618469953537
v -0.21753250062465668 1.559478521347046 0.15184056758880615
v -0.21363909542560577 1.5844391584396362 0.17374785244464874
v -0.20691411197185516 1.6098300218582153 0.19632919132709503
v -0.19700363278388977 1.6360816955566406 0.21992164850234985
v -0.18426157534122467 1.6640547513961792 0.24351409077644348
v -0.1683340072631836 1.694179654121399 0.26676949858665466
v -0.1495748609304428 1.7268866300582886 0.2890138328075409
v -0.12869204580783844 1.7621756792068481 0.3095729649066925
v -0.10533161461353302 1.7987558841705322 0.3264247179031372
v -0.16762611269950867 1.403689980506897 0.052752286195755005
v -0.1810760498046875 1.4303719997406006 0.06926699727773666
v -0.19204838573932648 1.4570540189743042 0.08679281920194626
v -0.20018914341926575 1.4833056926727295 0.10499271005392075
v -0.20514439046382904 1.5095573663711548 0.12420370429754257
v -0.20620621740818024 1.5349482297897339 0.14375174045562744
v -0.2044364959001541 1.5603392124176025 0.16498494148254395
v -0.19912730157375336 1.5857301950454712 0.1872292459011078
v -0.19063259661197662 1.6119818687438965 0.21048466861248016
v -0.1789523810148239 1.6395245790481567 0.2340771108865738
v -0.1644405871629715 1.668358325958252 0.2576695680618286
v -0.1467432975769043 1.6997742652893066 0.28058794140815735
v -0.12656837701797485 1.7337722778320312 0.30249521136283875
v -0.1035618856549263 1.7694917917251587 0.3213691711425781
v -0.07736987620592117 1.8052111864089966 0.33619871735572815
v -0.047638412564992905 1.8099451065063477 0.34361347556114197
v -0.015075381845235825 1.811666488647461 0.34934309124946594
v 0.01890343427658081 1.811666488647461 0.35237640142440796
v 0.05146646499633789 1.8400700092315674 0.35439860820770264
v 0.08438344299793243 1.8646001815795898 0.3513652980327606
v 0.11694647371768951 1.8856875896453857 0.34361347556114197
v 0.14773978292942047 1.90462327003479 0.33114320039749146
v 0.1739317774772644 1.9231284856796265 0.3146284818649292
v 0.1965843290090561 1.941633701324463 0.29440638422966003
v 0.21498951315879822 1.9609997272491455 0.27047690749168396
v 0.22843946516513824 1.981656789779663 0.24385112524032593
v 0.23728811740875244 2.0044655799865723 0.21486611664295197
v 0.24118152260780334 2.0298564434051514 0.18419593572616577
v -0.013659598305821419 1.7811113595962524 0.34496164321899414
v 0.02067316323518753 1.7811113595962524 0.34866902232170105
v 0.053590141236782074 1.8095147609710693 0.35237640142440796
v 0.08721501380205154 1.834905743598938 0.3513652980327606
v 0.12048593908548355 1.8568538427352905 0.3452986776828766
v 0.1512792408466339 1.8762197494506836 0.3345135450363159
v 0.17853307723999023 1.8947250843048096 0.31934696435928345
v 0.20153957605361938 1.9136606454849243 0.3001359701156616
v 0.22065265476703644 1.9325963258743286 0.2772175967693329
v 0.23551838099956512 1.9532533884048462 0.25126591324806213
v 0.24578282237052917 1.975631833076477 0.22261792421340942
v 0.25109201669692993 2.000162124633789 0.19194774329662323
v 0.25179991126060486 2.0272743701934814 0.1602664440870285
v 0.26064854860305786 2.0259833335876465 0.1339777261018753
v 0.2687893211841583 2.02512264251709 0.10600381344556808
v 0.2762221693992615 2.02512264251709 0.07634473592042923
v 0.28330108523368835 2.0259833335876465 0.0446634441614151
v 0.28896424174308777 2.0272743701934814 0.012308085337281227
v 0.29391947388648987 2.029426097869873 -0.02038430981338024
v 0.28046953678131104 2.058690309524536 -0.016002854332327843
v 0.29781287908554077 2.0315780639648438 -0.052739668637514114
v 0.2840089797973633 2.061272382736206 -0.04633600637316704
v 0.3006444573402405 2.034590482711792 -0.08475799858570099
v 0.28648659586906433 2.063854455947876 -0.07666915655136108
v 0.30099838972091675 2.0380332469940186 -0.11576521396636963
v 0.286840558052063 2.0672974586486816 -0.10565416514873505
v 0.2974589467048645 2.042767286300659 -0.1434020847082138
v 0.283655047416687 2.072031259536743 -0.13194289803504944
v 0.2903800308704376 2.0483617782592773 -0.1683426797389984
v 0.2769300639629364 2.077195644378662 -0.15519830584526062
v 0.27940768003463745 2.0548171997070312 -0.1902499496936798
v 0.2663116753101349 2.083650827407837 -0.17575743794441223
v 0.2620643377304077 1.9975799322128296 0.16667011380195618
v 0.25994065403938293 1.970897912979126 0.19868843257427216
v 0.253569632768631 1.9467979669570923 0.22935862839221954
v 0.24224336445331573 1.9244195222854614 0.25733253359794617
v 0.22631579637527466 1.90462327003479 0.282610148191452
v 0.20649480819702148 1.8856875896453857 0.3045174181461334
v 0.1827804297208786 1.866752028465271 0.3227173089981079
v 0.15517264604568481 1.8478163480758667 0.3365357518196106
v 0.12331750243902206 1.8275896310806274 0.34563571214675903
v 0.08933869004249573 1.8052111864089966 0.35001716017723083
v 0.05571381747722626 1.7789595127105713 0.3490060567855835
v 0.022088948637247086 1.7496954202651978 0.3429394066333771
v -0.011889868415892124 1.750125765800476 0.33923202753067017
v 0.02350473217666149 1.7187098264694214 0.3358616828918457
v -0.010120137594640255 1.7191401720046997 0.33181726932525635
v 0.02421262487769127 1.688154697418213 0.3270987868309021
v -0.009058300405740738 1.688154697418213 0.32305434346199036
v 0.024566570296883583 1.6580297946929932 0.3166506886482239
v -0.00835040770471096 1.6580297946929932 0.3126062750816345
v 0.023858677595853806 1.627905011177063 0.30485445261001587
v -0.007996462285518646 1.627905011177063 0.3008100390434265
v 0.022796839475631714 1.5986407995224 0.29171010851860046
v -0.007996462285518646 1.5986407995224 0.2876656651496887
v 0.021027110517024994 1.5698070526123047 0.2772175967693329
v -0.00835040770471096 1.5698070526123047 0.2738472521305084
v 0.018549488857388496 1.54097318649292 0.26171398162841797
v -0.009412245824933052 1.54097318649292 0.2590177059173584
v 0.015010028146207333 1.5130001306533813 0.2451992630958557
v -0.010828030295670033 1.5130001306533813 0.2428400218486786
v 0.011470568366348743 1.485457420349121 0.2276734560728073
v -0.012597760185599327 1.485457420349121 0.22632530331611633
v 0.007577161770313978 1.4579147100448608 0.20981059968471527
v -0.014367490075528622 1.4579147100448608 0.20947356522083282
v 0.0033298099879175425 1.430802345275879 0.19161070883274078
v -0.016137219965457916 1.430802345275879 0.19194774329662323
v -0.0012714880285784602 1.403689980506897 0.17307378351688385
v -0.018614841625094414 1.403689980506897 0.17442192137241364
v 0.016779758036136627 1.403689980506897 0.17037749290466309
v 0.02350473217666149 1.430802345275879 0.1895885020494461
v 0.02987576089799404 1.4579147100448608 0.20846246182918549
v 0.03624678775668144 1.485457420349121 0.22699938714504242
v 0.041909925639629364 1.5130001306533813 0.24486222863197327
v 0.047219112515449524 1.54097318649292 0.2620510160923004
v 0.05146646499633789 1.5693767070770264 0.2782287001609802
v 0.054651979357004166 1.5982104539871216 0.2927212119102478
v 0.05677565559744835 1.6274745464324951 0.30620259046554565
v 0.058191440999507904 1.6571691036224365 0.31799882650375366
v 0.05889933183789253 1.6868635416030884 0.3284469246864319
v 0.05854538455605507 1.7174187898635864 0.33687278628349304
v 0.05712960287928581 1.7479740381240845 0.3439505398273468
v 0.09146236628293991 1.7750864028930664 0.34664681553840637
v 0.12614907324314117 1.798325538635254 0.34428757429122925
v 0.15871210396289825 1.8189826011657715 0.33687278628349304
v 0.18702778220176697 1.8387788534164429 0.3247395157814026
v 0.21145005524158478 1.8577145338058472 0.3078877925872803
v 0.23162497580051422 1.876650094985962 0.2866545617580414
v 0.24826043844223022 1.8964464664459229 0.2620510160923004
v 0.2602946162223816 1.9183945655822754 0.23475117981433868
v 0.2680814266204834 1.9420640468597412 0.20441803336143494
v 0.27162086963653564 1.9683157205581665 0.1720626801252365
v 0.27162086963653564 1.9958584308624268 0.13869620859622955
v 0.2801155745983124 1.9954280853271484 0.1090371310710907
v 0.2879023849964142 1.9954280853271484 0.07769287377595901
v 0.29498130083084106 1.9958584308624268 0.044326409697532654
v 0.3013523519039154 1.9975799322128296 0.010285874828696251
v 0.3063075840473175 1.9993013143539429 -0.023754660040140152
v 0.3102009892463684 2.0018835067749023 -0.057795196771621704
v 0.3130325675010681 2.0044655799865723 -0.09183572977781296
v 0.3133864998817444 2.008338689804077 -0.12419109046459198
v 0.30984705686569214 2.0130727291107178 -0.1535131335258484
v 0.3024141788482666 2.018667221069336 -0.17980186641216278
v 0.2914418578147888 2.02512264251709 -0.20305727422237396
v 0.035538896918296814 1.403689980506897 0.16565901041030884
v 0.04438754543662071 1.430802345275879 0.18554407358169556
v 0.05323619768023491 1.4579147100448608 0.20509210228919983
v 0.061730898916721344 1.485457420349121 0.2239660620689392
v 0.06951770931482315 1.5130001306533813 0.24250298738479614
v 0.07695057988166809 1.5405428409576416 0.2603658437728882
v 0.08261371403932571 1.5685160160064697 0.276543527841568
v 0.08756896108388901 1.597349762916565 0.291373074054718
v 0.09110841900110245 1.6261835098266602 0.30485445261001587
v 0.09323209524154663 1.6554477214813232 0.3166506886482239
v 0.09464787691831589 1.6847118139266968 0.32676175236701965
v 0.09464787691831589 1.7148367166519165 0.3351876139640808
v 0.09323209524154663 1.7449615001678467 0.34192830324172974
v 0.12862668931484222 1.7690614461898804 0.34125423431396484
v 0.16189761459827423 1.7905791997909546 0.3358616828918457
v 0.19092118740081787 1.8112361431121826 0.32507655024528503
v 0.2160513550043106 1.8306021690368652 0.3095729649066925
v 0.23728811740875244 1.84953773021698 0.2896879017353058
v 0.25392356514930725 1.8689037561416626 0.26609542965888977
v 0.2670195698738098 1.8899911642074585 0.23879560828208923
v 0.27551427483558655 1.9136606454849243 0.20913653075695038
v 0.2801155745983124 1.9394819736480713 0.17678116261959076
v 0.29002606868743896 1.937760591506958 0.146448016166687
v 0.28117743134498596 1.9665943384170532 0.14307767152786255
v 0.2992286682128906 1.9368999004364014 0.11476672440767288
v 0.29002606868743896 1.9657336473464966 0.11207044869661331
v 0.30772337317466736 1.9364694356918335 0.08072619140148163
v 0.2985207736492157 1.9657336473464966 0.0790410116314888
v 0.3151562213897705 1.9373302459716797 0.045000478625297546
v 0.3055996894836426 1.9665943384170532 0.0446634441614151
v 0.3218812048435211 1.9386212825775146 0.00826366525143385
v 0.31197071075439453 1.9678853750228882 0.008937735110521317
v 0.3271903991699219 1.940342664718628 -0.02813611552119255
v 0.3172799050807953 1.969606876373291 -0.02645093947649002
v 0.3310838043689728 1.942494511604309 -0.06453589349985123
v 0.32152727246284485 1.972188949584961 -0.06183961406350136
v 0.33426931500434875 1.945076584815979 -0.1009356752038002
v 0.32435882091522217 1.9747711420059204 -0.0972282886505127
v 0.33426931500434875 1.9485194683074951 -0.13565027713775635
v 0.3247127830982208 1.9786442518234253 -0.13059476017951965
v 0.3307298719882965 1.9532533884048462 -0.16733157634735107
v 0.3211733102798462 1.982947826385498 -0.16126494109630585
v 0.32258909940719604 1.958847999572754 -0.1959795504808426
v 0.3133864998817444 1.9885424375534058 -0.18890181183815002
v 0.31055495142936707 1.9653033018112183 -0.22125716507434845
v 0.3017062842845917 1.9954280853271484 -0.21350537240505219
v 0.054651979357004166 1.403689980506897 0.15925534069538116
v 0.06633219867944717 1.430802345275879 0.17981447279453278
v 0.07730452716350555 1.4579147100448608 0.1996995508670807
v 0.08792290091514587 1.4850270748138428 0.21891054511070251
v 0.09818733483552933 1.512569785118103 0.23812153935432434
v 0.10738993436098099 1.5401124954223633 0.2559843957424164
v 0.1151767447590828 1.5676552057266235 0.2721620798110962
v 0.12154777348041534 1.59605872631073 0.2873286306858063
v 0.12614907324314117 1.6240317821502686 0.3008100390434265
v 0.12933458387851715 1.6528655290603638 0.3126062750816345
v 0.13110432028770447 1.681699275970459 0.32238027453422546
v 0.13145826756954193 1.7105331420898438 0.33046913146972656
v 0.13039642572402954 1.7397972345352173 0.33687278628349304
v 0.16437524557113647 1.7621756792068481 0.33316540718078613
v 0.1944606453180313 1.783263087272644 0.3240654468536377
v 0.22065265476703644 1.8034898042678833 0.3102470338344574
v 0.24224336445331573 1.822425365447998 0.291373074054718
v 0.25994065403938293 1.8417913913726807 0.26879170536994934
v 0.2730366587638855 1.8628787994384766 0.24250298738479614
v 0.28223925828933716 1.8856875896453857 0.2128439098596573
v 0.2879023849964142 1.910648226737976 0.18048855662345886
v 0.29781287908554077 1.9089267253875732 0.14981836080551147
v 0.3073694109916687 1.9080660343170166 0.1171259731054306
v 0.31586411595344543 1.9080660343170166 0.08241136372089386
v 0.32329699397087097 1.908496379852295 0.046011585742235184
v 0.3300219774246216 1.9093570709228516 0.008600699715316296
v 0.33533117175102234 1.9110785722732544 -0.028810184448957443
v 0.3395785093307495 1.913230299949646 -0.06588403135538101
v 0.3424100875854492 1.9158124923706055 -0.10295788198709488
v 0.3427640199661255 1.9188249111175537 -0.13868360221385956
v 0.3385166823863983 1.9231284856796265 -0.17103895545005798
v 0.33037590980529785 1.9287230968475342 -0.2003609985113144
v 0.3179877996444702 1.9351783990859985 -0.22698676586151123
v 0.07305717468261719 1.403689980506897 0.15184056758880615
v 0.08721501380205154 1.430802345275879 0.17239971458911896
v 0.10066495835781097 1.4579147100448608 0.19262181222438812
v 0.11376096308231354 1.4850270748138428 0.2121698409318924
v 0.12614907324314117 1.5121394395828247 0.23138083517551422
v 0.13747534155845642 1.5392518043518066 0.24924369156360626
v 0.14667794108390808 1.566794514656067 0.2657583951950073
v 0.1544647514820099 1.5943372249603271 0.28058794140815735
v 0.16048184037208557 1.6218799352645874 0.2940693497657776
v 0.16437524557113647 1.6498531103134155 0.30552852153778076
v 0.16685286164283752 1.677826166152954 0.3153025507926941
v 0.16756075620651245 1.7057992219924927 0.32305434346199036
v 0.16649891436100006 1.7342026233673096 0.32878395915031433
v 0.19729222357273102 1.7557203769683838 0.32170620560646057
v 0.22419211268424988 1.7763774394989014 0.30923593044281006
v 0.24719859659671783 1.7961738109588623 0.2920471429824829
v 0.2652498483657837 1.8155397176742554 0.27047690749168396
v 0.2790537476539612 1.836196780204773 0.24486222863197327
v 0.28896424174308777 1.8581448793411255 0.2158772200345993
v 0.2946273684501648 1.8826751708984375 0.18385890126228333
v 0.3052457571029663 1.8809536695480347 0.15251465141773224
v 0.31444835662841797 1.880092978477478 0.11914817988872528
v 0.3229430615901947 1.8796626329421997 0.08409654349088669
v 0.3307298719882965 1.880092978477478 0.04735972359776497
v 0.33745482563972473 1.8809536695480347 0.009274769574403763
v 0.3427640199661255 1.8822447061538696 -0.028473149985074997
v 0.34701138734817505 1.8843965530395508 -0.06622107326984406
v 0.34984293580055237 1.8865482807159424 -0.10396899282932281
v 0.34984293580055237 1.8895608186721802 -0.14003174006938934
v 0.3455955982208252 1.893864393234253 -0.17306116223335266
v 0.33710089325904846 1.8990286588668823 -0.20305727422237396
v 0.32435882091522217 1.9050536155700684 -0.23002007603645325
v 0.09004657715559006 1.403689980506897 0.14375174045562744
v 0.1063280925154686 1.430802345275879 0.16431087255477905
v 0.12225566804409027 1.4579147100448608 0.18453297019004822
v 0.13712139427661896 1.4845967292785645 0.20374396443367004
v 0.15163318812847137 1.5117090940475464 0.22261792421340942
v 0.16472919285297394 1.5388214588165283 0.24048078060150146
v 0.17570151388645172 1.5659338235855103 0.2569954991340637
v 0.18490411341190338 1.5930461883544922 0.2714880108833313
v 0.1916290819644928 1.6201585531234741 0.28429532051086426
v 0.1965843290090561 1.6468405723571777 0.2957545220851898
v 0.19976983964443207 1.674383282661438 0.30485445261001587
v 0.200477734208107 1.70149564743042 0.3122692406177521
v 0.19976983964443207 1.7286080121994019 0.31799882650375366
v 0.22737762331962585 1.7496954202651978 0.3072137236595154
v 0.25109201669692993 1.769922137260437 0.291373074054718
v 0.27055904269218445 1.7897183895111084 0.27115097641944885
v 0.2903800308704376 1.784554123878479 0.24722148478031158
v 0.28507083654403687 1.8099451065063477 0.2465474158525467
v 0.30666154623031616 1.7806810140609741 0.2209327518939972
v 0.3013523519039154 1.8060718774795532 0.21992164850234985
v 0.31940358877182007 1.7780988216400146 0.19161070883274078
v 0.3140943944454193 1.8034898042678833 0.19059960544109344
v 0.3300219774246216 1.7768077850341797 0.15992940962314606
v 0.3247127830982208 1.80176842212677 0.15858127176761627
v 0.3395785093307495 1.775947093963623 0.12689998745918274
v 0.33426931500434875 1.8004772663116455 0.1252148151397705
v 0.3427640199661255 1.8000469207763672 0.08982613682746887
v 0.3367469310760498 1.8258682489395142 0.0878039225935936
v 0.34417980909347534 1.8258682489395142 0.05073007568717003
v 0.3300219774246216 1.8525502681732178 0.08611875027418137
v 0.3378087878227234 1.8525502681732178 0.04870786517858505
v 0.1417226940393448 1.4574843645095825 0.17475895583629608
v 0.15871210396289825 1.4845967292785645 0.1939699500799179
v 0.1749936193227768 1.5117090940475464 0.21250687539577484
v 0.1895054131746292 1.53839111328125 0.229695662856102
v 0.20189352333545685 1.5650731325149536 0.24553629755973816
v 0.2121579498052597 1.5917551517486572 0.2596917748451233
v 0.22029870748519897 1.6180068254470825 0.2721620798110962
v 0.2259618490934372 1.6442584991455078 0.2829471826553345
v 0.22950130701065063 1.6709403991699219 0.29171010851860046
v 0.23056314885616302 1.6971920728683472 0.29878783226013184
v 0.2298552542924881 1.7234437465667725 0.30384334921836853
v 0.2542775273323059 1.74410080909729 0.2896879017353058
v 0.2748063802719116 1.763897180557251 0.2708139419555664
v 0.2946273684501648 1.7591632604599 0.24722148478031158
v 0.3112628161907196 1.7557203769683838 0.2209327518939972
v 0.3240048885345459 1.7535686492919922 0.19194774329662323
v 0.3346232771873474 1.7522774934768677 0.1609405130147934
v 0.34417980909347534 1.751416802406311 0.12791109085083008
v 0.34807321429252625 1.7750864028930664 0.09184834361076355
v 0.350196897983551 1.8000469207763672 0.052752286195755005
v 0.35090479254722595 1.8267289400100708 0.012308085337281227
v 0.3445337414741516 1.8534109592437744 0.010622910223901272
v 0.1955224871635437 1.511278748512268 0.20003658533096313
v 0.21180400252342224 1.5379607677459717 0.21688832342624664
v 0.22560790181159973 1.564212441444397 0.2320549041032791
v 0.23693417012691498 1.5904641151428223 0.24553629755973816
v 0.24578282237052917 1.6162853240966797 0.25733253359794617
v 0.25215384364128113 1.6416763067245483 0.26744356751441956
v 0.2564012110233307 1.6674976348876953 0.27553242444992065
v 0.25781697034835815 1.692888617515564 0.28193607926368713
v 0.25675514340400696 1.718279480934143 0.2866545617580414
v 0.27799192070961 1.7389365434646606 0.2691287696361542
v 0.29816684126853943 1.734632968902588 0.2458733469247818
v 0.31480228900909424 1.7316205501556396 0.2202586829662323
v 0.32754433155059814 1.7298990488052368 0.19161070883274078
v 0.3378087878227234 1.7286080121994019 0.1609405130147934
v 0.3473653197288513 1.7277473211288452 0.12858515977859497
v 0.3555060923099518 1.727316975593567 0.09488166123628616
v 0.3523205518722534 1.7509864568710327 0.09353352338075638
v 0.35975342988967896 1.7509864568710327 0.057133741676807404
v 0.3555060923099518 1.7750864028930664 0.05511153116822243
v 0.36187711358070374 1.7755167484283447 0.01736360974609852
v 0.35692185163497925 1.8009076118469238 0.01466733030974865
v 0.36187711358070374 1.80176842212677 -0.02308058924973011
v 0.3562139868736267 1.8275896310806274 -0.025776870548725128
v 0.3601073920726776 1.8293111324310303 -0.06386182457208633
v 0.34984293580055237 1.8547019958496094 -0.02746204473078251
v 0.35373634099960327 1.8564234972000122 -0.06554699689149857
v 0.23127102851867676 1.5375304222106934 0.2020587921142578
v 0.2464907169342041 1.5633517503738403 0.21621425449848175
v 0.2585248649120331 1.5891729593276978 0.22868455946445465
v 0.26843535900115967 1.6145639419555664 0.23980671167373657
v 0.27551427483558655 1.6395245790481567 0.24924369156360626
v 0.2797616422176361 1.6644850969314575 0.2566584646701813
v 0.28153136372566223 1.6894457340240479 0.26238805055618286
v 0.2808234691619873 1.7139759063720703 0.2664324641227722
v 0.30099838972091675 1.7105331420898438 0.24385112524032593
v 0.3172799050807953 1.7079509496688843 0.21857351064682007
v 0.3300219774246216 1.706229567527771 0.19059960544109344
v 0.34028640389442444 1.7053688764572144 0.16060347855091095
v 0.3494890034198761 1.7045081853866577 0.12892219424247742
v 0.3576297461986542 1.7040778398513794 0.0958927646279335
v 0.36293894052505493 1.727316975593567 0.059492986649274826
v 0.36577051877975464 1.751416802406311 0.020396925508975983
v 0.36683234572410583 1.7763774394989014 -0.020047275349497795
v 0.36577051877975464 1.803059458732605 -0.06082851067185402
v 0.36258500814437866 1.8310325145721436 -0.1016097441315651
v 0.356567919254303 1.8585752248764038 -0.10329491645097733
v 0.3017062842845917 1.68643319606781 0.24048078060150146
v 0.2995826005935669 1.662333369255066 0.23542524874210358
v 0.2946273684501648 1.637803077697754 0.22868455946445465
v 0.28719449043273926 1.6132729053497314 0.2202586829662323
v 0.2769300639629364 1.5883122682571411 0.21014763414859772
v 0.26348012685775757 1.562921404838562 0.19868843257427216
v 0.2475525438785553 1.537100076675415 0.18554407358169556
v 0.2287934124469757 1.5108484029769897 0.17105157673358917
v 0.21357373893260956 1.5108484029769897 0.18621814250946045
v 0.2082645446062088 1.4841663837432861 0.15554796159267426
v 0.1944606453180313 1.4841663837432861 0.1697034239768982
v 0.1739317774772644 1.4574843645095825 0.1521776169538498
v 0.15906605124473572 1.4574843645095825 0.1639738380908966
v 0.1395990252494812 1.430802345275879 0.14509987831115723
v 0.12402539700269699 1.430802345275879 0.1552109271287918
v 0.1052662581205368 1.403689980506897 0.1353258639574051
v 0.21923686563968658 1.4841663837432861 0.14038138091564178
v 0.24118152260780334 1.5104180574417114 0.15453685820102692
v 0.26064854860305786 1.5366697311401367 0.16768121719360352
v 0.27763795852661133 1.5624909400939941 0.17914040386676788
v 0.2914418578147888 1.5874515771865845 0.18925145268440247
v 0.3024141788482666 1.6124122142791748 0.1983513981103897
v 0.31055495142936707 1.636512041091919 0.20576617121696472
v 0.31586411595344543 1.6606119871139526 0.2114957720041275
v 0.3179877996444702 1.6842814683914185 0.2158772200345993
v 0.22773157060146332 1.4841663837432861 0.12454073876142502
v 0.250384122133255 1.5104180574417114 0.13667400181293488
v 0.27055904269218445 1.5366697311401367 0.1477961540222168
v 0.28825634717941284 1.5620605945587158 0.15790720283985138
v 0.30276811122894287 1.5870212316513062 0.16667011380195618
v 0.3140943944454193 1.6115515232086182 0.1740848869085312
v 0.32258909940719604 1.6356513500213623 0.18015152215957642
v 0.32825222611427307 1.6597511768341064 0.1852070391178131
v 0.3307298719882965 1.6829904317855835 0.18857738375663757
v 0.23445655405521393 1.4841663837432861 0.10735195130109787
v 0.2574630379676819 1.5104180574417114 0.11746300756931305
v 0.2786997854709625 1.5362393856048584 0.12689998745918274
v 0.2967510521411896 1.5620605945587158 0.1353258639574051
v 0.31161677837371826 1.5870212316513062 0.14240358769893646
v 0.32329699397087097 1.6111210584640503 0.1484702229499817
v 0.332145631313324 1.635221004486084 0.15318872034549713
v 0.33816272020339966 1.6588904857635498 0.15689609944820404
v 0.3406403362751007 1.6821297407150269 0.15925534069538116
v 0.24011968076229095 1.4841663837432861 0.08948910236358643
v 0.26383405923843384 1.5104180574417114 0.09757793694734573
v 0.28542476892471313 1.5362393856048584 0.10499271005392075
v 0.30382996797561646 1.5616302490234375 0.11173340678215027
v 0.31940358877182007 1.5865908861160278 0.1171259731054306
v 0.3317916989326477 1.6111210584640503 0.121507428586483
v 0.34099429845809937 1.6347906589508057 0.12487777322530746
v 0.34701138734817505 1.6584601402282715 0.12723702192306519
v 0.34984293580055237 1.681699275970459 0.12858515977859497
v 0.24472098052501678 1.4837360382080078 0.07095217704772949
v 0.2691432535648346 1.5104180574417114 0.07701880484819412
v 0.29108789563179016 1.5362393856048584 0.08241136372089386
v 0.3102009892463684 1.5616302490234375 0.0871298536658287
v 0.3261285722255707 1.5865908861160278 0.09083724021911621
v 0.3388706147670746 1.610690712928772 0.09353352338075638
v 0.34807321429252625 1.6347906589508057 0.09555573016405106
v 0.3544442355632782 1.6580297946929932 0.0965668335556984
v 0.3576297461986542 1.6812689304351807 0.0965668335556984
v 0.24896833300590515 1.4837360382080078 0.05174117907881737
v 0.27339062094688416 1.5104180574417114 0.055448565632104874
v 0.29604315757751465 1.5362393856048584 0.058818913996219635
v 0.31551018357276917 1.5616302490234375 0.061515193432569504
v 0.3317916989326477 1.5865908861160278 0.06320036947727203
v 0.3445337414741516 1.610690712928772 0.06421147286891937
v 0.3544442355632782 1.6343603134155273 0.06454850733280182
v 0.3611692190170288 1.6580297946929932 0.06421147286891937
v 0.3643547296524048 1.6812689304351807 0.06320036947727203
v 0.36470866203308105 1.7040778398513794 0.061515193432569504
v 0.36860206723213196 1.727316975593567 0.02309320494532585
v 0.37072575092315674 1.7518471479415894 -0.016676925122737885
v 0.37037181854248047 1.7776684761047363 -0.05745815858244896
v 0.3678942024707794 1.8047808408737183 -0.09857642650604248
v 0.36223104596138 1.8336145877838135 -0.13800951838493347
v 0.356567919254303 1.8611574172973633 -0.1396947056055069
v 0.37037181854248047 1.7040778398513794 0.026463555172085762
v 0.3700178563594818 1.6812689304351807 0.02915983460843563
v 0.36647841334342957 1.6580297946929932 0.0315190814435482
v 0.3593994975090027 1.6347906589508057 0.033204253762960434
v 0.3494890034198761 1.610690712928772 0.03455239534378052
v 0.3360390365123749 1.5865908861160278 0.03522646427154541
v 0.31940358877182007 1.5616302490234375 0.035563498735427856
v 0.29993656277656555 1.5362393856048584 0.034889429807662964
v 0.2769300639629364 1.5104180574417114 0.03354128822684288
v 0.25179991126060486 1.4837360382080078 0.03185611590743065
v 0.2231302708387375 1.4574843645095825 0.047696761786937714
v 0.2259618490934372 1.4574843645095825 0.03017093986272812
v 0.19623038172721863 1.430802345275879 0.043315306305885315
v 0.19870799779891968 1.430802345275879 0.028148729354143143
v 0.16862259805202484 1.403689980506897 0.03859681636095047
v 0.17039231956005096 1.403689980506897 0.02578948438167572
v 0.20012378692626953 1.430802345275879 0.012308085337281227
v 0.22773157060146332 1.4574843645095825 0.012308085337281227
v 0.25392356514930725 1.4841663837432861 0.011971049942076206
v 0.27940768003463745 1.5104180574417114 0.011634014546871185
v 0.3024141788482666 1.5362393856048584 0.010622910223901272
v 0.3222351670265198 1.5616302490234375 0.009274769574403763
v 0.33922457695007324 1.5865908861160278 0.007589594926685095
v 0.3526745140552521 1.610690712928772 0.004893315024673939
v 0.36293894052505493 1.6347906589508057 0.002197034889832139
v 0.3700178563594818 1.6584601402282715 -0.001173314987681806
v 0.37426522374153137 1.681699275970459 -0.004880699794739485
v 0.3749731183052063 1.7045081853866577 -0.00892512034624815
v 0.3732033669948578 1.7277473211288452 -0.012969540432095528
v 0.22843946516513824 1.4574843645095825 -0.005891805049031973
v 0.25498542189598083 1.4841663837432861 -0.008251049555838108
v 0.28046953678131104 1.5104180574417114 -0.010610295459628105
v 0.30382996797561646 1.5362393856048584 -0.013306574895977974
v 0.3240048885345459 1.5616302490234375 -0.016676925122737885
v 0.34099429845809937 1.5865908861160278 -0.02038430981338024
v 0.35479819774627686 1.6111210584640503 -0.024428730830550194
v 0.365416556596756 1.635221004486084 -0.028810184448957443
v 0.37249550223350525 1.6588904857635498 -0.03352867439389229
v 0.3767428398132324 1.6821297407150269 -0.03858419880270958
v 0.3778046667575836 1.7053688764572144 -0.04363972321152687
v 0.37638890743255615 1.7286080121994019 -0.04869525134563446
v 0.3739112615585327 1.7527079582214355 -0.053413741290569305
v 0.25498542189598083 1.4841663837432861 -0.028473149985074997
v 0.28046953678131104 1.5104180574417114 -0.032854605466127396
v 0.30382996797561646 1.5362393856048584 -0.03757309541106224
v 0.32435882091522217 1.5620605945587158 -0.04262861981987953
v 0.34134823083877563 1.5870212316513062 -0.04802117869257927
v 0.3551521301269531 1.6115515232086182 -0.05375077575445175
v 0.3661244511604309 1.635221004486084 -0.05981740355491638
v 0.37355732917785645 1.6593208312988281 -0.06588403135538101
v 0.3781586289405823 1.6825600862503052 -0.07228770107030869
v 0.37922045588493347 1.706229567527771 -0.07869136333465576
v 0.3781586289405823 1.7294687032699585 -0.08475799858570099
v 0.3760349452495575 1.7539989948272705 -0.09015055745840073
v 0.37249550223350525 1.7789595127105713 -0.09486904740333557
v 0.27834585309028625 1.5104180574417114 -0.05509891360998154
v 0.3017062842845917 1.5366697311401367 -0.06150257959961891
v 0.3218812048435211 1.5620605945587158 -0.06824328005313873
v 0.3388706147670746 1.5870212316513062 -0.07498397678136826
v 0.35302844643592834 1.6115515232086182 -0.08239874988794327
v 0.3640007972717285 1.6360816955566406 -0.08981352299451828
v 0.3717876076698303 1.6597511768341064 -0.09756532311439514
v 0.37638890743255615 1.6838511228561401 -0.10498009622097015
v 0.3778046667575836 1.7070902585983276 -0.11239486187696457
v 0.3770967721939087 1.7311902046203613 -0.11947260051965714
v 0.3749731183052063 1.7557203769683838 -0.12553922832012177
v 0.3717876076698303 1.7806810140609741 -0.13059476017951965
v 0.36754024028778076 1.8069326877593994 -0.13497620820999146
v 0.295689195394516 1.5366697311401367 -0.08442095667123795
v 0.31551018357276917 1.5624909400939941 -0.09250979870557785
v 0.33249959349632263 1.5878819227218628 -0.1009356752038002
v 0.3466574251651764 1.6124122142791748 -0.109698586165905
v 0.3572758138179779 1.6369423866271973 -0.1184614971280098
v 0.3650626242160797 1.661042332649231 -0.12688736617565155
v 0.3700178563594818 1.685142159461975 -0.13565027713775635
v 0.3717876076698303 1.7092421054840088 -0.14373911917209625
v 0.3710797131061554 1.733341932296753 -0.1514909267425537
v 0.36966392397880554 1.7583025693893433 -0.15823163092136383
v 0.36683234572410583 1.7836934328079224 -0.16396121680736542
v 0.36258500814437866 1.8099451065063477 -0.16867971420288086
v 0.3576297461986542 1.8370574712753296 -0.17171302437782288
v 0.35302844643592834 1.8142486810684204 -0.19934989511966705
v 0.35692185163497925 1.7875666618347168 -0.1946313977241516
v 0.3593994975090027 1.7613149881362915 -0.18856477737426758
v 0.36081525683403015 1.7359240055084229 -0.181487038731575
v 0.36081525683403015 1.7113938331604004 -0.17306116223335266
v 0.35904553532600403 1.6872938871383667 -0.16396121680736542
v 0.35409030318260193 1.6627637147903442 -0.15486127138137817
v 0.3463034927845001 1.6382334232330322 -0.14508725702762604
v 0.3356851041316986 1.6132729053497314 -0.1353132426738739
v 0.3218812048435211 1.5883122682571411 -0.12553922832012177
v 0.3055996894836426 1.562921404838562 -0.11576521396636963
v 0.28613266348838806 1.537100076675415 -0.10632823407649994
v 0.26348012685775757 1.5108484029769897 -0.0972282886505127
v 0.25109201669692993 1.5108484029769897 -0.11745038628578186
v 0.22773157060146332 1.4841663837432861 -0.10700230300426483
v 0.27268272638320923 1.537100076675415 -0.1278984695672989
v 0.2914418578147888 1.5633517503738403 -0.13834655284881592
v 0.3073694109916687 1.5891729593276978 -0.14879465103149414
v 0.32046541571617126 1.6145639419555664 -0.15957976877689362
v 0.3310838043689728 1.6395245790481567 -0.1703648865222931
v 0.3388706147670746 1.6644850969314575 -0.18047593533992767
v 0.3438258767127991 1.6894457340240479 -0.19058698415756226
v 0.3455955982208252 1.7144062519073486 -0.2003609985113144
v 0.34594953060150146 1.7397972345352173 -0.2091239094734192
v 0.34488770365715027 1.7656185626983643 -0.2165386825799942
v 0.3424100875854492 1.7923005819320679 -0.22260530292987823
v 0.33922457695007324 1.8194129467010498 -0.22732380032539368
v 0.3484271466732025 1.8417913913726807 -0.20238320529460907
v 0.35196661949157715 1.8650305271148682 -0.17306116223335266
v 0.34311798214912415 1.8701947927474976 -0.20373134315013885
v 0.3300219774246216 1.8757894039154053 -0.23103117942810059
v 0.3349772095680237 1.8473860025405884 -0.2303571105003357
v 0.1778251826763153 1.4845967292785645 0.18251076340675354
v 0.21569740772247314 2.1133453845977783 0.1383591741323471
v 0.20189352333545685 2.14045786857605 0.1302703320980072
v 0.22242239117622375 2.1124846935272217 0.1178000420331955
v 0.20791059732437134 2.1400275230407715 0.11207044869661331
v 0.22914735972881317 2.1120543479919434 0.0958927646279335
v 0.21392768621444702 2.1400275230407715 0.092185378074646
v 0.23516443371772766 2.1124846935272217 0.07196328043937683
v 0.21923686563968658 2.14045786857605 0.07061514258384705
v 0.24082757532596588 2.1133453845977783 0.046685654670000076
v 0.22419211268424988 2.140888214111328 0.047696761786937714
v 0.2454288750886917 2.114206075668335 0.02073395997285843
v 0.2287934124469757 2.1417489051818848 0.02410431019961834
v 0.21109610795974731 2.1680004596710205 0.02747466042637825
v 0.23233287036418915 2.1430399417877197 0.00017482500697951764
v 0.21463556587696075 2.168861150741577 0.0059044198133051395
v 0.1965843290090561 2.192530632019043 0.010959944687783718
v 0.21746714413166046 2.170152187347412 -0.015665819868445396
v 0.1994158923625946 2.1933913230895996 -0.008588084951043129
v 0.18136464059352875 2.2144787311553955 -0.002521455055102706
v 0.20189352333545685 2.193821668624878 -0.028810184448957443
v 0.183842271566391 2.2144787311553955 -0.020721344277262688
v 0.16579101979732513 2.2329840660095215 -0.013980644755065441
v 0.18561199307441711 2.2144787311553955 -0.03858419880270958
v 0.16826865077018738 2.2316930294036865 -0.030495360493659973
v 0.1700383722782135 2.2304019927978516 -0.044987864792346954
v 0.2953352630138397 1.8318932056427002 0.21823647618293762
v 0.30807730555534363 1.828880786895752 0.18891441822052002
v 0.31834176182746887 1.8271592855453491 0.15689609944820404
v 0.3278982937335968 1.8262985944747925 0.12319260090589523
v 0.32152727246284485 1.8525502681732178 0.121507428586483
v 0.3013523519039154 1.8555628061294556 0.1865551769733429
v 0.31197071075439453 1.8538413047790527 0.15487389266490936
v -0.0348963588476181 1.403689980506897 0.1740848869085312
v -0.0348963588476181 1.430802345275879 0.19059960544109344
v -0.04976208880543709 1.403689980506897 0.1720626801252365
v -0.05188576504588127 1.430802345275879 0.18756628036499023
v -0.06356598436832428 1.403689980506897 0.1683552861213684
v -0.06710544228553772 1.430802345275879 0.182847797870636
v -0.07595409452915192 1.403689980506897 0.16262570023536682
v -0.08126328140497208 1.430802345275879 0.17610709369182587
v -0.08728036284446716 1.403689980506897 0.15622203052043915
v -0.09400533884763718 1.430802345275879 0.1683552861213684
v -0.09789874404668808 1.403689980506897 0.14880725741386414
v -0.10603950172662735 1.430802345275879 0.1602664440870285
v -0.10780923068523407 1.403689980506897 0.14071841537952423
v -0.11701183021068573 1.430802345275879 0.1515035331249237
v -0.1173657774925232 1.403689980506897 0.13195550441741943
v -0.12763020396232605 1.430802345275879 0.14206655323505402
v -0.1262144297361374 1.403689980506897 0.12285556644201279
v -0.13754069805145264 1.430802345275879 0.13195550441741943
v -0.13435518741607666 1.403689980506897 0.11375562101602554
v -0.1467432975769043 1.430802345275879 0.1221814975142479
v -0.141788050532341 1.403689980506897 0.10398160666227341
v -0.1555919498205185 1.4303719997406006 0.11207044869661331
v -0.14886696636676788 1.403689980506897 0.09454462677240372
v -0.1633787602186203 1.4303719997406006 0.10162235796451569
v -0.15523800253868103 1.403689980506897 0.08443357795476913
v -0.17045767605304718 1.4303719997406006 0.09117427468299866
v -0.1605471819639206 1.403689980506897 0.07432252168655396
v -0.17647476494312286 1.4303719997406006 0.08038915693759918
v -0.1644405871629715 1.403689980506897 0.06353740394115448
v -0.0348963588476181 1.4579147100448608 0.2071143090724945
v -0.05365549772977829 1.4579147100448608 0.2027328610420227
v -0.07064490765333176 1.4579147100448608 0.19700326025485992
v -0.08621852844953537 1.4579147100448608 0.1895885020494461
v -0.10037636756896973 1.4579147100448608 0.1808255910873413
v -0.11382631957530975 1.4574843645095825 0.17172564566135406
v -0.1262144297361374 1.4574843645095825 0.16195163130760193
v -0.1378946453332901 1.4574843645095825 0.15184056758880615
v -0.14886696636676788 1.4574843645095825 0.14139248430728912
v -0.15913140773773193 1.4570540189743042 0.13060736656188965
v -0.16868793964385986 1.4570540189743042 0.11982224881649017
v -0.17753659188747406 1.4570540189743042 0.1090371310710907
v -0.18567734956741333 1.4570540189743042 0.09825201332569122
v -0.0348963588476181 1.485457420349121 0.22295495867729187
v -0.05542522668838501 1.485457420349121 0.21789944171905518
v -0.0741843655705452 1.4850270748138428 0.21115873754024506
v -0.09117377549409866 1.4850270748138428 0.2027328610420227
v -0.10674739629030228 1.4845967292785645 0.19295884668827057
v -0.1212591826915741 1.4845967292785645 0.182847797870636
v -0.1350630819797516 1.4841663837432861 0.17239971458911896
v -0.1478051394224167 1.4841663837432861 0.16161459684371948
v -0.15983930230140686 1.4837360382080078 0.15049242973327637
v -0.1711655706167221 1.4837360382080078 0.139033243060112
v -0.18178394436836243 1.4833056926727295 0.12791109085083008
v -0.19134049117565155 1.4833056926727295 0.11645189672708511
v -0.03525030240416527 1.5130001306533813 0.23879560828208923
v -0.05754890292882919 1.5130001306533813 0.232728973031044
v -0.07772382348775864 1.512569785118103 0.225314199924469
v -0.09612901508808136 1.5121394395828247 0.21554018557071686
v -0.11311842501163483 1.5117090940475464 0.20509210228919983
v -0.1290459930896759 1.511278748512268 0.19430698454380035
v -0.1439117193222046 1.5108484029769897 0.18318483233451843
v -0.15771561861038208 1.5104180574417114 0.17138861119747162
v -0.17081162333488464 1.509987711906433 0.1595923751592636
v -0.18284578621387482 1.509987711906433 0.1477961540222168
v -0.19452600181102753 1.5095573663711548 0.13599993288516998
v -0.03560424968600273 1.54097318649292 0.2539621889591217
v -0.05931863188743591 1.5405428409576416 0.24722148478031158
v -0.08126328140497208 1.5401124954223633 0.23879560828208923
v -0.10108426213264465 1.539682149887085 0.2283475250005722
v -0.11913550645112991 1.5388214588165283 0.2172253578901291
v -0.13612490892410278 1.5379607677459717 0.20542913675308228
v -0.15205247700214386 1.537100076675415 0.19363291561603546
v -0.16691821813583374 1.5366697311401367 0.18116262555122375
v -0.1810760498046875 1.53580904006958 0.16869232058525085
v -0.19417205452919006 1.5353785753250122 0.15622203052043915
v -0.035958196967840195 1.5693767070770264 0.2684546709060669
v -0.061442308127880096 1.568946361541748 0.2610399127006531
v -0.08480274677276611 1.5680855512619019 0.251939982175827
v -0.10533161461353302 1.566794514656067 0.2408178150653839
v -0.12479864060878754 1.565503478050232 0.22868455946445465
v -0.1428498923778534 1.5646427869796753 0.2165512889623642
v -0.15983930230140686 1.5633517503738403 0.20374396443367004
v -0.17541292309761047 1.5620605945587158 0.1909366399049759
v -0.19027864933013916 1.5611999034881592 0.1777922660112381
v -0.037020035088062286 1.5982104539871216 0.28193607926368713
v -0.06356598436832428 1.597349762916565 0.2738472521305084
v -0.08798825740814209 1.59605872631073 0.26441025733947754
v -0.10993290692567825 1.5943372249603271 0.2526140511035919
v -0.1301078349351883 1.5926158428192139 0.24014374613761902
v -0.14886696636676788 1.5908944606781006 0.22733642160892487
v -0.16691821813583374 1.5891729593276978 0.21419204771518707
v -0.18355368077754974 1.5874515771865845 0.20071065425872803
v -0.03808187320828438 1.6274745464324951 0.29440638422966003
v -0.06568966060876846 1.6261835098266602 0.28631752729415894
v -0.0908198282122612 1.6244621276855469 0.27620649337768555
v -0.11382631957530975 1.6223102807998657 0.26441025733947754
v -0.13470913469791412 1.6192978620529175 0.25126591324806213
v -0.1545301079750061 1.616715669631958 0.2377845048904419
v -0.1732892394065857 1.614133596420288 0.22430309653282166
v -0.03914371132850647 1.6571691036224365 0.30620259046554565
v -0.06781333684921265 1.6554477214813232 0.2977767288684845
v -0.09400533884763718 1.653295874595642 0.2873286306858063
v -0.1173657774925232 1.6498531103134155 0.2751953899860382
v -0.13931043446063995 1.6464102268218994 0.26171398162841797
v -0.15983930230140686 1.6429673433303833 0.24823258817195892
v -0.04091344028711319 1.6872938871383667 0.31631365418434143
v -0.06993701308965683 1.685142159461975 0.3078877925872803
v -0.09648296236991882 1.6821297407150269 0.29743969440460205
v -0.12090523540973663 1.677826166152954 0.28496938943862915
v -0.14320383965969086 1.673092246055603 0.2714880108833313
v -0.042329225689172745 1.7178491353988647 0.32541361451148987
v -0.07206068933010101 1.7152670621871948 0.3169877231121063
v -0.09931453317403793 1.710963487625122 0.3065396547317505
v -0.12373680621385574 1.7057992219924927 0.2940693497657776
v -0.044098954647779465 1.7484043836593628 0.33316540718078613
v -0.0741843655705452 1.745391845703125 0.3247395157814026
v -0.10143820941448212 1.7402275800704956 0.3146284818649292
v -0.045868683606386185 1.7793898582458496 0.33923202753067017
v -0.07595409452915192 1.7755167484283447 0.3314802348613739
v 0.1572963148355484 2.233844757080078 0.034889429807662964
v 0.17216205596923828 2.213618040084839 0.04971896857023239
v 0.16862259805202484 2.2131876945495605 0.0658966526389122
v 0.1650831252336502 2.2127573490142822 0.08072619140148163
v 0.16154366731643677 2.2118966579437256 0.09454462677240372
v 0.15765026211738586 2.211035966873169 0.10735195130109787
v 0.15375685691833496 2.2101752758026123 0.11881114542484283
v 0.1484476625919342 2.2101752758026123 0.12858515977859497
v 0.14278453588485718 2.2106056213378906 0.13701103627681732
v 0.13641349971294403 2.211035966873169 0.14375174045562744
v 0.13039642572402954 2.201998472213745 0.15757016837596893
v 0.12048593908548355 2.188657522201538 0.1764441281557083
v 0.1063280925154686 2.1731648445129395 0.19767732918262482
v 0.11092939227819443 2.149925470352173 0.21756240725517273
v 0.11553069204092026 2.1253952980041504 0.23677340149879456
v 0.11977804452180862 2.1000044345855713 0.2546362578868866
v 0.12437934428453445 2.0728919506073 0.2714880108833313
v 0.1544647514820099 2.233844757080078 0.04971896857023239
v 0.1512792408466339 2.2334144115448 0.06387443840503693
v 0.1484476625919342 2.232553720474243 0.07701880484819412
v 0.1456160992383957 2.2316930294036865 0.08948910236358643
v 0.14243058860301971 2.2304019927978516 0.10061125457286835
v 0.1395990252494812 2.2286806106567383 0.11105933785438538
v 0.13641349971294403 2.226959228515625 0.12015928328037262
v 0.13358193635940552 2.2248072624206543 0.12824812531471252
v 0.13039642572402954 2.2226555347442627 0.13498882949352264
v 0.12508723139762878 2.217491388320923 0.14476284384727478
v 0.11553069204092026 2.2075932025909424 0.1595923751592636
v 0.10208074748516083 2.1942522525787354 0.17812930047512054
v 0.08438344299793243 2.179189682006836 0.1990254819393158
v 0.08721501380205154 2.156811237335205 0.21992164850234985
v 0.09040052443742752 2.1331417560577393 0.24014374613761902
v 0.09323209524154663 2.1081812381744385 0.2590177059173584
v 0.09641760587692261 2.0819294452667236 0.276543527841568
v 0.12048593908548355 2.229541301727295 0.1333036571741104
v 0.11163728684186935 2.223085880279541 0.14476284384727478
v 0.09854128211736679 2.2127573490142822 0.1602664440870285
v 0.08155187964439392 2.1998467445373535 0.17812930047512054
v 0.06066906079649925 2.1834933757781982 0.1990254819393158
v 0.06243879348039627 2.1615450382232666 0.2209327518939972
v 0.06385457515716553 2.1387362480163574 0.24182891845703125
v 0.06562430411577225 2.1146364212036133 0.2613769471645355
v 0.06739403307437897 2.089245557785034 0.27991387248039246
v 0.10845176875591278 2.2359964847564697 0.13128143548965454
v 0.09570971876382828 2.2286806106567383 0.14375174045562744
v 0.07942820340394974 2.217921733856201 0.15891830623149872
v 0.05960722267627716 2.20328950881958 0.17745523154735565
v 0.03695467859506607 2.1834933757781982 0.1983513981103897
v 0.03695467859506607 2.1628363132476807 0.2209327518939972
v 0.011470568366348743 2.1598236560821533 0.2202586829662323
v 0.037308625876903534 2.140888214111328 0.24250298738479614
v 0.010408730246126652 2.1387362480163574 0.2421659529209137
v 0.037662573158741 2.117218494415283 0.2627250850200653
v 0.010054783895611763 2.1163578033447266 0.2627250850200653
v 0.038370463997125626 2.0926883220672607 0.2815990447998047
v 0.00934689212590456 2.0926883220672607 0.28193607926368713
v -0.33433467149734497 1.8112361431121826 -0.028473149985074997
v -0.33928990364074707 1.8370574712753296 -0.0015103500336408615
v -0.34353727102279663 1.8637394905090332 0.023767275735735893
v -0.34530699253082275 1.8899911642074585 0.04702268913388252
v -0.34424516558647156 1.9140909910202026 0.06825589388608932
v -0.34035176038742065 1.9356087446212769 0.08645578473806381
v -0.3329188823699951 1.9541140794754028 0.10195939242839813
v -0.32265445590019226 1.969606876373291 0.11442968994379044
v -0.3092045187950134 1.9825174808502197 0.12319260090589523
v -0.29646244645118713 1.9812264442443848 0.13869620859622955
v -0.29256904125213623 1.9932763576507568 0.12791109085083008
v -0.28159672021865845 1.981656789779663 0.15318872034549713
v -0.27770331501960754 1.9932763576507568 0.14105544984340668
v -0.2653152048587799 1.984238862991333 0.16700714826583862
v -0.26106783747673035 1.9954280853271484 0.15352575480937958
v -0.24726395308971405 1.9898334741592407 0.17914040386676788
v -0.24301660060882568 2.0010228157043457 0.1646479070186615
v -0.228150874376297 1.9984406232833862 0.190262570977211
v -0.22390352189540863 2.0100603103637695 0.17442192137241364
v -0.20797595381736755 2.010490655899048 0.20003658533096313
v -0.2037286013364792 2.0221102237701416 0.18318483233451843
v -0.18638524413108826 2.0246922969818115 0.20879949629306793
v -0.1821378916501999 2.037172555923462 0.1909366399049759
v -0.1644405871629715 2.0406153202056885 0.21621425449848175
v -0.16019323468208313 2.0539565086364746 0.19734029471874237
v -0.141788050532341 2.058259963989258 0.22261792421340942
v -0.13754069805145264 2.0724616050720215 0.2027328610420227
v -0.11807366460561752 2.0776259899139404 0.2276734560728073
v -0.11418025940656662 2.0926883220672607 0.20745134353637695
v -0.09400533884763718 2.0965614318847656 0.2320549041032791
v -0.09011193364858627 2.1124846935272217 0.2108217030763626
v -0.06887517124414444 2.1120543479919434 0.23576228320598602
v -0.06568966060876846 2.1292686462402344 0.21419204771518707
v -0.04303711652755737 2.1241042613983154 0.2384585738182068
v -0.040559493005275726 2.1426095962524414 0.21688832342624664
v -0.01649116538465023 2.1331417560577393 0.2408178150653839
v -0.01472143642604351 2.1529381275177 0.21891054511070251
v 0.01253240555524826 2.1796200275421143 0.19734029471874237
v 0.03695467859506607 2.2028591632843018 0.17610709369182587
v 0.05854538455605507 2.2209341526031494 0.1572331339120865
v 0.07765846699476242 2.2334144115448 0.14139248430728912
v 0.0935860425233841 2.241591215133667 0.12858515977859497
v -0.2851361930370331 1.9678853750228882 0.16431087255477905
v -0.26885467767715454 1.9704675674438477 0.17914040386676788
v -0.2508034110069275 1.9764925241470337 0.19228477776050568
v -0.2320442795753479 1.9850995540618896 0.20441803336143494
v -0.21186935901641846 1.996719241142273 0.21554018557071686
v -0.19063259661197662 2.010490655899048 0.22497716546058655
v -0.1683340072631836 2.025552988052368 0.2334030419588089
v -0.1456814557313919 2.042767286300659 0.2408178150653839
v -0.12196707725524902 2.0608420372009277 0.2465474158525467
v -0.09754479676485062 2.078486680984497 0.2516029477119446
v -0.07206068933010101 2.0926883220672607 0.25564736127853394
v -0.04551473632454872 2.103877544403076 0.2590177059173584
v -0.017906950786709785 2.1120543479919434 0.2613769471645355
v -0.25398892164230347 1.9609997272491455 0.20441803336143494
v -0.23522979021072388 1.969606876373291 0.21756240725517273
v -0.21505486965179443 1.9807960987091064 0.22935862839221954
v -0.1938181072473526 1.9941370487213135 0.23980671167373657
v -0.17187346518039703 2.009199380874634 0.24924369156360626
v -0.14886696636676788 2.02512264251709 0.25733253359794617
v -0.125152587890625 2.0423367023468018 0.2640732228755951
v -0.10037636756896973 2.0591206550598145 0.26980283856391907
v -0.07453831285238266 2.0724616050720215 0.2745213210582733
v -0.047638412564992905 2.082359790802002 0.2782287001609802
v -0.01932273432612419 2.089245557785034 0.28058794140815735
v -0.23806136846542358 1.952392578125 0.22868455946445465
v -0.21788643300533295 1.963151454925537 0.2414918839931488
v -0.2568204998970032 1.943785548210144 0.21486611664295197
v -0.24018503725528717 1.933026671409607 0.2377845048904419
v -0.27168622612953186 1.9549747705459595 0.18992553651332855
v -0.28832170367240906 1.9519622325897217 0.17442192137241364
v -0.3028334677219391 1.951101541519165 0.15790720283985138
v -0.30000191926956177 1.9674550294876099 0.14880725741386414
v -0.3152215778827667 1.951101541519165 0.14038138091564178
v -0.3123900294303894 1.9678853750228882 0.13195550441741943
v -0.3251320719718933 1.9519622325897217 0.121507428586483
v -0.33468863368034363 1.9338873624801636 0.10768899321556091
v -0.3272557556629181 1.9325963258743286 0.12824812531471252
v -0.3173452615737915 1.9321659803390503 0.14745911955833435
v -0.30495715141296387 1.9325963258743286 0.16599604487419128
v -0.29044535756111145 1.934317708015442 0.18318483233451843
v -0.2741638422012329 1.937760591506958 0.1996995508670807
v -0.2585902214050293 1.9244195222854614 0.22329199314117432
v -0.3357504606246948 1.911939263343811 0.1127445176243782
v -0.3283175826072693 1.9110785722732544 0.13364069163799286
v -0.31876105070114136 1.9115089178085327 0.15352575480937958
v -0.3063729405403137 1.9123696088790894 0.17239971458911896
v -0.29221510887145996 1.914521336555481 0.19059960544109344
v -0.2759335935115814 1.9183945655822754 0.20745134353637695
v -0.3361043930053711 1.8882697820663452 0.11678893864154816
v -0.3290254771709442 1.8882697820663452 0.13802213966846466
v -0.3191149830818176 1.8891304731369019 0.15858127176761627
v -0.3074347674846649 1.8904215097427368 0.1777922660112381
v -0.29327693581581116 1.8930035829544067 0.19599215686321259
v -0.2773493826389313 1.8968768119812012 0.21351797878742218
v -0.2936308979988098 1.869334101676941 0.20037361979484558
v -0.3074347674846649 1.866752028465271 0.18183669447898865
v -0.3194689452648163 1.8646001815795898 0.16228866577148438
v -0.32867154479026794 1.8633091449737549 0.14172951877117157
v -0.3361043930053711 1.8628787994384766 0.12015928328037262
v -0.3410596549510956 1.8633091449737549 0.09724090248346329
v -0.34141358733177185 1.8887001276016235 0.09454462677240372
v -0.3438912034034729 1.8633091449737549 0.07398548722267151
v -0.3445990979671478 1.8891304731369019 0.07128921151161194
v -0.3445990979671478 1.8633091449737549 0.049381934106349945
v -0.3421214818954468 1.8370574712753296 0.025115415453910828
v -0.34353727102279663 1.8370574712753296 0.051067110151052475
v -0.3428293764591217 1.8370574712753296 0.07567066699266434
v -0.339997798204422 1.8370574712753296 0.09960015118122101
v -0.33539649844169617 1.837487816810608 0.1221814975142479
v -0.3283175826072693 1.8383485078811646 0.1440887749195099
v -0.31876105070114136 1.839639663696289 0.1646479070186615
v -0.30708083510398865 1.842221736907959 0.18419593572616577
v -0.3407056927680969 1.8112361431121826 0.02578948438167572
v -0.3421214818954468 1.8112361431121826 0.052078213542699814
v -0.34141358733177185 1.811666488647461 0.07701880484819412
v -0.3389359712600708 1.8120969533920288 0.10061125457286835
v -0.3339807391166687 1.8125272989273071 0.12352963536977768
v -0.32690179347991943 1.813818335533142 0.14543691277503967
v -0.31769922375679016 1.8155397176742554 0.16599604487419128
v -0.3378741443157196 1.8112361431121826 -0.0008362799999304116
v -0.3063729405403137 1.8181219100952148 0.18554407358169556
v -0.3410596549510956 1.9127999544143677 0.09083724021911621
v 0.07659663259983063 2.246755361557007 0.12555184960365295
v 0.05783749371767044 2.2359964847564697 0.139033243060112
v 0.03695467859506607 2.2196431159973145 0.1552109271287918
v 0.013594243675470352 2.197695016860962 0.17442192137241364
v -0.012597760185599327 2.171443223953247 0.19565512239933014
v 0.05748354643583298 2.2489073276519775 0.1221814975142479
v 0.037308625876903534 2.2342751026153564 0.13633696734905243
v 0.015010028146207333 2.213618040084839 0.15318872034549713
v -0.010120137594640255 2.188657522201538 0.1727367490530014
v -0.03737397864460945 2.1602540016174316 0.19363291561603546
v -0.06179625540971756 2.1451916694641113 0.19127367436885834
v -0.0858645811676979 2.127547025680542 0.18857738375663757
v -0.10957896709442139 2.106459617614746 0.18554407358169556
v -0.1329393982887268 2.0845115184783936 0.18183669447898865
v -0.1555919498205185 2.06514573097229 0.1771181970834732
v -0.17753659188747406 2.0475010871887207 0.17138861119747162
v -0.1987733542919159 2.032008409500122 0.16498494148254395
v -0.2193022221326828 2.0195279121398926 0.1572331339120865
v -0.23841530084609985 2.010490655899048 0.1484702229499817
v -0.2564665675163269 2.0048959255218506 0.13869620859622955
v -0.2731020152568817 2.002744197845459 0.12791109085083008
v -0.28761380910873413 2.0031745433807373 0.11611486226320267
v 0.03801651671528816 2.246755361557007 0.11914817988872528
v 0.01607186533510685 2.2278199195861816 0.1339777261018753
v -0.007996462285518646 2.2037198543548584 0.15116649866104126
v -0.034188464283943176 2.1757469177246094 0.17071454226970673
v -0.05825679376721382 2.1598236560821533 0.1683552861213684
v -0.08161722868680954 2.14045786857605 0.16599604487419128
v -0.10497766733169556 2.1185097694396973 0.1632997691631317
v -0.1279841512441635 2.095700740814209 0.1602664440870285
v -0.1506367027759552 2.0750439167022705 0.15622203052043915
v -0.17258134484291077 2.056968927383423 0.1515035331249237
v -0.1938181072473526 2.041045665740967 0.14611098170280457
v -0.2143469750881195 2.028135061264038 0.13937027752399445
v -0.23346006870269775 2.018667221069336 0.13195550441741943
v -0.2515113055706024 2.0130727291107178 0.12352963536977768
v -0.2681467831134796 2.0113513469696045 0.11409265547990799
v -0.28265854716300964 2.012212038040161 0.10364457219839096
v -0.1456814557313919 2.0845115184783936 0.13633696734905243
v -0.1672721654176712 2.0660064220428467 0.13229253888130188
v -0.1888628751039505 2.0496528148651123 0.12757405638694763
v -0.2093917429447174 2.0363118648529053 0.12184446305036545
v -0.22850482165813446 2.026844024658203 0.11544079333543777
v -0.24655607342720032 2.0216798782348633 0.10802602767944336
v -0.2631915211677551 2.019958257675171 0.09993718564510345
v -0.2780572474002838 2.0208191871643066 0.09083724021911621
v -0.1623169183731079 2.074613332748413 0.1134185865521431
v -0.1839076280593872 2.0578296184539795 0.10937416553497314
v -0.2044364959001541 2.044919013977051 0.10431864112615585
v -0.22354957461357117 2.0354511737823486 0.09858904778957367
v -0.24160082638263702 2.0298564434051514 0.09252241253852844
v -0.258236289024353 2.0285654067993164 0.08544468134641647
v -0.2731020152568817 2.029426097869873 0.07802990823984146
v -0.17859843373298645 2.0660064220428467 0.09117427468299866
v -0.19912730157375336 2.053095579147339 0.0871298536658287
v -0.21859432756900787 2.043627977371216 0.08207432925701141
v -0.23664557933807373 2.038463592529297 0.07668177038431168
v -0.2536349892616272 2.037172555923462 0.07061514258384705
v -0.2685007154941559 2.0380332469940186 0.06488554179668427
v -0.15736167132854462 2.0827901363372803 0.09521869570016861
v -0.1407262086868286 2.0935490131378174 0.1171259731054306
v -0.13577096164226532 2.1017258167266846 0.09858904778957367
v -0.11382631957530975 2.123673915863037 0.10128532350063324
v -0.11878155916929245 2.1150667667388916 0.12015928328037262
v -0.12338285893201828 2.1055989265441895 0.1397073119878769
v -0.09612901508808136 2.139596939086914 0.12251853197813034
v -0.10073031485080719 2.1292686462402344 0.14240358769893646
v -0.07347647100687027 2.163266658782959 0.12454073876142502
v -0.07772382348775864 2.152507781982422 0.14476284384727478
v -0.05082392692565918 2.184354066848755 0.12689998745918274
v -0.05436338856816292 2.172734498977661 0.14678505063056946
v -0.028525330126285553 2.201998472213745 0.12925922870635986
v -0.031356897205114365 2.1895182132720947 0.14914429187774658
v -0.005872786045074463 2.216630697250366 0.131618469953537
v 0.017487650737166405 2.2398698329925537 0.11611486226320267
v -0.003749110037460923 2.22825026512146 0.1134185865521431
v -0.025693761184811592 2.2127573490142822 0.11072230339050293
v -0.04728446900844574 2.1942522525787354 0.1083630621433258
v -0.06958306580781937 2.172734498977661 0.10600381344556808
v -0.091881662607193 2.1482040882110596 0.10364457219839096
v -0.2607139050960541 1.8564234972000122 0.237110435962677
v 0.1190701499581337 1.403689980506897 0.1258888840675354
v 0.15304896235466003 1.430802345275879 0.13431476056575775
v 0.1866738349199295 1.4574843645095825 0.1397073119878769
v 0.1965843290090561 1.4574843645095825 0.12622591853141785
v 0.2043711394071579 1.4574843645095825 0.11173340678215027
v 0.21003428101539612 1.4574843645095825 0.09690386801958084
v 0.21534346044063568 1.4574843645095825 0.08106322586536407
v 0.21959081292152405 1.4574843645095825 0.06454850733280182
v 0.130750373005867 1.403689980506897 0.11611486226320267
v 0.164021298289299 1.430802345275879 0.12319260090589523
v 0.17322388291358948 1.430802345275879 0.11105933785438538
v 0.1799488663673401 1.430802345275879 0.09892608225345612
v 0.18490411341190338 1.430802345275879 0.08578171581029892
v 0.1895054131746292 1.430802345275879 0.07230031490325928
v 0.19339881837368011 1.430802345275879 0.05814484506845474
v 0.1406608521938324 1.403689980506897 0.10600381344556808
v 0.1484476625919342 1.403689980506897 0.0958927646279335
v 0.1544647514820099 1.403689980506897 0.08544468134641647
v 0.15871210396289825 1.403689980506897 0.07432252168655396
v 0.16260550916194916 1.403689980506897 0.06320036947727203
v 0.16579101979732513 1.403689980506897 0.051067110151052475
v 0.18596594035625458 2.075904607772827 0.22666233777999878
v 0.1778251826763153 2.1030168533325195 0.21250687539577484
v 0.19375275075435638 2.0965614318847656 0.1996995508670807
v 0.183842271566391 2.123243570327759 0.1865551769733429
v 0.1689765453338623 2.1292686462402344 0.19767732918262482
v 0.17322388291358948 2.148634433746338 0.1727367490530014
v 0.15977394580841064 2.154229164123535 0.1821737289428711
v 0.1817185878753662 2.2157697677612305 -0.07902839779853821
v 0.19870799779891968 2.1985557079315186 -0.07936543226242065
v 0.19304487109184265 2.2011377811431885 -0.09183572977781296
v 0.21392768621444702 2.1787593364715576 -0.09352090209722519
v 0.20649480819702148 2.183062791824341 -0.10733933746814728
v 0.23056314885616302 2.1559505462646484 -0.10936155170202255
v 0.2220684438943863 2.1611146926879883 -0.12486515939235687
v 0.2376420646905899 2.136584520339966 -0.14306505024433136
v 0.21888291835784912 2.175316572189331 -0.07734322547912598
v 0.2358723282814026 2.1516470909118652 -0.09149869531393051
v 0.25286173820495605 2.126255989074707 -0.10599119961261749
v 0.24684466421604156 2.1309900283813477 -0.1258762627840042
v 0.262418270111084 2.104738235473633 -0.14104284346103668
v 0.2525078058242798 2.1107633113861084 -0.15991680324077606
v 0.23834995925426483 2.148634433746338 -0.0709395632147789
v 0.25569331645965576 2.1228132247924805 -0.0834098532795906
v 0.2719748318195343 2.095700740814209 -0.09520608186721802
v 0.2687893211841583 2.1000044345855713 -0.11947260051965714
v 0.2691432535648346 2.0896759033203125 -0.03959530591964722
v 0.2553393542766571 2.1198008060455322 -0.0584692656993866
v 0.27162086963653564 2.0922579765319824 -0.06790624558925629
v 0.3073694109916687 1.5891729593276978 -0.14879465103149414
v 0.3013523519039154 1.6158549785614014 -0.18182407319545746
v 0.32046541571617126 1.6145639419555664 -0.15957976877689362
v 0.31161677837371826 1.64124596118927 -0.19328325986862183
v 0.3310838043689728 1.6395245790481567 -0.1703648865222931
v 0.3190496563911438 1.6666369438171387 -0.2040683776140213
v 0.3388706147670746 1.6644850969314575 -0.18047593533992767
v 0.3240048885345459 1.692458152770996 -0.21451647579669952
v 0.3438258767127991 1.6894457340240479 -0.19058698415756226
v 0.3261285722255707 1.7178491353988647 -0.2246275246143341
v 0.3455955982208252 1.7144062519073486 -0.2003609985113144
v 0.32648250460624695 1.7436704635620117 -0.23372747004032135
v 0.34594953060150146 1.7397972345352173 -0.2091239094734192
v 0.34488770365715027 1.7656185626983643 -0.2165386825799942
v 0.28825634717941284 1.6429673433303833 -0.21384240686893463
v 0.2953352630138397 1.6687886714935303 -0.22496455907821655
v 0.29993656277656555 1.6950403451919556 -0.23574967682361603
v 0.26737353205680847 1.6713708639144897 -0.24316444993019104
v 0.27232876420021057 1.6980527639389038 -0.2539495527744293
v 0.3024141788482666 1.7212920188903809 -0.2458607256412506
v 0.27445244789123535 1.7247347831726074 -0.26439765095710754
v 0.30312207341194153 1.7475436925888062 -0.2552976906299591
v 0.325774610042572 1.769922137260437 -0.24114222824573517
v 0.3424100875854492 1.7923005819320679 -0.22260530292987823
v 0.2425973117351532 1.7281776666641235 -0.27956423163414
v 0.27551427483558655 1.7518471479415894 -0.2734975814819336
v 0.30276811122894287 1.774656057357788 -0.2627124786376953
v 0.3240048885345459 1.797034502029419 -0.2472088634967804
v 0.33922457695007324 1.8194129467010498 -0.22732380032539368
v 0.2436591386795044 1.7557203769683838 -0.2883271276950836
v 0.2751603424549103 1.7793898582458496 -0.2809123694896698
v 0.30099838972091675 1.8021987676620483 -0.26877909898757935
v 0.3208193778991699 1.8250075578689575 -0.25192734599113464
v 0.3349772095680237 1.8473860025405884 -0.2303571105003357
v 0.24401308596134186 1.7836934328079224 -0.2954048812389374
v 0.2740984857082367 1.8073630332946777 -0.2866419553756714
v 0.2985207736492157 1.8306021690368652 -0.27316054701805115
v 0.3172799050807953 1.8534109592437744 -0.2546236217021942
v 0.3300219774246216 1.8757894039154053 -0.23103117942810059
v 0.24330519139766693 1.8125272989273071 -0.3007974326610565
v 0.27232876420021057 1.836196780204773 -0.29068636894226074
v 0.2953352630138397 1.8594359159469604 -0.27551981806755066
v 0.31267860531806946 1.8822447061538696 -0.2552976906299591
v 0.32435882091522217 1.9050536155700684 -0.23002007603645325
v 0.2415354698896408 1.8417913913726807 -0.3045048117637634
v 0.2691432535648346 1.8654608726501465 -0.2927085757255554
v 0.29108789563179016 1.8887001276016235 -0.2758568525314331
v 0.3073694109916687 1.911939263343811 -0.2536125183105469
v 0.3179877996444702 1.9351783990859985 -0.22698676586151123
v 0.23941178619861603 1.8710554838180542 -0.30618998408317566
v 0.26560381054878235 1.8947250843048096 -0.292371541261673
v 0.28648659586906433 1.9183945655822754 -0.2734975814819336
v 0.3013523519039154 1.9420640468597412 -0.24990513920783997
v 0.31055495142936707 1.9653033018112183 -0.22125716507434845
v 0.23622627556324005 1.901180386543274 -0.30551591515541077
v 0.2613564431667328 1.9248498678207397 -0.2896752655506134
v 0.2808234691619873 1.9485194683074951 -0.2691161334514618
v 0.2942734360694885 1.972188949584961 -0.2435014843940735
v 0.3017062842845917 1.9954280853271484 -0.21350537240505219
v 0.2326868176460266 1.9313052892684937 -0.3021455705165863
v 0.25675514340400696 1.9549747705459595 -0.2846197485923767
v 0.27445244789123535 1.9790745973587036 -0.2620384097099304
v 0.28613266348838806 2.0023138523101807 -0.2347385734319687
v 0.2914418578147888 2.02512264251709 -0.20305727422237396
v 0.22843946516513824 1.9614300727844238 -0.2964159846305847
v 0.2507380545139313 1.9855300188064575 -0.2772049903869629
v 0.26666563749313354 2.0087690353393555 -0.25260141491889954
v 0.2762221693992615 2.032008409500122 -0.22327938675880432
v 0.27940768003463745 2.0548171997070312 -0.1902499496936798
v 0.2231302708387375 1.9919853210449219 -0.2883271276950836
v 0.2436591386795044 2.0152244567871094 -0.26675689220428467
v 0.2574630379676819 2.038463592529297 -0.24013112485408783
v 0.2648959159851074 2.0617027282714844 -0.20946094393730164
v 0.2663116753101349 2.083650827407837 -0.17575743794441223
v 0.24684466421604156 2.06772780418396 -0.22496455907821655
v 0.2525078058242798 2.090106248855591 -0.19328325986862183
v 0.2525078058242798 2.1107633113861084 -0.15991680324077606
v 0.23516443371772766 2.0961310863494873 -0.20811280608177185
v 0.23941178619861603 2.117218494415283 -0.17609448730945587
v 0.2376420646905899 2.136584520339966 -0.14306505024433136
v 0.21463556587696075 2.1017258167266846 -0.21957199275493622
v 0.22277632355690002 2.1228132247924805 -0.18957588076591492
v 0.22525395452976227 2.1426095962524414 -0.15755756199359894
v 0.2220684438943863 2.1611146926879883 -0.12486515939235687
v 0.22525395452976227 2.0737526416778564 -0.2377718836069107
v 0.23516443371772766 2.044919013977051 -0.2536125183105469
v 0.2093263864517212 2.050513505935669 -0.2633865475654602
v 0.21675924956798553 2.0216798782348633 -0.2772049903869629
v 0.18101070821285248 2.0548171997070312 -0.27113834023475647
v 0.1877356767654419 2.0259833335876465 -0.2852938175201416
v 0.15269501507282257 2.0552475452423096 -0.27754202485084534
v 0.15871210396289825 2.026844024658203 -0.2920345067977905
v 0.12402539700269699 2.0522348880767822 -0.28259754180908203
v 0.1289806365966797 2.024261951446533 -0.2970900535583496
v 0.09500182420015335 2.0457797050476074 -0.2866419553756714
v 0.09889522939920425 2.018667221069336 -0.3004603981971741
v 0.06597825139760971 2.0363118648529053 -0.2896752655506134
v 0.06951770931482315 2.0100603103637695 -0.3028196394443512
v 0.038370463997125626 2.024261951446533 -0.2927085757255554
v 0.04084808751940727 1.9984406232833862 -0.3051788806915283
v 0.011470568366348743 2.009629726409912 -0.2954048812389374
v 0.013594243675470352 1.9846692085266113 -0.30686405301094055
v -0.014367490075528622 1.9919853210449219 -0.2977641224861145
v -0.012597760185599327 1.9678853750228882 -0.30821219086647034
v -0.03914371132850647 1.9743406772613525 -0.3004603981971741
v -0.03808187320828438 1.951101541519165 -0.3092232942581177
v -0.06356598436832428 1.9584176540374756 -0.3028196394443512
v -0.06285808980464935 1.9360390901565552 -0.31057143211364746
v -0.08728036284446716 1.9446462392807007 -0.3051788806915283
v -0.08657247573137283 1.9226981401443481 -0.3115825355052948
v -0.11028685420751572 1.9325963258743286 -0.30753812193870544
v -0.10993290692567825 1.9115089178085327 -0.312930703163147
v -0.13258545100688934 1.9231284856796265 -0.3092232942581177
v -0.13258545100688934 1.9024714231491089 -0.31360477209091187
v -0.1545301079750061 1.9171035289764404 -0.30989736318588257
v -0.15417616069316864 1.8964464664459229 -0.31360477209091187
v -0.175058975815773 1.8934340476989746 -0.3125936686992645
v -0.15417616069316864 1.874068021774292 -0.3166380822658539
v -0.175058975815773 1.8710554838180542 -0.3152899444103241
v -0.15417616069316864 1.8503985404968262 -0.318997323513031
v -0.17470502853393555 1.8473860025405884 -0.3173121511936188
v -0.15417616069316864 1.8267289400100708 -0.32068249583244324
v -0.17470502853393555 1.8232861757278442 -0.31866028904914856
v -0.15417616069316864 1.803059458732605 -0.32135656476020813
v -0.17470502853393555 1.8000469207763672 -0.318997323513031
v -0.17470502853393555 1.777238130569458 -0.3183232545852661
v -0.19417205452919006 1.7991862297058105 -0.31630104780197144
v -0.1938181072473526 1.7763774394989014 -0.31562697887420654
v -0.21222330629825592 1.7996165752410889 -0.3115825355052948
v -0.211515411734581 1.7768077850341797 -0.31124550104141235
v -0.22885876893997192 1.8009076118469238 -0.304167777299881
v -0.228150874376297 1.7776684761047363 -0.30383074283599854
v -0.2437244951725006 1.8021987676620483 -0.2940567433834076
v -0.24301660060882568 1.7789595127105713 -0.2933826744556427
v -0.2575283944606781 1.80435049533844 -0.28057533502578735
v -0.2564665675163269 1.7806810140609741 -0.2802383005619049
v -0.2695625424385071 1.8060718774795532 -0.26439765095710754
v 0.200477734208107 2.0793473720550537 -0.24687182903289795
v 0.17322388291358948 2.0827901363372803 -0.25428658723831177
v 0.14597004652023315 2.0827901363372803 -0.2603532373905182
v 0.11836226284503937 2.0793473720550537 -0.26574578881263733
v 0.09004657715559006 2.072031259536743 -0.27012723684310913
v 0.06208484619855881 2.0621330738067627 -0.27383461594581604
v 0.03518494963645935 2.0487921237945557 -0.2778790593147278
v 0.008992945775389671 2.033299446105957 -0.28192347288131714
v -0.016137219965457916 2.014794111251831 -0.2859678864479065
v -0.040559493005275726 1.996288776397705 -0.29001230001449585
v -0.0642738789319992 1.979504942893982 -0.29371970891952515
v -0.08798825740814209 1.96487295627594 -0.29742708802223206
v -0.11064080148935318 1.952392578125 -0.30113446712493896
v -0.13329334557056427 1.942494511604309 -0.30383074283599854
v -0.15488405525684357 1.9360390901565552 -0.30551591515541077
v -0.17541292309761047 1.9140909910202026 -0.3095603287220001
v -0.19558784365653992 1.9140909910202026 -0.3078751564025879
v -0.19523389637470245 1.8930035829544067 -0.31057143211364746
v -0.2143469750881195 1.9158124923706055 -0.3045048117637634
v -0.21399302780628204 1.8947250843048096 -0.30686405301094055
v -0.2320442795753479 1.9183945655822754 -0.2977641224861145
v -0.23133638501167297 1.8968768119812012 -0.3001233637332916
v -0.2476179003715515 1.9218374490737915 -0.28799009323120117
v -0.2469100058078766 1.899889349937439 -0.29001230001449585
v -0.26212969422340393 1.9257105588912964 -0.2751827836036682
v -0.261421799659729 1.9033321142196655 -0.27686795592308044
v -0.27380990982055664 1.90720534324646 -0.2610273063182831
v -0.2731020152568817 1.8826751708984375 -0.26237544417381287
v -0.28442829847335815 1.8852572441101074 -0.24316444993019104
v -0.2830125093460083 1.8594359159469604 -0.24417555332183838
v -0.2929230034351349 1.8611574172973633 -0.22193123400211334
v -0.15523800253868103 1.9536837339401245 -0.3001233637332916
v -0.13364729285240173 1.9605693817138672 -0.2977641224861145
v -0.1113486960530281 1.970897912979126 -0.29371970891952515
v -0.08869615197181702 1.9838085174560547 -0.28866416215896606
v -0.06568966060876846 1.9993013143539429 -0.28360864520072937
v -0.042329225689172745 2.0165154933929443 -0.27821609377861023
v -0.0182608962059021 2.0363118648529053 -0.27248647809028625
v 0.006161378230899572 2.055677890777588 -0.26675689220428467
v 0.03129154443740845 2.0724616050720215 -0.2613643407821655
v 0.05748354643583298 2.086233139038086 -0.25630882382392883
v 0.08438344299793243 2.0974223613739014 -0.2515903115272522
v 0.11163728684186935 2.105168581008911 -0.24687182903289795
v 0.1385371834039688 2.1094722747802734 -0.24114222824573517
v 0.16472919285297394 2.1099026203155518 -0.23507560789585114
v 0.1905672401189804 2.1068899631500244 -0.22833490371704102
v -0.15594589710235596 1.969606876373291 -0.2940567433834076
v -0.13435518741607666 1.9764925241470337 -0.2903493344783783
v -0.1124105304479599 1.9872514009475708 -0.2852938175201416
v -0.09011193364858627 2.0010228157043457 -0.2788901627063751
v -0.06710544228553772 2.0169458389282227 -0.27248647809028625
v -0.044098954647779465 2.0354511737823486 -0.2654087543487549
v -0.02109246328473091 2.056108236312866 -0.25799399614334106
v 0.002975864103063941 2.0763349533081055 -0.25057920813560486
v 0.027398137375712395 2.0939793586730957 -0.24383851885795593
v 0.05252830311655998 2.109041929244995 -0.23743484914302826
v 0.07836636155843735 2.121091842651367 -0.23170524835586548
v 0.10455836355686188 2.1296989917755127 -0.2259756624698639
v 0.13039642572402954 2.134432792663574 -0.2202460616827011
v 0.15552659332752228 2.135723829269409 -0.21417944133281708
v 0.18030281364917755 2.1331417560577393 -0.20811280608177185
v 0.2033092975616455 2.1279773712158203 -0.20002396404743195
v 0.20968033373355865 2.1482040882110596 -0.1696908175945282
v 0.2103882133960724 2.1667094230651855 -0.13767248392105103
v 0.20649480819702148 2.183062791824341 -0.10733933746814728
v -0.1566537767648697 1.9833781719207764 -0.28697898983955383
v -0.13541702926158905 1.9906941652297974 -0.2822605073451996
v -0.11347237229347229 2.0023138523101807 -0.2758568525314331
v -0.09152771532535553 2.0165154933929443 -0.26810503005981445
v -0.0692291185259819 2.033299446105957 -0.26001620292663574
v -0.04657657444477081 2.0526652336120605 -0.25125327706336975
v -0.023924032226204872 2.0741829872131348 -0.2421533465385437
v -0.0009175420273095369 2.095700740814209 -0.23305340111255646
v 0.022796839475631714 2.114206075668335 -0.2246275246143341
v 0.047219112515449524 2.130129337310791 -0.2172127515077591
v 0.0719953328371048 2.1430399417877197 -0.21013501286506653
v 0.09712550044059753 2.152507781982422 -0.2040683776140213
v 0.12154777348041534 2.15810227394104 -0.19800175726413727
v 0.1456160992383957 2.1598236560821533 -0.19193512201309204
v 0.16933047771453857 2.1572415828704834 -0.18620553612709045
v 0.1572963148355484 2.180480718612671 -0.16295011341571808
v 0.17817912995815277 2.1761772632598877 -0.15688347816467285
v 0.16543707251548767 2.1972646713256836 -0.13396510481834412
v 0.18207253515720367 2.1929609775543213 -0.127224400639534
v 0.16968442499637604 2.211035966873169 -0.10700230300426483
v 0.1827804297208786 2.2063021659851074 -0.10026160627603531
v 0.17145416140556335 2.2213644981384277 -0.08374688774347305
v 0.1817185878753662 2.2157697677612305 -0.07902839779853821
v 0.17180810868740082 2.2265286445617676 -0.06858031451702118
v -0.15736167132854462 1.9954280853271484 -0.2788901627063751
v -0.13647885620594025 2.0031745433807373 -0.27316054701805115
v -0.11488815397024155 2.0152244567871094 -0.2654087543487549
v -0.09294350445270538 2.0302867889404297 -0.25630882382392883
v -0.07135279476642609 2.047931432723999 -0.2465347945690155
v -0.04905419796705246 2.0681581497192383 -0.23608671128749847
v -0.027109546586871147 2.090536594390869 -0.22496455907821655
v -0.004810947924852371 2.1133453845977783 -0.21384240686893463
v 0.01784159615635872 2.132711410522461 -0.2040683776140213
v 0.04120203107595444 2.1494951248168945 -0.1953054815530777
v 0.06491641700267792 2.163266658782959 -0.1872166395187378
v 0.08898474276065826 2.1735951900482178 -0.18013890087604523
v 0.11199123412370682 2.1800503730773926 -0.17373523116111755
v 0.13499772548675537 2.182202100753784 -0.16800564527511597
v 0.14597004652023315 2.2011377811431885 -0.139020636677742
v 0.15411080420017242 2.215339422225952 -0.11239486187696457
v 0.15906605124473572 2.2265286445617676 -0.08812834322452545
v 0.16189761459827423 2.2329840660095215 -0.06925438344478607
v -0.158423513174057 2.006617307662964 -0.2691161334514618
v -0.1378946453332901 2.014794111251831 -0.2627124786376953
v -0.11665788292884827 2.0272743701934814 -0.2536125183105469
v -0.09506718069314957 2.042767286300659 -0.24316444993019104
v -0.07347647100687027 2.061272382736206 -0.23170524835586548
v -0.05188576504588127 2.0819294452667236 -0.21990902721881866
v -0.030649006366729736 2.1055989265441895 -0.2071017026901245
v -0.009058300405740738 2.1292686462402344 -0.19429436326026917
v 0.01288635190576315 2.1494951248168945 -0.18317221105098724
v 0.03518494963645935 2.167139768600464 -0.17272412776947021
v 0.05783749371767044 2.181771755218506 -0.16396121680736542
v 0.08049003779888153 2.1929609775543213 -0.15620940923690796
v 0.10278863459825516 2.1998467445373535 -0.14946871995925903
v 0.12473329156637192 2.2024288177490234 -0.14373911917209625
v 0.13535167276859283 2.219212770462036 -0.11643928289413452
v 0.1434924304485321 2.23083233833313 -0.09149869531393051
v 0.1495095044374466 2.2385787963867188 -0.07026548683643341
v -0.1594853550195694 2.017376184463501 -0.2576569616794586
v -0.13931043446063995 2.0259833335876465 -0.24990513920783997
v -0.11807366460561752 2.038463592529297 -0.24013112485408783
v -0.09683690965175629 2.0548171997070312 -0.22833490371704102
v -0.07595409452915192 2.073322296142578 -0.21620164811611176
v -0.05471733585000038 2.0948400497436523 -0.20272023975849152
v -0.034188464283943176 2.119370460510254 -0.18856477737426758
v -0.012951705604791641 2.143470287322998 -0.1747463345527649
v 0.00793110765516758 2.1649880409240723 -0.16227604448795319
v 0.029521813616156578 2.183062791824341 -0.15081685781478882
v 0.05146646499633789 2.1985557079315186 -0.14137987792491913
v 0.07305717468261719 2.2101752758026123 -0.13295400142669678
v 0.09429392963647842 2.217491388320923 -0.1258762627840042
v 0.11482279747724533 2.220503807067871 -0.12048370391130447
v 0.1257951259613037 2.2347054481506348 -0.09453201293945312
v 0.1346437782049179 2.2437429428100586 -0.07161363214254379
v -0.16090112924575806 2.0277047157287598 -0.24383851885795593
v -0.1407262086868286 2.0367422103881836 -0.23574967682361603
v -0.1201973408460617 2.0496528148651123 -0.22496455907821655
v -0.09896058589220047 2.0660064220428467 -0.21249425411224365
v -0.07843171805143356 2.084941864013672 -0.19934989511966705
v -0.05790284648537636 2.1068899631500244 -0.18485738337039948
v -0.03737397864460945 2.1318507194519043 -0.1696908175945282
v -0.017199058085680008 2.1563808917999268 -0.15486127138137817
v 0.0033298099879175425 2.1783289909362793 -0.14137987792491913
v 0.02421262487769127 2.1968343257904053 -0.12958365678787231
v 0.04509543627500534 2.2127573490142822 -0.11913556605577469
v 0.06597825139760971 2.2252376079559326 -0.11037265509366989
v 0.08615317195653915 2.2329840660095215 -0.10329491645097733
v 0.10597415268421173 2.2359964847564697 -0.09823939204216003
v 0.11694647371768951 2.2476160526275635 -0.07363583892583847
v -0.16267086565494537 2.0380332469940186 -0.22799786925315857
v -0.1428498923778534 2.0470707416534424 -0.21923495829105377
v -0.12232101708650589 2.059981346130371 -0.20811280608177185
v -0.10143820941448212 2.0763349533081055 -0.19496844708919525
v -0.08090934157371521 2.095700740814209 -0.18115000426769257
v -0.06073441728949547 2.1176488399505615 -0.16632045805454254
v -0.04091344028711319 2.1426095962524414 -0.15047982335090637
v -0.02109246328473091 2.1680004596710205 -0.13497620820999146
v -0.0009175420273095369 2.189948558807373 -0.12082073837518692
v 0.01890343427658081 2.2088842391967773 -0.10868748277425766
v 0.039078354835510254 2.2252376079559326 -0.09756532311439514
v 0.059253279119729996 2.237718105316162 -0.08880241215229034
v 0.07872030884027481 2.24589467048645 -0.08172468096017838
v 0.09818733483552933 2.2489073276519775 -0.07666915655136108
v -0.1821378916501999 2.033299446105957 -0.2347385734319687
v -0.18072211742401123 2.0229709148406982 -0.24990513920783997
v -0.20089703798294067 2.0328691005706787 -0.23878298699855804
v -0.19948124885559082 2.02254056930542 -0.25327548384666443
v -0.21788643300533295 2.0341601371765137 -0.24080519378185272
v -0.21682460606098175 2.024261951446533 -0.25428658723831177
v -0.2320442795753479 2.035881519317627 -0.24147926270961761
v -0.2320442795753479 2.0272743701934814 -0.25327548384666443
v -0.2437244951725006 2.0380332469940186 -0.24080519378185272
v -0.244786337018013 2.030717134475708 -0.24956810474395752
v -0.25221920013427734 2.04018497467041 -0.2384459525346756
v -0.25505077838897705 2.0354511737823486 -0.24383851885795593
v -0.2617757320404053 2.042767286300659 -0.23237933218479156
v -0.2663770318031311 2.0367422103881836 -0.23642374575138092
v -0.27451780438423157 2.0444886684417725 -0.220920130610466
v -0.2791191041469574 2.035881519317627 -0.22429049015045166
v -0.2872598469257355 2.0431976318359375 -0.20507949590682983
v -0.2907993197441101 2.0315780639648438 -0.20811280608177185
v -0.297878235578537 2.0380332469940186 -0.18519441783428192
v -0.3007098138332367 2.0229709148406982 -0.18755367398262024
v -0.30672687292099 2.0277047157287598 -0.16261307895183563
v -0.3092045187950134 2.009199380874634 -0.16429825127124786
v -0.3152215778827667 2.012212038040161 -0.13868360221385956
v -0.3166373670101166 1.9911246299743652 -0.1396947056055069
v -0.322300523519516 1.9928460121154785 -0.1134059727191925
v -0.3233623504638672 1.9691764116287231 -0.11374300718307495
v -0.32867154479026794 1.969606876373291 -0.08644317090511322
v -0.3290254771709442 1.9442158937454224 -0.08644317090511322
v -0.3332728445529938 1.9691764116287231 -0.05981740355491638
v -0.3339807391166687 1.9442158937454224 -0.05914333462715149
v -0.3371662497520447 1.9683157205581665 -0.033865708857774734
v -0.3378741443157196 1.9433552026748657 -0.03251757100224495
v -0.339997798204422 1.9665943384170532 -0.009262154810130596
v -0.3410596549510956 1.942494511604309 -0.007239944767206907
v -0.34247544407844543 1.9644426107406616 0.015004364773631096
v -0.17930632829666138 2.0126423835754395 -0.2627124786376953
v -0.19841940701007843 2.012212038040161 -0.26574578881263733
v -0.2164706587791443 2.0143637657165527 -0.26574578881263733
v -0.2320442795753479 2.0178065299987793 -0.26304951310157776
v -0.24549423158168793 2.02254056930542 -0.2576569616794586
v -0.25717443227767944 2.0289957523345947 -0.24923107028007507
v -0.26991650462150574 2.028135061264038 -0.24080519378185272
v -0.28265854716300964 2.024261951446533 -0.22799786925315857
v -0.29327693581581116 2.0169458389282227 -0.21080908179283142
v -0.3028334677219391 2.005326271057129 -0.18957588076591492
v -0.3106202781200409 1.988972783088684 -0.16564638912677765
v -0.31769922375679016 1.9678853750228882 -0.1403687745332718
v -0.32371628284454346 1.9442158937454224 -0.11374300718307495
v -0.3290254771709442 1.9183945655822754 -0.08610613644123077
v -0.3339807391166687 1.9183945655822754 -0.0584692656993866
v -0.3382280766963959 1.917964220046997 -0.03150646388530731
v -0.178244486451149 2.0023138523101807 -0.27383461594581604
v -0.1977115124464035 2.0018835067749023 -0.2758568525314331
v -0.21576276421546936 2.004035234451294 -0.2751827836036682
v -0.2320442795753479 2.007908344268799 -0.2714753746986389
v -0.24655607342720032 2.013503074645996 -0.26439765095710754
v -0.2592981159687042 2.020388603210449 -0.25428658723831177
v -0.2723941206932068 2.017376184463501 -0.24484962224960327
v -0.28442829847335815 2.010921001434326 -0.23136821389198303
v -0.2950466573238373 2.000162124633789 -0.21316832304000854
v -0.30389532446861267 1.9855300188064575 -0.19126105308532715
v -0.31097424030303955 1.966163992881775 -0.16665750741958618
v -0.31769922375679016 1.9429248571395874 -0.14104284346103668
v -0.3233623504638672 1.917964220046997 -0.1140800416469574
v -0.32867154479026794 1.8917125463485718 -0.08610613644123077
v -0.33362677693367004 1.8917125463485718 -0.057795196771621704
v -0.2607139050960541 2.0100603103637695 -0.25934213399887085
v -0.2741638422012329 2.0044655799865723 -0.24889403581619263
v -0.2858440577983856 1.9949977397918701 -0.2340645045042038
v -0.29610851407051086 1.9812264442443848 -0.21552757918834686
v -0.30424925684928894 1.963151454925537 -0.19260919094085693
v -0.31097424030303955 1.941633701324463 -0.16766861081123352
v -0.3173452615737915 1.9175338745117188 -0.14137987792491913
v -0.32300838828086853 1.8917125463485718 -0.11441707611083984
v -0.32760968804359436 1.8641698360443115 -0.08576910197734833
v -0.26212969422340393 1.9975799322128296 -0.26372358202934265
v -0.2752256989479065 1.988972783088684 -0.2522643804550171
v -0.28655195236206055 1.9764925241470337 -0.23676078021526337
v -0.29610851407051086 1.9597086906433105 -0.2172127515077591
v -0.30389532446861267 1.9394819736480713 -0.19395732879638672
v -0.3106202781200409 1.9162428379058838 -0.16867971420288086
v -0.3166373670101166 1.8908518552780151 -0.14205394685268402
v -0.32194656133651733 1.8641698360443115 -0.11441707611083984
v -0.26283758878707886 1.9825174808502197 -0.26743096113204956
v -0.27557963132858276 1.9713282585144043 -0.25496065616607666
v -0.28655195236206055 1.9558354616165161 -0.23878298699855804
v -0.2957545518875122 1.9368999004364014 -0.21856088936328888
v -0.30318742990493774 1.9149516820907593 -0.19496844708919525
v -0.30991241335868835 1.8899911642074585 -0.16935378313064575
v -0.3155755400657654 1.8637394905090332 -0.14239098131656647
v -0.26283758878707886 1.9657336473464966 -0.2704642713069916
v -0.2752256989479065 1.9515318870544434 -0.25731992721557617
v -0.2858440577983856 1.9338873624801636 -0.24046815931797028
v -0.2950466573238373 1.9127999544143677 -0.21990902721881866
v -0.3024795353412628 1.8891304731369019 -0.1959795504808426
v -0.3084966242313385 1.8633091449737549 -0.17002785205841064
v -0.2486797422170639 1.976922869682312 -0.27956423163414
v -0.24832579493522644 1.9911246299743652 -0.2751827836036682
v -0.2331061214208603 1.9859603643417358 -0.28360864520072937
v -0.23275217413902283 1.9975799322128296 -0.27821609377861023
v -0.21576276421546936 1.9937067031860352 -0.2829345762729645
v -0.19735756516456604 1.9911246299743652 -0.2839456796646118
v -0.17753659188747406 1.9915549755096436 -0.28259754180908203
v -0.21576276421546936 1.9820871353149414 -0.28866416215896606
v -0.2331061214208603 1.972188949584961 -0.2883271276950836
v -0.2486797422170639 1.9605693817138672 -0.2829345762729645
v -0.2624836266040802 1.9467979669570923 -0.27316054701805115
v -0.27487173676490784 1.9300141334533691 -0.25934213399887085
v -0.2851361930370331 1.9102178812026978 -0.24181631207466125
v -0.2939848303794861 1.887408971786499 -0.22125716507434845
v -0.3014177083969116 1.8624484539031982 -0.19699065387248993
v -0.24832579493522644 1.9420640468597412 -0.2859678864479065
v -0.23239822685718536 1.9381909370422363 -0.2954048812389374
v -0.21505486965179443 1.9351783990859985 -0.30180853605270386
v -0.19594179093837738 1.933026671409607 -0.3048418462276459
v -0.17576687037944794 1.933026671409607 -0.3058529496192932
v -0.1761208176612854 1.9502408504486084 -0.3014715015888214
v -0.17647476494312286 1.9657336473464966 -0.29607895016670227
v -0.1771826446056366 1.979504942893982 -0.2896752655506134
v -0.19700363278388977 1.979504942893982 -0.29068636894226074
v -0.21576276421546936 1.9683157205581665 -0.2940567433834076
v -0.23275217413902283 1.9562658071517944 -0.292371541261673
v -0.1966496855020523 1.966163992881775 -0.29607895016670227
v -0.2154088169336319 1.9528229236602783 -0.29810115694999695
v -0.19629573822021484 1.9506711959838867 -0.3007974326610565
v -0.2476179003715515 2.0031745433807373 -0.2704642713069916
v -0.13258545100688934 1.880092978477478 -0.3173121511936188
v -0.13258545100688934 1.8564234972000122 -0.3203454613685608
v -0.13258545100688934 1.8323235511779785 -0.32236766815185547
v -0.1329393982887268 1.8086540699005127 -0.32304173707962036
v -0.1545301079750061 1.7802506685256958 -0.32068249583244324
v -0.1329393982887268 1.7858452796936035 -0.3227047026157379
v -0.1545301079750061 1.7583025693893433 -0.318997323513031
v -0.13329334557056427 1.7634668350219727 -0.3210195302963257
v -0.1545301079750061 1.7372151613235474 -0.315964013338089
v -0.13364729285240173 1.7419490814208984 -0.3183232545852661
v -0.15417616069316864 1.716988444328308 -0.31191959977149963
v -0.13364729285240173 1.7208616733551025 -0.3139418065547943
v -0.1534682661294937 1.6976224184036255 -0.30686405301094055
v -0.13329334557056427 1.7010653018951416 -0.3085492253303528
v -0.10993290692567825 1.8887001276016235 -0.3173121511936188
v -0.08657247573137283 1.899889349937439 -0.31697511672973633
v -0.062150198966264725 1.9123696088790894 -0.31697511672973633
v -0.03737397864460945 1.927001714706421 -0.3166380822658539
v -0.011535922065377235 1.9429248571395874 -0.3166380822658539
v 0.015010028146207333 1.958847999572754 -0.31630104780197144
v 0.042971763759851456 1.9717586040496826 -0.3152899444103241
v 0.0719953328371048 1.9825174808502197 -0.3139418065547943
v 0.1024346873164177 1.9906941652297974 -0.31191959977149963
v 0.1328740417957306 1.9958584308624268 -0.3085492253303528
v 0.16331340372562408 1.9975799322128296 -0.30383074283599854
v 0.19339881837368011 1.996288776397705 -0.29675301909446716
v 0.19800010323524475 1.966163992881775 -0.30551591515541077
v 0.167206808924675 1.9678853750228882 -0.3125936686992645
v 0.13605956733226776 1.966163992881775 -0.3176491856575012
v 0.10491231083869934 1.9618604183197021 -0.32068249583244324
v 0.07376506179571152 1.9541140794754028 -0.32236766815185547
v 0.04438754543662071 1.9442158937454224 -0.3233787715435028
v 0.01607186533510685 1.931735634803772 -0.32371580600738525
v -0.011181975714862347 1.916673183441162 -0.3233787715435028
v -0.037020035088062286 1.901180386543274 -0.32236766815185547
v -0.062150198966264725 1.887408971786499 -0.322030633687973
v -0.08657247573137283 1.875359058380127 -0.32135656476020813
v -0.10993290692567825 1.8646001815795898 -0.3210195302963257
v 0.20153957605361938 1.9360390901565552 -0.3115825355052948
v 0.17039231956005096 1.937760591506958 -0.318997323513031
v 0.1385371834039688 1.9364694356918335 -0.32438987493515015
v 0.10668203979730606 1.9321659803390503 -0.32742318511009216
v 0.07518085092306137 1.925280213356018 -0.32877132296562195
v 0.045449383556842804 1.9158124923706055 -0.32944539189338684
v 0.016425812616944313 1.9041929244995117 -0.32944539189338684
v -0.010828030295670033 1.8899911642074585 -0.32809725403785706
v -0.037020035088062286 1.875359058380127 -0.32674911618232727
v -0.062150198966264725 1.86201810836792 -0.3254009783267975
v -0.08657247573137283 1.8503985404968262 -0.32438987493515015
v -0.11028685420751572 1.8405003547668457 -0.3233787715435028
v 0.20472508668899536 1.905914306640625 -0.3152899444103241
v 0.2072027027606964 1.8757894039154053 -0.3166380822658539
v 0.20897243916988373 1.8460949659347534 -0.31562697887420654
v 0.21003428101539612 1.816400408744812 -0.3122566342353821
v 0.2103882133960724 1.7875666618347168 -0.307201087474823
v 0.21003428101539612 1.7591632604599 -0.3004603981971741
v 0.20861849188804626 1.730759859085083 -0.2916974723339081
v 0.24011968076229095 1.7006349563598633 -0.26945316791534424
v 0.1728699505329132 1.9076356887817383 -0.32304173707962036
v 0.1406608521938324 1.9067749977111816 -0.3284342885017395
v 0.10809782892465591 1.9029017686843872 -0.3314676284790039
v 0.07624268531799316 1.8964464664459229 -0.3328157663345337
v 0.04580333083868027 1.8878393173217773 -0.3334898352622986
v 0.016779758036136627 1.876650094985962 -0.3328157663345337
v -0.010828030295670033 1.8633091449737549 -0.33113059401512146
v -0.037020035088062286 1.84953773021698 -0.32944539189338684
v -0.06250414252281189 1.8370574712753296 -0.32742318511009216
v -0.0869264230132103 1.8258682489395142 -0.3260750472545624
v -0.11028685420751572 1.816400408744812 -0.3247269093990326
v -0.11064080148935318 1.7931612730026245 -0.32438987493515015
v 0.17463967204093933 1.8779412508010864 -0.3247269093990326
v 0.14207664132118225 1.8770804405212402 -0.33011946082115173
v 0.10915966331958771 1.8736376762390137 -0.3334898352622986
v 0.07695057988166809 1.868043065071106 -0.33483797311782837
v 0.04615727439522743 1.8598662614822388 -0.3351750075817108
v 0.016779758036136627 1.84953773021698 -0.3345009386539459
v -0.010828030295670033 1.8370574712753296 -0.33247873187065125
v -0.03737397864460945 1.8241468667984009 -0.33011946082115173
v -0.06285808980464935 1.8125272989273071 -0.32809725403785706
v -0.08728036284446716 1.8021987676620483 -0.3260750472545624
v -0.1113486960530281 1.7703524827957153 -0.32304173707962036
v 0.17605546116828918 1.8478163480758667 -0.32371580600738525
v 0.14278453588485718 1.8473860025405884 -0.3297824263572693
v 0.10951361060142517 1.8443734645843506 -0.33315280079841614
v 0.07695057988166809 1.8392093181610107 -0.3345009386539459
v 0.04615727439522743 1.8318932056427002 -0.33483797311782837
v 0.016425812616944313 1.822425365447998 -0.33382686972618103
v -0.011535922065377235 1.8108057975769043 -0.33180466294288635
v -0.03808187320828438 1.7991862297058105 -0.3291083574295044
v -0.06356598436832428 1.7884273529052734 -0.32674911618232727
v -0.08798825740814209 1.778529167175293 -0.3247269093990326
v -0.08834220468997955 1.7557203769683838 -0.3216935992240906
v -0.11170264333486557 1.7479740381240845 -0.32000842690467834
v -0.11170264333486557 1.7268866300582886 -0.31562697887420654
v 0.1767633557319641 1.8185522556304932 -0.3210195302963257
v 0.1767633557319641 1.78928804397583 -0.31630104780197144
v 0.17605546116828918 1.7604542970657349 -0.3095603287220001
v 0.14313848316669464 1.8181219100952148 -0.3270861506462097
v 0.10986755788326263 1.8155397176742554 -0.3304564952850342
v 0.07695057988166809 1.8108057975769043 -0.3321416974067688
v 0.045449383556842804 1.8039201498031616 -0.33247873187065125
v 0.01607186533510685 1.7957433462142944 -0.3314676284790039
v -0.011889868415892124 1.7849845886230469 -0.32944539189338684
v -0.038789764046669006 1.7742257118225098 -0.3264120817184448
v -0.0642738789319992 1.7647578716278076 -0.3240528404712677
v -0.06462781876325607 1.7415186166763306 -0.32000842690467834
v -0.08869615197181702 1.7337722778320312 -0.3176491856575012
v -0.08905009925365448 1.712254524230957 -0.3122566342353821
v -0.11170264333486557 1.706229567527771 -0.310234397649765
v -0.17435108125209808 1.7552900314331055 -0.3166380822658539
v -0.19346415996551514 1.7544293403625488 -0.3139418065547943
v -0.21116146445274353 1.7548596858978271 -0.3095603287220001
v -0.2270890325307846 1.7552900314331055 -0.30248260498046875
v -0.2419547736644745 1.756150722503662 -0.292371541261673
v -0.17435108125209808 1.7342026233673096 -0.3139418065547943
v -0.1927562803030014 1.733341932296753 -0.31124550104141235
v -0.2104535698890686 1.733341932296753 -0.307201087474823
v -0.22638113796710968 1.7337722778320312 -0.3004603981971741
v -0.17364318668842316 1.7144062519073486 -0.30989736318588257
v -0.19204838573932648 1.713545560836792 -0.3078751564025879
v -0.2093917429447174 1.7131152153015137 -0.30383074283599854
v -0.1909865438938141 1.694179654121399 -0.30315667390823364
v -0.17293529212474823 1.6950403451919556 -0.3048418462276459
v 0.14313848316669464 1.7888576984405518 -0.3227047026157379
v 0.10915966331958771 1.7867059707641602 -0.3264120817184448
v 0.07624268531799316 1.7824023962020874 -0.32809725403785706
v 0.044741492718458176 1.7768077850341797 -0.32877132296562195
v 0.015363973565399647 1.7690614461898804 -0.3277602195739746
v -0.012597760185599327 1.7600239515304565 -0.3254009783267975
v -0.03914371132850647 1.750125765800476 -0.32236766815185547
v -0.0398516021668911 1.7268866300582886 -0.31697511672973633
v -0.06498176604509354 1.7191401720046997 -0.31427884101867676
v -0.013659598305821419 1.7350633144378662 -0.3196713924407959
v 0.01430213637650013 1.7432401180267334 -0.322030633687973
v 0.043679654598236084 1.7496954202651978 -0.32304173707962036
v 0.07518085092306137 1.7548596858978271 -0.32236766815185547
v 0.10845176875591278 1.7583025693893433 -0.3203454613685608
v 0.14207664132118225 1.7604542970657349 -0.31630104780197144
v -0.194879949092865 1.8710554838180542 -0.312930703163147
v -0.21363909542560577 1.8723466396331787 -0.30888625979423523
v -0.23062849044799805 1.874068021774292 -0.30180853605270386
v -0.24620212614536285 1.876650094985962 -0.2916974723339081
v -0.2603599727153778 1.8796626329421997 -0.2785531282424927
v -0.2720401883125305 1.8572841882705688 -0.2633865475654602
v -0.2819506525993347 1.8331842422485352 -0.24484962224960327
v -0.19452600181102753 1.84695565700531 -0.31495290994644165
v -0.21293120086193085 1.848246693611145 -0.31057143211364746
v -0.23027454316616058 1.84953773021698 -0.30315667390823364
v -0.24549423158168793 1.8516895771026611 -0.29304561018943787
v -0.2596520781517029 1.854271650314331 -0.27956423163414
v -0.27097833156585693 1.8310325145721436 -0.2640606164932251
v -0.19417205452919006 1.8228557109832764 -0.315964013338089
v -0.21257725358009338 1.8237165212631226 -0.3115825355052948
v -0.22956666350364685 1.8250075578689575 -0.304167777299881
v -0.244786337018013 1.8267289400100708 -0.29371970891952515
v -0.2585902214050293 1.828880786895752 -0.28057533502578735
v 0.19304487109184265 2.2011377811431885 -0.09183572977781296
v 0.19587643444538116 2.1882271766662598 -0.11812446266412735
v 0.19587643444538116 2.171443223953247 -0.1484576165676117
v 0.19092118740081787 2.1529381275177 -0.1791277974843979
v 0.17180810868740082 1.403689980506897 0.012308085337281227
v 0.20083168148994446 1.430802345275879 -0.0035325600765645504
v 0.22843946516513824 1.4574843645095825 -0.0240916945040226
v 0.2532157003879547 1.4841663837432861 -0.04869525134563446
v 0.27268272638320923 1.5104180574417114 -0.07633212208747864
v 0.17251600325107574 1.403689980506897 -0.0015103500336408615
v 0.20083168148994446 1.430802345275879 -0.020047275349497795
v 0.22666972875595093 1.4574843645095825 -0.04262861981987953
v 0.22171449661254883 1.4574843645095825 -0.061165545135736465
v 0.24790649116039276 1.4841663837432861 -0.06858031451702118
v 0.2142816185951233 1.4574843645095825 -0.07902839779853821
v 0.23941178619861603 1.4841663837432861 -0.08812834322452545
v 0.20366324484348297 1.4574843645095825 -0.09689125418663025
v 0.17216205596923828 1.403689980506897 -0.016002854332327843
v 0.19906194508075714 1.430802345275879 -0.03689902648329735
v 0.19481459259986877 1.430802345275879 -0.053413741290569305
v 0.18808962404727936 1.430802345275879 -0.07026548683643341
v 0.17853307723999023 1.430802345275879 -0.08678020536899567
v 0.17074626684188843 1.403689980506897 -0.03083239495754242
v 0.16685286164283752 1.403689980506897 -0.04599896818399429
v 0.16083577275276184 1.403689980506897 -0.061165545135736465
v 0.1523410826921463 1.403689980506897 -0.07666915655136108
v 0.1601278930902481 2.233844757080078 0.01904878579080105
v 0.14207664132118225 2.250628709793091 0.021745065227150917
v 0.1572963148355484 2.233844757080078 0.034889429807662964
v 0.13924507796764374 2.251059055328369 0.0359005331993103
v 0.1544647514820099 2.233844757080078 0.04971896857023239
v 0.13641349971294403 2.251059055328369 0.0490448996424675
v 0.13393588364124298 2.250628709793091 0.061515193432569504
v 0.11659252643585205 2.264400005340576 0.058818913996219635
v 0.11446885764598846 2.2635393142700195 0.06926699727773666
v 0.09712550044059753 2.2738678455352783 0.06522258371114731
v 0.09570971876382828 2.272146463394165 0.074659563601017
v 0.07836636155843735 2.27860164642334 0.06994107365608215
v 0.07730452716350555 2.27601957321167 0.07836694270372391
v 0.05960722267627716 2.2781713008880615 0.07364845275878906
v 0.05889933183789253 2.2742981910705566 0.08308543264865875
v 0.04049414023756981 2.2717161178588867 0.07870397716760635
v 0.03943230211734772 2.265260696411133 0.09016317129135132
v 0.020319217815995216 2.2579445838928223 0.08611875027418137
v 0.01890343427658081 2.249768018722534 0.1002742201089859
v -0.0016254340298473835 2.237718105316162 0.09690386801958084
v -0.003749110037460923 2.22825026512146 0.1134185865521431
v -0.025693761184811592 2.2127573490142822 0.11072230339050293
v 0.12367144972085953 2.263969659805298 0.02309320494532585
v 0.12119382619857788 2.2648303508758545 0.0359005331993103
v 0.11871620267629623 2.2648303508758545 0.047696761786937714
v 0.09889522939920425 2.274728536605835 0.05578560009598732
v 0.0797821432352066 2.280323028564453 0.06117815896868706
v 0.061023008078336716 2.281183958053589 0.06555961817502975
v 0.041909925639629364 2.27601957321167 0.06926699727773666
v 0.021735001355409622 2.263969659805298 0.07432252168655396
v 0.00014429600560106337 2.245464324951172 0.0827483981847763
v -0.02286219410598278 2.221794843673706 0.09420759230852127
v -0.04728446900844574 2.1942522525787354 0.1083630621433258
v 0.10562020540237427 2.2742981910705566 0.02309320494532585
v 0.10314258188009262 2.2751588821411133 0.03522646427154541
v 0.10101890563964844 2.2751588821411133 0.04567455127835274
v 0.08155187964439392 2.281614303588867 0.05241525173187256
v 0.06243879348039627 2.282905340194702 0.05679670348763466
v 0.042971763759851456 2.27860164642334 0.06084112450480461
v 0.023150786757469177 2.2687034606933594 0.06454850733280182
v 0.0022679721005260944 2.251919746398926 0.07061514258384705
v -0.020384572446346283 2.229541301727295 0.07937805354595184
v -0.044098954647779465 2.2028591632843018 0.0915113091468811
v -0.06568966060876846 2.1813414096832275 0.08881503343582153
v -0.06958306580781937 2.172734498977661 0.10600381344556808
v -0.08763431012630463 2.1563808917999268 0.08645578473806381
v -0.091881662607193 2.1482040882110596 0.10364457219839096
v -0.10957896709442139 2.131420373916626 0.08375950157642365
v -0.11382631957530975 2.123673915863037 0.10128532350063324
v -0.13116967678070068 2.1094722747802734 0.08072619140148163
v -0.13577096164226532 2.1017258167266846 0.09858904778957367
v -0.15240642428398132 2.090536594390869 0.07735583931207657
v -0.15736167132854462 2.0827901363372803 0.09521869570016861
v -0.17364318668842316 2.0741829872131348 0.07398548722267151
v -0.17859843373298645 2.0660064220428467 0.09117427468299866
v -0.19417205452919006 2.061272382736206 0.06994107365608215
v -0.19912730157375336 2.053095579147339 0.0871298536658287
v -0.21363909542560577 2.0522348880767822 0.06555961817502975
v -0.21859432756900787 2.043627977371216 0.08207432925701141
v -0.2320442795753479 2.0470707416534424 0.06084112450480461
v -0.23664557933807373 2.038463592529297 0.07668177038431168
v -0.24903368949890137 2.0457797050476074 0.05578560009598732
v -0.2536349892616272 2.037172555923462 0.07061514258384705
v -0.2685007154941559 2.0380332469940186 0.06488554179668427
v -0.12656837701797485 2.116788148880005 0.06421147286891937
v -0.10533161461353302 2.1387362480163574 0.06724479049444199
v -0.08374090492725372 2.1636970043182373 0.0702781081199646
v -0.062150198966264725 2.188657522201538 0.07331141829490662
v -0.04091344028711319 2.2106056213378906 0.07634473592042923
v -0.017906950786709785 2.2355661392211914 0.0665707215666771
v 0.004037701990455389 2.256223201751709 0.06016705557703972
v 0.024566570296883583 2.2717161178588867 0.05578560009598732
v 0.04438754543662071 2.2807533740997314 0.052078213542699814
v 0.04615727439522743 2.2820446491241455 0.04365234076976776
v 0.06385457515716553 2.284196376800537 0.048370830714702606
v 0.04792700707912445 2.282474994659424 0.034889429807662964
v 0.06562430411577225 2.2846267223358154 0.03927088528871536
v 0.06774798035621643 2.284196376800537 0.029833905398845673
v 0.08332160860300064 2.2820446491241455 0.04297827184200287
v 0.08544528484344482 2.281614303588867 0.033204253762960434
v -0.10108426213264465 2.1451916694641113 0.052078213542699814
v -0.07984749972820282 2.170152187347412 0.05578560009598732
v -0.05896468460559845 2.1946825981140137 0.05915594846010208
v -0.03808187320828438 2.216630697250366 0.06286333501338959
v -0.015429328195750713 2.240300178527832 0.05578560009598732
v 0.005807431880384684 2.2592358589172363 0.051067110151052475
v 0.026336299255490303 2.2738678455352783 0.04702268913388252
v -0.07666198909282684 2.175316572189331 0.042641233652830124
v -0.055779170244932175 2.1998467445373535 0.04702268913388252
v -0.03560424968600273 2.2213644981384277 0.05140414461493492
v -0.01330565195530653 2.2437429428100586 0.046011585742235184
v 0.007577161770313978 2.2618179321289062 0.041630130261182785
v 0.028106030076742172 2.2751588821411133 0.038259778171777725
v -0.033126626163721085 2.2252376079559326 0.04061902314424515
v -0.011181975714862347 2.24589467048645 0.0359005331993103
v 0.009700837545096874 2.263108968734741 0.032193150371313095
v 0.02987576089799404 2.2755892276763916 0.02915983460843563
v 0.03164549171924591 2.2751588821411133 0.019385820254683495
v 0.04969673603773117 2.2820446491241455 0.025452449917793274
v 0.03412311151623726 2.2734375 0.008600699715316296
v 0.05217435956001282 2.2807533740997314 0.01466733030974865
v 0.03695467859506607 2.2712857723236084 -0.003869595006108284
v 0.05500592663884163 2.27860164642334 0.0025340700522065163
v 0.03978624939918518 2.268273115158081 -0.017350995913147926
v 0.058191440999507904 2.2755892276763916 -0.010947329923510551
v 0.043679654598236084 2.2635393142700195 -0.03251757100224495
v 0.061730898916721344 2.2712857723236084 -0.025776870548725128
v 0.04792700707912445 2.2570838928222656 -0.0497063547372818
v 0.06668614596128464 2.2648303508758545 -0.04262861981987953
v 0.07234928011894226 2.256223201751709 -0.061165545135736465
v 0.08509133756160736 2.268273115158081 -0.03791012987494469
v 0.09110841900110245 2.2596662044525146 -0.05644705519080162
v 0.10314258188009262 2.2665517330169678 -0.035550884902477264
v 0.10951361060142517 2.2579445838928223 -0.05375077575445175
v 0.12083987891674042 2.261387586593628 -0.03521385043859482
v 0.12721091508865356 2.253641128540039 -0.05307670682668686
v 0.14313848316669464 2.246755361557007 -0.05307670682668686
v 0.1495095044374466 2.2385787963867188 -0.07026548683643341
v 0.16189761459827423 2.2329840660095215 -0.06925438344478607
v 0.1346437782049179 2.2437429428100586 -0.07161363214254379
v 0.11694647371768951 2.2476160526275635 -0.07363583892583847
v 0.09818733483552933 2.2489073276519775 -0.07666915655136108
v 0.07872030884027481 2.24589467048645 -0.08172468096017838
v 0.05323619768023491 2.248476982116699 -0.06824328005313873
v 0.029167868196964264 2.244173288345337 -0.05880630016326904
v 0.024920515716075897 2.251059055328369 -0.04161751642823219
v 0.021735001355409622 2.2557928562164307 -0.026113905012607574
v 0.018549488857388496 2.2592358589172363 -0.01195843517780304
v 0.01607186533510685 2.2618179321289062 0.0008488949970342219
v 0.013594243675470352 2.263108968734741 0.012308085337281227
v 0.011470568366348743 2.2635393142700195 0.022756170481443405
v -0.009058300405740738 2.2476160526275635 0.025452449917793274
v -0.030649006366729736 2.2278199195861816 0.029833905398845673
v -0.05011603608727455 2.2067325115203857 0.023430239409208298
v -0.05294760316610336 2.2037198543548584 0.03522646427154541
v -0.07347647100687027 2.1796200275421143 0.029833905398845673
v -0.09754479676485062 2.151216745376587 0.03792274370789528
v -0.12232101708650589 2.123673915863037 0.048370830714702606
v -0.1478051394224167 2.0978527069091797 0.060504090040922165
v 0.059253279119729996 2.237718105316162 -0.08880241215229034
v 0.033769164234399796 2.2355661392211914 -0.07734322547912598
v 0.010054783895611763 2.2278199195861816 -0.06959141790866852
v 0.006515324115753174 2.2347054481506348 -0.05240263417363167
v 0.002975864103063941 2.2394394874572754 -0.03622495383024216
v 0.00014429600560106337 2.2433125972747803 -0.021732449531555176
v -0.00233332603238523 2.24589467048645 -0.007914015091955662
v -0.004810947924852371 2.2476160526275635 0.0042192451655864716
v -0.0069346241652965546 2.248046398162842 0.015341400168836117
v -0.02817138470709324 2.2291109561920166 0.018711749464273453
v -0.047638412564992905 2.208453893661499 0.011296980082988739
v -0.06710544228553772 2.184784412384033 0.0032081399112939835
v -0.0702909603714943 2.183062791824341 0.016689540818333626
v -0.09046588093042374 2.159393310546875 0.010285874828696251
v -0.09400533884763718 2.1559505462646484 0.024441344663500786
v -0.11453420668840408 2.135293483734131 0.01904878579080105
v -0.11842761188745499 2.130129337310791 0.03354128822684288
v -0.1350630819797516 2.1176488399505615 0.013656225055456161
v -0.13931043446063995 2.1120543479919434 0.02915983460843563
v -0.15594589710235596 2.103447198867798 0.008600699715316296
v -0.15983930230140686 2.096992015838623 0.024441344663500786
v -0.1761208176612854 2.0922579765319824 0.0035451750736683607
v -0.18036817014217377 2.08537220954895 0.020059889182448387
v -0.19594179093837738 2.084941864013672 -0.001173314987681806
v -0.19983519613742828 2.077195644378662 0.015678435564041138
v -0.21470092236995697 2.081068754196167 -0.005891805049031973
v -0.21894827485084534 2.073322296142578 0.011634014546871185
v -0.2331061214208603 2.081068754196167 -0.009936224669218063
v -0.2369995266199112 2.0728919506073 0.007589594926685095
v -0.2536349892616272 2.0737526416778564 0.0038822100032120943
v -0.25717443227767944 2.0647153854370117 0.020396925508975983
v -0.2720401883125305 2.0647153854370117 0.017700644209980965
v -0.27487173676490784 2.055677890777588 0.03286721929907799
v -0.2872598469257355 2.055677890777588 0.030507974326610565
v -0.289029598236084 2.047931432723999 0.043315306305885315
v -0.297878235578537 2.0483617782592773 0.04061902314424515
v -0.3053111135959625 2.044919013977051 0.04365234076976776
v -0.31203606724739075 2.038893938064575 0.04735972359776497
v -0.31805315613746643 2.030717134475708 0.05241525173187256
v -0.3240702450275421 2.020388603210449 0.05814484506845474
v -0.3290254771709442 2.007908344268799 0.06454850733280182
v 0.039078354835510254 2.2252376079559326 -0.09756532311439514
v 0.01430213637650013 2.219212770462036 -0.0884653776884079
v -0.009058300405740738 2.208453893661499 -0.08239874988794327
v -0.012243813835084438 2.215339422225952 -0.06453589349985123
v -0.015429328195750713 2.220503807067871 -0.04802117869257927
v -0.0182608962059021 2.2248072624206543 -0.03251757100224495
v -0.02109246328473091 2.2273895740509033 -0.01802506484091282
v -0.023570086807012558 2.2291109561920166 -0.004880699794739485
v -0.025693761184811592 2.229541301727295 0.007252559997141361
v -0.04480684548616409 2.2088842391967773 -0.0015103500336408615
v -0.0642738789319992 2.18564510345459 -0.010610295459628105
v -0.08728036284446716 2.1615450382232666 -0.004543664865195751
v -0.1074552908539772 2.1413185596466064 -0.012295469641685486
v -0.11099474877119064 2.1391665935516357 0.0038822100032120943
v -0.12763020396232605 2.1245346069335938 -0.019373204559087753
v -0.13116967678070068 2.121952533721924 -0.002521455055102706
v -0.14815907180309296 2.1107633113861084 -0.02645093947649002
v -0.1516985446214676 2.10775089263916 -0.008588084951043129
v -0.1683340072631836 2.1000044345855713 -0.03319163993000984
v -0.1722274124622345 2.096992015838623 -0.014317680150270462
v -0.18815498054027557 2.093118667602539 -0.038921233266592026
v -0.191694438457489 2.090106248855591 -0.01971024088561535
v -0.20726805925369263 2.0896759033203125 -0.043976761400699615
v -0.21116146445274353 2.0866634845733643 -0.024428730830550194
v -0.22602719068527222 2.090106248855591 -0.04869525134563446
v -0.22956666350364685 2.0866634845733643 -0.028473149985074997
v -0.2437244951725006 2.091397285461426 -0.05240263417363167
v -0.24726395308971405 2.087954521179199 -0.0321805365383625
v -0.26000601053237915 2.091827630996704 -0.05577298626303673
v -0.2631915211677551 2.087954521179199 -0.03521385043859482
v -0.27451780438423157 2.090536594390869 -0.05813223123550415
v -0.2773493826389313 2.0870938301086426 -0.03757309541106224
v -0.2872598469257355 2.087954521179199 -0.06015444174408913
v -0.2900914251804352 2.084941864013672 -0.038921233266592026
v -0.2985861301422119 2.083650827407837 -0.06150257959961891
v -0.3014177083969116 2.0802080631256104 -0.03993234038352966
v -0.3077887296676636 2.075474262237549 -0.062176648527383804
v -0.3106202781200409 2.0728919506073 -0.04026937484741211
v -0.3155755400657654 2.0647153854370117 -0.06251368671655655
v -0.3184071183204651 2.0621330738067627 -0.03993234038352966
v -0.32159262895584106 2.050513505935669 -0.06251368671655655
v -0.3244241774082184 2.047931432723999 -0.03925827145576477
v -0.32583996653556824 2.033299446105957 -0.06183961406350136
v -0.32937943935394287 2.0315780639648438 -0.03791012987494469
v -0.32937943935394287 2.0143637657165527 -0.061165545135736465
v -0.3329188823699951 2.0126423835754395 -0.03689902648329735
v -0.3318570554256439 1.9928460121154785 -0.06049147620797157
v -0.33539649844169617 1.9915549755096436 -0.035550884902477264
v -0.2504494786262512 2.082359790802002 -0.013306574895977974
v -0.26602309942245483 2.082359790802002 -0.016339890658855438
v -0.2801809310913086 2.0814990997314453 -0.018362099304795265
v -0.29256904125213623 2.0793473720550537 -0.019373204559087753
v -0.303541362285614 2.0750439167022705 -0.020047275349497795
v -0.31309792399406433 2.06772780418396 -0.01971024088561535
v -0.32088473439216614 2.057399272918701 -0.019036170095205307
v -0.32690179347991943 2.044058322906494 -0.017350995913147926
v -0.3318570554256439 2.028135061264038 -0.01532878540456295
v -0.3357504606246948 2.0100603103637695 -0.013306574895977974
v -0.3382280766963959 1.9894031286239624 -0.011284365318715572
v -0.26885467767715454 2.0741829872131348 0.0015229650307446718
v -0.28265854716300964 2.073322296142578 -0.0004992450121790171
v -0.2950466573238373 2.071600914001465 -0.001173314987681806
v -0.3056650459766388 2.06772780418396 -0.0015103500336408615
v -0.31486764550209045 2.0608420372009277 -0.0008362799999304116
v -0.32265445590019226 2.0513741970062256 0.0008488949970342219
v -0.32867154479026794 2.038893938064575 0.0032081399112939835
v -0.33362677693367004 2.023831605911255 0.0062414552085101604
v -0.33752018213272095 2.0061869621276855 0.008937735110521317
v -0.3407056927680969 1.9863907098770142 0.011971049942076206
v -0.2851361930370331 2.0642850399017334 0.015678435564041138
v -0.297878235578537 2.0552475452423096 0.028822800144553185
v -0.30672687292099 2.051804542541504 0.030507974326610565
v -0.3145136833190918 2.0457797050476074 0.03286721929907799
v -0.32159262895584106 2.0376029014587402 0.036574605852365494
v -0.32760968804359436 2.026413679122925 0.04095606133341789
v -0.33256494998931885 2.0130727291107178 0.046011585742235184
v -0.336812287569046 1.9975799322128296 0.05073007568717003
v -0.2968164086341858 2.0629937648773193 0.015004364773631096
v -0.30672687292099 2.0595510005950928 0.015341400168836117
v -0.3155755400657654 2.0535261631011963 0.017026575282216072
v -0.32300838828086853 2.0444886684417725 0.019385820254683495
v -0.3290254771709442 2.0328691005706787 0.022756170481443405
v -0.3339807391166687 2.018667221069336 0.02680058963596821
v -0.3382280766963959 2.0018835067749023 0.030507974326610565
v -0.3410596549510956 1.982947826385498 0.03421536087989807
v -0.14355778694152832 2.105168581008911 0.044326409697532654
v -0.16904188692569733 2.0819294452667236 0.05679670348763466
v -0.18957075476646423 2.0694491863250732 0.05308932065963745
v -0.20903779566287994 2.0604116916656494 0.04870786517858505
v -0.1644405871629715 2.0896759033203125 0.04061902314424515
v -0.1849694550037384 2.077195644378662 0.03623757138848305
v -0.2044364959001541 2.069018840789795 0.032193150371313095
v -0.22284168004989624 2.0642850399017334 0.028148729354143143
v -0.24053898453712463 2.063854455947876 0.02410431019961834
v -0.244786337018013 2.0548171997070312 0.039944954216480255
v -0.2607139050960541 2.055677890777588 0.0359005331993103
v -0.264607310295105 2.046640396118164 0.05073007568717003
v -0.2780572474002838 2.0475010871887207 0.046685654670000076
v -0.2808888256549835 2.038893938064575 0.05915594846010208
v -0.2907993197441101 2.0406153202056885 0.054437458515167236
v -0.32760968804359436 1.9932763576507568 -0.08678020536899567
v -0.3205307722091675 2.0139334201812744 -0.11306893825531006
v -0.3123900294303894 2.0311474800109863 -0.13767248392105103
v -0.303541362285614 2.043627977371216 -0.1609279066324234
v -0.2936308979988098 2.0509438514709473 -0.1828351765871048
v -0.28159672021865845 2.0522348880767822 -0.20204617083072662
v -0.2681467831134796 2.050513505935669 -0.2172127515077591
v -0.2564665675163269 2.046640396118164 -0.22799786925315857
v -0.24655607342720032 2.0457797050476074 -0.22799786925315857
v -0.2437244951725006 2.0380332469940186 -0.24080519378185272
v -0.23452189564704895 2.044919013977051 -0.22698676586151123
v -0.2320442795753479 2.035881519317627 -0.24147926270961761
v -0.21965616941452026 2.044058322906494 -0.22496455907821655
v -0.21788643300533295 2.0341601371765137 -0.24080519378185272
v -0.2026667594909668 2.042767286300659 -0.22193123400211334
v -0.20089703798294067 2.0328691005706787 -0.23878298699855804
v -0.1821378916501999 2.033299446105957 -0.2347385734319687
v -0.3251320719718933 2.014794111251831 -0.08678020536899567
v -0.3173452615737915 2.033299446105957 -0.11239486187696457
v -0.30885055661201477 2.047931432723999 -0.13632434606552124
v -0.2989400625228882 2.057399272918701 -0.15890569984912872
v -0.2872598469257355 2.0604116916656494 -0.18013890087604523
v -0.2741638422012329 2.058690309524536 -0.1990128606557846
v -0.2607139050960541 2.0539565086364746 -0.21384240686893463
v -0.2497415840625763 2.054386854171753 -0.21249425411224365
v -0.2369995266199112 2.054386854171753 -0.21013501286506653
v -0.22177985310554504 2.0539565086364746 -0.2071017026901245
v -0.20479044318199158 2.0526652336120605 -0.20373134315013885
v -0.1860312968492508 2.0535261631011963 -0.19833879172801971
v -0.1839076280593872 2.043627977371216 -0.21754978597164154
v -0.16479453444480896 2.0483617782592773 -0.21047204732894897
v -0.16267086565494537 2.0380332469940186 -0.22799786925315857
v -0.1428498923778534 2.0470707416534424 -0.21923495829105377
v -0.32194656133651733 2.0341601371765137 -0.08678020536899567
v -0.3134518563747406 2.050513505935669 -0.11172079294919968
v -0.30389532446861267 2.0617027282714844 -0.13497620820999146
v -0.29221510887145996 2.06772780418396 -0.15688347816467285
v -0.2791191041469574 2.0672974586486816 -0.1777796596288681
v -0.26496127247810364 2.0621330738067627 -0.19631658494472504
v -0.25328102707862854 2.0634241104125977 -0.19395732879638672
v -0.2398310899734497 2.063854455947876 -0.1909240186214447
v -0.22461141645908356 2.0634241104125977 -0.1872166395187378
v -0.20691411197185516 2.062563419342041 -0.18317221105098724
v -0.18850892782211304 2.0629937648773193 -0.1777796596288681
v -0.16904188692569733 2.0672974586486816 -0.1703648865222931
v -0.16691821813583374 2.0578296184539795 -0.19126105308532715
v -0.1495748609304428 2.075474262237549 -0.16126494109630585
v -0.14709724485874176 2.066436767578125 -0.18182407319545746
v -0.12939994037151337 2.087954521179199 -0.14980575442314148
v -0.12692232429981232 2.0789170265197754 -0.1703648865222931
v -0.10887107253074646 2.103447198867798 -0.13699841499328613
v -0.10639344900846481 2.0948400497436523 -0.1572205126285553
v -0.08905009925365448 2.121952533721924 -0.12351702153682709
v -0.08621852844953537 2.114206075668335 -0.14306505024433136
v -0.06958306580781937 2.143470287322998 -0.1090245172381401
v -0.06675149500370026 2.1361541748046875 -0.12823550403118134
v -0.05011603608727455 2.168430805206299 -0.09352090209722519
v -0.04728446900844574 2.1611146926879883 -0.11205782741308212
v -0.031356897205114365 2.1933913230895996 -0.07835432887077332
v -0.02817138470709324 2.186075448989868 -0.0965542197227478
v -0.053301550447940826 2.1744558811187744 -0.0753210186958313
v -0.07241463661193848 2.150355815887451 -0.08981352299451828
v -0.05613311752676964 2.179189682006836 -0.05745815858244896
v -0.07524619996547699 2.15552020072937 -0.0709395632147789
v -0.05896468460559845 2.1826324462890625 -0.040943443775177
v -0.0780777707695961 2.159393310546875 -0.05307670682668686
v -0.061442308127880096 2.184784412384033 -0.025102799758315086
v -0.08090934157371521 2.1615450382232666 -0.03588791936635971
v -0.08409485220909119 2.1624059677124023 -0.020047275349497795
v -0.10391582548618317 2.142179250717163 -0.028810184448957443
v -0.1240907534956932 2.1253952980041504 -0.037236060947179794
v -0.14426566660404205 2.111624002456665 -0.0453248992562294
v -0.16479453444480896 2.1012954711914062 -0.052739668637514114
v -0.18426157534122467 2.094409704208374 -0.059480369091033936
v -0.2037286013364792 2.0909669399261475 -0.06520996242761612
v -0.22248773276805878 2.091397285461426 -0.06992845237255096
v -0.24053898453712463 2.0926883220672607 -0.07430990785360336
v -0.2568204998970032 2.0926883220672607 -0.07768025994300842
v -0.2713322937488556 2.091827630996704 -0.08037654310464859
v -0.2840743362903595 2.089245557785034 -0.08273578435182571
v -0.29540061950683594 2.0845115184783936 -0.08442095667123795
v -0.25328102707862854 2.091827630996704 -0.10026160627603531
v -0.23735347390174866 2.091397285461426 -0.0965542197227478
v -0.2193022221326828 2.090106248855591 -0.0921727642416954
v -0.20018914341926575 2.0896759033203125 -0.08711723983287811
v -0.1810760498046875 2.093118667602539 -0.08071357756853104
v -0.16125507652759552 2.1000044345855713 -0.07329880446195602
v -0.14108015596866608 2.11033296585083 -0.06487292796373367
v -0.12090523540973663 2.1245346069335938 -0.05577298626303673
v -0.10073031485080719 2.1413185596466064 -0.04633600637316704
v -0.23381401598453522 2.087954521179199 -0.11947260051965714
v -0.21611671149730682 2.0866634845733643 -0.11475411057472229
v -0.19700363278388977 2.086233139038086 -0.10936155170202255
v -0.17789053916931152 2.0896759033203125 -0.10262084752321243
v -0.15806956589221954 2.096992015838623 -0.09453201293945312
v -0.1378946453332901 2.10775089263916 -0.08543206751346588
v -0.11771972477436066 2.1215221881866455 -0.0753210186958313
v -0.09754479676485062 2.1387362480163574 -0.06453589349985123
v -0.21293120086193085 2.0806384086608887 -0.13767248392105103
v -0.19417205452919006 2.0806384086608887 -0.13194289803504944
v -0.1909865438938141 2.0724616050720215 -0.15519830584526062
v -0.17187346518039703 2.0763349533081055 -0.14812058210372925
v -0.15205247700214386 2.0840811729431152 -0.139020636677742
v -0.13187755644321442 2.095700740814209 -0.12823550403118134
v -0.11170264333486557 2.1107633113861084 -0.11610224843025208
v -0.091881662607193 2.128838062286377 -0.10329491645097733
v -0.20974567532539368 2.072031259536743 -0.1609279066324234
v -0.22744297981262207 2.073322296142578 -0.1653093546628952
v -0.24337054789066315 2.073322296142578 -0.1690167486667633
v -0.25717443227767944 2.0724616050720215 -0.17238709330558777
v -0.2692086100578308 2.070740222930908 -0.17508336901664734
v -0.2837204039096832 2.074613332748413 -0.15452423691749573
v -0.2968164086341858 2.0724616050720215 -0.13329103589057922
v -0.30814266204833984 2.0647153854370117 -0.11070968955755234
v -0.31769922375679016 2.0509438514709473 -0.08678020536899567
v -0.23062849044799805 2.0819294452667236 -0.14205394685268402
v -0.24655607342720032 2.0819294452667236 -0.14609836041927338
v -0.2607139050960541 2.081068754196167 -0.14946871995925903
v -0.264607310295105 2.0870938301086426 -0.1265503317117691
v -0.2769954204559326 2.0845115184783936 -0.12924662232398987
v -0.2808888256549835 2.087954521179199 -0.10599119961261749
v -0.2918611466884613 2.083650827407837 -0.10801340639591217
v -0.3046032190322876 2.076765298843384 -0.08543206751346588
v -0.31203606724739075 2.0655760765075684 -0.08644317090511322
v -0.30106374621391296 2.075474262237549 -0.109698586165905
v -0.2879677414894104 2.0802080631256104 -0.13126882910728455
v -0.2731020152568817 2.0789170265197754 -0.1521649956703186
v -0.14497356116771698 2.056968927383423 -0.20137210190296173
v -0.12232101708650589 2.059981346130371 -0.20811280608177185
v -0.12444469332695007 2.0698795318603516 -0.18957588076591492
v -0.10143820941448212 2.0763349533081055 -0.19496844708919525
v -0.10391582548618317 2.086233139038086 -0.17643152177333832
v -0.08090934157371521 2.095700740814209 -0.18115000426769257
v -0.08374090492725372 2.105168581008911 -0.16227604448795319
v -0.06073441728949547 2.1176488399505615 -0.16632045805454254
v -0.06356598436832428 2.127547025680542 -0.14744649827480316
v -0.04091344028711319 2.1426095962524414 -0.15047982335090637
v -0.044098954647779465 2.152507781982422 -0.13126882910728455
v -0.02109246328473091 2.1680004596710205 -0.13497620820999146
v -0.02463192492723465 2.177898645401001 -0.11542817950248718
v -0.0009175420273095369 2.189948558807373 -0.12082073837518692
v -0.005164893809705973 2.1998467445373535 -0.10127270966768265
v 0.01890343427658081 2.2088842391967773 -0.10868748277425766
v -0.26779282093048096 2.090536594390869 -0.10363195836544037
v -0.25009551644325256 2.087954521179199 -0.12317998707294464
v -0.0947132334113121 2.1348631381988525 -0.0834098532795906
v -0.11453420668840408 2.117218494415283 -0.09520608186721802
v -0.13470913469791412 2.102586507797241 -0.10632823407649994
v -0.15488405525684357 2.091827630996704 -0.11643928289413452
v -0.17470502853393555 2.0840811729431152 -0.12486515939235687
v 0.07022560387849808 2.2833356857299805 0.01904878579080105
v 0.07305717468261719 2.281183958053589 0.006915525067597628
v 0.08792290091514587 2.2807533740997314 0.021745065227150917
v 0.09075447171926498 2.279031991958618 0.009611804969608784
v 0.07624268531799316 2.27860164642334 -0.00656587490811944
v 0.09393998235464096 2.2764499187469482 -0.004206629935652018
v 0.09783339500427246 2.2725768089294434 -0.019036170095205307
v 0.11163728684186935 2.2704250812530518 -0.003869595006108284
v 0.11588463932275772 2.266982078552246 -0.019036170095205307
v 0.12968853116035461 2.2609572410583496 -0.005217735189944506
v 0.13322798907756805 2.2579445838928223 -0.020721344277262688
v 0.14773978292942047 2.248476982116699 -0.008588084951043129
v 0.15092529356479645 2.2463250160217285 -0.024428730830550194
v 0.16579101979732513 2.2329840660095215 -0.013980644755065441
v 0.16826865077018738 2.2316930294036865 -0.030495360493659973
v 0.1700383722782135 2.2304019927978516 -0.044987864792346954
v 0.15411080420017242 2.2433125972747803 -0.03993234038352966
v 0.13782928884029388 2.2532107830047607 -0.03689902648329735
v 0.1711002141237259 2.2286806106567383 -0.05745815858244896
v 0.15800420939922333 2.2385787963867188 -0.05476187914609909
v 0.17180810868740082 2.2265286445617676 -0.06858031451702118
v 0.017487650737166405 2.2398698329925537 0.11611486226320267
v 0.03872441127896309 2.2570838928222656 0.10364457219839096
v 0.058191440999507904 2.2678427696228027 0.09420759230852127
v 0.07624268531799316 2.272146463394165 0.08746688812971115
v 0.09393998235464096 2.269564151763916 0.0834224671125412
v 0.11234518140554428 2.2618179321289062 0.07937805354595184
v 0.13145826756954193 2.249768018722534 0.07331141829490662
v 0.1512792408466339 2.2334144115448 0.06387443840503693
v 0.09287814795970917 2.265691041946411 0.09252241253852844
v 0.11057544499635696 2.2596662044525146 0.08881503343582153
v 0.1289806365966797 2.248476982116699 0.08409654349088669
v 0.1484476625919342 2.232553720474243 0.07701880484819412
v 0.10915966331958771 2.2566535472869873 0.09825201332569122
v 0.1268569678068161 2.246755361557007 0.09454462677240372
v 0.1456160992383957 2.2316930294036865 0.08948910236358643
v 0.12473329156637192 2.244173288345337 0.10431864112615585
v 0.14243058860301971 2.2304019927978516 0.10061125457286835
v 0.1229635551571846 2.240300178527832 0.11409265547990799
v 0.10845176875591278 2.2514894008636475 0.1083630621433258
v 0.12154777348041534 2.2355661392211914 0.12386666983366013
v 0.10809782892465591 2.2446036338806152 0.11948521435260773
v 0.12048593908548355 2.229541301727295 0.1333036571741104
v 0.10845176875591278 2.2359964847564697 0.13128143548965454
v 0.13039642572402954 2.2226555347442627 0.13498882949352264
v 0.13358193635940552 2.2248072624206543 0.12824812531471252
v 0.13641349971294403 2.226959228515625 0.12015928328037262
v 0.1395990252494812 2.2286806106567383 0.11105933785438538
v 0.0925242006778717 2.2596662044525146 0.10330753773450851
v 0.09287814795970917 2.251919746398926 0.11544079333543777
v 0.0935860425233841 2.241591215133667 0.12858515977859497
v 0.07659663259983063 2.246755361557007 0.12555184960365295
v 0.0758887380361557 2.2570838928222656 0.11105933785438538
v 0.05748354643583298 2.2489073276519775 0.1221814975142479
v 0.05783749371767044 2.2596662044525146 0.10735195130109787
v 0.03801651671528816 2.246755361557007 0.11914817988872528
v 0.0758887380361557 2.265691041946411 0.09858904778957367
v 0.10880571603775024 2.2725768089294434 0.010285874828696251
v 0.12650302052497864 2.262678623199463 0.009611804969608784
v 0.14490820467472076 2.249768018722534 0.006915525067597628
v 0.16295945644378662 2.2334144115448 0.00287110498175025
v 0.08013609051704407 2.2742981910705566 -0.02139541506767273
v -0.034188464283943176 2.198986053466797 -0.06082851067185402
v -0.037020035088062286 2.20328950881958 -0.04431379586458206
v -0.0398516021668911 2.2063021659851074 -0.028810184448957443
v -0.042329225689172745 2.208453893661499 -0.014654714614152908
v -0.22744297981262207 2.055677890777588 0.0446634441614151
vn 0.5873206853866577 -0.7139779329299927 -0.3811691105365753
vn 0.5530381798744202 -0.6969497799873352 -0.456519216299057
vn 0.586648166179657 -0.7079511284828186 -0.3932546079158783
vn 0.5509487390518188 -0.6908678412437439 -0.46814218163490295
vn 0.5888973474502563 -0.6969243884086609 -0.40926313400268555
vn 0.5427511930465698 -0.6840516328811646 -0.48733407258987427
vn 0.5851708054542542 -0.690525472164154 -0.42514660954475403
vn 0.5402018427848816 -0.672197163105011 -0.5062933564186096
vn 0.5926862359046936 -0.6740400791168213 -0.4409002661705017
vn 0.5432066917419434 -0.6552022099494934 -0.5250110030174255
vn 0.6073489189147949 -0.6474233269691467 -0.46040233969688416
vn 0.547625720500946 -0.6330427527427673 -0.5471406579017639
vn 0.6270836591720581 -0.6137333512306213 -0.4796847105026245
vn 0.5593969225883484 -0.5994490385055542 -0.5724822878837585
vn 0.5722883343696594 -0.5656088590621948 -0.5937783122062683
vn 0.4931069314479828 -0.5491557121276855 -0.67473965883255
vn 0.4977225959300995 -0.5204208493232727 -0.6938546895980835
vn 0.414189875125885 -0.496876984834671 -0.762600839138031
vn 0.4128657877445221 -0.46230098605155945 -0.7847417593002319
vn 0.34087052941322327 -0.4395710527896881 -0.8310141563415527
vn 0.3376990258693695 -0.40441372990608215 -0.8499464392662048
vn 0.2780642807483673 -0.3885115385055542 -0.8784868121147156
vn 0.272603303194046 -0.3539687991142273 -0.8946471214294434
vn 0.21857258677482605 -0.34836345911026 -0.9115201234817505
vn 0.22438468039035797 -0.3056224286556244 -0.9253358840942383
vn 0.16620774567127228 -0.34077638387680054 -0.9253358840942383
vn 0.16133816540241241 -0.3020927309989929 -0.9395264387130737
vn 0.11696798354387283 -0.3305909335613251 -0.9364978075027466
vn 0.11119859665632248 -0.2932066023349762 -0.949560284614563
vn 0.07858064770698547 -0.3248848617076874 -0.9424833655357361
vn 0.07289481908082962 -0.2878551185131073 -0.9548956751823425
vn 0.05081164836883545 -0.3220200538635254 -0.9453682899475098
vn 0.04336719959974289 -0.2895365357398987 -0.9561840295791626
vn 0.01322368998080492 -0.3257358968257904 -0.9453682899475098
vn 0.01510340254753828 -0.288190096616745 -0.9574540853500366
vn -0.011353302747011185 -0.3299364745616913 -0.9439348578453064
vn -0.009440403431653976 -0.29679134488105774 -0.9548956751823425
vn -0.013209788128733635 -0.3422214686870575 -0.9395264387130737
vn -0.013234825804829597 -0.3091493546962738 -0.9509214162826538
vn -0.0018890041392296553 -0.3547569811344147 -0.9349566102027893
vn -0.001893595326691866 -0.3218648433685303 -0.946783721446991
vn 0.0018900291761383414 -0.3669818937778473 -0.9302261471748352
vn 0.0037772103678435087 -0.3342316746711731 -0.9424833655357361
vn 0.005671835970133543 -0.3791060149669647 -0.9253358840942383
vn 0.009436709806323051 -0.34234628081321716 -0.9395264387130737
vn -0.0037778534460812807 -0.3872017562389374 -0.9219872951507568
vn -0.009463396854698658 -0.350545734167099 -0.9364978075027466
vn -0.020790904760360718 -0.39069217443466187 -0.9202865362167358
vn -0.032069385051727295 -0.3533095419406891 -0.9349566102027893
vn -0.04533004015684128 -0.3926544487476349 -0.9185682535171509
vn -0.06396768242120743 -0.3530963361263275 -0.933397650718689
vn -0.1065044179558754 -0.3889562785625458 -0.9150791168212891
vn -0.1292356699705124 -0.3391285240650177 -0.931820809841156
vn -0.2655249238014221 -0.3294963240623474 -0.9060511589050293
vn -0.28778088092803955 -0.2650562524795532 -0.9202865362167358
vn -0.45952796936035156 -0.250040739774704 -0.8522403836250305
vn -0.4747515618801117 -0.19154062867164612 -0.8590245246887207
vn -0.6261285543441772 -0.17526251077651978 -0.7597671151161194
vn -0.6341621279716492 -0.12758693099021912 -0.762600839138031
vn -0.7521945238113403 -0.11664974689483643 -0.6485338807106018
vn -0.7542036771774292 -0.0791434571146965 -0.651853621006012
vn -0.8376901149749756 -0.08297980576753616 -0.5398051738739014
vn -0.8372476696968079 -0.06039765104651451 -0.5434780716896057
vn -0.895263135433197 -0.06411649286746979 -0.4409002661705017
vn -0.8942756652832031 -0.049073126167058945 -0.44481781125068665
vn -0.934234619140625 -0.052870966494083405 -0.3527185618877411
vn -0.9346311092376709 -0.045324377715587616 -0.3527185618877411
vn -0.9574224352836609 -0.06038727983832359 -0.28230419754981995
vn -0.9568246603012085 -0.04907356947660446 -0.2864931523799896
vn -0.9667218923568726 -0.06036704406142235 -0.24860523641109467
vn -0.9671631455421448 -0.05282919108867645 -0.24860523641109467
vn -0.9719301462173462 -0.06039178743958473 -0.22738653421401978
vn -0.972369372844696 -0.052850764244794846 -0.22738653421401978
vn -0.9761791825294495 -0.06792458146810532 -0.2060592919588089
vn -0.9771114587783813 -0.05284702405333519 -0.2060592919588089
vn -0.9804599285125732 -0.06788776814937592 -0.18463370203971863
vn -0.9813870787620544 -0.052818216383457184 -0.18463370203971863
vn -0.9849814772605896 -0.05659829452633858 -0.16312000155448914
vn -0.98573237657547 -0.041515953838825226 -0.16312000155448914
vn -0.9888983368873596 -0.04527502506971359 -0.1415284425020218
vn -0.9894737601280212 -0.03018920123577118 -0.1415284425020218
vn -0.9929527640342712 -0.02641030214726925 -0.11553031951189041
vn -0.9932968020439148 -0.0037733360659331083 -0.11553031951189041
vn -0.997078001499176 -2.0621877686380352e-13 -0.0763898640871048
vn -0.9971450567245483 0.022649366408586502 -0.07203252613544464
vn -0.9992848038673401 0.03775046393275261 0.002184694167226553
vn -0.9970331788063049 0.0754384696483612 0.0152922747656703
vn -0.9885764718055725 0.10175249725580215 0.1111890971660614
vn -0.9772935509681702 0.16147129237651825 0.1372016966342926
vn -0.9459069967269897 0.213407963514328 0.24437066912651062
vn -0.9135366678237915 0.2968260645866394 0.2781098484992981
vn -0.8466923832893372 0.36705464124679565 0.3852050006389618
vn -0.7512714862823486 0.504818320274353 0.42514660954475403
vn -0.6458902359008789 0.5939094424247742 0.4796847105026245
vn -0.6168773770332336 0.6355386972427368 0.4642767012119293
vn -0.4857207238674164 0.7256589531898499 0.48733407258987427
vn -0.48969516158103943 0.712510883808136 0.5025205612182617
vn -0.36881357431411743 0.7795149683952332 0.5062933564186096
vn -0.36993974447250366 0.7613570690155029 0.5324283838272095
vn -0.27588436007499695 0.8027066588401794 0.528724730014801
vn -0.24356891214847565 0.8057819604873657 0.5398051738739014
vn -0.1962352842092514 0.8210146427154541 0.5361219048500061
vn -0.155660018324852 0.8272728323936462 0.5398051738739014
vn -0.13334918022155762 0.8359054923057556 0.5324283838272095
vn 0.5136083960533142 -0.6786529421806335 -0.5250110030174255
vn 0.5101258754730225 -0.6725658774375916 -0.5361219048500061
vn 0.49965354800224304 -0.6594356894493103 -0.5616858005523682
vn 0.4920232892036438 -0.646385133266449 -0.5831804275512695
vn 0.48915496468544006 -0.6289515495300293 -0.6042742133140564
vn 0.4875550866127014 -0.6061819195747375 -0.6283578276634216
vn 0.4911404550075531 -0.5778130292892456 -0.651853621006012
vn 0.41513141989707947 -0.5257525444030762 -0.7424622178077698
vn 0.34321507811546326 -0.47368162870407104 -0.8110666871070862
vn 0.2819342315196991 -0.4227955639362335 -0.8612531423568726
vn 0.22360922396183014 -0.3822616636753082 -0.8965907096862793
vn 0.1720903366804123 -0.3735184073448181 -0.9115201234817505
vn 0.11716331541538239 -0.3605916202068329 -0.9253358840942383
vn 0.07865237444639206 -0.3542934060096741 -0.931820809841156
vn 0.05092780292034149 -0.34695565700531006 -0.9364978075027466
vn 0.007560563273727894 -0.34649571776390076 -0.9380210638046265
vn -0.01699461229145527 -0.35435470938682556 -0.9349566102027893
vn -0.02077929489314556 -0.36639800667762756 -0.9302261471748352
vn -0.015103822574019432 -0.3747974932193756 -0.926983654499054
vn -0.0037778534460812807 -0.3872017562389374 -0.9219872951507568
vn 0.007571203168481588 -0.3951898217201233 -0.9185682535171509
vn -0.003785367589443922 -0.4072512090206146 -0.913308322429657
vn -0.020787639543414116 -0.41471368074417114 -0.9097144603729248
vn -0.037792645394802094 -0.41749823093414307 -0.9078915119171143
vn -0.09381342679262161 -0.420737624168396 -0.9023185968399048
vn -0.22535523772239685 -0.42562198638916016 -0.8763908743858337
vn -0.24662762880325317 -0.38185426592826843 -0.8907088041305542
vn -0.4198448061943054 -0.37039512395858765 -0.8285757899284363
vn -0.4426007568836212 -0.3122204840183258 -0.8406086564064026
vn -0.5958545804023743 -0.29893606901168823 -0.7453821301460266
vn -0.612777590751648 -0.23643769323825836 -0.7540562748908997
vn -0.7364816069602966 -0.2234092503786087 -0.6385006904602051
vn -0.7488961219787598 -0.16484449803829193 -0.641857385635376
vn -0.8340125679969788 -0.1577121764421463 -0.528724730014801
vn -0.8365443348884583 -0.1129908636212349 -0.5361219048500061
vn -0.8942670822143555 -0.1129722073674202 -0.43303996324539185
vn -0.8956369757652283 -0.08299299329519272 -0.43697428703308105
vn -0.934761106967926 -0.08672991394996643 -0.34452807903289795
vn -0.9347996115684509 -0.06789036095142365 -0.34862664341926575
vn -0.9569172859191895 -0.06792375445365906 -0.28230419754981995
vn 0.4214332401752472 -0.5492225289344788 -0.7216291427612305
vn 0.3524154722690582 -0.4972658157348633 -0.7927988767623901
vn 0.29156824946403503 -0.45209965109825134 -0.8429672718048096
vn 0.23477675020694733 -0.41168370842933655 -0.8805659413337708
vn 0.17795689404010773 -0.4012458026409149 -0.8985171914100647
vn 0.12296940386295319 -0.38826072216033936 -0.913308322429657
vn 0.08616459369659424 -0.37751176953315735 -0.9219872951507568
vn 0.04521351307630539 -0.3723667860031128 -0.926983654499054
vn 0.00756883155554533 -0.37097057700157166 -0.9286137819290161
vn -0.02456166036427021 -0.3783520460128784 -0.9253358840942383
vn -0.03395754471421242 -0.3857283294200897 -0.9219872951507568
vn -0.022702498361468315 -0.39460983872413635 -0.9185682535171509
vn -0.011354794725775719 -0.4071104824542999 -0.913308322429657
vn -0.005671550519764423 -0.41519561409950256 -0.9097144603729248
vn -0.009448852390050888 -0.42701849341392517 -0.9041935205459595
vn -0.018870022147893906 -0.4345986843109131 -0.9004265069961548
vn -0.035850901156663895 -0.43747177720069885 -0.8985171914100647
vn -0.08636599034070969 -0.44629448652267456 -0.8907088041305542
vn -0.21609699726104736 -0.4599403142929077 -0.8612531423568726
vn -0.3995946943759918 -0.42232102155685425 -0.8136147856712341
vn -0.5751864314079285 -0.3618917167186737 -0.7336177229881287
vn -0.7240226864814758 -0.27691519260406494 -0.6317508816719055
vn -0.8249544501304626 -0.2093169242143631 -0.5250110030174255
vn -0.8900055289268494 -0.15416096150875092 -0.42909738421440125
vn -0.9323958158493042 -0.10926306992769241 -0.34452807903289795
vn -0.955729067325592 -0.0829836055636406 -0.28230419754981995
vn -0.9656632542610168 -0.07543128728866577 -0.24860523641109467
vn 0.3603145182132721 -0.5209830403327942 -0.7737894654273987
vn 0.30116719007492065 -0.4762578308582306 -0.8261215686798096
vn 0.23932312428951263 -0.4397219121456146 -0.865661084651947
vn 0.18233714997768402 -0.42907509207725525 -0.8846737742424011
vn 0.13010920584201813 -0.4150948226451874 -0.9004265069961548
vn 0.08624372631311417 -0.4021108150482178 -0.9115201234817505
vn 0.04533004015684128 -0.3926544487476349 -0.9185682535171509
vn 0.0018909656209871173 -0.3912404179573059 -0.9202865362167358
vn -0.03780047222971916 -0.39345067739486694 -0.9185682535171509
vn -0.03964540734887123 -0.40132084488868713 -0.9150791168212891
vn -0.033961210399866104 -0.4098508358001709 -0.9115201234817505
vn -0.02269531600177288 -0.4185904562473297 -0.9078915119171143
vn -0.01134711503982544 -0.4309203326702118 -0.9023185968399048
vn -0.01322095561772585 -0.438739150762558 -0.8985171914100647
vn -0.024578610435128212 -0.446096807718277 -0.8946471214294434
vn -0.033970385789871216 -0.4533033072948456 -0.8907088041305542
vn -0.07898596674203873 -0.46729522943496704 -0.8805659413337708
vn -0.20249660313129425 -0.4864012897014618 -0.8499464392662048
vn -0.3819684386253357 -0.4659882187843323 -0.7980946898460388
vn -0.5537868738174438 -0.41541722416877747 -0.7216291427612305
vn -0.7043963670730591 -0.3428104519844055 -0.6215357780456543
vn -0.8127727508544922 -0.26011553406715393 -0.5212872624397278
vn -0.883086621761322 -0.198515385389328 -0.42514660954475403
vn -0.9281582236289978 -0.15044787526130676 -0.34042292833328247
vn -0.9534226655960083 -0.116790771484375 -0.2781098484992981
vn -0.9657975435256958 -0.08670677244663239 -0.24437066912651062
vn -0.9708762764930725 -0.0754624754190445 -0.22738653421401978
vn -0.9756258130073547 -0.07545751333236694 -0.2060592919588089
vn -0.9799095392227173 -0.07541675865650177 -0.18463370203971863
vn -0.9845194816589355 -0.06413470953702927 -0.16312000155448914
vn -0.988524317741394 -0.05281420797109604 -0.1415284425020218
vn -0.9917558431625366 -0.04529576003551483 -0.11986933648586273
vn -0.9968209266662598 -0.022642003372311592 -0.0763898640871048
vn -0.9998835325241089 0.015103200450539589 -0.002184694167226553
vn -0.9933381080627441 0.06037686765193939 0.0981530249118805
vn -0.9667356014251709 0.13916891813278198 0.21460255980491638
vn -0.8981270790100098 0.26800593733787537 0.34862664341926575
vn -0.7689084410667419 0.4395759403705597 0.4642767012119293
vn -0.5552459955215454 0.671177089214325 0.4911448359489441
vn -0.40995657444000244 0.7804824113845825 0.4719987213611603
vn -0.3187256455421448 0.8175063133239746 0.4796847105026245
vn -0.24912269413471222 0.8301795721054077 0.4987381398677826
vn -0.19084225594997406 0.8409793376922607 0.5062933564186096
vn -0.1353011429309845 0.8494327068328857 0.5100564956665039
vn -0.9702213406562805 -0.09425415843725204 -0.22312943637371063
vn -0.9626293182373047 -0.11673810333013535 -0.24437066912651062
vn -0.9499144554138184 -0.1504516750574112 -0.27391019463539124
vn -0.9229117631912231 -0.18742620944976807 -0.3363112509250641
vn -0.8748378753662109 -0.2461412101984024 -0.417220801115036
vn -0.7952078580856323 -0.3278518617153168 -0.5100564956665039
vn -0.6809781193733215 -0.40334394574165344 -0.6112139225006104
vn -0.5371087789535522 -0.4610927402973175 -0.7063339352607727
vn -0.3688957989215851 -0.4980926215648651 -0.7847417593002319
vn -0.20290300250053406 -0.502202570438385 -0.8406086564064026
vn -0.08280114084482193 -0.4744291603565216 -0.8763908743858337
vn -0.037782974541187286 -0.46079421043395996 -0.8867024183273315
vn -0.033970385789871216 -0.4533033072948456 -0.8907088041305542
vn -0.022674093022942543 -0.44227924942970276 -0.8965907096862793
vn -0.026410073041915894 -0.4342057406902313 -0.9004265069961548
vn -0.03018847294151783 -0.42208999395370483 -0.9060511589050293
vn -0.043403808027505875 -0.41295963525772095 -0.9097144603729248
vn -0.05648740381002426 -0.40735766291618347 -0.9115201234817505
vn -0.047165077179670334 -0.4005067050457001 -0.9150791168212891
vn 1.2404537304017832e-13 -0.3992721438407898 -0.916832447052002
vn 0.049090828746557236 -0.4042993485927582 -0.913308322429657
vn 0.09557017683982849 -0.4162936806678772 -0.9041935205459595
vn 0.1392672210931778 -0.42862042784690857 -0.8926864862442017
vn 0.18969008326530457 -0.44682803750038147 -0.87427818775177
vn 0.24504804611206055 -0.46220967173576355 -0.8522403836250305
vn 0.31189993023872375 -0.4948629140853882 -0.8110666871070862
vn 0.3668655455112457 -0.544801652431488 -0.7540562748908997
vn 0.42638567090034485 -0.5727353096008301 -0.7001210451126099
vn 0.4360467791557312 -0.59180748462677 -0.677958071231842
vn 0.44528767466545105 -0.6103139519691467 -0.6551609039306641
vn 0.3793100416660309 -0.5638518929481506 -0.7336177229881287
vn 0.3224186301231384 -0.5131263136863708 -0.7954543828964233
vn 0.25611916184425354 -0.481421560049057 -0.838234007358551
vn 0.20389367640018463 -0.4613620638847351 -0.8634653687477112
vn 0.14694343507289886 -0.44244763255119324 -0.8846737742424011
vn 0.10099992156028748 -0.4231207072734833 -0.9004265069961548
vn 0.04716239497065544 -0.4125472903251648 -0.9097144603729248
vn -0.009453787468373775 -0.40316349267959595 -0.9150791168212891
vn -0.049090828746557236 -0.4042993485927582 -0.913308322429657
vn -0.06396137923002243 -0.4062511920928955 -0.9115201234817505
vn -0.0528407022356987 -0.41586166620254517 -0.9078915119171143
vn -0.04715181887149811 -0.42451241612434387 -0.9041935205459595
vn -0.04146403446793556 -0.4330275356769562 -0.9004265069961548
vn -0.03776077926158905 -0.4412473142147064 -0.8965907096862793
vn -0.041500236839056015 -0.45267602801322937 -0.8907088041305542
vn -0.04722646623849869 -0.4638124108314514 -0.8846737742424011
vn -0.09197129309177399 -0.480518102645874 -0.872148871421814
vn -0.2084151804447174 -0.5118069648742676 -0.8334367275238037
vn -0.36341381072998047 -0.5188258290290833 -0.7737894654273987
vn -0.5164891481399536 -0.5018013119697571 -0.6938546895980835
vn -0.6627667546272278 -0.451649010181427 -0.5972883701324463
vn -0.7751612067222595 -0.3828814625740051 -0.5025205612182617
vn -0.8559888601303101 -0.3106619417667389 -0.41324591636657715
vn -0.9114780426025391 -0.24260149896144867 -0.33219319581985474
vn -0.9452148675918579 -0.18392352759838104 -0.26970529556274414
vn -0.9590239524841309 -0.1503659188747406 -0.2401314377784729
vn -0.9677687883377075 -0.11677690595388412 -0.22312943637371063
vn -0.9748861789703369 -0.09423961490392685 -0.2017817199230194
vn 0.45410576462745667 -0.6282346844673157 -0.6317508816719055
vn 0.39921480417251587 -0.5732476711273193 -0.715552031993866
vn 0.3365795612335205 -0.5326204299926758 -0.7765498161315918
vn 0.2736646234989166 -0.4966948628425598 -0.8236515522003174
vn 0.21105726063251495 -0.4786868989467621 -0.8522403836250305
vn 0.15599879622459412 -0.4556351900100708 -0.8763908743858337
vn 0.1031012088060379 -0.4347144067287445 -0.8946471214294434
vn 0.052737265825271606 -0.4198691248893738 -0.9060511589050293
vn -0.011331874877214432 -0.4110993444919586 -0.9115201234817505
vn -0.05648740381002426 -0.40735766291618347 -0.9115201234817505
vn -0.07334558665752411 -0.4087052643299103 -0.9097144603729248
vn -0.06781986355781555 -0.41368287801742554 -0.9078915119171143
vn -0.062146127223968506 -0.42257773876190186 -0.9041935205459595
vn -0.05646803602576256 -0.43132755160331726 -0.9004265069961548
vn -0.054719168692827225 -0.44340983033180237 -0.8946471214294434
vn -0.058435507118701935 -0.45472252368927 -0.888714075088501
vn -0.0621366910636425 -0.4659467041492462 -0.882628321647644
vn -0.1031763106584549 -0.4860123097896576 -0.8678402304649353
vn -0.21389049291610718 -0.5213195085525513 -0.8261215686798096
vn -0.3597738742828369 -0.5375897884368896 -0.762600839138031
vn -0.5102990865707397 -0.5249868035316467 -0.681163489818573
vn -0.6434032320976257 -0.4917183220386505 -0.5867242813110352
vn -0.7540608644485474 -0.43608367443084717 -0.4911448359489441
vn -0.8392086029052734 -0.36702585220336914 -0.401274174451828
vn -0.8970518708229065 -0.30060291290283203 -0.3239381015300751
vn -0.9358180165290833 -0.23185524344444275 -0.26549527049064636
vn -0.954240620136261 -0.18379834294319153 -0.23588760197162628
vn -0.964093029499054 -0.15040400624275208 -0.21886809170246124
vn -0.9724460244178772 -0.11675985157489777 -0.2017817199230194
vn -0.9786353707313538 -0.09046094119548798 -0.18463370203971863
vn -0.9820951819419861 -0.09423841536045074 -0.16312000155448914
vn -0.9834225177764893 -0.07919584214687347 -0.16312000155448914
vn -0.9850744605064392 -0.09796948730945587 -0.1415284425020218
vn -0.9864539504051208 -0.08293584734201431 -0.1415284425020218
vn -0.9880837202072144 -0.1017017811536789 -0.11553031951189041
vn -0.9893162250518799 -0.0829741582274437 -0.11986933648586273
vn -0.9915217161178589 -0.10180770605802536 -0.08074574917554855
vn -0.9935801029205322 -0.0792383998632431 -0.08074574917554855
vn -0.9942998290061951 -0.10551747679710388 -0.0152922747656703
vn -0.9964350461959839 -0.08296574652194977 -0.0152922747656703
vn -0.9921095967292786 -0.10554064065217972 0.06767380982637405
vn -0.9942504167556763 -0.08298425376415253 0.06767380982637405
vn -0.9816617369651794 -0.10545330494642258 0.15880759060382843
vn -0.9838216304779053 -0.0829167440533638 0.15880759060382843
vn -0.9602128863334656 -0.1091388389468193 0.25706008076667786
vn -0.9631518125534058 -0.07911191135644913 0.25706008076667786
vn -0.9252952933311462 -0.11658791452646255 0.36088213324546814
vn -0.9292516708374023 -0.07909097522497177 0.36088213324546814
vn -0.8774853944778442 -0.12027665972709656 0.4642767012119293
vn -0.8848161697387695 -0.07162390649318695 0.46040233969688416
vn -0.8180024027824402 -0.12402069568634033 0.5616858005523682
vn -0.8267029523849487 -0.07159076631069183 0.5580654144287109
vn -0.7554993033409119 -0.13130082190036774 0.641857385635376
vn -0.7662867903709412 -0.07156400382518768 0.6385006904602051
vn -0.7161701321601868 -0.07527251541614532 0.6938546895980835
vn -0.7720729112625122 -0.02260464057326317 0.6351318359375
vn -0.7260627746582031 -0.011311626993119717 0.6875353455543518
vn -0.7773393988609314 0.030164308845996857 0.6283578276634216
vn -0.7307335734367371 0.04521825164556503 0.681163489818573
vn -0.7340056300163269 0.10154908895492554 0.6715083718299866
vn -0.6951079368591309 0.11639554053544998 0.7094202041625977
vn -0.6915218830108643 0.2009056806564331 0.6938546895980835
vn -0.6546152830123901 0.1422273963689804 0.7424622178077698
vn -0.656578779220581 0.22917675971984863 0.7185974717140198
vn -0.6260144114494324 0.2644069790840149 0.7336177229881287
vn -0.6302011609077454 0.36674708127975464 0.6843559741973877
vn -0.6080132126808167 0.3858569264411926 0.6938546895980835
vn -0.622404932975769 0.4801623523235321 0.6181069612503052
vn -0.5847772359848022 0.40434786677360535 0.7032341957092285
vn -0.6007451415061951 0.4942385256290436 0.6283578276634216
vn -0.5570611953735352 0.42150697112083435 0.715552031993866
vn -0.5783727169036865 0.5077418684959412 0.6385006904602051
vn -0.5148355960845947 0.4336385726928711 0.7395281791687012
vn -0.5373458862304688 0.5186758041381836 0.6650074124336243
vn -0.4299236238002777 0.45122161507606506 0.7820260524749756
vn -0.4553459882736206 0.5338669419288635 0.7124928832054138
vn -0.3238144516944885 0.46555593609809875 0.8236515522003174
vn -0.3449530005455017 0.5472179055213928 0.762600839138031
vn -0.2154679149389267 0.4685109257698059 0.8567795157432556
vn -0.23662583529949188 0.5503236651420593 0.8007197380065918
vn -0.11553562432527542 0.46753671765327454 0.8763908743858337
vn -0.1287771463394165 0.5448657274246216 0.8285757899284363
vn -0.009400780312716961 0.4583654999732971 0.888714075088501
vn -0.016929106786847115 0.5303077101707458 0.8476362228393555
vn 0.09519696980714798 0.4484694302082062 0.888714075088501
vn 0.09001903980970383 0.5153473615646362 0.8522403836250305
vn 0.1956273764371872 0.4316636919975281 0.8805659413337708
vn 0.19485941529273987 0.497474730014801 0.8453097939491272
vn 0.2889013886451721 0.4226261377334595 0.8590245246887207
vn 0.28677746653556824 0.4766278564929962 0.8310141563415527
vn 0.38166677951812744 0.40962502360343933 0.8285757899284363
vn 0.37716636061668396 0.46087658405303955 0.8033295273780823
vn 0.47695690393447876 0.3958439826965332 0.7847417593002319
vn 0.46989238262176514 0.4445684850215912 0.762600839138031
vn 0.567089319229126 0.4288021922111511 0.7032341957092285
vn 0.4615306258201599 0.48552992939949036 0.7424622178077698
vn 0.556401252746582 0.4712478518486023 0.6843559741973877
vn 0.4471173882484436 0.5243782997131348 0.7246471047401428
vn 0.5443571209907532 0.5070485472679138 0.6682642698287964
vn 0.4311784505844116 0.5614067316055298 0.7063339352607727
vn 0.5234460234642029 0.5407775640487671 0.6584556698799133
vn 0.4067528247833252 0.6015374064445496 0.6875353455543518
vn 0.5052220821380615 0.5731189250946045 0.6452018022537231
vn 0.38425412774086 0.6404013633728027 0.6650074124336243
vn 0.48249635100364685 0.6102161407470703 0.6283578276634216
vn 0.451313853263855 0.6436300277709961 0.6181069612503052
vn 0.5553137063980103 0.6099735498428345 0.5652954578399658
vn 0.5358136892318726 0.6304067969322205 0.5616858005523682
vn 0.6402390003204346 0.5842553377151489 0.4987381398677826
vn 0.6221083402633667 0.6127696633338928 0.48733407258987427
vn 0.7019082903862 0.5714675188064575 0.42514660954475403
vn 0.6789064407348633 0.6068886518478394 0.41324591636657715
vn 0.7492870688438416 0.5630527138710022 0.34862664341926575
vn 0.7267848253250122 0.5988978147506714 0.3363112509250641
vn 0.7844482660293579 0.552218496799469 0.28230419754981995
vn 0.7589828372001648 0.5887274146080017 0.2781098484992981
vn 0.8005807399749756 0.5471320748329163 0.24437066912651062
vn 0.769587516784668 0.589930534362793 0.24437066912651062
vn 0.8068220019340515 0.5470388531684875 0.22312943637371063
vn 0.781337320804596 0.5844730734825134 0.21886809170246124
vn 0.8118674159049988 0.5478644967079163 0.2017817199230194
vn 0.7868241667747498 0.5847232937812805 0.1975002884864807
vn 0.8158615231513977 0.5479784607887268 0.18463370203971863
vn 0.7863357067108154 0.5908929705619812 0.18033768236637115
vn 0.7906902432441711 0.591260552406311 0.15880759060382843
vn 0.7584629654884338 0.6331398487091064 0.15449213981628418
vn 0.7576322555541992 0.6390135288238525 0.1328723281621933
vn 0.7086514830589294 0.6953016519546509 0.11986933648586273
vn 0.7063573002815247 0.7010173797607422 0.0981530249118805
vn -0.9169177412986755 -0.16146442294120789 0.3649536371231079
vn -0.9540508985519409 -0.1539706587791443 0.25706008076667786
vn -0.9769155383110046 -0.14288519322872162 0.15880759060382843
vn -0.9884594678878784 -0.13552916049957275 0.06767380982637405
vn -0.9906592965126038 -0.1355002075433731 -0.0152922747656703
vn -0.98798006772995 -0.13181622326374054 -0.08074574917554855
vn -0.9855092167854309 -0.12419450283050537 -0.11553031951189041
vn -0.9831802248954773 -0.1205502450466156 -0.1372016966342926
vn -0.9799349308013916 -0.12044760584831238 -0.15880759060382843
vn -0.9761859178543091 -0.12057946622371674 -0.18033768236637115
vn -0.9687014222145081 -0.1503702700138092 -0.1975002884864807
vn -0.9592454433441162 -0.1838311403989792 -0.21460255980491638
vn -0.9438342452049255 -0.23562712967395782 -0.23163928091526031
vn -0.9195248484611511 -0.29360976815223694 -0.2612801790237427
vn -0.8789753913879395 -0.35743820667266846 -0.31565824151039124
vn -0.8187888264656067 -0.4182531535625458 -0.3932546079158783
vn -0.7355409264564514 -0.4784162640571594 -0.4796847105026245
vn -0.6288596391677856 -0.5221983790397644 -0.5760593414306641
vn -0.5021561980247498 -0.5448997020721436 -0.6715083718299866
vn -0.36220380663871765 -0.5518497824668884 -0.7511792182922363
vn -0.23682385683059692 -0.5309853553771973 -0.8136147856712341
vn -0.13067413866519928 -0.49497589468955994 -0.8590245246887207
vn -0.09024293720722198 -0.47307005524635315 -0.8763908743858337
vn -0.08468101918697357 -0.4584554433822632 -0.8846737742424011
vn -0.07893601059913635 -0.4476683735847473 -0.8907088041305542
vn -0.08076392859220505 -0.4314441382884979 -0.8985171914100647
vn -0.07899010926485062 -0.4237707555294037 -0.9023185968399048
vn -0.08255601674318314 -0.4150371253490448 -0.9060511589050293
vn -0.08271060138940811 -0.4109647274017334 -0.9078915119171143
vn -0.06589044630527496 -0.4099731743335724 -0.9097144603729248
vn -0.005671550519764423 -0.41519561409950256 -0.9097144603729248
vn 0.05657840892672539 -0.4273405969142914 -0.9023185968399048
vn 0.11408806592226028 -0.44403964281082153 -0.888714075088501
vn 0.17209891974925995 -0.4660850465297699 -0.8678402304649353
vn 0.230620339512825 -0.4900931715965271 -0.8406086564064026
vn 0.28436920046806335 -0.5152251720428467 -0.8085030317306519
vn 0.3519551455974579 -0.5467005372047424 -0.7597671151161194
vn 0.4162147045135498 -0.5876486897468567 -0.6938546895980835
vn 0.4728720188140869 -0.6379907131195068 -0.607749879360199
vn -0.9720209836959839 -0.150510773062706 -0.18033768236637115
vn -0.9621957540512085 -0.1875445544719696 -0.1975002884864807
vn -0.9479019045829773 -0.23543089628219604 -0.21460255980491638
vn -0.9295818209648132 -0.29012587666511536 -0.22738653421401978
vn -0.901936948299408 -0.3470301032066345 -0.25706008076667786
vn -0.8593873977661133 -0.4054814875125885 -0.31150925159454346
vn -0.7991951107978821 -0.46141552925109863 -0.3852050006389618
vn -0.7211388945579529 -0.5071250796318054 -0.4719987213611603
vn -0.6201853156089783 -0.5401198863983154 -0.5688942670822144
vn -0.5005995631217957 -0.5619931221008301 -0.6584556698799133
vn -0.3745805025100708 -0.5631512999534607 -0.736579954624176
vn -0.2594268321990967 -0.5399496555328369 -0.8007197380065918
vn -0.15993361175060272 -0.502008318901062 -0.8499464392662048
vn -0.11601763963699341 -0.47920241951942444 -0.8700028657913208
vn -0.11052116751670837 -0.46480751037597656 -0.8784868121147156
vn -0.11233960837125778 -0.448484867811203 -0.8867024183273315
vn -0.106778584420681 -0.4338257908821106 -0.8946471214294434
vn -0.10099992156028748 -0.4231207072734833 -0.9004265069961548
vn -0.09925040602684021 -0.4154316186904907 -0.9041935205459595
vn -0.0974934995174408 -0.4077107608318329 -0.9078915119171143
vn -0.07334558665752411 -0.4087052643299103 -0.9097144603729248
vn -0.005671550519764423 -0.41519561409950256 -0.9097144603729248
vn 0.07140400260686874 -0.4291078746318817 -0.9004265069961548
vn 0.1322697401046753 -0.45107871294021606 -0.882628321647644
vn 0.18803434073925018 -0.4761511981487274 -0.8590245246887207
vn 0.2499569058418274 -0.5009827613830566 -0.8285757899284363
vn 0.30300673842430115 -0.5248230695724487 -0.7954543828964233
vn 0.3723661005496979 -0.5568602085113525 -0.7424622178077698
vn 0.43635067343711853 -0.6025122404098511 -0.6682642698287964
vn 0.48116418719291687 -0.6449095606803894 -0.5937783122062683
vn 0.45137152075767517 -0.6058283448219299 -0.6551609039306641
vn 0.4007700979709625 -0.5683318376541138 -0.7185974717140198
vn 0.3252497911453247 -0.5356410145759583 -0.7792953848838806
vn 0.26748380064964294 -0.5162202715873718 -0.8136147856712341
vn 0.2094530463218689 -0.48344650864601135 -0.8499464392662048
vn 0.14882273972034454 -0.45802929997444153 -0.8763908743858337
vn 0.08268658816814423 -0.4350723922252655 -0.8965907096862793
vn 1.3023817321908965e-13 -0.41920527815818787 -0.9078915119171143
vn -0.07334558665752411 -0.4087052643299103 -0.9097144603729248
vn -0.10465224087238312 -0.41002345085144043 -0.9060511589050293
vn -0.11582602560520172 -0.4152173399925232 -0.9023185968399048
vn -0.12674540281295776 -0.4243355691432953 -0.8965907096862793
vn -0.13229291141033173 -0.4389599859714508 -0.888714075088501
vn -0.14501214027404785 -0.4511929452419281 -0.8805659413337708
vn -0.15235981345176697 -0.46891525387763977 -0.8700028657913208
vn -0.15963196754455566 -0.4864098131656647 -0.8590245246887207
vn -0.19771476089954376 -0.5082052946090698 -0.838234007358551
vn -0.2922866642475128 -0.5465792417526245 -0.7847417593002319
vn -0.3970753848552704 -0.567082405090332 -0.7216291427612305
vn -0.5065249800682068 -0.5719677209854126 -0.6452018022537231
vn -0.6171153783798218 -0.5583646893501282 -0.5544344186782837
vn -0.7084655165672302 -0.5315296649932861 -0.4642767012119293
vn -0.7855631709098816 -0.49057769775390625 -0.37712597846984863
vn -0.8420156836509705 -0.44618746638298035 -0.30319350957870483
vn -0.8840436935424805 -0.3958057165145874 -0.24860523641109467
vn -0.9122136235237122 -0.34362709522247314 -0.22312943637371063
vn -0.9346724152565002 -0.28661394119262695 -0.2103329300880432
vn -0.9533370137214661 -0.23198378086090088 -0.19321508705615997
vn -0.9656065702438354 -0.19134922325611115 -0.1760382205247879
vn -0.9746171236038208 -0.157802551984787 -0.15880759060382843
vn 0.41209977865219116 -0.5755572319030762 -0.7063339352607727
vn 0.3519551455974579 -0.5467005372047424 -0.7597671151161194
vn 0.29798805713653564 -0.523686945438385 -0.7980946898460388
vn 0.23587104678153992 -0.491659015417099 -0.838234007358551
vn 0.1737493872642517 -0.4614175856113434 -0.8700028657913208
vn 0.09554698318243027 -0.44043344259262085 -0.8926864862442017
vn 0.0075531331822276115 -0.4231007695198059 -0.9060511589050293
vn -0.07527749985456467 -0.4123910069465637 -0.9078915119171143
vn -0.12115848064422607 -0.40957868099212646 -0.9041935205459595
vn -0.13922740519046783 -0.41627225279808044 -0.8985171914100647
vn -0.15191809833049774 -0.42843756079673767 -0.8907088041305542
vn -0.17347870767116547 -0.44103145599365234 -0.8805659413337708
vn -0.18079985678195953 -0.45870083570480347 -0.8700028657913208
vn -0.19690711796283722 -0.47660937905311584 -0.8567795157432556
vn -0.20620375871658325 -0.492880642414093 -0.8453097939491272
vn -0.24697448313236237 -0.5184516906738281 -0.8186644315719604
vn -0.3342769145965576 -0.5538040399551392 -0.762600839138031
vn -0.4188074767589569 -0.5745101571083069 -0.7032341957092285
vn -0.5158790349960327 -0.5785842537879944 -0.6317508816719055
vn -0.61583012342453 -0.5704251527786255 -0.5434780716896057
vn -0.7041643261909485 -0.5470659136772156 -0.45262736082077026
vn -0.7726551294326782 -0.5165556073188782 -0.3690181374549866
vn -0.8265781402587891 -0.4794051945209503 -0.2948545813560486
vn -0.8669828176498413 -0.4366665780544281 -0.2401314377784729
vn -0.8918050527572632 -0.3959552049636841 -0.21886809170246124
vn -0.9171663522720337 -0.3436422049999237 -0.2017817199230194
vn -0.9370293617248535 -0.29373952746391296 -0.18892620503902435
vn -0.955778956413269 -0.23557835817337036 -0.1760382205247879
vn -0.9678758382797241 -0.19492703676223755 -0.15880759060382843
vn -0.9778707027435303 -0.1579384058713913 -0.1372016966342926
vn -0.9800814986228943 -0.16153325140476227 -0.11553031951189041
vn 0.3701190650463104 -0.5505244731903076 -0.7482877969741821
vn 0.31037506461143494 -0.5325425863265991 -0.7874425053596497
vn 0.25152117013931274 -0.4961376190185547 -0.8310141563415527
vn 0.1829390823841095 -0.47006475925445557 -0.8634653687477112
vn 0.10850457847118378 -0.44143474102020264 -0.8907088041305542
vn 0.0075531331822276115 -0.4231007695198059 -0.9060511589050293
vn -0.08271060138940811 -0.4109647274017334 -0.9078915119171143
vn -0.12838830053806305 -0.4073702394962311 -0.9041935205459595
vn -0.14830482006072998 -0.41728976368904114 -0.8965907096862793
vn -0.16799752414226532 -0.4265725314617157 -0.888714075088501
vn -0.19126662611961365 -0.44199109077453613 -0.8763908743858337
vn -0.20734712481498718 -0.45982035994529724 -0.8634653687477112
vn -0.21636638045310974 -0.4803922176361084 -0.8499464392662048
vn -0.2342866212129593 -0.49646317958831787 -0.8358433246612549
vn -0.2676749527454376 -0.5240924954414368 -0.8085030317306519
vn -0.35586440563201904 -0.5559589266777039 -0.7511792182922363
vn -0.44756367802619934 -0.5793988108634949 -0.681163489818573
vn -0.5304164886474609 -0.5838181972503662 -0.6146662831306458
vn -0.619530439376831 -0.5768032670021057 -0.5324283838272095
vn -0.6970175504684448 -0.5624088048934937 -0.44481781125068665
vn -0.7615365982055664 -0.5383549928665161 -0.36088213324546814
vn -0.8138754963874817 -0.5054981112480164 -0.2864931523799896
vn -0.8487259149551392 -0.4733089506626129 -0.23588760197162628
vn -0.8760772943496704 -0.43387630581855774 -0.2103329300880432
vn -0.8967750072479248 -0.3959648907184601 -0.1975002884864807
vn -0.9194546937942505 -0.3471505343914032 -0.18463370203971863
vn -0.9414818286895752 -0.2900325357913971 -0.17173540592193604
vn -0.9585854411125183 -0.23926162719726562 -0.15449213981628418
vn -0.9711399674415588 -0.19509702920913696 -0.1372016966342926
vn -0.4634071886539459 -0.5819593071937561 -0.6682642698287964
vn -0.5478797554969788 -0.5892835259437561 -0.5937783122062683
vn -0.6260122060775757 -0.5833069682121277 -0.5175535082817078
vn -0.6969217658042908 -0.5716436505317688 -0.43303996324539185
vn -0.756131649017334 -0.5512300133705139 -0.3527185618877411
vn -0.8051741123199463 -0.5215352177619934 -0.28230419754981995
vn -0.8383487462997437 -0.49347198009490967 -0.23163928091526031
vn -0.8615440726280212 -0.46398425102233887 -0.2060592919588089
vn -0.8782952427864075 -0.43733903765678406 -0.19321508705615997
vn -0.9001990556716919 -0.396383672952652 -0.18033768236637115
vn -0.9226393103599548 -0.34742501378059387 -0.16742929816246033
vn -0.9440450072288513 -0.2936441898345947 -0.15017375349998474
vn -0.9609265327453613 -0.242827370762825 -0.1328723281621933
vn -0.973724901676178 -0.1987379640340805 -0.1111890971660614
vn -0.9832823276519775 -0.16528905928134918 -0.0763898640871048
vn -0.9848379492759705 -0.17280155420303345 -0.0152922747656703
vn -0.9809861183166504 -0.1802152395248413 0.07203252613544464
vn -0.9693141579627991 -0.18390728533267975 0.16312000155448914
vn -0.9438548684120178 -0.2021649330854416 0.2612801790237427
vn -0.5609117150306702 -0.5876041650772095 -0.5831804275512695
vn -0.6370845437049866 -0.5876933932304382 -0.4987381398677826
vn -0.7014739513397217 -0.5749219059944153 -0.42118772864341736
vn -0.7532227635383606 -0.5603176355361938 -0.34452807903289795
vn -0.7954490780830383 -0.5405866503715515 -0.27391019463539124
vn -0.8290159702301025 -0.5127824544906616 -0.22312943637371063
vn -0.8489671349525452 -0.49015140533447266 -0.1975002884864807
vn -0.8636355400085449 -0.4673762023448944 -0.18892620503902435
vn -0.8835960030555725 -0.4338993728160858 -0.1760382205247879
vn -0.9050571322441101 -0.3927638828754425 -0.16312000155448914
vn -0.9249659776687622 -0.35094866156578064 -0.1458524912595749
vn -0.9471673369407654 -0.293856143951416 -0.12854042649269104
vn -0.9636569619178772 -0.24290375411510468 -0.1111890971660614
vn -0.9763232469558716 -0.2023795247077942 -0.0763898640871048
vn -0.6426862478256226 -0.587989091873169 -0.4911448359489441
vn -0.7077717185020447 -0.5758150219917297 -0.40926313400268555
vn -0.7547320127487183 -0.5632711052894592 -0.3363112509250641
vn -0.7939435243606567 -0.5469606518745422 -0.26549527049064636
vn -0.8192335367202759 -0.5317914485931396 -0.21460255980491638
vn -0.8381483554840088 -0.5100737810134888 -0.19321508705615997
vn -0.8524556159973145 -0.4907114803791046 -0.18033768236637115
vn -0.8690409660339355 -0.4639771282672882 -0.17173540592193604
vn -0.8852822780609131 -0.43709883093833923 -0.15880759060382843
vn -0.9071925282478333 -0.3961962163448334 -0.1415284425020218
vn -0.9295144081115723 -0.3472402095794678 -0.1242060661315918
vn -0.9475767612457275 -0.30113500356674194 -0.10684575140476227
vn -0.9664415121078491 -0.24658092856407166 -0.07203252613544464
vn -0.9776685833930969 -0.20986858010292053 -0.010923261754214764
vn -0.7096892595291138 -0.5790683627128601 -0.401274174451828
vn -0.7618260979652405 -0.5609680414199829 -0.3239381015300751
vn -0.7966455817222595 -0.5470611453056335 -0.25706008076667786
vn -0.8190917372703552 -0.535376787185669 -0.2060592919588089
vn -0.8292440176010132 -0.5259859561920166 -0.18892620503902435
vn -0.8399653434753418 -0.513292133808136 -0.1760382205247879
vn -0.8541112542152405 -0.49384793639183044 -0.16312000155448914
vn -0.8721104860305786 -0.46427956223487854 -0.15449213981628418
vn -0.8886693716049194 -0.4375414252281189 -0.1372016966342926
vn -0.9097161293029785 -0.396218866109848 -0.1242060661315918
vn -0.9294723272323608 -0.35436537861824036 -0.10250037163496017
vn -0.949745774269104 -0.3046216070652008 -0.07203252613544464
vn -0.9652136564254761 -0.2612341642379761 -0.010923261754214764
vn -0.9717917442321777 -0.22457104921340942 0.07203252613544464
vn -0.760485827922821 -0.5674691200256348 -0.31565824151039124
vn -0.7984446883201599 -0.5502445101737976 -0.24437066912651062
vn -0.8171827793121338 -0.5414849519729614 -0.1975002884864807
vn -0.8248517513275146 -0.5358151197433472 -0.18033768236637115
vn -0.8309739232063293 -0.5291401743888855 -0.17173540592193604
vn -0.8454461693763733 -0.5099028944969177 -0.15880759060382843
vn -0.8565186858177185 -0.49378499388694763 -0.15017375349998474
vn -0.8713458180427551 -0.4710967540740967 -0.1372016966342926
vn -0.891170084476471 -0.43754681944847107 -0.11986933648586273
vn -0.9093467593193054 -0.4032147228717804 -0.10250037163496017
vn -0.932563304901123 -0.35460665822029114 -0.06767380982637405
vn -0.9500982761383057 -0.31188181042671204 -0.006554040592163801
vn -0.9602805376052856 -0.2683763802051544 0.0763898640871048
vn -0.9580760598182678 -0.23554635047912598 0.16312000155448914
vn -0.7975819706916809 -0.5533533096313477 -0.2401314377784729
vn -0.8168890476226807 -0.5449762940406799 -0.18892620503902435
vn -0.8227676749229431 -0.5418120622634888 -0.17173540592193604
vn -0.8305422067642212 -0.5325331091880798 -0.16312000155448914
vn -0.8341100215911865 -0.5295211672782898 -0.15449213981628418
vn -0.8455383777618408 -0.5136067867279053 -0.1458524912595749
vn -0.8592885136604309 -0.493931382894516 -0.1328723281621933
vn -0.8764047026634216 -0.4675121307373047 -0.11553031951189041
vn -0.8937909603118896 -0.4376114010810852 -0.0981530249118805
vn -0.9124722480773926 -0.4035029709339142 -0.06767380982637405
vn -0.9322916269302368 -0.3616480827331543 -0.006554040592163801
vn -0.9422769546508789 -0.3260042071342468 0.0763898640871048
vn -0.9433979988098145 -0.28629985451698303 0.16742929816246033
vn -0.9313891530036926 -0.2534697353839874 0.2612801790237427
vn -0.9062831401824951 -0.21321287751197815 0.3649536371231079
vn -0.86667400598526 -0.17239217460155487 0.46814218163490295
vn -0.8158615231513977 -0.5479784607887268 -0.18463370203971863
vn -0.8222941756248474 -0.5451827049255371 -0.16312000155448914
vn -0.8253455758094788 -0.5418347120285034 -0.15880759060382843
vn -0.8289198279380798 -0.5388318300247192 -0.15017375349998474
vn -0.8364756107330322 -0.529413104057312 -0.1415284425020218
vn -0.8482683897018433 -0.5137295722961426 -0.12854042649269104
vn -0.8617943525314331 -0.4939263164997101 -0.11553031951189041
vn -0.8765478134155273 -0.47120046615600586 -0.0981530249118805
vn -0.8953859806060791 -0.44076672196388245 -0.0633138045668602
vn -0.9118976593017578 -0.4104118347167969 -0.002184694167226553
vn -0.9236871600151062 -0.37545517086982727 0.0763898640871048
vn -0.9241127371788025 -0.34348660707473755 0.16742929816246033
vn -0.9137269854545593 -0.30759596824645996 0.26549527049064636
vn -0.8900152444839478 -0.26776570081710815 0.3690181374549866
vn -0.852688193321228 -0.22391963005065918 0.4719987213611603
vn -0.8042667508125305 -0.18329226970672607 0.5652954578399658
vn -0.8253455758094788 -0.5418347120285034 -0.15880759060382843
vn -0.8247820138931274 -0.5451444387435913 -0.15017375349998474
vn -0.8294620513916016 -0.5391843318939209 -0.1458524912595749
vn -0.8329264521598816 -0.5361055731773376 -0.1372016966342926
vn -0.8391621112823486 -0.5295090675354004 -0.1242060661315918
vn -0.8507376313209534 -0.5136949419975281 -0.1111890971660614
vn -0.864399254322052 -0.49397850036621094 -0.09380380809307098
vn -0.8780869841575623 -0.4742937684059143 -0.0633138045668602
vn -0.8923717141151428 -0.4512958228588104 -0.002184694167226553
vn -0.9025042653083801 -0.4238520860671997 0.0763898640871048
vn -0.9073718190193176 -0.385543555021286 0.16742929816246033
vn -0.8955173492431641 -0.35715675354003906 0.26549527049064636
vn -0.8707619309425354 -0.3249604105949402 0.3690181374549866
vn -0.8353672027587891 -0.28174257278442383 0.4719987213611603
vn -0.7861375212669373 -0.2415515035390854 0.5688942670822144
vn -0.7399718761444092 -0.19014808535575867 0.6452018022537231
vn -0.7004419565200806 -0.13860583305358887 0.7001210451126099
vn -0.6693190336227417 -0.07148534059524536 0.7395281791687012
vn -0.682750940322876 -0.0037696787621825933 0.7306414246559143
vn -0.6401362419128418 0.007532360032200813 0.7682244777679443
vn -0.64959317445755 0.07143151015043259 0.7569189071655273
vn -0.6086214780807495 0.097540482878685 0.7874425053596497
vn -0.6202827095985413 0.17141073942184448 0.7654199600219727
vn -0.5806898474693298 0.19620567560195923 0.790128231048584
vn -0.5956596732139587 0.28446322679519653 0.7511792182922363
vn -0.5635870695114136 0.3036457598209381 0.7682244777679443
vn -0.5369553565979004 0.3230753242969513 0.7792953848838806
vn -0.49076423048973083 0.34350892901420593 0.8007197380065918
vn -0.40619274973869324 0.3583078384399414 0.8406086564064026
vn -0.3027884364128113 0.37451064586639404 0.8763908743858337
vn -0.20237496495246887 0.38061195611953735 0.9023185968399048
vn -0.10774281620979309 0.3802943527698517 0.9185682535171509
vn -0.005636054091155529 0.3791065514087677 0.9253358840942383
vn 0.0950569361448288 0.3753713369369507 0.9219872951507568
vn 0.19335299730300903 0.3674699664115906 0.9097144603729248
vn 0.28416308760643005 0.3597758114337921 0.888714075088501
vn -0.8253215551376343 -0.5455010533332825 -0.1458524912595749
vn -0.8288143873214722 -0.542441189289093 -0.1372016966342926
vn -0.8317477107048035 -0.5390182137489319 -0.1328723281621933
vn -0.8351100087165833 -0.535876989364624 -0.1242060661315918
vn -0.8428340554237366 -0.5265622138977051 -0.1111890971660614
vn -0.8529448509216309 -0.5135035514831543 -0.09380380809307098
vn -0.867103636264801 -0.49408769607543945 -0.0633138045668602
vn -0.878334105014801 -0.47804227471351624 -0.002184694167226553
vn -0.8858186602592468 -0.45770061016082764 0.0763898640871048
vn -0.8854257464408875 -0.4335765540599823 0.16742929816246033
vn -0.8777690529823303 -0.3987903594970703 0.26549527049064636
vn -0.8509005904197693 -0.3738900423049927 0.3690181374549866
vn -0.8141300082206726 -0.338244765996933 0.4719987213611603
vn -0.7663127183914185 -0.2985366880893707 0.5688942670822144
vn -0.7208402752876282 -0.24452632665634155 0.6485338807106018
vn -0.684060275554657 -0.19370895624160767 0.7032341957092285
vn -0.6561752557754517 -0.13484744727611542 0.7424622178077698
vn -0.6267985701560974 -0.06398367881774902 0.7765498161315918
vn -0.5987423658370972 0.018853969871997833 0.8007197380065918
vn -0.5697219967842102 0.1159646287560463 0.8136147856712341
vn -0.5446490049362183 0.21337370574474335 0.8110666871070862
vn -0.8276184797286987 -0.5453371405601501 -0.1328723281621933
vn -0.8280953764915466 -0.5456513166427612 -0.12854042649269104
vn -0.831456184387207 -0.5425052642822266 -0.11986933648586273
vn -0.8351359367370605 -0.5395663976669312 -0.10684575140476227
vn -0.8450632095336914 -0.5263733863830566 -0.09380380809307098
vn -0.855674147605896 -0.5136274099349976 -0.0633138045668602
vn -0.8672792315483093 -0.49781718850135803 -0.002184694167226553
vn -0.8715553879737854 -0.4843096435070038 0.0763898640871048
vn -0.8681906461715698 -0.4671321213245392 0.16742929816246033
vn -0.8576455116271973 -0.4429185390472412 0.2612801790237427
vn -0.8350463509559631 -0.41171160340309143 0.3649536371231079
vn -0.7947359085083008 -0.38631299138069153 0.46814218163490295
vn -0.7450591921806335 -0.3540167510509491 0.5652954578399658
vn -0.697857677936554 -0.31098121404647827 0.6452018022537231
vn -0.665168285369873 -0.2510235011577606 0.7032341957092285
vn -0.6380687355995178 -0.19306401908397675 0.7453821301460266
vn -0.6101433038711548 -0.1271236538887024 0.7820260524749756
vn -0.5825795531272888 -0.05264916643500328 0.8110666871070862
vn -0.554976761341095 0.03763318806886673 0.8310141563415527
vn -0.5294649600982666 0.130501389503479 0.838234007358551
vn -0.5127124786376953 0.23377150297164917 0.8261215686798096
vn -0.46831533312797546 0.2493864744901657 0.8476362228393555
vn -0.3855396807193756 0.26893576979637146 0.882628321647644
vn -0.29063114523887634 0.2853093147277832 0.913308322429657
vn -0.19030670821666718 0.2945424020290375 0.9364978075027466
vn -0.09975931793451309 0.2972933053970337 0.949560284614563
vn -3.113834738015589e-14 0.3011109232902527 0.953589141368866
vn 0.09260173887014389 0.2996000051498413 0.949560284614563
vn 0.1871376931667328 0.2965659201145172 0.9364978075027466
vn -0.8268610835075378 -0.5485194325447083 -0.1242060661315918
vn -0.8302003741264343 -0.5453622937202454 -0.11553031951189041
vn -0.8351359367370605 -0.5395663976669312 -0.10684575140476227
vn -0.8369874358177185 -0.5391222834587097 -0.09380380809307098
vn -0.8438044190406799 -0.5329028367996216 -0.0633138045668602
vn -0.855779230594635 -0.5173366069793701 -0.002184694167226553
vn -0.860332727432251 -0.5039763450622559 0.0763898640871048
vn -0.8578656911849976 -0.4872969388961792 0.16312000155448914
vn -0.8433833122253418 -0.46950745582580566 0.2612801790237427
vn -0.8160152435302734 -0.451534241437912 0.36088213324546814
vn -0.7798838019371033 -0.4197956919670105 0.4642767012119293
vn -0.7272548079490662 -0.394473671913147 0.5616858005523682
vn -0.680790364742279 -0.35894477367401123 0.6385006904602051
vn -0.6451266407966614 -0.31306588649749756 0.6969945430755615
vn -0.6213914155960083 -0.2502448856830597 0.7424622178077698
vn -0.5950257182121277 -0.1854175180196762 0.7820260524749756
vn -0.5653206706047058 -0.11964923143386841 0.8161473870277405
vn -0.5403351187705994 -0.03761618956923485 0.8406086564064026
vn -0.5129877328872681 0.05265440419316292 0.8567795157432556
vn -0.4938183128833771 0.148567795753479 0.8567795157432556
vn -0.4454241394996643 0.17279553413391113 0.8784868121147156
vn -0.3717518150806427 0.1849868893623352 0.9097144603729248
vn -0.28038763999938965 0.2037135511636734 0.9380210638046265
vn -0.18880771100521088 0.21268437802791595 0.9587059020996094
vn -0.09658806025981903 0.22216345369815826 0.9702134728431702
vn -0.0056158509105443954 0.2251885086297989 0.9742990136146545
vn 0.08469641208648682 0.23148028552532196 0.9691457152366638
vn 0.17660729587078094 0.2334994226694107 0.9561840295791626
vn 0.2750171422958374 0.294950395822525 0.9150791168212891
vn 0.3789971172809601 0.349700003862381 0.8567795157432556
vn -0.8260330557823181 -0.5516539812088013 -0.11553031951189041
vn -0.8297019600868225 -0.5487151741981506 -0.10250037163496017
vn -0.8328772783279419 -0.5454505085945129 -0.09380380809307098
vn -0.8397510647773743 -0.5392675399780273 -0.0633138045668602
vn -0.8478519916534424 -0.530192494392395 -0.006554040592163801
vn -0.8489423990249634 -0.5235533118247986 0.07203252613544464
vn -0.8454461693763733 -0.5099028944969177 0.15880759060382843
vn -0.8315290212631226 -0.4924221634864807 0.25706008076667786
vn -0.8045862317085266 -0.4746915102005005 0.3568037748336792
vn -0.7614448666572571 -0.4563237428665161 0.46040233969688416
vn -0.7140373587608337 -0.42749640345573425 0.5544344186782837
vn -0.6638408303260803 -0.39487072825431824 0.6351318359375
vn -0.6253134608268738 -0.3632000982761383 0.6907016038894653
vn -0.6036555171012878 -0.3050408959388733 0.736579954624176
vn -0.5778670310974121 -0.24242199957370758 0.7792953848838806
vn -0.5497943758964539 -0.1778469979763031 0.8161473870277405
vn -0.5239184498786926 -0.10469350963830948 0.8453097939491272
vn -0.49648749828338623 -0.018801286816596985 0.8678402304649353
vn -0.47243037819862366 0.07120741903781891 0.8784868121147156
vn -0.8297019600868225 -0.5487151741981506 -0.10250037163496017
vn -0.8328772783279419 -0.5454505085945129 -0.09380380809307098
vn -0.8356497287750244 -0.5456014275550842 -0.0633138045668602
vn -0.8397476673126221 -0.5429373383522034 -0.006554040592163801
vn -0.8409187197685242 -0.5363460183143616 0.07203252613544464
vn -0.8375524878501892 -0.5227676033973694 0.15880759060382843
vn -0.8207167387008667 -0.5123460292816162 0.25283506512641907
vn -0.7925198078155518 -0.4974956810474396 0.3527185618877411
vn -0.7503308057785034 -0.48180091381073 0.45262736082077026
vn -0.7036066055297852 -0.45340362191200256 0.5471406579017639
vn -0.6530009508132935 -0.4278128445148468 0.6249527335166931
vn -0.6136744618415833 -0.39927420020103455 0.681163489818573
vn -0.5850629806518555 -0.3580852150917053 0.7276512384414673
vn -0.5615676641464233 -0.30029764771461487 0.7710143327713013
vn -0.5360029935836792 -0.23424701392650604 0.8110666871070862
vn -0.5088202953338623 -0.1629514992237091 0.8453097939491272
vn -0.48091036081314087 -0.08989772945642471 0.872148871421814
vn -0.45455875992774963 -0.0037679977249354124 0.8907088041305542
vn -0.4280526638031006 0.09714815020561218 0.8985171914100647
vn -0.3593234717845917 0.10764716565608978 0.926983654499054
vn -0.27446436882019043 0.12384303659200668 0.953589141368866
vn -0.18734166026115417 0.13981671631336212 0.9722933769226074
vn -0.10390102118253708 0.15001921355724335 0.983208417892456
vn -0.014890552498400211 0.1559409201145172 0.9876541495323181
vn 0.07586891949176788 0.16122967004776 0.9839963912963867
vn -0.8287193179130554 -0.5517473220825195 -0.09380380809307098
vn -0.8329570889472961 -0.54918372631073 -0.06767380982637405
vn -0.8397156000137329 -0.5429165959358215 -0.010923261754214764
vn -0.8370905518531799 -0.5428624749183655 0.06767380982637405
vn -0.8289198279380798 -0.5388318300247192 0.15017375349998474
vn -0.8151912689208984 -0.525115430355072 0.24437066912651062
vn -0.7901191711425781 -0.5069636106491089 0.34452807903289795
vn -0.7485873699188232 -0.4916848838329315 0.44481781125068665
vn -0.6923671960830688 -0.4787881076335907 0.5398051738739014
vn -0.6447104811668396 -0.4497690498828888 0.6181069612503052
vn -0.6090856790542603 -0.4220084249973297 0.6715083718299866
vn -0.5789914131164551 -0.3908378779888153 0.715552031993866
vn -0.5480877161026001 -0.349791020154953 0.7597671151161194
vn -0.5264608263969421 -0.28580915927886963 0.8007197380065918
vn -0.4976542890071869 -0.22294379770755768 0.838234007358551
vn -0.46903160214424133 -0.15200133621692657 0.8700028657913208
vn -0.4410649240016937 -0.07119127362966537 0.8946471214294434
vn -0.406990647315979 0.015049192123115063 0.913308322429657
vn -0.34454652667045593 0.03747169300913811 0.9380210638046265
vn -0.2674211263656616 0.04863901063799858 0.962351381778717
vn -0.18951913714408875 0.06276316940784454 0.97986900806427
vn -0.10574393719434738 0.07682746648788452 0.991421103477478
vn -0.025556590408086777 0.0834510326385498 0.9961841106414795
vn -0.8329570889472961 -0.54918372631073 -0.06767380982637405
vn -0.8355437517166138 -0.5492110252380371 -0.0152922747656703
vn -0.8356497287750244 -0.5456014275550842 0.0633138045668602
vn -0.8277795314788818 -0.5417639017105103 0.1458524912595749
vn -0.810272753238678 -0.5345979332923889 0.2401314377784729
vn -0.7814147472381592 -0.5229753851890564 0.34042292833328247
vn -0.7424711585044861 -0.5077303051948547 0.43697428703308105
vn -0.6892197132110596 -0.4914225935935974 0.5324283838272095
vn -0.6389007568359375 -0.4716417193412781 0.607749879360199
vn -0.6065486073493958 -0.44068336486816406 0.661737859249115
vn -0.5804528594017029 -0.41053152084350586 0.7032341957092285
vn -0.5463173389434814 -0.3820246160030365 0.7453821301460266
vn -0.5174248218536377 -0.33497142791748047 0.7874425053596497
vn -0.4901149868965149 -0.27064645290374756 0.8285757899284363
vn -0.4625183641910553 -0.20125693082809448 0.8634653687477112
vn -0.4304438531398773 -0.13352493941783905 0.8926864862442017
vn -0.39175692200660706 -0.052524615079164505 0.9185682535171509
vn -0.8355437517166138 -0.5492110252380371 -0.0152922747656703
vn -0.8319298028945923 -0.5521889925003052 0.05459024757146835
vn -0.8271257877349854 -0.5450124740600586 0.1372016966342926
vn -0.8085929751396179 -0.5408517718315125 0.23163928091526031
vn -0.7824264764785767 -0.5293200612068176 0.3280687630176544
vn -0.7403864860534668 -0.5174005031585693 0.42909738421440125
vn -0.6903196573257446 -0.49781742691993713 0.5250110030174255
vn -0.6404731869697571 -0.4783816635608673 0.6007870435714722
vn -0.6040805578231812 -0.4631311297416687 0.6485338807106018
vn -0.57967209815979 -0.43233269453048706 0.6907016038894653
vn -0.5479984879493713 -0.4018740653991699 0.7336177229881287
vn -0.5159873366355896 -0.36743292212486267 0.7737894654273987
vn -0.48124274611473083 -0.31985750794410706 0.8161473870277405
vn -0.454312801361084 -0.2593958377838135 0.8522403836250305
vn -0.4272213280200958 -0.18663927912712097 0.8846737742424011
vn -0.38655149936676025 -0.1149265319108963 0.9150791168212891
vn -0.33253806829452515 -0.033815816044807434 0.9424833655357361
vn -0.2624221742153168 -0.02253945916891098 0.9646899104118347
vn -0.1909237951040268 -0.007501416373997927 0.9815762042999268
vn -0.1131172701716423 0.007414097432047129 0.9935539960861206
vn -0.033425770699977875 0.020696360617876053 0.9992268681526184
vn 0.06297942996025085 0.09425538033246994 0.9935539960861206
vn 0.1626255363225937 0.16792422533035278 0.9722933769226074
vn 0.2663100063800812 0.23438230156898499 0.9349566102027893
vn 0.36751675605773926 0.2930848300457001 0.882628321647644
vn 0.47654229402542114 0.3452973961830139 0.8085030317306519
vn 0.5721954703330994 0.3840298354625702 0.7246471047401428
vn 0.6550639271736145 0.4144660532474518 0.6317508816719055
vn 0.645595371723175 0.45320186018943787 0.6146662831306458
vn 0.720270037651062 0.4310947060585022 0.5434780716896057
vn 0.7083689570426941 0.4633933901786804 0.5324283838272095
vn 0.7719202637672424 0.4463939666748047 0.45262736082077026
vn 0.756763219833374 0.47900575399398804 0.44481781125068665
vn 0.8084844350814819 0.46169447898864746 0.3649536371231079
vn 0.7403349876403809 0.5108400583267212 0.43697428703308105
vn 0.7911656498908997 0.49378231167793274 0.36088213324546814
vn 0.7207136154174805 0.5413392782211304 0.43303996324539185
vn 0.7739448547363281 0.5259267687797546 0.3527185618877411
vn -0.8319298028945923 -0.5521889925003052 0.05459024757146835
vn -0.8234412670135498 -0.5516243577003479 0.1328723281621933
vn -0.8068220019340515 -0.5470388531684875 0.22312943637371063
vn -0.7813274264335632 -0.5359614491462708 0.3198012113571167
vn -0.7448700070381165 -0.5206683278083801 0.417220801115036
vn -0.6940589547157288 -0.5042633414268494 0.5138099193572998
vn -0.6449735760688782 -0.48539242148399353 0.590256929397583
vn -0.6072173118591309 -0.47286778688430786 0.6385006904602051
vn -0.5802194476127625 -0.4513516426086426 0.677958071231842
vn -0.5536240339279175 -0.4208540618419647 0.7185974717140198
vn -0.522452175617218 -0.3870370388031006 0.7597671151161194
vn -0.48640012741088867 -0.3496610224246979 0.8007197380065918
vn -0.454061895608902 -0.3019793629646301 0.838234007358551
vn -0.4250180125236511 -0.2345150262117386 0.87427818775177
vn -0.3839765191078186 -0.1682114601135254 0.9078915119171143
vn -0.32542067766189575 -0.09270502626895905 0.9410139322280884
vn -0.26040956377983093 -0.07788878679275513 0.962351381778717
vn -0.19405582547187805 -0.0626586377620697 0.9789873361587524
vn -0.12039702385663986 -0.05088020861148834 0.991421103477478
vn -0.045758962631225586 -0.04053890332579613 0.9981296062469482
vn 0.04946611449122429 0.02785879746079445 0.9983872175216675
vn 0.14415742456912994 0.10473649948835373 0.9839963912963867
vn 0.24916420876979828 0.17637969553470612 0.9522643685340881
vn 0.3615254759788513 0.23477739095687866 0.9023185968399048
vn 0.4725048840045929 0.2865700423717499 0.8334367275238037
vn 0.5748127102851868 0.33114299178123474 0.7482877969741821
vn 0.6629381775856018 0.3682388663291931 0.651853621006012
vn 0.730880081653595 0.398016095161438 0.5544344186782837
vn 0.7854881882667542 0.41356736421585083 0.46040233969688416
vn 0.8231387138366699 0.428085595369339 0.37307560443878174
vn 0.8573859333992004 0.415888249874115 0.30319350957870483
vn 0.8416798710823059 0.44961971044540405 0.2990269064903259
vn 0.874293327331543 0.40907686948776245 0.2612801790237427
vn 0.8589141368865967 0.44292959570884705 0.25706008076667786
vn 0.8813071250915527 0.40945667028427124 0.23588760197162628
vn 0.8647462725639343 0.4433631896972656 0.23588760197162628
vn 0.8866487145423889 0.4096337854862213 0.21460255980491638
vn 0.871245801448822 0.443498432636261 0.2103329300880432
vn 0.8915628790855408 0.4096139967441559 0.19321508705615997
vn 0.8751568794250488 0.4435858130455017 0.19321508705615997
vn 0.8958324193954468 0.4098673462867737 0.17173540592193604
vn 0.879476010799408 0.4438794255256653 0.17173540592193604
vn 0.879957914352417 0.45069053769111633 0.15017375349998474
vn 0.8621170520782471 0.48394420742988586 0.15017375349998474
vn 0.8616593480110168 0.4909383952617645 0.12854042649269104
vn 0.842344343662262 0.5233864784240723 0.12854042649269104
vn 0.8383030891418457 0.5362964868545532 0.0981530249118805
vn 0.8130249977111816 0.5738957524299622 0.0981530249118805
vn 0.8004001379013062 0.5983150601387024 0.03713129088282585
vn 0.7723445892333984 0.6338468194007874 0.04149730131030083
vn 0.7530926465988159 0.657098114490509 -0.03276457265019417
vn 0.7228041887283325 0.6907731294631958 -0.01966099627315998
vn 0.6966142654418945 0.7112871408462524 -0.09380380809307098
vn 0.6394020318984985 0.7620096802711487 -0.10250037163496017
vn 0.601872444152832 0.7789480686187744 -0.1760382205247879
vn -0.8239157199859619 -0.5519422292709351 0.12854042649269104
vn -0.8099757432937622 -0.5474480390548706 0.2103329300880432
vn -0.7838066220283508 -0.5396113991737366 0.30735430121421814
vn -0.7466338872909546 -0.5275338888168335 0.405272513628006
vn -0.6994479894638062 -0.5081787109375 0.5025205612182617
vn -0.6520906686782837 -0.48868411779403687 0.5796254277229309
vn -0.614865779876709 -0.4765569567680359 0.6283578276634216
vn -0.5836321711540222 -0.46129852533340454 0.6682642698287964
vn -0.5578600764274597 -0.44074228405952454 0.7032341957092285
vn -0.5238712430000305 -0.4122673273086548 0.7453821301460266
vn -0.4933580756187439 -0.3752041757106781 0.7847417593002319
vn -0.45790329575538635 -0.3345485031604767 0.8236515522003174
vn -0.42148417234420776 -0.283890962600708 0.8612531423568726
vn -0.3820015490055084 -0.21619822084903717 0.8985171914100647
vn -0.323269248008728 -0.1461269110441208 0.9349566102027893
vn -0.8097494840621948 -0.5509899258613586 0.2017817199230194
vn -0.78802490234375 -0.542700469493866 0.29067665338516235
vn -0.7508625388145447 -0.5306187272071838 0.3932546079158783
vn -0.70733243227005 -0.5120413899421692 0.48733407258987427
vn -0.6563647389411926 -0.4955246150493622 0.5688942670822144
vn -0.622404932975769 -0.4801623523235321 0.6181069612503052
vn -0.5948430299758911 -0.4657531678676605 0.6551609039306641
vn -0.5658765435218811 -0.4502388536930084 0.6907016038894653
vn -0.5312767624855042 -0.428845077753067 0.7306414246559143
vn -0.5015181303024292 -0.3978828191757202 0.7682244777679443
vn -0.46525365114212036 -0.36036354303359985 0.8085030317306519
vn -0.43046221137046814 -0.31647053360939026 0.8453097939491272
vn -0.3832719922065735 -0.2654333710670471 0.8846737742424011
vn -0.3242061734199524 -0.19658052921295166 0.9253358840942383
vn -0.255664199590683 -0.13385611772537231 0.9574540853500366
vn -0.19490332901477814 -0.12119867652654648 0.9733054637908936
vn -0.13358168303966522 -0.10447125881910324 0.9855159521102905
vn -0.05667999014258385 -0.098172627389431 0.9935539960861206
vn 0.03461731970310211 -0.03331582993268967 0.9988451600074768
vn 0.1277206391096115 0.043846551328897476 0.990840494632721
vn 0.23185236752033234 0.11581860482692719 0.9658315181732178
vn 0.3469662070274353 0.18079574406147003 0.9202865362167358
vn 0.4650992453098297 0.23951829969882965 0.8522403836250305
vn 0.5739521384239197 0.28356677293777466 0.7682244777679443
vn 0.6645452380180359 0.3278050720691681 0.6715083718299866
vn 0.7407324314117432 0.3573159873485565 0.5688942670822144
vn 0.7956914305686951 0.379595011472702 0.4719987213611603
vn 0.8346768617630005 0.40136080980300903 0.37712597846984863
vn -0.13270951807498932 -0.16041824221611023 0.9780870079994202
vn -0.060216136276721954 -0.15391509234905243 0.9862475395202637
vn 0.025492655113339424 -0.08801085501909256 0.9957932829856873
vn 0.11239016801118851 -0.01479644700884819 0.9935539960861206
vn 0.2128918468952179 0.05931059271097183 0.9752739667892456
vn 0.3291797935962677 0.1322753131389618 0.9349566102027893
vn 0.45163843035697937 0.19778209924697876 0.8700028657913208
vn 0.566912829875946 0.24195899069309235 0.7874425053596497
vn 0.6642470955848694 0.2858443856239319 0.6907016038894653
vn 0.7457802891731262 0.3155413568019867 0.5867242813110352
vn 0.8068101406097412 0.3449057936668396 0.4796847105026245
vn 0.848618745803833 0.3668191432952881 0.3811691105365753
vn 0.8687102198600769 0.3884274661540985 0.30735430121421814
vn 0.8854016065597534 0.3815446197986603 0.26549527049064636
vn 0.8953959941864014 0.3749704957008362 0.2401314377784729
vn 0.9018118977546692 0.3750746548175812 0.21460255980491638
vn 0.906650722026825 0.3750365674495697 0.19321508705615997
vn 0.91087406873703 0.3752537667751312 0.17173540592193604
vn 0.9154366850852966 0.3751036822795868 0.1458524912595749
vn 0.8996723890304565 0.4099236726760864 0.15017375349998474
vn 0.9156385064125061 0.38233354687690735 0.1242060661315918
vn 0.9004382491111755 0.41687387228012085 0.1242060661315918
vn 0.917059063911438 0.38956472277641296 0.08510008454322815
vn 0.901296079158783 0.42386743426322937 0.08945280313491821
vn 0.9118802547454834 0.4104039967060089 0.006554040592163801
vn 0.8956517577171326 0.44449299573898315 0.0152922747656703
vn 0.8937909603118896 0.4376114010810852 -0.0981530249118805
vn 0.8742893934249878 0.47788700461387634 -0.08510008454322815
vn 0.8604612946510315 0.46407583355903625 -0.2103329300880432
vn 0.8381483554840088 0.5100737810134888 -0.19321508705615997
vn 0.7989982962608337 0.5012478232383728 -0.33219319581985474
vn 0.7779724597930908 0.5456380248069763 -0.31150925159454346
vn 0.8805968761444092 0.3606695234775543 0.30735430121421814
vn 0.8565090298652649 0.3389536142349243 0.3892335295677185
vn 0.8118389844894409 0.30975106358528137 0.4949462115764618
vn 0.7485859990119934 0.2804887294769287 0.6007870435714722
vn 0.661980926990509 0.2507461607456207 0.7063339352607727
vn 0.5586114525794983 0.2064337432384491 0.8033295273780823
vn 0.4380556344985962 0.1478719711303711 0.8867024183273315
vn 0.3131300210952759 0.07449934631586075 0.946783721446991
vn 0.19535815715789795 0 0.9807319641113281
vn 0.09557869285345078 -0.07588139176368713 0.9925254583358765
vn 0.009320270270109177 -0.14338822662830353 0.9896226525306702
vn -0.06981504708528519 -0.20518353581428528 0.976230263710022
vn -0.13812130689620972 -0.20924483239650726 0.9680594801902771
vn -0.0740814357995987 -0.2571423649787903 0.9635298252105713
vn -0.14410626888275146 -0.2596297562122345 0.9548956751823425
vn -0.07615267485380173 -0.2999154031276703 0.9509214162826538
vn -0.14720307290554047 -0.3000938892364502 0.9424833655357361
vn -0.08208511769771576 -0.3451349437236786 0.9349566102027893
vn -0.1517646610736847 -0.34302881360054016 0.926983654499054
vn -0.0784953311085701 -0.3873897194862366 0.9185682535171509
vn -0.14907900989055634 -0.3832838833332062 0.9115201234817505
vn -0.08033022284507751 -0.41950106620788574 0.9041935205459595
vn -0.1442098468542099 -0.41457250714302063 0.8985171914100647
vn -0.0693039521574974 -0.45319339632987976 0.888714075088501
vn -0.1390446573495865 -0.44499310851097107 0.8846737742424011
vn -0.060121942311525345 -0.4855324327945709 0.872148871421814
vn -0.12662479281425476 -0.47257015109062195 0.872148871421814
vn -0.04701473191380501 -0.5097709894180298 0.8590245246887207
vn -0.11391612887382507 -0.49909916520118713 0.8590245246887207
vn -0.02444864623248577 -0.5300142765045166 0.8476362228393555
vn -0.0974360927939415 -0.5139966011047363 0.8522403836250305
vn 1.6827694565482026e-13 -0.5416429042816162 0.8406086564064026
vn -0.06940974295139313 -0.5260182023048401 0.8476362228393555
vn 0.03199245408177376 -0.5516880750656128 0.8334367275238037
vn -0.043240081518888474 -0.5362242460250854 0.8429672718048096
vn 0.05077643319964409 -0.557569682598114 0.8285757899284363
vn -0.022581348195672035 -0.5411719679832458 0.8406086564064026
vn 0.12148561328649521 -0.5830119252204895 0.8033295273780823
vn 0.1030144989490509 -0.5794056057929993 0.8085030317306519
vn 0.06763840466737747 -0.5666671991348267 0.8211658596992493
vn 0.047017138451337814 -0.550611138343811 0.8334367275238037
vn 0.026333166286349297 -0.5336270928382874 0.8453097939491272
vn 0.009409460239112377 -0.5043203830718994 0.8634653687477112
vn 0.0018825703300535679 -0.46620675921440125 0.8846737742424011
vn -0.007523203734308481 -0.43100404739379883 0.9023185968399048
vn -0.016909398138523102 -0.39087942242622375 0.9202865362167358
vn -0.01126154325902462 -0.3463951647281647 0.9380210638046265
vn -0.007522332947701216 -0.2968461513519287 0.9548956751823425
vn -0.0037589154671877623 -0.24645988643169403 0.9691457152366638
vn 6.069362406321138e-14 -0.19535815715789795 0.9807319641113281
vn 0.08463185280561447 -0.1266605257987976 0.9883291721343994
vn 0.17728903889656067 -0.0587836429476738 0.9824016690254211
vn 0.29238128662109375 0.015009784139692783 0.9561840295791626
vn 0.4200214147567749 0.0969695895910263 0.9023185968399048
vn 0.5467946529388428 0.1634083390235901 0.8211658596992493
vn 0.655666708946228 0.22215422987937927 0.7216291427612305
vn 0.7474551796913147 0.25198423862457275 0.6146662831306458
vn 0.8174625039100647 0.28147491812705994 0.5025205612182617
vn 0.8660259246826172 0.30360671877861023 0.3972681760787964
vn 0.8901800513267517 0.33247771859169006 0.31150925159454346
vn 0.8969078063964844 0.3536504805088043 0.26549527049064636
vn 0.906624436378479 0.3469424247741699 0.2401314377784729
vn 0.9129741191864014 0.3470216393470764 0.21460255980491638
vn 0.9177569150924683 0.34697291254997253 0.19321508705615997
vn 0.922791600227356 0.3470202386379242 0.16742929816246033
vn 0.9264500737190247 0.34701189398765564 0.1458524912595749
vn 0.9300139546394348 0.3474268317222595 0.11986933648586273
vn 0.9319749474525452 0.3543829321861267 0.0763898640871048
vn 0.9295517206192017 0.3686853349208832 -0.002184694167226553
vn 0.911327600479126 0.39638230204582214 -0.1111890971660614
vn 0.8790234327316284 0.41672655940055847 -0.23163928091526031
vn 0.8175444602966309 0.448759526014328 -0.36088213324546814
vn 0.17661701142787933 -0.6118360161781311 0.7710143327713013
vn 0.15645328164100647 -0.603289008140564 0.7820260524749756
vn 0.1309230625629425 -0.5881360769271851 0.7980946898460388
vn 0.10487095266580582 -0.5754762887954712 0.8110666871070862
vn 0.08628900349140167 -0.5568459630012512 0.8261215686798096
vn 0.07498129457235336 -0.5215063691139221 0.8499464392662048
vn 0.060121942311525345 -0.4855324327945709 0.872148871421814
vn 0.05442723259329796 -0.44344577193260193 0.8946471214294434
vn 0.04688643664121628 -0.40053942799568176 0.9150791168212891
vn 0.052519917488098145 -0.3508528769016266 0.9349566102027893
vn 0.05228736251592636 -0.2965363562107086 0.953589141368866
vn 0.06307802349328995 -0.24265626072883606 0.9680594801902771
vn 0.07160353660583496 -0.18635892868041992 0.97986900806427
vn 0.15978917479515076 -0.11239319294691086 0.9807319641113281
vn 0.2723431885242462 -0.04484514892101288 0.961154580116272
vn 0.40152326226234436 0.03753974661231041 0.9150791168212891
vn 0.5320543646812439 0.11950694769620895 0.838234007358551
vn 0.6502881050109863 0.1859445422887802 0.736579954624176
vn 0.7458739280700684 0.2304476797580719 0.6249527335166931
vn 0.8176447749137878 0.2597237229347229 0.5138099193572998
vn 0.871868371963501 0.27495402097702026 0.405272513628006
vn 0.901258647441864 0.2968042492866516 0.31565824151039124
vn 0.9160459637641907 0.2968481481075287 0.26970529556274414
vn 0.9062952399253845 0.3254043757915497 0.26970529556274414
vn 0.9264399409294128 0.289906769990921 0.2401314377784729
vn 0.916975736618042 0.31857869029045105 0.2401314377784729
vn 0.9326713681221008 0.2899479568004608 0.21460255980491638
vn 0.9232638478279114 0.31863704323768616 0.21460255980491638
vn 0.9381518959999084 0.2901342213153839 0.18892620503902435
vn 0.9287843108177185 0.318852037191391 0.18892620503902435
vn 0.9451784491539001 0.28289487957954407 0.16312000155448914
vn 0.9329807162284851 0.3186132609844208 0.16742929816246033
vn 0.949349582195282 0.28268539905548096 0.1372016966342926
vn 0.9371961355209351 0.3187994956970215 0.1415284425020218
vn 0.9526686072349548 0.28294795751571655 0.1111890971660614
vn 0.9407661557197571 0.3187659680843353 0.11553031951189041
vn 0.9567109942436218 0.28306248784065247 0.06767380982637405
vn 0.9450250267982483 0.31896549463272095 0.07203252613544464
vn 0.9567553400993347 0.29022857546806335 -0.01966099627315998
vn 0.9427531957626343 0.33331233263015747 -0.010923261754214764
vn 0.9442430138587952 0.2972789704799652 -0.1415284425020218
vn 0.9295144081115723 0.3472402095794678 -0.1242060661315918
vn 0.9099025726318359 0.311529278755188 -0.27391019463539124
vn 0.8959540128707886 0.3680514693260193 -0.24860523641109467
vn 0.8507212400436401 0.3248094618320465 -0.41324591636657715
vn 0.837429404258728 0.3877229690551758 -0.3852050006389618
vn 0.22371652722358704 -0.634861409664154 0.7395281791687012
vn 0.20929011702537537 -0.6294942498207092 0.7482877969741821
vn 0.18200165033340454 -0.613764226436615 0.7682244777679443
vn 0.15829874575138092 -0.5992677807807922 0.7847417593002319
vn 0.14350464940071106 -0.5779862403869629 0.8033295273780823
vn 0.13243961334228516 -0.5439870953559875 0.8285757899284363
vn 0.12134817987680435 -0.5050479769706726 0.8545181155204773
vn 0.11749488860368729 -0.4591280519962311 0.8805659413337708
vn 0.11326809972524643 -0.4118305742740631 0.9041935205459595
vn 0.11304457485675812 -0.3576621413230896 0.926983654499054
vn 0.11925692856311798 -0.2989621162414551 0.946783721446991
vn 0.13481684029102325 -0.23601742088794708 0.962351381778717
vn 0.14622251689434052 -0.1713487058877945 0.9742990136146545
vn 0.2544008791446686 -0.09570784866809845 0.962351381778717
vn 0.38289254903793335 -0.015043889172375202 0.9236704111099243
vn 0.5149983763694763 0.067642442882061 0.8545181155204773
vn 0.6395536661148071 0.14956682920455933 0.7540562748908997
vn 0.7408155202865601 0.20858865976333618 0.6385006904602051
vn 0.819486141204834 0.23812200129032135 0.5212872624397278
vn 0.8744849562644958 0.260345458984375 0.40926313400268555
vn 0.90665203332901 0.27515310049057007 0.3198012113571167
vn 0.9236621856689453 0.267995148897171 0.27391019463539124
vn 0.9329503774642944 0.2682172358036041 0.2401314377784729
vn 0.939142644405365 0.2682478129863739 0.21460255980491638
vn 0.9466318488121033 0.2611418664455414 0.18892620503902435
vn 0.952187180519104 0.2609975039958954 0.15880759060382843
vn 0.956129252910614 0.26107823848724365 0.1328723281621933
vn 0.9613659381866455 0.253691703081131 0.10684575140476227
vn 0.9654560685157776 0.2538093626499176 0.058952588587999344
vn 0.9666973352432251 0.2538163959980011 -0.03276457265019417
vn 0.9548158645629883 0.2538875341415405 -0.15449213981628418
vn 0.9225695133209229 0.2537175714969635 -0.29067665338516235
vn 0.8589418530464172 0.2604339122772217 -0.4409002661705017
vn 0.2650853991508484 -0.6596903800964355 0.7032341957092285
vn 0.2593561112880707 -0.6519879102706909 0.7124928832054138
vn 0.23281781375408173 -0.6384363174438477 0.7336177229881287
vn 0.21827083826065063 -0.6229667663574219 0.7511792182922363
vn 0.20536719262599945 -0.6027945280075073 0.7710143327713013
vn 0.19084271788597107 -0.567826509475708 0.8007197380065918
vn 0.19182118773460388 -0.5221303105354309 0.8310141563415527
vn 0.18936580419540405 -0.475623220205307 0.8590245246887207
vn 0.19180086255073547 -0.42492905259132385 0.8846737742424011
vn 0.19335299730300903 -0.3674699664115906 0.9097144603729248
vn 0.20989637076854706 -0.30103620886802673 0.9302261471748352
vn 0.22559452056884766 -0.2295815348625183 0.946783721446991
vn 0.2382386028766632 -0.16286194324493408 0.9574540853500366
vn 0.36345240473747253 -0.07469137012958527 0.9286137819290161
vn 0.4967864155769348 0.007522023282945156 0.8678402304649353
vn 0.6258782148361206 0.09760298579931259 0.7737894654273987
vn 0.7356375455856323 0.1720512956380844 0.6551609039306641
vn 0.816399097442627 0.22363480925559998 0.5324283838272095
vn 0.8749269843101501 0.24582423269748688 0.417220801115036
vn 0.9094750285148621 0.2606133818626404 0.3239381015300751
vn 0.9257359504699707 0.26074159145355225 0.27391019463539124
vn 0.9350078701972961 0.2609543800354004 0.2401314377784729
vn 0.9431765079498291 0.25370022654533386 0.21460255980491638
vn 0.9494816660881042 0.25376155972480774 0.18463370203971863
vn 0.9560657739639282 0.24641096591949463 0.15880759060382843
vn 0.9605480432510376 0.2466268241405487 0.12854042649269104
vn 0.9655492305755615 0.23918256163597107 0.10250037163496017
vn 0.9712056517601013 0.23190414905548096 0.05459024757146835
vn 0.9718835353851318 0.231776624917984 -0.04149730131030083
vn 0.9599508047103882 0.22463715076446533 -0.16742929816246033
vn 0.9251424074172974 0.21696434915065765 -0.31150925159454346
vn 0.8626061081886292 0.20961947739124298 -0.46040233969688416
vn 0.3126494586467743 -0.6846067905426025 0.6584556698799133
vn 0.30028367042541504 -0.680626630783081 0.6682642698287964
vn 0.29102665185928345 -0.6619930267333984 0.6907016038894653
vn 0.27330055832862854 -0.6462666988372803 0.7124928832054138
vn 0.26787760853767395 -0.6245371699333191 0.7336177229881287
vn 0.26871925592422485 -0.5884130597114563 0.762600839138031
vn 0.26415184140205383 -0.5454137325286865 0.7954543828964233
vn 0.2759031653404236 -0.49545490741729736 0.8236515522003174
vn 0.2800996005535126 -0.43742772936820984 0.8545181155204773
vn 0.29210641980171204 -0.373198926448822 0.8805659413337708
vn 0.31008559465408325 -0.2994461953639984 0.9023185968399048
vn 0.3283870816230774 -0.2199869304895401 0.9185682535171509
vn 0.34814751148223877 -0.1396230161190033 0.926983654499054
vn 0.47948434948921204 -0.04509779065847397 0.8763908743858337
vn 0.6117835640907288 0.03765948861837387 0.790128231048584
vn 0.7299208045005798 0.1276405304670334 0.6715083718299866
vn 0.817188024520874 0.15750007331371307 0.5544344186782837
vn 0.8190349340438843 0.1944020390510559 0.5398051738739014
vn 0.8813058733940125 0.17987051606178284 0.43697428703308105
vn 0.8788232207298279 0.21661047637462616 0.42514660954475403
vn 0.9198818206787109 0.19475553929805756 0.34042292833328247
vn 0.9161497354507446 0.224315345287323 0.33219319581985474
vn 0.9377824068069458 0.20215970277786255 0.28230419754981995
vn 0.9322192668914795 0.2315644770860672 0.2781098484992981
vn 0.9483347535133362 0.20234662294387817 0.24437066912651062
vn 0.9415741562843323 0.2317781150341034 0.24437066912651062
vn 0.9497746825218201 0.23170702159404755 0.2103329300880432
vn 0.9460845589637756 0.246341273188591 0.2103329300880432
vn 0.9541130065917969 0.2390536516904831 0.18033768236637115
vn 0.9441549181938171 0.25363659858703613 0.2103329300880432
vn 0.9514028429985046 0.24646103382110596 0.18463370203971863
vn 0.3469546139240265 -0.6838432550430298 0.641857385635376
vn 0.33616873621940613 -0.6701444983482361 0.661737859249115
vn 0.3337090015411377 -0.6483017802238464 0.6843559741973877
vn 0.3427283465862274 -0.6087056994438171 0.715552031993866
vn 0.3521382510662079 -0.5621956586837769 0.7482877969741821
vn 0.36405494809150696 -0.510061502456665 0.7792953848838806
vn 0.3747173845767975 -0.44917452335357666 0.8110666871070862
vn 0.39544638991355896 -0.37548089027404785 0.838234007358551
vn 0.41288644075393677 -0.29625627398490906 0.8612531423568726
vn 0.44034165143966675 -0.20429600775241852 0.87427818775177
vn 0.46268177032470703 -0.1191071942448616 0.8784868121147156
vn 0.5953444242477417 -0.015056164003908634 0.8033295273780823
vn 0.7192177176475525 0.07521399855613708 0.6907016038894653
vn 0.8131263852119446 0.10530666261911392 0.5724822878837585
vn 0.881389319896698 0.13520844280719757 0.45262736082077026
vn 0.9251244068145752 0.15034735202789307 0.34862664341926575
vn 0.9450153112411499 0.15769515931606293 0.2864931523799896
vn 0.9543951153755188 0.16530390083789825 0.24860523641109467
vn 0.9564749598503113 0.20227637887001038 0.2103329300880432
vn 0.9576684832572937 0.22438660264015198 0.18033768236637115
vn 0.9603862762451172 0.23192749917507172 0.15449213981628418
vn 0.9585854411125183 0.23926162719726562 0.15449213981628418
vn 0.4054795801639557 -0.6670984625816345 0.6249527335166931
vn 0.42149055004119873 -0.6269847750663757 0.6551609039306641
vn 0.4338412582874298 -0.5785439014434814 0.6907016038894653
vn 0.45153141021728516 -0.5247578024864197 0.7216291427612305
vn 0.47599753737449646 -0.457335889339447 0.7511792182922363
vn 0.4988771080970764 -0.37923651933670044 0.7792953848838806
vn 0.524651050567627 -0.2891179621219635 0.8007197380065918
vn 0.5549110770225525 -0.18505294620990753 0.8110666871070862
vn 0.5779857039451599 -0.0900188684463501 0.8110666871070862
vn 0.7075175046920776 0.022611746564507484 0.7063339352607727
vn 0.8080683350563049 0.052727535367012024 0.5867242813110352
vn 0.8818089962005615 0.08282529562711716 0.4642767012119293
vn 0.9282146096229553 0.10539811849594116 0.3568037748336792
vn 0.9488521218299866 0.11287368088960648 0.2948545813560486
vn 0.9599746465682983 0.12051183730363846 0.25283506512641907
vn 0.9692438840866089 0.12046581506729126 0.21460255980491638
vn 0.9626179933547974 0.16526441276073456 0.21460255980491638
vn 0.9708673357963562 0.15778130292892456 0.18033768236637115
vn 0.9641023278236389 0.19489748775959015 0.18033768236637115
vn 0.9692464470863342 0.19495953619480133 0.15017375349998474
vn 0.9628417491912842 0.2244628518819809 0.15017375349998474
vn 0.9687315821647644 0.21723361313343048 0.11986933648586273
vn 0.964796245098114 0.23182114958763123 0.1242060661315918
vn 0.9716383218765259 0.21707092225551605 0.09380380809307098
vn 0.9630049467086792 0.23915334045886993 0.1242060661315918
vn 0.9682363867759705 0.2317739725112915 0.09380380809307098
vn 0.49557918310165405 -0.6404341459274292 0.5867242813110352
vn 0.5222529172897339 -0.5875335335731506 0.6181069612503052
vn 0.5448658466339111 -0.5315307974815369 0.6485338807106018
vn 0.5765312314033508 -0.4608016312122345 0.67473965883255
vn 0.6090517640113831 -0.37267470359802246 0.7001210451126099
vn 0.6403067111968994 -0.27133938670158386 0.7185974717140198
vn 0.6725088953971863 -0.1642654538154602 0.7216291427612305
vn 0.6934277415275574 -0.0526847243309021 0.7185974717140198
vn 0.7964553833007812 -0.022615760564804077 0.6042742133140564
vn 0.8794960975646973 0.007549415808171034 0.4758462607860565
vn 0.928932249546051 0.030174190178513527 0.3690181374549866
vn 0.9531692862510681 0.045290507376194 0.2990269064903259
vn 0.9649533629417419 0.0527740940451622 0.25706008076667786
vn 0.9743234515190125 0.052826281636953354 0.21886809170246124
vn 0.976203978061676 0.12043298035860062 0.18033768236637115
vn 0.9778241515159607 0.15028952062129974 0.1458524912595749
vn 0.9768367409706116 0.18011857569217682 0.11553031951189041
vn 0.9752090573310852 0.2023993581533432 0.08945280313491821
vn 0.9768847227096558 0.2097003161907196 0.04149730131030083
vn 0.9733589291572571 0.22465302050113678 0.04586252197623253
vn 0.777129054069519 -0.13511385023593903 0.6146662831306458
vn 0.7478045225143433 -0.25924113392829895 0.6112139225006104
vn 0.7149530649185181 -0.3634400963783264 0.5972883701324463
vn 0.6747666001319885 -0.46135202050209045 0.5760593414306641
vn 0.6375231742858887 -0.5349454879760742 0.5544344186782837
vn 0.6074767112731934 -0.592808723449707 0.528724730014801
vn 0.5728783011436462 -0.6475210785865784 0.5025205612182617
vn 0.5495988130569458 -0.683991014957428 0.4796847105026245
vn 0.476178377866745 -0.6765820384025574 0.5616858005523682
vn 0.5399267077445984 -0.6995155811309814 0.46814218163490295
vn 0.4677301049232483 -0.6970366835594177 0.5434780716896057
vn 0.46497052907943726 -0.7073346972465515 0.5324283838272095
vn 0.40360772609710693 -0.699069082736969 0.590256929397583
vn 0.40543392300605774 -0.7097738981246948 0.5760593414306641
vn 0.35077184438705444 -0.7004658579826355 0.6215357780456543
vn 0.3547718822956085 -0.7074987292289734 0.6112139225006104
vn 0.6015658378601074 -0.7041978240013123 0.37712597846984863
vn 0.6197354197502136 -0.6837726831436157 0.3852050006389618
vn 0.6496770977973938 -0.6456769108772278 0.401274174451828
vn 0.6844328045845032 -0.5951072573661804 0.42118772864341736
vn 0.7227950096130371 -0.5288709402084351 0.44481781125068665
vn 0.7672024965286255 -0.4465758800506592 0.46040233969688416
vn 0.8038157820701599 -0.3518277406692505 0.4796847105026245
vn 0.8400328755378723 -0.23843301832675934 0.48733407258987427
vn 0.866831362247467 -0.10539858043193817 0.48733407258987427
vn 0.6512489914894104 -0.6992392539978027 0.2948545813560486
vn 0.6707363724708557 -0.6787456274032593 0.2990269064903259
vn 0.7025371789932251 -0.6398464441299438 0.31150925159454346
vn 0.7416852116584778 -0.5873390436172485 0.3239381015300751
vn 0.7835067510604858 -0.5198359489440918 0.34042292833328247
vn 0.8266347050666809 -0.435162216424942 0.3568037748336792
vn 0.8653714656829834 -0.3390543460845947 0.3690181374549866
vn 0.9021437168121338 -0.21668249368667603 0.37307560443878174
vn 0.9240947961807251 -0.0828455239534378 0.37307560443878174
vn 0.6756590604782104 -0.6970091462135315 0.2401314377784729
vn 0.6956049203872681 -0.6755862236022949 0.24437066912651062
vn 0.728603720664978 -0.6365618705749512 0.25283506512641907
vn 0.7678377628326416 -0.5830415487289429 0.26549527049064636
vn 0.8110185861587524 -0.5146880149841309 0.2781098484992981
vn 0.8551721572875977 -0.42917096614837646 0.29067665338516235
vn 0.8969833254814148 -0.325582355260849 0.2990269064903259
vn 0.9282142519950867 -0.20964643359184265 0.30735430121421814
vn 0.9486021995544434 -0.07541387528181076 0.30735430121421814
vn 0.6918942332267761 -0.6932290196418762 0.2017817199230194
vn 0.7070971131324768 -0.6764268279075623 0.2060592919588089
vn 0.7400482296943665 -0.637396514415741 0.21460255980491638
vn 0.7850587964057922 -0.5778372883796692 0.22312943637371063
vn 0.8277398347854614 -0.5091206431388855 0.23588760197162628
vn 0.8691588640213013 -0.4299370050430298 0.24437066912651062
vn 0.9110123515129089 -0.32577744126319885 0.25283506512641907
vn 0.9438548684120178 -0.2021649330854416 0.2612801790237427
vn 0.9628764390945435 -0.0678350031375885 0.2612801790237427
vn 0.7009648680686951 -0.6942910552024841 0.16312000155448914
vn 0.7213586568832397 -0.6720187067985535 0.16742929816246033
vn 0.7540813684463501 -0.6327494382858276 0.1760382205247879
vn 0.7942194938659668 -0.5789004564285278 0.18463370203971863
vn 0.8384894728660583 -0.5095127820968628 0.19321508705615997
vn 0.8831372261047363 -0.42350059747695923 0.2017817199230194
vn 0.9242715835571289 -0.3185625970363617 0.2103329300880432
vn 0.9555148482322693 -0.20232924818992615 0.21460255980491638
vn 0.9733892679214478 -0.06789781153202057 0.21886809170246124
vn 0.7072232365608215 -0.6952069401741028 0.12854042649269104
vn 0.7276512384414673 -0.6729551553726196 0.1328723281621933
vn 0.7620230317115784 -0.6328479647636414 0.1372016966342926
vn 0.8021355271339417 -0.5790557861328125 0.1458524912595749
vn 0.8460322618484497 -0.5102564096450806 0.15449213981628418
vn 0.8909968137741089 -0.423693984746933 0.16312000155448914
vn 0.9305150508880615 -0.32574403285980225 0.16742929816246033
vn 0.963340699672699 -0.20244817435741425 0.1760382205247879
vn 0.9812610745429993 -0.06786001473665237 0.18033768236637115
vn 0.9821867346763611 0.052796587347984314 0.18033768236637115
vn 0.9828421473503113 0.11290869116783142 0.1458524912595749
vn 0.9834628701210022 0.14296090602874756 0.1111890971660614
vn 0.9812716841697693 0.17281167209148407 0.08510008454322815
vn 0.9815532565116882 0.18754860758781433 0.03713129088282585
vn 0.9807233214378357 0.18762099742889404 -0.05459024757146835
vn 0.9764394760131836 0.20986466109752655 -0.05022686347365379
vn 0.9888983368873596 0.04527502506971359 0.1415284425020218
vn 0.987057626247406 -0.07541158050298691 0.1415284425020218
vn 0.9686827659606934 -0.20975841581821442 0.1328723281621933
vn 0.9365420937538147 -0.3261384665966034 0.12854042649269104
vn 0.894472599029541 -0.43075528740882874 0.11986933648586273
vn 0.8483570218086243 -0.5166653990745544 0.11553031951189041
vn 0.8079188466072083 -0.5795266032218933 0.10684575140476227
vn 0.7671776413917542 -0.6338804960250854 0.0981530249118805
vn 0.7333534359931946 -0.6733450293540955 0.09380380809307098
vn 0.7126058340072632 -0.6952652335166931 0.09380380809307098
vn 0.6976169943809509 -0.705622673034668 0.1242060661315918
vn 0.7022675275802612 -0.7062708735466003 0.08945280313491821
vn 0.6868016719818115 -0.7161538004875183 0.1242060661315918
vn 0.6914812326431274 -0.7168346047401428 0.08945280313491821
vn 0.6813342571258545 -0.7213574051856995 0.1242060661315918
vn 0.6862910389900208 -0.7223313450813293 0.08510008454322815
vn 0.6893322467803955 -0.722702145576477 0.05022686347365379
vn 0.7053847312927246 -0.7067193388938904 0.05459024757146835
vn 0.7159907221794128 -0.6959721446037292 0.05459024757146835
vn 0.7314101457595825 -0.6793848872184753 0.058952588587999344
vn 0.7661218643188477 -0.639569103717804 0.0633138045668602
vn 0.807162344455719 -0.5864377617835999 0.06767380982637405
vn 0.8528814315795898 -0.5171118378639221 0.07203252613544464
vn 0.8956754207611084 -0.4373164772987366 0.08074574917554855
vn 0.9389801621437073 -0.3332780599594116 0.08510008454322815
vn 0.9716383218765259 -0.21707092225551605 0.09380380809307098
vn 0.991706371307373 -0.08297277987003326 0.0981530249118805
vn 0.9938176274299622 0.030175162479281425 0.10684575140476227
vn 0.9889558553695679 0.09799638390541077 0.1111890971660614
vn 0.7016110420227051 -0.7122888565063477 0.01966099627315998
vn 0.7122888565063477 -0.7016110420227051 0.01966099627315998
vn 0.7331546545028687 -0.6797776818275452 0.01966099627315998
vn 0.7679757475852966 -0.6400279998779297 0.024029340595006943
vn 0.8051263093948364 -0.5924232006072998 0.028397228568792343
vn 0.8513926863670349 -0.5235045552253723 0.03276457265019417
vn 0.8951388001441956 -0.44423842430114746 0.03713129088282585
vn 0.9368597865104675 -0.3472343385219574 0.04149730131030083
vn 0.9714283347129822 -0.2319573312997818 0.05022686347365379
vn 0.9934422969818115 -0.09796403348445892 0.058952588587999344
vn 0.9975931644439697 0.015104919672012329 0.06767380982637405
vn 0.9932897686958313 0.09048069268465042 0.07203252613544464
vn 0.9888328313827515 0.12796181440353394 0.0763898640871048
vn 0.71193528175354 -0.7012627124786377 -0.03713129088282585
vn 0.7277500033378601 -0.6850594282150269 -0.03276457265019417
vn 0.7580334544181824 -0.6513921618461609 -0.03276457265019417
vn 0.8005224466323853 -0.5984064936637878 -0.03276457265019417
vn 0.8433889150619507 -0.5363036394119263 -0.03276457265019417
vn 0.8885818123817444 -0.45783838629722595 -0.028397228568792343
vn 0.9292855262756348 -0.3685797452926636 -0.024029340595006943
vn 0.9671035408973694 -0.2539230287075043 -0.0152922747656703
vn 0.9917489886283875 -0.12802726030349731 -0.006554040592163801
vn 0.9999691247940063 -0.007551815826445818 0.002184694167226553
vn 0.9981160163879395 0.060374896973371506 0.010923261754214764
vn 0.9933987855911255 0.11301462352275848 0.01966099627315998
vn 0.9882166981697083 0.15040382742881775 0.028397228568792343
vn 0.712497353553772 -0.6898006200790405 -0.12854042649269104
vn 0.7428356409072876 -0.6561555862426758 -0.1328723281621933
vn 0.7804552912712097 -0.6099715232849121 -0.1372016966342926
vn 0.8199414610862732 -0.5546761751174927 -0.1415284425020218
vn 0.8635291457176208 -0.48403212428092957 -0.1415284425020218
vn 0.9071925282478333 -0.3961962163448334 -0.1415284425020218
vn 0.9470645785331726 -0.2902487814426422 -0.1372016966342926
vn 0.9765285849571228 -0.17282743752002716 -0.12854042649269104
vn 0.9914697408676147 -0.06033635511994362 -0.11553031951189041
vn 0.994475245475769 0.022643303498625755 -0.10250037163496017
vn 0.993131697177887 0.07541624456644058 -0.08945280313491821
vn 0.989773154258728 0.12047266215085983 -0.0763898640871048
vn 0.984218418598175 0.16524361073970795 -0.0633138045668602
vn 0.7083778977394104 -0.6589955687522888 -0.25283506512641907
vn 0.7405121326446533 -0.6191724538803101 -0.2612801790237427
vn 0.7750219702720642 -0.5714893341064453 -0.26970529556274414
vn 0.8146809339523315 -0.5088711977005005 -0.2781098484992981
vn 0.8576604127883911 -0.4297940731048584 -0.28230419754981995
vn 0.8957709670066833 -0.3398764729499817 -0.2864931523799896
vn 0.9339430332183838 -0.22451119124889374 -0.2781098484992981
vn 0.9565476775169373 -0.12053554505109787 -0.26549527049064636
vn 0.966772735118866 -0.03774843364953995 -0.25283506512641907
vn 0.9715165495872498 0.022640259936451912 -0.23588760197162628
vn 0.9728347063064575 0.07542770355939865 -0.21886809170246124
vn 0.9710308313369751 0.1279972940683365 -0.2017817199230194
vn 0.9671123027801514 0.1654137223958969 -0.19321508705615997
vn 0.9289147853851318 0.08295398205518723 -0.36088213324546814
vn 0.9256699681282043 0.03018530085682869 -0.37712597846984863
vn 0.920364499092102 -0.03776805102825165 -0.3892335295677185
vn 0.9080953001976013 -0.10543747246265411 -0.405272513628006
vn 0.8874146342277527 -0.18733970820903778 -0.42118772864341736
vn 0.8600040078163147 -0.28221166133880615 -0.42514660954475403
vn 0.8212499022483826 -0.38052457571029663 -0.42514660954475403
vn 0.7832446098327637 -0.4609280228614807 -0.417220801115036
vn 0.7488053441047668 -0.5244470834732056 -0.405272513628006
vn 0.7139365673065186 -0.5793491005897522 -0.3932546079158783
vn 0.6880199313163757 -0.6200037002563477 -0.37712597846984863
vn 0.6594558954238892 -0.6594558954238892 -0.36088213324546814
vn 0.6382900476455688 -0.686327338218689 -0.34862664341926575
vn 0.5926862359046936 -0.6740400791168213 -0.4409002661705017
vn 0.5851708054542542 -0.690525472164154 -0.42514660954475403
vn 0.6073489189147949 -0.6474233269691467 -0.46040233969688416
vn 0.6270836591720581 -0.6137333512306213 -0.4796847105026245
vn 0.6469436883926392 -0.5735303163528442 -0.5025205612182617
vn 0.6703177690505981 -0.531801164150238 -0.5175535082817078
vn 0.6968531012535095 -0.47641271352767944 -0.5361219048500061
vn 0.7296481132507324 -0.40526652336120605 -0.5507928133010864
vn 0.7610991597175598 -0.33059200644493103 -0.5580654144287109
vn 0.7926125526428223 -0.24561823904514313 -0.5580654144287109
vn 0.8156788945198059 -0.16513778269290924 -0.5544344186782837
vn 0.8312830328941345 -0.09800837188959122 -0.5471406579017639
vn 0.8438363075256348 -0.022663479670882225 -0.5361219048500061
vn 0.8525460362434387 0.037747908383607864 -0.5212872624397278
vn 0.9289500117301941 0.13547039031982422 -0.34452807903289795
vn 0.9640547633171082 0.19513258337974548 -0.18033768236637115
vn 0.9273219108581543 0.1801249086856842 -0.3280687630176544
vn 0.8631467819213867 0.15773455798625946 -0.4796847105026245
vn 0.8611965179443359 0.09798368811607361 -0.4987381398677826
vn 0.39923807978630066 -0.6864758133888245 0.607749879360199
vn 0.8264227509498596 0.4822162687778473 0.29067665338516235
vn 0.8082072734832764 0.5145121216773987 0.2864931523799896
vn 0.8419481515884399 0.4766526222229004 0.25283506512641907
vn 0.8239917755126953 0.5091492533683777 0.24860523641109467
vn 0.848073422908783 0.47656556963920593 0.23163928091526031
vn 0.8301570415496826 0.5090526938438416 0.22738653421401978
vn 0.8534846305847168 0.4767851233482361 0.2103329300880432
vn 0.8355714678764343 0.509273886680603 0.2060592919588089
vn 0.858186662197113 0.47730764746665955 0.18892620503902435
vn 0.8392030000686646 0.509946346282959 0.18892620503902435
vn 0.8581467270851135 0.48382964730262756 0.17173540592193604
vn 0.8399630784988403 0.5161679983139038 0.16742929816246033
vn 0.8153843879699707 0.5541802644729614 0.16742929816246033
vn 0.8390524983406067 0.5229136943817139 0.15017375349998474
vn 0.8151708245277405 0.5605564713478088 0.1458524912595749
vn 0.7891810536384583 0.5976310968399048 0.1415284425020218
vn 0.8175567388534546 0.5613183975219727 0.12854042649269104
vn 0.7874013781547546 0.6037979125976562 0.1242060661315918
vn 0.7554979920387268 0.6448841094970703 0.11553031951189041
vn 0.7822336554527283 0.6158825755119324 0.09380380809307098
vn 0.7487738728523254 0.656761646270752 0.08945280313491821
vn 0.6983376145362854 0.71168053150177 0.0763898640871048
vn 0.7370328307151794 0.6742990612983704 0.04586252197623253
vn 0.6851509809494019 0.7278472781181335 0.028397228568792343
vn 0.6683973073959351 0.7430824637413025 -0.03276457265019417
vn 0.8769581317901611 0.23139873147010803 0.42118772864341736
vn 0.9139926433563232 0.23872236907482147 0.3280687630176544
vn 0.9297124743461609 0.24618683755397797 0.27391019463539124
vn 0.9389531016349792 0.2463817596435547 0.2401314377784729
vn 0.937008798122406 0.25367575883865356 0.2401314377784729
vn 0.9100644588470459 0.2532854378223419 0.3280687630176544
vn 0.9277527332305908 0.2534720301628113 0.27391019463539124
vn -0.11025320738554001 -0.5265457034111023 0.8429672718048096
vn -0.1249447837471962 -0.5232541561126709 0.8429672718048096
vn -0.20737621188163757 -0.5043399930000305 0.838234007358551
vn -0.22122441232204437 -0.4984210133552551 0.838234007358551
vn -0.31849566102027893 -0.48640668392181396 0.8136147856712341
vn -0.32477015256881714 -0.48223987221717834 0.8136147856712341
vn -0.411408394575119 -0.47269636392593384 0.7792953848838806
vn -0.4170681834220886 -0.4677102267742157 0.7792953848838806
vn -0.4793061912059784 -0.4633260667324066 0.7453821301460266
vn -0.4793061912059784 -0.4633260667324066 0.7453821301460266
vn -0.5236479043960571 -0.46236151456832886 0.715552031993866
vn -0.5251193642616272 -0.45592474937438965 0.7185974717140198
vn -0.5693681836128235 -0.4602566063404083 0.681163489818573
vn -0.5660216808319092 -0.45964810252189636 0.6843559741973877
vn -0.6054619550704956 -0.46597257256507874 0.6452018022537231
vn -0.6040805578231812 -0.4631311297416687 0.6485338807106018
vn -0.6331379413604736 -0.47492516040802 0.6112139225006104
vn -0.6269822716712952 -0.47416985034942627 0.6181069612503052
vn -0.6536357402801514 -0.48234936594963074 0.5831804275512695
vn -0.6449735760688782 -0.48539242148399353 0.590256929397583
vn -0.6707768440246582 -0.49667468667030334 0.5507928133010864
vn -0.6650566458702087 -0.49624860286712646 0.5580654144287109
vn -0.6967767477035522 -0.5081035494804382 0.5062933564186096
vn -0.6913485527038574 -0.5041581988334656 0.5175535082817078
vn -0.7270246148109436 -0.5263479351997375 0.4409002661705017
vn -0.7249295711517334 -0.5192356109619141 0.45262736082077026
vn -0.7619895935058594 -0.5349586009979248 0.3649536371231079
vn -0.7585050463676453 -0.5343076586723328 0.37307560443878174
vn -0.7873307466506958 -0.5459229946136475 0.2864931523799896
vn -0.15216363966464996 -0.5121499300003052 0.8453097939491272
vn -0.24167709052562714 -0.48883119225502014 0.838234007358551
vn -0.3389345407485962 -0.4767538607120514 0.8110666871070862
vn -0.42438390851020813 -0.46569156646728516 0.7765498161315918
vn -0.48285603523254395 -0.4548795223236084 0.7482877969741821
vn -0.5235266089439392 -0.45295828580856323 0.7216291427612305
vn -0.5548581480979919 -0.4590185880661011 0.6938546895980835
vn -0.5883421301841736 -0.4647113084793091 0.661737859249115
vn -0.6163210868835449 -0.4701479971408844 0.6317508816719055
vn -0.6343955993652344 -0.47768434882164 0.607749879360199
vn -0.6550357937812805 -0.48896193504333496 0.5760593414306641
vn -0.6775633096694946 -0.5034692287445068 0.5361219048500061
vn -0.7149989008903503 -0.5157458186149597 0.4719987213611603
vn -0.17181001603603363 -0.5019901990890503 0.8476362228393555
vn -0.25508394837379456 -0.481970876455307 0.838234007358551
vn -0.35109758377075195 -0.46786895394325256 0.8110666871070862
vn -0.428205668926239 -0.45753535628318787 0.7792953848838806
vn -0.481190949678421 -0.4518683850765228 0.7511792182922363
vn -0.5184043645858765 -0.44919994473457336 0.7276512384414673
vn -0.5499246716499329 -0.45542654395103455 0.7001210451126099
vn -0.5821801424026489 -0.45841333270072937 0.6715083718299866
vn -0.6054619550704956 -0.46597257256507874 0.6452018022537231
vn -0.6192963719367981 -0.4797554314136505 0.6215357780456543
vn -0.6419737935066223 -0.4850741922855377 0.5937783122062683
vn -0.6633955240249634 -0.5025026202201843 0.5544344186782837
vn -0.1895989626646042 -0.4835814833641052 0.8545181155204773
vn -0.26646286249160767 -0.4715661108493805 0.8406086564064026
vn -0.35350945591926575 -0.4570935070514679 0.8161473870277405
vn -0.43534424901008606 -0.4459940195083618 0.7820260524749756
vn -0.48100343346595764 -0.4423906207084656 0.7569189071655273
vn -0.5101960301399231 -0.4488931894302368 0.7336177229881287
vn -0.5433832406997681 -0.44884034991264343 0.7094202041625977
vn -0.5740786790847778 -0.45436763763427734 0.681163489818573
vn -0.5915989279747009 -0.4652385413646698 0.6584556698799133
vn -0.6117192506790161 -0.4761202037334442 0.6317508816719055
vn -0.6298332810401917 -0.48368391394615173 0.607749879360199
vn -0.20298121869564056 -0.46176424622535706 0.8634653687477112
vn -0.27848881483078003 -0.4472528100013733 0.8499464392662048
vn -0.3616776168346405 -0.44144758582115173 0.8211658596992493
vn -0.430071622133255 -0.43673306703567505 0.790128231048584
vn -0.4775937497615814 -0.43628454208374023 0.762600839138031
vn -0.5082828998565674 -0.43634656071662903 0.7424622178077698
vn -0.5348734855651855 -0.4444412887096405 0.7185974717140198
vn -0.5658765435218811 -0.4502388536930084 0.6907016038894653
vn -0.5836321711540222 -0.46129852533340454 0.6682642698287964
vn -0.6008363962173462 -0.4719219207763672 0.6452018022537231
vn -0.20750419795513153 -0.4346044957637787 0.8763908743858337
vn -0.2795035243034363 -0.428899347782135 0.8590245246887207
vn -0.3601094186306 -0.4239535927772522 0.8310141563415527
vn -0.42822572588920593 -0.41889214515686035 0.8007197380065918
vn -0.47375407814979553 -0.42048415541648865 0.7737894654273987
vn -0.4996258020401001 -0.4263486862182617 0.7540562748908997
vn -0.5281470417976379 -0.43770354986190796 0.7276512384414673
vn -0.5531509518623352 -0.44663819670677185 0.7032341957092285
vn -0.5740786790847778 -0.45436763763427734 0.681163489818573
vn -0.21164780855178833 -0.4066847562789917 0.888714075088501
vn -0.2845979928970337 -0.4026152193546295 0.8700028657913208
vn -0.3564114570617676 -0.40296030044555664 0.8429672718048096
vn -0.42413759231567383 -0.4028376638889313 0.8110666871070862
vn -0.4647117257118225 -0.410150408744812 0.7847417593002319
vn -0.49081164598464966 -0.41621655225753784 0.7654199600219727
vn -0.5196599364280701 -0.4278453588485718 0.7395281791687012
vn -0.5431199073791504 -0.43932461738586426 0.715552031993866
vn -0.21095101535320282 -0.3804363012313843 0.9004265069961548
vn -0.2811547517776489 -0.3767217695713043 0.882628321647644
vn -0.35441309213638306 -0.37972381711006165 0.8545181155204773
vn -0.4147336483001709 -0.3867740035057068 0.8236515522003174
vn -0.455587774515152 -0.3943154811859131 0.7980946898460388
vn -0.4818419814109802 -0.4059540033340454 0.7765498161315918
vn -0.5092877149581909 -0.41475915908813477 0.7540562748908997
vn -0.21239057183265686 -0.34281250834465027 0.9150791168212891
vn -0.2752779722213745 -0.3469107747077942 0.8965907096862793
vn -0.34796980023384094 -0.3493022322654724 0.8700028657913208
vn -0.4081709086894989 -0.3616078794002533 0.838234007358551
vn -0.44725868105888367 -0.3714708983898163 0.8136147856712341
vn -0.4738156199455261 -0.3833650052547455 0.7927988767623901
vn -0.20887067914009094 -0.30667489767074585 0.9286137819290161
vn -0.27653977274894714 -0.30975040793418884 0.9097144603729248
vn -0.34077930450439453 -0.31815364956855774 0.8846737742424011
vn -0.40084511041641235 -0.33033624291419983 0.8545181155204773
vn -0.43822887539863586 -0.34259435534477234 0.8310141563415527
vn -0.20459827780723572 -0.26431918144226074 0.9424833655357361
vn -0.26558274030685425 -0.27622243762016296 0.9236704111099243
vn -0.3346262276172638 -0.2840636074542999 0.8985171914100647
vn -0.3925896883010864 -0.2982756793498993 0.8700028657913208
vn -0.19906504452228546 -0.22033458948135376 0.9548956751823425
vn -0.2640114724636078 -0.2308025360107422 0.9364978075027466
vn -0.32731902599334717 -0.24898460507392883 0.9115201234817505
vn -0.19664789736270905 -0.1688166856765747 0.9658315181732178
vn -0.25527337193489075 -0.18917763233184814 0.9481810927391052
vn 0.7105824947357178 0.6892330646514893 0.1415284425020218
vn 0.7552022337913513 0.6325950622558594 0.17173540592193604
vn 0.750530481338501 0.6319587826728821 0.19321508705615997
vn 0.7449521422386169 0.631658136844635 0.21460255980491638
vn 0.7376663088798523 0.6310192942619324 0.2401314377784729
vn 0.7219967246055603 0.6353691220283508 0.27391019463539124
vn 0.6960117220878601 0.6387007236480713 0.3280687630176544
vn 0.6593999862670898 0.6407358646392822 0.3932546079158783
vn 0.6059668064117432 0.6459500193595886 0.4642767012119293
vn 0.5166023969650269 0.6616294384002686 0.5434780716896057
vn 0.41993609070777893 0.6645280122756958 0.6181069612503052
vn 0.34830573201179504 0.6736245155334473 0.651853621006012
vn 0.29289543628692627 0.6677343249320984 0.6843559741973877
vn 0.31435173749923706 0.627325177192688 0.7124928832054138
vn 0.34195658564567566 0.5872569680213928 0.7336177229881287
vn 0.35776734352111816 0.5468786954879761 0.7569189071655273
vn 0.368810772895813 0.5108316540718079 0.7765498161315918
vn 0.7115092873573303 0.6834810972213745 0.16312000155448914
vn 0.7068559527397156 0.6828360557556152 0.18463370203971863
vn 0.7005633115768433 0.6818879246711731 0.2103329300880432
vn 0.6917340159416199 0.6810587048530579 0.2401314377784729
vn 0.6753799915313721 0.6847153306007385 0.27391019463539124
vn 0.642856776714325 0.6921748518943787 0.3280687630176544
vn 0.5989834666252136 0.6975454688072205 0.3932546079158783
vn 0.5538843274116516 0.6962774991989136 0.456519216299057
vn 0.4933328926563263 0.6963348984718323 0.5212872624397278
vn 0.39270469546318054 0.6902340650558472 0.607749879360199
vn 0.3161352574825287 0.6955380439758301 0.6452018022537231
vn 0.2621169090270996 0.6993281841278076 0.6650074124336243
vn 0.19896218180656433 0.6952304244041443 0.6907016038894653
vn 0.2258210927248001 0.6510694026947021 0.7246471047401428
vn 0.24650010466575623 0.6123458743095398 0.7511792182922363
vn 0.26997965574264526 0.5730277895927429 0.7737894654273987
vn 0.28082478046417236 0.5291364192962646 0.8007197380065918
vn 0.39281463623046875 0.7281522750854492 0.5616858005523682
vn 0.2765057384967804 0.7241791486740112 0.6317508816719055
vn 0.2228398323059082 0.7248650193214417 0.651853621006012
vn 0.1609289050102234 0.7292921543121338 0.6650074124336243
vn 0.07708871364593506 0.7310473322868347 0.677958071231842
vn 0.11250745505094528 0.6862651109695435 0.7185974717140198
vn 0.14036883413791656 0.6416351795196533 0.7540562748908997
vn 0.16556987166404724 0.5972997546195984 0.7847417593002319
vn 0.17966380715370178 0.5529483556747437 0.8136147856712341
vn 0.27007192373275757 0.7579501867294312 0.5937783122062683
vn 0.19384028017520905 0.747685432434082 0.6351318359375
vn 0.1313529908657074 0.7497667670249939 0.6485338807106018
vn 0.03768084570765495 0.757408082485199 0.651853621006012
vn -0.05834711343050003 0.7617809772491455 0.6452018022537231
vn -0.011301013641059399 0.7169873714447021 0.6969945430755615
vn -0.14808250963687897 0.7408345341682434 0.6551609039306641
vn 0.024490518495440483 0.6629219651222229 0.7482877969741821
vn -0.10145079344511032 0.6911534070968628 0.715552031993866
vn 0.052652131766080856 0.6210177540779114 0.7820260524749756
vn -0.06961575150489807 0.6431124806404114 0.762600839138031
vn 0.07697738707065582 0.5762858986854553 0.8136147856712341
vn -0.04325296729803085 0.5939620137214661 0.8033295273780823
vn -0.9876039624214172 -0.06788292527198792 -0.1415284425020218
vn -0.9913825988769531 -0.05283842608332634 -0.11986933648586273
vn -0.9958688616752625 -0.04153764247894287 -0.08074574917554855
vn -0.9998644590377808 -0.015102911740541458 -0.006554040592163801
vn -0.9956406354904175 0.026417875662446022 0.08945280313491821
vn -0.9761210083961487 0.09045093506574631 0.1975002884864807
vn -0.9280160069465637 0.1910848617553711 0.3198012113571167
vn -0.8347450494766235 0.3350435495376587 0.43697428703308105
vn -0.6804765462875366 0.5261121988296509 0.5100564956665039
vn -0.5947043299674988 0.6120346188545227 0.5212872624397278
vn -0.4794161319732666 0.7348896265029907 0.4796847105026245
vn -0.5438421964645386 0.6663917899131775 0.5100564956665039
vn -0.44485676288604736 0.7705145478248596 0.456519216299057
vn -0.5407347083091736 0.6910199522972107 0.4796847105026245
vn -0.4735163450241089 0.7799268960952759 0.40926313400268555
vn -0.5667550563812256 0.6959853768348694 0.4409002661705017
vn -0.5209705829620361 0.7716206908226013 0.3649536371231079
vn -0.5896940231323242 0.6962504386901855 0.40926313400268555
vn -0.5646681189537048 0.7573115229606628 0.3280687630176544
vn -0.6150528192520142 0.6857166290283203 0.3892335295677185
vn -0.5987681150436401 0.7413166761398315 0.30319350957870483
vn -0.6197354197502136 0.6837726831436157 0.3852050006389618
vn -0.6207365989685059 0.7247544527053833 0.2990269064903259
vn -0.6262043714523315 0.6755481958389282 0.3892335295677185
vn -0.6344941258430481 0.7091900110244751 0.30735430121421814
vn -0.630800187587738 0.6641311645507812 0.401274174451828
vn -0.64898282289505 0.6903249025344849 0.3198012113571167
vn -0.6039187908172607 0.6665850281715393 0.43697428703308105
vn -0.6347446441650391 0.6854125261306763 0.3568037748336792
vn -0.5383893847465515 0.6820301413536072 0.4949462115764618
vn -0.5734612345695496 0.7026685476303101 0.42118772864341736
vn -0.4382966458797455 0.6988112330436707 0.5652954578399658
vn -0.477247953414917 0.7261285185813904 0.4949462115764618
vn -0.3355857729911804 0.7018181085586548 0.6283578276634216
vn -0.37957432866096497 0.7378931641578674 0.5580654144287109
vn -0.2244831621646881 0.7030887007713318 0.67473965883255
vn -0.2662063241004944 0.7509905695915222 0.6042742133140564
vn -0.19778211414813995 0.7745561003684998 0.6007870435714722
vn -0.10712099075317383 0.7787611484527588 0.6181069612503052
vn -0.003769757691770792 0.7751623392105103 0.6317508816719055
vn 0.09779912233352661 0.7717524170875549 0.6283578276634216
vn 0.1720450222492218 0.7779802083969116 0.6042742133140564
vn -0.6272310018539429 0.5432718396186829 0.5580654144287109
vn -0.6064640879631042 0.5837908387184143 0.5398051738739014
vn -0.6084460020065308 0.6111140847206116 0.5062933564186096
vn -0.6169527173042297 0.6209537386894226 0.4835140109062195
vn -0.6248371601104736 0.6248371601104736 0.46814218163490295
vn -0.6222658157348633 0.6302637457847595 0.4642767012119293
vn -0.6166788339614868 0.6300193667411804 0.4719987213611603
vn -0.6115779280662537 0.6262480616569519 0.4835140109062195
vn -0.5837256908416748 0.6317489147186279 0.5100564956665039
vn -0.5089643001556396 0.6459989547729492 0.5688942670822144
vn -0.4048652648925781 0.6610408425331116 0.6317508816719055
vn -0.29132795333862305 0.6651489734649658 0.6875353455543518
vn -0.1842857301235199 0.6574206352233887 0.7306414246559143
vn -0.6454274654388428 0.5136773586273193 0.5652954578399658
vn -0.6380235552787781 0.5381014943122864 0.5507928133010864
vn -0.6369678378105164 0.5503475069999695 0.5398051738739014
vn -0.6270003318786621 0.5616769790649414 0.5398051738739014
vn -0.610899031162262 0.5722232460975647 0.5471406579017639
vn -0.5966729521751404 0.5766665935516357 0.5580654144287109
vn -0.5611680746078491 0.5838193297386169 0.5867242813110352
vn -0.48027217388153076 0.6013780236244202 0.6385006904602051
vn -0.36935755610466003 0.6146329045295715 0.6969945430755615
vn -0.2607041597366333 0.6170762777328491 0.7424622178077698
vn -0.15306532382965088 0.6076756715774536 0.7792953848838806
vn -0.6520299911499023 0.4438943862915039 0.6146662831306458
vn -0.6390278935432434 0.4624161124229431 0.6146662831306458
vn -0.6754751205444336 0.412493497133255 0.6112139225006104
vn -0.656324028968811 0.3375873267650604 0.67473965883255
vn -0.6580842137336731 0.47626233100891113 0.5831804275512695
vn -0.6913998126983643 0.4166089594364166 0.590256929397583
vn -0.7498109936714172 0.36108994483947754 0.5544344186782837
vn -0.6868037581443787 0.47847434878349304 0.5471406579017639
vn -0.8144965171813965 0.3026939928531647 0.4949462115764618
vn -0.764390766620636 0.3992164433002472 0.5062933564186096
vn -0.8767626285552979 0.24599818885326385 0.41324591636657715
vn -0.9456230401992798 0.12798447906970978 0.2990269064903259
vn -0.9031156897544861 0.1724320948123932 0.3932546079158783
vn -0.8493847250938416 0.22010941803455353 0.4796847105026245
vn -0.7870705723762512 0.2704116106033325 0.5544344186782837
vn -0.7315183877944946 0.32239076495170593 0.6007870435714722
vn -0.6950361132621765 0.372974693775177 0.6146662831306458
vn -0.6884693503379822 0.3040495812892914 0.6584556698799133
vn -0.956056535243988 0.07912150025367737 0.28230419754981995
vn -0.9175886511802673 0.11287684738636017 0.3811691105365753
vn -0.8687105774879456 0.15019702911376953 0.4719987213611603
vn -0.8125611543655396 0.19071367383003235 0.5507928133010864
vn -0.7582356333732605 0.22692790627479553 0.6112139225006104
vn -0.7208864688873291 0.2695172131061554 0.6385006904602051
vn -0.9622042179107666 0.03771073371171951 0.26970529556274414
vn -0.926942765712738 0.0678434669971466 0.3690181374549866
vn -0.8802708983421326 0.09782765805721283 0.4642767012119293
vn -0.8253732323646545 0.12404162436723709 0.5507928133010864
vn -0.7709434628486633 0.15359044075012207 0.6181069612503052
vn -0.7300501465797424 0.18292878568172455 0.6584556698799133
vn -0.7785947322845459 0.08650746196508408 0.6215357780456543
vn -0.8321788907051086 0.06407472491264343 0.5507928133010864
vn -0.8863551020622253 0.04903418570756912 0.46040233969688416
vn -0.9306508898735046 0.026414938271045685 0.3649536371231079
vn -0.9641047716140747 0.0037719053216278553 0.26549527049064636
vn -0.9858191013336182 -0.011317337863147259 0.16742929816246033
vn -0.9850274324417114 0.01509657222777605 0.17173540592193604
vn -0.9968209266662598 -0.022642003372311592 0.0763898640871048
vn -0.9967347383499146 -2.0614777517403288e-13 0.08074574917554855
vn -0.999484121799469 -0.030201226472854614 -0.010923261754214764
vn -0.9951248168945312 -0.056628137826919556 -0.08074574917554855
vn -0.9984862804412842 -0.05283254012465477 -0.0152922747656703
vn -0.9963736534118652 -0.04528705030679703 0.07203252613544464
vn -0.9860212206840515 -0.0339709147810936 0.16312000155448914
vn -0.9662114381790161 -0.018856074661016464 0.25706008076667786
vn -0.9325428009033203 -0.011312020942568779 0.36088213324546814
vn -0.8877023458480835 0.0037737698294222355 0.46040233969688416
vn -0.8320136666297913 0.01886216178536415 0.5544344186782837
vn -0.9946670532226562 -0.06416872143745422 -0.08074574917554855
vn -0.9975744485855103 -0.06790688633918762 -0.0152922747656703
vn -0.9958784580230713 -0.06038505956530571 0.06767380982637405
vn -0.9858965873718262 -0.05280221998691559 0.15880759060382843
vn -0.9651519656181335 -0.049007877707481384 0.25706008076667786
vn -0.9316892027854919 -0.041464753448963165 0.36088213324546814
vn -0.8870607018470764 -0.03395574539899826 0.46040233969688416
vn -0.9904640316963196 -0.06791415065526962 -0.11986933648586273
vn -0.8318084478378296 -0.026404855772852898 0.5544344186782837
vn -0.9813870787620544 0.052818216383457184 0.18463370203971863
vn 0.07155117392539978 0.7962005734443665 0.6007870435714722
vn -0.04143602401018143 0.793046772480011 0.607749879360199
vn -0.1611359715461731 0.7883289456367493 0.5937783122062683
vn -0.24699924886226654 0.7870402932167053 0.5652954578399658
vn -0.32170337438583374 0.7778928875923157 0.5398051738739014
vn -0.0809408500790596 0.8133905529975891 0.5760593414306641
vn -0.20346030592918396 0.7994028925895691 0.5652954578399658
vn -0.2971646785736084 0.7901053428649902 0.5361219048500061
vn -0.36877232789993286 0.7843897342681885 0.4987381398677826
vn -0.4278646409511566 0.7612078189849854 0.48733407258987427
vn -0.5184648633003235 0.7373402118682861 0.43303996324539185
vn -0.6054808497428894 0.7134301662445068 0.3527185618877411
vn -0.6599106192588806 0.6945787668228149 0.2864931523799896
vn -0.663131058216095 0.7045081257820129 0.25283506512641907
vn -0.6466878652572632 0.7253632545471191 0.23588760197162628
vn -0.6224099397659302 0.7476289868354797 0.23163928091526031
vn -0.5944474339485168 0.7687582969665527 0.23588760197162628
vn -0.5464200973510742 0.7957121133804321 0.2612801790237427
vn -0.47930052876472473 0.8251387476921082 0.2990269064903259
vn -0.4101214110851288 0.8410648107528687 0.3527185618877411
vn -0.358111709356308 0.8411362767219543 0.405272513628006
vn -0.36267325282096863 0.8189048767089844 0.44481781125068665
vn -0.24718110263347626 0.8120046854019165 0.528724730014801
vn -0.34817060828208923 0.7937490344047546 0.4987381398677826
vn -0.4218919277191162 0.781048595905304 0.46040233969688416
vn -0.4744183421134949 0.7664226293563843 0.43303996324539185
vn -0.5574284195899963 0.7396279573440552 0.37712597846984863
vn -0.6344941258430481 0.7091900110244751 0.30735430121421814
vn -0.6876676678657532 0.6836637854576111 0.24437066912651062
vn -0.6845865845680237 0.69792640209198 0.2103329300880432
vn -0.6618869304656982 0.7219347953796387 0.2017817199230194
vn -0.6320518851280212 0.749335765838623 0.1975002884864807
vn -0.5933956503868103 0.7769438028335571 0.2103329300880432
vn -0.5393037796020508 0.8083987236022949 0.23588760197162628
vn -0.46274814009666443 0.8417357206344604 0.2781098484992981
vn -0.37429141998291016 0.8641762733459473 0.3363112509250641
vn -0.30360671877861023 0.8660259246826172 0.3972681760787964
vn -0.2924968898296356 0.8465120792388916 0.44481781125068665
vn -0.6731587648391724 0.7171719670295715 0.18033768236637115
vn -0.6410048007965088 0.7449988126754761 0.18463370203971863
vn -0.5923632979393005 0.7799935340881348 0.2017817199230194
vn -0.5330090522766113 0.812562882900238 0.23588760197162628
vn -0.45107871294021606 0.8466595411300659 0.28230419754981995
vn -0.35343655943870544 0.8680679798126221 0.34862664341926575
vn -0.2641131579875946 0.871476948261261 0.41324591636657715
vn -0.2403702288866043 0.8545477390289307 0.46040233969688416
vn -0.6425008773803711 0.7477700710296631 0.16742929816246033
vn -0.5951678156852722 0.7800276875495911 0.19321508705615997
vn -0.5250703692436218 0.8189287781715393 0.23163928091526031
vn -0.4342197775840759 0.8526196479797363 0.29067665338516235
vn -0.3285498023033142 0.874497652053833 0.3568037748336792
vn -0.2275782972574234 0.8760470747947693 0.42514660954475403
vn -0.1909153312444687 0.8606790900230408 0.4719987213611603
vn -0.5956742167472839 0.7806914448738098 0.18892620503902435
vn -0.5203235149383545 0.8207438588142395 0.23588760197162628
vn -0.42234358191490173 0.8571386337280273 0.2948545813560486
vn -0.3000922203063965 0.879642128944397 0.3690181374549866
vn -0.1854117214679718 0.8801567554473877 0.43697428703308105
vn -0.140843465924263 0.8639312982559204 0.4835140109062195
vn -0.6470686197280884 0.7457093000411987 0.15880759060382843
vn -0.6805764436721802 0.715259313583374 0.15880759060382843
vn -0.6930466890335083 0.7077159881591797 0.1372016966342926
vn -0.7290843725204468 0.6730592846870422 0.1242060661315918
vn -0.7183527946472168 0.6783077716827393 0.15449213981628418
vn -0.7068559527397156 0.6828360557556152 0.18463370203971863
vn -0.734083354473114 0.6580950021743774 0.16742929816246033
vn -0.7148719429969788 0.6682047843933105 0.2060592919588089
vn -0.6992276906967163 0.6845583915710449 0.2060592919588089
vn -0.6690795421600342 0.695747971534729 0.2612801790237427
vn -0.6326642036437988 0.7259442806243896 0.26970529556274414
vn -0.5978825092315674 0.7350262999534607 0.3198012113571167
vn -0.5597014427185059 0.7536807656288147 0.34452807903289795
vn -0.5189577341079712 0.7630858421325684 0.3852050006389618
vn -0.4686525762081146 0.776508629322052 0.42118772864341736
vn -0.3883172869682312 0.7982727289199829 0.46040233969688416
vn -0.5093072056770325 0.7715674042701721 0.3811691105365753
vn -0.5928757190704346 0.7460376024246216 0.30319350957870483
vn -0.662068247795105 0.7127473950386047 0.23163928091526031
vn -0.7193083763122559 0.6752683520317078 0.16312000155448914
vn -0.7457583546638489 0.6536985635757446 0.12854042649269104
vn -0.6899723410606384 0.05647601932287216 0.7216291427612305
vn 0.4091731905937195 -0.7162529826164246 0.5652954578399658
vn 0.45898985862731934 -0.7221264839172363 0.5175535082817078
vn 0.5269595980644226 -0.7143831253051758 0.46040233969688416
vn 0.5926799774169922 -0.7138242125511169 0.37307560443878174
vn 0.6361169815063477 -0.7147462964057922 0.29067665338516235
vn 0.6661641597747803 -0.707518458366394 0.23588760197162628
vn 0.6769828796386719 -0.709004819393158 0.1975002884864807
vn 0.6902562379837036 -0.7049384117126465 0.16312000155448914
vn 0.46223127841949463 -0.7227320671081543 0.5138099193572998
vn 0.5207670331001282 -0.7238302230834961 0.45262736082077026
vn 0.5769537091255188 -0.7286632061004639 0.3690181374549866
vn 0.6247689127922058 -0.7246868014335632 0.29067665338516235
vn 0.649499773979187 -0.722846508026123 0.23588760197162628
vn 0.6659843921661377 -0.7193458676338196 0.1975002884864807
vn 0.6750892996788025 -0.7204405069351196 0.15880759060382843
vn 0.516700804233551 -0.7291532754898071 0.4487268626689911
vn 0.5728661417961121 -0.7339163422584534 0.3649536371231079
vn 0.6206457614898682 -0.7298770546913147 0.2864931523799896
vn 0.6438661813735962 -0.7278690934181213 0.23588760197162628
vn 0.6604257225990295 -0.724452555179596 0.1975002884864807
vn 0.6695627570152283 -0.7255796790122986 0.15880759060382843
vn 0.6313334107398987 0.49038052558898926 0.6007870435714722
vn 0.616742730140686 0.5207927823066711 0.590256929397583
vn 0.6908429861068726 0.5009946227073669 0.5212872624397278
vn 0.675833523273468 0.5320633053779602 0.5100564956665039
vn 0.6016077995300293 0.5496384501457214 0.5796254277229309
vn 0.6574205756187439 0.5614902377128601 0.5025205612182617
vn 0.5795283913612366 0.583528995513916 0.5688942670822144
vn 0.6378029584884644 0.7444468140602112 -0.1975002884864807
vn 0.7253260612487793 0.6786419153213501 -0.11553031951189041
vn 0.6599829196929932 0.7186927795410156 -0.21886809170246124
vn 0.7428356409072876 0.6561555862426758 -0.1328723281621933
vn 0.6831842064857483 0.6925334334373474 -0.23163928091526031
vn 0.7658277153968811 0.6272779107093811 -0.1415284425020218
vn 0.7060402035713196 0.6646729707717896 -0.24437066912651062
vn 0.7307322025299072 0.6306846141815186 -0.2612801790237427
vn 0.7818296551704407 0.6221096515655518 -0.04149730131030083
vn 0.8039824366569519 0.5925280451774597 -0.05022686347365379
vn 0.8294081687927246 0.555043637752533 -0.0633138045668602
vn 0.7906902432441711 0.591260552406311 -0.15880759060382843
vn 0.813335657119751 0.5545228719711304 -0.1760382205247879
vn 0.7555729746818542 0.5890935063362122 -0.2864931523799896
vn 0.8268061876296997 0.5615318417549133 0.03276457265019417
vn 0.8515064716339111 0.5235745310783386 0.028397228568792343
vn 0.8744484782218933 0.48452287912368774 0.024029340595006943
vn 0.8528814315795898 0.5171118378639221 -0.07203252613544464
vn 0.8831859827041626 0.4510653018951416 0.12854042649269104
vn 0.8580430150032043 0.5041112899780273 0.0981530249118805
vn 0.8807411789894104 0.4642152488231659 0.09380380809307098
vn 0.6469436883926392 -0.5735303163528442 -0.5025205612182617
vn 0.5838181972503662 -0.5304164886474609 -0.6146662831306458
vn 0.6703177690505981 -0.531801164150238 -0.5175535082817078
vn 0.6028782725334167 -0.4828512668609619 -0.6351318359375
vn 0.6968531012535095 -0.47641271352767944 -0.5361219048500061
vn 0.6276410818099976 -0.42051270604133606 -0.6551609039306641
vn 0.7296481132507324 -0.40526652336120605 -0.5507928133010864
vn 0.653788149356842 -0.3549422025680542 -0.6682642698287964
vn 0.7610991597175598 -0.33059200644493103 -0.5580654144287109
vn 0.6767702698707581 -0.2869753837585449 -0.677958071231842
vn 0.7926125526428223 -0.24561823904514313 -0.5580654144287109
vn 0.6964349746704102 -0.21595194935798645 -0.6843559741973877
vn 0.8156788945198059 -0.16513778269290924 -0.5544344186782837
vn 0.8312830328941345 -0.09800837188959122 -0.5471406579017639
vn 0.5088030099868774 -0.47406452894210815 -0.7185974717140198
vn 0.5215288996696472 -0.4255651533603668 -0.7395281791687012
vn 0.5387342572212219 -0.36991772055625916 -0.7569189071655273
vn 0.4212851822376251 -0.4159391224384308 -0.8059239983558655
vn 0.42620959877967834 -0.3740902245044708 -0.8236515522003174
vn 0.5555516481399536 -0.31128641963005066 -0.7710143327713013
vn 0.4381983280181885 -0.31836971640586853 -0.8406086564064026
vn 0.5739793181419373 -0.24286413192749023 -0.7820260524749756
vn 0.7150453329086304 -0.14271312952041626 -0.6843559741973877
vn 0.8438363075256348 -0.022663479670882225 -0.5361219048500061
vn 0.3421240448951721 -0.31670716404914856 -0.8846737742424011
vn 0.44983232021331787 -0.25971081852912903 -0.8545181155204773
vn 0.5884984731674194 -0.1713677942752838 -0.790128231048584
vn 0.7349278926849365 -0.06787800788879395 -0.67473965883255
vn 0.8525460362434387 0.037747908383607864 -0.5212872624397278
vn 0.3483447730541229 -0.2605533003807068 -0.9004265069961548
vn 0.4584791660308838 -0.1914423257112503 -0.8678402304649353
vn 0.6038469076156616 -0.105196513235569 -0.790128231048584
vn 0.74683678150177 0 -0.6650074124336243
vn 0.8611965179443359 0.09798368811607361 -0.4987381398677826
vn 0.3526607155799866 -0.195603147149086 -0.9150791168212891
vn 0.4703997075557709 -0.11984046548604965 -0.87427818775177
vn 0.6156456470489502 -0.030244730412960052 -0.7874425053596497
vn 0.7581504583358765 0.06790965795516968 -0.6485338807106018
vn 0.8631467819213867 0.15773455798625946 -0.4796847105026245
vn 0.35755857825279236 -0.12611669301986694 -0.9253358840942383
vn 0.47869211435317993 -0.052848100662231445 -0.8763908743858337
vn 0.6284259557723999 0.04529019072651863 -0.7765498161315918
vn 0.7660695910453796 0.13529182970523834 -0.6283578276634216
vn 0.8626061081886292 0.20961947739124298 -0.46040233969688416
vn 0.36317765712738037 -0.052737828344106674 -0.9302261471748352
vn 0.4883081316947937 0.030192002654075623 -0.872148871421814
vn 0.639001727104187 0.12012796103954315 -0.7597671151161194
vn 0.7653058767318726 0.20180299878120422 -0.6112139225006104
vn 0.8589418530464172 0.2604339122772217 -0.4409002661705017
vn 0.36628612875938416 0.02266601473093033 -0.9302261471748352
vn 0.4955551028251648 0.11255286633968353 -0.8612531423568726
vn 0.6412822008132935 0.19366712868213654 -0.7424622178077698
vn 0.7670639157295227 0.2595526874065399 -0.5867242813110352
vn 0.8507212400436401 0.3248094618320465 -0.41324591636657715
vn 0.37286099791526794 0.10447075217962265 -0.9219872951507568
vn 0.5011880397796631 0.1850995123386383 -0.8453097939491272
vn 0.639583170413971 0.264924019575119 -0.7216291427612305
vn 0.7580572366714478 0.33750882744789124 -0.5580654144287109
vn 0.837429404258728 0.3877229690551758 -0.3852050006389618
vn 0.3729334771633148 0.1825929582118988 -0.9097144603729248
vn 0.5029476881027222 0.26199567317962646 -0.8236515522003174
vn 0.6375852823257446 0.34119826555252075 -0.6907016038894653
vn 0.748137354850769 0.4057757258415222 -0.5250110030174255
vn 0.8175444602966309 0.448759526014328 -0.36088213324546814
vn 0.3712788224220276 0.262278288602829 -0.8907088041305542
vn 0.500519871711731 0.34777840971946716 -0.7927988767623901
vn 0.6276410818099976 0.42051270604133606 -0.6551609039306641
vn 0.732426106929779 0.4715174734592438 -0.4911448359489441
vn 0.7989982962608337 0.5012478232383728 -0.33219319581985474
vn 0.3685745596885681 0.3498511016368866 -0.8612531423568726
vn 0.49242302775382996 0.4296432435512543 -0.7569189071655273
vn 0.6101962327957153 0.4955848753452301 -0.6181069612503052
vn 0.7128045558929443 0.5290929675102234 -0.46040233969688416
vn 0.7779724597930908 0.5456380248069763 -0.31150925159454346
vn 0.5927922129631042 0.5554260015487671 -0.5831804275512695
vn 0.6872463822364807 0.5832399129867554 -0.43303996324539185
vn 0.7555729746818542 0.5890935063362122 -0.2864931523799896
vn 0.5756323933601379 0.607687771320343 -0.5471406579017639
vn 0.6628960967063904 0.6295418739318848 -0.405272513628006
vn 0.7307322025299072 0.6306846141815186 -0.2612801790237427
vn 0.4488930106163025 0.6217026114463806 -0.641857385635376
vn 0.5524134039878845 0.6563831567764282 -0.5138099193572998
vn 0.6352658271789551 0.6739534735679626 -0.37712597846984863
vn 0.7060402035713196 0.6646729707717896 -0.24437066912651062
vn 0.4658862054347992 0.5686149001121521 -0.677958071231842
vn 0.4822975993156433 0.5010057091712952 -0.7185974717140198
vn 0.3535342812538147 0.5091108679771423 -0.7847417593002319
vn 0.3622056543827057 0.43165987730026245 -0.8261215686798096
vn 0.24678385257720947 0.5105838179588318 -0.8236515522003174
vn 0.2641166150569916 0.42973247170448303 -0.8634653687477112
vn 0.15096403658390045 0.5086479187011719 -0.8476362228393555
vn 0.16991755366325378 0.4299847483634949 -0.8867024183273315
vn 0.0509694404900074 0.5018263459205627 -0.8634653687477112
vn 0.07154081016778946 0.42509177327156067 -0.9023185968399048
vn -0.03207637369632721 0.4881879687309265 -0.872148871421814
vn -0.013231788761913776 0.41502347588539124 -0.9097144603729248
vn -0.0921488031744957 0.4765985906124115 -0.87427818775177
vn -0.07141377031803131 0.40500760078430176 -0.9115201234817505
vn -0.14160996675491333 0.4603103995323181 -0.8763908743858337
vn -0.12276585400104523 0.3925043046474457 -0.9115201234817505
vn -0.19126662611961365 0.44199109077453613 -0.8763908743858337
vn -0.1720903366804123 0.3735184073448181 -0.9115201234817505
vn -0.21960994601249695 0.41561853885650635 -0.882628321647644
vn -0.19725459814071655 0.35173967480659485 -0.9150791168212891
vn -0.19505460560321808 0.39321818947792053 -0.8985171914100647
vn -0.18097133934497833 0.32855844497680664 -0.926983654499054
vn -0.1547510176897049 0.3637092709541321 -0.9185682535171509
vn -0.14259138703346252 0.3023124039173126 -0.9424833655357361
vn -0.10620147734880447 0.3342052102088928 -0.9364978075027466
vn -0.10544790327548981 0.27311691641807556 -0.9561840295791626
vn -0.07108136266469955 0.29688388109207153 -0.9522643685340881
vn -0.08178581297397614 0.237006276845932 -0.9680594801902771
vn -0.05439188331365585 0.2577109634876251 -0.9646899104118347
vn -0.06697505712509155 0.20612803101539612 -0.976230263710022
vn -0.03962092101573944 0.21741865575313568 -0.9752739667892456
vn -0.05217761546373367 0.17037780582904816 -0.9839963912963867
vn -0.06736508011817932 0.13179504871368408 -0.9889853596687317
vn -0.06527993083000183 0.12313101440668106 -0.9902410507202148
vn -0.08969637006521225 0.09507260471582413 -0.991421103477478
vn -0.08118056505918503 0.08522342145442963 -0.9930492043495178
vn -0.10537025332450867 0.061566077172756195 -0.9925254583358765
vn -0.09335024654865265 0.04735222086310387 -0.9945066571235657
vn -0.11728717386722565 0.03371930867433548 -0.9925254583358765
vn -0.09590276330709457 0.0038157764356583357 -0.9953833818435669
vn -0.12150704860687256 -0.011371411383152008 -0.9925254583358765
vn -0.12475822865962982 -0.05167655274271965 -0.990840494632721
vn -0.18643522262573242 -0.01135018840432167 -0.9824016690254211
vn -0.18820235133171082 -0.052389707416296005 -0.9807319641113281
vn -0.3213135600090027 -0.018925141543149948 -0.946783721446991
vn -0.3258877396583557 -0.05276525020599365 -0.9439348578453064
vn -0.48505648970603943 -0.01891590654850006 -0.87427818775177
vn -0.49021250009536743 -0.052789654582738876 -0.8700028657913208
vn -0.6328914165496826 -0.026425225660204887 -0.7737894654273987
vn -0.6349208950996399 -0.049115799367427826 -0.7710143327713013
vn -0.7516719698905945 -0.037754498422145844 -0.6584556698799133
vn -0.7536373138427734 -0.0528678372502327 -0.6551609039306641
vn -0.8358131051063538 -0.04531646892428398 -0.5471406579017639
vn 0.34686920046806335 0.5730894804000854 -0.7424622178077698
vn 0.23937860131263733 0.5754417181015015 -0.7820260524749756
vn 0.13673728704452515 0.5723860263824463 -0.8085030317306519
vn 0.035910267382860184 0.5659580826759338 -0.8236515522003174
vn -0.04910847544670105 0.5540792346000671 -0.8310141563415527
vn -0.11452510952949524 0.5406174659729004 -0.8334367275238037
vn -0.16387508809566498 0.5239378213882446 -0.8358433246612549
vn -0.21173466742038727 0.502525806427002 -0.838234007358551
vn -0.23375822603702545 0.4804252088069916 -0.8453097939491272
vn -0.21233674883842468 0.4533696472644806 -0.865661084651947
vn -0.1609402745962143 0.4292849004268646 -0.888714075088501
vn -0.10826414823532104 0.39674922823905945 -0.9115201234817505
vn -0.06579366326332092 0.3610408306121826 -0.9302261471748352
vn -0.045217763632535934 0.3144964575767517 -0.9481810927391052
vn -0.02834882028400898 0.2745509743690491 -0.961154580116272
vn -0.04489956423640251 0.17243877053260803 -0.9839963912963867
vn -0.10585583746433258 0.1379540115594864 -0.9847655892372131
vn -0.13071390986442566 0.10803788155317307 -0.9855159521102905
vn -0.24851380288600922 0.11009401828050613 -0.962351381778717
vn -0.26684141159057617 0.08551027625799179 -0.9599394202232361
vn -0.4230612814426422 0.0827057808637619 -0.9023185968399048
vn -0.4387352764606476 0.06030277535319328 -0.8965907096862793
vn -0.585761547088623 0.05662398412823677 -0.8085030317306519
vn -0.597847580909729 0.037764839828014374 -0.8007197380065918
vn -0.7223397493362427 0.03400791436433792 -0.6907016038894653
vn -0.7287953495979309 0.02267640456557274 -0.6843559741973877
vn -0.8248538970947266 0.007555182091891766 -0.5652954578399658
vn -0.8297625780105591 -0.007556081283837557 -0.5580654144287109
vn -0.8915718793869019 -0.015100935474038124 -0.45262736082077026
vn -0.8932775259017944 -0.02644675225019455 -0.4487268626689911
vn -0.9335609078407288 -0.033986449241638184 -0.3568037748336792
vn -0.02266729809343815 0.3458361327648163 -0.9380210638046265
vn -0.0358780100941658 0.38959649205207825 -0.9202865362167358
vn -0.07140400260686874 0.4291078746318817 -0.9004265069961548
vn -0.11976917833089828 0.4664701521396637 -0.8763908743858337
vn -0.1724034696817398 0.493926465511322 -0.8522403836250305
vn -0.22780977189540863 0.515389084815979 -0.8261215686798096
vn -0.25589388608932495 0.5338584780693054 -0.8059239983558655
vn -0.23362988233566284 0.5553935170173645 -0.7980946898460388
vn -0.18583084642887115 0.5768182277679443 -0.7954543828964233
vn -0.13485069572925568 0.5908194780349731 -0.7954543828964233
vn -0.06971462815999985 0.6054831147193909 -0.7927988767623901
vn 0.01323260273784399 0.6196815967559814 -0.7847417593002319
vn 0.12025494128465652 0.6287844777107239 -0.7682244777679443
vn 0.2170419842004776 0.6337527632713318 -0.7424622178077698
vn 0.32562723755836487 0.6320036053657532 -0.7032341957092285
vn -0.01134711503982544 0.4309203326702118 -0.9023185968399048
vn -0.03398065268993378 0.47270384430885315 -0.8805659413337708
vn -0.08085707575082779 0.5093044638633728 -0.8567795157432556
vn -0.13848060369491577 0.538737952709198 -0.8310141563415527
vn -0.20011243224143982 0.5571728348731995 -0.8059239983558655
vn -0.2549993395805359 0.5724282264709473 -0.7792953848838806
vn -0.2828378975391388 0.5854542255401611 -0.7597671151161194
vn -0.2609200179576874 0.6027602553367615 -0.7540562748908997
vn -0.21329908072948456 0.6246865391731262 -0.7511792182922363
vn -0.16262266039848328 0.6397528052330017 -0.7511792182922363
vn -0.09598071873188019 0.653083086013794 -0.7511792182922363
vn -0.011340444907546043 0.6665409803390503 -0.7453821301460266
vn 0.09421730041503906 0.6794459819793701 -0.7276512384414673
vn 0.19947580993175507 0.6824009418487549 -0.7032341957092285
vn 0.3077009618282318 0.6836835145950317 -0.661737859249115
vn 0.430892676115036 0.6733397245407104 -0.6007870435714722
vn 0.5248684287071228 0.7031469941139221 -0.4796847105026245
vn 0.6132915019989014 0.7067270278930664 -0.3527185618877411
vn 0.6831842064857483 0.6925334334373474 -0.23163928091526031
vn -0.00944503489881754 0.5230650901794434 -0.8522403836250305
vn -0.05099422112107277 0.557549774646759 -0.8285757899284363
vn -0.10154008865356445 0.5903706550598145 -0.8007197380065918
vn -0.16428636014461517 0.6082600951194763 -0.7765498161315918
vn -0.2275407612323761 0.6196410059928894 -0.7511792182922363
vn -0.29094937443733215 0.6246879696846008 -0.7246471047401428
vn -0.31693241000175476 0.6295052170753479 -0.7094202041625977
vn -0.2950301766395569 0.6468530297279358 -0.7032341957092285
vn -0.24938714504241943 0.6624940633773804 -0.7063339352607727
vn -0.19201065599918365 0.6813400387763977 -0.7063339352607727
vn -0.12581279873847961 0.6966085433959961 -0.7063339352607727
vn -0.039661604911088943 0.709851086139679 -0.7032341957092285
vn 0.06788560003042221 0.722970724105835 -0.6875353455543518
vn 0.17587916553020477 0.731780469417572 -0.6584556698799133
vn 0.28784140944480896 0.7343927025794983 -0.6146662831306458
vn 0.26691532135009766 0.7726007103919983 -0.5760593414306641
vn 0.38237181305885315 0.7629229426383972 -0.5212872624397278
vn 0.35721319913864136 0.7921028733253479 -0.4949462115764618
vn 0.4721927344799042 0.7700061202049255 -0.42909738421440125
vn 0.4397585093975067 0.7994474172592163 -0.40926313400268555
vn 0.5607374906539917 0.7602264881134033 -0.3280687630176544
vn 0.5271076560020447 0.7922694087028503 -0.30735430121421814
vn 0.6378029584884644 0.7444468140602112 -0.1975002884864807
vn 0.601872444152832 0.7789480686187744 -0.1760382205247879
vn -0.017012502998113632 0.6195893287658691 -0.7847417593002319
vn -0.07162199914455414 0.6428921222686768 -0.762600839138031
vn -0.13889487087726593 0.6619351506233215 -0.736579954624176
vn -0.20312131941318512 0.6716365218162537 -0.7124928832054138
vn -0.27104872465133667 0.6704206466674805 -0.6907016038894653
vn -0.328299343585968 0.6643011569976807 -0.6715083718299866
vn -0.3587316870689392 0.6616250872612 -0.6584556698799133
vn -0.3355560302734375 0.6768798828125 -0.6551609039306641
vn -0.2799222767353058 0.6955189108848572 -0.661737859249115
vn -0.22142304480075836 0.7132580280303955 -0.6650074124336243
vn -0.15564563870429993 0.7304379343986511 -0.6650074124336243
vn -0.06785020232200623 0.7466588020324707 -0.661737859249115
vn 0.03964875265955925 0.7601524591445923 -0.6485338807106018
vn 0.15382225811481476 0.7708972096443176 -0.6181069612503052
vn 0.24569033086299896 0.8001708388328552 -0.5471406579017639
vn 0.3298546373844147 0.8197797536849976 -0.46814218163490295
vn 0.41009750962257385 0.8285711407661438 -0.3811691105365753
vn 0.5123571157455444 0.8220009803771973 -0.24860523641109467
vn -0.033992521464824677 0.7039655447006226 -0.7094202041625977
vn -0.10723865777254105 0.7120853066444397 -0.6938546895980835
vn -0.17578205466270447 0.716817319393158 -0.67473965883255
vn -0.244930699467659 0.7146839499473572 -0.6551609039306641
vn -0.31209179759025574 0.7065452933311462 -0.6351318359375
vn -0.36302873492240906 0.69419264793396 -0.6215357780456543
vn -0.39354902505874634 0.68668532371521 -0.6112139225006104
vn -0.3701649308204651 0.6965366005897522 -0.6146662831306458
vn -0.3154100477695465 0.7170842289924622 -0.6215357780456543
vn -0.2540014386177063 0.7352888584136963 -0.6283578276634216
vn -0.1850876659154892 0.75275057554245 -0.6317508816719055
vn -0.09603089094161987 0.7692002058029175 -0.6317508816719055
vn 0.011327989399433136 0.7860124111175537 -0.6181069612503052
vn 0.1260896623134613 0.7973068356513977 -0.590256929397583
vn 0.22750625014305115 0.8271881937980652 -0.5138099193572998
vn 0.3071053624153137 0.8474447727203369 -0.43303996324539185
vn 0.40049538016319275 0.8571274876594543 -0.3239381015300751
vn -0.056587591767311096 0.7647332549095154 -0.641857385635376
vn -0.137151300907135 0.765738844871521 -0.6283578276634216
vn -0.21274368464946747 0.7623369693756104 -0.6112139225006104
vn -0.28277167677879333 0.7505243420600891 -0.5972883701324463
vn -0.3505173921585083 0.7328288555145264 -0.5831804275512695
vn -0.40777602791786194 0.7113246321678162 -0.5724822878837585
vn -0.4306741952896118 0.7006276249885559 -0.5688942670822144
vn -0.4043355882167816 0.7104001641273499 -0.5760593414306641
vn -0.3469746708869934 0.7316851615905762 -0.5867242813110352
vn -0.29346132278442383 0.7492047548294067 -0.5937783122062683
vn -0.2217584103345871 0.7680352330207825 -0.6007870435714722
vn -0.12598757445812225 0.7894188165664673 -0.6007870435714722
vn -0.018870845437049866 0.809566855430603 -0.5867242813110352
vn 0.10924661159515381 0.8225740790367126 -0.5580654144287109
vn 0.20935703814029694 0.8542481660842896 -0.4758462607860565
vn 0.29858776926994324 0.8749602437019348 -0.3811691105365753
vn -0.07542088627815247 0.8139209747314453 -0.5760593414306641
vn -0.16879327595233917 0.8074341416358948 -0.5652954578399658
vn -0.25285667181015015 0.7928845882415771 -0.5544344186782837
vn -0.3273318111896515 0.7729718089103699 -0.5434780716896057
vn -0.3923470377922058 0.7500558495521545 -0.5324283838272095
vn -0.4514388144016266 0.7215029001235962 -0.5250110030174255
vn -0.4737206995487213 0.7098227143287659 -0.5212872624397278
vn -0.44485577940940857 0.7201550602912903 -0.5324283838272095
vn -0.38881221413612366 0.7439466714859009 -0.5434780716896057
vn -0.3306560516357422 0.7637205719947815 -0.5544344186782837
vn -0.2599731385707855 0.7854444980621338 -0.5616858005523682
vn -0.1651117205619812 0.8107078075408936 -0.5616858005523682
vn -0.05285987630486488 0.8353699445724487 -0.5471406579017639
vn 0.0829290822148323 0.8516226410865784 -0.5175535082817078
vn 0.19309206306934357 0.8823779821395874 -0.42909738421440125
vn -0.09420816600322723 0.8481653332710266 -0.5212872624397278
vn -0.19825437664985657 0.834682285785675 -0.5138099193572998
vn -0.2907630503177643 0.8142051100730896 -0.5025205612182617
vn -0.36404240131378174 0.791359543800354 -0.4911448359489441
vn -0.43329933285713196 0.7605694532394409 -0.4835140109062195
vn -0.4909912347793579 0.7297245264053345 -0.4758462607860565
vn -0.5157515406608582 0.7124399542808533 -0.4758462607860565
vn -0.4878782033920288 0.7242101430892944 -0.48733407258987427
vn -0.4344618022441864 0.7474731206893921 -0.5025205612182617
vn -0.37562796473503113 0.7712995409965515 -0.5138099193572998
vn -0.3064119517803192 0.7964743375778198 -0.5212872624397278
vn -0.20563732087612152 0.8282347917556763 -0.5212872624397278
vn -0.08111774921417236 0.8585376739501953 -0.5062933564186096
vn 0.06229296326637268 0.8793956637382507 -0.4719987213611603
vn 0.018883448094129562 0.8485832810401917 -0.528724730014801
vn 0.018870845437049866 0.809566855430603 -0.5867242813110352
vn 0.10922928899526596 0.8417357802391052 -0.528724730014801
vn 0.09236912429332733 0.799309253692627 -0.5937783122062683
vn 0.1279522180557251 0.8320087790489197 -0.5398051738739014
vn 0.09803041815757751 0.7880546450614929 -0.607749879360199
vn 0.09800544381141663 0.8264365792274475 -0.5544344186782837
vn 0.05095721781253815 0.7762537002563477 -0.6283578276634216
vn 0.05662010237574577 0.8229430317878723 -0.5652954578399658
vn -0.024537187069654465 0.7579477429389954 -0.651853621006012
vn -0.022655591368675232 0.8170938491821289 -0.5760593414306641
vn -0.14464649558067322 0.7501946687698364 -0.6452018022537231
vn -0.2524634301662445 0.7721158266067505 -0.5831804275512695
vn -0.4483453333377838 0.6357302069664001 -0.6283578276634216
vn -0.5279990434646606 0.6586276292800903 -0.5361219048500061
vn -0.6968531012535095 0.47641271352767944 -0.5361219048500061
vn -0.7670649290084839 0.47337913513183594 -0.43303996324539185
vn -0.8635599613189697 0.3000307083129883 -0.405272513628006
vn -0.9020407199859619 0.2899133563041687 -0.3198012113571167
vn -0.9350306987762451 0.18382403254508972 -0.30319350957870483
vn -0.9480101466178894 0.18760840594768524 -0.25706008076667786
vn -0.9604376554489136 0.11676453053951263 -0.25283506512641907
vn -0.9663140177726746 0.12055107951164246 -0.22738653421401978
vn -0.9714324474334717 0.06792917102575302 -0.22738653421401978
vn -0.9768048524856567 0.07166896760463715 -0.2017817199230194
vn -0.9780731201171875 0.030208198353648186 -0.2060592919588089
vn -0.9831405282020569 0.03021612949669361 -0.18033768236637115
vn -0.9827784299850464 0.007549022324383259 -0.18463370203971863
vn -0.9865885376930237 0.03772468864917755 -0.15880759060382843
vn -0.986541211605072 0.011325627565383911 -0.16312000155448914
vn -0.9902637600898743 0.04150434955954552 -0.1328723281621933
vn -0.9904279708862305 0.01510564237833023 -0.1372016966342926
vn -0.9930634498596191 0.04908151552081108 -0.10684575140476227
vn -0.993619978427887 0.01887499913573265 -0.1111890971660614
vn -0.9963894486427307 0.056563347578048706 -0.0633138045668602
vn 0.028310501947999 0.7578161954879761 -0.651853621006012
vn 0.07731416076421738 0.742824137210846 -0.6650074124336243
vn 0.05664302781224251 0.726944625377655 -0.6843559741973877
vn -0.02644268050789833 0.7042895555496216 -0.7094202041625977
vn -0.14631231129169464 0.6701614856719971 -0.7276512384414673
vn -0.31174567341804504 0.635536789894104 -0.7063339352607727
vn -0.5951341390609741 0.47909292578697205 -0.6452018022537231
vn -0.7947832942008972 0.31695088744163513 -0.5175535082817078
vn -0.9035959243774414 0.187434121966362 -0.3852050006389618
vn -0.948381245136261 0.11676360666751862 -0.2948545813560486
vn -0.9653809070587158 0.06414154917001724 -0.25283506512641907
vn -0.9735409021377563 0.022659417241811752 -0.22738653421401978
vn -0.9785103797912598 0.007553174626082182 -0.2060592919588089
vn -0.9826914072036743 -0.015097599476575851 -0.18463370203971863
vn -0.986541211605072 -0.011325627565383911 -0.16312000155448914
vn -0.9899054169654846 -0.007548397872596979 -0.1415284425020218
vn 0.02645794302225113 0.6854368448257446 -0.7276512384414673
vn 0.05663660541176796 0.6642271876335144 -0.7453821301460266
vn 0.0018909444333985448 0.6368150115013123 -0.7710143327713013
vn -0.12007924169301987 0.5939977765083313 -0.7954543828964233
vn -0.27995041012763977 0.5452752709388733 -0.790128231048584
vn -0.45413804054260254 0.4968467950820923 -0.7395281791687012
vn -0.6954424977302551 0.3361060619354248 -0.6351318359375
vn -0.8419818878173828 0.20573465526103973 -0.4987381398677826
vn -0.9187830090522766 0.1166779026389122 -0.37712597846984863
vn -0.9549142718315125 0.06038081645965576 -0.29067665338516235
vn -0.9673252105712891 0.01887780986726284 -0.25283506512641907
vn -0.9727944135665894 0.003777675097808242 -0.23163928091526031
vn -0.9775640964508057 -0.011333010159432888 -0.2103329300880432
vn -0.981635570526123 -0.02642901986837387 -0.18892620503902435
vn -0.9854210615158081 -0.03021230548620224 -0.16742929816246033
vn -0.5599905848503113 0.3676416277885437 -0.7424622178077698
vn -0.7514873743057251 0.23067410290241241 -0.6181069612503052
vn -0.8659315705299377 0.12797147035598755 -0.4835140109062195
vn -0.9272047877311707 0.06416331231594086 -0.3690181374549866
vn -0.9565531015396118 0.02265574410557747 -0.29067665338516235
vn -0.9675019979476929 -0.003775792196393013 -0.25283506512641907
vn -0.9727357625961304 -0.011332797817885876 -0.23163928091526031
vn -0.9772722125053406 -0.02644105814397335 -0.2103329300880432
vn -0.9817638397216797 -0.04527854546904564 -0.18463370203971863
vn -0.6272901892662048 0.2613658308982849 -0.7336177229881287
vn -0.7858791947364807 0.14645427465438843 -0.6007870435714722
vn -0.8786777853965759 0.07171179354190826 -0.4719987213611603
vn -0.9308344721794128 0.018869053572416306 -0.3649536371231079
vn -0.9568213224411011 -1.978927682529455e-13 -0.29067665338516235
vn -0.9674431085586548 -0.011327146552503109 -0.25283506512641907
vn -0.9724423885345459 -0.026440534740686417 -0.23163928091526031
vn -0.977490246295929 -0.04530329629778862 -0.2060592919588089
vn -0.6706056594848633 0.1718703955411911 -0.7216291427612305
vn -0.8055328726768494 0.08289378136396408 -0.5867242813110352
vn -0.8852959275245667 0.026423955336213112 -0.4642767012119293
vn -0.9326114058494568 -1.928855973597557e-13 -0.36088213324546814
vn -0.9567021131515503 -0.01510461326688528 -0.29067665338516235
vn -0.9671484231948853 -0.02642732486128807 -0.25283506512641907
vn -0.9730722308158875 -0.03775963559746742 -0.22738653421401978
vn -0.6994273662567139 0.1090581864118576 -0.7063339352607727
vn -0.8165356516838074 0.0377507209777832 -0.5760593414306641
vn -0.8876782059669495 0.007557698059827089 -0.46040233969688416
vn -0.9324891567230225 -0.01510184071958065 -0.36088213324546814
vn -0.956344485282898 -0.030205462127923965 -0.29067665338516235
vn -0.9666180610656738 -0.041521064937114716 -0.25283506512641907
vn -0.5188723802566528 0.21031798422336578 -0.8285757899284363
vn -0.46381521224975586 0.30706819891929626 -0.8310141563415527
vn -0.2872730791568756 0.3472535014152527 -0.8926864862442017
vn -0.22260582447052002 0.46100273728370667 -0.8590245246887207
vn -0.0659058541059494 0.5114541053771973 -0.8567795157432556
vn 0.024578945711255074 0.5593371391296387 -0.8285757899284363
vn 0.022675948217511177 0.5915846228599548 -0.8059239983558655
vn -0.12296940386295319 0.38826072216033936 -0.913308322429657
vn -0.3455497920513153 0.25105661153793335 -0.9041935205459595
vn -0.5545216202735901 0.13487932085990906 -0.8211658596992493
vn -0.7145277261734009 0.06040516495704651 -0.6969945430755615
vn -0.8222718834877014 0.015108385123312473 -0.5688942670822144
vn -0.8896814584732056 -0.007554281037300825 -0.456519216299057
vn -0.9338052272796631 -0.026436209678649902 -0.3568037748336792
vn -0.9574794769287109 -0.03398175165057182 -0.2864931523799896
vn -0.5749104619026184 0.08665381371974945 -0.8136147856712341
vn -0.4060268998146057 0.11922025680541992 -0.9060511589050293
vn -0.22586172819137573 0.14351561665534973 -0.9635298252105713
vn -0.0842747837305069 0.1762457638978958 -0.9807319641113281
vn -0.02460942044854164 0.2196248173713684 -0.9752739667892456
vn -0.016986312344670296 0.2964552044868469 -0.9548956751823425
vn 0.0018909656209871173 0.3912404179573059 -0.9202865362167358
vn 0.013215791434049606 0.4890620708465576 -0.872148871421814
vn -0.0056668235920369625 0.43890175223350525 -0.8985171914100647
vn -0.1693025678396225 0.2882043123245239 -0.9424833655357361
vn -0.3880036771297455 0.16889184713363647 -0.9060511589050293
vn -0.04329817742109299 0.3397282660007477 -0.9395264387130737
vn -0.20634686946868896 0.20768506824970245 -0.9561840295791626
vn -0.05988376960158348 0.24781547486782074 -0.9669547080993652
vn -0.39221134781837463 0.4095953702926636 -0.8236515522003174
vn -0.0644599050283432 0.15685416758060455 -0.9855159521102905
vn -0.06532011181116104 0.11818783730268478 -0.990840494632721
vn -0.07548192143440247 0.0660906434059143 -0.994954526424408
vn -0.07332735508680344 0.01142043061554432 -0.9972425103187561
vn -0.09335024654865265 -0.04735222086310387 -0.9945066571235657
vn -0.07273871451616287 -0.03981610760092735 -0.9965559244155884
vn -0.08419439941644669 -0.10557644069194794 -0.990840494632721
vn -0.06319556385278702 -0.0992957055568695 -0.9930492043495178
vn -0.07549338042736053 -0.16613830626010895 -0.983208417892456
vn -0.050243228673934937 -0.1619689166545868 -0.9855159521102905
vn -0.06342345476150513 -0.22940415143966675 -0.9712626934051514
vn -0.0319836363196373 -0.22727400064468384 -0.9733054637908936
vn -0.04897182434797287 -0.2971019148826599 -0.953589141368866
vn -0.016986312344670296 -0.2964552044868469 -0.9548956751823425
vn -0.0793486014008522 0.18784986436367035 -0.9789873361587524
vn -0.10569233447313309 0.21325555443763733 -0.9712626934051514
vn -0.13581344485282898 0.24028441309928894 -0.961154580116272
vn -0.16336789727210999 0.26279157400131226 -0.9509214162826538
vn -0.17577259242534637 0.28430455923080444 -0.9424833655357361
vn -0.15142084658145905 0.3025963604450226 -0.9410139322280884
vn -0.10041175037622452 0.31881430745124817 -0.9424833655357361
vn -0.048928339034318924 0.33065253496170044 -0.9424833655357361
vn 0.009456189349293709 0.3382357358932495 -0.9410139322280884
vn 0.08785974234342575 0.3437102735042572 -0.9349566102027893
vn 0.17677855491638184 0.349030077457428 -0.9202865362167358
vn 0.2685803771018982 0.34717634320259094 -0.8985171914100647
vn 0.2753497064113617 0.2606455087661743 -0.9253358840942383
vn 0.1894969493150711 0.2601758539676666 -0.946783721446991
vn 0.09800300002098083 0.2625105082988739 -0.9599394202232361
vn 0.02080618590116501 0.258334219455719 -0.9658315181732178
vn -0.030153529718518257 0.25315871834754944 -0.9669547080993652
vn -0.07647807151079178 0.24762991070747375 -0.9658315181732178
vn -0.12509657442569733 0.23178495466709137 -0.9646899104118347
vn -0.15297214686870575 0.21956725418567657 -0.9635298252105713
vn -0.14859271049499512 0.2019433230161667 -0.9680594801902771
vn -0.12959299981594086 0.1790149211883545 -0.9752739667892456
vn -0.1019982174038887 0.16156895458698273 -0.9815762042999268
vn -0.07612942159175873 0.13690730929374695 -0.9876541495323181
vn 0.2781832814216614 0.18530826270580292 -0.9424833655357361
vn 0.1983586549758911 0.1796220988035202 -0.9635298252105713
vn 0.11486901342868805 0.17873966693878174 -0.9771679639816284
vn 0.03574260324239731 0.18332862854003906 -0.9824016690254211
vn -0.015111430548131466 0.1775464564561844 -0.9839963912963867
vn -0.061421867460012436 0.17183871567249298 -0.983208417892456
vn -0.10416583716869354 0.1652703434228897 -0.9807319641113281
vn -0.13663747906684875 0.15137360990047455 -0.9789873361587524
vn -0.13172991573810577 0.1384030282497406 -0.9815762042999268
vn -0.11483997851610184 0.11885966360569 -0.9862475395202637
vn -0.09584151208400726 0.10117865353822708 -0.9902410507202148
vn -0.07294707000255585 0.0810159295797348 -0.9940398335456848
vn 0.2783091068267822 0.10352908819913864 -0.9548956751823425
vn 0.2792912423610687 0.022643910720944405 -0.9599394202232361
vn 0.27947473526000977 -0.05269599333405495 -0.9587059020996094
vn 0.2786771059036255 -0.12462612241506577 -0.9522643685340881
vn 0.27855393290519714 -0.19209511578083038 -0.9410139322280884
vn 0.2804935872554779 -0.2551017105579376 -0.9253358840942383
vn 0.27784600853919983 -0.3085792660713196 -0.9097144603729248
vn 0.33840078115463257 -0.36378321051597595 -0.8678402304649353
vn 0.20079264044761658 0.10209660232067108 -0.9742990136146545
vn 0.1222127303481102 0.10475454479455948 -0.986960232257843
vn 0.053264837712049484 0.1049579605460167 -0.9930492043495178
vn 0.005666899029165506 0.1045197993516922 -0.9945066571235657
vn -0.04083874449133873 0.10107944160699844 -0.9940398335456848
vn -0.08171308785676956 0.09640148282051086 -0.9919826984405518
vn -0.11351475864648819 0.08809908479452133 -0.9896226525306702
vn -0.11433938145637512 0.0718441978096962 -0.990840494632721
vn -0.09753510355949402 0.05777013301849365 -0.9935539960861206
vn -0.0755838006734848 0.04363832622766495 -0.9961841106414795
vn -0.06339716911315918 0.029330654069781303 -0.9975572824478149
vn -0.054719407111406326 -0.03598951920866966 -0.9978529810905457
vn 0.20696201920509338 0.022639615461230278 -0.9780870079994202
vn 0.13312940299510956 0.022619593888521194 -0.990840494632721
vn 0.0706963762640953 0.022568779066205025 -0.9972425103187561
vn 0.022624867036938667 0.026636051014065742 -0.999389111995697
vn -0.019493045285344124 0.023563046008348465 -0.9995322823524475
vn -0.06154419481754303 0.022400254383683205 -0.9978529810905457
vn -0.09037882834672928 0.015081559307873249 -0.9957932829856873
vn -0.09162852168083191 -1.895089682781622e-14 -0.9957932829856873
vn -0.0777435302734375 -0.011352214962244034 -0.9969087839126587
vn -0.06154419481754303 -0.022400254383683205 -0.9978529810905457
vn -0.0456591434776783 -0.09418994188308716 -0.9945066571235657
vn 0.214647114276886 -0.05260518565773964 -0.9752739667892456
vn 0.14314648509025574 -0.05210106074810028 -0.9883291721343994
vn 0.08148427307605743 -0.05071699619293213 -0.9953833818435669
vn 0.038967858999967575 -0.04710404947400093 -0.9981296062469482
vn 1.488382747399323e-14 -0.048044804483652115 -0.9988451600074768
vn -0.038967858999967575 -0.04710404947400093 -0.9981296062469482
vn -0.06685779243707657 -0.05610034987330437 -0.9961841106414795
vn -0.06986082345247269 -0.06581311672925949 -0.9953833818435669
vn -0.05627940595149994 -0.0723077803850174 -0.9957932829856873
vn -0.0457690954208374 -0.08436284959316254 -0.9953833818435669
vn -0.026452401652932167 -0.15001901984214783 -0.9883291721343994
vn -0.02836708165705204 -0.1584448665380478 -0.986960232257843
vn -0.017055721953511238 -0.22034016251564026 -0.9752739667892456
vn 0.21838179230690002 -0.1231677308678627 -0.9680594801902771
vn 0.2194422036409378 -0.18742135167121887 -0.9574540853500366
vn 0.2240329533815384 -0.24806112051010132 -0.9424833655357361
vn 0.14965303242206573 -0.1255737990140915 -0.9807319641113281
vn 0.08972953259944916 -0.117714062333107 -0.9889853596687317
vn 0.046263188123703 -0.11292913556098938 -0.9925254583358765
vn 0.01885509304702282 -0.11178090423345566 -0.9935539960861206
vn -0.02085539884865284 -0.11583768576383591 -0.9930492043495178
vn -0.051770273596048355 -0.12001699209213257 -0.991421103477478
vn -0.04449958726763725 -0.13207006454467773 -0.9902410507202148
vn -0.039322856813669205 -0.13820551335811615 -0.9896226525306702
vn -0.02081281878054142 -0.20285609364509583 -0.9789873361587524
vn -0.015118728391826153 -0.21620787680149078 -0.976230263710022
vn 0.0018890381325036287 -0.2802013158798218 -0.9599394202232361
vn 8.965740747480383e-14 -0.2885856032371521 -0.9574540853500366
vn -0.11725439131259918 -0.10387832671403885 -0.9876541495323181
vn -0.18710745871067047 -0.09130514413118362 -0.9780870079994202
vn -0.322034627199173 -0.08954764902591705 -0.9424833655357361
vn -0.48925867676734924 -0.0864827111363411 -0.8678402304649353
vn -0.6347856521606445 -0.08293560892343521 -0.7682244777679443
vn -0.10830163210630417 -0.15741321444511414 -0.9815762042999268
vn -0.17446209490299225 -0.14912880957126617 -0.9733054637908936
vn -0.31722700595855713 -0.13958321511745453 -0.9380210638046265
vn -0.48224276304244995 -0.1344352513551712 -0.865661084651947
vn -0.09401588141918182 -0.22326411306858063 -0.9702134728431702
vn -0.16514916718006134 -0.21056117117404938 -0.9635298252105713
vn -0.3030604422092438 -0.19966070353984833 -0.931820809841156
vn -0.14559254050254822 -0.2824101150035858 -0.9481810927391052
vn -0.07840286940336227 -0.29503488540649414 -0.9522643685340881
vn 0.15523239970207214 -0.18598051369190216 -0.9702134728431702
vn 0.09644096344709396 -0.17967446148395538 -0.9789873361587524
vn 0.057718317955732346 -0.1776387095451355 -0.9824016690254211
vn 0.030195200815796852 -0.1712454855442047 -0.9847655892372131
vn -0.007584854494780302 -0.17372173070907593 -0.9847655892372131
vn -0.03210374340415001 -0.1796400249004364 -0.983208417892456
vn -0.026438072323799133 -0.19356094300746918 -0.9807319641113281
vn -0.015103289857506752 -0.2545004189014435 -0.9669547080993652
vn -0.011357305571436882 -0.26735982298851013 -0.9635298252105713
vn -0.013214554637670517 -0.24613407254219055 -0.9691457152366638
vn 0.01132497563958168 -0.23774050176143646 -0.9712626934051514
vn 0.041330017149448395 -0.23439417779445648 -0.9712626934051514
vn 0.06894946098327637 -0.23664863407611847 -0.9691457152366638
vn 0.10816420614719391 -0.240153968334198 -0.9646899104118347
vn 0.16241157054901123 -0.248589426279068 -0.9548956751823425
vn -0.1513558030128479 0.07648354023694992 -0.9855159521102905
vn -0.28572380542755127 0.06382805109024048 -0.9561840295791626
vn -0.456577330827713 0.04152648523449898 -0.888714075088501
vn -0.608910083770752 0.02642808109521866 -0.7927988767623901
vn -0.7350131273269653 0.011338600888848305 -0.677958071231842
vn -0.8320901989936829 -0.015111999586224556 -0.5544344186782837
vn -0.8949761390686035 -0.03398256376385689 -0.44481781125068665
vn -0.17037780582904816 0.05217761546373367 -0.9839963912963867
vn -0.30294257402420044 0.03766161948442459 -0.9522643685340881
vn -0.46932828426361084 0.026424461975693703 -0.882628321647644
vn -0.6197190284729004 0.011342459358274937 -0.7847417593002319
vn -0.7439143657684326 -0.0037755994126200676 -0.6682642698287964
vn -0.834094762802124 -0.030219390988349915 -0.5507928133010864
vn -0.18055428564548492 0.0264828372746706 -0.983208417892456
vn -0.31321829557418823 0.015150327235460281 -0.949560284614563
vn -0.4777516722679138 0.0037806862965226173 -0.8784868121147156
vn -0.6265542507171631 -0.011335467919707298 -0.7792953848838806
vn -0.7465978860855103 -0.018888942897319794 -0.6650074124336243
vn 0.6599829196929932 0.7186927795410156 -0.21886809170246124
vn 0.5871720910072327 0.7362905144691467 -0.3363112509250641
vn 0.4970847964286804 0.7426646947860718 -0.4487268626689911
vn 0.4083375036716461 0.7223734855651855 -0.5580654144287109
vn 0.6838482022285461 -0.7278934717178345 0.05022686347365379
vn 0.690825879573822 -0.7228594422340393 0.0152922747656703
vn 0.7012627124786377 -0.71193528175354 -0.03713129088282585
vn 0.6965522170066833 -0.7058982849121094 -0.12854042649269104
vn 0.6796365976333618 -0.6916480660438538 -0.24437066912651062
vn 0.6853472590446472 -0.7280558347702026 0.0152922747656703
vn 0.6849547624588013 -0.727638840675354 -0.03713129088282585
vn 0.6868016719818115 -0.7161538004875183 -0.1242060661315918
vn 0.6571964025497437 -0.718601644039154 -0.22738653421401978
vn 0.6661641597747803 -0.707518458366394 -0.23588760197162628
vn 0.6270397305488586 -0.7084386348724365 -0.3239381015300751
vn 0.6275324821472168 -0.7022091746330261 -0.3363112509250641
vn 0.5888973474502563 -0.6969243884086609 -0.40926313400268555
vn 0.6794402003288269 -0.7327907681465149 -0.03713129088282585
vn 0.6758273839950562 -0.7265192270278931 -0.1242060661315918
vn 0.647382378578186 -0.7287724614143372 -0.22312943637371063
vn 0.6214986443519592 -0.7188194394111633 -0.31150925159454346
vn 0.586648166179657 -0.7079511284828186 -0.3932546079158783
vn 0.6706416606903076 -0.7320321798324585 -0.11986933648586273
vn 0.6431230306625366 -0.7338184118270874 -0.21886809170246124
vn 0.6190931797027588 -0.7244290113449097 -0.30319350957870483
vn 0.5873206853866577 -0.7139779329299927 -0.3811691105365753
vn 0.7086514830589294 0.6953016519546509 0.11986933648586273
vn 0.6396837830543518 0.7623454928398132 0.0981530249118805
vn 0.7105824947357178 0.6892330646514893 0.1415284425020218
vn 0.6423214077949524 0.757003664970398 0.11986933648586273
vn 0.7115092873573303 0.6834810972213745 0.16312000155448914
vn 0.6442222595214844 0.7508026957511902 0.1458524912595749
vn 0.6370777487754822 0.7504281997680664 0.1760382205247879
vn 0.5372914671897888 0.8274718523025513 0.16312000155448914
vn 0.5273527503013611 0.8253382444381714 0.2017817199230194
vn 0.3943423926830292 0.8965367674827576 0.2017817199230194
vn 0.3693879246711731 0.8930132389068604 0.25706008076667786
vn 0.1873885691165924 0.9468992352485657 0.2612801790237427
vn 0.14097341895103455 0.9250492453575134 0.3527185618877411
vn -0.09045880287885666 0.9328861832618713 0.34862664341926575
vn -0.11101200431585312 0.8925971984863281 0.43697428703308105
vn -0.3124862015247345 0.8665158152580261 0.3892335295677185
vn -0.3032875657081604 0.8406312465667725 0.4487268626689911
vn -0.4565292298793793 0.8058269619941711 0.37712597846984863
vn -0.42931148409843445 0.7989321351051331 0.42118772864341736
vn -0.5400904417037964 0.7696847319602966 0.34042292833328247
vn -0.5093072056770325 0.7715674042701721 0.3811691105365753
vn -0.5928757190704346 0.7460376024246216 0.30319350957870483
vn 0.5473265051841736 0.8348402976989746 0.058952588587999344
vn 0.5503973364830017 0.830096960067749 0.08945280313491821
vn 0.5453705787658691 0.8289413452148438 0.1242060661315918
vn 0.4097246825695038 0.9004735946655273 0.1458524912595749
vn 0.21149134635925293 0.9580914974212646 0.19321508705615997
vn -0.05848924070596695 0.9657398462295532 0.25283506512641907
vn -0.31123629212379456 0.8992581963539124 0.30735430121421814
vn -0.4737423360347748 0.8205457925796509 0.3198012113571167
vn -0.5675896406173706 0.7670885920524597 0.2990269064903259
vn -0.6198798418045044 0.7384180426597595 0.26549527049064636
vn -0.662068247795105 0.7127473950386047 0.23163928091526031
vn 0.42411333322525024 0.9055432677268982 0.010923261754214764
vn 0.42236998677253723 0.9050308465957642 0.05022686347365379
vn 0.417152464389801 0.9035207629203796 0.0981530249118805
vn 0.22814999520778656 0.9656710028648376 0.1242060661315918
vn -0.030189597979187965 0.9846804141998291 0.17173540592193604
vn -0.29721301794052124 0.9293875098228455 0.21886809170246124
vn -0.4848409593105316 0.8397691249847412 0.24437066912651062
vn -0.5868999361991882 0.7705478072166443 0.24860523641109467
vn -0.6396379470825195 0.7329437732696533 0.23163928091526031
vn -0.6824221014976501 0.7037711143493652 0.1975002884864807
vn -0.7348536849021912 0.6642031073570251 0.1372016966342926
vn -0.7193083763122559 0.6752683520317078 0.16312000155448914
vn -0.7522181868553162 0.6508927941322327 0.10250037163496017
vn -0.7457583546638489 0.6536985635757446 0.12854042649269104
vn -0.7372068762779236 0.6678470373153687 0.10250037163496017
vn -0.7290843725204468 0.6730592846870422 0.1242060661315918
vn -0.6922293901443481 0.710908830165863 0.1242060661315918
vn -0.6930466890335083 0.7077159881591797 0.1372016966342926
vn -0.647517204284668 0.7462263107299805 0.15449213981628418
vn -0.6470686197280884 0.7457093000411987 0.15880759060382843
vn -0.5891514420509338 0.7845817804336548 0.19321508705615997
vn -0.5956742167472839 0.7806914448738098 0.18892620503902435
vn -0.5091399550437927 0.8265067338943481 0.2401314377784729
vn -0.5203235149383545 0.8207438588142395 0.23588760197162628
vn -0.40216147899627686 0.8624380826950073 0.30735430121421814
vn -0.42234358191490173 0.8571386337280273 0.2948545813560486
vn -0.26065003871917725 0.885256290435791 0.3852050006389618
vn -0.3000922203063965 0.879642128944397 0.3690181374549866
vn -0.14278151094913483 0.8821890950202942 0.4487268626689911
vn -0.1854117214679718 0.8801567554473877 0.43697428703308105
vn -0.140843465924263 0.8639312982559204 0.4835140109062195
vn -0.6979919075965881 0.706001877784729 0.11986933648586273
vn -0.7409610748291016 0.6649643182754517 0.09380380809307098
vn -0.7610831260681152 0.6424567699432373 0.08945280313491821
vn -0.7431135773658752 0.6591167449951172 0.11553031951189041
vn -0.6977918744087219 0.696458101272583 0.16742929816246033
vn -0.6580004096031189 0.7300313711166382 0.18463370203971863
vn -0.5984063744544983 0.7806331515312195 0.18033768236637115
vn -0.4823649525642395 0.8606485724449158 0.16312000155448914
vn -0.28120657801628113 0.9509995579719543 0.12854042649269104
vn -0.2537339925765991 0.9663834571838379 0.04149730131030083
vn -0.005663774441927671 0.9963563084602356 0.08510008454322815
vn -0.23384229838848114 0.9711922407150269 -0.04586252197623253
vn 0.0075516714714467525 0.9999499917030334 0.006554040592163801
vn 0.020755073055624962 0.998045027256012 -0.058952588587999344
vn 0.24467341601848602 0.9678117036819458 0.058952588587999344
vn 0.25395211577415466 0.9672143459320068 0.002184694167226553
vn -0.7415428161621094 0.6654864549636841 0.08510008454322815
vn -0.7651318907737732 0.6398316025733948 0.07203252613544464
vn -0.7509554028511047 0.653656542301178 0.09380380809307098
vn -0.709034264087677 0.6916979551315308 0.1372016966342926
vn -0.6659975051879883 0.734024703502655 0.1328723281621933
vn -0.6037790775299072 0.7899587154388428 0.10684575140476227
vn -0.46756845712661743 0.880261242389679 0.08074574917554855
vn -0.7644286155700684 0.6430750489234924 0.04586252197623253
vn -0.7491308450698853 0.6597936153411865 0.058952588587999344
vn -0.7152354717254639 0.6925597786903381 0.09380380809307098
vn -0.6657235622406006 0.7431234121322632 0.06767380982637405
vn -0.5923439860343933 0.8050186634063721 0.03276457265019417
vn -0.4512958228588104 0.8923717141151428 -0.002184694167226553
vn -0.71193528175354 0.7012627124786377 0.03713129088282585
vn -0.6631211042404175 0.7485089898109436 -0.002184694167226553
vn -0.5799297094345093 0.8136089444160461 -0.04149730131030083
vn -0.4291481673717499 0.8992162346839905 -0.08510008454322815
vn -0.40828946232795715 0.8981600999832153 -0.16312000155448914
vn -0.21354758739471436 0.9695507884025574 -0.11986933648586273
vn -0.3890427052974701 0.8948422074317932 -0.21886809170246124
vn -0.1988336592912674 0.9632982611656189 -0.18033768236637115
vn -0.3715650141239166 0.8896357417106628 -0.26549527049064636
vn -0.1932564675807953 0.9534124135971069 -0.23163928091526031
vn -0.34515443444252014 0.8838711977005005 -0.31565824151039124
vn -0.17833948135375977 0.9413377046585083 -0.2864931523799896
vn -0.3126251995563507 0.8718035817146301 -0.37712597846984863
vn -0.15601536631584167 0.9210593104362488 -0.3568037748336792
vn -0.27507686614990234 0.8563796877861023 -0.43697428703308105
vn -0.13545037806034088 0.8986545205116272 -0.417220801115036
vn -0.1110813319683075 0.8786967992782593 -0.4642767012119293
vn 0.03584244102239609 0.9254681468009949 -0.37712597846984863
vn 0.043436236679553986 0.9022132158279419 -0.42909738421440125
vn 0.20240889489650726 0.9256121516227722 -0.3198012113571167
vn 0.19292902946472168 0.9058445692062378 -0.37712597846984863
vn 0.34172531962394714 0.9051509499549866 -0.25283506512641907
vn 0.31140583753585815 0.8948483467102051 -0.3198012113571167
vn 0.41977590322494507 0.8729166984558105 -0.24860523641109467
vn 0.40049538016319275 0.8571274876594543 -0.3239381015300751
vn 0.5123571157455444 0.8220009803771973 -0.24860523641109467
vn 0.29858776926994324 0.8749602437019348 -0.3811691105365753
vn 0.19309206306934357 0.8823779821395874 -0.42909738421440125
vn 0.06229296326637268 0.8793956637382507 -0.4719987213611603
vn -0.08111774921417236 0.8585376739501953 -0.5062933564186096
vn -0.2386922389268875 0.8421639800071716 -0.4835140109062195
vn -0.38734719157218933 0.8117977976799011 -0.43697428703308105
vn -0.4336213171482086 0.8165063858032227 -0.3811691105365753
vn -0.47085705399513245 0.8205838203430176 -0.3239381015300751
vn -0.49113571643829346 0.8254941701889038 -0.2781098484992981
vn -0.513933539390564 0.8247601985931396 -0.23588760197162628
vn -0.5389791131019592 0.822787880897522 -0.18033768236637115
vn -0.5625876188278198 0.8186256289482117 -0.11553031951189041
vn -0.6525093913078308 0.7551310062408447 -0.0633138045668602
vn -0.7069026231765747 0.7069026231765747 -0.024029340595006943
vn -0.7428411841392517 0.6681803464889526 -0.04149730131030083
vn -0.7484660744667053 0.6630830764770508 0.010923261754214764
vn -0.7584388852119446 0.651740550994873 0.002184694167226553
vn -0.73887038230896 0.6708665490150452 0.0633138045668602
vn -0.6979919075965881 0.706001877784729 0.11986933648586273
vn -0.6470686197280884 0.7457093000411987 0.15880759060382843
vn -0.20563732087612152 0.8282347917556763 -0.5212872624397278
vn -0.3454180657863617 0.8043012619018555 -0.4835140109062195
vn -0.4624924957752228 0.775871217250824 -0.42909738421440125
vn -0.5067933797836304 0.7771583199501038 -0.37307560443878174
vn -0.5410142540931702 0.7761235237121582 -0.3239381015300751
vn -0.5681460499763489 0.7729905843734741 -0.28230419754981995
vn -0.589950680732727 0.7709053754806519 -0.2401314377784729
vn -0.6135259866714478 0.7667416930198669 -0.18892620503902435
vn -0.6321361064910889 0.7641212940216064 -0.12854042649269104
vn -0.6947111487388611 0.7147423028945923 -0.08074574917554855
vn -0.7307964563369751 0.676119327545166 -0.09380380809307098
vn -0.7425805926322937 0.662525475025177 -0.0981530249118805
vn -0.7544584274291992 0.6544232368469238 -0.05022686347365379
vn -0.727638840675354 0.6849547624588013 -0.03713129088282585
vn -0.7382673621177673 0.6742216348648071 0.01966099627315998
vn -0.686437726020813 0.7251366972923279 0.05459024757146835
vn -0.6953307390213013 0.711342990398407 0.10250037163496017
vn -0.6221646070480347 0.7767091989517212 0.0981530249118805
vn -0.6343731880187988 0.7582997679710388 0.15017375349998474
vn -0.5417639017105103 0.8277795314788818 0.1458524912595749
vn -0.5551571846008301 0.8058164119720459 0.2060592919588089
vn -0.4454929232597351 0.8722500801086426 0.2017817199230194
vn -0.45953190326690674 0.8462207317352295 0.26970529556274414
vn -0.31829753518104553 0.9112734794616699 0.2612801790237427
vn -0.33937153220176697 0.8784769177436829 0.3363112509250641
vn -0.1614658683538437 0.9350340366363525 0.31565824151039124
vn -0.18735460937023163 0.8983741998672485 0.3972681760787964
vn -0.037739723920822144 0.9365015625953674 0.34862664341926575
vn -0.06968726962804794 0.8986768126487732 0.43303996324539185
vn -0.05279935896396637 0.8921078443527222 0.4487268626689911
vn -0.06968903541564941 0.874669075012207 0.4796847105026245
vn -0.09599822014570236 0.8700566291809082 0.4835140109062195
vn -0.09782380610704422 0.8633995056152344 0.4949462115764618
vn -0.11279422789812088 0.8615716695785522 0.4949462115764618
vn -0.11090607196092606 0.8484327793121338 0.5175535082817078
vn -0.16667552292346954 0.8415572643280029 0.5138099193572998
vn -0.30983248353004456 0.8071411848068237 0.5025205612182617
vn -0.4794161319732666 0.7348896265029907 0.4796847105026245
vn -0.6313385367393494 0.6406754851341248 0.43697428703308105
vn -0.7567089796066284 0.5311324000358582 0.3811691105365753
vn -0.8533200025558472 0.40854504704475403 0.3239381015300751
vn -0.3064119517803192 0.7964743375778198 -0.5212872624397278
vn -0.4133579134941101 0.7763411402702332 -0.4758462607860565
vn -0.5181711316108704 0.7466093301773071 -0.417220801115036
vn -0.5578742623329163 0.7453758716583252 -0.3649536371231079
vn -0.5941160917282104 0.738074004650116 -0.3198012113571167
vn -0.6143699288368225 0.7383796572685242 -0.2781098484992981
vn -0.6367363929748535 0.732737123966217 -0.2401314377784729
vn -0.6595087647438049 0.7275679111480713 -0.18892620503902435
vn -0.6787338852882385 0.7214540839195251 -0.1372016966342926
vn -0.7173358201980591 0.6812902688980103 -0.1458524912595749
vn -0.7276543974876404 0.6702582836151123 -0.1458524912595749
vn -0.7157970666885376 0.693103551864624 -0.08510008454322815
vn -0.6600790023803711 0.7481416463851929 -0.06767380982637405
vn -0.6743374466896057 0.7383942008018494 -0.006554040592163801
vn -0.5921517014503479 0.8047573566436768 -0.04149730131030083
vn -0.6105802655220032 0.7915897369384766 0.024029340595006943
vn -0.5043236613273621 0.8634456396102905 -0.010923261754214764
vn -0.5249041318893433 0.8488032817840576 0.0633138045668602
vn -0.39651668071746826 0.9178169369697571 0.01966099627315998
vn -0.42559704184532166 0.8980557918548584 0.1111890971660614
vn -0.26298800110816956 0.9632534384727478 0.05459024757146835
vn -0.29379257559776306 0.9433016777038574 0.15449213981628418
vn -0.10356725752353668 0.9901891946792603 0.09380380809307098
vn -0.12986858189105988 0.9707822799682617 0.2017817199230194
vn 0.020751887932419777 0.9930871725082397 0.11553031951189041
vn -0.011318806558847427 0.9727358818054199 0.23163928091526031
vn 0.020751887932419777 0.9930871725082397 0.11553031951189041
vn -0.003773011267185211 0.9727944135665894 0.23163928091526031
vn -0.052814092487096786 0.9933299422264099 0.10250037163496017
vn -0.06789781153202057 0.9733892679214478 0.21886809170246124
vn -0.14111900329589844 0.9863282442092896 0.08510008454322815
vn -0.15782472491264343 0.9675148725509644 0.1975002884864807
vn -0.2919958829879761 0.9548603296279907 0.05459024757146835
vn -0.2955278158187866 0.9413050413131714 0.16312000155448914
vn -0.517306923866272 0.8557302355766296 0.010923261754214764
vn -0.5166096687316895 0.8495283722877502 0.10684575140476227
vn -0.7377740144729614 0.67377108335495 -0.04149730131030083
vn -0.7329027056694031 0.6795440316200256 0.03276457265019417
vn -0.8760941624641418 0.4745703637599945 -0.08510008454322815
vn -0.8743482828140259 0.48446738719940186 -0.028397228568792343
vn -0.944337785243988 0.30802419781684875 -0.11553031951189041
vn -0.9425833821296692 0.32611021399497986 -0.07203252613544464
vn -0.9694744944572449 0.20606817305088043 -0.1328723281621933
vn -0.9711714386940002 0.21723729372024536 -0.0981530249118805
vn -0.98048996925354 0.13178199529647827 -0.1458524912595749
vn -0.9824227690696716 0.1466227024793625 -0.11553031951189041
vn -0.9851091504096985 0.07544654607772827 -0.15449213981628418
vn -0.9879030585289001 0.0867462232708931 -0.12854042649269104
vn -0.03394278138875961 0.9335625171661377 0.3568037748336792
vn -0.08661932498216629 0.9347713589668274 0.34452807903289795
vn -0.15585292875766754 0.934578537940979 0.3198012113571167
vn -0.27701058983802795 0.9184603691101074 0.28230419754981995
vn -0.49487313628196716 0.8420488834381104 0.21460255980491638
vn -0.7135365009307861 0.689520537853241 0.1242060661315918
vn -0.8629016876220703 0.5040059089660645 0.03713129088282585
vn -0.9399937987327576 0.3403443694114685 -0.024029340595006943
vn -0.9700809121131897 0.23551560938358307 -0.058952588587999344
vn -0.9847277402877808 0.15424460172653198 -0.08074574917554855
vn -0.9910481572151184 0.090495765209198 -0.0981530249118805
vn -0.09231839329004288 0.892795741558075 0.4409002661705017
vn -0.14643284678459167 0.8932008743286133 0.42514660954475403
vn -0.25506874918937683 0.8851198554039001 0.3892335295677185
vn -0.45248666405677795 0.8340357542037964 0.31565824151039124
vn -0.6758176684379578 0.7024839520454407 0.22312943637371063
vn -0.8351100087165833 0.535876989364624 0.1242060661315918
vn -0.9268129467964172 0.37214913964271545 0.05022686347365379
vn -0.9672143459320068 0.25395211577415466 -0.002184694167226553
vn -0.9845559000968933 0.17275206744670868 -0.028397228568792343
vn -0.992741584777832 0.10927680134773254 -0.05022686347365379
vn -0.12788666784763336 0.8701812028884888 0.4758462607860565
vn -0.1889413297176361 0.8568568825721741 0.4796847105026245
vn -0.3557632565498352 0.8219304084777832 0.44481781125068665
vn -0.5562275648117065 0.727729320526123 0.401274174451828
vn -0.7219617962837219 0.6047031283378601 0.3363112509250641
vn -0.840762197971344 0.4694443643093109 0.26970529556274414
vn -0.9139968156814575 0.3469436764717102 0.2103329300880432
vn -0.9555454850196838 0.24269385635852814 0.16742929816246033
vn -0.220246821641922 0.8681177496910095 0.44481781125068665
vn -0.402820885181427 0.8283915519714355 0.3892335295677185
vn -0.6198226809501648 0.718456506729126 0.31565824151039124
vn -0.7904766798019409 0.5687196254730225 0.22738653421401978
vn -0.8981010913848877 0.4133549630641937 0.15017375349998474
vn -0.9513064026832581 0.29362717270851135 0.09380380809307098
vn -0.976759135723114 0.20607326924800873 0.058952588587999344
vn -0.9912378191947937 0.12796127796173096 0.03276457265019417
vn -0.6429715156555176 0.7483177781105042 0.16312000155448914
vn -0.5797388553619385 0.7883161902427673 0.2060592919588089
vn -0.49404376745224 0.8305665850639343 0.25706008076667786
vn -0.37420931458473206 0.8689255118370056 0.3239381015300751
vn -0.5661794543266296 0.7946933507919312 0.21886809170246124
vn -0.4709252715110779 0.8357833027839661 0.28230419754981995
vn -0.35663914680480957 0.8683944344520569 0.34452807903289795
vn -0.20578446984291077 0.8870629072189331 0.41324591636657715
vn -0.09229057282209396 0.882899820804596 0.46040233969688416
vn -0.11098673194646835 0.8827639222145081 0.456519216299057
vn -0.08098682016134262 0.8715820908546448 0.4835140109062195
vn -0.09977763891220093 0.8674963712692261 0.48733407258987427
vn -0.1091306284070015 0.8554282784461975 0.5062933564186096
vn -0.1353011429309845 0.8494327068328857 0.5100564956665039
vn -0.13334918022155762 0.8359054923057556 0.5324283838272095
vn -0.9817700982093811 0.0716802105307579 -0.1760382205247879
vn -0.9719161987304688 0.12795519828796387 -0.1975002884864807
vn -0.9555509090423584 0.18766407668590546 -0.22738653421401978
vn -0.9194585680961609 0.2900141775608063 -0.26549527049064636
vn -0.8154410719871521 0.46207723021507263 -0.34862664341926575
vn -0.5906538963317871 0.6680243015289307 -0.45262736082077026
vn -0.3014448583126068 0.8079591989517212 -0.5062933564186096
vn -0.04529714956879616 0.8498891592025757 -0.5250110030174255
vn 0.06979288160800934 0.8639382123947144 -0.4987381398677826
vn 0.05662010237574577 0.8229430317878723 -0.5652954578399658
vn 0.10730235278606415 0.8644437193870544 -0.4911448359489441
vn 0.09800544381141663 0.8264365792274475 -0.5544344186782837
vn 0.13544026017189026 0.8647948503494263 -0.4835140109062195
vn 0.1279522180557251 0.8320087790489197 -0.5398051738739014
vn 0.11293000727891922 0.8722483515739441 -0.4758462607860565
vn 0.10922928899526596 0.8417357802391052 -0.528724730014801
vn 0.018883448094129562 0.8485832810401917 -0.528724730014801
vn -0.9767969846725464 0.12796328961849213 -0.17173540592193604
vn -0.9607231616973877 0.19494780898094177 -0.1975002884864807
vn -0.927382230758667 0.29377785325050354 -0.23163928091526031
vn -0.8405182361602783 0.45983779430389404 -0.2864931523799896
vn -0.6434566378593445 0.6661377549171448 -0.37712597846984863
vn -0.3440473973751068 0.8269029855728149 -0.44481781125068665
vn -0.08485104888677597 0.8795698881149292 -0.46814218163490295
vn 0.04151454567909241 0.8907328248023987 -0.45262736082077026
vn 0.09616922587156296 0.8884794116020203 -0.4487268626689911
vn 0.13350717723369598 0.8875712752342224 -0.4409002661705017
vn 0.12420068681240082 0.8927769064903259 -0.43303996324539185
vn 0.018876967951655388 0.9011770486831665 -0.43303996324539185
vn 0.015098275616765022 0.8793988823890686 -0.4758462607860565
vn -0.10543892532587051 0.8731855154037476 -0.4758462607860565
vn -0.09420816600322723 0.8481653332710266 -0.5212872624397278
vn -0.19825437664985657 0.834682285785675 -0.5138099193572998
vn -0.9663858413696289 0.19872166216373444 -0.16312000155448914
vn -0.9349851608276367 0.29744020104408264 -0.19321508705615997
vn -0.8559752106666565 0.460068941116333 -0.23588760197162628
vn -0.6834705471992493 0.6621187925338745 -0.30735430121421814
vn -0.39456111192703247 0.8342293500900269 -0.3852050006389618
vn -0.1186104342341423 0.8973193168640137 -0.42514660954475403
vn 0.01510563027113676 0.9086796045303345 -0.417220801115036
vn 0.0810898095369339 0.9088059067726135 -0.40926313400268555
vn 0.13171349465847015 0.906438410282135 -0.401274174451828
vn 0.12234892696142197 0.9112527370452881 -0.3932546079158783
vn 0.020780349150300026 0.9174672365188599 -0.3972681760787964
vn -0.11854694038629532 0.906477153301239 -0.405272513628006
vn -0.11303381621837616 0.8923434615135193 -0.43697428703308105
vn -0.24980905652046204 0.8812346458435059 -0.401274174451828
vn -0.23511594533920288 0.8701705932617188 -0.43303996324539185
vn -0.3568629026412964 0.8492032289505005 -0.3892335295677185
vn -0.3335282802581787 0.843421459197998 -0.42118772864341736
vn -0.4433351457118988 0.8131604790687561 -0.37712597846984863
vn -0.4244707524776459 0.8056378960609436 -0.41324591636657715
vn -0.5272091627120972 0.7673717141151428 -0.3649536371231079
vn -0.4966474175453186 0.7696235179901123 -0.401274174451828
vn -0.5912674069404602 0.7232522964477539 -0.3568037748336792
vn -0.5600876808166504 0.7291451692581177 -0.3932546079158783
vn -0.6246261596679688 0.696729302406311 -0.3527185618877411
vn -0.5895504951477051 0.7055359482765198 -0.3932546079158783
vn -0.6028866767883301 0.7135956287384033 -0.3568037748336792
vn -0.5653431415557861 0.7184297442436218 -0.405272513628006
vn -0.652299702167511 0.6909899115562439 -0.31150925159454346
vn -0.6161718368530273 0.721589982509613 -0.31565824151039124
vn -0.6692978143692017 0.6906617283821106 -0.27391019463539124
vn -0.6372880935668945 0.718692421913147 -0.2781098484992981
vn -0.6904798746109009 0.6838088631629944 -0.23588760197162628
vn -0.6578766107559204 0.7152310013771057 -0.23588760197162628
vn -0.7096222043037415 0.6775723695755005 -0.19321508705615997
vn -0.6801162958145142 0.709473192691803 -0.18463370203971863
vn -0.7004197835922241 0.7004197835922241 -0.1372016966342926
vn -0.6419764161109924 0.756597101688385 -0.1242060661315918
vn -0.5693473219871521 0.8151243329048157 -0.10684575140476227
vn -0.4826642870903015 0.8712252378463745 -0.08945280313491821
vn -0.3701205849647522 0.9268236756324768 -0.0633138045668602
vn -0.23910951614379883 0.9701054692268372 -0.04149730131030083
vn -0.07544279098510742 0.9970902800559998 -0.010923261754214764
vn 0.045294955372810364 0.9989521503448486 0.006554040592163801
vn 0.045294955372810364 0.9989521503448486 0.006554040592163801
vn -0.030202379450201988 0.99952232837677 -0.006554040592163801
vn -0.1280052661895752 0.9915785789489746 -0.01966099627315998
vn -0.2828059196472168 0.9582790732383728 -0.04149730131030083
vn -0.5137128829956055 0.8545546531677246 -0.0763898640871048
vn -0.009442448616027832 0.9942307472229004 -0.10684575140476227
vn 0.06791289150714874 0.9928513765335083 -0.0981530249118805
vn 0.0697416290640831 0.9931449890136719 -0.09380380809307098
vn -0.04717260226607323 0.9926790595054626 -0.1111890971660614
vn -0.20791366696357727 0.96908038854599 -0.1328723281621933
vn -0.34210577607154846 0.9282729625701904 -0.1458524912595749
vn -0.4539352357387543 0.8767684698104858 -0.15880759060382843
vn -0.548100471496582 0.8185919523239136 -0.17173540592193604
vn -0.6183172464370728 0.7649588584899902 -0.18033768236637115
vn 0.09052969515323639 0.9769709706306458 -0.19321508705615997
vn 0.09052969515323639 0.9769709706306458 -0.19321508705615997
vn -0.01888195239007473 0.9783573150634766 -0.2060592919588089
vn -0.18016748130321503 0.9589767456054688 -0.21886809170246124
vn -0.3152535855770111 0.9213634133338928 -0.22738653421401978
vn -0.42863500118255615 0.8732784390449524 -0.23163928091526031
vn -0.5208704471588135 0.8216065168380737 -0.23163928091526031
vn -0.5950722098350525 0.7695662975311279 -0.23163928091526031
vn 0.11678734421730042 0.9521896243095398 -0.28230419754981995
vn 0.007552541792392731 0.9567915201187134 -0.29067665338516235
vn 0.024548359215259552 0.9338567852973938 -0.3568037748336792
vn -0.12978136539459229 0.9219357967376709 -0.3649536371231079
vn -0.2663170397281647 0.8954140543937683 -0.3568037748336792
vn -0.37430912256240845 0.8592742085456848 -0.34862664341926575
vn -0.4686950147151947 0.8168351650238037 -0.3363112509250641
vn -0.5485120415687561 0.7690938711166382 -0.3280687630176544
vn 0.12046560645103455 0.9294877648353577 -0.34862664341926575
vn 0.12432213872671127 0.9274339079856873 -0.3527185618877411
vn 0.06599082797765732 0.9286840558052063 -0.3649536371231079
vn -0.01510178204625845 0.9276780486106873 -0.37307560443878174
vn -0.15958735346794128 0.9123091101646423 -0.37712597846984863
vn -0.44134920835494995 0.8399825692176819 -0.31565824151039124
vn -0.708622395992279 0.6619194149971008 -0.24437066912651062
vn -0.8672043681144714 0.46072059869766235 -0.18892620503902435
vn -0.9398712515830994 0.3045886158943176 -0.15449213981628418
vn 0.1092865839600563 0.9530796408653259 -0.28230419754981995
vn 0.04340911656618118 0.9545556306838989 -0.2948545813560486
vn -0.04906151443719864 0.9529826045036316 -0.2990269064903259
vn -0.0811283215880394 0.97425776720047 -0.2103329300880432
vn -0.23370525240898132 0.946358859539032 -0.22312943637371063
vn -0.26653534173965454 0.9546223878860474 -0.1328723281621933
vn -0.5001760125160217 0.8512368202209473 -0.15880759060382843
vn -0.7333783507347107 0.6706662178039551 -0.1111890971660614
vn -0.874912679195404 0.46443891525268555 -0.1372016966342926
vn -0.7267193794250488 0.663995087146759 -0.1760382205247879
vn -0.4749559760093689 0.8478053212165833 -0.23588760197162628
vn -0.2022760957479477 0.9298481941223145 -0.30735430121421814
vn -0.21865792572498322 0.8561726212501526 -0.46814218163490295
vn -0.2907630503177643 0.8142051100730896 -0.5025205612182617
vn -0.3176690638065338 0.8310695290565491 -0.456519216299057
vn -0.36404240131378174 0.791359543800354 -0.4911448359489441
vn -0.3957538306713104 0.8012634515762329 -0.4487268626689911
vn -0.43329933285713196 0.7605694532394409 -0.4835140109062195
vn -0.4682474136352539 0.7657358050346375 -0.4409002661705017
vn -0.4909912347793579 0.7297245264053345 -0.4758462607860565
vn -0.5237956047058105 0.7312261462211609 -0.43697428703308105
vn -0.5157515406608582 0.7124399542808533 -0.4758462607860565
vn -0.5540360808372498 0.7085884213447571 -0.43697428703308105
vn -0.4878782033920288 0.7242101430892944 -0.48733407258987427
vn -0.5249797105789185 0.7232154011726379 -0.4487268626689911
vn -0.4344618022441864 0.7474731206893921 -0.5025205612182617
vn -0.47087305784225464 0.7501504421234131 -0.4642767012119293
vn -0.37562796473503113 0.7712995409965515 -0.5138099193572998
vn -0.10733037441968918 0.9874882102012634 -0.11553031951189041
vn 0.013213587924838066 0.9793413877487183 -0.2017817199230194
vn -0.5742146372795105 0.7684932351112366 -0.28230419754981995
vn -0.4957454204559326 0.8183786273002625 -0.29067665338516235
vn -0.39725878834724426 0.869049072265625 -0.2948545813560486
vn -0.286246657371521 0.9102998375892639 -0.2990269064903259
vn -0.1466657817363739 0.9429062008857727 -0.2990269064903259
vn 0.02829626016318798 0.9929008483886719 -0.11553031951189041
vn 0.032084327191114426 0.9860844016075134 -0.16312000155448914
vn 0.25215739011764526 0.9665988087654114 -0.04586252197623253
vn 0.24835090339183807 0.9645310044288635 -0.08945280313491821
vn 0.02831651084125042 0.974377453327179 -0.22312943637371063
vn 0.2318294644355774 0.9624057412147522 -0.1415284425020218
vn 0.21909861266613007 0.9478074908256531 -0.23163928091526031
vn 0.40004634857177734 0.9139930009841919 -0.06767380982637405
vn 0.37896090745925903 0.9124257564544678 -0.15449213981628418
vn 0.5237745046615601 0.8518317341804504 -0.006554040592163801
vn 0.49945735931396484 0.8625673651695251 -0.08074574917554855
vn 0.6270426511764526 0.7776336669921875 0.04586252197623253
vn 0.604688823223114 0.7963150143623352 -0.0152922747656703
vn 0.6983376145362854 0.71168053150177 0.0763898640871048
vn 0.6851509809494019 0.7278472781181335 0.028397228568792343
vn 0.6683973073959351 0.7430824637413025 -0.03276457265019417
vn 0.5750752687454224 0.8127049207687378 -0.09380380809307098
vn 0.4624733328819275 0.8689815402030945 -0.1760382205247879
vn 0.6394020318984985 0.7620096802711487 -0.10250037163496017
vn 0.5372914671897888 0.8274718523025513 -0.16312000155448914
vn 0.601872444152832 0.7789480686187744 -0.1760382205247879
vn -0.3883172869682312 0.7982727289199829 0.46040233969688416
vn -0.2799243628978729 0.8248752355575562 0.4911448359489441
vn -0.11284841597080231 0.8571687936782837 0.5025205612182617
vn 0.09791611135005951 0.8882886171340942 0.4487268626689911
vn 0.3341958522796631 0.882020890712738 0.33219319581985474
vn 0.5059337019920349 0.8259700536727905 0.24860523641109467
vn 0.6301160454750061 0.7486610412597656 0.2060592919588089
vn 0.7068559527397156 0.6828360557556152 0.18463370203971863
vn 0.27481207251548767 0.8604381084442139 0.42909738421440125
vn 0.4775539040565491 0.8246307969093323 0.30319350957870483
vn 0.6194708943367004 0.7473905682563782 0.2401314377784729
vn 0.7005633115768433 0.6818879246711731 0.2103329300880432
vn 0.42445242404937744 0.8155924081802368 0.3932546079158783
vn 0.5930602550506592 0.7540450096130371 0.28230419754981995
vn 0.6917340159416199 0.6810587048530579 0.2401314377784729
vn 0.5551850199699402 0.753232479095459 0.3527185618877411
vn 0.6753799915313721 0.6847153306007385 0.27391019463539124
vn 0.49034395813941956 0.7563326954841614 0.43303996324539185
vn 0.3570021986961365 0.8015310168266296 0.4796847105026245
vn 0.4322831332683563 0.7537636160850525 0.4949462115764618
vn 0.2971457242965698 0.7876006960868835 0.5398051738739014
vn 0.39281463623046875 0.7281522750854492 0.5616858005523682
vn 0.27007192373275757 0.7579501867294312 0.5937783122062683
vn 0.4933328926563263 0.6963348984718323 0.5212872624397278
vn 0.5538843274116516 0.6962774991989136 0.456519216299057
vn 0.5989834666252136 0.6975454688072205 0.3932546079158783
vn 0.642856776714325 0.6921748518943787 0.3280687630176544
vn 0.21444720029830933 0.8306694626808167 0.5138099193572998
vn 0.17777124047279358 0.805505096912384 0.5652954578399658
vn 0.1720450222492218 0.7779802083969116 0.6042742133140564
vn 0.07155117392539978 0.7962005734443665 0.6007870435714722
vn 0.058419305831193924 0.8228172659873962 0.5652954578399658
vn -0.0809408500790596 0.8133905529975891 0.5760593414306641
vn -0.09974069148302078 0.8334766626358032 0.5434780716896057
vn -0.24718110263347626 0.8120046854019165 0.528724730014801
vn 0.06592172384262085 0.8508313298225403 0.5212872624397278
vn 0.4102942943572998 0.9116365313529968 -0.024029340595006943
vn 0.5363036394119263 0.8433889150619507 0.03276457265019417
vn 0.6369309425354004 0.7675482034683228 0.07203252613544464
vn 0.7063573002815247 0.7010173797607422 0.0981530249118805
vn 0.024535933509469032 0.952613115310669 -0.30319350957870483
vn -0.6332334876060486 0.7066648602485657 -0.31565824151039124
vn -0.6595757603645325 0.6982941627502441 -0.2781098484992981
vn -0.6797752976417542 0.6944513320922852 -0.23588760197162628
vn -0.699103832244873 0.688419759273529 -0.19321508705615997
vn -0.22581635415554047 0.8876857757568359 0.401274174451828
s on
f 1//1 2//2 3//3
f 2//2 4//4 3//3
f 3//3 4//4 5//5
f 4//4 6//6 5//5
f 5//5 6//6 7//7
f 6//6 8//8 7//7
f 7//7 8//8 9//9
f 8//8 10//10 9//9
f 9//9 10//10 11//11
f 10//10 12//12 11//11
f 11//11 12//12 13//13
f 12//12 14//14 13//13
f 13//13 14//14 15//15
f 14//14 16//16 15//15
f 15//15 16//16 17//17
f 16//16 18//18 17//17
f 17//17 18//18 19//19
f 18//18 20//20 19//19
f 19//19 20//20 21//21
f 20//20 22//22 21//21
f 21//21 22//22 23//23
f 22//22 24//24 23//23
f 23//23 24//24 25//25
f 24//24 26//26 25//25
f 25//25 26//26 27//27
f 26//26 28//28 27//27
f 27//27 28//28 29//29
f 28//28 30//30 29//29
f 29//29 30//30 31//31
f 30//30 32//32 31//31
f 31//31 32//32 33//33
f 32//32 34//34 33//33
f 33//33 34//34 35//35
f 34//34 36//36 35//35
f 35//35 36//36 37//37
f 36//36 38//38 37//37
f 37//37 38//38 39//39
f 38//38 40//40 39//39
f 39//39 40//40 41//41
f 40//40 42//42 41//41
f 41//41 42//42 43//43
f 42//42 44//44 43//43
f 43//43 44//44 45//45
f 44//44 46//46 45//45
f 45//45 46//46 47//47
f 46//46 48//48 47//47
f 47//47 48//48 49//49
f 48//48 50//50 49//49
f 49//49 50//50 51//51
f 50//50 52//52 51//51
f 51//51 52//52 53//53
f 52//52 54//54 53//53
f 53//53 54//54 55//55
f 54//54 56//56 55//55
f 55//55 56//56 57//57
f 56//56 58//58 57//57
f 57//57 58//58 59//59
f 58//58 60//60 59//59
f 59//59 60//60 61//61
f 60//60 62//62 61//61
f 61//61 62//62 63//63
f 62//62 64//64 63//63
f 63//63 64//64 65//65
f 64//64 66//66 65//65
f 65//65 66//66 67//67
f 66//66 68//68 67//67
f 67//67 68//68 69//69
f 68//68 70//70 69//69
f 69//69 70//70 71//71
f 70//70 72//72 71//71
f 71//71 72//72 73//73
f 72//72 74//74 73//73
f 73//73 74//74 75//75
f 74//74 76//76 75//75
f 75//75 76//76 77//77
f 76//76 78//78 77//77
f 77//77 78//78 79//79
f 78//78 80//80 79//79
f 79//79 80//80 81//81
f 80//80 82//82 81//81
f 81//81 82//82 83//83
f 82//82 84//84 83//83
f 83//83 84//84 85//85
f 84//84 86//86 85//85
f 85//85 86//86 87//87
f 86//86 88//88 87//87
f 87//87 88//88 89//89
f 88//88 90//90 89//89
f 89//89 90//90 91//91
f 90//90 92//92 91//91
f 91//91 92//92 93//93
f 92//92 94//94 93//93
f 93//93 94//94 95//95
f 94//94 96//96 95//95
f 95//95 96//96 97//97
f 96//96 98//98 97//97
f 97//97 98//98 99//99
f 98//98 100//100 99//99
f 99//99 100//100 101//101
f 100//100 102//102 101//101
f 101//101 102//102 103//103
f 102//102 104//104 103//103
f 2//2 105//105 4//4
f 105//105 106//106 4//4
f 4//4 106//106 6//6
f 106//106 107//107 6//6
f 6//6 107//107 8//8
f 107//107 108//108 8//8
f 8//8 108//108 10//10
f 108//108 109//109 10//10
f 10//10 109//109 12//12
f 109//109 110//110 12//12
f 12//12 110//110 14//14
f 110//110 111//111 14//14
f 14//14 111//111 16//16
f 111//111 112//112 16//16
f 16//16 112//112 18//18
f 112//112 113//113 18//18
f 18//18 113//113 20//20
f 113//113 114//114 20//20
f 20//20 114//114 22//22
f 114//114 115//115 22//22
f 22//22 115//115 24//24
f 115//115 116//116 24//24
f 24//24 116//116 26//26
f 116//116 117//117 26//26
f 26//26 117//117 28//28
f 117//117 118//118 28//28
f 28//28 118//118 30//30
f 118//118 119//119 30//30
f 30//30 119//119 32//32
f 119//119 120//120 32//32
f 32//32 120//120 34//34
f 120//120 121//121 34//34
f 34//34 121//121 36//36
f 121//121 122//122 36//36
f 36//36 122//122 38//38
f 122//122 123//123 38//38
f 38//38 123//123 40//40
f 123//123 124//124 40//40
f 40//40 124//124 42//42
f 124//124 125//125 42//42
f 42//42 125//125 44//44
f 125//125 126//126 44//44
f 44//44 126//126 46//46
f 126//126 127//127 46//46
f 46//46 127//127 48//48
f 127//127 128//128 48//48
f 48//48 128//128 50//50
f 128//128 129//129 50//50
f 50//50 129//129 52//52
f 129//129 130//130 52//52
f 52//52 130//130 131//131
f 130//130 132//132 131//131
f 131//131 132//132 133//133
f 132//132 134//134 133//133
f 133//133 134//134 135//135
f 134//134 136//136 135//135
f 135//135 136//136 137//137
f 136//136 138//138 137//137
f 137//137 138//138 139//139
f 138//138 140//140 139//139
f 139//139 140//140 141//141
f 140//140 142//142 141//141
f 141//141 142//142 143//143
f 142//142 144//144 143//143
f 143//143 144//144 68//68
f 144//144 70//70 68//68
f 111//111 145//145 112//112
f 145//145 146//146 112//112
f 112//112 146//146 113//113
f 146//146 147//147 113//113
f 113//113 147//147 114//114
f 147//147 148//148 114//114
f 114//114 148//148 115//115
f 148//148 149//149 115//115
f 115//115 149//149 116//116
f 149//149 150//150 116//116
f 116//116 150//150 117//117
f 150//150 151//151 117//117
f 117//117 151//151 118//118
f 151//151 152//152 118//118
f 118//118 152//152 119//119
f 152//152 153//153 119//119
f 119//119 153//153 120//120
f 153//153 154//154 120//120
f 120//120 154//154 121//121
f 154//154 155//155 121//121
f 121//121 155//155 122//122
f 155//155 156//156 122//122
f 122//122 156//156 123//123
f 156//156 157//157 123//123
f 123//123 157//157 124//124
f 157//157 158//158 124//124
f 124//124 158//158 125//125
f 158//158 159//159 125//125
f 125//125 159//159 126//126
f 159//159 160//160 126//126
f 126//126 160//160 127//127
f 160//160 161//161 127//127
f 127//127 161//161 128//128
f 161//161 162//162 128//128
f 128//128 162//162 129//129
f 162//162 163//163 129//129
f 129//129 163//163 130//130
f 163//163 164//164 130//130
f 130//130 164//164 132//132
f 164//164 165//165 132//132
f 132//132 165//165 134//134
f 165//165 166//166 134//134
f 134//134 166//166 136//136
f 166//166 167//167 136//136
f 136//136 167//167 138//138
f 167//167 168//168 138//138
f 138//138 168//168 140//140
f 168//168 169//169 140//140
f 140//140 169//169 142//142
f 169//169 170//170 142//142
f 142//142 170//170 144//144
f 170//170 171//171 144//144
f 144//144 171//171 70//70
f 171//171 72//72 70//70
f 145//145 172//172 146//146
f 172//172 173//173 146//146
f 146//146 173//173 147//147
f 173//173 174//174 147//147
f 147//147 174//174 148//148
f 174//174 175//175 148//148
f 148//148 175//175 149//149
f 175//175 176//176 149//149
f 149//149 176//176 150//150
f 176//176 177//177 150//150
f 150//150 177//177 151//151
f 177//177 178//178 151//151
f 151//151 178//178 152//152
f 178//178 179//179 152//152
f 152//152 179//179 153//153
f 179//179 180//180 153//153
f 153//153 180//180 154//154
f 180//180 181//181 154//154
f 154//154 181//181 155//155
f 181//181 182//182 155//155
f 155//155 182//182 156//156
f 182//182 183//183 156//156
f 156//156 183//183 157//157
f 183//183 184//184 157//157
f 157//157 184//184 158//158
f 184//184 185//185 158//158
f 158//158 185//185 159//159
f 185//185 186//186 159//159
f 159//159 186//186 160//160
f 186//186 187//187 160//160
f 160//160 187//187 161//161
f 187//187 188//188 161//161
f 161//161 188//188 162//162
f 188//188 189//189 162//162
f 162//162 189//189 163//163
f 189//189 190//190 163//163
f 163//163 190//190 164//164
f 190//190 191//191 164//164
f 164//164 191//191 165//165
f 191//191 192//192 165//165
f 165//165 192//192 166//166
f 192//192 193//193 166//166
f 166//166 193//193 167//167
f 193//193 194//194 167//167
f 167//167 194//194 168//168
f 194//194 195//195 168//168
f 168//168 195//195 169//169
f 195//195 196//196 169//169
f 169//169 196//196 170//170
f 196//196 197//197 170//170
f 170//170 197//197 171//171
f 197//197 198//198 171//171
f 171//171 198//198 72//72
f 198//198 199//199 72//72
f 72//72 199//199 74//74
f 199//199 200//200 74//74
f 74//74 200//200 76//76
f 200//200 201//201 76//76
f 76//76 201//201 78//78
f 201//201 202//202 78//78
f 78//78 202//202 80//80
f 202//202 203//203 80//80
f 80//80 203//203 82//82
f 203//203 204//204 82//82
f 82//82 204//204 84//84
f 204//204 205//205 84//84
f 84//84 205//205 86//86
f 205//205 206//206 86//86
f 86//86 206//206 88//88
f 206//206 207//207 88//88
f 88//88 207//207 90//90
f 207//207 208//208 90//90
f 90//90 208//208 92//92
f 208//208 209//209 92//92
f 92//92 209//209 94//94
f 209//209 210//210 94//94
f 94//94 210//210 96//96
f 210//210 211//211 96//96
f 96//96 211//211 98//98
f 211//211 212//212 98//98
f 98//98 212//212 100//100
f 212//212 213//213 100//100
f 100//100 213//213 102//102
f 213//213 214//214 102//102
f 102//102 214//214 104//104
f 214//214 215//215 104//104
f 199//199 198//198 216//216
f 198//198 197//197 216//216
f 216//216 197//197 217//217
f 197//197 196//196 217//217
f 217//217 196//196 218//218
f 196//196 195//195 218//218
f 218//218 195//195 219//219
f 195//195 194//194 219//219
f 219//219 194//194 220//220
f 194//194 193//193 220//220
f 220//220 193//193 221//221
f 193//193 192//192 221//221
f 221//221 192//192 222//222
f 192//192 191//191 222//222
f 222//222 191//191 223//223
f 191//191 190//190 223//223
f 223//223 190//190 224//224
f 190//190 189//189 224//224
f 224//224 189//189 225//225
f 189//189 188//188 225//225
f 225//225 188//188 226//226
f 188//188 187//187 226//226
f 226//226 187//187 227//227
f 187//187 186//186 227//227
f 227//227 186//186 228//228
f 186//186 185//185 228//228
f 228//228 185//185 229//229
f 185//185 184//184 229//229
f 229//229 184//184 230//230
f 184//184 183//183 230//230
f 230//230 183//183 231//231
f 183//183 182//182 231//231
f 231//231 182//182 232//232
f 182//182 181//181 232//232
f 232//232 181//181 233//233
f 181//181 180//180 233//233
f 233//233 180//180 234//234
f 180//180 179//179 234//234
f 234//234 179//179 235//235
f 179//179 178//178 235//235
f 235//235 178//178 236//236
f 178//178 177//177 236//236
f 236//236 177//177 237//237
f 177//177 176//176 237//237
f 237//237 176//176 238//238
f 176//176 175//175 238//238
f 238//238 175//175 239//239
f 175//175 174//174 239//239
f 239//239 174//174 240//240
f 174//174 173//173 240//240
f 240//240 173//173 241//241
f 173//173 172//172 241//241
f 241//241 172//172 242//242
f 172//172 243//243 242//242
f 242//242 243//243 244//244
f 243//243 109//109 244//244
f 244//244 109//109 108//108
f 108//108 245//245 244//244
f 245//245 246//246 244//244
f 244//244 246//246 242//242
f 246//246 247//247 242//242
f 242//242 247//247 241//241
f 247//247 248//248 241//241
f 241//241 248//248 240//240
f 248//248 249//249 240//240
f 240//240 249//249 239//239
f 249//249 250//250 239//239
f 239//239 250//250 238//238
f 250//250 251//251 238//238
f 238//238 251//251 237//237
f 251//251 252//252 237//237
f 237//237 252//252 236//236
f 252//252 253//253 236//236
f 236//236 253//253 235//235
f 253//253 254//254 235//235
f 235//235 254//254 234//234
f 254//254 255//255 234//234
f 234//234 255//255 233//233
f 255//255 256//256 233//233
f 233//233 256//256 232//232
f 256//256 257//257 232//232
f 232//232 257//257 231//231
f 257//257 258//258 231//231
f 231//231 258//258 230//230
f 258//258 259//259 230//230
f 230//230 259//259 229//229
f 259//259 260//260 229//229
f 229//229 260//260 228//228
f 260//260 261//261 228//228
f 228//228 261//261 227//227
f 261//261 262//262 227//227
f 227//227 262//262 226//226
f 262//262 263//263 226//226
f 226//226 263//263 225//225
f 263//263 264//264 225//225
f 225//225 264//264 224//224
f 264//264 265//265 224//224
f 224//224 265//265 223//223
f 265//265 266//266 223//223
f 223//223 266//266 222//222
f 266//266 267//267 222//222
f 222//222 267//267 221//221
f 267//267 268//268 221//221
f 221//221 268//268 220//220
f 268//268 269//269 220//220
f 220//220 269//269 219//219
f 269//269 270//270 219//219
f 219//219 270//270 218//218
f 270//270 271//271 218//218
f 218//218 271//271 217//217
f 271//271 272//272 217//217
f 217//217 272//272 216//216
f 272//272 273//273 216//216
f 216//216 273//273 199//199
f 273//273 200//200 199//199
f 108//108 274//274 245//245
f 274//274 275//275 245//245
f 245//245 275//275 246//246
f 275//275 276//276 246//246
f 246//246 276//276 247//247
f 276//276 277//277 247//247
f 247//247 277//277 248//248
f 277//277 278//278 248//248
f 248//248 278//278 249//249
f 278//278 279//279 249//249
f 249//249 279//279 250//250
f 279//279 280//280 250//250
f 250//250 280//280 251//251
f 280//280 281//281 251//251
f 251//251 281//281 252//252
f 281//281 282//282 252//252
f 252//252 282//282 253//253
f 282//282 283//283 253//253
f 253//253 283//283 254//254
f 283//283 284//284 254//254
f 254//254 284//284 255//255
f 284//284 285//285 255//255
f 255//255 285//285 256//256
f 285//285 286//286 256//256
f 256//256 286//286 257//257
f 286//286 287//287 257//257
f 257//257 287//287 258//258
f 287//287 288//288 258//258
f 258//258 288//288 259//259
f 288//288 289//289 259//259
f 259//259 289//289 260//260
f 289//289 290//290 260//260
f 260//260 290//290 261//261
f 290//290 291//291 261//261
f 261//261 291//291 262//262
f 291//291 292//292 262//262
f 262//262 292//292 263//263
f 292//292 293//293 263//263
f 263//263 293//293 264//264
f 293//293 294//294 264//264
f 264//264 294//294 265//265
f 294//294 295//295 265//265
f 265//265 295//295 266//266
f 295//295 296//296 266//266
f 266//266 296//296 267//267
f 296//296 297//297 267//267
f 267//267 297//297 268//268
f 297//297 298//298 268//268
f 268//268 298//298 269//269
f 298//298 299//299 269//269
f 269//269 299//299 270//270
f 299//299 300//300 270//270
f 270//270 300//300 271//271
f 300//300 301//301 271//271
f 271//271 301//301 272//272
f 301//301 302//302 272//272
f 272//272 302//302 273//273
f 302//302 303//303 273//273
f 273//273 303//303 200//200
f 303//303 304//304 200//200
f 200//200 304//304 305//305
f 304//304 306//306 305//305
f 305//305 306//306 307//307
f 306//306 308//308 307//307
f 307//307 308//308 309//309
f 308//308 310//310 309//309
f 309//309 310//310 311//311
f 310//310 312//312 311//311
f 311//311 312//312 313//313
f 312//312 314//314 313//313
f 313//313 314//314 315//315
f 314//314 316//316 315//315
f 315//315 316//316 317//317
f 316//316 318//318 317//317
f 317//317 318//318 319//319
f 318//318 320//320 319//319
f 319//319 320//320 321//321
f 320//320 322//322 321//321
f 321//321 322//322 323//323
f 322//322 324//324 323//323
f 323//323 324//324 325//325
f 324//324 326//326 325//325
f 325//325 326//326 327//327
f 326//326 328//328 327//327
f 327//327 328//328 329//329
f 328//328 330//330 329//329
f 329//329 330//330 331//331
f 330//330 332//332 331//331
f 331//331 332//332 333//333
f 332//332 334//334 333//333
f 333//333 334//334 335//335
f 334//334 336//336 335//335
f 335//335 336//336 337//337
f 336//336 338//338 337//337
f 337//337 338//338 339//339
f 338//338 340//340 339//339
f 339//339 340//340 341//341
f 340//340 342//342 341//341
f 341//341 342//342 343//343
f 342//342 344//344 343//343
f 343//343 344//344 345//345
f 344//344 346//346 345//345
f 345//345 346//346 347//347
f 346//346 348//348 347//347
f 347//347 348//348 349//349
f 348//348 350//350 349//349
f 349//349 350//350 351//351
f 350//350 352//352 351//351
f 351//351 352//352 353//353
f 352//352 354//354 353//353
f 353//353 354//354 355//355
f 354//354 356//356 355//355
f 355//355 356//356 357//357
f 356//356 358//358 357//357
f 357//357 358//358 359//359
f 358//358 360//360 359//359
f 359//359 360//360 361//361
f 360//360 362//362 361//361
f 361//361 362//362 363//363
f 362//362 364//364 363//363
f 363//363 364//364 365//365
f 364//364 366//366 365//365
f 365//365 366//366 367//367
f 366//366 368//368 367//367
f 367//367 368//368 369//369
f 368//368 370//370 369//369
f 369//369 370//370 371//371
f 370//370 372//372 371//371
f 371//371 372//372 373//373
f 372//372 374//374 373//373
f 373//373 374//374 375//375
f 374//374 376//376 375//375
f 375//375 376//376 377//377
f 376//376 378//378 377//377
f 377//377 378//378 379//379
f 378//378 380//380 379//379
f 379//379 380//380 381//381
f 380//380 382//382 381//381
f 381//381 382//382 383//383
f 382//382 384//384 383//383
f 383//383 384//384 385//385
f 384//384 386//386 385//385
f 385//385 386//386 387//387
f 386//386 388//388 387//387
f 387//387 388//388 389//389
f 388//388 390//390 389//389
f 389//389 390//390 391//391
f 390//390 392//392 391//391
f 391//391 392//392 393//393
f 392//392 394//394 393//393
f 393//393 394//394 395//395
f 394//394 396//396 395//395
f 395//395 396//396 397//397
f 396//396 398//398 397//397
f 397//397 398//398 399//399
f 398//398 400//400 399//399
f 399//399 400//400 401//401
f 400//400 402//402 401//401
f 322//322 320//320 403//403
f 320//320 318//318 403//403
f 403//403 318//318 404//404
f 318//318 316//316 404//404
f 404//404 316//316 405//405
f 316//316 314//314 405//405
f 405//405 314//314 406//406
f 314//314 312//312 406//406
f 406//406 312//312 407//407
f 312//312 310//310 407//407
f 407//407 310//310 408//408
f 310//310 308//308 408//408
f 408//408 308//308 409//409
f 308//308 306//306 409//409
f 409//409 306//306 410//410
f 306//306 304//304 410//410
f 410//410 304//304 411//411
f 304//304 303//303 411//411
f 411//411 303//303 412//412
f 303//303 302//302 412//412
f 412//412 302//302 413//413
f 302//302 301//301 413//413
f 413//413 301//301 414//414
f 301//301 300//300 414//414
f 414//414 300//300 415//415
f 300//300 299//299 415//415
f 415//415 299//299 416//416
f 299//299 298//298 416//416
f 416//416 298//298 417//417
f 298//298 297//297 417//417
f 417//417 297//297 418//418
f 297//297 296//296 418//418
f 418//418 296//296 419//419
f 296//296 295//295 419//419
f 419//419 295//295 420//420
f 295//295 294//294 420//420
f 420//420 294//294 421//421
f 294//294 293//293 421//421
f 421//421 293//293 422//422
f 293//293 292//292 422//422
f 422//422 292//292 423//423
f 292//292 291//291 423//423
f 423//423 291//291 424//424
f 291//291 290//290 424//424
f 424//424 290//290 425//425
f 290//290 289//289 425//425
f 425//425 289//289 426//426
f 289//289 288//288 426//426
f 426//426 288//288 427//427
f 288//288 287//287 427//427
f 427//427 287//287 428//428
f 287//287 286//286 428//428
f 428//428 286//286 429//429
f 286//286 285//285 429//429
f 429//429 285//285 430//430
f 285//285 284//284 430//430
f 430//430 284//284 431//431
f 284//284 283//283 431//431
f 431//431 283//283 432//432
f 283//283 282//282 432//432
f 432//432 282//282 433//433
f 282//282 281//281 433//433
f 433//433 281//281 434//434
f 281//281 280//280 434//434
f 434//434 280//280 435//435
f 280//280 279//279 435//435
f 435//435 279//279 436//436
f 279//279 278//278 436//436
f 436//436 278//278 437//437
f 278//278 277//277 437//437
f 437//437 277//277 438//438
f 277//277 276//276 438//438
f 438//438 276//276 439//439
f 276//276 275//275 439//439
f 439//439 275//275 440//440
f 275//275 274//274 440//440
f 440//440 274//274 441//441
f 274//274 107//107 441//441
f 441//441 107//107 106//106
f 411//411 412//412 442//442
f 412//412 413//413 442//442
f 442//442 413//413 443//443
f 413//413 414//414 443//443
f 443//443 414//414 444//444
f 414//414 415//415 444//444
f 444//444 415//415 445//445
f 415//415 416//416 445//445
f 445//445 416//416 446//446
f 416//416 417//417 446//446
f 446//446 417//417 447//447
f 417//417 418//418 447//447
f 447//447 418//418 448//448
f 418//418 419//419 448//448
f 448//448 419//419 449//449
f 419//419 420//420 449//449
f 449//449 420//420 450//450
f 420//420 421//421 450//450
f 450//450 421//421 451//451
f 421//421 422//422 451//451
f 451//451 422//422 452//452
f 422//422 423//423 452//452
f 452//452 423//423 453//453
f 423//423 424//424 453//453
f 453//453 424//424 454//454
f 424//424 425//425 454//454
f 454//454 425//425 455//455
f 425//425 426//426 455//455
f 455//455 426//426 456//456
f 426//426 427//427 456//456
f 456//456 427//427 457//457
f 427//427 428//428 457//457
f 457//457 428//428 458//458
f 428//428 429//429 458//458
f 458//458 429//429 459//459
f 429//429 430//430 459//459
f 459//459 430//430 460//460
f 430//430 431//431 460//460
f 460//460 431//431 461//461
f 431//431 432//432 461//461
f 461//461 432//432 462//462
f 432//432 433//433 462//462
f 462//462 433//433 463//463
f 433//433 434//434 463//463
f 463//463 434//434 464//464
f 434//434 435//435 464//464
f 464//464 435//435 465//465
f 435//435 436//436 465//465
f 465//465 436//436 466//466
f 436//436 437//437 466//466
f 466//466 437//437 467//467
f 437//437 438//438 467//467
f 467//467 438//438 468//468
f 438//438 439//439 468//468
f 468//468 439//439 469//469
f 439//439 440//440 469//469
f 469//469 440//440 470//470
f 440//440 441//441 470//470
f 470//470 441//441 471//471
f 441//441 106//106 471//471
f 471//471 106//106 105//105
f 471//471 472//472 470//470
f 472//472 473//473 470//470
f 470//470 473//473 469//469
f 473//473 474//474 469//469
f 469//469 474//474 468//468
f 474//474 475//475 468//468
f 468//468 475//475 467//467
f 475//475 476//476 467//467
f 467//467 476//476 466//466
f 476//476 477//477 466//466
f 466//466 477//477 465//465
f 477//477 478//478 465//465
f 465//465 478//478 464//464
f 478//478 479//479 464//464
f 464//464 479//479 463//463
f 479//479 480//480 463//463
f 463//463 480//480 462//462
f 480//480 481//481 462//462
f 462//462 481//481 461//461
f 481//481 482//482 461//461
f 461//461 482//482 460//460
f 482//482 483//483 460//460
f 460//460 483//483 459//459
f 483//483 484//484 459//459
f 459//459 484//484 458//458
f 484//484 485//485 458//458
f 458//458 485//485 457//457
f 485//485 486//486 457//457
f 457//457 486//486 456//456
f 486//486 487//487 456//456
f 456//456 487//487 455//455
f 487//487 488//488 455//455
f 455//455 488//488 454//454
f 488//488 489//489 454//454
f 454//454 489//489 453//453
f 489//489 490//490 453//453
f 453//453 490//490 452//452
f 490//490 491//491 452//452
f 452//452 491//491 451//451
f 491//491 492//492 451//451
f 451//451 492//492 450//450
f 492//492 493//493 450//450
f 450//450 493//493 449//449
f 493//493 494//494 449//449
f 449//449 494//494 448//448
f 494//494 495//495 448//448
f 448//448 495//495 447//447
f 495//495 496//496 447//447
f 447//447 496//496 446//446
f 496//496 497//497 446//446
f 446//446 497//497 445//445
f 497//497 498//498 445//445
f 445//445 498//498 444//444
f 498//498 499//499 444//444
f 444//444 499//499 443//443
f 499//499 500//500 443//443
f 443//443 500//500 442//442
f 500//500 501//501 442//442
f 442//442 501//501 411//411
f 501//501 410//410 411//411
f 472//472 502//502 473//473
f 502//502 503//503 473//473
f 473//473 503//503 474//474
f 503//503 504//504 474//474
f 474//474 504//504 475//475
f 504//504 505//505 475//475
f 475//475 505//505 476//476
f 505//505 506//506 476//476
f 476//476 506//506 477//477
f 506//506 507//507 477//477
f 477//477 507//507 478//478
f 507//507 508//508 478//478
f 478//478 508//508 479//479
f 508//508 509//509 479//479
f 479//479 509//509 480//480
f 509//509 510//510 480//480
f 480//480 510//510 481//481
f 510//510 511//511 481//481
f 481//481 511//511 482//482
f 511//511 512//512 482//482
f 482//482 512//512 483//483
f 512//512 513//513 483//483
f 483//483 513//513 484//484
f 513//513 514//514 484//484
f 484//484 514//514 485//485
f 514//514 515//515 485//485
f 485//485 515//515 486//486
f 515//515 516//516 486//486
f 486//486 516//516 487//487
f 516//516 517//517 487//487
f 487//487 517//517 488//488
f 517//517 518//518 488//488
f 488//488 518//518 489//489
f 518//518 519//519 489//489
f 489//489 519//519 490//490
f 519//519 520//520 490//490
f 490//490 520//520 491//491
f 520//520 521//521 491//491
f 491//491 521//521 492//492
f 521//521 522//522 492//492
f 492//492 522//522 493//493
f 522//522 523//523 493//493
f 493//493 523//523 494//494
f 523//523 524//524 494//494
f 494//494 524//524 495//495
f 524//524 525//525 495//495
f 495//495 525//525 496//496
f 525//525 526//526 496//496
f 496//496 526//526 497//497
f 526//526 527//527 497//497
f 497//497 527//527 498//498
f 527//527 528//528 498//498
f 498//498 528//528 499//499
f 528//528 529//529 499//499
f 499//499 529//529 500//500
f 529//529 530//530 500//500
f 500//500 530//530 501//501
f 530//530 531//531 501//501
f 501//501 531//531 410//410
f 531//531 532//532 410//410
f 410//410 532//532 409//409
f 532//532 408//408 409//409
f 502//502 533//533 503//503
f 533//533 534//534 503//503
f 503//503 534//534 504//504
f 534//534 535//535 504//504
f 504//504 535//535 505//505
f 535//535 536//536 505//505
f 505//505 536//536 506//506
f 536//536 537//537 506//506
f 506//506 537//537 507//507
f 537//537 538//538 507//507
f 507//507 538//538 508//508
f 538//538 539//539 508//508
f 508//508 539//539 509//509
f 539//539 540//540 509//509
f 509//509 540//540 510//510
f 540//540 541//541 510//510
f 510//510 541//541 511//511
f 541//541 542//542 511//511
f 511//511 542//542 512//512
f 542//542 543//543 512//512
f 512//512 543//543 513//513
f 543//543 544//544 513//513
f 513//513 544//544 514//514
f 544//544 545//545 514//514
f 514//514 545//545 515//515
f 545//545 546//546 515//515
f 515//515 546//546 516//516
f 546//546 547//547 516//516
f 516//516 547//547 517//517
f 547//547 548//548 517//517
f 517//517 548//548 518//518
f 548//548 549//549 518//518
f 518//518 549//549 519//519
f 549//549 550//550 519//519
f 519//519 550//550 520//520
f 550//550 551//551 520//520
f 520//520 551//551 521//521
f 551//551 552//552 521//521
f 521//521 552//552 522//522
f 552//552 553//553 522//522
f 522//522 553//553 523//523
f 553//553 554//554 523//523
f 523//523 554//554 524//524
f 554//554 555//555 524//524
f 524//524 555//555 525//525
f 555//555 556//556 525//525
f 525//525 556//556 526//526
f 556//556 557//557 526//526
f 526//526 557//557 527//527
f 557//557 558//558 527//527
f 527//527 558//558 528//528
f 558//558 559//559 528//528
f 528//528 559//559 529//529
f 559//559 560//560 529//529
f 529//529 560//560 530//530
f 560//560 561//561 530//530
f 530//530 561//561 531//531
f 561//561 532//532 531//531
f 548//548 562//562 549//549
f 562//562 563//563 549//549
f 549//549 563//563 550//550
f 563//563 564//564 550//550
f 550//550 564//564 551//551
f 564//564 565//565 551//551
f 551//551 565//565 552//552
f 565//565 566//566 552//552
f 552//552 566//566 553//553
f 566//566 567//567 553//553
f 553//553 567//567 554//554
f 567//567 568//568 554//554
f 554//554 568//568 555//555
f 568//568 569//569 555//555
f 555//555 569//569 556//556
f 569//569 570//570 556//556
f 556//556 570//570 557//557
f 570//570 571//571 557//557
f 557//557 571//571 558//558
f 571//571 572//572 558//558
f 558//558 572//572 559//559
f 572//572 573//573 559//559
f 559//559 573//573 560//560
f 573//573 574//574 560//560
f 560//560 574//574 561//561
f 574//574 575//575 561//561
f 561//561 575//575 532//532
f 575//575 576//576 532//532
f 532//532 576//576 408//408
f 576//576 577//577 408//408
f 408//408 577//577 407//407
f 577//577 578//578 407//407
f 407//407 578//578 406//406
f 578//578 579//579 406//406
f 406//406 579//579 405//405
f 579//579 580//580 405//405
f 405//405 580//580 404//404
f 580//580 403//403 404//404
f 562//562 581//581 563//563
f 581//581 582//582 563//563
f 563//563 582//582 564//564
f 582//582 583//583 564//564
f 564//564 583//583 565//565
f 583//583 584//584 565//565
f 565//565 584//584 566//566
f 584//584 585//585 566//566
f 566//566 585//585 567//567
f 585//585 586//586 567//567
f 567//567 586//586 568//568
f 586//586 587//587 568//568
f 568//568 587//587 569//569
f 587//587 588//588 569//569
f 569//569 588//588 570//570
f 588//588 589//589 570//570
f 570//570 589//589 571//571
f 589//589 590//590 571//571
f 571//571 590//590 572//572
f 590//590 591//591 572//572
f 572//572 591//591 573//573
f 591//591 592//592 573//573
f 573//573 592//592 574//574
f 592//592 593//593 574//574
f 574//574 593//593 575//575
f 593//593 594//594 575//575
f 575//575 594//594 576//576
f 594//594 577//577 576//576
f 581//581 595//595 582//582
f 595//595 596//596 582//582
f 582//582 596//596 583//583
f 596//596 597//597 583//583
f 583//583 597//597 584//584
f 597//597 598//598 584//584
f 584//584 598//598 585//585
f 598//598 599//599 585//585
f 585//585 599//599 586//586
f 599//599 600//600 586//586
f 586//586 600//600 587//587
f 600//600 601//601 587//587
f 587//587 601//601 588//588
f 601//601 602//602 588//588
f 588//588 602//602 589//589
f 602//602 603//603 589//589
f 589//589 603//603 590//590
f 603//603 604//604 590//590
f 590//590 604//604 591//591
f 604//604 605//605 591//591
f 591//591 605//605 592//592
f 605//605 606//606 592//592
f 592//592 606//606 593//593
f 606//606 607//607 593//593
f 593//593 607//607 594//594
f 607//607 608//608 594//594
f 594//594 608//608 577//577
f 608//608 578//578 577//577
f 595//595 609//609 596//596
f 609//609 610//610 596//596
f 596//596 610//610 597//597
f 610//610 611//611 597//597
f 597//597 611//611 598//598
f 611//611 612//612 598//598
f 598//598 612//612 599//599
f 612//612 613//613 599//599
f 599//599 613//613 600//600
f 613//613 614//614 600//600
f 600//600 614//614 601//601
f 614//614 615//615 601//601
f 601//601 615//615 602//602
f 615//615 616//616 602//602
f 602//602 616//616 603//603
f 616//616 617//617 603//603
f 603//603 617//617 604//604
f 617//617 618//618 604//604
f 604//604 618//618 605//605
f 618//618 619//619 605//605
f 605//605 619//619 606//606
f 619//619 620//620 606//606
f 606//606 620//620 607//607
f 620//620 621//621 607//607
f 607//607 621//621 608//608
f 621//621 622//622 608//608
f 608//608 622//622 578//578
f 622//622 579//579 578//578
f 609//609 623//623 610//610
f 623//623 624//624 610//610
f 610//610 624//624 611//611
f 624//624 625//625 611//611
f 611//611 625//625 612//612
f 625//625 626//626 612//612
f 612//612 626//626 613//613
f 626//626 627//627 613//613
f 613//613 627//627 614//614
f 627//627 628//628 614//614
f 614//614 628//628 615//615
f 628//628 629//629 615//615
f 615//615 629//629 616//616
f 629//629 630//630 616//616
f 616//616 630//630 617//617
f 630//630 631//631 617//617
f 617//617 631//631 618//618
f 631//631 632//632 618//618
f 618//618 632//632 619//619
f 632//632 633//633 619//619
f 619//619 633//633 620//620
f 633//633 634//634 620//620
f 620//620 634//634 621//621
f 634//634 635//635 621//621
f 621//621 635//635 622//622
f 635//635 636//636 622//622
f 622//622 636//636 579//579
f 636//636 580//580 579//579
f 623//623 637//637 624//624
f 637//637 638//638 624//624
f 624//624 638//638 625//625
f 638//638 639//639 625//625
f 625//625 639//639 626//626
f 639//639 640//640 626//626
f 626//626 640//640 627//627
f 640//640 641//641 627//627
f 627//627 641//641 628//628
f 641//641 642//642 628//628
f 628//628 642//642 629//629
f 642//642 643//643 629//629
f 629//629 643//643 630//630
f 643//643 644//644 630//630
f 630//630 644//644 631//631
f 644//644 645//645 631//631
f 631//631 645//645 632//632
f 645//645 646//646 632//632
f 632//632 646//646 633//633
f 646//646 647//647 633//633
f 633//633 647//647 634//634
f 647//647 648//648 634//634
f 634//634 648//648 635//635
f 648//648 649//649 635//635
f 635//635 649//649 636//636
f 649//649 650//650 636//636
f 636//636 650//650 580//580
f 650//650 651//651 580//580
f 580//580 651//651 403//403
f 651//651 652//652 403//403
f 403//403 652//652 322//322
f 652//652 324//324 322//322
f 637//637 653//653 638//638
f 653//653 654//654 638//638
f 638//638 654//654 639//639
f 654//654 655//655 639//639
f 639//639 655//655 640//640
f 655//655 656//656 640//640
f 640//640 656//656 641//641
f 656//656 657//657 641//641
f 641//641 657//657 642//642
f 657//657 658//658 642//642
f 642//642 658//658 643//643
f 658//658 659//659 643//643
f 643//643 659//659 644//644
f 659//659 660//660 644//644
f 644//644 660//660 645//645
f 660//660 661//661 645//645
f 645//645 661//661 646//646
f 661//661 662//662 646//646
f 646//646 662//662 647//647
f 662//662 663//663 647//647
f 647//647 663//663 648//648
f 663//663 664//664 648//648
f 648//648 664//664 649//649
f 664//664 665//665 649//649
f 649//649 665//665 650//650
f 665//665 666//666 650//650
f 650//650 666//666 651//651
f 666//666 667//667 651//651
f 651//651 667//667 652//652
f 667//667 668//668 652//652
f 652//652 668//668 324//324
f 668//668 326//326 324//324
f 653//653 669//669 654//654
f 669//669 670//670 654//654
f 654//654 670//670 655//655
f 670//670 671//671 655//655
f 655//655 671//671 656//656
f 671//671 672//672 656//656
f 656//656 672//672 657//657
f 672//672 673//673 657//657
f 657//657 673//673 658//658
f 673//673 674//674 658//658
f 658//658 674//674 659//659
f 674//674 675//675 659//659
f 659//659 675//675 660//660
f 675//675 676//676 660//660
f 660//660 676//676 661//661
f 676//676 677//677 661//661
f 661//661 677//677 662//662
f 677//677 678//678 662//662
f 662//662 678//678 663//663
f 678//678 679//679 663//663
f 663//663 679//679 664//664
f 679//679 680//680 664//664
f 664//664 680//680 665//665
f 680//680 681//681 665//665
f 665//665 681//681 666//666
f 681//681 682//682 666//666
f 666//666 682//682 667//667
f 682//682 683//683 667//667
f 667//667 683//683 668//668
f 683//683 684//684 668//668
f 668//668 684//684 326//326
f 684//684 685//685 326//326
f 326//326 685//685 328//328
f 685//685 686//686 328//328
f 328//328 686//686 687//687
f 686//686 688//688 687//687
f 687//687 688//688 689//689
f 688//688 690//690 689//689
f 689//689 690//690 691//691
f 690//690 692//692 691//691
f 691//691 692//692 693//693
f 692//692 694//694 693//693
f 693//693 694//694 342//342
f 694//694 695//695 342//342
f 342//342 695//695 344//344
f 695//695 696//696 344//344
f 344//344 696//696 346//346
f 696//696 697//697 346//346
f 346//346 697//697 348//348
f 697//697 698//698 348//348
f 348//348 698//698 350//350
f 698//698 699//699 350//350
f 350//350 699//699 352//352
f 699//699 700//700 352//352
f 352//352 700//700 354//354
f 700//700 701//701 354//354
f 354//354 701//701 356//356
f 701//701 702//702 356//356
f 356//356 702//702 358//358
f 702//702 703//703 358//358
f 358//358 703//703 360//360
f 703//703 704//704 360//360
f 360//360 704//704 362//362
f 704//704 364//364 362//362
f 669//669 705//705 670//670
f 705//705 706//706 670//670
f 670//670 706//706 671//671
f 706//706 707//707 671//671
f 671//671 707//707 672//672
f 707//707 708//708 672//672
f 672//672 708//708 673//673
f 708//708 709//709 673//673
f 673//673 709//709 674//674
f 709//709 710//710 674//674
f 674//674 710//710 675//675
f 710//710 711//711 675//675
f 675//675 711//711 676//676
f 711//711 712//712 676//676
f 676//676 712//712 677//677
f 712//712 713//713 677//677
f 677//677 713//713 678//678
f 713//713 714//714 678//678
f 678//678 714//714 679//679
f 714//714 715//715 679//679
f 679//679 715//715 680//680
f 715//715 716//716 680//680
f 680//680 716//716 681//681
f 716//716 717//717 681//681
f 681//681 717//717 682//682
f 717//717 718//718 682//682
f 682//682 718//718 683//683
f 718//718 719//719 683//683
f 683//683 719//719 684//684
f 719//719 720//720 684//684
f 684//684 720//720 685//685
f 720//720 721//721 685//685
f 685//685 721//721 686//686
f 721//721 722//722 686//686
f 686//686 722//722 688//688
f 722//722 723//723 688//688
f 688//688 723//723 690//690
f 723//723 724//724 690//690
f 690//690 724//724 692//692
f 724//724 725//725 692//692
f 692//692 725//725 694//694
f 725//725 695//695 694//694
f 705//705 726//726 706//706
f 726//726 727//727 706//706
f 706//706 727//727 707//707
f 727//727 728//728 707//707
f 707//707 728//728 708//708
f 728//728 729//729 708//708
f 708//708 729//729 709//709
f 729//729 730//730 709//709
f 709//709 730//730 710//710
f 730//730 731//731 710//710
f 710//710 731//731 711//711
f 731//731 732//732 711//711
f 711//711 732//732 712//712
f 732//732 733//733 712//712
f 712//712 733//733 713//713
f 733//733 734//734 713//713
f 713//713 734//734 714//714
f 734//734 735//735 714//714
f 714//714 735//735 715//715
f 735//735 736//736 715//715
f 715//715 736//736 716//716
f 736//736 737//737 716//716
f 716//716 737//737 717//717
f 737//737 738//738 717//717
f 717//717 738//738 718//718
f 738//738 739//739 718//718
f 718//718 739//739 719//719
f 739//739 740//740 719//719
f 719//719 740//740 720//720
f 740//740 741//741 720//720
f 720//720 741//741 721//721
f 741//741 742//742 721//721
f 721//721 742//742 722//722
f 742//742 743//743 722//722
f 722//722 743//743 723//723
f 743//743 744//744 723//723
f 723//723 744//744 724//724
f 744//744 745//745 724//724
f 724//724 745//745 725//725
f 745//745 746//746 725//725
f 725//725 746//746 695//695
f 746//746 747//747 695//695
f 695//695 747//747 696//696
f 747//747 748//748 696//696
f 696//696 748//748 697//697
f 748//748 749//749 697//697
f 697//697 749//749 698//698
f 749//749 750//750 698//698
f 698//698 750//750 699//699
f 750//750 751//751 699//699
f 699//699 751//751 700//700
f 751//751 752//752 700//700
f 700//700 752//752 701//701
f 752//752 753//753 701//701
f 701//701 753//753 702//702
f 753//753 754//754 702//702
f 702//702 754//754 703//703
f 754//754 704//704 703//703
f 726//726 755//755 727//727
f 755//755 756//756 727//727
f 727//727 756//756 728//728
f 756//756 757//757 728//728
f 728//728 757//757 729//729
f 757//757 758//758 729//729
f 729//729 758//758 730//730
f 758//758 759//759 730//730
f 730//730 759//759 731//731
f 759//759 760//760 731//731
f 731//731 760//760 732//732
f 760//760 761//761 732//732
f 732//732 761//761 733//733
f 761//761 762//762 733//733
f 733//733 762//762 734//734
f 762//762 763//763 734//734
f 734//734 763//763 735//735
f 763//763 764//764 735//735
f 735//735 764//764 736//736
f 764//764 765//765 736//736
f 736//736 765//765 737//737
f 765//765 766//766 737//737
f 737//737 766//766 738//738
f 766//766 767//767 738//738
f 738//738 767//767 739//739
f 767//767 768//768 739//739
f 739//739 768//768 740//740
f 768//768 769//769 740//740
f 740//740 769//769 741//741
f 769//769 770//770 741//741
f 741//741 770//770 742//742
f 770//770 771//771 742//742
f 742//742 771//771 743//743
f 771//771 772//772 743//743
f 743//743 772//772 744//744
f 772//772 773//773 744//744
f 744//744 773//773 745//745
f 773//773 774//774 745//745
f 745//745 774//774 746//746
f 774//774 775//775 746//746
f 746//746 775//775 747//747
f 775//775 776//776 747//747
f 747//747 776//776 748//748
f 776//776 777//777 748//748
f 748//748 777//777 749//749
f 777//777 778//778 749//749
f 749//749 778//778 750//750
f 778//778 779//779 750//750
f 750//750 779//779 751//751
f 779//779 780//780 751//751
f 751//751 780//780 752//752
f 780//780 781//781 752//752
f 752//752 781//781 753//753
f 781//781 782//782 753//753
f 753//753 782//782 754//754
f 782//782 783//783 754//754
f 754//754 783//783 704//704
f 783//783 784//784 704//704
f 704//704 784//784 364//364
f 784//784 366//366 364//364
f 755//755 785//785 756//756
f 785//785 786//786 756//756
f 756//756 786//786 757//757
f 786//786 787//787 757//757
f 757//757 787//787 758//758
f 787//787 788//788 758//758
f 758//758 788//788 759//759
f 788//788 789//789 759//759
f 759//759 789//789 760//760
f 789//789 790//790 760//760
f 760//760 790//790 761//761
f 790//790 791//791 761//761
f 761//761 791//791 762//762
f 791//791 792//792 762//762
f 762//762 792//792 763//763
f 792//792 793//793 763//763
f 763//763 793//793 764//764
f 793//793 794//794 764//764
f 764//764 794//794 765//765
f 794//794 795//795 765//765
f 765//765 795//795 766//766
f 795//795 796//796 766//766
f 766//766 796//796 767//767
f 796//796 797//797 767//767
f 767//767 797//797 768//768
f 797//797 798//798 768//768
f 768//768 798//798 769//769
f 798//798 799//799 769//769
f 769//769 799//799 770//770
f 799//799 800//800 770//770
f 770//770 800//800 771//771
f 800//800 801//801 771//771
f 771//771 801//801 772//772
f 801//801 802//802 772//772
f 772//772 802//802 773//773
f 802//802 803//803 773//773
f 773//773 803//803 774//774
f 803//803 775//775 774//774
f 785//785 804//804 786//786
f 804//804 805//805 786//786
f 786//786 805//805 787//787
f 805//805 806//806 787//787
f 787//787 806//806 788//788
f 806//806 807//807 788//788
f 788//788 807//807 789//789
f 807//807 808//808 789//789
f 789//789 808//808 790//790
f 808//808 809//809 790//790
f 790//790 809//809 791//791
f 809//809 810//810 791//791
f 791//791 810//810 792//792
f 810//810 811//811 792//792
f 792//792 811//811 793//793
f 811//811 812//812 793//793
f 793//793 812//812 794//794
f 812//812 813//813 794//794
f 794//794 813//813 795//795
f 813//813 814//814 795//795
f 795//795 814//814 796//796
f 814//814 815//815 796//796
f 796//796 815//815 797//797
f 815//815 816//816 797//797
f 797//797 816//816 798//798
f 816//816 817//817 798//798
f 798//798 817//817 799//799
f 817//817 818//818 799//799
f 799//799 818//818 800//800
f 818//818 819//819 800//800
f 800//800 819//819 801//801
f 819//819 820//820 801//801
f 801//801 820//820 802//802
f 820//820 821//821 802//802
f 802//802 821//821 803//803
f 821//821 822//822 803//803
f 803//803 822//822 775//775
f 822//822 823//823 775//775
f 775//775 823//823 776//776
f 823//823 824//824 776//776
f 776//776 824//824 777//777
f 824//824 825//825 777//777
f 777//777 825//825 778//778
f 825//825 826//826 778//778
f 778//778 826//826 779//779
f 826//826 827//827 779//779
f 779//779 827//827 780//780
f 827//827 828//828 780//780
f 780//780 828//828 781//781
f 828//828 782//782 781//781
f 804//804 829//829 805//805
f 829//829 830//830 805//805
f 805//805 830//830 806//806
f 830//830 831//831 806//806
f 806//806 831//831 807//807
f 831//831 832//832 807//807
f 807//807 832//832 808//808
f 832//832 833//833 808//808
f 808//808 833//833 809//809
f 833//833 834//834 809//809
f 809//809 834//834 810//810
f 834//834 835//835 810//810
f 810//810 835//835 811//811
f 835//835 836//836 811//811
f 811//811 836//836 812//812
f 836//836 837//837 812//812
f 812//812 837//837 813//813
f 837//837 838//838 813//813
f 813//813 838//838 814//814
f 838//838 839//839 814//814
f 814//814 839//839 815//815
f 839//839 840//840 815//815
f 815//815 840//840 816//816
f 840//840 841//841 816//816
f 816//816 841//841 817//817
f 841//841 842//842 817//817
f 817//817 842//842 818//818
f 842//842 843//843 818//818
f 818//818 843//843 819//819
f 843//843 844//844 819//819
f 819//819 844//844 820//820
f 844//844 845//845 820//820
f 820//820 845//845 821//821
f 845//845 846//846 821//821
f 821//821 846//846 822//822
f 846//846 847//847 822//822
f 822//822 847//847 823//823
f 847//847 848//848 823//823
f 823//823 848//848 824//824
f 848//848 849//849 824//824
f 824//824 849//849 825//825
f 849//849 850//850 825//825
f 825//825 850//850 826//826
f 850//850 851//851 826//826
f 826//826 851//851 827//827
f 851//851 828//828 827//827
f 829//829 852//852 830//830
f 852//852 853//853 830//830
f 830//830 853//853 831//831
f 853//853 854//854 831//831
f 831//831 854//854 832//832
f 854//854 855//855 832//832
f 832//832 855//855 833//833
f 855//855 856//856 833//833
f 833//833 856//856 834//834
f 856//856 857//857 834//834
f 834//834 857//857 835//835
f 857//857 858//858 835//835
f 835//835 858//858 836//836
f 858//858 859//859 836//836
f 836//836 859//859 837//837
f 859//859 860//860 837//837
f 837//837 860//860 838//838
f 860//860 861//861 838//838
f 838//838 861//861 839//839
f 861//861 862//862 839//839
f 839//839 862//862 840//840
f 862//862 863//863 840//840
f 840//840 863//863 841//841
f 863//863 864//864 841//841
f 841//841 864//864 842//842
f 864//864 865//865 842//842
f 842//842 865//865 843//843
f 865//865 866//866 843//843
f 843//843 866//866 844//844
f 866//866 867//867 844//844
f 844//844 867//867 845//845
f 867//867 868//868 845//845
f 845//845 868//868 846//846
f 868//868 847//847 846//846
f 852//852 869//869 853//853
f 869//869 870//870 853//853
f 853//853 870//870 854//854
f 870//870 871//871 854//854
f 854//854 871//871 855//855
f 871//871 872//872 855//855
f 855//855 872//872 856//856
f 872//872 873//873 856//856
f 856//856 873//873 857//857
f 873//873 874//874 857//857
f 857//857 874//874 858//858
f 874//874 875//875 858//858
f 858//858 875//875 859//859
f 875//875 876//876 859//859
f 859//859 876//876 860//860
f 876//876 877//877 860//860
f 860//860 877//877 861//861
f 877//877 878//878 861//861
f 861//861 878//878 862//862
f 878//878 879//879 862//862
f 862//862 879//879 863//863
f 879//879 880//880 863//863
f 863//863 880//880 864//864
f 880//880 881//881 864//864
f 864//864 881//881 865//865
f 881//881 882//882 865//865
f 865//865 882//882 866//866
f 882//882 883//883 866//866
f 866//866 883//883 867//867
f 883//883 884//884 867//867
f 867//867 884//884 868//868
f 884//884 885//885 868//868
f 868//868 885//885 847//847
f 885//885 886//886 847//847
f 847//847 886//886 848//848
f 886//886 887//887 848//848
f 848//848 887//887 849//849
f 887//887 888//888 849//849
f 849//849 888//888 850//850
f 888//888 889//889 850//850
f 850//850 889//889 851//851
f 889//889 890//890 851//851
f 851//851 890//890 828//828
f 890//890 891//891 828//828
f 828//828 891//891 782//782
f 891//891 892//892 782//782
f 782//782 892//892 783//783
f 892//892 893//893 783//783
f 783//783 893//893 784//784
f 893//893 894//894 784//784
f 784//784 894//894 366//366
f 894//894 895//895 366//366
f 366//366 895//895 368//368
f 895//895 896//896 368//368
f 368//368 896//896 897//897
f 896//896 898//898 897//897
f 897//897 898//898 899//899
f 898//898 900//900 899//899
f 899//899 900//900 901//901
f 900//900 902//902 901//901
f 901//901 902//902 903//903
f 902//902 904//904 903//903
f 903//903 904//904 905//905
f 904//904 906//906 905//905
f 905//905 906//906 384//384
f 906//906 386//386 384//384
f 869//869 907//907 870//870
f 907//907 908//908 870//870
f 870//870 908//908 871//871
f 908//908 909//909 871//871
f 871//871 909//909 872//872
f 909//909 910//910 872//872
f 872//872 910//910 873//873
f 910//910 911//911 873//873
f 873//873 911//911 874//874
f 911//911 912//912 874//874
f 874//874 912//912 875//875
f 912//912 913//913 875//875
f 875//875 913//913 876//876
f 913//913 914//914 876//876
f 876//876 914//914 877//877
f 914//914 915//915 877//877
f 877//877 915//915 878//878
f 915//915 916//916 878//878
f 878//878 916//916 879//879
f 916//916 917//917 879//879
f 879//879 917//917 880//880
f 917//917 918//918 880//880
f 880//880 918//918 881//881
f 918//918 919//919 881//881
f 881//881 919//919 882//882
f 919//919 920//920 882//882
f 882//882 920//920 883//883
f 920//920 921//921 883//883
f 883//883 921//921 884//884
f 921//921 922//922 884//884
f 884//884 922//922 885//885
f 922//922 923//923 885//885
f 885//885 923//923 886//886
f 923//923 924//924 886//886
f 886//886 924//924 887//887
f 924//924 925//925 887//887
f 887//887 925//925 888//888
f 925//925 926//926 888//888
f 888//888 926//926 889//889
f 926//926 927//927 889//889
f 889//889 927//927 890//890
f 927//927 928//928 890//890
f 890//890 928//928 891//891
f 928//928 929//929 891//891
f 891//891 929//929 892//892
f 929//929 930//930 892//892
f 892//892 930//930 893//893
f 930//930 931//931 893//893
f 893//893 931//931 894//894
f 931//931 932//932 894//894
f 894//894 932//932 895//895
f 932//932 933//933 895//895
f 895//895 933//933 896//896
f 933//933 934//934 896//896
f 896//896 934//934 898//898
f 934//934 935//935 898//898
f 898//898 935//935 900//900
f 935//935 936//936 900//900
f 900//900 936//936 902//902
f 936//936 937//937 902//902
f 902//902 937//937 938//938
f 937//937 939//939 938//938
f 938//938 939//939 940//940
f 939//939 941//941 940//940
f 940//940 941//941 942//942
f 941//941 943//943 942//942
f 942//942 943//943 944//944
f 943//943 945//945 944//944
f 944//944 945//945 946//946
f 945//945 947//947 946//946
f 946//946 947//947 948//948
f 947//947 949//949 948//948
f 948//948 949//949 950//950
f 949//949 951//951 950//950
f 950//950 951//951 952//952
f 951//951 953//953 952//952
f 952//952 953//953 954//954
f 953//953 955//955 954//954
f 954//954 955//955 956//956
f 955//955 957//957 956//956
f 956//956 957//957 958//958
f 957//957 959//959 958//958
f 958//958 959//959 960//960
f 959//959 961//961 960//960
f 907//907 962//962 908//908
f 962//962 963//963 908//908
f 908//908 963//963 909//909
f 963//963 964//964 909//909
f 909//909 964//964 910//910
f 964//964 965//965 910//910
f 910//910 965//965 911//911
f 965//965 966//966 911//911
f 911//911 966//966 912//912
f 966//966 967//967 912//912
f 912//912 967//967 913//913
f 967//967 968//968 913//913
f 913//913 968//968 914//914
f 968//968 969//969 914//914
f 914//914 969//969 915//915
f 969//969 970//970 915//915
f 915//915 970//970 916//916
f 970//970 971//971 916//916
f 916//916 971//971 917//917
f 971//971 972//972 917//917
f 917//917 972//972 918//918
f 972//972 973//973 918//918
f 918//918 973//973 919//919
f 973//973 974//974 919//919
f 919//919 974//974 920//920
f 974//974 975//975 920//920
f 920//920 975//975 921//921
f 975//975 976//976 921//921
f 921//921 976//976 922//922
f 976//976 923//923 922//922
f 962//962 977//977 963//963
f 977//977 978//978 963//963
f 963//963 978//978 964//964
f 978//978 979//979 964//964
f 964//964 979//979 965//965
f 979//979 980//980 965//965
f 965//965 980//980 966//966
f 980//980 981//981 966//966
f 966//966 981//981 967//967
f 981//981 982//982 967//967
f 967//967 982//982 968//968
f 982//982 983//983 968//968
f 968//968 983//983 969//969
f 983//983 984//984 969//969
f 969//969 984//984 970//970
f 984//984 985//985 970//970
f 970//970 985//985 971//971
f 985//985 986//986 971//971
f 971//971 986//986 972//972
f 986//986 987//987 972//972
f 972//972 987//987 973//973
f 987//987 988//988 973//973
f 973//973 988//988 974//974
f 988//988 989//989 974//974
f 974//974 989//989 975//975
f 989//989 990//990 975//975
f 975//975 990//990 976//976
f 990//990 991//991 976//976
f 976//976 991//991 923//923
f 991//991 992//992 923//923
f 923//923 992//992 924//924
f 992//992 993//993 924//924
f 924//924 993//993 925//925
f 993//993 994//994 925//925
f 925//925 994//994 926//926
f 994//994 995//995 926//926
f 926//926 995//995 927//927
f 995//995 996//996 927//927
f 927//927 996//996 928//928
f 996//996 997//997 928//928
f 928//928 997//997 929//929
f 997//997 998//998 929//929
f 929//929 998//998 930//930
f 998//998 999//999 930//930
f 930//930 999//999 931//931
f 999//999 1000//1000 931//931
f 931//931 1000//1000 932//932
f 1000//1000 1001//1001 932//932
f 932//932 1001//1001 933//933
f 1001//1001 1002//1002 933//933
f 933//933 1002//1002 934//934
f 1002//1002 1003//1003 934//934
f 934//934 1003//1003 935//935
f 1003//1003 1004//1004 935//935
f 935//935 1004//1004 936//936
f 1004//1004 937//937 936//936
f 992//992 1005//1005 993//993
f 1005//1005 1006//1006 993//993
f 993//993 1006//1006 994//994
f 1006//1006 1007//1007 994//994
f 994//994 1007//1007 995//995
f 1007//1007 1008//1008 995//995
f 995//995 1008//1008 996//996
f 1008//1008 1009//1009 996//996
f 996//996 1009//1009 997//997
f 1009//1009 1010//1010 997//997
f 997//997 1010//1010 998//998
f 1010//1010 1011//1011 998//998
f 998//998 1011//1011 999//999
f 1011//1011 1012//1012 999//999
f 999//999 1012//1012 1000//1000
f 1012//1012 1013//1013 1000//1000
f 1000//1000 1013//1013 1001//1001
f 1013//1013 1014//1014 1001//1001
f 1001//1001 1014//1014 1002//1002
f 1014//1014 1015//1015 1002//1002
f 1002//1002 1015//1015 1003//1003
f 1015//1015 1016//1016 1003//1003
f 1003//1003 1016//1016 1004//1004
f 1016//1016 1017//1017 1004//1004
f 1004//1004 1017//1017 937//937
f 1017//1017 1018//1018 937//937
f 937//937 1018//1018 939//939
f 1018//1018 1019//1019 939//939
f 939//939 1019//1019 941//941
f 1019//1019 1020//1020 941//941
f 941//941 1020//1020 943//943
f 1020//1020 1021//1021 943//943
f 943//943 1021//1021 945//945
f 1021//1021 1022//1022 945//945
f 945//945 1022//1022 947//947
f 1022//1022 1023//1023 947//947
f 947//947 1023//1023 1024//1024
f 1023//1023 1025//1025 1024//1024
f 1024//1024 1025//1025 1026//1026
f 1025//1025 1027//1027 1026//1026
f 1026//1026 1027//1027 1028//1028
f 1027//1027 1029//1029 1028//1028
f 1028//1028 1029//1029 1030//1030
f 1029//1029 1031//1031 1030//1030
f 1030//1030 1031//1031 1032//1032
f 1031//1031 1033//1033 1032//1032
f 1032//1032 1033//1033 1034//1034
f 1033//1033 1035//1035 1034//1034
f 1034//1034 1035//1035 1036//1036
f 1018//1018 1017//1017 1037//1037
f 1017//1017 1016//1016 1037//1037
f 1037//1037 1016//1016 1038//1038
f 1016//1016 1015//1015 1038//1038
f 1038//1038 1015//1015 1039//1039
f 1015//1015 1014//1014 1039//1039
f 1039//1039 1014//1014 1040//1040
f 1014//1014 1013//1013 1040//1040
f 1040//1040 1013//1013 1041//1041
f 1013//1013 1012//1012 1041//1041
f 1041//1041 1012//1012 1042//1042
f 1012//1012 1011//1011 1042//1042
f 1042//1042 1011//1011 1043//1043
f 1011//1011 1010//1010 1043//1043
f 1043//1043 1010//1010 1044//1044
f 1010//1010 1009//1009 1044//1044
f 1044//1044 1009//1009 1045//1045
f 1009//1009 1008//1008 1045//1045
f 1045//1045 1008//1008 1046//1046
f 1008//1008 1007//1007 1046//1046
f 1046//1046 1007//1007 1047//1047
f 1007//1007 1006//1006 1047//1047
f 1047//1047 1006//1006 1048//1048
f 1006//1006 1049//1049 1048//1048
f 1048//1048 1049//1049 1050//1050
f 1049//1049 1051//1051 1050//1050
f 1050//1050 1051//1051 1052//1052
f 1051//1051 1053//1053 1052//1052
f 1052//1052 1053//1053 1054//1054
f 1053//1053 1055//1055 1054//1054
f 1054//1054 1055//1055 1056//1056
f 1055//1055 1057//1057 1056//1056
f 1056//1056 1057//1057 1058//1058
f 1057//1057 1059//1059 1058//1058
f 1058//1058 1059//1059 1060//1060
f 1059//1059 1061//1061 1060//1060
f 1060//1060 1061//1061 1062//1062
f 1061//1061 1063//1063 1062//1062
f 1062//1062 1063//1063 1064//1064
f 1063//1063 1065//1065 1064//1064
f 1064//1064 1065//1065 1066//1066
f 1065//1065 1067//1067 1066//1066
f 1066//1066 1067//1067 1068//1068
f 1067//1067 1069//1069 1068//1068
f 1068//1068 1069//1069 1070//1070
f 1069//1069 1071//1071 1070//1070
f 1070//1070 1071//1071 1072//1072
f 1071//1071 1073//1073 1072//1072
f 1072//1072 1074//1074 1070//1070
f 1074//1074 1075//1075 1070//1070
f 1070//1070 1075//1075 1068//1068
f 1075//1075 1076//1076 1068//1068
f 1068//1068 1076//1076 1066//1066
f 1076//1076 1077//1077 1066//1066
f 1066//1066 1077//1077 1064//1064
f 1077//1077 1078//1078 1064//1064
f 1064//1064 1078//1078 1062//1062
f 1078//1078 1079//1079 1062//1062
f 1062//1062 1079//1079 1060//1060
f 1079//1079 1080//1080 1060//1060
f 1060//1060 1080//1080 1058//1058
f 1080//1080 1081//1081 1058//1058
f 1058//1058 1081//1081 1056//1056
f 1081//1081 1082//1082 1056//1056
f 1056//1056 1082//1082 1054//1054
f 1082//1082 1083//1083 1054//1054
f 1054//1054 1083//1083 1052//1052
f 1083//1083 1084//1084 1052//1052
f 1052//1052 1084//1084 1050//1050
f 1084//1084 1085//1085 1050//1050
f 1050//1050 1085//1085 1048//1048
f 1085//1085 1086//1086 1048//1048
f 1048//1048 1086//1086 1047//1047
f 1086//1086 1087//1087 1047//1047
f 1047//1047 1087//1087 1046//1046
f 1087//1087 1088//1088 1046//1046
f 1046//1046 1088//1088 1045//1045
f 1088//1088 1089//1089 1045//1045
f 1045//1045 1089//1089 1044//1044
f 1089//1089 1090//1090 1044//1044
f 1044//1044 1090//1090 1043//1043
f 1090//1090 1091//1091 1043//1043
f 1043//1043 1091//1091 1042//1042
f 1091//1091 1092//1092 1042//1042
f 1042//1042 1092//1092 1041//1041
f 1092//1092 1093//1093 1041//1041
f 1041//1041 1093//1093 1040//1040
f 1093//1093 1094//1094 1040//1040
f 1040//1040 1094//1094 1039//1039
f 1094//1094 1095//1095 1039//1039
f 1039//1039 1095//1095 1038//1038
f 1095//1095 1096//1096 1038//1038
f 1038//1038 1096//1096 1037//1037
f 1096//1096 1097//1097 1037//1037
f 1037//1037 1097//1097 1018//1018
f 1097//1097 1098//1098 1018//1018
f 1018//1018 1098//1098 1019//1019
f 1098//1098 1099//1099 1019//1019
f 1019//1019 1099//1099 1020//1020
f 1099//1099 1100//1100 1020//1020
f 1020//1020 1100//1100 1021//1021
f 1100//1100 1101//1101 1021//1021
f 1021//1021 1101//1101 1022//1022
f 1101//1101 1102//1102 1022//1022
f 1022//1022 1102//1102 1023//1023
f 1102//1102 1103//1103 1023//1023
f 1023//1023 1103//1103 1025//1025
f 1103//1103 1104//1104 1025//1025
f 1025//1025 1104//1104 1027//1027
f 1104//1104 1105//1105 1027//1027
f 1027//1027 1105//1105 1029//1029
f 1105//1105 1106//1106 1029//1029
f 1029//1029 1106//1106 1031//1031
f 1106//1106 1107//1107 1031//1031
f 1031//1031 1107//1107 1033//1033
f 1107//1107 1108//1108 1033//1033
f 1033//1033 1108//1108 1035//1035
f 1074//1074 1109//1109 1075//1075
f 1109//1109 1110//1110 1075//1075
f 1075//1075 1110//1110 1076//1076
f 1110//1110 1111//1111 1076//1076
f 1076//1076 1111//1111 1077//1077
f 1111//1111 1112//1112 1077//1077
f 1077//1077 1112//1112 1078//1078
f 1112//1112 1113//1113 1078//1078
f 1078//1078 1113//1113 1079//1079
f 1113//1113 1114//1114 1079//1079
f 1079//1079 1114//1114 1080//1080
f 1114//1114 1115//1115 1080//1080
f 1080//1080 1115//1115 1081//1081
f 1115//1115 1116//1116 1081//1081
f 1081//1081 1116//1116 1082//1082
f 1116//1116 1117//1117 1082//1082
f 1082//1082 1117//1117 1083//1083
f 1117//1117 1118//1118 1083//1083
f 1083//1083 1118//1118 1084//1084
f 1118//1118 1119//1119 1084//1084
f 1084//1084 1119//1119 1085//1085
f 1119//1119 1120//1120 1085//1085
f 1085//1085 1120//1120 1086//1086
f 1120//1120 1121//1121 1086//1086
f 1086//1086 1121//1121 1087//1087
f 1121//1121 1122//1122 1087//1087
f 1087//1087 1122//1122 1088//1088
f 1122//1122 1123//1123 1088//1088
f 1088//1088 1123//1123 1089//1089
f 1123//1123 1124//1124 1089//1089
f 1089//1089 1124//1124 1090//1090
f 1124//1124 1125//1125 1090//1090
f 1090//1090 1125//1125 1091//1091
f 1125//1125 1126//1126 1091//1091
f 1091//1091 1126//1126 1092//1092
f 1126//1126 1127//1127 1092//1092
f 1092//1092 1127//1127 1093//1093
f 1127//1127 1128//1128 1093//1093
f 1093//1093 1128//1128 1094//1094
f 1128//1128 1129//1129 1094//1094
f 1094//1094 1129//1129 1095//1095
f 1129//1129 1130//1130 1095//1095
f 1095//1095 1130//1130 1096//1096
f 1130//1130 1131//1131 1096//1096
f 1096//1096 1131//1131 1132//1132
f 1131//1131 1133//1133 1132//1132
f 1132//1132 1133//1133 1134//1134
f 1133//1133 1135//1135 1134//1134
f 1134//1134 1135//1135 1136//1136
f 1135//1135 1137//1137 1136//1136
f 1136//1136 1137//1137 1138//1138
f 1137//1137 1139//1139 1138//1138
f 1138//1138 1139//1139 1140//1140
f 1139//1139 1141//1141 1140//1140
f 1140//1140 1141//1141 1142//1142
f 1141//1141 1143//1143 1142//1142
f 1142//1142 1143//1143 1144//1144
f 1143//1143 1145//1145 1144//1144
f 1144//1144 1145//1145 1146//1146
f 1145//1145 1147//1147 1146//1146
f 1146//1146 1147//1147 1148//1148
f 1147//1147 1149//1149 1148//1148
f 1148//1148 1149//1149 1150//1150
f 1149//1149 1151//1151 1150//1150
f 1150//1150 1151//1151 1152//1152
f 1151//1151 1153//1153 1152//1152
f 1152//1152 1153//1153 1154//1154
f 1109//1109 1155//1155 1110//1110
f 1155//1155 1156//1156 1110//1110
f 1110//1110 1156//1156 1111//1111
f 1156//1156 1157//1157 1111//1111
f 1111//1111 1157//1157 1112//1112
f 1157//1157 1158//1158 1112//1112
f 1112//1112 1158//1158 1113//1113
f 1158//1158 1159//1159 1113//1113
f 1113//1113 1159//1159 1114//1114
f 1159//1159 1160//1160 1114//1114
f 1114//1114 1160//1160 1115//1115
f 1160//1160 1161//1161 1115//1115
f 1115//1115 1161//1161 1116//1116
f 1161//1161 1162//1162 1116//1116
f 1116//1116 1162//1162 1117//1117
f 1162//1162 1163//1163 1117//1117
f 1117//1117 1163//1163 1118//1118
f 1163//1163 1164//1164 1118//1118
f 1118//1118 1164//1164 1119//1119
f 1164//1164 1165//1165 1119//1119
f 1119//1119 1165//1165 1120//1120
f 1165//1165 1166//1166 1120//1120
f 1120//1120 1166//1166 1121//1121
f 1166//1166 1167//1167 1121//1121
f 1121//1121 1167//1167 1122//1122
f 1167//1167 1168//1168 1122//1122
f 1122//1122 1168//1168 1123//1123
f 1168//1168 1169//1169 1123//1123
f 1123//1123 1169//1169 1124//1124
f 1169//1169 1170//1170 1124//1124
f 1124//1124 1170//1170 1125//1125
f 1170//1170 1171//1171 1125//1125
f 1125//1125 1171//1171 1126//1126
f 1171//1171 1172//1172 1126//1126
f 1126//1126 1172//1172 1127//1127
f 1172//1172 1173//1173 1127//1127
f 1127//1127 1173//1173 1128//1128
f 1173//1173 1174//1174 1128//1128
f 1128//1128 1174//1174 1129//1129
f 1174//1174 1175//1175 1129//1129
f 1129//1129 1175//1175 1130//1130
f 1175//1175 1176//1176 1130//1130
f 1130//1130 1176//1176 1131//1131
f 1176//1176 1177//1177 1131//1131
f 1131//1131 1177//1177 1133//1133
f 1177//1177 1178//1178 1133//1133
f 1133//1133 1178//1178 1135//1135
f 1178//1178 1179//1179 1135//1135
f 1135//1135 1179//1179 1137//1137
f 1179//1179 1180//1180 1137//1137
f 1137//1137 1180//1180 1139//1139
f 1180//1180 1181//1181 1139//1139
f 1139//1139 1181//1181 1141//1141
f 1181//1181 1182//1182 1141//1141
f 1141//1141 1182//1182 1143//1143
f 1182//1182 1183//1183 1143//1143
f 1143//1143 1183//1183 1145//1145
f 1183//1183 1184//1184 1145//1145
f 1145//1145 1184//1184 1147//1147
f 1184//1184 1185//1185 1147//1147
f 1147//1147 1185//1185 1149//1149
f 1185//1185 1186//1186 1149//1149
f 1149//1149 1186//1186 1151//1151
f 1186//1186 1187//1187 1151//1151
f 1151//1151 1187//1187 1153//1153
f 1155//1155 1188//1188 1156//1156
f 1188//1188 1189//1189 1156//1156
f 1156//1156 1189//1189 1157//1157
f 1189//1189 1190//1190 1157//1157
f 1157//1157 1190//1190 1158//1158
f 1190//1190 1191//1191 1158//1158
f 1158//1158 1191//1191 1159//1159
f 1191//1191 1192//1192 1159//1159
f 1159//1159 1192//1192 1160//1160
f 1192//1192 1193//1193 1160//1160
f 1160//1160 1193//1193 1161//1161
f 1193//1193 1194//1194 1161//1161
f 1161//1161 1194//1194 1162//1162
f 1194//1194 1195//1195 1162//1162
f 1162//1162 1195//1195 1163//1163
f 1195//1195 1196//1196 1163//1163
f 1163//1163 1196//1196 1164//1164
f 1196//1196 1197//1197 1164//1164
f 1164//1164 1197//1197 1165//1165
f 1197//1197 1198//1198 1165//1165
f 1165//1165 1198//1198 1166//1166
f 1198//1198 1199//1199 1166//1166
f 1166//1166 1199//1199 1167//1167
f 1199//1199 1200//1200 1167//1167
f 1167//1167 1200//1200 1168//1168
f 1200//1200 1201//1201 1168//1168
f 1168//1168 1201//1201 1169//1169
f 1201//1201 1202//1202 1169//1169
f 1169//1169 1202//1202 1170//1170
f 1202//1202 1203//1203 1170//1170
f 1170//1170 1203//1203 1171//1171
f 1203//1203 1204//1204 1171//1171
f 1171//1171 1204//1204 1172//1172
f 1204//1204 1205//1205 1172//1172
f 1172//1172 1205//1205 1173//1173
f 1205//1205 1206//1206 1173//1173
f 1173//1173 1206//1206 1174//1174
f 1206//1206 1207//1207 1174//1174
f 1174//1174 1207//1207 1175//1175
f 1207//1207 1208//1208 1175//1175
f 1175//1175 1208//1208 1176//1176
f 1208//1208 1209//1209 1176//1176
f 1176//1176 1209//1209 1177//1177
f 1209//1209 1210//1210 1177//1177
f 1177//1177 1210//1210 1178//1178
f 1210//1210 1211//1211 1178//1178
f 1178//1178 1211//1211 1179//1179
f 1211//1211 1212//1212 1179//1179
f 1179//1179 1212//1212 1180//1180
f 1212//1212 1213//1213 1180//1180
f 1180//1180 1213//1213 1181//1181
f 1213//1213 1214//1214 1181//1181
f 1181//1181 1214//1214 1182//1182
f 1214//1214 1215//1215 1182//1182
f 1182//1182 1215//1215 1183//1183
f 1215//1215 1216//1216 1183//1183
f 1183//1183 1216//1216 1184//1184
f 1216//1216 1217//1217 1184//1184
f 1184//1184 1217//1217 1185//1185
f 1217//1217 1218//1218 1185//1185
f 1185//1185 1218//1218 1186//1186
f 1218//1218 1219//1219 1186//1186
f 1186//1186 1219//1219 1187//1187
f 1188//1188 1220//1220 1189//1189
f 1220//1220 1221//1221 1189//1189
f 1189//1189 1221//1221 1190//1190
f 1221//1221 1222//1222 1190//1190
f 1190//1190 1222//1222 1191//1191
f 1222//1222 1223//1223 1191//1191
f 1191//1191 1223//1223 1192//1192
f 1223//1223 1224//1224 1192//1192
f 1192//1192 1224//1224 1193//1193
f 1224//1224 1225//1225 1193//1193
f 1193//1193 1225//1225 1194//1194
f 1225//1225 1226//1226 1194//1194
f 1194//1194 1226//1226 1195//1195
f 1226//1226 1227//1227 1195//1195
f 1195//1195 1227//1227 1196//1196
f 1227//1227 1228//1228 1196//1196
f 1196//1196 1228//1228 1197//1197
f 1228//1228 1229//1229 1197//1197
f 1197//1197 1229//1229 1198//1198
f 1229//1229 1230//1230 1198//1198
f 1198//1198 1230//1230 1199//1199
f 1230//1230 1231//1231 1199//1199
f 1199//1199 1231//1231 1200//1200
f 1231//1231 1232//1232 1200//1200
f 1200//1200 1232//1232 1201//1201
f 1232//1232 1233//1233 1201//1201
f 1201//1201 1233//1233 1202//1202
f 1233//1233 1234//1234 1202//1202
f 1202//1202 1234//1234 1203//1203
f 1234//1234 1235//1235 1203//1203
f 1203//1203 1235//1235 1204//1204
f 1235//1235 1236//1236 1204//1204
f 1204//1204 1236//1236 1237//1237
f 1236//1236 1238//1238 1237//1237
f 1237//1237 1238//1238 1239//1239
f 1238//1238 1240//1240 1239//1239
f 1239//1239 1240//1240 1241//1241
f 1240//1240 1242//1242 1241//1241
f 1241//1241 1242//1242 1243//1243
f 1242//1242 1244//1244 1243//1243
f 1243//1243 1244//1244 1245//1245
f 1244//1244 1246//1246 1245//1245
f 1245//1245 1246//1246 1247//1247
f 1246//1246 1248//1248 1247//1247
f 1247//1247 1248//1248 1249//1249
f 1248//1248 1250//1250 1249//1249
f 1249//1249 1250//1250 1210//1210
f 1250//1250 1211//1211 1210//1210
f 1222//1222 1251//1251 1223//1223
f 1251//1251 1252//1252 1223//1223
f 1223//1223 1252//1252 1224//1224
f 1252//1252 1253//1253 1224//1224
f 1224//1224 1253//1253 1225//1225
f 1253//1253 1254//1254 1225//1225
f 1225//1225 1254//1254 1226//1226
f 1254//1254 1255//1255 1226//1226
f 1226//1226 1255//1255 1227//1227
f 1255//1255 1256//1256 1227//1227
f 1227//1227 1256//1256 1228//1228
f 1256//1256 1257//1257 1228//1228
f 1228//1228 1257//1257 1229//1229
f 1257//1257 1258//1258 1229//1229
f 1229//1229 1258//1258 1230//1230
f 1258//1258 1259//1259 1230//1230
f 1230//1230 1259//1259 1231//1231
f 1259//1259 1260//1260 1231//1231
f 1231//1231 1260//1260 1232//1232
f 1260//1260 1261//1261 1232//1232
f 1232//1232 1261//1261 1233//1233
f 1261//1261 1262//1262 1233//1233
f 1233//1233 1262//1262 1234//1234
f 1262//1262 1263//1263 1234//1234
f 1234//1234 1263//1263 1235//1235
f 1263//1263 1264//1264 1235//1235
f 1235//1235 1264//1264 1236//1236
f 1264//1264 1265//1265 1236//1236
f 1236//1236 1265//1265 1238//1238
f 1265//1265 1266//1266 1238//1238
f 1238//1238 1266//1266 1240//1240
f 1266//1266 1267//1267 1240//1240
f 1240//1240 1267//1267 1242//1242
f 1267//1267 1268//1268 1242//1242
f 1242//1242 1268//1268 1244//1244
f 1268//1268 1269//1269 1244//1244
f 1244//1244 1269//1269 1246//1246
f 1269//1269 1270//1270 1246//1246
f 1246//1246 1270//1270 1248//1248
f 1270//1270 1271//1271 1248//1248
f 1248//1248 1271//1271 1250//1250
f 1271//1271 1272//1272 1250//1250
f 1250//1250 1272//1272 1211//1211
f 1272//1272 1212//1212 1211//1211
f 1253//1253 1273//1273 1254//1254
f 1273//1273 1274//1274 1254//1254
f 1254//1254 1274//1274 1255//1255
f 1274//1274 1275//1275 1255//1255
f 1255//1255 1275//1275 1256//1256
f 1275//1275 1276//1276 1256//1256
f 1256//1256 1276//1276 1257//1257
f 1276//1276 1277//1277 1257//1257
f 1257//1257 1277//1277 1258//1258
f 1277//1277 1278//1278 1258//1258
f 1258//1258 1278//1278 1259//1259
f 1278//1278 1279//1279 1259//1259
f 1259//1259 1279//1279 1260//1260
f 1279//1279 1280//1280 1260//1260
f 1260//1260 1280//1280 1261//1261
f 1280//1280 1281//1281 1261//1261
f 1261//1261 1281//1281 1262//1262
f 1281//1281 1282//1282 1262//1262
f 1262//1262 1282//1282 1263//1263
f 1282//1282 1283//1283 1263//1263
f 1263//1263 1283//1283 1264//1264
f 1283//1283 1284//1284 1264//1264
f 1264//1264 1284//1284 1265//1265
f 1284//1284 1285//1285 1265//1265
f 1265//1265 1285//1285 1266//1266
f 1285//1285 1286//1286 1266//1266
f 1266//1266 1286//1286 1267//1267
f 1286//1286 1287//1287 1267//1267
f 1267//1267 1287//1287 1268//1268
f 1287//1287 1288//1288 1268//1268
f 1268//1268 1288//1288 1289//1289
f 1288//1288 1290//1290 1289//1289
f 1289//1289 1290//1290 1291//1291
f 1290//1290 1292//1292 1291//1291
f 1291//1291 1292//1292 1293//1293
f 1292//1292 1294//1294 1293//1293
f 1293//1293 1294//1294 1295//1295
f 1294//1294 1296//1296 1295//1295
f 1295//1295 1296//1296 1297//1297
f 1296//1296 1298//1298 1297//1297
f 1297//1297 1298//1298 1213//1213
f 1298//1298 1214//1214 1213//1213
f 1274//1274 1299//1299 1275//1275
f 1299//1299 1300//1300 1275//1275
f 1275//1275 1300//1300 1276//1276
f 1300//1300 1301//1301 1276//1276
f 1276//1276 1301//1301 1277//1277
f 1301//1301 1302//1302 1277//1277
f 1277//1277 1302//1302 1278//1278
f 1302//1302 1303//1303 1278//1278
f 1278//1278 1303//1303 1279//1279
f 1303//1303 1304//1304 1279//1279
f 1279//1279 1304//1304 1280//1280
f 1304//1304 1305//1305 1280//1280
f 1280//1280 1305//1305 1281//1281
f 1305//1305 1306//1306 1281//1281
f 1281//1281 1306//1306 1282//1282
f 1306//1306 1307//1307 1282//1282
f 1282//1282 1307//1307 1283//1283
f 1307//1307 1308//1308 1283//1283
f 1283//1283 1308//1308 1284//1284
f 1308//1308 1309//1309 1284//1284
f 1284//1284 1309//1309 1285//1285
f 1309//1309 1310//1310 1285//1285
f 1285//1285 1310//1310 1286//1286
f 1310//1310 1311//1311 1286//1286
f 1286//1286 1311//1311 1287//1287
f 1311//1311 1312//1312 1287//1287
f 1287//1287 1312//1312 1288//1288
f 1312//1312 1313//1313 1288//1288
f 1288//1288 1313//1313 1290//1290
f 1313//1313 1314//1314 1290//1290
f 1290//1290 1314//1314 1292//1292
f 1314//1314 1315//1315 1292//1292
f 1292//1292 1315//1315 1294//1294
f 1315//1315 1316//1316 1294//1294
f 1294//1294 1316//1316 1296//1296
f 1316//1316 1317//1317 1296//1296
f 1296//1296 1317//1317 1298//1298
f 1317//1317 1318//1318 1298//1298
f 1298//1298 1318//1318 1214//1214
f 1318//1318 1215//1215 1214//1214
f 1307//1307 1306//1306 1319//1319
f 1306//1306 1305//1305 1319//1319
f 1319//1319 1305//1305 1320//1320
f 1305//1305 1304//1304 1320//1320
f 1320//1320 1304//1304 1321//1321
f 1304//1304 1303//1303 1321//1321
f 1321//1321 1303//1303 1322//1322
f 1303//1303 1302//1302 1322//1322
f 1322//1322 1302//1302 1323//1323
f 1302//1302 1301//1301 1323//1323
f 1323//1323 1301//1301 1324//1324
f 1301//1301 1300//1300 1324//1324
f 1324//1324 1300//1300 1325//1325
f 1300//1300 1299//1299 1325//1325
f 1325//1325 1299//1299 1326//1326
f 1299//1299 1327//1327 1326//1326
f 1326//1326 1327//1327 1328//1328
f 1327//1327 1329//1329 1328//1328
f 1328//1328 1329//1329 1330//1330
f 1329//1329 1331//1331 1330//1330
f 1330//1330 1331//1331 1332//1332
f 1331//1331 1333//1333 1332//1332
f 1332//1332 1333//1333 1334//1334
f 1333//1333 1220//1220 1334//1334
f 1328//1328 1335//1335 1326//1326
f 1335//1335 1336//1336 1326//1326
f 1326//1326 1336//1336 1325//1325
f 1336//1336 1337//1337 1325//1325
f 1325//1325 1337//1337 1324//1324
f 1337//1337 1338//1338 1324//1324
f 1324//1324 1338//1338 1323//1323
f 1338//1338 1339//1339 1323//1323
f 1323//1323 1339//1339 1322//1322
f 1339//1339 1340//1340 1322//1322
f 1322//1322 1340//1340 1321//1321
f 1340//1340 1341//1341 1321//1321
f 1321//1321 1341//1341 1320//1320
f 1341//1341 1342//1342 1320//1320
f 1320//1320 1342//1342 1319//1319
f 1342//1342 1343//1343 1319//1319
f 1319//1319 1343//1343 1307//1307
f 1343//1343 1308//1308 1307//1307
f 1335//1335 1344//1344 1336//1336
f 1344//1344 1345//1345 1336//1336
f 1336//1336 1345//1345 1337//1337
f 1345//1345 1346//1346 1337//1337
f 1337//1337 1346//1346 1338//1338
f 1346//1346 1347//1347 1338//1338
f 1338//1338 1347//1347 1339//1339
f 1347//1347 1348//1348 1339//1339
f 1339//1339 1348//1348 1340//1340
f 1348//1348 1349//1349 1340//1340
f 1340//1340 1349//1349 1341//1341
f 1349//1349 1350//1350 1341//1341
f 1341//1341 1350//1350 1342//1342
f 1350//1350 1351//1351 1342//1342
f 1342//1342 1351//1351 1343//1343
f 1351//1351 1352//1352 1343//1343
f 1343//1343 1352//1352 1308//1308
f 1352//1352 1309//1309 1308//1308
f 1344//1344 1353//1353 1345//1345
f 1353//1353 1354//1354 1345//1345
f 1345//1345 1354//1354 1346//1346
f 1354//1354 1355//1355 1346//1346
f 1346//1346 1355//1355 1347//1347
f 1355//1355 1356//1356 1347//1347
f 1347//1347 1356//1356 1348//1348
f 1356//1356 1357//1357 1348//1348
f 1348//1348 1357//1357 1349//1349
f 1357//1357 1358//1358 1349//1349
f 1349//1349 1358//1358 1350//1350
f 1358//1358 1359//1359 1350//1350
f 1350//1350 1359//1359 1351//1351
f 1359//1359 1360//1360 1351//1351
f 1351//1351 1360//1360 1352//1352
f 1360//1360 1361//1361 1352//1352
f 1352//1352 1361//1361 1309//1309
f 1361//1361 1310//1310 1309//1309
f 1353//1353 1362//1362 1354//1354
f 1362//1362 1363//1363 1354//1354
f 1354//1354 1363//1363 1355//1355
f 1363//1363 1364//1364 1355//1355
f 1355//1355 1364//1364 1356//1356
f 1364//1364 1365//1365 1356//1356
f 1356//1356 1365//1365 1357//1357
f 1365//1365 1366//1366 1357//1357
f 1357//1357 1366//1366 1358//1358
f 1366//1366 1367//1367 1358//1358
f 1358//1358 1367//1367 1359//1359
f 1367//1367 1368//1368 1359//1359
f 1359//1359 1368//1368 1360//1360
f 1368//1368 1369//1369 1360//1360
f 1360//1360 1369//1369 1361//1361
f 1369//1369 1370//1370 1361//1361
f 1361//1361 1370//1370 1310//1310
f 1370//1370 1311//1311 1310//1310
f 1362//1362 1371//1371 1363//1363
f 1371//1371 1372//1372 1363//1363
f 1363//1363 1372//1372 1364//1364
f 1372//1372 1373//1373 1364//1364
f 1364//1364 1373//1373 1365//1365
f 1373//1373 1374//1374 1365//1365
f 1365//1365 1374//1374 1366//1366
f 1374//1374 1375//1375 1366//1366
f 1366//1366 1375//1375 1367//1367
f 1375//1375 1376//1376 1367//1367
f 1367//1367 1376//1376 1368//1368
f 1376//1376 1377//1377 1368//1368
f 1368//1368 1377//1377 1369//1369
f 1377//1377 1378//1378 1369//1369
f 1369//1369 1378//1378 1370//1370
f 1378//1378 1379//1379 1370//1370
f 1370//1370 1379//1379 1311//1311
f 1379//1379 1312//1312 1311//1311
f 1371//1371 1380//1380 1372//1372
f 1380//1380 1381//1381 1372//1372
f 1372//1372 1381//1381 1373//1373
f 1381//1381 1382//1382 1373//1373
f 1373//1373 1382//1382 1374//1374
f 1382//1382 1383//1383 1374//1374
f 1374//1374 1383//1383 1375//1375
f 1383//1383 1384//1384 1375//1375
f 1375//1375 1384//1384 1376//1376
f 1384//1384 1385//1385 1376//1376
f 1376//1376 1385//1385 1377//1377
f 1385//1385 1386//1386 1377//1377
f 1377//1377 1386//1386 1378//1378
f 1386//1386 1387//1387 1378//1378
f 1378//1378 1387//1387 1379//1379
f 1387//1387 1388//1388 1379//1379
f 1379//1379 1388//1388 1312//1312
f 1388//1388 1389//1389 1312//1312
f 1312//1312 1389//1389 1313//1313
f 1389//1389 1390//1390 1313//1313
f 1313//1313 1390//1390 1314//1314
f 1390//1390 1391//1391 1314//1314
f 1314//1314 1391//1391 1315//1315
f 1391//1391 1392//1392 1315//1315
f 1315//1315 1392//1392 1316//1316
f 1392//1392 1393//1393 1316//1316
f 1316//1316 1393//1393 1317//1317
f 1393//1393 1394//1394 1317//1317
f 1317//1317 1394//1394 1318//1318
f 1394//1394 1395//1395 1318//1318
f 1318//1318 1395//1395 1215//1215
f 1395//1395 1216//1216 1215//1215
f 1390//1390 1389//1389 1396//1396
f 1389//1389 1388//1388 1396//1396
f 1396//1396 1388//1388 1397//1397
f 1388//1388 1387//1387 1397//1397
f 1397//1397 1387//1387 1398//1398
f 1387//1387 1386//1386 1398//1398
f 1398//1398 1386//1386 1399//1399
f 1386//1386 1385//1385 1399//1399
f 1399//1399 1385//1385 1400//1400
f 1385//1385 1384//1384 1400//1400
f 1400//1400 1384//1384 1401//1401
f 1384//1384 1383//1383 1401//1401
f 1401//1401 1383//1383 1402//1402
f 1383//1383 1382//1382 1402//1402
f 1402//1402 1382//1382 1403//1403
f 1382//1382 1381//1381 1403//1403
f 1403//1403 1381//1381 1404//1404
f 1381//1381 1380//1380 1404//1404
f 1404//1404 1380//1380 1405//1405
f 1380//1380 1406//1406 1405//1405
f 1405//1405 1406//1406 1407//1407
f 1406//1406 1408//1408 1407//1407
f 1407//1407 1408//1408 1409//1409
f 1408//1408 1410//1410 1409//1409
f 1409//1409 1410//1410 1411//1411
f 1411//1411 1412//1412 1409//1409
f 1412//1412 1413//1413 1409//1409
f 1409//1409 1413//1413 1407//1407
f 1413//1413 1414//1414 1407//1407
f 1407//1407 1414//1414 1405//1405
f 1414//1414 1415//1415 1405//1405
f 1405//1405 1415//1415 1404//1404
f 1415//1415 1416//1416 1404//1404
f 1404//1404 1416//1416 1403//1403
f 1416//1416 1417//1417 1403//1403
f 1403//1403 1417//1417 1402//1402
f 1417//1417 1418//1418 1402//1402
f 1402//1402 1418//1418 1401//1401
f 1418//1418 1419//1419 1401//1401
f 1401//1401 1419//1419 1400//1400
f 1419//1419 1420//1420 1400//1400
f 1400//1400 1420//1420 1399//1399
f 1420//1420 1421//1421 1399//1399
f 1399//1399 1421//1421 1398//1398
f 1421//1421 1422//1422 1398//1398
f 1398//1398 1422//1422 1397//1397
f 1422//1422 1423//1423 1397//1397
f 1397//1397 1423//1423 1396//1396
f 1423//1423 1424//1424 1396//1396
f 1396//1396 1424//1424 1390//1390
f 1424//1424 1391//1391 1390//1390
f 1412//1412 1425//1425 1413//1413
f 1425//1425 1426//1426 1413//1413
f 1413//1413 1426//1426 1414//1414
f 1426//1426 1427//1427 1414//1414
f 1414//1414 1427//1427 1415//1415
f 1427//1427 1428//1428 1415//1415
f 1415//1415 1428//1428 1416//1416
f 1428//1428 1429//1429 1416//1416
f 1416//1416 1429//1429 1417//1417
f 1429//1429 1430//1430 1417//1417
f 1417//1417 1430//1430 1418//1418
f 1430//1430 1431//1431 1418//1418
f 1418//1418 1431//1431 1419//1419
f 1431//1431 1432//1432 1419//1419
f 1419//1419 1432//1432 1420//1420
f 1432//1432 1433//1433 1420//1420
f 1420//1420 1433//1433 1421//1421
f 1433//1433 1434//1434 1421//1421
f 1421//1421 1434//1434 1422//1422
f 1434//1434 1435//1435 1422//1422
f 1422//1422 1435//1435 1423//1423
f 1435//1435 1436//1436 1423//1423
f 1423//1423 1436//1436 1424//1424
f 1436//1436 1437//1437 1424//1424
f 1424//1424 1437//1437 1391//1391
f 1437//1437 1392//1392 1391//1391
f 1425//1425 1438//1438 1426//1426
f 1438//1438 1439//1439 1426//1426
f 1426//1426 1439//1439 1427//1427
f 1439//1439 1440//1440 1427//1427
f 1427//1427 1440//1440 1428//1428
f 1440//1440 1441//1441 1428//1428
f 1428//1428 1441//1441 1429//1429
f 1441//1441 1442//1442 1429//1429
f 1429//1429 1442//1442 1430//1430
f 1442//1442 1443//1443 1430//1430
f 1430//1430 1443//1443 1431//1431
f 1443//1443 1444//1444 1431//1431
f 1431//1431 1444//1444 1432//1432
f 1444//1444 1445//1445 1432//1432
f 1432//1432 1445//1445 1433//1433
f 1445//1445 1446//1446 1433//1433
f 1433//1433 1446//1446 1434//1434
f 1446//1446 1447//1447 1434//1434
f 1434//1434 1447//1447 1435//1435
f 1447//1447 1448//1448 1435//1435
f 1435//1435 1448//1448 1436//1436
f 1448//1448 1449//1449 1436//1436
f 1436//1436 1449//1449 1437//1437
f 1449//1449 1450//1450 1437//1437
f 1437//1437 1450//1450 1392//1392
f 1450//1450 1393//1393 1392//1392
f 1438//1438 1451//1451 1439//1439
f 1451//1451 1452//1452 1439//1439
f 1439//1439 1452//1452 1440//1440
f 1452//1452 1453//1453 1440//1440
f 1440//1440 1453//1453 1441//1441
f 1453//1453 1454//1454 1441//1441
f 1441//1441 1454//1454 1442//1442
f 1454//1454 1455//1455 1442//1442
f 1442//1442 1455//1455 1443//1443
f 1455//1455 1456//1456 1443//1443
f 1443//1443 1456//1456 1444//1444
f 1456//1456 1457//1457 1444//1444
f 1444//1444 1457//1457 1445//1445
f 1457//1457 1458//1458 1445//1445
f 1445//1445 1458//1458 1446//1446
f 1458//1458 1459//1459 1446//1446
f 1446//1446 1459//1459 1447//1447
f 1459//1459 1460//1460 1447//1447
f 1447//1447 1460//1460 1448//1448
f 1460//1460 1461//1461 1448//1448
f 1448//1448 1461//1461 1449//1449
f 1461//1461 1462//1462 1449//1449
f 1449//1449 1462//1462 1450//1450
f 1462//1462 1463//1463 1450//1450
f 1450//1450 1463//1463 1393//1393
f 1463//1463 1394//1394 1393//1393
f 1451//1451 1464//1464 1452//1452
f 1464//1464 1465//1465 1452//1452
f 1452//1452 1465//1465 1453//1453
f 1465//1465 1466//1466 1453//1453
f 1453//1453 1466//1466 1454//1454
f 1466//1466 1467//1467 1454//1454
f 1454//1454 1467//1467 1455//1455
f 1467//1467 1468//1468 1455//1455
f 1455//1455 1468//1468 1456//1456
f 1468//1468 1469//1469 1456//1456
f 1456//1456 1469//1469 1457//1457
f 1469//1469 1470//1470 1457//1457
f 1457//1457 1470//1470 1458//1458
f 1470//1470 1471//1471 1458//1458
f 1458//1458 1471//1471 1459//1459
f 1471//1471 1472//1472 1459//1459
f 1459//1459 1472//1472 1460//1460
f 1472//1472 1473//1473 1460//1460
f 1460//1460 1473//1473 1461//1461
f 1473//1473 1474//1474 1461//1461
f 1461//1461 1474//1474 1462//1462
f 1474//1474 1475//1475 1462//1462
f 1462//1462 1475//1475 1463//1463
f 1475//1475 1476//1476 1463//1463
f 1463//1463 1476//1476 1394//1394
f 1476//1476 1395//1395 1394//1394
f 1476//1476 1475//1475 1477//1477
f 1475//1475 1474//1474 1477//1477
f 1477//1477 1474//1474 1478//1478
f 1474//1474 1473//1473 1478//1478
f 1478//1478 1473//1473 1479//1479
f 1473//1473 1472//1472 1479//1479
f 1479//1479 1472//1472 1480//1480
f 1472//1472 1471//1471 1480//1480
f 1480//1480 1471//1471 1481//1481
f 1471//1471 1470//1470 1481//1481
f 1481//1481 1470//1470 1482//1482
f 1470//1470 1469//1469 1482//1482
f 1482//1482 1469//1469 1483//1483
f 1469//1469 1468//1468 1483//1483
f 1483//1483 1468//1468 1484//1484
f 1468//1468 1467//1467 1484//1484
f 1484//1484 1467//1467 1485//1485
f 1467//1467 1466//1466 1485//1485
f 1485//1485 1466//1466 1486//1486
f 1466//1466 1465//1465 1486//1486
f 1486//1486 1465//1465 1487//1487
f 1465//1465 1464//1464 1487//1487
f 1487//1487 1464//1464 1488//1488
f 1464//1464 1489//1489 1488//1488
f 1488//1488 1489//1489 1490//1490
f 1489//1489 1491//1491 1490//1490
f 1490//1490 1492//1492 1488//1488
f 1492//1492 1493//1493 1488//1488
f 1488//1488 1493//1493 1487//1487
f 1493//1493 1494//1494 1487//1487
f 1487//1487 1494//1494 1486//1486
f 1494//1494 1495//1495 1486//1486
f 1486//1486 1495//1495 1485//1485
f 1495//1495 1496//1496 1485//1485
f 1485//1485 1496//1496 1484//1484
f 1496//1496 1497//1497 1484//1484
f 1484//1484 1497//1497 1483//1483
f 1497//1497 1498//1498 1483//1483
f 1483//1483 1498//1498 1482//1482
f 1498//1498 1499//1499 1482//1482
f 1482//1482 1499//1499 1481//1481
f 1499//1499 1500//1500 1481//1481
f 1481//1481 1500//1500 1480//1480
f 1500//1500 1501//1501 1480//1480
f 1480//1480 1501//1501 1479//1479
f 1501//1501 1502//1502 1479//1479
f 1479//1479 1502//1502 1478//1478
f 1502//1502 1477//1477 1478//1478
f 1502//1502 1503//1503 1477//1477
f 1503//1503 1504//1504 1477//1477
f 1477//1477 1504//1504 1476//1476
f 1504//1504 1505//1505 1476//1476
f 1476//1476 1505//1505 1395//1395
f 1505//1505 1216//1216 1395//1395
f 1216//1216 1505//1505 1217//1217
f 1505//1505 1506//1506 1217//1217
f 1217//1217 1506//1506 1218//1218
f 1506//1506 1507//1507 1218//1218
f 1218//1218 1507//1507 1219//1219
f 1507//1507 1506//1506 1508//1508
f 1506//1506 1504//1504 1508//1508
f 1508//1508 1504//1504 1503//1503
f 1222//1222 1221//1221 1251//1251
f 1221//1221 1333//1333 1251//1251
f 1251//1251 1333//1333 1331//1331
f 1251//1251 1331//1331 1509//1509
f 1331//1331 1329//1329 1509//1509
f 1509//1509 1329//1329 1327//1327
f 1251//1251 1509//1509 1252//1252
f 1509//1509 1273//1273 1252//1252
f 1252//1252 1273//1273 1253//1253
f 1509//1509 1327//1327 1273//1273
f 1327//1327 1299//1299 1273//1273
f 1273//1273 1299//1299 1274//1274
f 109//109 243//243 110//110
f 243//243 145//145 110//110
f 110//110 145//145 111//111
f 902//902 938//938 904//904
f 938//938 1510//1510 904//904
f 904//904 1510//1510 906//906
f 1510//1510 1511//1511 906//906
f 906//906 1511//1511 386//386
f 1511//1511 388//388 386//386
f 938//938 940//940 1510//1510
f 940//940 1512//1512 1510//1510
f 1510//1510 1512//1512 1511//1511
f 1512//1512 1513//1513 1511//1511
f 1511//1511 1513//1513 388//388
f 1513//1513 390//390 388//388
f 940//940 942//942 1512//1512
f 942//942 1514//1514 1512//1512
f 1512//1512 1514//1514 1513//1513
f 1514//1514 1515//1515 1513//1513
f 1513//1513 1515//1515 390//390
f 1515//1515 392//392 390//390
f 942//942 944//944 1514//1514
f 944//944 1516//1516 1514//1514
f 1514//1514 1516//1516 1515//1515
f 1516//1516 1517//1517 1515//1515
f 1515//1515 1517//1517 392//392
f 1517//1517 394//394 392//392
f 944//944 946//946 1516//1516
f 946//946 1518//1518 1516//1516
f 1516//1516 1518//1518 1517//1517
f 1518//1518 1519//1519 1517//1517
f 1517//1517 1519//1519 394//394
f 1519//1519 396//396 394//394
f 946//946 1520//1520 1518//1518
f 1520//1520 1521//1521 1518//1518
f 1518//1518 1521//1521 1519//1519
f 1521//1521 1522//1522 1519//1519
f 1519//1519 1522//1522 396//396
f 1522//1522 398//398 396//396
f 1520//1520 1523//1523 1521//1521
f 1523//1523 1524//1524 1521//1521
f 1521//1521 1524//1524 1522//1522
f 1524//1524 1525//1525 1522//1522
f 1522//1522 1525//1525 398//398
f 1525//1525 400//400 398//398
f 1523//1523 1526//1526 1524//1524
f 1526//1526 1527//1527 1524//1524
f 1524//1524 1527//1527 1525//1525
f 1527//1527 1528//1528 1525//1525
f 1525//1525 1528//1528 400//400
f 1528//1528 402//402 400//400
f 1526//1526 1529//1529 1527//1527
f 1529//1529 1530//1530 1527//1527
f 1527//1527 1530//1530 1528//1528
f 1530//1530 1531//1531 1528//1528
f 1528//1528 1531//1531 402//402
f 1529//1529 1532//1532 1530//1530
f 1532//1532 1533//1533 1530//1530
f 1530//1530 1533//1533 1531//1531
f 1529//1529 956//956 1532//1532
f 956//956 958//958 1532//1532
f 1532//1532 958//958 1534//1534
f 958//958 960//960 1534//1534
f 956//956 1529//1529 954//954
f 1529//1529 1526//1526 954//954
f 954//954 1526//1526 952//952
f 1526//1526 1523//1523 952//952
f 952//952 1523//1523 950//950
f 1523//1523 1520//1520 950//950
f 950//950 1520//1520 948//948
f 1520//1520 946//946 948//948
f 1204//1204 1237//1237 1205//1205
f 1237//1237 1239//1239 1205//1205
f 1205//1205 1239//1239 1535//1535
f 1239//1239 1241//1241 1535//1535
f 1535//1535 1241//1241 1536//1536
f 1241//1241 1243//1243 1536//1536
f 1536//1536 1243//1243 1537//1537
f 1243//1243 1245//1245 1537//1537
f 1537//1537 1245//1245 1538//1538
f 1245//1245 1247//1247 1538//1538
f 1538//1538 1247//1247 1539//1539
f 1247//1247 1249//1249 1539//1539
f 1539//1539 1249//1249 1209//1209
f 1249//1249 1210//1210 1209//1209
f 1205//1205 1535//1535 1206//1206
f 1535//1535 1540//1540 1206//1206
f 1206//1206 1540//1540 1207//1207
f 1540//1540 1208//1208 1207//1207
f 1535//1535 1536//1536 1540//1540
f 1536//1536 1541//1541 1540//1540
f 1540//1540 1541//1541 1208//1208
f 1541//1541 1539//1539 1208//1208
f 1208//1208 1539//1539 1209//1209
f 1536//1536 1537//1537 1541//1541
f 1537//1537 1538//1538 1541//1541
f 1541//1541 1538//1538 1539//1539
f 1073//1073 1071//1071 1542//1542
f 1071//1071 1543//1543 1542//1542
f 1542//1542 1543//1543 1544//1544
f 1543//1543 1545//1545 1544//1544
f 1544//1544 1545//1545 1546//1546
f 1545//1545 1547//1547 1546//1546
f 1546//1546 1547//1547 1548//1548
f 1547//1547 1549//1549 1548//1548
f 1548//1548 1549//1549 1550//1550
f 1549//1549 1551//1551 1550//1550
f 1550//1550 1551//1551 1552//1552
f 1551//1551 1553//1553 1552//1552
f 1552//1552 1553//1553 1554//1554
f 1553//1553 1555//1555 1554//1554
f 1554//1554 1555//1555 1556//1556
f 1555//1555 1557//1557 1556//1556
f 1556//1556 1557//1557 1558//1558
f 1557//1557 1559//1559 1558//1558
f 1558//1558 1559//1559 1560//1560
f 1559//1559 1561//1561 1560//1560
f 1560//1560 1561//1561 1562//1562
f 1561//1561 1563//1563 1562//1562
f 1562//1562 1563//1563 1564//1564
f 1563//1563 1565//1565 1564//1564
f 1564//1564 1565//1565 1566//1566
f 1565//1565 1567//1567 1566//1566
f 1566//1566 1567//1567 1568//1568
f 1567//1567 1569//1569 1568//1568
f 1568//1568 1569//1569 1570//1570
f 1569//1569 978//978 1570//1570
f 1570//1570 978//978 977//977
f 1071//1071 1069//1069 1543//1543
f 1069//1069 1571//1571 1543//1543
f 1543//1543 1571//1571 1545//1545
f 1571//1571 1572//1572 1545//1545
f 1545//1545 1572//1572 1547//1547
f 1572//1572 1573//1573 1547//1547
f 1547//1547 1573//1573 1549//1549
f 1573//1573 1574//1574 1549//1549
f 1549//1549 1574//1574 1551//1551
f 1574//1574 1575//1575 1551//1551
f 1551//1551 1575//1575 1553//1553
f 1575//1575 1576//1576 1553//1553
f 1553//1553 1576//1576 1555//1555
f 1576//1576 1577//1577 1555//1555
f 1555//1555 1577//1577 1557//1557
f 1577//1577 1578//1578 1557//1557
f 1557//1557 1578//1578 1559//1559
f 1578//1578 1579//1579 1559//1559
f 1559//1559 1579//1579 1561//1561
f 1579//1579 1580//1580 1561//1561
f 1561//1561 1580//1580 1563//1563
f 1580//1580 1581//1581 1563//1563
f 1563//1563 1581//1581 1565//1565
f 1581//1581 1582//1582 1565//1565
f 1565//1565 1582//1582 1567//1567
f 1582//1582 1583//1583 1567//1567
f 1567//1567 1583//1583 1569//1569
f 1583//1583 979//979 1569//1569
f 1569//1569 979//979 978//978
f 1069//1069 1067//1067 1571//1571
f 1067//1067 1584//1584 1571//1571
f 1571//1571 1584//1584 1572//1572
f 1584//1584 1585//1585 1572//1572
f 1572//1572 1585//1585 1573//1573
f 1585//1585 1586//1586 1573//1573
f 1573//1573 1586//1586 1574//1574
f 1586//1586 1587//1587 1574//1574
f 1574//1574 1587//1587 1575//1575
f 1587//1587 1588//1588 1575//1575
f 1575//1575 1588//1588 1576//1576
f 1588//1588 1589//1589 1576//1576
f 1576//1576 1589//1589 1577//1577
f 1589//1589 1590//1590 1577//1577
f 1577//1577 1590//1590 1578//1578
f 1590//1590 1591//1591 1578//1578
f 1578//1578 1591//1591 1579//1579
f 1591//1591 1592//1592 1579//1579
f 1579//1579 1592//1592 1580//1580
f 1592//1592 1593//1593 1580//1580
f 1580//1580 1593//1593 1581//1581
f 1593//1593 1594//1594 1581//1581
f 1581//1581 1594//1594 1582//1582
f 1594//1594 1595//1595 1582//1582
f 1582//1582 1595//1595 1583//1583
f 1595//1595 980//980 1583//1583
f 1583//1583 980//980 979//979
f 1067//1067 1065//1065 1584//1584
f 1065//1065 1596//1596 1584//1584
f 1584//1584 1596//1596 1585//1585
f 1596//1596 1597//1597 1585//1585
f 1585//1585 1597//1597 1586//1586
f 1597//1597 1598//1598 1586//1586
f 1586//1586 1598//1598 1587//1587
f 1598//1598 1599//1599 1587//1587
f 1587//1587 1599//1599 1588//1588
f 1599//1599 1600//1600 1588//1588
f 1588//1588 1600//1600 1589//1589
f 1600//1600 1601//1601 1589//1589
f 1589//1589 1601//1601 1590//1590
f 1601//1601 1602//1602 1590//1590
f 1590//1590 1602//1602 1591//1591
f 1602//1602 1603//1603 1591//1591
f 1591//1591 1603//1603 1592//1592
f 1603//1603 1604//1604 1592//1592
f 1592//1592 1604//1604 1593//1593
f 1604//1604 1605//1605 1593//1593
f 1593//1593 1605//1605 1594//1594
f 1605//1605 1606//1606 1594//1594
f 1594//1594 1606//1606 1595//1595
f 1606//1606 981//981 1595//1595
f 1595//1595 981//981 980//980
f 1065//1065 1063//1063 1596//1596
f 1063//1063 1607//1607 1596//1596
f 1596//1596 1607//1607 1597//1597
f 1607//1607 1608//1608 1597//1597
f 1597//1597 1608//1608 1598//1598
f 1608//1608 1609//1609 1598//1598
f 1598//1598 1609//1609 1599//1599
f 1609//1609 1610//1610 1599//1599
f 1599//1599 1610//1610 1600//1600
f 1610//1610 1611//1611 1600//1600
f 1600//1600 1611//1611 1601//1601
f 1611//1611 1612//1612 1601//1601
f 1601//1601 1612//1612 1602//1602
f 1612//1612 1613//1613 1602//1602
f 1602//1602 1613//1613 1603//1603
f 1613//1613 1614//1614 1603//1603
f 1603//1603 1614//1614 1604//1604
f 1614//1614 1615//1615 1604//1604
f 1604//1604 1615//1615 1605//1605
f 1615//1615 1616//1616 1605//1605
f 1605//1605 1616//1616 1606//1606
f 1616//1616 982//982 1606//1606
f 1606//1606 982//982 981//981
f 1063//1063 1061//1061 1607//1607
f 1061//1061 1617//1617 1607//1607
f 1607//1607 1617//1617 1608//1608
f 1617//1617 1618//1618 1608//1608
f 1608//1608 1618//1618 1609//1609
f 1618//1618 1619//1619 1609//1609
f 1609//1609 1619//1619 1610//1610
f 1619//1619 1620//1620 1610//1610
f 1610//1610 1620//1620 1611//1611
f 1620//1620 1621//1621 1611//1611
f 1611//1611 1621//1621 1612//1612
f 1621//1621 1622//1622 1612//1612
f 1612//1612 1622//1622 1613//1613
f 1622//1622 1623//1623 1613//1613
f 1613//1613 1623//1623 1614//1614
f 1623//1623 1624//1624 1614//1614
f 1614//1614 1624//1624 1615//1615
f 1624//1624 1625//1625 1615//1615
f 1615//1615 1625//1625 1616//1616
f 1625//1625 983//983 1616//1616
f 1616//1616 983//983 982//982
f 1061//1061 1059//1059 1617//1617
f 1059//1059 1626//1626 1617//1617
f 1617//1617 1626//1626 1618//1618
f 1626//1626 1627//1627 1618//1618
f 1618//1618 1627//1627 1619//1619
f 1627//1627 1628//1628 1619//1619
f 1619//1619 1628//1628 1620//1620
f 1628//1628 1629//1629 1620//1620
f 1620//1620 1629//1629 1621//1621
f 1629//1629 1630//1630 1621//1621
f 1621//1621 1630//1630 1622//1622
f 1630//1630 1631//1631 1622//1622
f 1622//1622 1631//1631 1623//1623
f 1631//1631 1632//1632 1623//1623
f 1623//1623 1632//1632 1624//1624
f 1632//1632 1633//1633 1624//1624
f 1624//1624 1633//1633 1625//1625
f 1633//1633 984//984 1625//1625
f 1625//1625 984//984 983//983
f 1059//1059 1057//1057 1626//1626
f 1057//1057 1634//1634 1626//1626
f 1626//1626 1634//1634 1627//1627
f 1634//1634 1635//1635 1627//1627
f 1627//1627 1635//1635 1628//1628
f 1635//1635 1636//1636 1628//1628
f 1628//1628 1636//1636 1629//1629
f 1636//1636 1637//1637 1629//1629
f 1629//1629 1637//1637 1630//1630
f 1637//1637 1638//1638 1630//1630
f 1630//1630 1638//1638 1631//1631
f 1638//1638 1639//1639 1631//1631
f 1631//1631 1639//1639 1632//1632
f 1639//1639 1640//1640 1632//1632
f 1632//1632 1640//1640 1633//1633
f 1640//1640 985//985 1633//1633
f 1633//1633 985//985 984//984
f 1057//1057 1055//1055 1634//1634
f 1055//1055 1641//1641 1634//1634
f 1634//1634 1641//1641 1635//1635
f 1641//1641 1642//1642 1635//1635
f 1635//1635 1642//1642 1636//1636
f 1642//1642 1643//1643 1636//1636
f 1636//1636 1643//1643 1637//1637
f 1643//1643 1644//1644 1637//1637
f 1637//1637 1644//1644 1638//1638
f 1644//1644 1645//1645 1638//1638
f 1638//1638 1645//1645 1639//1639
f 1645//1645 1646//1646 1639//1639
f 1639//1639 1646//1646 1640//1640
f 1646//1646 986//986 1640//1640
f 1640//1640 986//986 985//985
f 1055//1055 1053//1053 1641//1641
f 1053//1053 1647//1647 1641//1641
f 1641//1641 1647//1647 1642//1642
f 1647//1647 1648//1648 1642//1642
f 1642//1642 1648//1648 1643//1643
f 1648//1648 1649//1649 1643//1643
f 1643//1643 1649//1649 1644//1644
f 1649//1649 1650//1650 1644//1644
f 1644//1644 1650//1650 1645//1645
f 1650//1650 1651//1651 1645//1645
f 1645//1645 1651//1651 1646//1646
f 1651//1651 987//987 1646//1646
f 1646//1646 987//987 986//986
f 1053//1053 1051//1051 1647//1647
f 1051//1051 1652//1652 1647//1647
f 1647//1647 1652//1652 1648//1648
f 1652//1652 1653//1653 1648//1648
f 1648//1648 1653//1653 1649//1649
f 1653//1653 1654//1654 1649//1649
f 1649//1649 1654//1654 1650//1650
f 1654//1654 1655//1655 1650//1650
f 1650//1650 1655//1655 1651//1651
f 1655//1655 988//988 1651//1651
f 1651//1651 988//988 987//987
f 1051//1051 1049//1049 1652//1652
f 1049//1049 1656//1656 1652//1652
f 1652//1652 1656//1656 1653//1653
f 1656//1656 1657//1657 1653//1653
f 1653//1653 1657//1657 1654//1654
f 1657//1657 1658//1658 1654//1654
f 1654//1654 1658//1658 1655//1655
f 1658//1658 989//989 1655//1655
f 1655//1655 989//989 988//988
f 1049//1049 1005//1005 1656//1656
f 1005//1005 1659//1659 1656//1656
f 1656//1656 1659//1659 1657//1657
f 1659//1659 1660//1660 1657//1657
f 1657//1657 1660//1660 1658//1658
f 1660//1660 990//990 1658//1658
f 1658//1658 990//990 989//989
f 1005//1005 992//992 1659//1659
f 992//992 1660//1660 1659//1659
f 992//992 991//991 1660//1660
f 991//991 990//990 1660//1660
f 401//401 1661//1661 399//399
f 1661//1661 1662//1662 399//399
f 399//399 1662//1662 397//397
f 1662//1662 1663//1663 397//397
f 397//397 1663//1663 395//395
f 1663//1663 1664//1664 395//395
f 395//395 1664//1664 393//393
f 1664//1664 1665//1665 393//393
f 393//393 1665//1665 391//391
f 1665//1665 1666//1666 391//391
f 391//391 1666//1666 389//389
f 1666//1666 1667//1667 389//389
f 389//389 1667//1667 387//387
f 1667//1667 1668//1668 387//387
f 387//387 1668//1668 385//385
f 1668//1668 1669//1669 385//385
f 385//385 1669//1669 383//383
f 1669//1669 1670//1670 383//383
f 383//383 1670//1670 381//381
f 1670//1670 1671//1671 381//381
f 381//381 1671//1671 379//379
f 1671//1671 1672//1672 379//379
f 379//379 1672//1672 377//377
f 1672//1672 1673//1673 377//377
f 377//377 1673//1673 375//375
f 1673//1673 1674//1674 375//375
f 375//375 1674//1674 373//373
f 1674//1674 1675//1675 373//373
f 373//373 1675//1675 371//371
f 1675//1675 1676//1676 371//371
f 371//371 1676//1676 369//369
f 1676//1676 1677//1677 369//369
f 369//369 1677//1677 367//367
f 1677//1677 365//365 367//367
f 1661//1661 1678//1678 1662//1662
f 1678//1678 1679//1679 1662//1662
f 1662//1662 1679//1679 1663//1663
f 1679//1679 1680//1680 1663//1663
f 1663//1663 1680//1680 1664//1664
f 1680//1680 1681//1681 1664//1664
f 1664//1664 1681//1681 1665//1665
f 1681//1681 1682//1682 1665//1665
f 1665//1665 1682//1682 1666//1666
f 1682//1682 1683//1683 1666//1666
f 1666//1666 1683//1683 1667//1667
f 1683//1683 1684//1684 1667//1667
f 1667//1667 1684//1684 1668//1668
f 1684//1684 1685//1685 1668//1668
f 1668//1668 1685//1685 1669//1669
f 1685//1685 1686//1686 1669//1669
f 1669//1669 1686//1686 1670//1670
f 1686//1686 1687//1687 1670//1670
f 1670//1670 1687//1687 1671//1671
f 1687//1687 1688//1688 1671//1671
f 1671//1671 1688//1688 1672//1672
f 1688//1688 1689//1689 1672//1672
f 1672//1672 1689//1689 1673//1673
f 1689//1689 1690//1690 1673//1673
f 1673//1673 1690//1690 1674//1674
f 1690//1690 1691//1691 1674//1674
f 1674//1674 1691//1691 1675//1675
f 1691//1691 1692//1692 1675//1675
f 1675//1675 1692//1692 1676//1676
f 1692//1692 1693//1693 1676//1676
f 1676//1676 1693//1693 1677//1677
f 1693//1693 1694//1694 1677//1677
f 1677//1677 1694//1694 365//365
f 1694//1694 363//363 365//365
f 1686//1686 1695//1695 1687//1687
f 1695//1695 1696//1696 1687//1687
f 1687//1687 1696//1696 1688//1688
f 1696//1696 1697//1697 1688//1688
f 1688//1688 1697//1697 1689//1689
f 1697//1697 1698//1698 1689//1689
f 1689//1689 1698//1698 1690//1690
f 1698//1698 1699//1699 1690//1690
f 1690//1690 1699//1699 1691//1691
f 1699//1699 1700//1700 1691//1691
f 1691//1691 1700//1700 1692//1692
f 1700//1700 1701//1701 1692//1692
f 1692//1692 1701//1701 1693//1693
f 1701//1701 1702//1702 1693//1693
f 1693//1693 1702//1702 1694//1694
f 1702//1702 1703//1703 1694//1694
f 1694//1694 1703//1703 363//363
f 1703//1703 361//361 363//363
f 1695//1695 1704//1704 1696//1696
f 1704//1704 1705//1705 1696//1696
f 1696//1696 1705//1705 1697//1697
f 1705//1705 1706//1706 1697//1697
f 1697//1697 1706//1706 1698//1698
f 1706//1706 1707//1707 1698//1698
f 1698//1698 1707//1707 1699//1699
f 1707//1707 1708//1708 1699//1699
f 1699//1699 1708//1708 1709//1709
f 1708//1708 1710//1710 1709//1709
f 1709//1709 1710//1710 1711//1711
f 1710//1710 1712//1712 1711//1711
f 1711//1711 1712//1712 1713//1713
f 1712//1712 1714//1714 1713//1713
f 1713//1713 1714//1714 1715//1715
f 1714//1714 1716//1716 1715//1715
f 1715//1715 1716//1716 359//359
f 1716//1716 357//357 359//359
f 359//359 361//361 1715//1715
f 361//361 1703//1703 1715//1715
f 1715//1715 1703//1703 1713//1713
f 1703//1703 1702//1702 1713//1713
f 1713//1713 1702//1702 1711//1711
f 1702//1702 1701//1701 1711//1711
f 1711//1711 1701//1701 1709//1709
f 1701//1701 1700//1700 1709//1709
f 1709//1709 1700//1700 1699//1699
f 200//200 305//305 201//201
f 305//305 1717//1717 201//201
f 201//201 1717//1717 202//202
f 1717//1717 1718//1718 202//202
f 202//202 1718//1718 203//203
f 1718//1718 1719//1719 203//203
f 203//203 1719//1719 204//204
f 1719//1719 1720//1720 204//204
f 204//204 1720//1720 205//205
f 1720//1720 1721//1721 205//205
f 205//205 1721//1721 206//206
f 1721//1721 1722//1722 206//206
f 206//206 1722//1722 207//207
f 1722//1722 1723//1723 207//207
f 207//207 1723//1723 208//208
f 1723//1723 1724//1724 208//208
f 208//208 1724//1724 209//209
f 1724//1724 1725//1725 209//209
f 209//209 1725//1725 210//210
f 1725//1725 1726//1726 210//210
f 210//210 1726//1726 1727//1727
f 1726//1726 1728//1728 1727//1727
f 1727//1727 1728//1728 1729//1729
f 1728//1728 1730//1730 1729//1729
f 1729//1729 1730//1730 1731//1731
f 1730//1730 1732//1732 1731//1731
f 1731//1731 1732//1732 1733//1733
f 1732//1732 1734//1734 1733//1733
f 1733//1733 1734//1734 1735//1735
f 1734//1734 1736//1736 1735//1735
f 1735//1735 1736//1736 1737//1737
f 1736//1736 1738//1738 1737//1737
f 1737//1737 1738//1738 1739//1739
f 1738//1738 1740//1740 1739//1739
f 1739//1739 1740//1740 1741//1741
f 1740//1740 1742//1742 1741//1741
f 1741//1741 1742//1742 1743//1743
f 1742//1742 1744//1744 1743//1743
f 1743//1743 1744//1744 1745//1745
f 1744//1744 1746//1746 1745//1745
f 1745//1745 1746//1746 1747//1747
f 1746//1746 1748//1748 1747//1747
f 1747//1747 1748//1748 1749//1749
f 1748//1748 1750//1750 1749//1749
f 1749//1749 1750//1750 1751//1751
f 1750//1750 1752//1752 1751//1751
f 1751//1751 1752//1752 1753//1753
f 1752//1752 1710//1710 1753//1753
f 1753//1753 1710//1710 1754//1754
f 1710//1710 1708//1708 1754//1754
f 1754//1754 1708//1708 1755//1755
f 1708//1708 1707//1707 1755//1755
f 1755//1755 1707//1707 1756//1756
f 1707//1707 1706//1706 1756//1756
f 1756//1756 1706//1706 1757//1757
f 1706//1706 1705//1705 1757//1757
f 1757//1757 1705//1705 1758//1758
f 1705//1705 1704//1704 1758//1758
f 1726//1726 1759//1759 1728//1728
f 1759//1759 1760//1760 1728//1728
f 1728//1728 1760//1760 1730//1730
f 1760//1760 1761//1761 1730//1730
f 1730//1730 1761//1761 1732//1732
f 1761//1761 1762//1762 1732//1732
f 1732//1732 1762//1762 1734//1734
f 1762//1762 1763//1763 1734//1734
f 1734//1734 1763//1763 1736//1736
f 1763//1763 1764//1764 1736//1736
f 1736//1736 1764//1764 1738//1738
f 1764//1764 1765//1765 1738//1738
f 1738//1738 1765//1765 1740//1740
f 1765//1765 1766//1766 1740//1740
f 1740//1740 1766//1766 1742//1742
f 1766//1766 1767//1767 1742//1742
f 1742//1742 1767//1767 1744//1744
f 1767//1767 1768//1768 1744//1744
f 1744//1744 1768//1768 1746//1746
f 1768//1768 1769//1769 1746//1746
f 1746//1746 1769//1769 1748//1748
f 1769//1769 1770//1770 1748//1748
f 1748//1748 1770//1770 1750//1750
f 1770//1770 1771//1771 1750//1750
f 1750//1750 1771//1771 1752//1752
f 1771//1771 1714//1714 1752//1752
f 1752//1752 1714//1714 1712//1712
f 1760//1760 1772//1772 1761//1761
f 1772//1772 1773//1773 1761//1761
f 1761//1761 1773//1773 1762//1762
f 1773//1773 1774//1774 1762//1762
f 1762//1762 1774//1774 1763//1763
f 1774//1774 1775//1775 1763//1763
f 1763//1763 1775//1775 1764//1764
f 1775//1775 1776//1776 1764//1764
f 1764//1764 1776//1776 1765//1765
f 1776//1776 1777//1777 1765//1765
f 1765//1765 1777//1777 1766//1766
f 1777//1777 1778//1778 1766//1766
f 1766//1766 1778//1778 1767//1767
f 1778//1778 1779//1779 1767//1767
f 1767//1767 1779//1779 1768//1768
f 1779//1779 1780//1780 1768//1768
f 1768//1768 1780//1780 1769//1769
f 1780//1780 1781//1781 1769//1769
f 1769//1769 1781//1781 1770//1770
f 1781//1781 1782//1782 1770//1770
f 1770//1770 1782//1782 1771//1771
f 1782//1782 1716//1716 1771//1771
f 1771//1771 1716//1716 1714//1714
f 1772//1772 1783//1783 1773//1773
f 1783//1783 1784//1784 1773//1773
f 1773//1773 1784//1784 1774//1774
f 1784//1784 341//341 1774//1774
f 1774//1774 341//341 1775//1775
f 341//341 343//343 1775//1775
f 1775//1775 343//343 1776//1776
f 343//343 345//345 1776//1776
f 1776//1776 345//345 1777//1777
f 345//345 347//347 1777//1777
f 1777//1777 347//347 1778//1778
f 347//347 349//349 1778//1778
f 1778//1778 349//349 1779//1779
f 349//349 351//351 1779//1779
f 1779//1779 351//351 1780//1780
f 351//351 353//353 1780//1780
f 1780//1780 353//353 1781//1781
f 353//353 355//355 1781//1781
f 1781//1781 355//355 1782//1782
f 355//355 357//357 1782//1782
f 1782//1782 357//357 1716//1716
f 1772//1772 1785//1785 1783//1783
f 1785//1785 1786//1786 1783//1783
f 1783//1783 1786//1786 1784//1784
f 1786//1786 339//339 1784//1784
f 1784//1784 339//339 341//341
f 1785//1785 1772//1772 1787//1787
f 1772//1772 1760//1760 1787//1787
f 1787//1787 1760//1760 1788//1788
f 1760//1760 1759//1759 1788//1788
f 1788//1788 1759//1759 1789//1789
f 1759//1759 1790//1790 1789//1789
f 1789//1789 1790//1790 1791//1791
f 1790//1790 1792//1792 1791//1791
f 1791//1791 1792//1792 1793//1793
f 1792//1792 1724//1724 1793//1793
f 1793//1793 1724//1724 1723//1723
f 1723//1723 1794//1794 1793//1793
f 1794//1794 1795//1795 1793//1793
f 1793//1793 1795//1795 1791//1791
f 1795//1795 1796//1796 1791//1791
f 1791//1791 1796//1796 1789//1789
f 1796//1796 1797//1797 1789//1789
f 1789//1789 1797//1797 1788//1788
f 1797//1797 1798//1798 1788//1788
f 1788//1788 1798//1798 1787//1787
f 1798//1798 1799//1799 1787//1787
f 1787//1787 1799//1799 1785//1785
f 1799//1799 1800//1800 1785//1785
f 1785//1785 1800//1800 1786//1786
f 1800//1800 337//337 1786//1786
f 1786//1786 337//337 339//339
f 1794//1794 1801//1801 1795//1795
f 1801//1801 1802//1802 1795//1795
f 1795//1795 1802//1802 1796//1796
f 1802//1802 1803//1803 1796//1796
f 1796//1796 1803//1803 1797//1797
f 1803//1803 1804//1804 1797//1797
f 1797//1797 1804//1804 1798//1798
f 1804//1804 1805//1805 1798//1798
f 1798//1798 1805//1805 1799//1799
f 1805//1805 1806//1806 1799//1799
f 1799//1799 1806//1806 1800//1800
f 1806//1806 335//335 1800//1800
f 1800//1800 335//335 337//337
f 1801//1801 1807//1807 1802//1802
f 1807//1807 1808//1808 1802//1802
f 1802//1802 1808//1808 1803//1803
f 1808//1808 1809//1809 1803//1803
f 1803//1803 1809//1809 1804//1804
f 1809//1809 1810//1810 1804//1804
f 1804//1804 1810//1810 1805//1805
f 1810//1810 1811//1811 1805//1805
f 1805//1805 1811//1811 1806//1806
f 1811//1811 1812//1812 1806//1806
f 1806//1806 1812//1812 335//335
f 1812//1812 333//333 335//335
f 333//333 1812//1812 1813//1813
f 1812//1812 1811//1811 1813//1813
f 1813//1813 1811//1811 1814//1814
f 1811//1811 1810//1810 1814//1814
f 1814//1814 1810//1810 1815//1815
f 1810//1810 1809//1809 1815//1815
f 1815//1815 1809//1809 1816//1816
f 1809//1809 1808//1808 1816//1816
f 1816//1816 1808//1808 1817//1817
f 1808//1808 1807//1807 1817//1817
f 1817//1817 1807//1807 1818//1818
f 1807//1807 1819//1819 1818//1818
f 1818//1818 1819//1819 1820//1820
f 1819//1819 1821//1821 1820//1820
f 1820//1820 1821//1821 1822//1822
f 1821//1821 1720//1720 1822//1822
f 1822//1822 1720//1720 1719//1719
f 1719//1719 1823//1823 1822//1822
f 1823//1823 1824//1824 1822//1822
f 1822//1822 1824//1824 1820//1820
f 1824//1824 1825//1825 1820//1820
f 1820//1820 1825//1825 1818//1818
f 1825//1825 1826//1826 1818//1818
f 1818//1818 1826//1826 1817//1817
f 1826//1826 1827//1827 1817//1817
f 1817//1817 1827//1827 1816//1816
f 1827//1827 1828//1828 1816//1816
f 1816//1816 1828//1828 1815//1815
f 1828//1828 1829//1829 1815//1815
f 1815//1815 1829//1829 1814//1814
f 1829//1829 1830//1830 1814//1814
f 1814//1814 1830//1830 1813//1813
f 1830//1830 331//331 1813//1813
f 1813//1813 331//331 333//333
f 1823//1823 1831//1831 1824//1824
f 1831//1831 1832//1832 1824//1824
f 1824//1824 1832//1832 1825//1825
f 1832//1832 1833//1833 1825//1825
f 1825//1825 1833//1833 1826//1826
f 1833//1833 1834//1834 1826//1826
f 1826//1826 1834//1834 1827//1827
f 1834//1834 1835//1835 1827//1827
f 1827//1827 1835//1835 1828//1828
f 1835//1835 1836//1836 1828//1828
f 1828//1828 1836//1836 1837//1837
f 1836//1836 323//323 1837//1837
f 1837//1837 323//323 325//325
f 323//323 1836//1836 321//321
f 1836//1836 1835//1835 321//321
f 321//321 1835//1835 319//319
f 1835//1835 1834//1834 319//319
f 319//319 1834//1834 317//317
f 1834//1834 1833//1833 317//317
f 317//317 1833//1833 315//315
f 1833//1833 313//313 315//315
f 1833//1833 1832//1832 313//313
f 1832//1832 311//311 313//313
f 1832//1832 1831//1831 311//311
f 1831//1831 309//309 311//311
f 309//309 1831//1831 1838//1838
f 1831//1831 1823//1823 1838//1838
f 1838//1838 1823//1823 1718//1718
f 1823//1823 1719//1719 1718//1718
f 1718//1718 1717//1717 1838//1838
f 1717//1717 307//307 1838//1838
f 1838//1838 307//307 309//309
f 1759//1759 1726//1726 1790//1790
f 1726//1726 1792//1792 1790//1790
f 1726//1726 1725//1725 1792//1792
f 1725//1725 1724//1724 1792//1792
f 1828//1828 1837//1837 1829//1829
f 1837//1837 1839//1839 1829//1829
f 1829//1829 1839//1839 1830//1830
f 1839//1839 329//329 1830//1830
f 1830//1830 329//329 331//331
f 1837//1837 325//325 1839//1839
f 325//325 327//327 1839//1839
f 1839//1839 327//327 329//329
f 1807//1807 1801//1801 1819//1819
f 1801//1801 1840//1840 1819//1819
f 1819//1819 1840//1840 1821//1821
f 1840//1840 1721//1721 1821//1821
f 1821//1821 1721//1721 1720//1720
f 1721//1721 1840//1840 1722//1722
f 1840//1840 1794//1794 1722//1722
f 1722//1722 1794//1794 1723//1723
f 1758//1758 1841//1841 1757//1757
f 1841//1841 1842//1842 1757//1757
f 1757//1757 1842//1842 1756//1756
f 1842//1842 1843//1843 1756//1756
f 1756//1756 1843//1843 1755//1755
f 1843//1843 1844//1844 1755//1755
f 1755//1755 1844//1844 1754//1754
f 1844//1844 1845//1845 1754//1754
f 1754//1754 1845//1845 1753//1753
f 1845//1845 1751//1751 1753//1753
f 1841//1841 1846//1846 1842//1842
f 1846//1846 1847//1847 1842//1842
f 1842//1842 1847//1847 1843//1843
f 1847//1847 1848//1848 1843//1843
f 1843//1843 1848//1848 1844//1844
f 1848//1848 1849//1849 1844//1844
f 1844//1844 1849//1849 1845//1845
f 1849//1849 1850//1850 1845//1845
f 1845//1845 1850//1850 1751//1751
f 1850//1850 1851//1851 1751//1751
f 1751//1751 1851//1851 1749//1749
f 1851//1851 1852//1852 1749//1749
f 1749//1749 1852//1852 1747//1747
f 1852//1852 1853//1853 1747//1747
f 1747//1747 1853//1853 1745//1745
f 1853//1853 1854//1854 1745//1745
f 1745//1745 1854//1854 1743//1743
f 1854//1854 1855//1855 1743//1743
f 1743//1743 1855//1855 1741//1741
f 1855//1855 1856//1856 1741//1741
f 1741//1741 1856//1856 1739//1739
f 1856//1856 1857//1857 1739//1739
f 1739//1739 1857//1857 1737//1737
f 1857//1857 1858//1858 1737//1737
f 1737//1737 1858//1858 1735//1735
f 1858//1858 1859//1859 1735//1735
f 1735//1735 1859//1859 1733//1733
f 1859//1859 1860//1860 1733//1733
f 1733//1733 1860//1860 1731//1731
f 1860//1860 1861//1861 1731//1731
f 1731//1731 1861//1861 1729//1729
f 1861//1861 1862//1862 1729//1729
f 1729//1729 1862//1862 1727//1727
f 1862//1862 211//211 1727//1727
f 1727//1727 211//211 210//210
f 1846//1846 1863//1863 1847//1847
f 1863//1863 1864//1864 1847//1847
f 1847//1847 1864//1864 1848//1848
f 1864//1864 1865//1865 1848//1848
f 1848//1848 1865//1865 1849//1849
f 1865//1865 1866//1866 1849//1849
f 1849//1849 1866//1866 1850//1850
f 1866//1866 1867//1867 1850//1850
f 1850//1850 1867//1867 1851//1851
f 1867//1867 1868//1868 1851//1851
f 1851//1851 1868//1868 1852//1852
f 1868//1868 1869//1869 1852//1852
f 1852//1852 1869//1869 1853//1853
f 1869//1869 1870//1870 1853//1853
f 1853//1853 1870//1870 1854//1854
f 1870//1870 1871//1871 1854//1854
f 1854//1854 1871//1871 1855//1855
f 1871//1871 1872//1872 1855//1855
f 1855//1855 1872//1872 1856//1856
f 1872//1872 1873//1873 1856//1856
f 1856//1856 1873//1873 1857//1857
f 1873//1873 1874//1874 1857//1857
f 1857//1857 1874//1874 1858//1858
f 1874//1874 1875//1875 1858//1858
f 1858//1858 1875//1875 1859//1859
f 1875//1875 1876//1876 1859//1859
f 1859//1859 1876//1876 1860//1860
f 1876//1876 1877//1877 1860//1860
f 1860//1860 1877//1877 1861//1861
f 1877//1877 1878//1878 1861//1861
f 1861//1861 1878//1878 1862//1862
f 1878//1878 212//212 1862//1862
f 1862//1862 212//212 211//211
f 1870//1870 1879//1879 1871//1871
f 1879//1879 1880//1880 1871//1871
f 1871//1871 1880//1880 1872//1872
f 1880//1880 1881//1881 1872//1872
f 1872//1872 1881//1881 1873//1873
f 1881//1881 1882//1882 1873//1873
f 1873//1873 1882//1882 1874//1874
f 1882//1882 1883//1883 1874//1874
f 1874//1874 1883//1883 1875//1875
f 1883//1883 1884//1884 1875//1875
f 1875//1875 1884//1884 1876//1876
f 1884//1884 1885//1885 1876//1876
f 1876//1876 1885//1885 1877//1877
f 1885//1885 1886//1886 1877//1877
f 1877//1877 1886//1886 1878//1878
f 1886//1886 213//213 1878//1878
f 1878//1878 213//213 212//212
f 1879//1879 1887//1887 1880//1880
f 1887//1887 1888//1888 1880//1880
f 1880//1880 1888//1888 1881//1881
f 1888//1888 1889//1889 1881//1881
f 1881//1881 1889//1889 1882//1882
f 1889//1889 1890//1890 1882//1882
f 1882//1882 1890//1890 1883//1883
f 1890//1890 1891//1891 1883//1883
f 1883//1883 1891//1891 1884//1884
f 1891//1891 1892//1892 1884//1884
f 1884//1884 1892//1892 1885//1885
f 1892//1892 1893//1893 1885//1885
f 1885//1885 1893//1893 1886//1886
f 1893//1893 214//214 1886//1886
f 1886//1886 214//214 213//213
f 1887//1887 1894//1894 1888//1888
f 1894//1894 1895//1895 1888//1888
f 1888//1888 1895//1895 1889//1889
f 1895//1895 1896//1896 1889//1889
f 1889//1889 1896//1896 1890//1890
f 1896//1896 1897//1897 1890//1890
f 1890//1890 1897//1897 1891//1891
f 1897//1897 1898//1898 1891//1891
f 1891//1891 1898//1898 1892//1892
f 1898//1898 1899//1899 1892//1892
f 1892//1892 1899//1899 1893//1893
f 1899//1899 215//215 1893//1893
f 1893//1893 215//215 214//214
f 1894//1894 1887//1887 1900//1900
f 1887//1887 1901//1901 1900//1900
f 1900//1900 1901//1901 1902//1902
f 1901//1901 1903//1903 1902//1902
f 1903//1903 1901//1901 1904//1904
f 1901//1901 1905//1905 1904//1904
f 1904//1904 1905//1905 1906//1906
f 1905//1905 1907//1907 1906//1906
f 1906//1906 1907//1907 1908//1908
f 1907//1907 1909//1909 1908//1908
f 1908//1908 1909//1909 1910//1910
f 1909//1909 1911//1911 1910//1910
f 1910//1910 1911//1911 1912//1912
f 1911//1911 1913//1913 1912//1912
f 1912//1912 1913//1913 1914//1914
f 1913//1913 1865//1865 1914//1914
f 1914//1914 1865//1865 1864//1864
f 1913//1913 1911//1911 1867//1867
f 1911//1911 1909//1909 1867//1867
f 1867//1867 1909//1909 1868//1868
f 1909//1909 1907//1907 1868//1868
f 1868//1868 1907//1907 1869//1869
f 1907//1907 1870//1870 1869//1869
f 1907//1907 1905//1905 1870//1870
f 1905//1905 1879//1879 1870//1870
f 1905//1905 1901//1901 1879//1879
f 1901//1901 1887//1887 1879//1879
f 1867//1867 1866//1866 1913//1913
f 1866//1866 1865//1865 1913//1913
f 1863//1863 1915//1915 1864//1864
f 1915//1915 1914//1914 1864//1864
f 1915//1915 1916//1916 1914//1914
f 1916//1916 1912//1912 1914//1914
f 1916//1916 1917//1917 1912//1912
f 1917//1917 1910//1910 1912//1912
f 1917//1917 1918//1918 1910//1910
f 1918//1918 1908//1908 1910//1910
f 1918//1918 1919//1919 1908//1908
f 1919//1919 1920//1920 1908//1908
f 1908//1908 1920//1920 1906//1906
f 1920//1920 1904//1904 1906//1906
f 1096//1096 1132//1132 1097//1097
f 1132//1132 1134//1134 1097//1097
f 1097//1097 1134//1134 1098//1098
f 1134//1134 1136//1136 1098//1098
f 1098//1098 1136//1136 1099//1099
f 1136//1136 1138//1138 1099//1099
f 1099//1099 1138//1138 1100//1100
f 1138//1138 1140//1140 1100//1100
f 1100//1100 1140//1140 1101//1101
f 1140//1140 1142//1142 1101//1101
f 1101//1101 1142//1142 1102//1102
f 1142//1142 1144//1144 1102//1102
f 1102//1102 1144//1144 1103//1103
f 1144//1144 1146//1146 1103//1103
f 1103//1103 1146//1146 1104//1104
f 1146//1146 1148//1148 1104//1104
f 1104//1104 1148//1148 1105//1105
f 1148//1148 1150//1150 1105//1105
f 1105//1105 1150//1150 1106//1106
f 1150//1150 1152//1152 1106//1106
f 1106//1106 1152//1152 1107//1107
f 1152//1152 1154//1154 1107//1107
f 1107//1107 1154//1154 1108//1108
f 342//342 340//340 693//693
f 340//340 338//338 693//693
f 693//693 338//338 691//691
f 338//338 336//336 691//691
f 691//691 336//336 689//689
f 336//336 334//334 689//689
f 689//689 334//334 1921//1921
f 334//334 332//332 1921//1921
f 1921//1921 332//332 687//687
f 332//332 330//330 687//687
f 687//687 330//330 328//328
f 52//52 131//131 54//54
f 131//131 133//133 54//54
f 54//54 133//133 56//56
f 133//133 135//135 56//56
f 56//56 135//135 58//58
f 135//135 137//137 58//58
f 58//58 137//137 60//60
f 137//137 139//139 60//60
f 60//60 139//139 62//62
f 139//139 141//141 62//62
f 62//62 141//141 64//64
f 141//141 143//143 64//64
f 64//64 143//143 66//66
f 143//143 68//68 66//66
f 1334//1334 1922//1922 1332//1332
f 1922//1922 1923//1923 1332//1332
f 1332//1332 1923//1923 1330//1330
f 1923//1923 1924//1924 1330//1330
f 1330//1330 1924//1924 1328//1328
f 1924//1924 1925//1925 1328//1328
f 1328//1328 1925//1925 1335//1335
f 1925//1925 1926//1926 1335//1335
f 1335//1335 1926//1926 1344//1344
f 1926//1926 1927//1927 1344//1344
f 1344//1344 1927//1927 1353//1353
f 1927//1927 1928//1928 1353//1353
f 1353//1353 1928//1928 1362//1362
f 1928//1928 1929//1929 1362//1362
f 1362//1362 1929//1929 1371//1371
f 1929//1929 1406//1406 1371//1371
f 1371//1371 1406//1406 1380//1380
f 1922//1922 1930//1930 1923//1923
f 1930//1930 1931//1931 1923//1923
f 1923//1923 1931//1931 1924//1924
f 1931//1931 1932//1932 1924//1924
f 1924//1924 1932//1932 1925//1925
f 1932//1932 1933//1933 1925//1925
f 1925//1925 1933//1933 1926//1926
f 1933//1933 1934//1934 1926//1926
f 1926//1926 1934//1934 1927//1927
f 1934//1934 1935//1935 1927//1927
f 1927//1927 1935//1935 1928//1928
f 1935//1935 1936//1936 1928//1928
f 1928//1928 1936//1936 1929//1929
f 1936//1936 1408//1408 1929//1929
f 1929//1929 1408//1408 1406//1406
f 1930//1930 1937//1937 1931//1931
f 1937//1937 1938//1938 1931//1931
f 1931//1931 1938//1938 1932//1932
f 1938//1938 1939//1939 1932//1932
f 1932//1932 1939//1939 1933//1933
f 1939//1939 1940//1940 1933//1933
f 1933//1933 1940//1940 1934//1934
f 1940//1940 1941//1941 1934//1934
f 1934//1934 1941//1941 1935//1935
f 1941//1941 1942//1942 1935//1935
f 1935//1935 1942//1942 1936//1936
f 1942//1942 1410//1410 1936//1936
f 1936//1936 1410//1410 1408//1408
f 368//368 897//897 370//370
f 897//897 1943//1943 370//370
f 370//370 1943//1943 372//372
f 1943//1943 1944//1944 372//372
f 372//372 1944//1944 374//374
f 1944//1944 376//376 374//374
f 897//897 899//899 1943//1943
f 899//899 1945//1945 1943//1943
f 1943//1943 1945//1945 1944//1944
f 1945//1945 1946//1946 1944//1944
f 1944//1944 1946//1946 1947//1947
f 1946//1946 1948//1948 1947//1947
f 1947//1947 1948//1948 1949//1949
f 1948//1948 380//380 1949//1949
f 1949//1949 380//380 378//378
f 899//899 901//901 1945//1945
f 901//901 903//903 1945//1945
f 1945//1945 903//903 1946//1946
f 903//903 905//905 1946//1946
f 1946//1946 905//905 1948//1948
f 905//905 382//382 1948//1948
f 1948//1948 382//382 380//380
f 1944//1944 1947//1947 376//376
f 1947//1947 378//378 376//376
f 1213//1213 1212//1212 1297//1297
f 1212//1212 1272//1272 1297//1297
f 1297//1297 1272//1272 1295//1295
f 1272//1272 1271//1271 1295//1295
f 1295//1295 1271//1271 1293//1293
f 1271//1271 1270//1270 1293//1293
f 1293//1293 1270//1270 1291//1291
f 1270//1270 1269//1269 1291//1291
f 1291//1291 1269//1269 1289//1289
f 1269//1269 1268//1268 1289//1289
f 961//961 959//959 1950//1950
f 959//959 1951//1951 1950//1950
f 1950//1950 1951//1951 1952//1952
f 1951//1951 1953//1953 1952//1952
f 1952//1952 1953//1953 1954//1954
f 1953//1953 1955//1955 1954//1954
f 1954//1954 1955//1955 1956//1956
f 1955//1955 1957//1957 1956//1956
f 959//959 957//957 1951//1951
f 957//957 1958//1958 1951//1951
f 1951//1951 1958//1958 1953//1953
f 1958//1958 1959//1959 1953//1953
f 1953//1953 1959//1959 1955//1955
f 1959//1959 1960//1960 1955//1955
f 1955//1955 1960//1960 1961//1961
f 1960//1960 1962//1962 1961//1961
f 1961//1961 1962//1962 1963//1963
f 1962//1962 1036//1036 1963//1963
f 957//957 955//955 1958//1958
f 955//955 1964//1964 1958//1958
f 1958//1958 1964//1964 1959//1959
f 1964//1964 1965//1965 1959//1959
f 1959//1959 1965//1965 1960//1960
f 1965//1965 1966//1966 1960//1960
f 1960//1960 1966//1966 1967//1967
f 1966//1966 1032//1032 1967//1967
f 1967//1967 1032//1032 1034//1034
f 1960//1960 1967//1967 1962//1962
f 1967//1967 1034//1034 1962//1962
f 1962//1962 1034//1034 1036//1036
f 947//947 1024//1024 949//949
f 1024//1024 1968//1968 949//949
f 949//949 1968//1968 951//951
f 1968//1968 1969//1969 951//951
f 951//951 1969//1969 953//953
f 1969//1969 1964//1964 953//953
f 953//953 1964//1964 955//955
f 1024//1024 1026//1026 1968//1968
f 1026//1026 1970//1970 1968//1968
f 1968//1968 1970//1970 1969//1969
f 1970//1970 1965//1965 1969//1969
f 1969//1969 1965//1965 1964//1964
f 1026//1026 1028//1028 1970//1970
f 1028//1028 1966//1966 1970//1970
f 1970//1970 1966//1966 1965//1965
f 1028//1028 1030//1030 1966//1966
f 1030//1030 1032//1032 1966//1966
f 1963//1963 1957//1957 1961//1961
f 1957//1957 1955//1955 1961//1961
f 13//13 15//15 1971//1971
f 15//15 1972//1972 1971//1971
f 1971//1971 1972//1972 1973//1973
f 1972//1972 1974//1974 1973//1973
f 1973//1973 1974//1974 1975//1975
f 1974//1974 1976//1976 1975//1975
f 1975//1975 1976//1976 1977//1977
f 1976//1976 1978//1978 1977//1977
f 1977//1977 1978//1978 1979//1979
f 1978//1978 1980//1980 1979//1979
f 1979//1979 1980//1980 1981//1981
f 1980//1980 1982//1982 1981//1981
f 1981//1981 1982//1982 1983//1983
f 1982//1982 1984//1984 1983//1983
f 15//15 17//17 1972//1972
f 17//17 1985//1985 1972//1972
f 1972//1972 1985//1985 1974//1974
f 1985//1985 1986//1986 1974//1974
f 1974//1974 1986//1986 1976//1976
f 1986//1986 1987//1987 1976//1976
f 1976//1976 1987//1987 1978//1978
f 1987//1987 1980//1980 1978//1978
f 17//17 19//19 1985//1985
f 19//19 1988//1988 1985//1985
f 1985//1985 1988//1988 1986//1986
f 1988//1988 1989//1989 1986//1986
f 1986//1986 1989//1989 1987//1987
f 1989//1989 1990//1990 1987//1987
f 1987//1987 1990//1990 1980//1980
f 1990//1990 1982//1982 1980//1980
f 1989//1989 1991//1991 1990//1990
f 1991//1991 1992//1992 1990//1990
f 1990//1990 1992//1992 1982//1982
f 1992//1992 1993//1993 1982//1982
f 1982//1982 1993//1993 1984//1984
f 1993//1993 1994//1994 1984//1984
f 1989//1989 1995//1995 1991//1991
f 1995//1995 1996//1996 1991//1991
f 1991//1991 1996//1996 1992//1992
f 1996//1996 1997//1997 1992//1992
f 1992//1992 1997//1997 1993//1993
f 1997//1997 1998//1998 1993//1993
f 1993//1993 1998//1998 1994//1994
f 1998//1998 1999//1999 1994//1994
f 1995//1995 2000//2000 1996//1996
f 2000//2000 2001//2001 1996//1996
f 1996//1996 2001//2001 1997//1997
f 2001//2001 2002//2002 1997//1997
f 1997//1997 2002//2002 1998//1998
f 2002//2002 2003//2003 1998//1998
f 1998//1998 2003//2003 1999//1999
f 2003//2003 2004//2004 1999//1999
f 2000//2000 2005//2005 2001//2001
f 2005//2005 2006//2006 2001//2001
f 2001//2001 2006//2006 2002//2002
f 2006//2006 2007//2007 2002//2002
f 2002//2002 2007//2007 2003//2003
f 2007//2007 2008//2008 2003//2003
f 2003//2003 2008//2008 2004//2004
f 2008//2008 2009//2009 2004//2004
f 2005//2005 2010//2010 2006//2006
f 2010//2010 2011//2011 2006//2006
f 2006//2006 2011//2011 2007//2007
f 2011//2011 2012//2012 2007//2007
f 2007//2007 2012//2012 2008//2008
f 2012//2012 2013//2013 2008//2008
f 2008//2008 2013//2013 2009//2009
f 2013//2013 2014//2014 2009//2009
f 2010//2010 2015//2015 2011//2011
f 2015//2015 2016//2016 2011//2011
f 2011//2011 2016//2016 2012//2012
f 2016//2016 2017//2017 2012//2012
f 2012//2012 2017//2017 2013//2013
f 2017//2017 2018//2018 2013//2013
f 2013//2013 2018//2018 2014//2014
f 2018//2018 2019//2019 2014//2014
f 2015//2015 2020//2020 2016//2016
f 2020//2020 2021//2021 2016//2016
f 2016//2016 2021//2021 2017//2017
f 2021//2021 2022//2022 2017//2017
f 2017//2017 2022//2022 2018//2018
f 2022//2022 2023//2023 2018//2018
f 2018//2018 2023//2023 2019//2019
f 2023//2023 2024//2024 2019//2019
f 2020//2020 2025//2025 2021//2021
f 2025//2025 2026//2026 2021//2021
f 2021//2021 2026//2026 2022//2022
f 2026//2026 2027//2027 2022//2022
f 2022//2022 2027//2027 2023//2023
f 2027//2027 2028//2028 2023//2023
f 2023//2023 2028//2028 2024//2024
f 2028//2028 2029//2029 2024//2024
f 2025//2025 2030//2030 2026//2026
f 2030//2030 2031//2031 2026//2026
f 2026//2026 2031//2031 2027//2027
f 2031//2031 2032//2032 2027//2027
f 2027//2027 2032//2032 2028//2028
f 2032//2032 2033//2033 2028//2028
f 2028//2028 2033//2033 2029//2029
f 2033//2033 2034//2034 2029//2029
f 2030//2030 2035//2035 2031//2031
f 2035//2035 2036//2036 2031//2031
f 2031//2031 2036//2036 2032//2032
f 2036//2036 2037//2037 2032//2032
f 2032//2032 2037//2037 2033//2033
f 2037//2037 2038//2038 2033//2033
f 2033//2033 2038//2038 2034//2034
f 2038//2038 2039//2039 2034//2034
f 2035//2035 2040//2040 2036//2036
f 2040//2040 2041//2041 2036//2036
f 2036//2036 2041//2041 2037//2037
f 2041//2041 2042//2042 2037//2037
f 2037//2037 2042//2042 2038//2038
f 2042//2042 2043//2043 2038//2038
f 2038//2038 2043//2043 2039//2039
f 2043//2043 2044//2044 2039//2039
f 2042//2042 2045//2045 2043//2043
f 2045//2045 2046//2046 2043//2043
f 2043//2043 2046//2046 2044//2044
f 2046//2046 2047//2047 2044//2044
f 2045//2045 2048//2048 2046//2046
f 2048//2048 2049//2049 2046//2046
f 2046//2046 2049//2049 2047//2047
f 2049//2049 2050//2050 2047//2047
f 2045//2045 2051//2051 2048//2048
f 2051//2051 2052//2052 2048//2048
f 2048//2048 2052//2052 2049//2049
f 2052//2052 2053//2053 2049//2049
f 2049//2049 2053//2053 2050//2050
f 2053//2053 2054//2054 2050//2050
f 2051//2051 2045//2045 2055//2055
f 2045//2045 2042//2042 2055//2055
f 2055//2055 2042//2042 2056//2056
f 2042//2042 2041//2041 2056//2056
f 2056//2056 2041//2041 2057//2057
f 2041//2041 2058//2058 2057//2057
f 2057//2057 2058//2058 2059//2059
f 2058//2058 2060//2060 2059//2059
f 2059//2059 2060//2060 2061//2061
f 2060//2060 2062//2062 2061//2061
f 2061//2061 2062//2062 2063//2063
f 2062//2062 2064//2064 2063//2063
f 2063//2063 2064//2064 2065//2065
f 2064//2064 2066//2066 2065//2065
f 2065//2065 2066//2066 2067//2067
f 2066//2066 2068//2068 2067//2067
f 2067//2067 2068//2068 2069//2069
f 2068//2068 2070//2070 2069//2069
f 2069//2069 2070//2070 2071//2071
f 2070//2070 2072//2072 2071//2071
f 2071//2071 2072//2072 2073//2073
f 2072//2072 2074//2074 2073//2073
f 2073//2073 2074//2074 2075//2075
f 2074//2074 2076//2076 2075//2075
f 2075//2075 2076//2076 2077//2077
f 2076//2076 2078//2078 2077//2077
f 2077//2077 2078//2078 2079//2079
f 2078//2078 2080//2080 2079//2079
f 2079//2079 2080//2080 2081//2081
f 2080//2080 2082//2082 2081//2081
f 2081//2081 2082//2082 2083//2083
f 2082//2082 2084//2084 2083//2083
f 2083//2083 2084//2084 2085//2085
f 2084//2084 2086//2086 2085//2085
f 2085//2085 2086//2086 2087//2087
f 2086//2086 2088//2088 2087//2087
f 2087//2087 2088//2088 2089//2089
f 2088//2088 2090//2090 2089//2089
f 2089//2089 2090//2090 2091//2091
f 2090//2090 2092//2092 2091//2091
f 2091//2091 2092//2092 2093//2093
f 2092//2092 2094//2094 2093//2093
f 2093//2093 2094//2094 2095//2095
f 2094//2094 2096//2096 2095//2095
f 2095//2095 2096//2096 2097//2097
f 2096//2096 2098//2098 2097//2097
f 2097//2097 2098//2098 2099//2099
f 2098//2098 2100//2100 2099//2099
f 2099//2099 2100//2100 2101//2101
f 2100//2100 2102//2102 2101//2101
f 2101//2101 2102//2102 2103//2103
f 2102//2102 2104//2104 2103//2103
f 2103//2103 2104//2104 2105//2105
f 2104//2104 2106//2106 2105//2105
f 2105//2105 2106//2106 2107//2107
f 2106//2106 63//63 2107//2107
f 2107//2107 63//63 65//65
f 2055//2055 2056//2056 2108//2108
f 2056//2056 2057//2057 2108//2108
f 2108//2108 2057//2057 2109//2109
f 2057//2057 2059//2059 2109//2109
f 2109//2109 2059//2059 2110//2110
f 2059//2059 2061//2061 2110//2110
f 2110//2110 2061//2061 2111//2111
f 2061//2061 2063//2063 2111//2111
f 2111//2111 2063//2063 2112//2112
f 2063//2063 2065//2065 2112//2112
f 2112//2112 2065//2065 2113//2113
f 2065//2065 2067//2067 2113//2113
f 2113//2113 2067//2067 2114//2114
f 2067//2067 2069//2069 2114//2114
f 2114//2114 2069//2069 2115//2115
f 2069//2069 2071//2071 2115//2115
f 2115//2115 2071//2071 2116//2116
f 2071//2071 2073//2073 2116//2116
f 2116//2116 2073//2073 2117//2117
f 2073//2073 2075//2075 2117//2117
f 2117//2117 2075//2075 2118//2118
f 2075//2075 2077//2077 2118//2118
f 2118//2118 2077//2077 2119//2119
f 2077//2077 2079//2079 2119//2119
f 2119//2119 2079//2079 2120//2120
f 2079//2079 2081//2081 2120//2120
f 2120//2120 2081//2081 2121//2121
f 2081//2081 2083//2083 2121//2121
f 2121//2121 2083//2083 2122//2122
f 2083//2083 2085//2085 2122//2122
f 2122//2122 2085//2085 2123//2123
f 2085//2085 2087//2087 2123//2123
f 2123//2123 2087//2087 2124//2124
f 2087//2087 2125//2125 2124//2124
f 2124//2124 2125//2125 2126//2126
f 2125//2125 2127//2127 2126//2126
f 2126//2126 2127//2127 2128//2128
f 2127//2127 2129//2129 2128//2128
f 2128//2128 2129//2129 2130//2130
f 2129//2129 2131//2131 2130//2130
f 2130//2130 2131//2131 2132//2132
f 2131//2131 2133//2133 2132//2132
f 2132//2132 2133//2133 2134//2134
f 2133//2133 2135//2135 2134//2134
f 2134//2134 2135//2135 2136//2136
f 2135//2135 2137//2137 2136//2136
f 2136//2136 2137//2137 2138//2138
f 2137//2137 67//67 2138//2138
f 2138//2138 67//67 69//69
f 2122//2122 2139//2139 2121//2121
f 2139//2139 2140//2140 2121//2121
f 2121//2121 2140//2140 2120//2120
f 2140//2140 2141//2141 2120//2120
f 2120//2120 2141//2141 2119//2119
f 2141//2141 2142//2142 2119//2119
f 2119//2119 2142//2142 2118//2118
f 2142//2142 2143//2143 2118//2118
f 2118//2118 2143//2143 2117//2117
f 2143//2143 2144//2144 2117//2117
f 2117//2117 2144//2144 2116//2116
f 2144//2144 2145//2145 2116//2116
f 2116//2116 2145//2145 2115//2115
f 2145//2145 2146//2146 2115//2115
f 2115//2115 2146//2146 2114//2114
f 2146//2146 2147//2147 2114//2114
f 2114//2114 2147//2147 2113//2113
f 2147//2147 2148//2148 2113//2113
f 2113//2113 2148//2148 2112//2112
f 2148//2148 2149//2149 2112//2112
f 2112//2112 2149//2149 2111//2111
f 2149//2149 2150//2150 2111//2111
f 2111//2111 2150//2150 2110//2110
f 2150//2150 2151//2151 2110//2110
f 2110//2110 2151//2151 2109//2109
f 2151//2151 2152//2152 2109//2109
f 2109//2109 2152//2152 2108//2108
f 2152//2152 2153//2153 2108//2108
f 2108//2108 2153//2153 2055//2055
f 2153//2153 2051//2051 2055//2055
f 2139//2139 2154//2154 2140//2140
f 2154//2154 2155//2155 2140//2140
f 2140//2140 2155//2155 2141//2141
f 2155//2155 2156//2156 2141//2141
f 2141//2141 2156//2156 2142//2142
f 2156//2156 2157//2157 2142//2142
f 2142//2142 2157//2157 2143//2143
f 2157//2157 2158//2158 2143//2143
f 2143//2143 2158//2158 2144//2144
f 2158//2158 2159//2159 2144//2144
f 2144//2144 2159//2159 2145//2145
f 2159//2159 2160//2160 2145//2145
f 2145//2145 2160//2160 2146//2146
f 2160//2160 2161//2161 2146//2146
f 2146//2146 2161//2161 2147//2147
f 2161//2161 2162//2162 2147//2147
f 2147//2147 2162//2162 2148//2148
f 2162//2162 2163//2163 2148//2148
f 2148//2148 2163//2163 2149//2149
f 2163//2163 2164//2164 2149//2149
f 2149//2149 2164//2164 2150//2150
f 2164//2164 2165//2165 2150//2150
f 2150//2150 2165//2165 2151//2151
f 2165//2165 2166//2166 2151//2151
f 2151//2151 2166//2166 2152//2152
f 2166//2166 2167//2167 2152//2152
f 2152//2152 2167//2167 2153//2153
f 2167//2167 2168//2168 2153//2153
f 2153//2153 2168//2168 2051//2051
f 2168//2168 2169//2169 2051//2051
f 2051//2051 2169//2169 2052//2052
f 2169//2169 2170//2170 2052//2052
f 2052//2052 2170//2170 2053//2053
f 2170//2170 2171//2171 2053//2053
f 2053//2053 2171//2171 2054//2054
f 2171//2171 2172//2172 2054//2054
f 2154//2154 2173//2173 2155//2155
f 2173//2173 2174//2174 2155//2155
f 2155//2155 2174//2174 2156//2156
f 2174//2174 2175//2175 2156//2156
f 2156//2156 2175//2175 2157//2157
f 2175//2175 2176//2176 2157//2157
f 2157//2157 2176//2176 2158//2158
f 2176//2176 2177//2177 2158//2158
f 2158//2158 2177//2177 2159//2159
f 2177//2177 2178//2178 2159//2159
f 2159//2159 2178//2178 2160//2160
f 2178//2178 2179//2179 2160//2160
f 2160//2160 2179//2179 2161//2161
f 2179//2179 2180//2180 2161//2161
f 2161//2161 2180//2180 2162//2162
f 2180//2180 2181//2181 2162//2162
f 2162//2162 2181//2181 2163//2163
f 2181//2181 2182//2182 2163//2163
f 2163//2163 2182//2182 2164//2164
f 2182//2182 2183//2183 2164//2164
f 2164//2164 2183//2183 2165//2165
f 2183//2183 2184//2184 2165//2165
f 2165//2165 2184//2184 2166//2166
f 2184//2184 2185//2185 2166//2166
f 2166//2166 2185//2185 2167//2167
f 2185//2185 2186//2186 2167//2167
f 2167//2167 2186//2186 2187//2187
f 2186//2186 2188//2188 2187//2187
f 2187//2187 2188//2188 2189//2189
f 2188//2188 2190//2190 2189//2189
f 2189//2189 2190//2190 2191//2191
f 2190//2190 2192//2192 2191//2191
f 2191//2191 2192//2192 2193//2193
f 2192//2192 2194//2194 2193//2193
f 2193//2193 2194//2194 2195//2195
f 2194//2194 2196//2196 2195//2195
f 2173//2173 2197//2197 2174//2174
f 2197//2197 2198//2198 2174//2174
f 2174//2174 2198//2198 2175//2175
f 2198//2198 2199//2199 2175//2175
f 2175//2175 2199//2199 2176//2176
f 2199//2199 2200//2200 2176//2176
f 2176//2176 2200//2200 2177//2177
f 2200//2200 2201//2201 2177//2177
f 2177//2177 2201//2201 2178//2178
f 2201//2201 2202//2202 2178//2178
f 2178//2178 2202//2202 2179//2179
f 2202//2202 2203//2203 2179//2179
f 2179//2179 2203//2203 2180//2180
f 2203//2203 2204//2204 2180//2180
f 2180//2180 2204//2204 2181//2181
f 2204//2204 2205//2205 2181//2181
f 2181//2181 2205//2205 2182//2182
f 2205//2205 2206//2206 2182//2182
f 2182//2182 2206//2206 2183//2183
f 2206//2206 2207//2207 2183//2183
f 2183//2183 2207//2207 2184//2184
f 2207//2207 2208//2208 2184//2184
f 2184//2184 2208//2208 2185//2185
f 2208//2208 2209//2209 2185//2185
f 2185//2185 2209//2209 2186//2186
f 2209//2209 2210//2210 2186//2186
f 2186//2186 2210//2210 2188//2188
f 2210//2210 2211//2211 2188//2188
f 2188//2188 2211//2211 2190//2190
f 2211//2211 2212//2212 2190//2190
f 2190//2190 2212//2212 2192//2192
f 2212//2212 2213//2213 2192//2192
f 2192//2192 2213//2213 2194//2194
f 2213//2213 2214//2214 2194//2194
f 2194//2194 2214//2214 2196//2196
f 2197//2197 2215//2215 2198//2198
f 2215//2215 2216//2216 2198//2198
f 2198//2198 2216//2216 2199//2199
f 2216//2216 2217//2217 2199//2199
f 2199//2199 2217//2217 2200//2200
f 2217//2217 2218//2218 2200//2200
f 2200//2200 2218//2218 2201//2201
f 2218//2218 2219//2219 2201//2201
f 2201//2201 2219//2219 2202//2202
f 2219//2219 2220//2220 2202//2202
f 2202//2202 2220//2220 2203//2203
f 2220//2220 2221//2221 2203//2203
f 2203//2203 2221//2221 2204//2204
f 2221//2221 2222//2222 2204//2204
f 2204//2204 2222//2222 2205//2205
f 2222//2222 2223//2223 2205//2205
f 2205//2205 2223//2223 2206//2206
f 2223//2223 2224//2224 2206//2206
f 2206//2206 2224//2224 2207//2207
f 2224//2224 2225//2225 2207//2207
f 2207//2207 2225//2225 2208//2208
f 2225//2225 2226//2226 2208//2208
f 2208//2208 2226//2226 2209//2209
f 2226//2226 2227//2227 2209//2209
f 2209//2209 2227//2227 2210//2210
f 2227//2227 2228//2228 2210//2210
f 2210//2210 2228//2228 2211//2211
f 2228//2228 2229//2229 2211//2211
f 2211//2211 2229//2229 2212//2212
f 2229//2229 2230//2230 2212//2212
f 2212//2212 2230//2230 2213//2213
f 2230//2230 2231//2231 2213//2213
f 2213//2213 2231//2231 2214//2214
f 2215//2215 2232//2232 2216//2216
f 2232//2232 2233//2233 2216//2216
f 2216//2216 2233//2233 2217//2217
f 2233//2233 2234//2234 2217//2217
f 2217//2217 2234//2234 2218//2218
f 2234//2234 2235//2235 2218//2218
f 2218//2218 2235//2235 2219//2219
f 2235//2235 2236//2236 2219//2219
f 2219//2219 2236//2236 2220//2220
f 2236//2236 2237//2237 2220//2220
f 2220//2220 2237//2237 2221//2221
f 2237//2237 2238//2238 2221//2221
f 2221//2221 2238//2238 2222//2222
f 2238//2238 2239//2239 2222//2222
f 2222//2222 2239//2239 2223//2223
f 2239//2239 2240//2240 2223//2223
f 2223//2223 2240//2240 2224//2224
f 2240//2240 2241//2241 2224//2224
f 2224//2224 2241//2241 2225//2225
f 2241//2241 2242//2242 2225//2225
f 2225//2225 2242//2242 2226//2226
f 2242//2242 2243//2243 2226//2226
f 2226//2226 2243//2243 2227//2227
f 2243//2243 2244//2244 2227//2227
f 2227//2227 2244//2244 2228//2228
f 2244//2244 2245//2245 2228//2228
f 2228//2228 2245//2245 2229//2229
f 2245//2245 2246//2246 2229//2229
f 2229//2229 2246//2246 2230//2230
f 2246//2246 2247//2247 2230//2230
f 2230//2230 2247//2247 2231//2231
f 2232//2232 2248//2248 2233//2233
f 2248//2248 2249//2249 2233//2233
f 2233//2233 2249//2249 2234//2234
f 2249//2249 2250//2250 2234//2234
f 2234//2234 2250//2250 2235//2235
f 2250//2250 2251//2251 2235//2235
f 2235//2235 2251//2251 2236//2236
f 2251//2251 2252//2252 2236//2236
f 2236//2236 2252//2252 2237//2237
f 2252//2252 2253//2253 2237//2237
f 2237//2237 2253//2253 2238//2238
f 2253//2253 2254//2254 2238//2238
f 2238//2238 2254//2254 2239//2239
f 2254//2254 2255//2255 2239//2239
f 2239//2239 2255//2255 2240//2240
f 2255//2255 2256//2256 2240//2240
f 2240//2240 2256//2256 2241//2241
f 2256//2256 2257//2257 2241//2241
f 2241//2241 2257//2257 2242//2242
f 2257//2257 2258//2258 2242//2242
f 2242//2242 2258//2258 2243//2243
f 2258//2258 2259//2259 2243//2243
f 2243//2243 2259//2259 2244//2244
f 2259//2259 2260//2260 2244//2244
f 2244//2244 2260//2260 2245//2245
f 2260//2260 2261//2261 2245//2245
f 2245//2245 2261//2261 2246//2246
f 2261//2261 2262//2262 2246//2246
f 2246//2246 2262//2262 2247//2247
f 2248//2248 2263//2263 2249//2249
f 2263//2263 2264//2264 2249//2249
f 2249//2249 2264//2264 2250//2250
f 2264//2264 2265//2265 2250//2250
f 2250//2250 2265//2265 2251//2251
f 2265//2265 2266//2266 2251//2251
f 2251//2251 2266//2266 2252//2252
f 2266//2266 2267//2267 2252//2252
f 2252//2252 2267//2267 2253//2253
f 2267//2267 2268//2268 2253//2253
f 2253//2253 2268//2268 2254//2254
f 2268//2268 2269//2269 2254//2254
f 2254//2254 2269//2269 2255//2255
f 2269//2269 2270//2270 2255//2255
f 2255//2255 2270//2270 2256//2256
f 2270//2270 2271//2271 2256//2256
f 2256//2256 2271//2271 2257//2257
f 2271//2271 2272//2272 2257//2257
f 2257//2257 2272//2272 2258//2258
f 2272//2272 2273//2273 2258//2258
f 2258//2258 2273//2273 2259//2259
f 2273//2273 2274//2274 2259//2259
f 2259//2259 2274//2274 2260//2260
f 2274//2274 2275//2275 2260//2260
f 2260//2260 2275//2275 2276//2276
f 2260//2260 2276//2276 2261//2261
f 2276//2276 2262//2262 2261//2261
f 2263//2263 2248//2248 2277//2277
f 2248//2248 2278//2278 2277//2277
f 2277//2277 2278//2278 2279//2279
f 2278//2278 2280//2280 2279//2279
f 2279//2279 2280//2280 2281//2281
f 2280//2280 2282//2282 2281//2281
f 2281//2281 2282//2282 2283//2283
f 2282//2282 2284//2284 2283//2283
f 2283//2283 2284//2284 2285//2285
f 2284//2284 2286//2286 2285//2285
f 2285//2285 2286//2286 2287//2287
f 2286//2286 2288//2288 2287//2287
f 2287//2287 2288//2288 2289//2289
f 2288//2288 2290//2290 2289//2289
f 2289//2289 2290//2290 2291//2291
f 2290//2290 2292//2292 2291//2291
f 2291//2291 2292//2292 2293//2293
f 2292//2292 2294//2294 2293//2293
f 2293//2293 2294//2294 2295//2295
f 2294//2294 2296//2296 2295//2295
f 2295//2295 2296//2296 2297//2297
f 2296//2296 2298//2298 2297//2297
f 2297//2297 2298//2298 2299//2299
f 2298//2298 2300//2300 2299//2299
f 2299//2299 2300//2300 2301//2301
f 2300//2300 2302//2302 2301//2301
f 2301//2301 2302//2302 2303//2303
f 2302//2302 2304//2304 2303//2303
f 2303//2303 2304//2304 2305//2305
f 2304//2304 2306//2306 2305//2305
f 2305//2305 2306//2306 2307//2307
f 2306//2306 2308//2308 2307//2307
f 2307//2307 2308//2308 2309//2309
f 2308//2308 2310//2310 2309//2309
f 2309//2309 2310//2310 2311//2311
f 2310//2310 85//85 2311//2311
f 2311//2311 85//85 87//87
f 2248//2248 2232//2232 2278//2278
f 2232//2232 2312//2312 2278//2278
f 2278//2278 2312//2312 2280//2280
f 2312//2312 2313//2313 2280//2280
f 2280//2280 2313//2313 2282//2282
f 2313//2313 2314//2314 2282//2282
f 2282//2282 2314//2314 2284//2284
f 2314//2314 2315//2315 2284//2284
f 2284//2284 2315//2315 2286//2286
f 2315//2315 2316//2316 2286//2286
f 2286//2286 2316//2316 2288//2288
f 2316//2316 2317//2317 2288//2288
f 2288//2288 2317//2317 2290//2290
f 2317//2317 2318//2318 2290//2290
f 2290//2290 2318//2318 2292//2292
f 2318//2318 2319//2319 2292//2292
f 2292//2292 2319//2319 2294//2294
f 2319//2319 2320//2320 2294//2294
f 2294//2294 2320//2320 2296//2296
f 2320//2320 2321//2321 2296//2296
f 2296//2296 2321//2321 2298//2298
f 2321//2321 2322//2322 2298//2298
f 2298//2298 2322//2322 2300//2300
f 2322//2322 2323//2323 2300//2300
f 2300//2300 2323//2323 2302//2302
f 2323//2323 2324//2324 2302//2302
f 2302//2302 2324//2324 2304//2304
f 2324//2324 2325//2325 2304//2304
f 2304//2304 2325//2325 2306//2306
f 2325//2325 2326//2326 2306//2306
f 2306//2306 2326//2326 2308//2308
f 2326//2326 2327//2327 2308//2308
f 2308//2308 2327//2327 2310//2310
f 2327//2327 83//83 2310//2310
f 2310//2310 83//83 85//85
f 2232//2232 2215//2215 2312//2312
f 2215//2215 2328//2328 2312//2312
f 2312//2312 2328//2328 2313//2313
f 2328//2328 2329//2329 2313//2313
f 2313//2313 2329//2329 2314//2314
f 2329//2329 2330//2330 2314//2314
f 2314//2314 2330//2330 2315//2315
f 2330//2330 2331//2331 2315//2315
f 2315//2315 2331//2331 2316//2316
f 2331//2331 2332//2332 2316//2316
f 2316//2316 2332//2332 2317//2317
f 2332//2332 2333//2333 2317//2317
f 2317//2317 2333//2333 2318//2318
f 2333//2333 2334//2334 2318//2318
f 2318//2318 2334//2334 2319//2319
f 2334//2334 2335//2335 2319//2319
f 2319//2319 2335//2335 2320//2320
f 2335//2335 2336//2336 2320//2320
f 2320//2320 2336//2336 2321//2321
f 2336//2336 2337//2337 2321//2321
f 2321//2321 2337//2337 2322//2322
f 2337//2337 2338//2338 2322//2322
f 2322//2322 2338//2338 2323//2323
f 2338//2338 2339//2339 2323//2323
f 2323//2323 2339//2339 2324//2324
f 2339//2339 2340//2340 2324//2324
f 2324//2324 2340//2340 2325//2325
f 2340//2340 2341//2341 2325//2325
f 2325//2325 2341//2341 2326//2326
f 2341//2341 2342//2342 2326//2326
f 2326//2326 2342//2342 2327//2327
f 2342//2342 81//81 2327//2327
f 2327//2327 81//81 83//83
f 2333//2333 2343//2343 2334//2334
f 2343//2343 2344//2344 2334//2334
f 2334//2334 2344//2344 2335//2335
f 2344//2344 2345//2345 2335//2335
f 2335//2335 2345//2345 2336//2336
f 2345//2345 2346//2346 2336//2336
f 2336//2336 2346//2346 2337//2337
f 2346//2346 2347//2347 2337//2337
f 2337//2337 2347//2347 2338//2338
f 2347//2347 2348//2348 2338//2338
f 2338//2338 2348//2348 2339//2339
f 2348//2348 2349//2349 2339//2339
f 2339//2339 2349//2349 2340//2340
f 2349//2349 2350//2350 2340//2340
f 2340//2340 2350//2350 2341//2341
f 2350//2350 2351//2351 2341//2341
f 2341//2341 2351//2351 2342//2342
f 2351//2351 79//79 2342//2342
f 2342//2342 79//79 81//81
f 2343//2343 2352//2352 2344//2344
f 2352//2352 2353//2353 2344//2344
f 2344//2344 2353//2353 2345//2345
f 2353//2353 2354//2354 2345//2345
f 2345//2345 2354//2354 2346//2346
f 2354//2354 2355//2355 2346//2346
f 2346//2346 2355//2355 2347//2347
f 2355//2355 2356//2356 2347//2347
f 2347//2347 2356//2356 2348//2348
f 2356//2356 2357//2357 2348//2348
f 2348//2348 2357//2357 2349//2349
f 2357//2357 2358//2358 2349//2349
f 2349//2349 2358//2358 2350//2350
f 2358//2358 2359//2359 2350//2350
f 2350//2350 2359//2359 2351//2351
f 2359//2359 77//77 2351//2351
f 2351//2351 77//77 79//79
f 2352//2352 2360//2360 2353//2353
f 2360//2360 2361//2361 2353//2353
f 2353//2353 2361//2361 2354//2354
f 2361//2361 2362//2362 2354//2354
f 2354//2354 2362//2362 2355//2355
f 2362//2362 2363//2363 2355//2355
f 2355//2355 2363//2363 2356//2356
f 2363//2363 2364//2364 2356//2356
f 2356//2356 2364//2364 2357//2357
f 2364//2364 2365//2365 2357//2357
f 2357//2357 2365//2365 2358//2358
f 2365//2365 2366//2366 2358//2358
f 2358//2358 2366//2366 2359//2359
f 2366//2366 75//75 2359//2359
f 2359//2359 75//75 77//77
f 2360//2360 2367//2367 2361//2361
f 2367//2367 2368//2368 2361//2361
f 2361//2361 2368//2368 2362//2362
f 2368//2368 2369//2369 2362//2362
f 2362//2362 2369//2369 2363//2363
f 2369//2369 2370//2370 2363//2363
f 2363//2363 2370//2370 2364//2364
f 2370//2370 2371//2371 2364//2364
f 2364//2364 2371//2371 2365//2365
f 2371//2371 2372//2372 2365//2365
f 2365//2365 2372//2372 2366//2366
f 2372//2372 73//73 2366//2366
f 2366//2366 73//73 75//75
f 2367//2367 2360//2360 2373//2373
f 2360//2360 2374//2374 2373//2373
f 2373//2373 2374//2374 2375//2375
f 2374//2374 2376//2376 2375//2375
f 2375//2375 2376//2376 2377//2377
f 2376//2376 2330//2330 2377//2377
f 2377//2377 2330//2330 2378//2378
f 2330//2330 2329//2329 2378//2378
f 2378//2378 2329//2329 2379//2379
f 2329//2329 2328//2328 2379//2379
f 2379//2379 2328//2328 2197//2197
f 2328//2328 2215//2215 2197//2197
f 2377//2377 2380//2380 2375//2375
f 2380//2380 2381//2381 2375//2375
f 2375//2375 2381//2381 2373//2373
f 2381//2381 2382//2382 2373//2373
f 2373//2373 2382//2382 2367//2367
f 2382//2382 2383//2383 2367//2367
f 2367//2367 2383//2383 2368//2368
f 2383//2383 2384//2384 2368//2368
f 2368//2368 2384//2384 2369//2369
f 2384//2384 2385//2385 2369//2369
f 2369//2369 2385//2385 2370//2370
f 2385//2385 2386//2386 2370//2370
f 2370//2370 2386//2386 2371//2371
f 2386//2386 2387//2387 2371//2371
f 2371//2371 2387//2387 2372//2372
f 2387//2387 71//71 2372//2372
f 2372//2372 71//71 73//73
f 2383//2383 2132//2132 2384//2384
f 2132//2132 2134//2134 2384//2384
f 2384//2384 2134//2134 2385//2385
f 2134//2134 2136//2136 2385//2385
f 2385//2385 2136//2136 2386//2386
f 2136//2136 2138//2138 2386//2386
f 2386//2386 2138//2138 2387//2387
f 2138//2138 69//69 2387//2387
f 2387//2387 69//69 71//71
f 2132//2132 2383//2383 2130//2130
f 2383//2383 2388//2388 2130//2130
f 2130//2130 2388//2388 2128//2128
f 2388//2388 2389//2389 2128//2128
f 2128//2128 2389//2389 2126//2126
f 2389//2389 2390//2390 2126//2126
f 2126//2126 2390//2390 2124//2124
f 2390//2390 2391//2391 2124//2124
f 2124//2124 2391//2391 2123//2123
f 2391//2391 2392//2392 2123//2123
f 2123//2123 2392//2392 2122//2122
f 2392//2392 2393//2393 2122//2122
f 2122//2122 2393//2393 2139//2139
f 2393//2393 2394//2394 2139//2139
f 2139//2139 2394//2394 2154//2154
f 2394//2394 2395//2395 2154//2154
f 2154//2154 2395//2395 2173//2173
f 2395//2395 2379//2379 2173//2173
f 2173//2173 2379//2379 2197//2197
f 2379//2379 2395//2395 2378//2378
f 2395//2395 2396//2396 2378//2378
f 2378//2378 2396//2396 2380//2380
f 2396//2396 2397//2397 2380//2380
f 2380//2380 2397//2397 2381//2381
f 2397//2397 2398//2398 2381//2381
f 2381//2381 2398//2398 2382//2382
f 2398//2398 2388//2388 2382//2382
f 2382//2382 2388//2388 2383//2383
f 2395//2395 2394//2394 2396//2396
f 2394//2394 2399//2399 2396//2396
f 2396//2396 2399//2399 2397//2397
f 2399//2399 2400//2400 2397//2397
f 2397//2397 2400//2400 2398//2398
f 2400//2400 2389//2389 2398//2398
f 2398//2398 2389//2389 2388//2388
f 2394//2394 2393//2393 2399//2399
f 2393//2393 2401//2401 2399//2399
f 2399//2399 2401//2401 2400//2400
f 2401//2401 2391//2391 2400//2400
f 2400//2400 2391//2391 2390//2390
f 2391//2391 2401//2401 2392//2392
f 2401//2401 2393//2393 2392//2392
f 2333//2333 2332//2332 2343//2343
f 2332//2332 2402//2402 2343//2343
f 2343//2343 2402//2402 2352//2352
f 2402//2402 2374//2374 2352//2352
f 2352//2352 2374//2374 2360//2360
f 2374//2374 2402//2402 2376//2376
f 2402//2402 2331//2331 2376//2376
f 2376//2376 2331//2331 2330//2330
f 2086//2086 2084//2084 2088//2088
f 2084//2084 2403//2403 2088//2088
f 2088//2088 2403//2403 2090//2090
f 2403//2403 2404//2404 2090//2090
f 2090//2090 2404//2404 2092//2092
f 2404//2404 2405//2405 2092//2092
f 2092//2092 2405//2405 2094//2094
f 2405//2405 2406//2406 2094//2094
f 2094//2094 2406//2406 2407//2407
f 2406//2406 2408//2408 2407//2407
f 2407//2407 2408//2408 2409//2409
f 2408//2408 2410//2410 2409//2409
f 2409//2409 2410//2410 2411//2411
f 2410//2410 2412//2412 2411//2411
f 2411//2411 2412//2412 2413//2413
f 2412//2412 2414//2414 2413//2413
f 2413//2413 2414//2414 2415//2415
f 2414//2414 2416//2416 2415//2415
f 2415//2415 2416//2416 49//49
f 2416//2416 47//47 49//49
f 2403//2403 2084//2084 2417//2417
f 2084//2084 2082//2082 2417//2417
f 2417//2417 2082//2082 2418//2418
f 2082//2082 2080//2080 2418//2418
f 2418//2418 2080//2080 2419//2419
f 2080//2080 2078//2078 2419//2419
f 2419//2419 2078//2078 2420//2420
f 2078//2078 2076//2076 2420//2420
f 2420//2420 2076//2076 2421//2421
f 2076//2076 2074//2074 2421//2421
f 2421//2421 2074//2074 2422//2422
f 2074//2074 2072//2072 2422//2422
f 2422//2422 2072//2072 2423//2423
f 2072//2072 2070//2070 2423//2423
f 2423//2423 2070//2070 2424//2424
f 2070//2070 2068//2068 2424//2424
f 2424//2424 2068//2068 2425//2425
f 2068//2068 2066//2066 2425//2425
f 2425//2425 2066//2066 2426//2426
f 2066//2066 2064//2064 2426//2426
f 2426//2426 2064//2064 2427//2427
f 2064//2064 2062//2062 2427//2427
f 2427//2427 2062//2062 2428//2428
f 2062//2062 2060//2060 2428//2428
f 2428//2428 2060//2060 2040//2040
f 2060//2060 2058//2058 2040//2040
f 2040//2040 2058//2058 2041//2041
f 2040//2040 2035//2035 2428//2428
f 2035//2035 2429//2429 2428//2428
f 2428//2428 2429//2429 2427//2427
f 2429//2429 2430//2430 2427//2427
f 2427//2427 2430//2430 2426//2426
f 2430//2430 2431//2431 2426//2426
f 2426//2426 2431//2431 2425//2425
f 2431//2431 2432//2432 2425//2425
f 2425//2425 2432//2432 2424//2424
f 2432//2432 2433//2433 2424//2424
f 2424//2424 2433//2433 2423//2423
f 2433//2433 2434//2434 2423//2423
f 2423//2423 2434//2434 2422//2422
f 2434//2434 2435//2435 2422//2422
f 2422//2422 2435//2435 2421//2421
f 2435//2435 2436//2436 2421//2421
f 2421//2421 2436//2436 2420//2420
f 2436//2436 2437//2437 2420//2420
f 2420//2420 2437//2437 2419//2419
f 2437//2437 2438//2438 2419//2419
f 2419//2419 2438//2438 2418//2418
f 2438//2438 2439//2439 2418//2418
f 2418//2418 2439//2439 2417//2417
f 2439//2439 2440//2440 2417//2417
f 2417//2417 2440//2440 2404//2404
f 2440//2440 2405//2405 2404//2404
f 2429//2429 2441//2441 2430//2430
f 2441//2441 2442//2442 2430//2430
f 2430//2430 2442//2442 2431//2431
f 2442//2442 2443//2443 2431//2431
f 2431//2431 2443//2443 2432//2432
f 2443//2443 2444//2444 2432//2432
f 2432//2432 2444//2444 2433//2433
f 2444//2444 2445//2445 2433//2433
f 2433//2433 2445//2445 2434//2434
f 2445//2445 2446//2446 2434//2434
f 2434//2434 2446//2446 2435//2435
f 2446//2446 2447//2447 2435//2435
f 2435//2435 2447//2447 2436//2436
f 2447//2447 2448//2448 2436//2436
f 2436//2436 2448//2448 2437//2437
f 2448//2448 2449//2449 2437//2437
f 2437//2437 2449//2449 2438//2438
f 2449//2449 2450//2450 2438//2438
f 2438//2438 2450//2450 2439//2439
f 2450//2450 2451//2451 2439//2439
f 2439//2439 2451//2451 2440//2440
f 2451//2451 2452//2452 2440//2440
f 2440//2440 2452//2452 2405//2405
f 2452//2452 2406//2406 2405//2405
f 2429//2429 2035//2035 2441//2441
f 2035//2035 2030//2030 2441//2441
f 2441//2441 2030//2030 2453//2453
f 2030//2030 2025//2025 2453//2453
f 2453//2453 2025//2025 2454//2454
f 2025//2025 2020//2020 2454//2454
f 2454//2454 2020//2020 2455//2455
f 2020//2020 2015//2015 2455//2455
f 2455//2455 2015//2015 2456//2456
f 2015//2015 2010//2010 2456//2456
f 2456//2456 2010//2010 2457//2457
f 2010//2010 2005//2005 2457//2457
f 2457//2457 2005//2005 2458//2458
f 2005//2005 2000//2000 2458//2458
f 2458//2458 2000//2000 2459//2459
f 2000//2000 1995//1995 2459//2459
f 2459//2459 1995//1995 2460//2460
f 1995//1995 1989//1989 2460//2460
f 2460//2460 1989//1989 1988//1988
f 2441//2441 2453//2453 2442//2442
f 2453//2453 2461//2461 2442//2442
f 2442//2442 2461//2461 2443//2443
f 2461//2461 2462//2462 2443//2443
f 2443//2443 2462//2462 2444//2444
f 2462//2462 2463//2463 2444//2444
f 2444//2444 2463//2463 2445//2445
f 2463//2463 2464//2464 2445//2445
f 2445//2445 2464//2464 2446//2446
f 2464//2464 2465//2465 2446//2446
f 2446//2446 2465//2465 2447//2447
f 2465//2465 2466//2466 2447//2447
f 2447//2447 2466//2466 2448//2448
f 2466//2466 2467//2467 2448//2448
f 2448//2448 2467//2467 2449//2449
f 2467//2467 2468//2468 2449//2449
f 2449//2449 2468//2468 2450//2450
f 2468//2468 2469//2469 2450//2450
f 2450//2450 2469//2469 2451//2451
f 2469//2469 2470//2470 2451//2451
f 2451//2451 2470//2470 2471//2471
f 2470//2470 2472//2472 2471//2471
f 2471//2471 2472//2472 2408//2408
f 2472//2472 2410//2410 2408//2408
f 2453//2453 2454//2454 2461//2461
f 2454//2454 2473//2473 2461//2461
f 2461//2461 2473//2473 2462//2462
f 2473//2473 2474//2474 2462//2462
f 2462//2462 2474//2474 2463//2463
f 2474//2474 2475//2475 2463//2463
f 2463//2463 2475//2475 2464//2464
f 2475//2475 2476//2476 2464//2464
f 2464//2464 2476//2476 2465//2465
f 2476//2476 2477//2477 2465//2465
f 2465//2465 2477//2477 2466//2466
f 2477//2477 2478//2478 2466//2466
f 2466//2466 2478//2478 2467//2467
f 2478//2478 2479//2479 2467//2467
f 2467//2467 2479//2479 2468//2468
f 2479//2479 2480//2480 2468//2468
f 2468//2468 2480//2480 2469//2469
f 2480//2480 2481//2481 2469//2469
f 2469//2469 2481//2481 2470//2470
f 2481//2481 2482//2482 2470//2470
f 2470//2470 2482//2482 2472//2472
f 2482//2482 2483//2483 2472//2472
f 2472//2472 2483//2483 2410//2410
f 2483//2483 2412//2412 2410//2410
f 2473//2473 2484//2484 2474//2474
f 2484//2484 2485//2485 2474//2474
f 2474//2474 2485//2485 2475//2475
f 2485//2485 2486//2486 2475//2475
f 2475//2475 2486//2486 2476//2476
f 2486//2486 2487//2487 2476//2476
f 2476//2476 2487//2487 2477//2477
f 2487//2487 2488//2488 2477//2477
f 2477//2477 2488//2488 2478//2478
f 2488//2488 2489//2489 2478//2478
f 2478//2478 2489//2489 2479//2479
f 2489//2489 2490//2490 2479//2479
f 2479//2479 2490//2490 2480//2480
f 2490//2490 2491//2491 2480//2480
f 2480//2480 2491//2491 2481//2481
f 2491//2491 2492//2492 2481//2481
f 2481//2481 2492//2492 2493//2493
f 2492//2492 2494//2494 2493//2493
f 2493//2493 2494//2494 2495//2495
f 2494//2494 2496//2496 2495//2495
f 2495//2495 2496//2496 2414//2414
f 2496//2496 2416//2416 2414//2414
f 2473//2473 2454//2454 2484//2484
f 2454//2454 2455//2455 2484//2484
f 2484//2484 2455//2455 2497//2497
f 2455//2455 2456//2456 2497//2497
f 2497//2497 2456//2456 2498//2498
f 2456//2456 2457//2457 2498//2498
f 2498//2498 2457//2457 2499//2499
f 2457//2457 2458//2458 2499//2499
f 2499//2499 2458//2458 25//25
f 2458//2458 2459//2459 25//25
f 25//25 2459//2459 23//23
f 2459//2459 2460//2460 23//23
f 23//23 2460//2460 21//21
f 2460//2460 1988//1988 21//21
f 21//21 1988//1988 19//19
f 2484//2484 2497//2497 2485//2485
f 2497//2497 2500//2500 2485//2485
f 2485//2485 2500//2500 2486//2486
f 2500//2500 2501//2501 2486//2486
f 2486//2486 2501//2501 2487//2487
f 2501//2501 2502//2502 2487//2487
f 2487//2487 2502//2502 2488//2488
f 2502//2502 2503//2503 2488//2488
f 2488//2488 2503//2503 2489//2489
f 2503//2503 2504//2504 2489//2489
f 2489//2489 2504//2504 2490//2490
f 2504//2504 2505//2505 2490//2490
f 2490//2490 2505//2505 2491//2491
f 2505//2505 2506//2506 2491//2491
f 2491//2491 2506//2506 2507//2507
f 2506//2506 2508//2508 2507//2507
f 2507//2507 2508//2508 2509//2509
f 2508//2508 2510//2510 2509//2509
f 2509//2509 2510//2510 2511//2511
f 2510//2510 45//45 2511//2511
f 2511//2511 45//45 47//47
f 47//47 2416//2416 2511//2511
f 2416//2416 2496//2496 2511//2511
f 2511//2511 2496//2496 2509//2509
f 2496//2496 2494//2494 2509//2509
f 2509//2509 2494//2494 2507//2507
f 2494//2494 2492//2492 2507//2507
f 2507//2507 2492//2492 2491//2491
f 2094//2094 2407//2407 2096//2096
f 2407//2407 2512//2512 2096//2096
f 2096//2096 2512//2512 2098//2098
f 2512//2512 2513//2513 2098//2098
f 2098//2098 2513//2513 2100//2100
f 2513//2513 2514//2514 2100//2100
f 2100//2100 2514//2514 2102//2102
f 2514//2514 2515//2515 2102//2102
f 2102//2102 2515//2515 2104//2104
f 2515//2515 2516//2516 2104//2104
f 2104//2104 2516//2516 2106//2106
f 2516//2516 61//61 2106//2106
f 2106//2106 61//61 63//63
f 2407//2407 2409//2409 2512//2512
f 2409//2409 2517//2517 2512//2512
f 2512//2512 2517//2517 2513//2513
f 2517//2517 2518//2518 2513//2513
f 2513//2513 2518//2518 2514//2514
f 2518//2518 2519//2519 2514//2514
f 2514//2514 2519//2519 2515//2515
f 2519//2519 2520//2520 2515//2515
f 2515//2515 2520//2520 2516//2516
f 2520//2520 59//59 2516//2516
f 2516//2516 59//59 61//61
f 2409//2409 2411//2411 2517//2517
f 2411//2411 2521//2521 2517//2517
f 2517//2517 2521//2521 2518//2518
f 2521//2521 2522//2522 2518//2518
f 2518//2518 2522//2522 2519//2519
f 2522//2522 2523//2523 2519//2519
f 2519//2519 2523//2523 2520//2520
f 2523//2523 57//57 2520//2520
f 2520//2520 57//57 59//59
f 2523//2523 2522//2522 2524//2524
f 2522//2522 2521//2521 2524//2524
f 2524//2524 2521//2521 2525//2525
f 2521//2521 2413//2413 2525//2525
f 2525//2525 2413//2413 2415//2415
f 2415//2415 51//51 2525//2525
f 51//51 53//53 2525//2525
f 2525//2525 53//53 2524//2524
f 53//53 55//55 2524//2524
f 2524//2524 55//55 2523//2523
f 55//55 57//57 2523//2523
f 2414//2414 2412//2412 2495//2495
f 2412//2412 2483//2483 2495//2495
f 2495//2495 2483//2483 2493//2493
f 2483//2483 2482//2482 2493//2493
f 2493//2493 2482//2482 2481//2481
f 2497//2497 2498//2498 2500//2500
f 2498//2498 2526//2526 2500//2500
f 2500//2500 2526//2526 2501//2501
f 2526//2526 2527//2527 2501//2501
f 2501//2501 2527//2527 2502//2502
f 2527//2527 2528//2528 2502//2502
f 2502//2502 2528//2528 2503//2503
f 2528//2528 2529//2529 2503//2503
f 2503//2503 2529//2529 2504//2504
f 2529//2529 2530//2530 2504//2504
f 2504//2504 2530//2530 2505//2505
f 2530//2530 2531//2531 2505//2505
f 2505//2505 2531//2531 2532//2532
f 2531//2531 2533//2533 2532//2532
f 2532//2532 2533//2533 2534//2534
f 2533//2533 41//41 2534//2534
f 2534//2534 41//41 43//43
f 43//43 2510//2510 2534//2534
f 2510//2510 2508//2508 2534//2534
f 2534//2534 2508//2508 2532//2532
f 2508//2508 2506//2506 2532//2532
f 2532//2532 2506//2506 2505//2505
f 2408//2408 2406//2406 2471//2471
f 2406//2406 2452//2452 2471//2471
f 2471//2471 2452//2452 2451//2451
f 41//41 2533//2533 39//39
f 2533//2533 2535//2535 39//39
f 39//39 2535//2535 37//37
f 2535//2535 2536//2536 37//37
f 37//37 2536//2536 35//35
f 2536//2536 2537//2537 35//35
f 35//35 2537//2537 33//33
f 2537//2537 2538//2538 33//33
f 33//33 2538//2538 31//31
f 2538//2538 2539//2539 31//31
f 31//31 2539//2539 29//29
f 2539//2539 27//27 29//29
f 2537//2537 2529//2529 2538//2538
f 2529//2529 2528//2528 2538//2538
f 2538//2538 2528//2528 2539//2539
f 2528//2528 2527//2527 2539//2539
f 2539//2539 2527//2527 2540//2540
f 2527//2527 2526//2526 2540//2540
f 2540//2540 2526//2526 2499//2499
f 2526//2526 2498//2498 2499//2499
f 2499//2499 25//25 2540//2540
f 25//25 27//27 2540//2540
f 2540//2540 27//27 2539//2539
f 2533//2533 2531//2531 2535//2535
f 2531//2531 2530//2530 2535//2535
f 2535//2535 2530//2530 2536//2536
f 2530//2530 2529//2529 2536//2536
f 2536//2536 2529//2529 2537//2537
f 2087//2087 2089//2089 2125//2125
f 2089//2089 2541//2541 2125//2125
f 2125//2125 2541//2541 2127//2127
f 2541//2541 2542//2542 2127//2127
f 2127//2127 2542//2542 2129//2129
f 2542//2542 2543//2543 2129//2129
f 2129//2129 2543//2543 2131//2131
f 2543//2543 2544//2544 2131//2131
f 2131//2131 2544//2544 2133//2133
f 2544//2544 2545//2545 2133//2133
f 2133//2133 2545//2545 2135//2135
f 2545//2545 2546//2546 2135//2135
f 2135//2135 2546//2546 2137//2137
f 2546//2546 2547//2547 2137//2137
f 2137//2137 2547//2547 67//67
f 2547//2547 65//65 67//67
f 2089//2089 2091//2091 2541//2541
f 2091//2091 2548//2548 2541//2541
f 2541//2541 2548//2548 2542//2542
f 2548//2548 2549//2549 2542//2542
f 2542//2542 2549//2549 2543//2543
f 2549//2549 2550//2550 2543//2543
f 2543//2543 2550//2550 2544//2544
f 2550//2550 2551//2551 2544//2544
f 2544//2544 2551//2551 2545//2545
f 2551//2551 2552//2552 2545//2545
f 2545//2545 2552//2552 2546//2546
f 2552//2552 2553//2553 2546//2546
f 2546//2546 2553//2553 2547//2547
f 2553//2553 2107//2107 2547//2547
f 2547//2547 2107//2107 65//65
f 2091//2091 2093//2093 2548//2548
f 2093//2093 2554//2554 2548//2548
f 2548//2548 2554//2554 2549//2549
f 2554//2554 2555//2555 2549//2549
f 2549//2549 2555//2555 2550//2550
f 2555//2555 2556//2556 2550//2550
f 2550//2550 2556//2556 2551//2551
f 2556//2556 2557//2557 2551//2551
f 2551//2551 2557//2557 2552//2552
f 2557//2557 2558//2558 2552//2552
f 2552//2552 2558//2558 2553//2553
f 2558//2558 2105//2105 2553//2553
f 2553//2553 2105//2105 2107//2107
f 2105//2105 2558//2558 2103//2103
f 2558//2558 2557//2557 2103//2103
f 2103//2103 2557//2557 2101//2101
f 2557//2557 2556//2556 2101//2101
f 2101//2101 2556//2556 2099//2099
f 2556//2556 2555//2555 2099//2099
f 2099//2099 2555//2555 2097//2097
f 2555//2555 2554//2554 2097//2097
f 2097//2097 2554//2554 2095//2095
f 2554//2554 2093//2093 2095//2095
f 2195//2195 2559//2559 2193//2193
f 2559//2559 2560//2560 2193//2193
f 2193//2193 2560//2560 2191//2191
f 2560//2560 2561//2561 2191//2191
f 2191//2191 2561//2561 2189//2189
f 2561//2561 2562//2562 2189//2189
f 2189//2189 2562//2562 2187//2187
f 2562//2562 2168//2168 2187//2187
f 2187//2187 2168//2168 2167//2167
f 2559//2559 2172//2172 2560//2560
f 2172//2172 2171//2171 2560//2560
f 2560//2560 2171//2171 2561//2561
f 2171//2171 2170//2170 2561//2561
f 2561//2561 2170//2170 2562//2562
f 2170//2170 2169//2169 2562//2562
f 2562//2562 2169//2169 2168//2168
f 1411//1411 2563//2563 1412//1412
f 2563//2563 2564//2564 1412//1412
f 1412//1412 2564//2564 1425//1425
f 2564//2564 2565//2565 1425//1425
f 1425//1425 2565//2565 1438//1438
f 2565//2565 2566//2566 1438//1438
f 1438//1438 2566//2566 1451//1451
f 2566//2566 2567//2567 1451//1451
f 1451//1451 2567//2567 1464//1464
f 2567//2567 1489//1489 1464//1464
f 2563//2563 2568//2568 2564//2564
f 2568//2568 2569//2569 2564//2564
f 2564//2564 2569//2569 2565//2565
f 2569//2569 2570//2570 2565//2565
f 2565//2565 2570//2570 2566//2566
f 2570//2570 2571//2571 2566//2566
f 2566//2566 2571//2571 2572//2572
f 2571//2571 2573//2573 2572//2572
f 2572//2572 2573//2573 2574//2574
f 2573//2573 2575//2575 2574//2574
f 2574//2574 2575//2575 1491//1491
f 2568//2568 2576//2576 2569//2569
f 2576//2576 2577//2577 2569//2569
f 2569//2569 2577//2577 2570//2570
f 2577//2577 2578//2578 2570//2570
f 2570//2570 2578//2578 2571//2571
f 2578//2578 2579//2579 2571//2571
f 2571//2571 2579//2579 2573//2573
f 2579//2579 2580//2580 2573//2573
f 2573//2573 2580//2580 2575//2575
f 2576//2576 2581//2581 2577//2577
f 2581//2581 2582//2582 2577//2577
f 2577//2577 2582//2582 2578//2578
f 2582//2582 2583//2583 2578//2578
f 2578//2578 2583//2583 2579//2579
f 2583//2583 2584//2584 2579//2579
f 2579//2579 2584//2584 2580//2580
f 1491//1491 1489//1489 2574//2574
f 1489//1489 2567//2567 2574//2574
f 2574//2574 2567//2567 2572//2572
f 2567//2567 2566//2566 2572//2572
f 2585//2585 2586//2586 2587//2587
f 2586//2586 2588//2588 2587//2587
f 2587//2587 2588//2588 2589//2589
f 2588//2588 2590//2590 2589//2589
f 2589//2589 2590//2590 2591//2591
f 2590//2590 2592//2592 2591//2591
f 2591//2591 2592//2592 2593//2593
f 2592//2592 2594//2594 2593//2593
f 2593//2593 2594//2594 2595//2595
f 2594//2594 2596//2596 2595//2595
f 2595//2595 2596//2596 2597//2597
f 2596//2596 2598//2598 2597//2597
f 2597//2597 2598//2598 2599//2599
f 2598//2598 2600//2600 2599//2599
f 2599//2599 2600//2600 2601//2601
f 2600//2600 2602//2602 2601//2601
f 2601//2601 2602//2602 2603//2603
f 2602//2602 2604//2604 2603//2603
f 2603//2603 2604//2604 2605//2605
f 2604//2604 2606//2606 2605//2605
f 2586//2586 2607//2607 2588//2588
f 2607//2607 2608//2608 2588//2588
f 2588//2588 2608//2608 2590//2590
f 2608//2608 2609//2609 2590//2590
f 2590//2590 2609//2609 2592//2592
f 2609//2609 2610//2610 2592//2592
f 2592//2592 2610//2610 2594//2594
f 2610//2610 2611//2611 2594//2594
f 2594//2594 2611//2611 2596//2596
f 2611//2611 2612//2612 2596//2596
f 2596//2596 2612//2612 2598//2598
f 2612//2612 2613//2613 2598//2598
f 2598//2598 2613//2613 2600//2600
f 2613//2613 2614//2614 2600//2600
f 2600//2600 2614//2614 2602//2602
f 2614//2614 2615//2615 2602//2602
f 2602//2602 2615//2615 2604//2604
f 2615//2615 2616//2616 2604//2604
f 2604//2604 2616//2616 2606//2606
f 2616//2616 2617//2617 2606//2606
f 2607//2607 2618//2618 2608//2608
f 2618//2618 2619//2619 2608//2608
f 2608//2608 2619//2619 2609//2609
f 2619//2619 2620//2620 2609//2609
f 2609//2609 2620//2620 2610//2610
f 2620//2620 2621//2621 2610//2610
f 2610//2610 2621//2621 2611//2611
f 2621//2621 2622//2622 2611//2611
f 2611//2611 2622//2622 2612//2612
f 2622//2622 2623//2623 2612//2612
f 2612//2612 2623//2623 2613//2613
f 2623//2623 2624//2624 2613//2613
f 2613//2613 2624//2624 2614//2614
f 2624//2624 2625//2625 2614//2614
f 2614//2614 2625//2625 2615//2615
f 2625//2625 2626//2626 2615//2615
f 2615//2615 2626//2626 2616//2616
f 2626//2626 2627//2627 2616//2616
f 2616//2616 2627//2627 2617//2617
f 2627//2627 2628//2628 2617//2617
f 2617//2617 2628//2628 2629//2629
f 2628//2628 2630//2630 2629//2629
f 2629//2629 2630//2630 2631//2631
f 2630//2630 2632//2632 2631//2631
f 2631//2631 2632//2632 2633//2633
f 2632//2632 2634//2634 2633//2633
f 2633//2633 2634//2634 2635//2635
f 2634//2634 2636//2636 2635//2635
f 2635//2635 2636//2636 2637//2637
f 2636//2636 2638//2638 2637//2637
f 2637//2637 2638//2638 2639//2639
f 2638//2638 2640//2640 2639//2639
f 2639//2639 2640//2640 2641//2641
f 2640//2640 2642//2642 2641//2641
f 2641//2641 2642//2642 2643//2643
f 2642//2642 2644//2644 2643//2643
f 2643//2643 2644//2644 2645//2645
f 2644//2644 2646//2646 2645//2645
f 2645//2645 2646//2646 2647//2647
f 2646//2646 2648//2648 2647//2647
f 2636//2636 2634//2634 2649//2649
f 2634//2634 2632//2632 2649//2649
f 2649//2649 2632//2632 2650//2650
f 2632//2632 2630//2630 2650//2650
f 2650//2650 2630//2630 2651//2651
f 2630//2630 2628//2628 2651//2651
f 2651//2651 2628//2628 2652//2652
f 2628//2628 2627//2627 2652//2652
f 2652//2652 2627//2627 2653//2653
f 2627//2627 2626//2626 2653//2653
f 2653//2653 2626//2626 2654//2654
f 2626//2626 2625//2625 2654//2654
f 2654//2654 2625//2625 2655//2655
f 2625//2625 2624//2624 2655//2655
f 2655//2655 2624//2624 2656//2656
f 2624//2624 2623//2623 2656//2656
f 2656//2656 2623//2623 2657//2657
f 2623//2623 2622//2622 2657//2657
f 2657//2657 2622//2622 2658//2658
f 2622//2622 2659//2659 2658//2658
f 2658//2658 2659//2659 2660//2660
f 2659//2659 2661//2661 2660//2660
f 2660//2660 2661//2661 2662//2662
f 2661//2661 2663//2663 2662//2662
f 2662//2662 2663//2663 2664//2664
f 2663//2663 2620//2620 2664//2664
f 2664//2664 2620//2620 2619//2619
f 2649//2649 2650//2650 2665//2665
f 2650//2650 2651//2651 2665//2665
f 2665//2665 2651//2651 2666//2666
f 2651//2651 2652//2652 2666//2666
f 2666//2666 2652//2652 2667//2667
f 2652//2652 2653//2653 2667//2667
f 2667//2667 2653//2653 2668//2668
f 2653//2653 2654//2654 2668//2668
f 2668//2668 2654//2654 2669//2669
f 2654//2654 2655//2655 2669//2669
f 2669//2669 2655//2655 2670//2670
f 2655//2655 2656//2656 2670//2670
f 2670//2670 2656//2656 2671//2671
f 2656//2656 2657//2657 2671//2671
f 2671//2671 2657//2657 2658//2658
f 2665//2665 2666//2666 2672//2672
f 2666//2666 2667//2667 2672//2672
f 2672//2672 2667//2667 2673//2673
f 2667//2667 2668//2668 2673//2673
f 2673//2673 2668//2668 2674//2674
f 2668//2668 2669//2669 2674//2674
f 2674//2674 2669//2669 2675//2675
f 2669//2669 2670//2670 2675//2675
f 2675//2675 2670//2670 2676//2676
f 2670//2670 2671//2671 2676//2676
f 2676//2676 2671//2671 2677//2677
f 2671//2671 2658//2658 2677//2677
f 2677//2677 2658//2658 2660//2660
f 2673//2673 2674//2674 2678//2678
f 2674//2674 2675//2675 2678//2678
f 2678//2678 2675//2675 2679//2679
f 2675//2675 2676//2676 2679//2679
f 2679//2679 2676//2676 2680//2680
f 2676//2676 2677//2677 2680//2680
f 2680//2680 2677//2677 2681//2681
f 2677//2677 2660//2660 2681//2681
f 2681//2681 2660//2660 2682//2682
f 2660//2660 2683//2683 2682//2682
f 2682//2682 2683//2683 2684//2684
f 2683//2683 2685//2685 2684//2684
f 2684//2684 2685//2685 2686//2686
f 2685//2685 2687//2687 2686//2686
f 2686//2686 2687//2687 2688//2688
f 2687//2687 2689//2689 2688//2688
f 2688//2688 2689//2689 2690//2690
f 2689//2689 2691//2691 2690//2690
f 2690//2690 2691//2691 2692//2692
f 2691//2691 2693//2693 2692//2692
f 2692//2692 2693//2693 2694//2694
f 2693//2693 2695//2695 2694//2694
f 2694//2694 2695//2695 2696//2696
f 2695//2695 2697//2697 2696//2696
f 2696//2696 2697//2697 2698//2698
f 2697//2697 2699//2699 2698//2698
f 2698//2698 2699//2699 2700//2700
f 2699//2699 2701//2701 2700//2700
f 2700//2700 2701//2701 2702//2702
f 2701//2701 2703//2703 2702//2702
f 2702//2702 2704//2704 2700//2700
f 2704//2704 2705//2705 2700//2700
f 2700//2700 2705//2705 2698//2698
f 2705//2705 2706//2706 2698//2698
f 2698//2698 2706//2706 2696//2696
f 2706//2706 2707//2707 2696//2696
f 2696//2696 2707//2707 2694//2694
f 2707//2707 2708//2708 2694//2694
f 2694//2694 2708//2708 2692//2692
f 2708//2708 2709//2709 2692//2692
f 2692//2692 2709//2709 2690//2690
f 2709//2709 2710//2710 2690//2690
f 2690//2690 2710//2710 2688//2688
f 2710//2710 2711//2711 2688//2688
f 2688//2688 2711//2711 2686//2686
f 2711//2711 2712//2712 2686//2686
f 2686//2686 2712//2712 2684//2684
f 2712//2712 2713//2713 2684//2684
f 2684//2684 2713//2713 2682//2682
f 2713//2713 2714//2714 2682//2682
f 2682//2682 2714//2714 2681//2681
f 2714//2714 2715//2715 2681//2681
f 2681//2681 2715//2715 2680//2680
f 2715//2715 2716//2716 2680//2680
f 2680//2680 2716//2716 2679//2679
f 2716//2716 2717//2717 2679//2679
f 2679//2679 2717//2717 2678//2678
f 2717//2717 2718//2718 2678//2678
f 2678//2678 2718//2718 2719//2719
f 2718//2718 2720//2720 2719//2719
f 2719//2719 2720//2720 2672//2672
f 2720//2720 2721//2721 2672//2672
f 2672//2672 2721//2721 2665//2665
f 2721//2721 2722//2722 2665//2665
f 2665//2665 2722//2722 2649//2649
f 2722//2722 2723//2723 2649//2649
f 2649//2649 2723//2723 2636//2636
f 2723//2723 2638//2638 2636//2636
f 2707//2707 2724//2724 2708//2708
f 2724//2724 2725//2725 2708//2708
f 2708//2708 2725//2725 2709//2709
f 2725//2725 2726//2726 2709//2709
f 2709//2709 2726//2726 2710//2710
f 2726//2726 2727//2727 2710//2710
f 2710//2710 2727//2727 2711//2711
f 2727//2727 2728//2728 2711//2711
f 2711//2711 2728//2728 2712//2712
f 2728//2728 2729//2729 2712//2712
f 2712//2712 2729//2729 2713//2713
f 2729//2729 2730//2730 2713//2713
f 2713//2713 2730//2730 2714//2714
f 2730//2730 2731//2731 2714//2714
f 2714//2714 2731//2731 2715//2715
f 2731//2731 2732//2732 2715//2715
f 2715//2715 2732//2732 2716//2716
f 2732//2732 2733//2733 2716//2716
f 2716//2716 2733//2733 2717//2717
f 2733//2733 2734//2734 2717//2717
f 2717//2717 2734//2734 2718//2718
f 2734//2734 2735//2735 2718//2718
f 2718//2718 2735//2735 2736//2736
f 2735//2735 2737//2737 2736//2736
f 2736//2736 2737//2737 2738//2738
f 2737//2737 2739//2739 2738//2738
f 2738//2738 2739//2739 2740//2740
f 2739//2739 2741//2741 2740//2740
f 2740//2740 2741//2741 2742//2742
f 2741//2741 2743//2743 2742//2742
f 2742//2742 2743//2743 2744//2744
f 2743//2743 2745//2745 2744//2744
f 2744//2744 2745//2745 2746//2746
f 2745//2745 2747//2747 2746//2746
f 2746//2746 2747//2747 2748//2748
f 2747//2747 2749//2749 2748//2748
f 2748//2748 2749//2749 2750//2750
f 2749//2749 2751//2751 2750//2750
f 2750//2750 2751//2751 2752//2752
f 2751//2751 2753//2753 2752//2752
f 2752//2752 2753//2753 2754//2754
f 2753//2753 2755//2755 2754//2754
f 2754//2754 2755//2755 2756//2756
f 2755//2755 2757//2757 2756//2756
f 2756//2756 2757//2757 2758//2758
f 2757//2757 2759//2759 2758//2758
f 2758//2758 2759//2759 103//103
f 2759//2759 2760//2760 103//103
f 103//103 2760//2760 101//101
f 2760//2760 2761//2761 101//101
f 101//101 2761//2761 99//99
f 2761//2761 2762//2762 99//99
f 99//99 2762//2762 97//97
f 2762//2762 2763//2763 97//97
f 97//97 2763//2763 95//95
f 2763//2763 2764//2764 95//95
f 95//95 2764//2764 93//93
f 2764//2764 91//91 93//93
f 2724//2724 2765//2765 2725//2725
f 2765//2765 2766//2766 2725//2725
f 2725//2725 2766//2766 2726//2726
f 2766//2766 2767//2767 2726//2726
f 2726//2726 2767//2767 2727//2727
f 2767//2767 2768//2768 2727//2727
f 2727//2727 2768//2768 2728//2728
f 2768//2768 2769//2769 2728//2728
f 2728//2728 2769//2769 2729//2729
f 2769//2769 2770//2770 2729//2729
f 2729//2729 2770//2770 2730//2730
f 2770//2770 2771//2771 2730//2730
f 2730//2730 2771//2771 2731//2731
f 2771//2771 2772//2772 2731//2731
f 2731//2731 2772//2772 2732//2732
f 2772//2772 2773//2773 2732//2732
f 2732//2732 2773//2773 2733//2733
f 2773//2773 2774//2774 2733//2733
f 2733//2733 2774//2774 2734//2734
f 2774//2774 2775//2775 2734//2734
f 2734//2734 2775//2775 2735//2735
f 2775//2775 2776//2776 2735//2735
f 2735//2735 2776//2776 2737//2737
f 2776//2776 2777//2777 2737//2737
f 2737//2737 2777//2777 2778//2778
f 2777//2777 2779//2779 2778//2778
f 2778//2778 2779//2779 2780//2780
f 2779//2779 2781//2781 2780//2780
f 2780//2780 2781//2781 2782//2782
f 2781//2781 2783//2783 2782//2782
f 2782//2782 2783//2783 2784//2784
f 2783//2783 2785//2785 2784//2784
f 2784//2784 2785//2785 2786//2786
f 2785//2785 2787//2787 2786//2786
f 2786//2786 2787//2787 2788//2788
f 2787//2787 2789//2789 2788//2788
f 2788//2788 2789//2789 2790//2790
f 2789//2789 2791//2791 2790//2790
f 2790//2790 2791//2791 2792//2792
f 2791//2791 2793//2793 2792//2792
f 2792//2792 2793//2793 2794//2794
f 2793//2793 2795//2795 2794//2794
f 2794//2794 2795//2795 2796//2796
f 2795//2795 2797//2797 2796//2796
f 2796//2796 2797//2797 2798//2798
f 2797//2797 2799//2799 2798//2798
f 2798//2798 2799//2799 2800//2800
f 2799//2799 2801//2801 2800//2800
f 2800//2800 2801//2801 2802//2802
f 2801//2801 2803//2803 2802//2802
f 2802//2802 2803//2803 2804//2804
f 2803//2803 2805//2805 2804//2804
f 2804//2804 2805//2805 2806//2806
f 2805//2805 2807//2807 2806//2806
f 2806//2806 2807//2807 2808//2808
f 2807//2807 2809//2809 2808//2808
f 2808//2808 2809//2809 2810//2810
f 2809//2809 2811//2811 2810//2810
f 2810//2810 2811//2811 2812//2812
f 2811//2811 2305//2305 2812//2812
f 2812//2812 2305//2305 2307//2307
f 2737//2737 2778//2778 2739//2739
f 2778//2778 2780//2780 2739//2739
f 2739//2739 2780//2780 2741//2741
f 2780//2780 2782//2782 2741//2741
f 2741//2741 2782//2782 2743//2743
f 2782//2782 2784//2784 2743//2743
f 2743//2743 2784//2784 2745//2745
f 2784//2784 2786//2786 2745//2745
f 2745//2745 2786//2786 2747//2747
f 2786//2786 2788//2788 2747//2747
f 2747//2747 2788//2788 2749//2749
f 2788//2788 2790//2790 2749//2749
f 2749//2749 2790//2790 2751//2751
f 2790//2790 2792//2792 2751//2751
f 2751//2751 2792//2792 2813//2813
f 2792//2792 2794//2794 2813//2813
f 2813//2813 2794//2794 2814//2814
f 2794//2794 2796//2796 2814//2814
f 2814//2814 2796//2796 2815//2815
f 2796//2796 2798//2798 2815//2815
f 2815//2815 2798//2798 2816//2816
f 2798//2798 2800//2800 2816//2816
f 2816//2816 2800//2800 2817//2817
f 2800//2800 2802//2802 2817//2817
f 2817//2817 2802//2802 2818//2818
f 2802//2802 2804//2804 2818//2818
f 2818//2818 2804//2804 2819//2819
f 2804//2804 2806//2806 2819//2819
f 2819//2819 2806//2806 2820//2820
f 2806//2806 2808//2808 2820//2820
f 2820//2820 2808//2808 2821//2821
f 2808//2808 2810//2810 2821//2821
f 2821//2821 2810//2810 2822//2822
f 2810//2810 2812//2812 2822//2822
f 2822//2822 2812//2812 2823//2823
f 2812//2812 2307//2307 2823//2823
f 2823//2823 2307//2307 2309//2309
f 2751//2751 2813//2813 2753//2753
f 2813//2813 2814//2814 2753//2753
f 2753//2753 2814//2814 2824//2824
f 2814//2814 2815//2815 2824//2824
f 2824//2824 2815//2815 2825//2825
f 2815//2815 2816//2816 2825//2825
f 2825//2825 2816//2816 2826//2826
f 2816//2816 2817//2817 2826//2826
f 2826//2826 2817//2817 2827//2827
f 2817//2817 2818//2818 2827//2827
f 2827//2827 2818//2818 2828//2828
f 2818//2818 2819//2819 2828//2828
f 2828//2828 2819//2819 2829//2829
f 2819//2819 2820//2820 2829//2829
f 2829//2829 2820//2820 2830//2830
f 2820//2820 2821//2821 2830//2830
f 2830//2830 2821//2821 2831//2831
f 2821//2821 2822//2822 2831//2831
f 2831//2831 2822//2822 2832//2832
f 2822//2822 2823//2823 2832//2832
f 2832//2832 2823//2823 2833//2833
f 2823//2823 2309//2309 2833//2833
f 2833//2833 2309//2309 2311//2311
f 2753//2753 2824//2824 2755//2755
f 2824//2824 2834//2834 2755//2755
f 2755//2755 2834//2834 2757//2757
f 2834//2834 2835//2835 2757//2757
f 2757//2757 2835//2835 2759//2759
f 2835//2835 2836//2836 2759//2759
f 2759//2759 2836//2836 2760//2760
f 2836//2836 2837//2837 2760//2760
f 2760//2760 2837//2837 2761//2761
f 2837//2837 2838//2838 2761//2761
f 2761//2761 2838//2838 2762//2762
f 2838//2838 2839//2839 2762//2762
f 2762//2762 2839//2839 2763//2763
f 2839//2839 2840//2840 2763//2763
f 2763//2763 2840//2840 2764//2764
f 2840//2840 2841//2841 2764//2764
f 2764//2764 2841//2841 91//91
f 2841//2841 89//89 91//91
f 2824//2824 2825//2825 2834//2834
f 2825//2825 2842//2842 2834//2834
f 2834//2834 2842//2842 2835//2835
f 2842//2842 2843//2843 2835//2835
f 2835//2835 2843//2843 2836//2836
f 2843//2843 2844//2844 2836//2836
f 2836//2836 2844//2844 2837//2837
f 2844//2844 2845//2845 2837//2837
f 2837//2837 2845//2845 2838//2838
f 2845//2845 2846//2846 2838//2838
f 2838//2838 2846//2846 2839//2839
f 2846//2846 2847//2847 2839//2839
f 2839//2839 2847//2847 2840//2840
f 2847//2847 2848//2848 2840//2840
f 2840//2840 2848//2848 2841//2841
f 2848//2848 2849//2849 2841//2841
f 2841//2841 2849//2849 89//89
f 2849//2849 87//87 89//89
f 2825//2825 2826//2826 2842//2842
f 2826//2826 2827//2827 2842//2842
f 2842//2842 2827//2827 2843//2843
f 2827//2827 2828//2828 2843//2843
f 2843//2843 2828//2828 2844//2844
f 2828//2828 2829//2829 2844//2844
f 2844//2844 2829//2829 2845//2845
f 2829//2829 2830//2830 2845//2845
f 2845//2845 2830//2830 2846//2846
f 2830//2830 2831//2831 2846//2846
f 2846//2846 2831//2831 2847//2847
f 2831//2831 2832//2832 2847//2847
f 2847//2847 2832//2832 2848//2848
f 2832//2832 2833//2833 2848//2848
f 2848//2848 2833//2833 2849//2849
f 2833//2833 2311//2311 2849//2849
f 2849//2849 2311//2311 87//87
f 2622//2622 2621//2621 2659//2659
f 2621//2621 2663//2663 2659//2659
f 2659//2659 2663//2663 2661//2661
f 2718//2718 2736//2736 2720//2720
f 2736//2736 2738//2738 2720//2720
f 2720//2720 2738//2738 2721//2721
f 2738//2738 2740//2740 2721//2721
f 2721//2721 2740//2740 2722//2722
f 2740//2740 2850//2850 2722//2722
f 2722//2722 2850//2850 2723//2723
f 2850//2850 2851//2851 2723//2723
f 2723//2723 2851//2851 2638//2638
f 2851//2851 2852//2852 2638//2638
f 2638//2638 2852//2852 2640//2640
f 2852//2852 2853//2853 2640//2640
f 2640//2640 2853//2853 2642//2642
f 2853//2853 2644//2644 2642//2642
f 2740//2740 2742//2742 2850//2850
f 2742//2742 2744//2744 2850//2850
f 2850//2850 2744//2744 2854//2854
f 2744//2744 2746//2746 2854//2854
f 2854//2854 2746//2746 2855//2855
f 2746//2746 2748//2748 2855//2855
f 2855//2855 2748//2748 2856//2856
f 2748//2748 2750//2750 2856//2856
f 2856//2856 2750//2750 2857//2857
f 2750//2750 2858//2858 2857//2857
f 2857//2857 2858//2858 2859//2859
f 2858//2858 2860//2860 2859//2859
f 2859//2859 2860//2860 2861//2861
f 2860//2860 2862//2862 2861//2861
f 2861//2861 2862//2862 2863//2863
f 2862//2862 2864//2864 2863//2863
f 2750//2750 2752//2752 2858//2858
f 2752//2752 2754//2754 2858//2858
f 2858//2858 2754//2754 2860//2860
f 2754//2754 2756//2756 2860//2860
f 2860//2860 2756//2756 2862//2862
f 2756//2756 2758//2758 2862//2862
f 2862//2862 2758//2758 2864//2864
f 2758//2758 103//103 2864//2864
f 2672//2672 2673//2673 2719//2719
f 2673//2673 2678//2678 2719//2719
f 2305//2305 2811//2811 2303//2303
f 2811//2811 2865//2865 2303//2303
f 2303//2303 2865//2865 2301//2301
f 2865//2865 2866//2866 2301//2301
f 2301//2301 2866//2866 2299//2299
f 2866//2866 2867//2867 2299//2299
f 2299//2299 2867//2867 2297//2297
f 2867//2867 2868//2868 2297//2297
f 2297//2297 2868//2868 2295//2295
f 2868//2868 2869//2869 2295//2295
f 2295//2295 2869//2869 2293//2293
f 2869//2869 2870//2870 2293//2293
f 2293//2293 2870//2870 2291//2291
f 2870//2870 2871//2871 2291//2291
f 2291//2291 2871//2871 2289//2289
f 2871//2871 2872//2872 2289//2289
f 2289//2289 2872//2872 2287//2287
f 2872//2872 2873//2873 2287//2287
f 2287//2287 2873//2873 2874//2874
f 2873//2873 2875//2875 2874//2874
f 2874//2874 2875//2875 2876//2876
f 2875//2875 2877//2877 2876//2876
f 2876//2876 2877//2877 2878//2878
f 2877//2877 2879//2879 2878//2878
f 2878//2878 2879//2879 2880//2880
f 2879//2879 2881//2881 2880//2880
f 2811//2811 2809//2809 2865//2865
f 2809//2809 2882//2882 2865//2865
f 2865//2865 2882//2882 2866//2866
f 2882//2882 2883//2883 2866//2866
f 2866//2866 2883//2883 2867//2867
f 2883//2883 2884//2884 2867//2867
f 2867//2867 2884//2884 2868//2868
f 2884//2884 2885//2885 2868//2868
f 2868//2868 2885//2885 2869//2869
f 2885//2885 2886//2886 2869//2869
f 2869//2869 2886//2886 2870//2870
f 2886//2886 2887//2887 2870//2870
f 2870//2870 2887//2887 2871//2871
f 2887//2887 2888//2888 2871//2871
f 2871//2871 2888//2888 2872//2872
f 2888//2888 2889//2889 2872//2872
f 2872//2872 2889//2889 2873//2873
f 2889//2889 2890//2890 2873//2873
f 2873//2873 2890//2890 2875//2875
f 2890//2890 2891//2891 2875//2875
f 2875//2875 2891//2891 2877//2877
f 2891//2891 2892//2892 2877//2877
f 2877//2877 2892//2892 2879//2879
f 2892//2892 2893//2893 2879//2879
f 2879//2879 2893//2893 2894//2894
f 2893//2893 2895//2895 2894//2894
f 2894//2894 2895//2895 2896//2896
f 2895//2895 2897//2897 2896//2896
f 2809//2809 2807//2807 2882//2882
f 2807//2807 2898//2898 2882//2882
f 2882//2882 2898//2898 2883//2883
f 2898//2898 2899//2899 2883//2883
f 2883//2883 2899//2899 2884//2884
f 2899//2899 2900//2900 2884//2884
f 2884//2884 2900//2900 2885//2885
f 2900//2900 2901//2901 2885//2885
f 2885//2885 2901//2901 2886//2886
f 2901//2901 2902//2902 2886//2886
f 2886//2886 2902//2902 2887//2887
f 2902//2902 2903//2903 2887//2887
f 2887//2887 2903//2903 2888//2888
f 2903//2903 2904//2904 2888//2888
f 2888//2888 2904//2904 2889//2889
f 2904//2904 2905//2905 2889//2889
f 2889//2889 2905//2905 2890//2890
f 2905//2905 2906//2906 2890//2890
f 2890//2890 2906//2906 2891//2891
f 2906//2906 2907//2907 2891//2891
f 2891//2891 2907//2907 2892//2892
f 2907//2907 2908//2908 2892//2892
f 2892//2892 2908//2908 2893//2893
f 2908//2908 2909//2909 2893//2893
f 2893//2893 2909//2909 2910//2910
f 2909//2909 2911//2911 2910//2910
f 2910//2910 2911//2911 2912//2912
f 2911//2911 2913//2913 2912//2912
f 2912//2912 2913//2913 2914//2914
f 2913//2913 2915//2915 2914//2914
f 2914//2914 2915//2915 2916//2916
f 2915//2915 2917//2917 2916//2916
f 2916//2916 2917//2917 2918//2918
f 2917//2917 2919//2919 2918//2918
f 2918//2918 2919//2919 2920//2920
f 2919//2919 2921//2921 2920//2920
f 2920//2920 2921//2921 2922//2922
f 2921//2921 2923//2923 2922//2922
f 2922//2922 2923//2923 2924//2924
f 2923//2923 2768//2768 2924//2924
f 2924//2924 2768//2768 2767//2767
f 2921//2921 2919//2919 2925//2925
f 2919//2919 2926//2926 2925//2925
f 2925//2925 2926//2926 2927//2927
f 2926//2926 2928//2928 2927//2927
f 2927//2927 2928//2928 2929//2929
f 2928//2928 2930//2930 2929//2929
f 2929//2929 2930//2930 2931//2931
f 2930//2930 2932//2932 2931//2931
f 2931//2931 2932//2932 2775//2775
f 2932//2932 2933//2933 2775//2775
f 2775//2775 2933//2933 2776//2776
f 2933//2933 2934//2934 2776//2776
f 2776//2776 2934//2934 2777//2777
f 2934//2934 2935//2935 2777//2777
f 2777//2777 2935//2935 2779//2779
f 2935//2935 2936//2936 2779//2779
f 2779//2779 2936//2936 2781//2781
f 2936//2936 2937//2937 2781//2781
f 2781//2781 2937//2937 2783//2783
f 2937//2937 2938//2938 2783//2783
f 2783//2783 2938//2938 2785//2785
f 2938//2938 2939//2939 2785//2785
f 2785//2785 2939//2939 2787//2787
f 2939//2939 2940//2940 2787//2787
f 2787//2787 2940//2940 2789//2789
f 2940//2940 2941//2941 2789//2789
f 2789//2789 2941//2941 2791//2791
f 2941//2941 2942//2942 2791//2791
f 2791//2791 2942//2942 2793//2793
f 2942//2942 2943//2943 2793//2793
f 2793//2793 2943//2943 2795//2795
f 2943//2943 2944//2944 2795//2795
f 2795//2795 2944//2944 2797//2797
f 2944//2944 2945//2945 2797//2797
f 2797//2797 2945//2945 2799//2799
f 2945//2945 2801//2801 2799//2799
f 2943//2943 2942//2942 2946//2946
f 2942//2942 2941//2941 2946//2946
f 2946//2946 2941//2941 2947//2947
f 2941//2941 2940//2940 2947//2947
f 2947//2947 2940//2940 2948//2948
f 2940//2940 2939//2939 2948//2948
f 2948//2948 2939//2939 2949//2949
f 2939//2939 2938//2938 2949//2949
f 2949//2949 2938//2938 2950//2950
f 2938//2938 2937//2937 2950//2950
f 2950//2950 2937//2937 2951//2951
f 2937//2937 2936//2936 2951//2951
f 2951//2951 2936//2936 2952//2952
f 2936//2936 2935//2935 2952//2952
f 2952//2952 2935//2935 2953//2953
f 2935//2935 2934//2934 2953//2953
f 2953//2953 2934//2934 2954//2954
f 2934//2934 2933//2933 2954//2954
f 2954//2954 2933//2933 2932//2932
f 2946//2946 2947//2947 2955//2955
f 2947//2947 2948//2948 2955//2955
f 2955//2955 2948//2948 2956//2956
f 2948//2948 2949//2949 2956//2956
f 2956//2956 2949//2949 2957//2957
f 2949//2949 2950//2950 2957//2957
f 2957//2957 2950//2950 2958//2958
f 2950//2950 2951//2951 2958//2958
f 2958//2958 2951//2951 2959//2959
f 2951//2951 2952//2952 2959//2959
f 2959//2959 2952//2952 2960//2960
f 2952//2952 2953//2953 2960//2960
f 2960//2960 2953//2953 2961//2961
f 2953//2953 2954//2954 2961//2961
f 2961//2961 2954//2954 2962//2962
f 2954//2954 2932//2932 2962//2962
f 2962//2962 2932//2932 2930//2930
f 2955//2955 2956//2956 2963//2963
f 2956//2956 2964//2964 2963//2963
f 2963//2963 2964//2964 2965//2965
f 2964//2964 2966//2966 2965//2965
f 2965//2965 2966//2966 2909//2909
f 2966//2966 2967//2967 2909//2909
f 2909//2909 2967//2967 2911//2911
f 2967//2967 2968//2968 2911//2911
f 2911//2911 2968//2968 2913//2913
f 2968//2968 2969//2969 2913//2913
f 2913//2913 2969//2969 2915//2915
f 2969//2969 2970//2970 2915//2915
f 2915//2915 2970//2970 2917//2917
f 2970//2970 2926//2926 2917//2917
f 2917//2917 2926//2926 2919//2919
f 2909//2909 2908//2908 2965//2965
f 2908//2908 2907//2907 2965//2965
f 2965//2965 2907//2907 2971//2971
f 2907//2907 2906//2906 2971//2971
f 2971//2971 2906//2906 2972//2972
f 2906//2906 2905//2905 2972//2972
f 2972//2972 2905//2905 2973//2973
f 2905//2905 2904//2904 2973//2973
f 2973//2973 2904//2904 2974//2974
f 2904//2904 2903//2903 2974//2974
f 2974//2974 2903//2903 2975//2975
f 2903//2903 2902//2902 2975//2975
f 2975//2975 2902//2902 2976//2976
f 2902//2902 2901//2901 2976//2976
f 2976//2976 2901//2901 2977//2977
f 2901//2901 2900//2900 2977//2977
f 2977//2977 2900//2900 2978//2978
f 2900//2900 2899//2899 2978//2978
f 2978//2978 2899//2899 2979//2979
f 2899//2899 2898//2898 2979//2979
f 2979//2979 2898//2898 2805//2805
f 2898//2898 2807//2807 2805//2805
f 2965//2965 2971//2971 2963//2963
f 2971//2971 2972//2972 2963//2963
f 2963//2963 2972//2972 2980//2980
f 2972//2972 2973//2973 2980//2980
f 2980//2980 2973//2973 2981//2981
f 2973//2973 2982//2982 2981//2981
f 2981//2981 2982//2982 2983//2983
f 2982//2982 2984//2984 2983//2983
f 2983//2983 2984//2984 2985//2985
f 2984//2984 2986//2986 2985//2985
f 2985//2985 2986//2986 2945//2945
f 2986//2986 2987//2987 2945//2945
f 2945//2945 2987//2987 2801//2801
f 2987//2987 2988//2988 2801//2801
f 2801//2801 2988//2988 2803//2803
f 2988//2988 2979//2979 2803//2803
f 2803//2803 2979//2979 2805//2805
f 2979//2979 2988//2988 2978//2978
f 2988//2988 2989//2989 2978//2978
f 2978//2978 2989//2989 2977//2977
f 2989//2989 2990//2990 2977//2977
f 2977//2977 2990//2990 2976//2976
f 2990//2990 2991//2991 2976//2976
f 2976//2976 2991//2991 2975//2975
f 2991//2991 2974//2974 2975//2975
f 2988//2988 2987//2987 2989//2989
f 2987//2987 2986//2986 2989//2989
f 2989//2989 2986//2986 2990//2990
f 2986//2986 2984//2984 2990//2990
f 2990//2990 2984//2984 2991//2991
f 2984//2984 2982//2982 2991//2991
f 2991//2991 2982//2982 2974//2974
f 2982//2982 2973//2973 2974//2974
f 2893//2893 2910//2910 2895//2895
f 2910//2910 2992//2992 2895//2895
f 2895//2895 2992//2992 2897//2897
f 2992//2992 2993//2993 2897//2897
f 2910//2910 2912//2912 2992//2992
f 2912//2912 2994//2994 2992//2992
f 2992//2992 2994//2994 2993//2993
f 2994//2994 2995//2995 2993//2993
f 2912//2912 2914//2914 2994//2994
f 2914//2914 2996//2996 2994//2994
f 2994//2994 2996//2996 2995//2995
f 2996//2996 2997//2997 2995//2995
f 2914//2914 2916//2916 2996//2996
f 2916//2916 2998//2998 2996//2996
f 2996//2996 2998//2998 2997//2997
f 2998//2998 2999//2999 2997//2997
f 2916//2916 2918//2918 2998//2998
f 2918//2918 3000//3000 2998//2998
f 2998//2998 3000//3000 2999//2999
f 3000//3000 3001//3001 2999//2999
f 2918//2918 2920//2920 3000//3000
f 2920//2920 3002//3002 3000//3000
f 3000//3000 3002//3002 3001//3001
f 3002//3002 3003//3003 3001//3001
f 2920//2920 2922//2922 3002//3002
f 2922//2922 3004//3004 3002//3002
f 3002//3002 3004//3004 3003//3003
f 3004//3004 3005//3005 3003//3003
f 2922//2922 2924//2924 3004//3004
f 2924//2924 3006//3006 3004//3004
f 3004//3004 3006//3006 3005//3005
f 3006//3006 3007//3007 3005//3005
f 2924//2924 2767//2767 3006//3006
f 2767//2767 2766//2766 3006//3006
f 3006//3006 2766//2766 3007//3007
f 2766//2766 2765//2765 3007//3007
f 2945//2945 2944//2944 2985//2985
f 2944//2944 3008//3008 2985//2985
f 2985//2985 3008//3008 2983//2983
f 3008//3008 3009//3009 2983//2983
f 2983//2983 3009//3009 2981//2981
f 3009//3009 2980//2980 2981//2981
f 2944//2944 2943//2943 3008//3008
f 2943//2943 2946//2946 3008//3008
f 3008//3008 2946//2946 3009//3009
f 2946//2946 2955//2955 3009//3009
f 3009//3009 2955//2955 2980//2980
f 2955//2955 2963//2963 2980//2980
f 2926//2926 2970//2970 2928//2928
f 2970//2970 3010//3010 2928//2928
f 2928//2928 3010//3010 2930//2930
f 3010//3010 2962//2962 2930//2930
f 2970//2970 2969//2969 3010//3010
f 2969//2969 3011//3011 3010//3010
f 3010//3010 3011//3011 2962//2962
f 3011//3011 2961//2961 2962//2962
f 2969//2969 2968//2968 3011//3011
f 2968//2968 3012//3012 3011//3011
f 3011//3011 3012//3012 2961//2961
f 3012//3012 2960//2960 2961//2961
f 2968//2968 2967//2967 3012//3012
f 2967//2967 3013//3013 3012//3012
f 3012//3012 3013//3013 2960//2960
f 3013//3013 2959//2959 2960//2960
f 2967//2967 2966//2966 3013//3013
f 2966//2966 3014//3014 3013//3013
f 3013//3013 3014//3014 2959//2959
f 3014//3014 2958//2958 2959//2959
f 2966//2966 2964//2964 3014//3014
f 2964//2964 2958//2958 3014//3014
f 2958//2958 2964//2964 2957//2957
f 2964//2964 2956//2956 2957//2957
f 2660//2660 2662//2662 2683//2683
f 2662//2662 3015//3015 2683//2683
f 2683//2683 3015//3015 2685//2685
f 3015//3015 3016//3016 2685//2685
f 2685//2685 3016//3016 2687//2687
f 3016//3016 2689//2689 2687//2687
f 2662//2662 2664//2664 3015//3015
f 2664//2664 3017//3017 3015//3015
f 3015//3015 3017//3017 3016//3016
f 3017//3017 3018//3018 3016//3016
f 3016//3016 3018//3018 3019//3019
f 3018//3018 3020//3020 3019//3019
f 3019//3019 3020//3020 3021//3021
f 3020//3020 3022//3022 3021//3021
f 3021//3021 3022//3022 3023//3023
f 3022//3022 3024//3024 3023//3023
f 3023//3023 3024//3024 3025//3025
f 3024//3024 3026//3026 3025//3025
f 3025//3025 3026//3026 3027//3027
f 3026//3026 3028//3028 3027//3027
f 3027//3027 3028//3028 3029//3029
f 3029//3029 3030//3030 3027//3027
f 3030//3030 3031//3031 3027//3027
f 3027//3027 3031//3031 3025//3025
f 3031//3031 3032//3032 3025//3025
f 3025//3025 3032//3032 3023//3023
f 3032//3032 2699//2699 3023//3023
f 3023//3023 2699//2699 3021//3021
f 2699//2699 2697//2697 3021//3021
f 3021//3021 2697//2697 2695//2695
f 3030//3030 3033//3033 3031//3031
f 3033//3033 3034//3034 3031//3031
f 3031//3031 3034//3034 3032//3032
f 3034//3034 2701//2701 3032//3032
f 3032//3032 2701//2701 2699//2699
f 3033//3033 3035//3035 3034//3034
f 3035//3035 2703//2703 3034//3034
f 3034//3034 2703//2703 2701//2701
f 2605//2605 3036//3036 2603//2603
f 3036//3036 3037//3037 2603//2603
f 2603//2603 3037//3037 2601//2601
f 3037//3037 3038//3038 2601//2601
f 2601//2601 3038//3038 2599//2599
f 3038//3038 3039//3039 2599//2599
f 2599//2599 3039//3039 2597//2597
f 3039//3039 3040//3040 2597//2597
f 2597//2597 3040//3040 2595//2595
f 3040//3040 3041//3041 2595//2595
f 2595//2595 3041//3041 2593//2593
f 3041//3041 3042//3042 2593//2593
f 2593//2593 3042//3042 2591//2591
f 3042//3042 3043//3043 2591//2591
f 2591//2591 3043//3043 2589//2589
f 3039//3039 3044//3044 3040//3040
f 3044//3044 3045//3045 3040//3040
f 3040//3040 3045//3045 3041//3041
f 3045//3045 3046//3046 3041//3041
f 3041//3041 3046//3046 3042//3042
f 3046//3046 3047//3047 3042//3042
f 3042//3042 3047//3047 3043//3043
f 3044//3044 3048//3048 3045//3045
f 3048//3048 3049//3049 3045//3045
f 3045//3045 3049//3049 3046//3046
f 3049//3049 3050//3050 3046//3046
f 3046//3046 3050//3050 3047//3047
f 3048//3048 3051//3051 3049//3049
f 3051//3051 3052//3052 3049//3049
f 3049//3049 3052//3052 3050//3050
f 3051//3051 3048//3048 3053//3053
f 3048//3048 3054//3054 3053//3053
f 3053//3053 3054//3054 3055//3055
f 3054//3054 3056//3056 3055//3055
f 3055//3055 3056//3056 3057//3057
f 3056//3056 3058//3058 3057//3057
f 3057//3057 3059//3059 3055//3055
f 3059//3059 3060//3060 3055//3055
f 3055//3055 3060//3060 3053//3053
f 3060//3060 3061//3061 3053//3053
f 3053//3053 3061//3061 3051//3051
f 3061//3061 3062//3062 3051//3051
f 3051//3051 3062//3062 3052//3052
f 3048//3048 3044//3044 3054//3054
f 3044//3044 3063//3063 3054//3054
f 3054//3054 3063//3063 3056//3056
f 3063//3063 3064//3064 3056//3056
f 3056//3056 3064//3064 3058//3058
f 3064//3064 3065//3065 3058//3058
f 3065//3065 3064//3064 3066//3066
f 3064//3064 3067//3067 3066//3066
f 3066//3066 3067//3067 3068//3068
f 3067//3067 3069//3069 3068//3068
f 3068//3068 3069//3069 3070//3070
f 3069//3069 3037//3037 3070//3070
f 3070//3070 3037//3037 3036//3036
f 3037//3037 3069//3069 3038//3038
f 3069//3069 3071//3071 3038//3038
f 3038//3038 3071//3071 3039//3039
f 3071//3071 3063//3063 3039//3039
f 3039//3039 3063//3063 3044//3044
f 3069//3069 3067//3067 3071//3071
f 3067//3067 3063//3063 3071//3071
f 2664//2664 2619//2619 3017//3017
f 2619//2619 2618//2618 3017//3017
f 3017//3017 2618//2618 3018//3018
f 2618//2618 3072//3072 3018//3018
f 3018//3018 3072//3072 3020//3020
f 3072//3072 3022//3022 3020//3020
f 2618//2618 2607//2607 3072//3072
f 2607//2607 3073//3073 3072//3072
f 3072//3072 3073//3073 3022//3022
f 3073//3073 3024//3024 3022//3022
f 2607//2607 2586//2586 3073//3073
f 2586//2586 3074//3074 3073//3073
f 3073//3073 3074//3074 3024//3024
f 3074//3074 3026//3026 3024//3024
f 2586//2586 2585//2585 3074//3074
f 2585//2585 3075//3075 3074//3074
f 3074//3074 3075//3075 3026//3026
f 3075//3075 3028//3028 3026//3026
f 3016//3016 3019//3019 2689//2689
f 3019//3019 2691//2691 2689//2689
f 2691//2691 3019//3019 3076//3076
f 3019//3019 3021//3021 3076//3076
f 3076//3076 3021//3021 2695//2695
f 2695//2695 2693//2693 3076//3076
f 2693//2693 2691//2691 3076//3076
f 2896//2896 2881//2881 2894//2894
f 2881//2881 2879//2879 2894//2894
f 2768//2768 2923//2923 2769//2769
f 2923//2923 3077//3077 2769//2769
f 2769//2769 3077//3077 2770//2770
f 3077//3077 3078//3078 2770//2770
f 2770//2770 3078//3078 2771//2771
f 3078//3078 3079//3079 2771//2771
f 2771//2771 3079//3079 2772//2772
f 3079//3079 3080//3080 2772//2772
f 2772//2772 3080//3080 2773//2773
f 3080//3080 2774//2774 2773//2773
f 2923//2923 2921//2921 3077//3077
f 2921//2921 2925//2925 3077//3077
f 3077//3077 2925//2925 3078//3078
f 2925//2925 2927//2927 3078//3078
f 3078//3078 2927//2927 3079//3079
f 2927//2927 2929//2929 3079//3079
f 3079//3079 2929//2929 3080//3080
f 2929//2929 2931//2931 3080//3080
f 3080//3080 2931//2931 2775//2775
f 2850//2850 2854//2854 2851//2851
f 2854//2854 2855//2855 2851//2851
f 2851//2851 2855//2855 2852//2852
f 2855//2855 2853//2853 2852//2852
f 2855//2855 2856//2856 2853//2853
f 2856//2856 3081//3081 2853//2853
f 2853//2853 3081//3081 2644//2644
f 3081//3081 2646//2646 2644//2644
f 2856//2856 2857//2857 3081//3081
f 2857//2857 2859//2859 3081//3081
f 3081//3081 2859//2859 2646//2646
f 2859//2859 2861//2861 2646//2646
f 2646//2646 2861//2861 2648//2648
f 2861//2861 2863//2863 2648//2648
f 3067//3067 3064//3064 3063//3063
f 2620//2620 2663//2663 2621//2621
f 1947//1947 1949//1949 378//378
f 1752//1752 1712//1712 1710//1710
f 905//905 384//384 382//382
f 1532//1532 1534//1534 1533//1533
f 1333//1333 1221//1221 1220//1220
f 172//172 145//145 243//243
f 108//108 107//107 274//274
f 1006//1006 1005//1005 1049//1049
f 1504//1504 1506//1506 1505//1505
f 305//305 307//307 1717//1717
f 1840//1840 1801//1801 1794//1794
f 2775//2775 2774//2774 3080//3080
f 1920//1920 1903//1903 1904//1904
f 2380//2380 2377//2377 2378//2378
f 2389//2389 2400//2400 2390//2390
f 2402//2402 2332//2332 2331//2331
f 689//689 1921//1921 687//687
f 2417//2417 2404//2404 2403//2403
f 2510//2510 43//43 45//45
f 2415//2415 49//49 51//51
f 2411//2411 2413//2413 2521//2521

