# Exported by Sketchfab Model Ripper robust edition
o model_18
v -0.21809828281402588 -0.9926797747612 -0.29467305541038513
v -0.2200389951467514 -0.9896448254585266 -0.28834256529808044
v -0.22278831899166107 -0.9903731942176819 -0.29725006222724915
v -0.22451339662075043 -0.9868525862693787 -0.2945609986782074
v -0.22672364115715027 -0.983938992023468 -0.30240410566329956
v -0.22710099816322327 -0.981389582157135 -0.2912557125091553
v -0.22235704958438873 -0.9846674203872681 -0.2835806906223297
v -0.21162927150726318 -0.9903731942176819 -0.2835806906223297
v -0.22365085780620575 -0.989037811756134 -0.3036365807056427
v -0.2176131159067154 -0.9930440187454224 -0.30313238501548767
v -0.2237047702074051 -0.9853957891464233 -0.31282421946525574
v -0.2281791716814041 -0.9805397987365723 -0.31226399540901184
v -0.2300659716129303 -0.9784759879112244 -0.2999391257762909
v -0.23367784917354584 -0.9724060297012329 -0.29629769921302795
v -0.23092851042747498 -0.9755623936653137 -0.28722211718559265
v -0.2235969454050064 -0.9771406054496765 -0.2804994583129883
v -0.2139473259449005 -0.9860028028488159 -0.2775302827358246
v -0.20041629672050476 -0.9892805814743042 -0.28077957034111023
v -0.2098502814769745 -0.9937723875045776 -0.2913677394390106
v -0.1994459480047226 -0.9929226040840149 -0.2889587879180908
v -0.20893384516239166 -0.9954720139503479 -0.30128365755081177
v -0.19885295629501343 -0.9948650002479553 -0.29909878969192505
v -0.18850252032279968 -0.9904946088790894 -0.2882305085659027
v -0.18898770213127136 -0.9923155903816223 -0.2978663146495819
v -0.19863732159137726 -0.9930440187454224 -0.30985504388809204
v -0.20855648815631866 -0.9928011894226074 -0.3118158280849457
v -0.2172357439994812 -0.9896448254585266 -0.31265613436698914
v -0.2161036729812622 -0.9840604066848755 -0.32044321298599243
v -0.22224923968315125 -0.9805397987365723 -0.3216196894645691
v -0.20817911624908447 -0.9862455725669861 -0.3189866542816162
v -0.19901467859745026 -0.9869740009307861 -0.3173620104789734
v -0.18963459134101868 -0.9866098165512085 -0.31596145033836365
v -0.18920333683490753 -0.9911016225814819 -0.3078942596912384
v -0.1802545189857483 -0.9892805814743042 -0.3069418966770172
v -0.18036232888698578 -0.985759973526001 -0.31517714262008667
v -0.17157524824142456 -0.9844245910644531 -0.31388863921165466
v -0.1723838746547699 -0.9877024292945862 -0.3058214485645294
v -0.16575312614440918 -0.9856386184692383 -0.30318841338157654
v -0.1637585163116455 -0.9826036095619202 -0.312207967042923
v -0.16036228835582733 -0.9829677939414978 -0.2997150421142578
v -0.15793639421463013 -0.979568600654602 -0.3097429871559143
v -0.15437844395637512 -0.9750767946243286 -0.30576542019844055
v -0.15653477609157562 -0.9789615869522095 -0.2956254184246063
v -0.15545660257339478 -0.971920371055603 -0.2896870970726013
v -0.15335418283939362 -0.9680355787277222 -0.29859459400177
v -0.15200646221637726 -0.9592947959899902 -0.2903033196926117
v -0.15227600932121277 -0.9556527733802795 -0.29702597856521606
v -0.15480971336364746 -0.949097216129303 -0.2823481857776642
v -0.15610350668430328 -0.946304976940155 -0.2888467609882355
v -0.16041618585586548 -0.9355003833770752 -0.28279638290405273
v -0.15939192473888397 -0.937807023525238 -0.2762417793273926
v -0.16187171638011932 -0.9255455732345581 -0.27164795994758606
v -0.162734255194664 -0.923481822013855 -0.2785947024822235
v -0.16429759562015533 -0.9137697815895081 -0.2676703929901123
v -0.16402806341648102 -0.9115846157073975 -0.2750653326511383
v -0.16510623693466187 -0.9002944231033325 -0.27187207341194153
v -0.16656175255775452 -0.9024795889854431 -0.26408499479293823
v -0.16877201199531555 -0.8911893963813782 -0.26128387451171875
v -0.16613049805164337 -0.8892470002174377 -0.2691830098628998
v -0.17033535242080688 -0.8796563744544983 -0.25926709175109863
v -0.16677738726139069 -0.878199577331543 -0.26722222566604614
v -0.16677738726139069 -0.866909384727478 -0.26576563715934753
v -0.17119789123535156 -0.8680019974708557 -0.25775450468063354
v -0.1708744466304779 -0.8563476204872131 -0.25640997290611267
v -0.16677738726139069 -0.8557406067848206 -0.26498132944107056
v -0.16974236071109772 -0.8448145985603333 -0.2554575800895691
v -0.16596876084804535 -0.8445718288421631 -0.2647572457790375
v -0.16402806341648102 -0.8336458206176758 -0.2647572457790375
v -0.16726256906986237 -0.8335244059562683 -0.2546732723712921
v -0.16316552460193634 -0.8227198123931885 -0.25383293628692627
v -0.16014665365219116 -0.8227198123931885 -0.26481327414512634
v -0.15427061915397644 -0.8121579885482788 -0.2650373578071594
v -0.15718168020248413 -0.8124008178710938 -0.2530486285686493
v -0.15109002590179443 -0.8014748096466064 -0.2524324059486389
v -0.1481250524520874 -0.8007463812828064 -0.2652614414691925
v -0.14365065097808838 -0.7879993915557861 -0.2650373578071594
v -0.14629216492176056 -0.7898203730583191 -0.2517601251602173
v -0.14462099969387054 -0.7785301804542542 -0.25108787417411804
v -0.14208729565143585 -0.775738000869751 -0.26464521884918213
v -0.14623825252056122 -0.7693037986755371 -0.2508637607097626
v -0.14370454847812653 -0.7657831907272339 -0.2639729380607605
v -0.1483945995569229 -0.7583777904510498 -0.2634127140045166
v -0.15109002590179443 -0.7620198130607605 -0.25148001313209534
v -0.15788249671459198 -0.7563139796257019 -0.2533847689628601
v -0.1563730537891388 -0.7530362010002136 -0.2643090784549713
v -0.16699302196502686 -0.7546144127845764 -0.2580345869064331
v -0.16418978571891785 -0.7513365745544434 -0.26828664541244507
v -0.17448630928993225 -0.7521864175796509 -0.2740009129047394
v -0.17702001333236694 -0.7546144127845764 -0.26346874237060547
v -0.18424375355243683 -0.7543715834617615 -0.27926698327064514
v -0.18645399808883667 -0.7571638226509094 -0.26884686946868896
v -0.19610361754894257 -0.7577707767486572 -0.27355271577835083
v -0.19378554821014404 -0.7547358274459839 -0.2840288579463959
v -0.20559151470661163 -0.7547358274459839 -0.2770821154117584
v -0.20321953296661377 -0.7520650029182434 -0.28761425614356995
v -0.21351605653762817 -0.7490299940109253 -0.2897430956363678
v -0.21502549946308136 -0.750122606754303 -0.27926698327064514
v -0.2246212214231491 -0.7470875978469849 -0.2895750403404236
v -0.22559157013893127 -0.7476946115493774 -0.28016331791877747
v -0.23281531035900116 -0.7469661831855774 -0.2884545922279358
v -0.2351333647966385 -0.74830162525177 -0.2804994583129883
v -0.24273447692394257 -0.7509723901748657 -0.2823481857776642
v -0.23658889532089233 -0.7495155930519104 -0.2920960485935211
v -0.24014686048030853 -0.7554641962051392 -0.2958495318889618
v -0.24737060070037842 -0.7574065923690796 -0.2853173613548279
v -0.24462126195430756 -0.7555856108665466 -0.27035945653915405
v -0.23626545071601868 -0.752429187297821 -0.2697432339191437
v -0.22683146595954895 -0.7513365745544434 -0.27019140124320984
v -0.2171279340982437 -0.7534003853797913 -0.2699112892150879
v -0.15454016625881195 -0.970342218875885 -0.3124880790710449
v -0.1531924456357956 -0.9639080166816711 -0.3056533932685852
v -0.21858346462249756 -0.7565568089485168 -0.26296454668045044
v -0.2254837453365326 -0.7564353942871094 -0.2604995667934418
v -0.2347560077905655 -0.7582563757896423 -0.2580345869064331
v -0.2207937091588974 -0.7611700296401978 -0.25148001313209534
v -0.21308480203151703 -0.7598345875740051 -0.25848278403282166
v -0.20839475095272064 -0.7574065923690796 -0.2671661972999573
v -0.19955375790596008 -0.7604416012763977 -0.2627964913845062
v -0.190443217754364 -0.7600774168968201 -0.2579785883426666
v -0.18095533549785614 -0.7586206197738647 -0.2532167136669159
v -0.17157524824142456 -0.7587419748306274 -0.24806267023086548
v -0.162734255194664 -0.7601987719535828 -0.24290864169597626
v -0.1777208149433136 -0.7612913846969604 -0.23937924206256866
v -0.18645399808883667 -0.7620198130607605 -0.2437489628791809
v -0.15728949010372162 -0.7635980248451233 -0.23909913003444672
v -0.1659148633480072 -0.7655404210090637 -0.2283989042043686
v -0.17082053422927856 -0.7627481818199158 -0.23366498947143555
v -0.18316558003425598 -0.7627481818199158 -0.23349691927433014
v -0.18073970079421997 -0.7643263936042786 -0.2276145964860916
v -0.17793644964694977 -0.7676041722297668 -0.22111603617668152
v -0.19265347719192505 -0.7699108123779297 -0.2183709591627121
v -0.1927073746919632 -0.766268789768219 -0.22638212144374847
v -0.1911979466676712 -0.7639622092247009 -0.2346733808517456
v -0.20208746194839478 -0.7667543888092041 -0.23758652806282043
v -0.19621142745018005 -0.7638407945632935 -0.24744641780853271
v -0.2055376023054123 -0.7631124258041382 -0.2524324059486389
v -0.212923064827919 -0.7655404210090637 -0.2434128373861313
v -0.22947297990322113 -0.7634766101837158 -0.2461579144001007
v -0.2192842662334442 -0.7673614025115967 -0.2359618991613388
v -0.20596887171268463 -0.7686967849731445 -0.22923924028873444
v -0.2087182104587555 -0.7710034251213074 -0.22145217657089233
v -0.23626545071601868 -0.7663902044296265 -0.24240443110466003
v -0.22440558671951294 -0.7699108123779297 -0.229855477809906
v -0.23842178285121918 -0.7696679830551147 -0.2420683056116104
v -0.24230320751667023 -0.7615342140197754 -0.2569141685962677
v -0.24661588668823242 -0.7659046053886414 -0.2582026720046997
v -0.24958084523677826 -0.7610486149787903 -0.2724882960319519
v -0.25006601214408875 -0.7725815773010254 -0.2606116235256195
v -0.2524380087852478 -0.7684540152549744 -0.2751213312149048
v -0.24968867003917694 -0.7656617760658264 -0.2878383696079254
v -0.2425188422203064 -0.7634766101837158 -0.2984825670719147
v -0.22877216339111328 -0.7548571825027466 -0.3024601340293884
v -0.2261306494474411 -0.7492728233337402 -0.2974741458892822
v -0.23281531035900116 -0.7469661831855774 -0.2884545922279358
v -0.2246212214231491 -0.7470875978469849 -0.2895750403404236
v -0.21351605653762817 -0.7490299940109253 -0.2897430956363678
v -0.21383951604366302 -0.7508509755134583 -0.29893073439598083
v -0.20311172306537628 -0.7551000118255615 -0.2956814467906952
v -0.20321953296661377 -0.7520650029182434 -0.28761425614356995
v -0.1927073746919632 -0.7577707767486572 -0.29075151681900024
v -0.19378554821014404 -0.7547358274459839 -0.2840288579463959
v -0.18424375355243683 -0.7543715834617615 -0.27926698327064514
v -0.1819256842136383 -0.7553427815437317 -0.2873341739177704
v -0.17168307304382324 -0.752672016620636 -0.28257226943969727
v -0.17448630928993225 -0.7521864175796509 -0.2740009129047394
v -0.16418978571891785 -0.7513365745544434 -0.26828664541244507
v -0.16181781888008118 -0.7518221735954285 -0.2761857509613037
v -0.15572614967823029 -0.7527933716773987 -0.27187207341194153
v -0.15793639421463013 -0.7555856108665466 -0.2817319631576538
v -0.15098220109939575 -0.7558283805847168 -0.2737767994403839
v -0.1463460773229599 -0.7631124258041382 -0.2756815552711487
v -0.14370454847812653 -0.7657831907272339 -0.2639729380607605
v -0.14462099969387054 -0.7730671763420105 -0.27646586298942566
v -0.14208729565143585 -0.775738000869751 -0.26464521884918213
v -0.14365065097808838 -0.7879993915557861 -0.2650373578071594
v -0.1455913484096527 -0.7855713963508606 -0.27668994665145874
v -0.1496344953775406 -0.7989253997802734 -0.2768020033836365
v -0.1481250524520874 -0.8007463812828064 -0.2652614414691925
v -0.15621133148670197 -0.8103370070457458 -0.27612975239753723
v -0.15427061915397644 -0.8121579885482788 -0.2650373578071594
v -0.16014665365219116 -0.8227198123931885 -0.26481327414512634
v -0.16241081058979034 -0.8212630152702332 -0.2752333879470825
v -0.16580703854560852 -0.8326746225357056 -0.2746731638908386
v -0.16402806341648102 -0.8336458206176758 -0.2647572457790375
v -0.16596876084804535 -0.8445718288421631 -0.2647572457790375
v -0.16763992607593536 -0.843843400478363 -0.2741689682006836
v -0.16866418719291687 -0.8550121784210205 -0.27405691146850586
v -0.16677738726139069 -0.8557406067848206 -0.26498132944107056
v -0.16677738726139069 -0.866909384727478 -0.26576563715934753
v -0.16893373429775238 -0.8660596013069153 -0.27461713552474976
v -0.1687180995941162 -0.8769856095314026 -0.2758496403694153
v -0.16677738726139069 -0.878199577331543 -0.26722222566604614
v -0.16613049805164337 -0.8892470002174377 -0.2691830098628998
v -0.16796338558197021 -0.8879116177558899 -0.2776423394680023
v -0.16510623693466187 -0.9002944231033325 -0.27187207341194153
v -0.16656175255775452 -0.8987162113189697 -0.2797151505947113
v -0.16440542042255402 -0.9097635746002197 -0.2821241021156311
v -0.16402806341648102 -0.9115846157073975 -0.2750653326511383
v -0.162734255194664 -0.923481822013855 -0.2785947024822235
v -0.16251862049102783 -0.9214180111885071 -0.2848691940307617
v -0.16041618585586548 -0.9355003833770752 -0.28279638290405273
v -0.16063182055950165 -0.9333152174949646 -0.2886226773262024
v -0.15772075951099396 -0.9441198110580444 -0.2943369150161743
v -0.15610350668430328 -0.946304976940155 -0.2888467609882355
v -0.15362371504306793 -0.9524964094161987 -0.3025161623954773
v -0.15227600932121277 -0.9556527733802795 -0.29702597856521606
v -0.1531924456357956 -0.9639080166816711 -0.3056533932685852
v -0.15389326214790344 -0.9599018096923828 -0.31091946363449097
v -0.15745122730731964 -0.9654862284660339 -0.31629759073257446
v -0.15885284543037415 -0.955774188041687 -0.31500908732414246
v -0.15782858431339264 -0.9498255848884583 -0.3071659803390503
v -0.16014665365219116 -0.9420560002326965 -0.2995469868183136
v -0.16224907338619232 -0.9316155910491943 -0.2945609986782074
v -0.16462105512619019 -0.9203253984451294 -0.29114365577697754
v -0.1673164814710617 -0.9090352058410645 -0.28873470425605774
v -0.16968844830989838 -0.8979877829551697 -0.28688597679138184
v -0.17141352593898773 -0.8871831893920898 -0.28537338972091675
v -0.17243778705596924 -0.87637859582901 -0.2840288579463959
v -0.17286905646324158 -0.8653311729431152 -0.2830204665660858
v -0.17243778705596924 -0.8541623950004578 -0.282684326171875
v -0.17109006643295288 -0.8429936170578003 -0.28296443819999695
v -0.16866418719291687 -0.8315820097923279 -0.28391680121421814
v -0.1651601344347 -0.820048987865448 -0.2850932776927948
v -0.16025446355342865 -0.8085160255432129 -0.28610166907310486
v -0.15529488027095795 -0.7961332201957703 -0.28649383783340454
v -0.15152129530906677 -0.7831434011459351 -0.28699803352355957
v -0.15173691511154175 -0.771367609500885 -0.28666189312934875
v -0.1541088968515396 -0.7622625827789307 -0.28520533442497253
v -0.1563730537891388 -0.7530362010002136 -0.2643090784549713
v -0.1483945995569229 -0.7583777904510498 -0.2634127140045166
v -0.15454016625881195 -0.970342218875885 -0.3124880790710449
v -0.16305769979953766 -0.7714890241622925 -0.29422488808631897
v -0.162734255194664 -0.7819293737411499 -0.2943369150161743
v -0.16634613275527954 -0.7934623956680298 -0.29114365577697754
v -0.16963455080986023 -0.8058452010154724 -0.2906954884529114
v -0.17243778705596924 -0.8181065917015076 -0.2911996841430664
v -0.17502538859844208 -0.8300037980079651 -0.2906954884529114
v -0.17702001333236694 -0.8417795896530151 -0.28996720910072327
v -0.17820599675178528 -0.8534340262413025 -0.2897430956363678
v -0.17852944135665894 -0.8648455739021301 -0.29002320766448975
v -0.17804427444934845 -0.8761358261108398 -0.29075151681900024
v -0.17680437862873077 -0.8873046040534973 -0.2917599081993103
v -0.17502538859844208 -0.8984733819961548 -0.2927122712135315
v -0.1726534217596054 -0.909642219543457 -0.29405680298805237
v -0.16990408301353455 -0.9205682277679443 -0.2961856424808502
v -0.16774775087833405 -0.9314941763877869 -0.29904279112815857
v -0.16656175255775452 -0.9415704011917114 -0.30352455377578735
v -0.16596876084804535 -0.9477617740631104 -0.3116477429866791
v -0.16817902028560638 -0.9540746212005615 -0.31797826290130615
v -0.17788253724575043 -0.9489758014678955 -0.31338444352149963
v -0.1765887439250946 -0.9413275718688965 -0.30705395340919495
v -0.17675046622753143 -0.9321011900901794 -0.3021239936351776
v -0.17788253724575043 -0.9216607809066772 -0.2993229031562805
v -0.17998497188091278 -0.9107347726821899 -0.29764223098754883
v -0.18214131891727448 -0.8995659947395325 -0.2967458665370941
v -0.18402811884880066 -0.8881543874740601 -0.29612964391708374
v -0.18537582457065582 -0.876621425151825 -0.29540133476257324
v -0.18613053858280182 -0.8648455739021301 -0.29461702704429626
v -0.18602272868156433 -0.8529484272003174 -0.29411283135414124
v -0.1854836493730545 -0.8409298062324524 -0.29355260729789734
v -0.18451328575611115 -0.8287897706031799 -0.2931044399738312
v -0.18327338993549347 -0.8165283799171448 -0.29226410388946533
v -0.18176396191120148 -0.8040242195129395 -0.29187193512916565
v -0.17971543967723846 -0.7917628288269043 -0.29226410388946533
v -0.1777208149433136 -0.7814437747001648 -0.29573747515678406
v -0.1773434579372406 -0.7729458212852478 -0.2969139516353607
v -0.1651601344347 -0.7633551955223083 -0.29226410388946533
v -0.16817902028560638 -0.7575280070304871 -0.2882305085659027
v -0.17971543967723846 -0.7608057856559753 -0.2919839918613434
v -0.19227612018585205 -0.761898398399353 -0.2957935035228729
v -0.20354299247264862 -0.7594704031944275 -0.30184388160705566
v -0.2157263159751892 -0.7560712099075317 -0.3050931692123413
v -0.17820599675178528 -0.7660260200500488 -0.2958495318889618
v -0.19243784248828888 -0.7672399878501892 -0.2980343699455261
v -0.1927073746919632 -0.7735527753829956 -0.2993229031562805
v -0.20462116599082947 -0.7656617760658264 -0.3053172528743744
v -0.19340819120407104 -0.7812010049819946 -0.2982584834098816
v -0.19394727051258087 -0.7912772297859192 -0.29629769921302795
v -0.19427073001861572 -0.803659975528717 -0.2954573631286621
v -0.19464808702468872 -0.8161641955375671 -0.2945609986782074
v -0.19480980932712555 -0.8285470008850098 -0.2943369150161743
v -0.1947559118270874 -0.8409298062324524 -0.2951212227344513
v -0.19464808702468872 -0.8531911969184875 -0.29573747515678406
v -0.1943785399198532 -0.8652098178863525 -0.29612964391708374
v -0.19367773830890656 -0.8772283792495728 -0.29719406366348267
v -0.1923300176858902 -0.8891255855560303 -0.29837051033973694
v -0.19071276485919952 -0.9006586074829102 -0.2989867627620697
v -0.18909551203250885 -0.9117059707641602 -0.2999391257762909
v -0.18780170381069183 -0.9223892092704773 -0.3011716306209564
v -0.18720871210098267 -0.9328296184539795 -0.3022920489311218
v -0.18807125091552734 -0.9432700276374817 -0.3053172528743744
v -0.19028149545192719 -0.9524964094161987 -0.31075140833854675
v -0.19993111491203308 -0.9426630139350891 -0.30654972791671753
v -0.19858340919017792 -0.9331938028335571 -0.3020119369029999
v -0.19836777448654175 -0.9228748083114624 -0.300163209438324
v -0.19901467859745026 -0.9120702147483826 -0.29965901374816895
v -0.19987721741199493 -0.9011442065238953 -0.2995469868183136
v -0.2008475661277771 -0.8896111845970154 -0.29926687479019165
v -0.20176401734352112 -0.8777139782905579 -0.2982584834098816
v -0.20241090655326843 -0.8656954169273376 -0.29708200693130493
v -0.20295000076293945 -0.8537982106208801 -0.2969699501991272
v -0.2036508023738861 -0.8417795896530151 -0.2973621189594269
v -0.20445942878723145 -0.8296396136283875 -0.2980343699455261
v -0.20532196760177612 -0.8173782229423523 -0.29887470602989197
v -0.20640014111995697 -0.8049954175949097 -0.29965901374816895
v -0.2068314105272293 -0.7924911975860596 -0.3025161623954773
v -0.20650795102119446 -0.7819293737411499 -0.3069418966770172
v -0.2058071494102478 -0.773188591003418 -0.3078382611274719
v -0.21955381333827972 -0.7723388075828552 -0.31131163239479065
v -0.21782873570919037 -0.7633551955223083 -0.30907073616981506
v -0.23130586743354797 -0.7626268267631531 -0.3056533932685852
v -0.23281531035900116 -0.7724602222442627 -0.30755814909935
v -0.24295009672641754 -0.7741597890853882 -0.2997150421142578
v -0.24914957582950592 -0.7762235999107361 -0.28929492831230164
v -0.2518989145755768 -0.7784088253974915 -0.27725017070770264
v -0.25087466835975647 -0.7812010049819946 -0.2635807991027832
v -0.24893394112586975 -0.7911558151245117 -0.2658216655254364
v -0.24866440892219543 -0.7896990180015564 -0.2780344784259796
v -0.24580726027488708 -0.7882422208786011 -0.2893509566783905
v -0.24090157449245453 -0.7864211797714233 -0.2999391257762909
v -0.23179104924201965 -0.7844787836074829 -0.30778223276138306
v -0.21971553564071655 -0.7833861708641052 -0.3111995756626129
v -0.21858346462249756 -0.7946764230728149 -0.30593350529670715
v -0.2168583869934082 -0.8071805834770203 -0.30313238501548767
v -0.2148098647594452 -0.8194419741630554 -0.3020119369029999
v -0.21308480203151703 -0.8313391804695129 -0.3004433214664459
v -0.21168316900730133 -0.8429936170578003 -0.29859459400177
v -0.21060501039028168 -0.8545265793800354 -0.2973621189594269
v -0.2098502814769745 -0.8660596013069153 -0.297306090593338
v -0.209365114569664 -0.8778353929519653 -0.2980343699455261
v -0.20887993276119232 -0.8896111845970154 -0.2986506223678589
v -0.20850257575511932 -0.9010227918624878 -0.29904279112815857
v -0.20844866335391998 -0.9118273854255676 -0.2997710704803467
v -0.20850257575511932 -0.9220250248908997 -0.3017878532409668
v -0.20877210795879364 -0.9312514066696167 -0.30554133653640747
v -0.2178826481103897 -0.9314941763877869 -0.30386069416999817
v -0.20941901206970215 -0.9398707747459412 -0.3106953799724579
v -0.21060501039028168 -0.9481260180473328 -0.31668972969055176
v -0.2016022801399231 -0.9505540132522583 -0.31400066614151
v -0.19211438298225403 -0.9589306116104126 -0.3168017864227295
v -0.17998497188091278 -0.9555314183235168 -0.31876257061958313
v -0.17109006643295288 -0.9602659940719604 -0.3212835490703583
v -0.1630038022994995 -0.9618442058563232 -0.31909868121147156
v -0.161979541182518 -0.9698566198348999 -0.31926676630973816
v -0.1589067578315735 -0.974712610244751 -0.31596145033836365
v -0.15793639421463013 -0.979568600654602 -0.3097429871559143
v -0.15437844395637512 -0.9750767946243286 -0.30576542019844055
v -0.1637585163116455 -0.9826036095619202 -0.312207967042923
v -0.16472886502742767 -0.9776262044906616 -0.31814631819725037
v -0.16683129966259003 -0.9727702140808105 -0.3212835490703583
v -0.1687180995941162 -0.969613790512085 -0.3227401375770569
v -0.16645394265651703 -0.9665787816047668 -0.32150763273239136
v -0.1730307787656784 -0.965243399143219 -0.32341238856315613
v -0.17157524824142456 -0.9844245910644531 -0.31388863921165466
v -0.1721143275499344 -0.9794471859931946 -0.31965890526771545
v -0.18095533549785614 -0.9802970290184021 -0.32038718461990356
v -0.17319250106811523 -0.9742270112037659 -0.32285216450691223
v -0.17373159527778625 -0.9697352051734924 -0.32408466935157776
v -0.18036232888698578 -0.985759973526001 -0.31517714262008667
v -0.18963459134101868 -0.9866098165512085 -0.31596145033836365
v -0.19033540785312653 -0.9806612133979797 -0.32055526971817017
v -0.1994459480047226 -0.9806612133979797 -0.3215636610984802
v -0.19901467859745026 -0.9869740009307861 -0.3173620104789734
v -0.20817911624908447 -0.9862455725669861 -0.3189866542816162
v -0.20764003694057465 -0.9801756143569946 -0.32335636019706726
v -0.21416296064853668 -0.9787188172340393 -0.32520508766174316
v -0.2161036729812622 -0.9840604066848755 -0.32044321298599243
v -0.21852955222129822 -0.9758052229881287 -0.3269978165626526
v -0.22224923968315125 -0.9805397987365723 -0.3216196894645691
v -0.22149452567100525 -0.9714347720146179 -0.32783815264701843
v -0.2264001965522766 -0.9759265780448914 -0.3219558298587799
v -0.22812525928020477 -0.9699779748916626 -0.3201631009578705
v -0.22348913550376892 -0.965243399143219 -0.3263815641403198
v -0.21551068127155304 -0.9683998227119446 -0.33002299070358276
v -0.21400123834609985 -0.9726487994194031 -0.3288465440273285
v -0.21233007311820984 -0.9754409790039062 -0.32722190022468567
v -0.20742440223693848 -0.9755623936653137 -0.3261014521121979
v -0.19976939260959625 -0.9755623936653137 -0.32408466935157776
v -0.20785567164421082 -0.9715561866760254 -0.3280622363090515
v -0.20855648815631866 -0.9671857953071594 -0.32951879501342773
v -0.2168583869934082 -0.9620869755744934 -0.3294067680835724
v -0.2183678299188614 -0.9540746212005615 -0.3250930607318878
v -0.22494466602802277 -0.9579594135284424 -0.32133957743644714
v -0.22920343279838562 -0.9629368185997009 -0.3151211142539978
v -0.2299581617116928 -0.9745911955833435 -0.31019118428230286
v -0.23238404095172882 -0.967792809009552 -0.3062136173248291
v -0.23497164249420166 -0.963422417640686 -0.2913677394390106
v -0.232599675655365 -0.9669430255889893 -0.28262829780578613
v -0.2247290313243866 -0.9683998227119446 -0.2770821154117584
v -0.21529504656791687 -0.9702208042144775 -0.2722642123699188
v -0.21491768956184387 -0.9792044162750244 -0.27444908022880554
v -0.20165619254112244 -0.9855172038078308 -0.2739448845386505
v -0.18731653690338135 -0.9847887754440308 -0.2724882960319519
v -0.18785561621189117 -0.9877024292945862 -0.2799392342567444
v -0.23416301608085632 -0.9592947959899902 -0.30055537819862366
v -0.20284217596054077 -0.9800541996955872 -0.26873481273651123
v -0.1873704344034195 -0.979568600654602 -0.2669421136379242
v -0.17292296886444092 -0.9836962223052979 -0.27500930428504944
v -0.17168307304382324 -0.9782332181930542 -0.2692950367927551
v -0.16187171638011932 -0.9819965958595276 -0.2838047742843628
v -0.16607658565044403 -0.9855172038078308 -0.2893509566783905
v -0.1755644828081131 -0.9870954155921936 -0.2821241021156311
v -0.17815208435058594 -0.9892805814743042 -0.28979912400245667
v -0.1798771619796753 -0.9906160235404968 -0.298090398311615
v -0.1737854927778244 -0.9892805814743042 -0.2993229031562805
v -0.17033535242080688 -0.9879451990127563 -0.2949531674385071
v -0.16079354286193848 -0.9755623936653137 -0.27887481451034546
v -0.15427061915397644 -0.963422417640686 -0.2819560468196869
v -0.15507924556732178 -0.9526178240776062 -0.2741129398345947
v -0.15906848013401031 -0.9403563737869263 -0.26867881417274475
v -0.16392023861408234 -0.9282163977622986 -0.2645331621170044
v -0.16817902028560638 -0.916562020778656 -0.2608357071876526
v -0.17152133584022522 -0.9050289988517761 -0.25725027918815613
v -0.17394722998142242 -0.8933746218681335 -0.2543371319770813
v -0.1752949357032776 -0.881477415561676 -0.25181615352630615
v -0.17642702162265778 -0.869458794593811 -0.25013548135757446
v -0.17637310922145844 -0.8573188185691833 -0.24845482409000397
v -0.1751871258020401 -0.8454216122627258 -0.24666211009025574
v -0.1726534217596054 -0.833888590335846 -0.24475736916065216
v -0.16887982189655304 -0.8227198123931885 -0.24307669699192047
v -0.16397415101528168 -0.8119152188301086 -0.24167615175247192
v -0.15820594131946564 -0.801353394985199 -0.24010753631591797
v -0.1530846357345581 -0.7907915711402893 -0.23842686414718628
v -0.1509282886981964 -0.7804725766181946 -0.23736244440078735
v -0.1523299217224121 -0.7717317938804626 -0.23758652806282043
v -0.1626264452934265 -0.7727029919624329 -0.22638212144374847
v -0.1769661009311676 -0.7718532085418701 -0.21921128034591675
v -0.19249175488948822 -0.7724602222442627 -0.2166902869939804
v -0.209365114569664 -0.7735527753829956 -0.21960343420505524
v -0.22564548254013062 -0.7725815773010254 -0.22823084890842438
v -0.24057812988758087 -0.776466429233551 -0.2435808926820755
v -0.2410093992948532 -0.7864211797714233 -0.24666211009025574
v -0.2453220784664154 -0.7929767966270447 -0.2541130483150482
v -0.24435172975063324 -0.8014748096466064 -0.2647572457790375
v -0.24160239100456238 -0.8002607822418213 -0.25181615352630615
v -0.23545682430267334 -0.7974686026573181 -0.24027559161186218
v -0.2365349978208542 -0.8098514080047607 -0.24991139769554138
v -0.23885305225849152 -0.8111867904663086 -0.26257237792015076
v -0.24370482563972473 -0.8009892106056213 -0.27685803174972534
v -0.24106331169605255 -0.7998965978622437 -0.2882865369319916
v -0.23712798953056335 -0.798803985118866 -0.2989867627620697
v -0.23658889532089233 -0.8111867904663086 -0.28649383783340454
v -0.23852960765361786 -0.8115509748458862 -0.27484121918678284
v -0.23394738137722015 -0.8219913840293884 -0.27276840806007385
v -0.23303094506263733 -0.8223556280136108 -0.28408488631248474
v -0.233354389667511 -0.8107011914253235 -0.29668983817100525
v -0.22887998819351196 -0.7971044182777405 -0.3064377009868622
v -0.22596892714500427 -0.8093658089637756 -0.3035805821418762
v -0.2233274132013321 -0.8212630152702332 -0.30005118250846863
v -0.22122497856616974 -0.8327959775924683 -0.2971380352973938
v -0.23001205921173096 -0.8222342133522034 -0.29355260729789734
v -0.21933817863464355 -0.844086229801178 -0.29500919580459595
v -0.21782873570919037 -0.8553764224052429 -0.2937766909599304
v -0.21675057709217072 -0.8666666150093079 -0.2937766909599304
v -0.2162114828824997 -0.8780782222747803 -0.29461702704429626
v -0.21604976058006287 -0.8894898295402527 -0.2954573631286621
v -0.21615758538246155 -0.9006586074829102 -0.2960736155509949
v -0.21664275228977203 -0.91146320104599 -0.2975301742553711
v -0.21739748120307922 -0.9217821955680847 -0.3001072108745575
v -0.22311177849769592 -0.9115846157073975 -0.2927122712135315
v -0.22224923968315125 -0.9006586074829102 -0.29075151681900024
v -0.2218179702758789 -0.8894898295402527 -0.2896870970726013
v -0.22176405787467957 -0.8783209919929504 -0.28867867588996887
v -0.22241096198558807 -0.867152214050293 -0.2878383696079254
v -0.22375868260860443 -0.8559833765029907 -0.28778234124183655
v -0.22553765773773193 -0.8448145985603333 -0.2888467609882355
v -0.22758617997169495 -0.8336458206176758 -0.2908635437488556
v -0.23055115342140198 -0.8335244059562683 -0.28184399008750916
v -0.23076678812503815 -0.8330388069152832 -0.27108776569366455
v -0.22844871878623962 -0.8448145985603333 -0.28016331791877747
v -0.22704710066318512 -0.8562262058258057 -0.2793790102005005
v -0.22591501474380493 -0.8676378130912781 -0.2794910669326782
v -0.22542984783649445 -0.878928005695343 -0.28033140301704407
v -0.22559157013893127 -0.8899754285812378 -0.2817879617214203
v -0.22623847424983978 -0.9012656211853027 -0.2835806906223297
v -0.22704710066318512 -0.9125558137893677 -0.28626975417137146
v -0.22418995201587677 -0.9222677946090698 -0.2958495318889618
v -0.22456730902194977 -0.9328296184539795 -0.2999391257762909
v -0.21804437041282654 -0.9404777884483337 -0.30912676453590393
v -0.21842174232006073 -0.9476404190063477 -0.3167457580566406
v -0.21033546328544617 -0.9537103772163391 -0.3256532847881317
v -0.2026265412569046 -0.9571095705032349 -0.32150763273239136
v -0.20931120216846466 -0.9611157774925232 -0.3299109637737274
v -0.20176401734352112 -0.9624512195587158 -0.3254851996898651
v -0.23103632032871246 -0.9546815752983093 -0.3082864284515381
v -0.22521421313285828 -0.9509181976318359 -0.31321635842323303
v -0.22478294372558594 -0.9429057836532593 -0.30537328124046326
v -0.22807136178016663 -0.935257613658905 -0.29428088665008545
v -0.22780181467533112 -0.9237245917320251 -0.28996720910072327
v -0.23017379641532898 -0.9455766081809998 -0.3004993498325348
v -0.232977032661438 -0.9489758014678955 -0.2938327193260193
v -0.22887998819351196 -0.9380497932434082 -0.2878943681716919
v -0.23330047726631165 -0.9524964094161987 -0.28593361377716064
v -0.22963470220565796 -0.9409633874893188 -0.28089162707328796
v -0.22769400477409363 -0.9261525869369507 -0.2834126055240631
v -0.2275322675704956 -0.9144982099533081 -0.27926698327064514
v -0.22683146595954895 -0.9029651880264282 -0.2756255269050598
v -0.22596892714500427 -0.8914322257041931 -0.27276840806007385
v -0.22564548254013062 -0.8798992037773132 -0.2708076536655426
v -0.2260228395462036 -0.8681234121322632 -0.2697432339191437
v -0.22699318826198578 -0.8563476204872131 -0.2695191204547882
v -0.2285565286874771 -0.8444504141807556 -0.26996731758117676
v -0.22731663286685944 -0.8443289995193481 -0.25943514704704285
v -0.22483684122562408 -0.8690946102142334 -0.2602194547653198
v -0.22559157013893127 -0.8565903902053833 -0.25960323214530945
v -0.2247290313243866 -0.881477415561676 -0.26162001490592957
v -0.2249985784292221 -0.8936173915863037 -0.26408499479293823
v -0.2257532924413681 -0.9053931832313538 -0.2676703929901123
v -0.2268853783607483 -0.9170476198196411 -0.27187207341194153
v -0.22785572707653046 -0.9289448261260986 -0.2763538360595703
v -0.22909562289714813 -0.9438769817352295 -0.27366477251052856
v -0.23168322443962097 -0.9558956027030945 -0.27797847986221313
v -0.2244594842195511 -0.9579594135284424 -0.2732166051864624
v -0.22327350080013275 -0.9461836218833923 -0.26873481273651123
v -0.2276400923728943 -0.9317370057106018 -0.2691830098628998
v -0.2264001965522766 -0.9199612140655518 -0.26458919048309326
v -0.22532202303409576 -0.9080640077590942 -0.2600513994693756
v -0.22440558671951294 -0.8959239721298218 -0.25629791617393494
v -0.22375868260860443 -0.883298397064209 -0.25349682569503784
v -0.22316569089889526 -0.8703085780143738 -0.2517040967941284
v -0.22418995201587677 -0.8573188185691833 -0.25035956501960754
v -0.22564548254013062 -0.8445718288421631 -0.2495192438364029
v -0.2297964245080948 -0.8324317932128906 -0.2599393427371979
v -0.23351611196994781 -0.8212630152702332 -0.2610037624835968
v -0.2321144938468933 -0.8206560015678406 -0.248959019780159
v -0.22807136178016663 -0.8321890234947205 -0.24901504814624786
v -0.22413603961467743 -0.8454216122627258 -0.24055570363998413
v -0.2232195883989334 -0.8585327863693237 -0.24223637580871582
v -0.22262659668922424 -0.8717653751373291 -0.2443091869354248
v -0.22235704958438873 -0.8849980235099792 -0.24666211009025574
v -0.2219257950782776 -0.8981091976165771 -0.24985536932945251
v -0.22187188267707825 -0.9107347726821899 -0.2537209093570709
v -0.22187188267707825 -0.9227533936500549 -0.25865083932876587
v -0.22273442149162292 -0.934529185295105 -0.26346874237060547
v -0.2148098647594452 -0.9486116170883179 -0.2641410231590271
v -0.21551068127155304 -0.960144579410553 -0.2682306170463562
v -0.20235700905323029 -0.9715561866760254 -0.2700793445110321
v -0.20284217596054077 -0.9800541996955872 -0.26873481273651123
v -0.18796344101428986 -0.9711920022964478 -0.26851072907447815
v -0.1873704344034195 -0.979568600654602 -0.2669421136379242
v -0.1740550398826599 -0.9691281914710999 -0.26996731758117676
v -0.161979541182518 -0.9664574265480042 -0.2739448845386505
v -0.16370460391044617 -0.9556527733802795 -0.26851072907447815
v -0.15906848013401031 -0.9403563737869263 -0.26867881417274475
v -0.16753211617469788 -0.9435127973556519 -0.26481327414512634
v -0.17152133584022522 -0.9314941763877869 -0.2600513994693756
v -0.17497149109840393 -0.9197183847427368 -0.2551214396953583
v -0.17782863974571228 -0.9078211784362793 -0.25091978907585144
v -0.18009279668331146 -0.8955597877502441 -0.24772652983665466
v -0.18149441480636597 -0.883298397064209 -0.24492542445659637
v -0.1823030412197113 -0.8709155917167664 -0.24251647293567657
v -0.18246476352214813 -0.8586542010307312 -0.24027559161186218
v -0.18181785941123962 -0.8465142250061035 -0.2380347102880478
v -0.18041624128818512 -0.834374189376831 -0.23607394099235535
v -0.17750518023967743 -0.8227198123931885 -0.2341131716966629
v -0.17270733416080475 -0.8119152188301086 -0.23120000958442688
v -0.16747820377349854 -0.8015962243080139 -0.22862300276756287
v -0.1642436981201172 -0.7907915711402893 -0.2280067503452301
v -0.16187171638011932 -0.7812010049819946 -0.22627006471157074
v -0.17610356211662292 -0.780593991279602 -0.2196594625711441
v -0.19189874827861786 -0.7792586088180542 -0.21769869327545166
v -0.17685827612876892 -0.7901846170425415 -0.2189311683177948
v -0.17944589257240295 -0.8009892106056213 -0.21932333707809448
v -0.1837046593427658 -0.8116723895072937 -0.22268465161323547
v -0.1873704344034195 -0.8227198123931885 -0.22643813490867615
v -0.1897963285446167 -0.8347383737564087 -0.22951935231685638
v -0.19949986040592194 -0.8219913840293884 -0.22296476364135742
v -0.19739742577075958 -0.810579776763916 -0.21809084713459015
v -0.1948637217283249 -0.7991682291030884 -0.21534575521945953
v -0.21135972440242767 -0.7971044182777405 -0.21814686059951782
v -0.1925995647907257 -0.7887278199195862 -0.21562586724758148
v -0.2117909938097 -0.8086373805999756 -0.2203877568244934
v -0.21135972440242767 -0.8206560015678406 -0.22470144927501678
v -0.21141363680362701 -0.8336458206176758 -0.227278470993042
v -0.20090147852897644 -0.834617018699646 -0.22582189738750458
v -0.19103622436523438 -0.8472425937652588 -0.23187227547168732
v -0.1915753036737442 -0.8597468137741089 -0.23461736738681793
v -0.2233274132013321 -0.8073019981384277 -0.22828686237335205
v -0.2016022801399231 -0.8473640084266663 -0.22851096093654633
v -0.20165619254112244 -0.860232412815094 -0.23181626200675964
v -0.21119800209999084 -0.8467569947242737 -0.2302476465702057
v -0.22009289264678955 -0.8327959775924683 -0.2320963740348816
v -0.22095543146133423 -0.8195633888244629 -0.23047173023223877
v -0.23135977983474731 -0.8079090118408203 -0.23848289251327515
v -0.22526811063289642 -0.7963759899139404 -0.2280067503452301
v -0.22532202303409576 -0.7864211797714233 -0.23019161820411682
v -0.2098502814769745 -0.7871496081352234 -0.21921128034591675
v -0.20920337736606598 -0.7784088253974915 -0.220219686627388
v -0.22618456184864044 -0.7776803970336914 -0.22834289073944092
v -0.22785572707653046 -0.8196848034858704 -0.23853890597820282
v -0.22564548254013062 -0.8323103785514832 -0.23926720023155212
v -0.21949990093708038 -0.8460286259651184 -0.23400111496448517
v -0.21858346462249756 -0.8593826293945312 -0.23663416504859924
v -0.2178826481103897 -0.8727365732192993 -0.23926720023155212
v -0.21707402169704437 -0.8862119913101196 -0.2422923892736435
v -0.2162114828824997 -0.8995659947395325 -0.24570973217487335
v -0.2153489589691162 -0.9125558137893677 -0.24957525730133057
v -0.21475595235824585 -0.9251813888549805 -0.25388896465301514
v -0.21448642015457153 -0.9369571805000305 -0.25909900665283203
v -0.2032734453678131 -0.9494614005088806 -0.2624603509902954
v -0.20273436605930328 -0.9607515931129456 -0.2668860852718353
v -0.1891494244337082 -0.9600232243537903 -0.26570963859558105
v -0.19071276485919952 -0.9486116170883179 -0.26167604327201843
v -0.2041359841823578 -0.9376856088638306 -0.25719428062438965
v -0.2054297924041748 -0.9260311722755432 -0.25125592947006226
v -0.2069392204284668 -0.9131628274917603 -0.24694222211837769
v -0.20839475095272064 -0.8999301791191101 -0.24313272535800934
v -0.20958074927330017 -0.8865761756896973 -0.2394912838935852
v -0.2103893756866455 -0.8732221722602844 -0.2361859828233719
v -0.21092845499515533 -0.859989583492279 -0.23304875195026398
v -0.20138664543628693 -0.8732221722602844 -0.2352336049079895
v -0.20052412152290344 -0.8862119913101196 -0.23881901800632477
v -0.19917640089988708 -0.8992018103599548 -0.2424604594707489
v -0.19723568856716156 -0.9124343991279602 -0.2459898442029953
v -0.19491763412952423 -0.9253028035163879 -0.25019150972366333
v -0.1927073746919632 -0.9369571805000305 -0.2561298608779907
v -0.17852944135665894 -0.9464263916015625 -0.2619561553001404
v -0.17588792741298676 -0.9580808281898499 -0.2660457491874695
v -0.1815483272075653 -0.9346505999565125 -0.2570822238922119
v -0.18429765105247498 -0.9227533936500549 -0.25164806842803955
v -0.1869930773973465 -0.9104920029640198 -0.24705426394939423
v -0.18925723433494568 -0.897623598575592 -0.24380499124526978
v -0.1908205896615982 -0.8849980235099792 -0.24066774547100067
v -0.1915753036737442 -0.8722509741783142 -0.23758652806282043
v -0.1812787801027298 -0.960873007774353 -0.3221238851547241
v -0.18187177181243896 -0.9656075835227966 -0.3238045573234558
v -0.18197959661483765 -0.9700993895530701 -0.32430875301361084
v -0.18160222470760345 -0.9749553799629211 -0.3232443332672119
v -0.1909283995628357 -0.9751982092857361 -0.3229081928730011
v -0.2002006620168686 -0.9713134169578552 -0.3256532847881317
v -0.20079365372657776 -0.9671857953071594 -0.3262695074081421
v -0.19189874827861786 -0.9667001962661743 -0.32318830490112305
v -0.1914674937725067 -0.9707064032554626 -0.3236364722251892
v -0.1922222077846527 -0.9628154039382935 -0.321395605802536
vn -0.3096453845500946 -0.9310142993927002 0.19321508705615997
vn -0.52967369556427 -0.761748194694519 0.37307560443878174
vn -0.681761622428894 -0.727104663848877 0.08074574917554855
vn -0.8171827793121338 -0.5414849519729614 0.1975002884864807
vn -0.863247811794281 -0.5042080879211426 0.024029340595006943
vn -0.8196883201599121 -0.5582010746002197 0.12854042649269104
vn -0.645473062992096 -0.597440242767334 0.4758462607860565
vn -0.2312985509634018 -0.8632179498672485 0.4487268626689911
vn -0.7141194343566895 -0.6807534694671631 -0.16312000155448914
vn -0.3963097035884857 -0.8975558876991272 -0.19321508705615997
vn -0.5593922138214111 -0.7230729460716248 -0.405272513628006
vn -0.8679592609405518 -0.4575091302394867 -0.19321508705615997
vn -0.9059815406799316 -0.4171435832977295 -0.07203252613544464
vn -0.9452795386314392 -0.32619577646255493 0.006554040592163801
vn -0.7732862830162048 -0.46314650774002075 0.43303996324539185
vn -0.5979552268981934 -0.3488565683364868 0.7216291427612305
vn -0.33804813027381897 -0.6659494042396545 0.6650074124336243
vn 0.022638607770204544 -0.9029744863510132 0.42909738421440125
vn -0.0753469318151474 -0.9525668621063232 0.2948545813560486
vn 0.0922740250825882 -0.9573184847831726 0.27391019463539124
vn -0.08478818088769913 -0.9943854212760925 -0.0633138045668602
vn 0.1635390967130661 -0.9854702353477478 0.04586252197623253
vn 0.15597783029079437 -0.9570547938346863 0.24437066912651062
vn 0.21710892021656036 -0.9754409193992615 -0.03713129088282585
vn 0.15226660668849945 -0.9118798971176147 -0.3811691105365753
vn -0.08677578717470169 -0.8834589123725891 -0.46040233969688416
vn -0.29639899730682373 -0.8388908505439758 -0.456519216299057
vn -0.2324950098991394 -0.7277779579162598 -0.6452018022537231
vn -0.4435484707355499 -0.6323545575141907 -0.6351318359375
vn 0.013233121484518051 -0.701554536819458 -0.7124928832054138
vn 0.10724234580993652 -0.6807243824005127 -0.7246471047401428
vn 0.14635810256004333 -0.7527273297309875 -0.641857385635376
vn 0.23540885746479034 -0.9247516393661499 -0.2990269064903259
vn 0.18945837020874023 -0.9391630291938782 -0.2864931523799896
vn 0.16513778269290924 -0.8156788945198059 -0.5544344186782837
vn 0.2620879113674164 -0.8261780738830566 -0.4987381398677826
vn 0.3025892674922943 -0.9166091680526733 -0.2612801790237427
vn 0.39795222878456116 -0.9027878642082214 -0.16312000155448914
vn 0.45838668942451477 -0.7989861965179443 -0.3892335295677185
vn 0.5986579060554504 -0.8008587956428528 -0.0152922747656703
vn 0.7253608107566833 -0.6239861845970154 -0.29067665338516235
vn 0.9293742179870605 -0.36861494183540344 -0.01966099627315998
vn 0.8618288040161133 -0.47724002599716187 0.17173540592193604
vn 0.9335785508155823 -0.3045291602611542 0.18892620503902435
vn 0.9874297380447388 -0.1579226851463318 0.006554040592163801
vn 0.9928731918334961 -0.05278981104493141 0.10684575140476227
vn 0.98676997423172 0.15781717002391815 -0.03713129088282585
vn 0.9506770372390747 0.30452874302864075 0.058952588587999344
vn 0.9111143350601196 0.41005927324295044 -0.04149730131030083
vn 0.9611030220985413 0.27576643228530884 -0.0152922747656703
vn 0.956699013710022 0.27555012702941895 0.09380380809307098
vn 0.9817823767662048 0.16523975133895874 0.09380380809307098
vn 0.9873354434967041 0.1579076051712036 0.0152922747656703
vn 0.9491997957229614 0.09799325466156006 0.2990269064903259
vn 0.9949923753738403 0.09799819439649582 0.01966099627315998
vn 0.9918537735939026 0.12043285369873047 0.04149730131030083
vn 0.8861386179924011 0.05280175060033798 0.46040233969688416
vn 0.9039933681488037 0.04523630440235138 0.42514660954475403
vn 0.9944223165512085 0.06785593181848526 0.08074574917554855
vn 0.8710779547691345 0 0.4911448359489441
vn 0.9946184158325195 0.015096260234713554 0.10250037163496017
vn 0.9915892481803894 -0.015105020254850388 0.12854042649269104
vn 0.8471514582633972 -0.05276917293667793 0.528724730014801
vn 0.8663716316223145 -0.09042676538228989 0.4911448359489441
vn 0.9825299382209778 -0.060377832502126694 0.1760382205247879
vn 0.8827837705612183 -0.17247121036052704 0.43697428703308105
vn 0.991767942905426 -0.1280297040939331 0.002184694167226553
vn 0.9501928091049194 -0.27542808651924133 0.1458524912595749
vn 0.8696701526641846 -0.30359694361686707 0.3892335295677185
vn 0.8526233434677124 -0.4225716292858124 0.30735430121421814
vn 0.909113347530365 -0.41027331352233887 -0.07203252613544464
vn 0.8689653277397156 -0.49080607295036316 0.0633138045668602
vn 0.7974624633789062 -0.4742026627063751 0.37307560443878174
vn 0.8672117590904236 -0.41583287715911865 0.27391019463539124
vn 0.9051110744476318 -0.423910915851593 -0.03276457265019417
vn 0.9726633429527283 -0.23196260631084442 -0.010923261754214764
vn 0.8937740921974182 -0.2967534363269806 0.3363112509250641
vn 0.9598087072372437 -0.03771098703145981 0.2781098484992981
vn 0.9986827969551086 0.030177012085914612 0.04149730131030083
vn 0.8688305616378784 0.3389654755592346 0.36088213324546814
vn 0.9401553273200989 0.34040287137031555 0.0152922747656703
vn 0.6852415204048157 0.6919099688529968 0.22738653421401978
vn 0.5932416915893555 0.7024351358413696 0.3932546079158783
vn 0.30907028913497925 0.8730701804161072 0.37712597846984863
vn 0.25916653871536255 0.934406578540802 0.24437066912651062
vn -0.08671961724758148 0.9502960443496704 0.2990269064903259
vn -0.020749488845467567 0.9953744411468506 0.09380380809307098
vn -0.1728096902370453 0.9800524711608887 0.0981530249118805
vn -0.25538936257362366 0.9446247220039368 0.2060592919588089
vn -0.18762384355068207 0.9819470047950745 0.024029340595006943
vn -0.22814702987670898 0.9559599161148071 0.18463370203971863
vn -0.020765315741300583 0.9672865271568298 0.25283506512641907
vn 0.13165833055973053 0.9880011081695557 0.08074574917554855
vn 0.24794715642929077 0.9241370558738708 0.29067665338516235
vn 0.29573360085487366 0.9541689157485962 -0.04586252197623253
vn 0.2667448818683624 0.9626753330230713 -0.04586252197623253
vn 0.2518835961818695 0.936396062374115 0.24437066912651062
vn 0.12794172763824463 0.9910863637924194 -0.03713129088282585
vn 0.04339686781167984 0.9687103033065796 0.24437066912651062
vn -0.17845167219638824 0.9806299805641174 -0.08074574917554855
vn -0.24463047087192535 0.9360717535018921 0.25283506512641907
vn -0.6195265054702759 0.7820531725883484 -0.06767380982637405
vn -0.44515541195869446 0.7609558701515198 -0.4719987213611603
vn -0.668475866317749 0.5192879438400269 -0.5324283838272095
vn -0.8537336587905884 0.49726352095603943 -0.15449213981628418
vn -0.5715858936309814 0.7591123580932617 0.31150925159454346
vn -0.16688917577266693 0.9006258845329285 0.401274174451828
vn 0.08097891509532928 0.9123713374137878 0.401274174451828
vn 0.2533988952636719 0.887359082698822 0.3852050006389618
vn 0.9382768869400024 -0.15032795071601868 -0.31150925159454346
vn 0.9864906668663025 -0.015100578777492046 -0.16312000155448914
vn 0.19842448830604553 0.8887381553649902 0.41324591636657715
vn 0.013195684179663658 0.891602098941803 0.45262736082077026
vn -0.16871173679828644 0.8795871138572693 0.44481781125068665
vn 0.07727514207363129 0.9109241366386414 0.405272513628006
vn 0.17623335123062134 0.9174055457115173 0.3568037748336792
vn 0.20961172878742218 0.913521945476532 0.34862664341926575
vn 0.00943935476243496 0.9674633741378784 0.25283506512641907
vn -0.20596633851528168 0.9556871652603149 0.2103329300880432
vn -0.19109684228897095 0.9437907934188843 0.26970529556274414
vn -0.09790346026420593 0.9555468559265137 0.2781098484992981
vn 0.14097341895103455 0.9250492453575134 0.3527185618877411
vn -0.060363855212926865 0.9738854765892029 0.21886809170246124
vn -0.2079572230577469 0.9644405841827393 0.16312000155448914
vn 0.5914148688316345 0.667350709438324 0.45262736082077026
vn 0.4119652509689331 0.7060030102729797 0.5760593414306641
vn 0.05841204151511192 0.9428461790084839 0.3280687630176544
vn -0.10359437763690948 0.9711920022964478 0.21460255980491638
vn -0.03773894160985947 0.9220590591430664 0.3852050006389618
vn 0.18854035437107086 0.7315850853919983 0.6551609039306641
vn -0.0640707015991211 0.8020737171173096 0.5937783122062683
vn -0.17998898029327393 0.943535327911377 0.2781098484992981
vn -0.23364099860191345 0.9606558680534363 0.15017375349998474
vn -0.13363313674926758 0.9728561639785767 0.18892620503902435
vn -0.15770328044891357 0.9619474411010742 0.22312943637371063
vn 0.03205236420035362 0.9562843441963196 0.29067665338516235
vn 0.0414939746260643 0.9479652643203735 0.31565824151039124
vn -0.0339299701154232 0.918803334236145 0.3932546079158783
vn -0.01131516695022583 0.9580154418945312 0.2864931523799896
vn -0.11478623747825623 0.9670157432556152 0.22738653421401978
vn -0.17249524593353271 0.8768634796142578 0.4487268626689911
vn -0.33273133635520935 0.8119066953659058 0.4796847105026245
vn -0.2092176228761673 0.8585283160209656 0.46814218163490295
vn -0.7548460364341736 0.3264455795288086 0.5688942670822144
vn -0.522840142250061 0.7247636914253235 0.4487268626689911
vn -0.7914299964904785 0.4540289342403412 0.40926313400268555
vn -0.8768841624259949 0.44382941722869873 0.18463370203971863
vn -0.9292516708374023 0.07909097522497177 0.36088213324546814
vn -0.9909160137176514 0.1279197335243225 -0.04149730131030083
vn -0.896565318107605 0.1874822974205017 -0.401274174451828
vn -0.6490125060081482 0.282621830701828 -0.7063339352607727
vn -0.27263376116752625 0.582926332950592 -0.7654199600219727
vn -0.0377667136490345 0.8986808061599731 -0.43697428703308105
vn -0.17845167219638824 0.9806299805641174 -0.08074574917554855
vn 0.12794172763824463 0.9910863637924194 -0.03713129088282585
vn 0.2667448818683624 0.9626753330230713 -0.04586252197623253
vn 0.21291328966617584 0.8310639262199402 -0.5138099193572998
vn 0.4064548909664154 0.8322081565856934 -0.37712597846984863
vn 0.29573360085487366 0.9541689157485962 -0.04586252197623253
vn 0.23334088921546936 0.8501583337783813 -0.4719987213611603
vn 0.13165833055973053 0.9880011081695557 0.08074574917554855
vn -0.18762384355068207 0.9819470047950745 0.024029340595006943
vn -0.032116733491420746 0.8595410585403442 -0.5100564956665039
vn -0.013218199834227562 0.9628521800041199 -0.26970529556274414
vn -0.1728096902370453 0.9800524711608887 0.0981530249118805
vn -0.020749488845467567 0.9953744411468506 0.09380380809307098
vn 0.1746826320886612 0.9326552748680115 -0.31565824151039124
vn 0.39286789298057556 0.916416585445404 -0.0763898640871048
vn 0.4483027160167694 0.7261434197425842 -0.5212872624397278
vn 0.724452555179596 0.6604257225990295 -0.1975002884864807
vn 0.8209071159362793 0.3941311538219452 -0.41324591636657715
vn 0.9401553273200989 0.34040287137031555 0.0152922747656703
vn 0.9453245997428894 0.03775607794523239 -0.3239381015300751
vn 0.9986827969551086 0.030177012085914612 0.04149730131030083
vn 0.9726633429527283 -0.23196260631084442 -0.010923261754214764
vn 0.8874614238739014 -0.1577613651752472 -0.43303996324539185
vn 0.8671481609344482 -0.36735373735427856 -0.3363112509250641
vn 0.9051110744476318 -0.423910915851593 -0.03276457265019417
vn 0.830432653427124 -0.45618936419487 -0.3198012113571167
vn 0.8689653277397156 -0.49080607295036316 0.0633138045668602
vn 0.909113347530365 -0.41027331352233887 -0.07203252613544464
vn 0.8778390288352966 -0.39580008387565613 -0.26970529556274414
vn 0.9367308020591736 -0.24643628299236298 -0.24860523641109467
vn 0.9501928091049194 -0.27542808651924133 0.1458524912595749
vn 0.991767942905426 -0.1280297040939331 0.002184694167226553
vn 0.9408052563667297 -0.14289423823356628 -0.30735430121421814
vn 0.9610137939453125 -0.03775833547115326 -0.27391019463539124
vn 0.9825299382209778 -0.060377832502126694 0.1760382205247879
vn 0.9915892481803894 -0.015105020254850388 0.12854042649269104
vn 0.9386544823646545 0.015104351565241814 -0.34452807903289795
vn 0.9466180205345154 0.08292358368635178 -0.31150925159454346
vn 0.9946184158325195 0.015096260234713554 0.10250037163496017
vn 0.9944223165512085 0.06785593181848526 0.08074574917554855
vn 0.9546154141426086 0.1429758220911026 -0.2612801790237427
vn 0.9918537735939026 0.12043285369873047 0.04149730131030083
vn 0.9377285838127136 0.20240920782089233 -0.28230419754981995
vn 0.9608972668647766 0.20244349539279938 -0.18892620503902435
vn 0.9949923753738403 0.09799819439649582 0.01966099627315998
vn 0.9873354434967041 0.1579076051712036 0.0152922747656703
vn 0.980667233467102 0.1801566481590271 -0.0763898640871048
vn 0.9611030220985413 0.27576643228530884 -0.0152922747656703
vn 0.9568511247634888 0.25378257036209106 -0.1415284425020218
vn 0.902489423751831 0.41724905371665955 -0.10684575140476227
vn 0.9111143350601196 0.41005927324295044 -0.04149730131030083
vn 0.8907185792922974 0.39602231979370117 -0.22312943637371063
vn 0.98676997423172 0.15781717002391815 -0.03713129088282585
vn 0.9864906668663025 -0.015100578777492046 -0.16312000155448914
vn 0.9022602438926697 0.1578146368265152 -0.401274174451828
vn 0.7429660558700562 0.03773995116353035 -0.6682642698287964
vn 0.551798403263092 0.4531545639038086 -0.7001210451126099
vn 0.5691267848014832 0.6478902101516724 -0.5062933564186096
vn 0.7466093301773071 0.5181711316108704 -0.417220801115036
vn 0.732301652431488 0.35744744539260864 -0.5796254277229309
vn 0.8560840487480164 0.2821285128593445 -0.43303996324539185
vn 0.7565334439277649 0.274015337228775 -0.5937783122062683
vn 0.8332686424255371 0.23858670890331268 -0.4987381398677826
vn 0.8372588753700256 0.1650974005460739 -0.5212872624397278
vn 0.8303644061088562 0.10550873726606369 -0.5471406579017639
vn 0.8615336418151855 0.03777296096086502 -0.5062933564186096
vn 0.8494536876678467 -0.05283765494823456 -0.5250110030174255
vn 0.8132012486457825 -0.16512636840343475 -0.5580654144287109
vn 0.8378442525863647 -0.24601326882839203 -0.48733407258987427
vn 0.7540678381919861 -0.3021296560764313 -0.5831804275512695
vn 0.591081440448761 -0.27088120579719543 -0.7597671151161194
vn 0.6732827425003052 -0.2799057066440582 -0.6843559741973877
vn 0.62388014793396 -0.1277124434709549 -0.7710143327713013
vn 0.7411999106407166 0.11280854791402817 -0.661737859249115
vn 0.5444177985191345 0.45243963599205017 -0.7063339352607727
vn 0.25916653871536255 0.934406578540802 0.24437066912651062
vn 0.6852415204048157 0.6919099688529968 0.22738653421401978
vn 0.9382768869400024 -0.15032795071601868 -0.31150925159454346
vn 0.4213886559009552 0.1484522968530655 -0.8946471214294434
vn 0.28138467669487 -0.17265471816062927 -0.9439348578453064
vn 0.23486389219760895 -0.2014632374048233 -0.9509214162826538
vn 0.3045597970485687 -0.10413402318954468 -0.946783721446991
vn 0.2964630722999573 -0.052701354026794434 -0.953589141368866
vn 0.4664701521396637 -0.11976917833089828 -0.8763908743858337
vn 0.6198920011520386 -0.11271318793296814 -0.7765498161315918
vn 0.5912467837333679 -0.03022884391248226 -0.8059239983558655
vn 0.6519344449043274 0.04533501714468002 -0.7569189071655273
vn 0.6753062605857849 0.12035436928272247 -0.7276512384414673
vn 0.589092493057251 0.14220555126667023 -0.7954543828964233
vn 0.6333053112030029 0.20815828442573547 -0.7453821301460266
vn 0.48769477009773254 0.22706815600395203 -0.8429672718048096
vn 0.5289250612258911 0.3097348213195801 -0.790128231048584
vn 0.4019811749458313 0.3405910134315491 -0.8499464392662048
vn 0.3457319140434265 0.5887550711631775 -0.7306414246559143
vn 0.24842338263988495 0.7254687547683716 -0.641857385635376
vn 0.125666543841362 0.5821250677108765 -0.8033295273780823
vn -0.12021277844905853 0.6720952391624451 -0.7306414246559143
vn 0.02267652563750744 0.5001167058944702 -0.865661084651947
vn 0.17061638832092285 0.3785625398159027 -0.9097144603729248
vn 0.2348407357931137 0.22011451423168182 -0.946783721446991
vn 0.29824650287628174 0.15981821715831757 -0.9410139322280884
vn 0.3864537477493286 0.14065766334533691 -0.9115201234817505
vn 0.32629266381263733 0.10403420776128769 -0.9395264387130737
vn 0.4198981821537018 0.09750191122293472 -0.9023185968399048
vn 0.3035328984260559 0.060135405510663986 -0.9509214162826538
vn 0.37794229388237 0.030218834057450294 -0.9253358840942383
vn 0.2632799446582794 0.007555665448307991 -0.9646899104118347
vn 0.18540094792842865 0.02265842631459236 -0.9824016690254211
vn 0.16941441595554352 0.007554377894848585 -0.9855159521102905
vn 0.1785508245229721 -0.037693385034799576 -0.983208417892456
vn 0.16063974797725677 -0.1979733407497406 -0.9669547080993652
vn 0.09814702719449997 -0.25797104835510254 -0.961154580116272
vn 0.15649451315402985 0.03766876086592674 -0.986960232257843
vn 0.2743145823478699 0.409690797328949 -0.8700028657913208
vn 0.19054237008094788 0.7038114070892334 -0.6843559741973877
vn 0.10169485956430435 0.6686614155769348 -0.736579954624176
vn 0.33094072341918945 0.5480049252510071 -0.7682244777679443
vn 0.42570605874061584 0.6065071225166321 -0.6715083718299866
vn 0.1695939600467682 0.5708761215209961 -0.8033295273780823
vn 0.1447758674621582 0.43090349435806274 -0.8907088041305542
vn 0.2853173613548279 0.23721390962600708 -0.9286137819290161
vn 0.3974859118461609 0.03772528097033501 -0.916832447052002
vn 0.40757685899734497 0.2774457335472107 -0.8700028657913208
vn 0.35523858666419983 -0.2225726991891861 -0.9078915119171143
vn 0.33861735463142395 -0.11877361685037613 -0.933397650718689
vn 0.3369494676589966 -0.09714382141828537 -0.9364978075027466
vn 0.2827881872653961 -0.030229799449443817 -0.9587059020996094
vn 0.2283966839313507 0.022613652050495148 -0.9733054637908936
vn 0.2232271283864975 0.030183613300323486 -0.9742990136146545
vn 0.16355733573436737 0.044802986085414886 -0.9855159521102905
vn 0.14206208288669586 0.06601258367300034 -0.9876541495323181
vn 0.17691580951213837 0.10141286253929138 -0.9789873361587524
vn 0.16640815138816833 0.09389617294073105 -0.9815762042999268
vn 0.14333373308181763 0.07324554026126862 -0.986960232257843
vn 0.11234535276889801 0.12703083455562592 -0.9855159521102905
vn 0.020652394741773605 0.10261569172143936 -0.9945066571235657
vn -0.011357305571436882 0.26735982298851013 -0.9635298252105713
vn -0.09952037781476974 0.45546457171440125 -0.8846737742424011
vn 0.013217148371040821 0.6093400120735168 -0.7927988767623901
vn 0.26570141315460205 0.46777012944221497 -0.8429672718048096
vn 0.16670021414756775 0.303854376077652 -0.9380210638046265
vn 0.01885509304702282 0.11178090423345566 -0.9935539960861206
vn 0.001910788007080555 0.074186772108078 -0.9972425103187561
vn -0.010922610759735107 0.018918516114354134 -0.9997613430023193
vn 0.0260293111205101 0.05531509965658188 -0.9981296062469482
vn 0.04906328395009041 0.08751165121793747 -0.994954526424408
vn 0.07085111737251282 0.04308551922440529 -0.9965559244155884
vn 0.13048554956912994 0.00759991817176342 -0.991421103477478
vn 0.19947023689746857 -0.05964438617229462 -0.9780870079994202
vn 0.3215140104293823 -0.01514325849711895 -0.946783721446991
vn 0.33625540137290955 -0.03775092586874962 -0.9410139322280884
vn 0.34538882970809937 -0.11142971366643906 -0.931820809841156
vn 0.3882625699043274 -0.24380210041999817 -0.888714075088501
vn 0.40702369809150696 -0.21099524199962616 -0.888714075088501
vn 0.43893831968307495 0 -0.8985171914100647
vn -0.009526245296001434 0.09550471603870392 -0.9953833818435669
vn 0.011347179301083088 0.3586643636226654 -0.933397650718689
vn -0.3541207015514374 0.32071712613105774 -0.8784868121147156
vn -0.5003162026405334 0.06411951780319214 -0.8634653687477112
vn -0.7874851226806641 -0.04530520364642143 -0.6146662831306458
vn -0.9304559230804443 -0.135514035820961 -0.34042292833328247
vn -0.9902157783508301 -0.1317927986383438 -0.04586252197623253
vn -0.9482591152191162 -0.09422518312931061 0.30319350957870483
vn -0.952024519443512 -0.29742327332496643 0.07203252613544464
vn -0.9228421449661255 -0.340353786945343 -0.18033768236637115
vn -0.8767531514167786 -0.282490998506546 -0.3892335295677185
vn -0.7159085273742676 -0.17944741249084473 -0.67473965883255
vn -0.34797656536102295 -0.14004851877689362 -0.926983654499054
vn 0.10504548996686935 -0.2597725987434387 -0.9599394202232361
vn 0.11751727759838104 -0.25898393988609314 -0.9587059020996094
vn 0.25576379895210266 -0.12436991930007935 -0.9587059020996094
vn 0.024616889655590057 -0.1590706706047058 -0.986960232257843
vn 0.07182449847459793 -0.10920384526252747 -0.991421103477478
vn -0.16662906110286713 -0.1639523208141327 -0.9722933769226074
vn -0.18602938950061798 -0.059647925198078156 -0.9807319641113281
vn -0.1836814284324646 0.03388291597366333 -0.9824016690254211
vn -0.2886411249637604 0.04897354543209076 -0.9561840295791626
vn -0.2337089329957962 0.0450437068939209 -0.9712626934051514
vn -0.155561164021492 0.0413544662296772 -0.986960232257843
vn -0.15812964737415314 0.13542836904525757 -0.9780870079994202
vn 0.009441184811294079 0.24630767107009888 -0.9691457152366638
vn 0.20448803901672363 0.4146607220172882 -0.8867024183273315
vn -0.28354766964912415 0.43073150515556335 -0.8567795157432556
vn 0.10158155858516693 0.561576247215271 -0.8211658596992493
vn 0.33991923928260803 0.6617233753204346 -0.6682642698287964
vn 0.3561002314090729 0.6293837428092957 -0.6907016038894653
vn 0.034004971385002136 0.6945943832397461 -0.7185974717140198
vn -0.12747487425804138 0.5924546718597412 -0.7954543828964233
vn 0.1691221445798874 0.38357627391815186 -0.9078915119171143
vn 0.4283215403556824 0.21166391670703888 -0.8784868121147156
vn 0.5167319178581238 -0.05279145762324333 -0.8545181155204773
vn 0.6214156746864319 -0.387116014957428 -0.681163489818573
vn 0.7253608107566833 -0.6239861845970154 -0.29067665338516235
vn 0.9293742179870605 -0.36861494183540344 -0.01966099627315998
vn 0.45838668942451477 -0.7989861965179443 -0.3892335295677185
vn 0.37143611907958984 -0.5728859305381775 -0.7306414246559143
vn 0.4120107889175415 -0.29747286438941956 -0.8612531423568726
vn 0.337163507938385 -0.060089923441410065 -0.9395264387130737
vn 0.37060755491256714 0.16887247562408447 -0.913308322429657
vn 0.16346916556358337 0.23272478580474854 -0.9587059020996094
vn 0.2620879113674164 -0.8261780738830566 -0.4987381398677826
vn 0.2097209095954895 -0.6258968710899353 -0.7511792182922363
vn 0.0903712809085846 -0.5850808620452881 -0.8059239983558655
vn 0.190201073884964 -0.3999357521533966 -0.8965907096862793
vn 0.09245224297046661 -0.05777057260274887 -0.9940398335456848
vn 0.16513778269290924 -0.8156788945198059 -0.5544344186782837
vn 0.14635810256004333 -0.7527273297309875 -0.641857385635376
vn 0.06779813021421432 -0.5149778723716736 -0.8545181155204773
vn 0.1290917545557022 -0.5146340131759644 -0.8476362228393555
vn 0.10724234580993652 -0.6807243824005127 -0.7246471047401428
vn 0.013233121484518051 -0.701554536819458 -0.7124928832054138
vn 0.1475887894630432 -0.532541811466217 -0.8334367275238037
vn 0.005664854776114225 -0.6094570159912109 -0.7927988767623901
vn -0.2324950098991394 -0.7277779579162598 -0.6452018022537231
vn -0.20138981938362122 -0.5146118998527527 -0.8334367275238037
vn -0.4435484707355499 -0.6323545575141907 -0.6351318359375
vn -0.5644521713256836 -0.21080473065376282 -0.7980946898460388
vn -0.8034224510192871 -0.36294570565223694 -0.4719987213611603
vn -0.8993470668792725 0.015110417269170284 -0.43697428703308105
vn -0.636367678642273 0.17540238797664642 -0.7511792182922363
vn -0.1932404488325119 -0.07748521119356155 -0.9780870079994202
vn 0.06761404871940613 -0.3399187922477722 -0.9380210638046265
vn 0.11802753806114197 -0.49040502309799194 -0.8634653687477112
vn 0.21078892052173615 -0.45825278759002686 -0.8634653687477112
vn 0.18871934711933136 -0.4049586057662964 -0.8946471214294434
vn 0.2630216181278229 -0.3003961741924286 -0.916832447052002
vn 0.17691580951213837 -0.10141286253929138 -0.9789873361587524
vn -0.21693141758441925 0.27029094099998474 -0.9380210638046265
vn -0.44940608739852905 0.5626720190048218 -0.6938546895980835
vn -0.7806230783462524 0.34480020403862 -0.5212872624397278
vn -0.9324617981910706 0.05662185698747635 -0.3568037748336792
vn -0.9616500735282898 -0.16530553996562958 -0.21886809170246124
vn -0.9617666006088257 -0.13914763927459717 -0.23588760197162628
vn -0.9995972514152527 -0.015098875388503075 0.024029340595006943
vn -0.8890026211738586 -0.21313956379890442 0.405272513628006
vn -0.5618301630020142 -0.33379724621772766 0.7569189071655273
vn -0.3971956670284271 -0.3109070658683777 0.8634653687477112
vn -0.40179136395454407 -0.3049447238445282 0.8634653687477112
vn -0.14067493379116058 -0.7422767877578735 0.6551609039306641
vn 0.05842432379722595 -0.8421163558959961 0.5361219048500061
vn 0.09984371066093445 -0.9379119873046875 0.33219319581985474
vn -0.9705752730369568 0.1092219203710556 -0.21460255980491638
vn -0.14050912857055664 -0.7124270796775818 0.6875353455543518
vn 0.09586835652589798 -0.7318029999732971 0.67473965883255
vn 0.2906235158443451 -0.8211666941642761 0.4911448359489441
vn 0.4468570947647095 -0.3432811200618744 0.8261215686798096
vn 0.6271504759788513 -0.6965211629867554 0.34862664341926575
vn 0.3926049470901489 -0.9009837508201599 0.18463370203971863
vn 0.1873416304588318 -0.9369972944259644 0.2948545813560486
vn 0.2190147042274475 -0.9619898200035095 0.16312000155448914
vn 0.18015825748443604 -0.9830917716026306 0.03276457265019417
vn 0.2667448818683624 -0.9626753330230713 -0.04586252197623253
vn 0.37362179160118103 -0.9254178404808044 0.0633138045668602
vn 0.7921245694160461 -0.3724954128265381 0.4835140109062195
vn 0.837313711643219 -0.28870898485183716 0.4642767012119293
vn 0.9122917056083679 -0.015085842460393906 0.40926313400268555
vn 0.9453142285346985 0.31906309723854065 0.06767380982637405
vn 0.8353233337402344 0.08286450058221817 0.5434780716896057
vn 0.7169181108474731 -0.01506753358989954 0.6969945430755615
vn 0.780626118183136 0.007546109613031149 0.6249527335166931
vn 0.7748415470123291 -0.022615425288677216 0.6317508816719055
vn 0.793556272983551 -0.030141741037368774 0.607749879360199
vn 0.8165382146835327 -0.03769532963633537 0.5760593414306641
vn 0.816072404384613 -0.12027830630540848 0.5652954578399658
vn 0.7979884743690491 -0.20893888175487518 0.5652954578399658
vn 0.7933759093284607 -0.2883191704750061 0.5361219048500061
vn 0.7485791444778442 -0.3850190341472626 0.5398051738739014
vn 0.7205040454864502 -0.4442903995513916 0.5324283838272095
vn 0.7595716714859009 -0.4392646253108978 0.4796847105026245
vn 0.7485079765319824 -0.31565243005752563 0.5831804275512695
vn 0.8498925566673279 -0.04523332044482231 0.5250110030174255
vn 0.7400900721549988 0.3157435357570648 0.5937783122062683
vn 0.535144567489624 0.22726905345916748 0.8136147856712341
vn 0.25288841128349304 0.13011705875396729 0.9587059020996094
vn -0.0651964545249939 0.09799356758594513 0.9930492043495178
vn -0.33466637134552 0.25245094299316406 0.9078915119171143
vn -0.5961900353431702 0.15649840235710144 0.7874425053596497
vn -0.7964553833007812 -0.022615760564804077 0.6042742133140564
vn -0.8029497861862183 -0.08287562429904938 0.590256929397583
vn -0.9019966125488281 -0.22411543130874634 0.3690181374549866
vn -0.9027978181838989 -0.4239899218082428 0.07203252613544464
vn -0.86555415391922 -0.32484790682792664 0.3811691105365753
vn -0.813408374786377 -0.17598091065883636 0.5544344186782837
vn -0.8710891008377075 -0.32865282893180847 0.3649536371231079
vn -0.892744243144989 -0.4406909644603729 0.09380380809307098
vn -0.8877696394920349 -0.440692663192749 -0.1328723281621933
vn -0.8713885545730591 -0.3921005129814148 -0.2948545813560486
vn -0.7941622138023376 -0.3417300879955292 -0.5025205612182617
vn -0.8903920650482178 -0.3785187005996704 -0.25283506512641907
vn -0.9067330956459045 -0.4139024019241333 -0.08074574917554855
vn -0.9295339584350586 -0.3686783015727997 -0.006554040592163801
vn -0.9321059584617615 -0.3115908205509186 -0.18463370203971863
vn -0.7544315457344055 -0.35133400559425354 -0.5544344186782837
vn -0.41687893867492676 -0.2486957311630249 -0.87427818775177
vn -0.20671147108078003 -0.2626698613166809 -0.9424833655357361
vn -0.4594056010246277 -0.32629692554473877 -0.8261215686798096
vn -0.49212566018104553 -0.2513872981071472 -0.8334367275238037
vn -0.771871030330658 -0.3238089382648468 -0.5471406579017639
vn -0.5218373537063599 -0.1926167607307434 -0.8310141563415527
vn -0.5995473265647888 -0.12743772566318512 -0.790128231048584
vn -0.5952349305152893 -0.018895087763667107 -0.8033295273780823
vn -0.5655704736709595 0.04157082736492157 -0.8236515522003174
vn -0.6037074327468872 0.052817557007074356 -0.7954543828964233
vn -0.5070649981498718 0.09388292580842972 -0.8567795157432556
vn -0.37496650218963623 0.19614139199256897 -0.9060511589050293
vn -0.4145165681838989 0.30676525831222534 -0.8567795157432556
vn -0.6860620379447937 0.20860838890075684 -0.6969945430755615
vn -0.8137034773826599 0.13537995517253876 -0.5652954578399658
vn -0.7912154197692871 0.0679575502872467 -0.607749879360199
vn -0.8343341946601868 0.02266671136021614 -0.5507928133010864
vn -0.8599700927734375 -0.06417520344257355 -0.5062933564186096
vn -0.8098815679550171 -0.12789024412631989 -0.5724822878837585
vn -0.8291366100311279 -0.20197056233882904 -0.5212872624397278
vn -0.8431543707847595 -0.271178662776947 -0.4642767012119293
vn -0.9576053619384766 -0.22465604543685913 -0.18033768236637115
vn -0.9720506072044373 -0.23181647062301636 0.03713129088282585
vn -0.9776340126991272 -0.17280927300453186 -0.11986933648586273
vn -0.9777488112449646 -0.12047497183084488 -0.17173540592193604
vn -0.9693025946617126 -0.05281474068760872 -0.2401314377784729
vn -0.9892991185188293 0.0037764154840260744 -0.1458524912595749
vn -0.9507687091827393 0.06412949413061142 -0.30319350957870483
vn -0.9754610657691956 0.105563685297966 -0.19321508705615997
vn -0.9238832592964172 0.15779460966587067 -0.34862664341926575
vn -0.7596976161003113 0.24882617592811584 -0.6007870435714722
vn -0.6543241143226624 0.3414474129676819 -0.67473965883255
vn -0.4273008704185486 0.5643636584281921 -0.7063339352607727
vn -0.23062875866889954 0.7342528104782104 -0.6385006904602051
vn 0.182978555560112 0.6901806592941284 -0.7001210451126099
vn 0.4653348922729492 0.6302037239074707 -0.6215357780456543
vn 0.33040082454681396 0.3451032340526581 -0.8784868121147156
vn 0.4083588421344757 0.5016801953315735 -0.762600839138031
vn -0.8452197909355164 0.338867723941803 -0.41324591636657715
vn -0.6362091898918152 0.5721679925918579 -0.5175535082817078
vn -0.6942417621612549 0.46330949664115906 -0.5507928133010864
vn -0.9043408632278442 0.24622556567192078 -0.34862664341926575
vn -0.9786432385444641 0.11297958344221115 -0.17173540592193604
vn -0.883263349533081 0.36790338158607483 -0.29067665338516235
vn -0.9651533961296082 0.25763463973999023 -0.04586252197623253
vn -0.9758442044258118 0.21359947323799133 -0.04586252197623253
vn -0.9770553708076477 0.1316441297531128 0.16742929816246033
vn -0.9780275225639343 0.19862902164459229 0.0633138045668602
vn -0.9974030256271362 0.06789521872997284 0.024029340595006943
vn -0.9989140033721924 0.04529322683811188 0.010923261754214764
vn -0.9963070154190063 0.05284449830651283 0.06767380982637405
vn -0.9991703629493713 0.037746138870716095 0.0152922747656703
vn -0.9979294538497925 -0.011318492703139782 0.0633138045668602
vn -0.9976396560668945 -0.0603460818529129 0.03276457265019417
vn -0.9899824261665344 -0.10923811793327332 0.08945280313491821
vn -0.9881096482276917 -0.14675118029117584 0.04586252197623253
vn -0.9778757095336914 -0.16156747937202454 0.1328723281621933
vn -0.988524317741394 -0.05281420797109604 0.1415284425020218
vn -0.9826080203056335 -0.10922133177518845 0.15017375349998474
vn -0.9927896857261658 -2.0533184527660175e-13 0.11986933648586273
vn -0.9940179586410522 0.022632893174886703 0.10684575140476227
vn -0.9937021136283875 0.045274872332811356 0.10250037163496017
vn -0.9955068230628967 0.041522540152072906 0.08510008454322815
vn -0.9938055872917175 0.09420763701200485 0.058952588587999344
vn -0.9316892027854919 0.041464753448963165 0.36088213324546814
vn -0.7737480401992798 -0.13877230882644653 0.6181069612503052
vn -0.5334907174110413 -0.27246201038360596 0.8007197380065918
vn -0.6261475086212158 -0.228789821267128 0.7453821301460266
vn -0.8858952522277832 -0.1015780046582222 0.45262736082077026
vn -0.9686048626899719 -2.0032987855383988e-13 0.24860523641109467
vn -0.945314884185791 -0.06408587098121643 0.3198012113571167
vn -0.9850274324417114 0.01509657222777605 0.17173540592193604
vn -0.9850274324417114 -0.01509657222777605 0.17173540592193604
vn -0.9905511140823364 -0.03396138548851013 0.1328723281621933
vn -0.9886564612388611 -0.09049718081951141 0.11986933648586273
vn -0.9740572571754456 -0.1653621941804886 0.15449213981628418
vn -0.9571164846420288 -0.2574354410171509 0.1328723281621933
vn -0.9290803670883179 -0.35778558254241943 0.09380380809307098
vn -0.9088630080223083 -0.3468590974807739 0.23163928091526031
vn -0.9486419558525085 -0.22425806522369385 0.22312943637371063
vn -0.9459134340286255 -0.13530908524990082 0.2948545813560486
vn -0.8844748139381409 -0.12786144018173218 0.4487268626689911
vn -0.9512584805488586 -0.07543376088142395 0.2990269064903259
vn -0.8079140782356262 -0.15373387932777405 0.5688942670822144
vn -0.8621872067451477 -0.12413714081048965 0.4911448359489441
vn -0.7027093768119812 -0.24417707324028015 0.6682642698287964
vn -0.7561205625534058 -0.20487795770168304 0.6215357780456543
vn -0.6188362240791321 -0.28845250606536865 0.7306414246559143
vn -0.3946109116077423 -0.32019561529159546 0.8612531423568726
vn -0.2533995509147644 -0.3289501965045929 0.9097144603729248
vn -0.1833442747592926 -0.1647467166185379 0.9691457152366638
vn -0.21166813373565674 0.17051805555820465 0.962351381778717
vn -0.03052218072116375 -0.06764409691095352 0.9972425103187561
vn 0.03693169355392456 0.1522345095872879 0.9876541495323181
vn 0.17963731288909912 -0.08710426837205887 0.97986900806427
vn 0.5274440050125122 -0.22713732719421387 0.8186644315719604
vn 0.48013997077941895 -0.2735852003097534 0.8334367275238037
vn 0.511428713798523 -0.1412568837404251 0.8476362228393555
vn 0.3474578559398651 -0.2273600697517395 0.9097144603729248
vn 0.4789440631866455 -0.1698692888021469 0.8612531423568726
vn 0.48632553219795227 -0.2121327966451645 0.8476362228393555
vn 0.6155725717544556 -0.0974971204996109 0.7820260524749756
vn 0.5303533673286438 -0.12684255838394165 0.838234007358551
vn 0.6246724128723145 -0.10504383593797684 0.7737894654273987
vn 0.6409977078437805 -0.12726230919361115 0.7569189071655273
vn 0.6545930504798889 -0.15686313807964325 0.7395281791687012
vn 0.7068363428115845 -0.1789952665567398 0.6843559741973877
vn 0.6526820063591003 -0.2576045095920563 0.7124928832054138
vn 0.6050824522972107 -0.37908539175987244 0.7001210451126099
vn 0.621184766292572 -0.44479671120643616 0.6452018022537231
vn 0.6345057487487793 -0.39391323924064636 0.6650074124336243
vn 0.5831191539764404 -0.19976577162742615 0.7874425053596497
vn 0.6177802085876465 -0.10510169714689255 0.7792953848838806
vn 0.35758528113365173 -0.030027275905013084 0.933397650718689
vn 0.021631285548210144 0.06181865930557251 0.9978529810905457
vn 0.3506734371185303 0 0.9364978075027466
vn 0.3967258930206299 -0.22977352142333984 0.888714075088501
vn 0.3963097035884857 -0.40563127398490906 0.8236515522003174
vn 0.43822887539863586 -0.34259435534477234 0.8310141563415527
vn 0.39802098274230957 -0.25009316205978394 0.882628321647644
vn 0.04859178513288498 -0.31399282813072205 0.9481810927391052
vn -0.007522332947701216 -0.2968461513519287 0.9548956751823425
vn 0.07448802888393402 -0.17128470540046692 0.9824016690254211
vn -0.38705533742904663 -0.011297048069536686 0.9219872951507568
vn 0.018387380987405777 0.08531774580478668 0.9961841106414795
vn -0.34418022632598877 -0.2724092900753021 0.8985171914100647
vn -0.4119914174079895 -0.23423637449741364 0.8805659413337708
vn -0.2721751928329468 -0.19402511417865753 0.9424833655357361
vn 0.13071662187576294 -0.21888750791549683 0.9669547080993652
vn 0.4243871867656708 -0.2109481692314148 0.8805659413337708
vn 0.4225744605064392 -0.1969342976808548 0.8846737742424011
vn -0.6312547922134399 -0.20391835272312164 0.7482877969741821
vn 0.0018721226369962096 -0.2252507358789444 0.9742990136146545
vn 0.1465122550725937 -0.24375633895397186 0.9587059020996094
vn -0.35761508345603943 -0.1948828250169754 0.913308322429657
vn -0.5890396237373352 -0.15653197467327118 0.7927988767623901
vn -0.6819658875465393 -0.20095817744731903 0.7032341957092285
vn -0.7950471043586731 -0.21986627578735352 0.5652954578399658
vn -0.7014263868331909 -0.018838681280612946 0.7124928832054138
vn -0.6465947031974792 0.018848909065127373 0.762600839138031
vn -0.3614118695259094 0.10041287541389465 0.926983654499054
vn -0.29694145917892456 -6.14143542336347e-14 0.9548956751823425
vn -0.626995325088501 -0.09014831483364105 0.7737894654273987
vn -0.8540593385696411 -0.2493448704481125 0.456519216299057
vn -0.860844075679779 -0.14646834135055542 0.48733407258987427
vn -0.6806836724281311 -0.1570192128419876 0.715552031993866
vn -0.5348270535469055 -0.19911472499370575 0.8211658596992493
vn -0.6126828789710999 -0.1856093406677246 0.7682244777679443
vn -0.445027619600296 -0.24534347653388977 0.8612531423568726
vn -0.5085784196853638 -0.2508906126022339 0.8236515522003174
vn -0.3858358860015869 -0.30081063508987427 0.872148871421814
vn -0.47071608901023865 -0.3289603292942047 0.8186644315719604
vn -0.3045157492160797 -0.3973677158355713 0.865661084651947
vn -0.11496363580226898 -0.3781741261482239 0.9185682535171509
vn -0.07983788102865219 -0.31607696413993835 0.9453682899475098
vn 0.03744124621152878 -0.2987740635871887 0.953589141368866
vn 1.187080219278852e-13 -0.3831879794597626 0.9236704111099243
vn -0.08976878225803375 -0.44164738059043884 0.8926864862442017
vn -0.19570155441761017 -0.38408592343330383 0.9023185968399048
vn -0.14040809869766235 -0.3033325672149658 0.9424833655357361
vn -0.2228950411081314 -0.2812235355377197 0.933397650718689
vn -0.15263731777668 -0.26437559723854065 0.9522643685340881
vn -0.28405648469924927 -0.23236005008220673 0.9302261471748352
vn -0.23381175100803375 -0.2271801233291626 0.9453682899475098
vn 0.02620745450258255 -0.2493472844362259 0.9680594801902771
vn 0.12814070284366608 -0.24446238577365875 0.961154580116272
vn 0.02253945916891098 -0.2624221742153168 0.9646899104118347
vn 0.09060774743556976 -0.27399247884750366 0.9574540853500366
vn 0.03190105780959129 -0.3778040111064911 0.9253358840942383
vn 0.08593043684959412 -0.4103035628795624 0.9078915119171143
vn 0.16476550698280334 -0.327920138835907 0.9302261471748352
vn 0.2160131186246872 -0.2966776192188263 0.9302261471748352
vn 0.28907403349876404 -0.30904290080070496 0.9060511589050293
vn 0.25641360878944397 -0.3215324878692627 0.9115201234817505
vn 0.3283870816230774 -0.2199869304895401 0.9185682535171509
vn 0.25608694553375244 -0.20834217965602875 0.9439348578453064
vn 0.3688785433769226 -0.181823268532753 0.9115201234817505
vn 0.3283870816230774 -0.2199869304895401 0.9185682535171509
vn -0.12004893273115158 0.5356810092926025 -0.8358433246612549
vn -0.030153529718518257 0.25315871834754944 -0.9669547080993652
vn -0.018891241401433945 -0.05814126133918762 -0.9981296062469482
vn 0.009454860351979733 -0.30928802490234375 -0.9509214162826538
vn 0.08051970601081848 -0.34550347924232483 -0.9349566102027893
vn 0.2536139488220215 -0.1377011388540268 -0.9574540853500366
vn 0.37884679436683655 0.015121448785066605 -0.9253358840942383
vn 0.18219570815563202 0.2128874659538269 -0.9599394202232361
vn 0.02807697281241417 -0.033460833132267 -0.9990455508232117
vn 0.047208987176418304 0.5865954160690308 -0.8085030317306519
vt 0.09461529552936554 0.2620900273323059
vt 0.11541026085615158 0.2627266049385071
vt 0.09498012065887451 0.2786405384540558
vt 0.10823538899421692 0.2837330102920532
vt 0.09583137929439545 0.30505770444869995
vt 0.1272062361240387 0.2913717031478882
vt 0.13596200942993164 0.26697030663490295
vt 0.12027458101511002 0.2367338091135025
vt 0.08172484487295151 0.2913717031478882
vt 0.07211781293153763 0.27025920152664185
vt 0.06141631305217743 0.3125903010368347
vt 0.07844143360853195 0.33073219656944275
vt 0.11480222642421722 0.31524261832237244
vt 0.13888061046600342 0.3223508596420288
vt 0.15043336153030396 0.2980555593967438
vt 0.15931075811386108 0.27248716354370117
vt 0.14265045523643494 0.2401287853717804
vt 0.12282834947109222 0.2049059122800827
vt 0.09546655416488647 0.2365216165781021
vt 0.09668263047933578 0.2055424600839615
vt 0.06628063321113586 0.24129581451416016
vt 0.06640224158763885 0.20883135497570038
vt 0.09704745560884476 0.17212317883968353
vt 0.06761831790208817 0.17541205883026123
vt 0.033203255385160446 0.2149847447872162
vt 0.03831079229712486 0.2536025941371918
vt 0.04755299910902977 0.2868097126483917
vt 0.02529873512685299 0.3069673776626587
vt 0.044391192495822906 0.3391135632991791
vt 0.010584168136119843 0.26728859543800354
vt 0.0057198479771614075 0.2241087406873703
vt 0.006449495907872915 0.18029233813285828
vt 0.03660827875137329 0.17859484255313873
vt 0.04110777750611305 0.14400853216648102
vt 0.013624368235468864 0.14008308947086334
vt 0.025785168632864952 0.1031627207994461
vt 0.05132284760475159 0.11462076753377914
vt 0.0671318843960762 0.09149248898029327
vt 0.0431751124560833 0.07303231209516525
vt 0.08598113059997559 0.07409323751926422
vt 0.06287560611963272 0.05096496641635895
vt 0.08865650743246078 0.03399008512496948
vt 0.10762735456228256 0.06295347213745117
vt 0.1390022188425064 0.05595133826136589
vt 0.12611176073551178 0.02868543565273285
vt 0.17134994268417358 0.02613920345902443
vt 0.16599918901920319 0.0019499999471008778
vt 0.2204795777797699 0.03091338835656643
vt 0.21889866888523102 0.008527765981853008
vt 0.2724061906337738 0.0175456702709198
vt 0.27046045660972595 0.04046176001429558
vt 0.3163066804409027 0.052556362003088
vt 0.32007652521133423 0.02932199463248253
vt 0.3587478697299957 0.06348393857479095
vt 0.3628825545310974 0.03876427188515663
vt 0.40240514278411865 0.04672124609351158
vt 0.39851367473602295 0.07324449717998505
vt 0.43730664253234863 0.08003444969654083
vt 0.4402252435684204 0.052344173192977905
vt 0.47609958052635193 0.08311114460229874
vt 0.477680504322052 0.05435994267463684
vt 0.5158653855323792 0.05276854708790779
vt 0.5156221985816956 0.08300504833459854
vt 0.5559960603713989 0.07971616834402084
vt 0.5549015998840332 0.048524826765060425
vt 0.5968563556671143 0.07377496361732483
vt 0.5953970551490784 0.04131050407886505
vt 0.6377166509628296 0.031974319368600845
vt 0.6389327049255371 0.06687891483306885
vt 0.682346761226654 0.05977068468928337
vt 0.6836844682693481 0.023168599233031273
vt 0.7335437536239624 0.01436288096010685
vt 0.7277065515518188 0.05404166132211685
vt 0.7753768563270569 0.05404166132211685
vt 0.7888753414154053 0.015105531550943851
vt 0.8449366688728333 0.025714831426739693
vt 0.8224391937255859 0.06295347213745117
vt 0.8613537549972534 0.08067100495100021
vt 0.8927286267280579 0.050434499979019165
vt 0.8895667791366577 0.10157132893800735
vt 0.9254411458969116 0.08024663478136063
vt 0.9479386210441589 0.11165016144514084
vt 0.9104833602905273 0.12713974714279175
vt 0.9300622344017029 0.15610313415527344
vt 0.9661798477172852 0.15196549892425537
vt 0.9479386210441589 0.1918564736843109
vt 0.9821105003356934 0.18984070420265198
vt 0.9942712783813477 0.23917394876480103
vt 0.9592481851577759 0.23546069860458374
vt 0.9980411529541016 0.2872340679168701
vt 0.9632612466812134 0.27927711606025696
vt 0.9618019461631775 0.32139602303504944
vt 0.9952441453933716 0.33317235112190247
vt 0.9558431506156921 0.36256009340286255
vt 0.9874612092971802 0.3766704797744751
vt 0.9703145027160645 0.41995641589164734
vt 0.9413717985153198 0.40372419357299805
vt 0.938453197479248 0.46080222725868225
vt 0.9166854023933411 0.4406445622444153
vt 0.9023356437683105 0.48997780680656433
vt 0.888958752155304 0.4633484482765198
vt 0.8646371364593506 0.4785197675228119
vt 0.8759467005729675 0.5180924534797668
vt 0.845544695854187 0.5219117999076843
vt 0.8373969793319702 0.4854157865047455
vt 0.8457878828048706 0.443296879529953
vt 0.8698663115501404 0.43162664771080017
vt 0.8947959542274475 0.4142273962497711
vt 0.9154692888259888 0.3859005570411682
vt 0.08403539657592773 0.007679021917283535
vt 0.1178424209356308 0.004177953116595745
vt 0.8958904147148132 0.3727450370788574
vt 0.8760682940483093 0.38473355770111084
vt 0.8493145704269409 0.39714643359184265
vt 0.8630562424659729 0.35311782360076904
vt 0.8939446806907654 0.34696444869041443
vt 0.9248331189155579 0.3505716025829315
vt 0.9272652864456177 0.3136512339115143
vt 0.9275084733963013 0.27694305777549744
vt 0.9241034388542175 0.23885567486286163
vt 0.9137668013572693 0.20257186889648438
vt 0.8978361487388611 0.17053177952766418
vt 0.8854321241378784 0.21657614409923553
vt 0.8921205401420593 0.24723701179027557
vt 0.8803246021270752 0.15260206162929535
vt 0.8527195453643799 0.17700344324111938
vt 0.8699879050254822 0.19291740655899048
vt 0.8656100034713745 0.22792808711528778
vt 0.8494361639022827 0.21721269190311432
vt 0.8303437232971191 0.2053302824497223
vt 0.8123456835746765 0.23832520842552185
vt 0.8365457057952881 0.2466004639863968
vt 0.8612321019172668 0.25073808431625366
vt 0.8555165529251099 0.283626914024353
vt 0.8896883726119995 0.2805502116680145
vt 0.8909044861793518 0.31428778171539307
vt 0.8546652793884277 0.3187437057495117
vt 0.8325326442718506 0.3609687089920044
vt 0.8247497081756592 0.32107773423194885
vt 0.8270602822303772 0.2815050482749939
vt 0.8021306395530701 0.2775796055793762
vt 0.8082110285758972 0.36542460322380066
vt 0.8000633120536804 0.3218204081058502
vt 0.7966582775115967 0.3677586615085602
vt 0.8253577947616577 0.405739963054657
vt 0.8085758686065674 0.41284817457199097
vt 0.8237768411636353 0.45082947611808777
vt 0.787051260471344 0.4209112524986267
vt 0.7993336319923401 0.45751333236694336
vt 0.8086974620819092 0.48965951800346375
vt 0.8142914175987244 0.5220178961753845
vt 0.8361808657646179 0.5619088411331177
vt 0.8580703139305115 0.5683805346488953
vt 0.888472318649292 0.5397354364395142
vt 0.8820270895957947 0.5763375163078308
vt 0.8679205775260925 0.6228062510490417
vt 0.8409236073493958 0.6117725372314453
vt 0.8238984942436218 0.6501782536506653
vt 0.8479768633842468 0.6625910997390747
vt 0.8096703290939331 0.6877351403236389
vt 0.8328974843025208 0.6963286995887756
vt 0.8313165307044983 0.7321881055831909
vt 0.8040763735771179 0.7252920866012573
vt 0.8023738265037537 0.7627428770065308
vt 0.8291276097297668 0.7725034356117249
vt 0.8207366466522217 0.8136675357818604
vt 0.7972663044929504 0.8008303046226501
vt 0.7905778884887695 0.8241707682609558
vt 0.773917555809021 0.7969048619270325
vt 0.7713637948036194 0.8286266326904297
vt 0.7431507706642151 0.832339882850647
vt 0.7404753565788269 0.8709577918052673
vt 0.7105598449707031 0.8324459791183472
vt 0.701196014881134 0.869154155254364
vt 0.6554713845252991 0.8598179817199707
vt 0.6694563031196594 0.8239585757255554
vt 0.6261638402938843 0.8056044578552246
vt 0.6085307002067566 0.838493287563324
vt 0.5862764120101929 0.7827944755554199
vt 0.5673055648803711 0.8135614395141602
vt 0.5305799841880798 0.7892661690711975
vt 0.5485779643058777 0.7594540119171143
vt 0.5123387575149536 0.7388719916343689
vt 0.4965297281742096 0.7677292823791504
vt 0.46406039595603943 0.7493751645088196
vt 0.4775588810443878 0.7212605476379395
vt 0.4433870315551758 0.7061953544616699
vt 0.43159106373786926 0.73430997133255
vt 0.3993649482727051 0.7203056812286377
vt 0.4095800220966339 0.6926154494285583
vt 0.37601619958877563 0.6803086400032043
vt 0.3670172095298767 0.7082111239433289
vt 0.3346695005893707 0.6973896026611328
vt 0.34233078360557556 0.6701236963272095
vt 0.3017137348651886 0.6876290440559387
vt 0.30791571736335754 0.6622728109359741
vt 0.272041380405426 0.6567559838294983
vt 0.2671770453453064 0.6802025437355042
vt 0.23008660972118378 0.6748979091644287
vt 0.23361323773860931 0.6537854075431824
vt 0.1910504400730133 0.6707602739334106
vt 0.19360420107841492 0.6511330604553223
vt 0.15323035418987274 0.646889328956604
vt 0.1510414034128189 0.6666226387023926
vt 0.11407257616519928 0.6389323472976685
vt 0.10957308113574982 0.658665657043457
vt 0.07150977849960327 0.6398872137069702
vt 0.08281932026147842 0.6216391921043396
vt 0.06251078099012375 0.6032851338386536
vt 0.09546655416488647 0.6025424599647522
vt 0.12100423127412796 0.6189869046211243
vt 0.15675698220729828 0.6269438862800598
vt 0.19591476023197174 0.6304449439048767
vt 0.23568058013916016 0.6320363283157349
vt 0.27471673488616943 0.6334155201911926
vt 0.312171995639801 0.6367044448852539
vt 0.3484112024307251 0.6426455974578857
vt 0.38379910588264465 0.6517696380615234
vt 0.4191870391368866 0.6632276773452759
vt 0.45457497239112854 0.6769136786460876
vt 0.49032771587371826 0.6928276419639587
vt 0.5270533561706543 0.7104390263557434
vt 0.5647518038749695 0.7299601435661316
vt 0.6028151512145996 0.7514970302581787
vt 0.6416080594062805 0.7727156281471252
vt 0.6822251677513123 0.7888417840003967
vt 0.7183427214622498 0.7953134775161743
vt 0.7478934526443481 0.7957378029823303
vt 0.803589940071106 0.8435857892036438
vt 0.7724583148956299 0.8626825213432312
vt 0.044147975742816925 0.6167589426040649
vt 0.7256392240524292 0.7555285692214966
vt 0.6934130787849426 0.7502239346504211
vt 0.6554713845252991 0.7364318370819092
vt 0.616313636302948 0.7195630669593811
vt 0.5776422619819641 0.7009967565536499
vt 0.5395789742469788 0.6819000244140625
vt 0.5018804669380188 0.6640763878822327
vt 0.4645468294620514 0.6478441953659058
vt 0.4274563789367676 0.6339460015296936
vt 0.39024433493614197 0.6229123473167419
vt 0.3527890741825104 0.6151675581932068
vt 0.314725786447525 0.6104994416236877
vt 0.2760544419288635 0.6084836721420288
vt 0.23689664900302887 0.6081653833389282
vt 0.19810371100902557 0.6069983839988708
vt 0.16137808561325073 0.6022241711616516
vt 0.1296384036540985 0.5909783244132996
vt 0.10616805404424667 0.5749582648277283
vt 0.13717809319496155 0.5540579557418823
vt 0.16758009791374207 0.5675317645072937
vt 0.20211677253246307 0.575382649898529
vt 0.2392072081565857 0.5795202851295471
vt 0.2775137424468994 0.5808994770050049
vt 0.3165498971939087 0.5827030539512634
vt 0.35607248544692993 0.5867345929145813
vt 0.3953518867492676 0.5937367677688599
vt 0.43438804149627686 0.6042399406433105
vt 0.47305938601493835 0.6181381344795227
vt 0.5114875435829163 0.634158194065094
vt 0.5505236983299255 0.6510269641876221
vt 0.5896814465522766 0.667365312576294
vt 0.6293256878852844 0.6827487945556641
vt 0.6692131161689758 0.6971774101257324
vt 0.7050874829292297 0.7076806426048279
vt 0.733786940574646 0.7129852771759033
vt 0.7525146007537842 0.7572260499000549
vt 0.7769578099250793 0.7590296268463135
vt 0.7793899178504944 0.7207300662994385
vt 0.7881457209587097 0.680096447467804
vt 0.8021306395530701 0.6411603093147278
vt 0.8180612921714783 0.6027546525001526
vt 0.7576221227645874 0.7165924310684204
vt 0.767715573310852 0.6743674278259277
vt 0.7448532581329346 0.6689566969871521
vt 0.7804844379425049 0.6340520977973938
vt 0.717734694480896 0.6630154848098755
vt 0.6819819211959839 0.6554828882217407
vt 0.6405135989189148 0.6445553302764893
vt 0.5990452766418457 0.6316119432449341
vt 0.5592794418334961 0.6178198456764221
vt 0.5193920135498047 0.602966845035553
vt 0.47999104857444763 0.5884321331977844
vt 0.4403468370437622 0.575382649898529
vt 0.400337815284729 0.5647733807563782
vt 0.35984233021736145 0.5572407841682434
vt 0.31983330845832825 0.552360475063324
vt 0.2817700207233429 0.5489655137062073
vt 0.24504439532756805 0.545782744884491
vt 0.2097780704498291 0.5410085320472717
vt 0.17560622096061707 0.5301870703697205
vt 0.1431368887424469 0.5149096846580505
vt 0.18472681939601898 0.49326667189598083
vt 0.2176825851202011 0.5037698745727539
vt 0.2520976662635803 0.5103476643562317
vt 0.288580060005188 0.5152279138565063
vt 0.3260353207588196 0.5210630297660828
vt 0.365436315536499 0.5281713008880615
vt 0.4059317708015442 0.5367648005485535
vt 0.4460624158382416 0.5473741292953491
vt 0.485706627368927 0.5592565536499023
vt 0.5252292156219482 0.571775496006012
vt 0.5651166439056396 0.584082305431366
vt 0.6052472591400146 0.5956464409828186
vt 0.6465939879417419 0.6060435175895691
vt 0.6884271502494812 0.6149553656578064
vt 0.7272201180458069 0.6202600002288818
vt 0.7556763887405396 0.6259890198707581
vt 0.7668642997741699 0.58864426612854
vt 0.794590950012207 0.5952220559120178
vt 0.8077245950698853 0.5576651096343994
vt 0.7752552628517151 0.5535275340080261
vt 0.7775658369064331 0.5216996073722839
vt 0.773917555809021 0.4917813837528229
vt 0.768202006816864 0.46133267879486084
vt 0.7605407238006592 0.4271707534790039
vt 0.7288010120391846 0.4304596185684204
vt 0.730989933013916 0.4618631601333618
vt 0.7336653470993042 0.4914630949497223
vt 0.7359758615493774 0.5208508372306824
vt 0.735611081123352 0.5516178607940674
vt 0.7322060465812683 0.5837640166282654
vt 0.6919537782669067 0.5795202851295471
vt 0.6496341824531555 0.5724120736122131
vt 0.6084091067314148 0.5633941292762756
vt 0.5684000849723816 0.5540579557418823
vt 0.5294855237007141 0.5434486865997314
vt 0.4906925559043884 0.5323089361190796
vt 0.45177799463272095 0.5213813185691833
vt 0.4121337831020355 0.5108781456947327
vt 0.3723679780960083 0.5009053945541382
vt 0.3335750102996826 0.4916752874851227
vt 0.2964845895767212 0.48297566175460815
vt 0.2607318162918091 0.4756552577018738
vt 0.2259519398212433 0.4681226313114166
vt 0.2326403707265854 0.4377800524234772
vt 0.19153687357902527 0.4602717459201813
vt 0.15736502408981323 0.45157212018966675
vt 0.15031175315380096 0.48011115193367004
vt 0.11541026085615158 0.5026028752326965
vt 0.11139719933271408 0.5402658581733704
vt 0.08768364042043686 0.5609540343284607
vt 0.07759017497301102 0.5851432085037231
vt 0.052295710891485214 0.5842944979667664
vt 0.034662552177906036 0.5945854783058167
vt 0.01082738395780325 0.6017998456954956
vt 0.015448488295078278 0.6235488653182983
vt 0.004868592135608196 0.5787776112556458
vt 0.028703760355710983 0.5730485916137695
vt 0.04633691906929016 0.5666830539703369
vt 0.05716003105044365 0.5614844560623169
vt 0.06494294106960297 0.5706084966659546
vt 0.07272585481405258 0.5511934757232666
vt 0.0019499999471008778 0.550875186920166
vt 0.026393208652734756 0.5486472249031067
vt 0.027122855186462402 0.5203204154968262
vt 0.04512083902955055 0.5461009740829468
vt 0.05983540788292885 0.546207070350647
vt 0.0028012560214847326 0.5209569334983826
vt 0.005111807957291603 0.4911448359489441
vt 0.030041448771953583 0.4909326434135437
vt 0.03271682560443878 0.461969256401062
vt 0.008152008056640625 0.46122658252716064
vt 0.013989192433655262 0.4306718111038208
vt 0.03758114576339722 0.43502163887023926
vt 0.04658013582229614 0.41390910744667053
vt 0.02566356025636196 0.40298154950141907
vt 0.059348974376916885 0.4014962315559387
vt 0.042810287326574326 0.38112637400627136
vt 0.07442836463451385 0.3957672119140625
vt 0.0631188228726387 0.36553069949150085
vt 0.08877810835838318 0.37157800793647766
vt 0.0952233374118805 0.39788907766342163
vt 0.08014394342899323 0.4180467426776886
vt 0.0671318843960762 0.41921377182006836
vt 0.05728163942694664 0.42239657044410706
vt 0.05424144119024277 0.43841660022735596
vt 0.05132284760475159 0.46345454454421997
vt 0.06761831790208817 0.4394775331020355
vt 0.08111681044101715 0.4395836293697357
vt 0.099114790558815 0.4202747046947479
vt 0.12671980261802673 0.42292702198028564
vt 0.12392282485961914 0.40001094341278076
vt 0.12112583965063095 0.3763521909713745
vt 0.09887157380580902 0.341871976852417
vt 0.1273278445005417 0.34929847717285156
vt 0.17074190080165863 0.3297773599624634
vt 0.17876803874969482 0.30484551191329956
vt 0.18655094504356384 0.2788527309894562
vt 0.1910504400730133 0.24882841110229492
vt 0.16417507827281952 0.24373595416545868
vt 0.14629869163036346 0.20670948922634125
vt 0.14751477539539337 0.16862210631370544
vt 0.12380121648311615 0.1700013130903244
vt 0.16271577775478363 0.355133593082428
vt 0.16830974817276 0.20872525870800018
vt 0.1698906421661377 0.16830381751060486
vt 0.14386653900146484 0.12979206442832947
vt 0.1670936644077301 0.12671536207199097
vt 0.1298816204071045 0.09403872489929199
vt 0.1071409210562706 0.1033749058842659
vt 0.11990976333618164 0.1352028101682663
vt 0.0952233374118805 0.14071963727474213
vt 0.06932083517313004 0.1448572725057602
vt 0.06944244354963303 0.12363867461681366
vt 0.0857379138469696 0.11409030109643936
vt 0.15541929006576538 0.08852189034223557
vt 0.17876803874969482 0.05467822030186653
vt 0.22351977229118347 0.058073196560144424
vt 0.26912277936935425 0.06645454466342926
vt 0.31302326917648315 0.07833696156740189
vt 0.3547348082065582 0.09085593372583389
vt 0.39450061321258545 0.10220788419246674
vt 0.4341448247432709 0.10942220687866211
vt 0.4735458195209503 0.11366593092679977
vt 0.5134332776069641 0.11430248618125916
vt 0.5539287328720093 0.11218062788248062
vt 0.5947890281677246 0.10889174044132233
vt 0.6357709169387817 0.10454192757606506
vt 0.6763879656791687 0.09891900420188904
vt 0.7184643149375916 0.09531184285879135
vt 0.7605407238006592 0.09467528015375137
vt 0.8001849055290222 0.10125304758548737
vt 0.8333839178085327 0.11366593092679977
vt 0.8578271269798279 0.12989816069602966
vt 0.8331406712532043 0.16183215379714966
vt 0.8175748586654663 0.19917689263820648
vt 0.8040763735771179 0.23556677997112274
vt 0.792766809463501 0.27588212490081787
vt 0.7898482084274292 0.32097163796424866
vt 0.7753768563270569 0.3727450370788574
vt 0.7437587976455688 0.37773141264915466
vt 0.7236934900283813 0.3990561068058014
vt 0.6943859457969666 0.4239879548549652
vt 0.7004663348197937 0.38834071159362793
vt 0.7116543054580688 0.3537544012069702
vt 0.6699427366256714 0.3758217394351959
vt 0.6608221530914307 0.41295427083969116
vt 0.6923186182975769 0.45698288083076477
vt 0.6929266452789307 0.48881077766418457
vt 0.693656325340271 0.519683837890625
vt 0.6534040570259094 0.48329395055770874
vt 0.6560794115066528 0.44860154390335083
vt 0.6209347248077393 0.43841660022735596
vt 0.6155839562416077 0.47416993975639343
vt 0.6525527834892273 0.51459139585495
vt 0.6934130787849426 0.5501325130462646
vt 0.6518231630325317 0.5445095896720886
vt 0.6110844612121582 0.5350673198699951
vt 0.5711970329284668 0.524351954460144
vt 0.6132734417915344 0.5054673552513123
vt 0.5332553386688232 0.5138487219810486
vt 0.49543526768684387 0.5036637783050537
vt 0.45737195014953613 0.49411541223526
vt 0.41870060563087463 0.4845670461654663
vt 0.38002926111221313 0.4745943248271942
vt 0.34233078360557556 0.46419718861579895
vt 0.30524036288261414 0.45433056354522705
vt 0.2687579393386841 0.44552484154701233
vt 0.3139961361885071 0.4271707534790039
vt 0.35145139694213867 0.436931312084198
vt 0.3885418176651001 0.4467979371547699
vt 0.4258754849433899 0.4564523994922638
vt 0.4633307456970215 0.4648337662220001
vt 0.5006644129753113 0.47363948822021484
vt 0.5376332402229309 0.48371830582618713
vt 0.5750885009765625 0.4945397973060608
vt 0.579587996006012 0.4630301892757416
vt 0.5855467915534973 0.4277012050151825
vt 0.5432271957397461 0.45189040899276733
vt 0.5065016150474548 0.44191765785217285
vt 0.47014081478118896 0.43268758058547974
vt 0.43341517448425293 0.4245184063911438
vt 0.3966895639896393 0.41656145453453064
vt 0.35947751998901367 0.4087105691432953
vt 0.32117098569869995 0.4013901352882385
vt 0.2761760354042053 0.4186832904815674
vt 0.23762629926204681 0.4118933379650116
vt 0.19603636860847473 0.43236929178237915
vt 0.1604052186012268 0.4280194938182831
vt 0.12428764998912811 0.4441456198692322
vt 0.11881528794765472 0.4693957567214966
vt 0.09887157380580902 0.44149330258369446
vt 0.09619619697332382 0.4657886028289795
vt 0.1590675413608551 0.3798532783985138
vt 0.15991878509521484 0.40361809730529785
vt 0.19834691286087036 0.40722525119781494
vt 0.24127455055713654 0.38865897059440613
vt 0.2820132374763489 0.3951306641101837
vt 0.19992782175540924 0.3838847875595093
vt 0.2033328413963318 0.3606504201889038
vt 0.24504439532756805 0.36584898829460144
vt 0.20868359506130219 0.33571857213974
vt 0.24893584847450256 0.3409171402454376
vt 0.2860262989997864 0.37168410420417786
vt 0.3257921040058136 0.3762460947036743
vt 0.3648282587528229 0.3800654411315918
vt 0.4028915762901306 0.38452136516571045
vt 0.4402252435684204 0.39035648107528687
vt 0.47707244753837585 0.398101270198822
vt 0.5136764645576477 0.40733134746551514
vt 0.5502804517745972 0.41698580980300903
vt 0.5576985478401184 0.38102027773857117
vt 0.4830312430858612 0.3638332188129425
vt 0.5207297205924988 0.37200239300727844
vt 0.44521117210388184 0.35683107376098633
vt 0.4069046378135681 0.35237517952919006
vt 0.36799007654190063 0.35035941004753113
vt 0.3288322985172272 0.348768025636673
vt 0.28906649351119995 0.3455852270126343
vt 0.2525840997695923 0.31534871459007263
vt 0.2139127403497696 0.3104684352874756
vt 0.219141885638237 0.284369558095932
vt 0.2561107277870178 0.28924983739852905
vt 0.29174187779426575 0.3193802535533905
vt 0.330778032541275 0.32128992676734924
vt 0.3699358105659485 0.32171431183815
vt 0.40921518206596375 0.3233056962490082
vt 0.4483729600906372 0.32670068740844727
vt 0.48753073811531067 0.3324297070503235
vt 0.526323676109314 0.3391135632991791
vt 0.5642653703689575 0.34664615988731384
vt 0.5934513211250305 0.39088693261146545
vt 0.6279879808425903 0.4014962315559387
vt 0.6367437839508057 0.3641515076160431
vt 0.6013558506965637 0.3547092378139496
vt 0.5693729519844055 0.31534871459007263
vt 0.530458390712738 0.3100440800189972
vt 0.4908141493797302 0.30548205971717834
vt 0.4509267508983612 0.3010261654853821
vt 0.4107961058616638 0.2975251078605652
vt 0.3710302710533142 0.29476669430732727
vt 0.33199411630630493 0.2934935688972473
vt 0.2938092052936554 0.2919021546840668
vt 0.25842127203941345 0.2564671039581299
vt 0.22291173040866852 0.2530721426010132
vt 0.19287456572055817 0.21084710955619812
vt 0.16830974817276 0.20872525870800018
vt 0.19482028484344482 0.16894038021564484
vt 0.1698906421661377 0.16830381751060486
vt 0.19482028484344482 0.12767019867897034
vt 0.18873988091945648 0.08884016424417496
vt 0.227168008685112 0.09096202999353409
vt 0.26912277936935425 0.06645454466342926
vt 0.2685147225856781 0.09849462658166885
vt 0.31046950817108154 0.1097404882311821
vt 0.3508433401584625 0.1221533715724945
vt 0.39060917496681213 0.13297484815120697
vt 0.43061819672584534 0.14071963727474213
vt 0.47038400173187256 0.14559991657733917
vt 0.510271430015564 0.14729741215705872
vt 0.5500372648239136 0.1475095897912979
vt 0.5900462865829468 0.14623647928237915
vt 0.6296904683113098 0.14347806572914124
vt 0.6693347096443176 0.13987089693546295
vt 0.7083708643913269 0.13668811321258545
vt 0.7459477186203003 0.13562718033790588
vt 0.7812140583992004 0.14029526710510254
vt 0.8110080361366272 0.14920708537101746
vt 0.7948341369628906 0.18750666081905365
vt 0.7851055264472961 0.22856464982032776
vt 0.7675939798355103 0.18092888593673706
vt 0.7350029945373535 0.17753390967845917
vt 0.6987638473510742 0.17774610221385956
vt 0.6625246405601501 0.18050451576709747
vt 0.6242181062698364 0.1826263815164566
vt 0.656930685043335 0.22145642340183258
vt 0.6937779188156128 0.2209259569644928
vt 0.7277065515518188 0.221138134598732
vt 0.7230854630470276 0.26675811409950256
vt 0.7579869627952576 0.22294172644615173
vt 0.6901296973228455 0.26346924901008606
vt 0.6538904905319214 0.26049864292144775
vt 0.6159487962722778 0.25805848836898804
vt 0.6192322373390198 0.22209297120571136
vt 0.5850603580474854 0.18400558829307556
vt 0.5455377697944641 0.18485432863235474
vt 0.6864814162254333 0.30378457903862
vt 0.5805608630180359 0.22241126000881195
vt 0.5412814617156982 0.22135032713413239
vt 0.5770342350006104 0.2561488151550293
vt 0.6123005747795105 0.2914777994155884
vt 0.6504854559898376 0.2965702712535858
vt 0.6797930002212524 0.34038665890693665
vt 0.7183427214622498 0.31184765696525574
vt 0.7478934526443481 0.3190619647502899
vt 0.7523929476737976 0.26962265372276306
vt 0.7781738638877869 0.27333590388298035
vt 0.7746472358703613 0.32065337896347046
vt 0.6450130939483643 0.3294591009616852
vt 0.607801079750061 0.32150211930274963
vt 0.5735076069831848 0.2876584529876709
vt 0.5339850187301636 0.2841573655605316
vt 0.4938543736934662 0.2806563079357147
vt 0.45323729515075684 0.27630650997161865
vt 0.4124985933303833 0.2719566822052002
vt 0.3724895715713501 0.26697030663490295
vt 0.33321020007133484 0.2626205086708069
vt 0.2953900992870331 0.2590133249759674
vt 0.2607318162918091 0.2181675285100937
vt 0.2257087230682373 0.21392381191253662
vt 0.2285057008266449 0.17169879376888275
vt 0.2642584443092346 0.17700344324111938
vt 0.2977006435394287 0.22304780781269073
vt 0.33576396107673645 0.22930729389190674
vt 0.3752865493297577 0.23620334267616272
vt 0.41578203439712524 0.2429932951927185
vt 0.4565207064151764 0.24797967076301575
vt 0.49713778495788574 0.2519051134586334
vt 0.5373900532722473 0.25423914194107056
vt 0.501272439956665 0.21975892782211304
vt 0.46102020144462585 0.21604567766189575
vt 0.4205247461795807 0.21052883565425873
vt 0.3801508843898773 0.20267795026302338
vt 0.3402634561061859 0.19355395436286926
vt 0.3018353283405304 0.18442995846271515
vt 0.26754188537597656 0.13679420948028564
vt 0.2299650013446808 0.13011033833026886
vt 0.30669963359832764 0.14602428674697876
vt 0.3461006283760071 0.15673968195915222
vt 0.3856232464313507 0.1673489809036255
vt 0.4258754849433899 0.17573033273220062
vt 0.4658845067024231 0.18124717473983765
vt 0.5057719349861145 0.18421778082847595
vt 0.0925479605793953 0.5307174921035767
vt 0.07746856659650803 0.5247762799263
vt 0.0631188228726387 0.5216996073722839
vt 0.047066569328308105 0.5203204154968262
vt 0.049863550812006 0.4914630949497223
vt 0.06628063321113586 0.46440938115119934
vt 0.08002233505249023 0.4649398624897003
vt 0.07990072667598724 0.49411541223526
vt 0.0657941997051239 0.49231183528900146
vt 0.09534494578838348 0.4967677593231201
s on
f 1/1/1 2/2/2 3/3/3
f 2/2/2 4/4/4 3/3/3
f 3/3/3 4/4/4 5/5/5
f 5/5/5 4/4/4 6/6/6
f 6/6/6 4/4/4 7/7/7
f 4/4/4 2/2/2 7/7/7
f 7/7/7 2/2/2 8/8/8
f 2/2/2 1/1/1 8/8/8
f 5/5/5 9/9/9 3/3/3
f 9/9/9 10/10/10 3/3/3
f 3/3/3 10/10/10 1/1/1
f 10/10/10 9/9/9 11/11/11
f 11/11/11 9/9/9 12/12/12
f 9/9/9 5/5/5 12/12/12
f 12/12/12 5/5/5 13/13/13
f 5/5/5 6/6/6 13/13/13
f 13/13/13 6/6/6 14/14/14
f 14/14/14 6/6/6 15/15/15
f 6/6/6 7/7/7 15/15/15
f 15/15/15 7/7/7 16/16/16
f 16/16/16 7/7/7 17/17/17
f 7/7/7 8/8/8 17/17/17
f 17/17/17 8/8/8 18/18/18
f 8/8/8 19/19/19 18/18/18
f 18/18/18 19/19/19 20/20/20
f 19/19/19 21/21/21 20/20/20
f 21/21/21 22/22/22 20/20/20
f 20/20/20 22/22/22 23/23/23
f 23/23/23 22/22/22 24/24/24
f 24/24/24 22/22/22 25/25/25
f 22/22/22 21/21/21 25/25/25
f 25/25/25 21/21/21 26/26/26
f 26/26/26 21/21/21 27/27/27
f 21/21/21 10/10/10 27/27/27
f 10/10/10 11/11/11 27/27/27
f 27/27/27 11/11/11 28/28/28
f 11/11/11 29/29/29 28/28/28
f 8/8/8 1/1/1 19/19/19
f 19/19/19 1/1/1 21/21/21
f 1/1/1 10/10/10 21/21/21
f 23/23/23 18/18/18 20/20/20
f 28/28/28 30/30/30 27/27/27
f 27/27/27 30/30/30 26/26/26
f 26/26/26 30/30/30 25/25/25
f 30/30/30 31/31/31 25/25/25
f 31/31/31 32/32/32 25/25/25
f 25/25/25 32/32/32 33/33/33
f 32/32/32 34/34/34 33/33/33
f 34/34/34 24/24/24 33/33/33
f 33/33/33 24/24/24 25/25/25
f 32/32/32 35/35/35 34/34/34
f 35/35/35 36/36/36 34/34/34
f 34/34/34 36/36/36 37/37/37
f 37/37/37 36/36/36 38/38/38
f 36/36/36 39/39/39 38/38/38
f 38/38/38 39/39/39 40/40/40
f 39/39/39 41/41/41 40/40/40
f 41/41/41 42/42/42 40/40/40
f 40/40/40 42/42/42 43/43/43
f 43/43/43 42/42/42 44/44/44
f 42/42/42 45/45/45 44/44/44
f 44/44/44 45/45/45 46/46/46
f 45/45/45 47/47/47 46/46/46
f 46/46/46 47/47/47 48/48/48
f 47/47/47 49/49/49 48/48/48
f 49/49/49 50/50/50 48/48/48
f 48/48/48 50/50/50 51/51/51
f 51/51/51 50/50/50 52/52/52
f 50/50/50 53/53/53 52/52/52
f 52/52/52 53/53/53 54/54/54
f 53/53/53 55/55/55 54/54/54
f 55/55/55 56/56/56 54/54/54
f 54/54/54 56/56/56 57/57/57
f 57/57/57 56/56/56 58/58/58
f 56/56/56 59/59/59 58/58/58
f 58/58/58 59/59/59 60/60/60
f 59/59/59 61/61/61 60/60/60
f 61/61/61 62/62/62 60/60/60
f 60/60/60 62/62/62 63/63/63
f 63/63/63 62/62/62 64/64/64
f 62/62/62 65/65/65 64/64/64
f 64/64/64 65/65/65 66/66/66
f 65/65/65 67/67/67 66/66/66
f 67/67/67 68/68/68 66/66/66
f 66/66/66 68/68/68 69/69/69
f 69/69/69 68/68/68 70/70/70
f 68/68/68 71/71/71 70/70/70
f 71/71/71 72/72/72 70/70/70
f 70/70/70 72/72/72 73/73/73
f 73/73/73 72/72/72 74/74/74
f 72/72/72 75/75/75 74/74/74
f 75/75/75 76/76/76 74/74/74
f 74/74/74 76/76/76 77/77/77
f 77/77/77 76/76/76 78/78/78
f 76/76/76 79/79/79 78/78/78
f 78/78/78 79/79/79 80/80/80
f 79/79/79 81/81/81 80/80/80
f 81/81/81 82/82/82 80/80/80
f 80/80/80 82/82/82 83/83/83
f 83/83/83 82/82/82 84/84/84
f 82/82/82 85/85/85 84/84/84
f 84/84/84 85/85/85 86/86/86
f 85/85/85 87/87/87 86/86/86
f 87/87/87 88/88/88 86/86/86
f 86/86/86 88/88/88 89/89/89
f 88/88/88 90/90/90 89/89/89
f 89/89/89 90/90/90 91/91/91
f 91/91/91 90/90/90 92/92/92
f 90/90/90 93/93/93 92/92/92
f 92/92/92 93/93/93 94/94/94
f 93/93/93 95/95/95 94/94/94
f 95/95/95 96/96/96 94/94/94
f 94/94/94 96/96/96 97/97/97
f 96/96/96 98/98/98 97/97/97
f 97/97/97 98/98/98 99/99/99
f 98/98/98 100/100/100 99/99/99
f 99/99/99 100/100/100 101/101/101
f 101/101/101 100/100/100 102/102/102
f 100/100/100 103/103/103 102/102/102
f 103/103/103 104/104/104 102/102/102
f 104/104/104 105/105/105 102/102/102
f 105/105/105 106/106/106 102/102/102
f 102/102/102 106/106/106 101/101/101
f 106/106/106 107/107/107 101/101/101
f 101/101/101 107/107/107 99/99/99
f 107/107/107 108/108/108 99/99/99
f 99/99/99 108/108/108 97/97/97
f 108/108/108 109/109/109 97/97/97
f 97/97/97 109/109/109 94/94/94
f 42/42/42 110/110/110 45/45/45
f 110/110/110 111/111/111 45/45/45
f 45/45/45 111/111/111 47/47/47
f 109/109/109 108/108/108 112/112/112
f 112/112/112 108/108/108 113/113/113
f 108/108/108 107/107/107 113/113/113
f 113/113/113 107/107/107 114/114/114
f 107/107/107 106/106/106 114/114/114
f 114/114/114 115/115/115 113/113/113
f 113/113/113 115/115/115 112/112/112
f 115/115/115 116/116/116 112/112/112
f 116/116/116 117/117/117 112/112/112
f 112/112/112 117/117/117 109/109/109
f 109/109/109 117/117/117 94/94/94
f 117/117/117 118/118/118 94/94/94
f 94/94/94 118/118/118 92/92/92
f 92/92/92 118/118/118 91/91/91
f 118/118/118 119/119/119 91/91/91
f 91/91/91 119/119/119 89/89/89
f 119/119/119 120/120/120 89/89/89
f 89/89/89 120/120/120 86/86/86
f 120/120/120 121/121/121 86/86/86
f 86/86/86 121/121/121 122/122/122
f 122/122/122 121/121/121 123/123/123
f 123/123/123 121/121/121 124/124/124
f 121/121/121 120/120/120 124/124/124
f 124/124/124 120/120/120 119/119/119
f 86/86/86 122/122/122 84/84/84
f 84/84/84 122/122/122 83/83/83
f 122/122/122 125/125/125 83/83/83
f 83/83/83 125/125/125 80/80/80
f 125/125/125 122/122/122 126/126/126
f 126/126/126 122/122/122 127/127/127
f 122/122/122 123/123/123 127/127/127
f 127/127/127 123/123/123 128/128/128
f 123/123/123 124/124/124 128/128/128
f 128/128/128 129/129/129 127/127/127
f 129/129/129 130/130/130 127/127/127
f 127/127/127 130/130/130 126/126/126
f 130/130/130 129/129/129 131/131/131
f 131/131/131 129/129/129 132/132/132
f 129/129/129 128/128/128 132/132/132
f 132/132/132 128/128/128 133/133/133
f 128/128/128 124/124/124 133/133/133
f 133/133/133 124/124/124 134/134/134
f 124/124/124 135/135/135 134/134/134
f 134/134/134 135/135/135 136/136/136
f 135/135/135 119/119/119 136/136/136
f 119/119/119 118/118/118 136/136/136
f 118/118/118 117/117/117 136/136/136
f 117/117/117 116/116/116 136/136/136
f 116/116/116 115/115/115 136/136/136
f 136/136/136 115/115/115 137/137/137
f 115/115/115 138/138/138 137/137/137
f 138/138/138 139/139/139 137/137/137
f 137/137/137 139/139/139 134/134/134
f 139/139/139 140/140/140 134/134/134
f 134/134/134 140/140/140 132/132/132
f 140/140/140 141/141/141 132/132/132
f 132/132/132 141/141/141 131/131/131
f 134/134/134 132/132/132 133/133/133
f 124/124/124 119/119/119 135/135/135
f 134/134/134 136/136/136 137/137/137
f 115/115/115 114/114/114 138/138/138
f 114/114/114 142/142/142 138/138/138
f 138/138/138 142/142/142 143/143/143
f 143/143/143 142/142/142 144/144/144
f 142/142/142 145/145/145 144/144/144
f 144/144/144 145/145/145 146/146/146
f 145/145/145 106/106/106 146/146/146
f 146/146/146 106/106/106 147/147/147
f 106/106/106 105/105/105 147/147/147
f 138/138/138 143/143/143 139/139/139
f 139/139/139 143/143/143 140/140/140
f 143/143/143 141/141/141 140/140/140
f 142/142/142 114/114/114 145/145/145
f 114/114/114 106/106/106 145/145/145
f 147/147/147 148/148/148 146/146/146
f 148/148/148 144/144/144 146/146/146
f 148/148/148 147/147/147 149/149/149
f 147/147/147 105/105/105 149/149/149
f 149/149/149 105/105/105 150/150/150
f 105/105/105 104/104/104 150/150/150
f 150/150/150 104/104/104 151/151/151
f 151/151/151 104/104/104 152/152/152
f 104/104/104 103/103/103 152/152/152
f 152/152/152 103/103/103 153/153/153
f 103/103/103 154/154/154 153/153/153
f 154/154/154 155/155/155 153/153/153
f 155/155/155 156/156/156 153/153/153
f 153/153/153 156/156/156 157/157/157
f 157/157/157 156/156/156 158/158/158
f 156/156/156 159/159/159 158/158/158
f 158/158/158 159/159/159 160/160/160
f 159/159/159 161/161/161 160/160/160
f 161/161/161 162/162/162 160/160/160
f 160/160/160 162/162/162 163/163/163
f 163/163/163 162/162/162 164/164/164
f 162/162/162 165/165/165 164/164/164
f 165/165/165 166/166/166 164/164/164
f 164/164/164 166/166/166 167/167/167
f 166/166/166 168/168/168 167/167/167
f 167/167/167 168/168/168 169/169/169
f 168/168/168 170/170/170 169/169/169
f 169/169/169 170/170/170 171/171/171
f 170/170/170 172/172/172 171/171/171
f 171/171/171 172/172/172 173/173/173
f 172/172/172 174/174/174 173/173/173
f 174/174/174 175/175/175 173/173/173
f 173/173/173 175/175/175 176/176/176
f 176/176/176 175/175/175 177/177/177
f 175/175/175 178/178/178 177/177/177
f 177/177/177 178/178/178 179/179/179
f 178/178/178 180/180/180 179/179/179
f 180/180/180 181/181/181 179/179/179
f 179/179/179 181/181/181 182/182/182
f 182/182/182 181/181/181 183/183/183
f 181/181/181 184/184/184 183/183/183
f 184/184/184 185/185/185 183/183/183
f 183/183/183 185/185/185 186/186/186
f 186/186/186 185/185/185 187/187/187
f 185/185/185 188/188/188 187/187/187
f 188/188/188 189/189/189 187/187/187
f 187/187/187 189/189/189 190/190/190
f 190/190/190 189/189/189 191/191/191
f 189/189/189 192/192/192 191/191/191
f 192/192/192 193/193/193 191/191/191
f 191/191/191 193/193/193 194/194/194
f 193/193/193 195/195/195 194/194/194
f 194/194/194 195/195/195 196/196/196
f 196/196/196 195/195/195 197/197/197
f 195/195/195 198/198/198 197/197/197
f 198/198/198 199/199/199 197/197/197
f 197/197/197 199/199/199 200/200/200
f 199/199/199 201/201/201 200/200/200
f 200/200/200 201/201/201 202/202/202
f 202/202/202 201/201/201 203/203/203
f 201/201/201 204/204/204 203/203/203
f 203/203/203 204/204/204 205/205/205
f 204/204/204 206/206/206 205/205/205
f 206/206/206 207/207/207 205/205/205
f 205/205/205 207/207/207 208/208/208
f 207/207/207 209/209/209 208/208/208
f 209/209/209 210/210/210 208/208/208
f 208/208/208 210/210/210 205/205/205
f 210/210/210 211/211/211 205/205/205
f 211/211/211 212/212/212 205/205/205
f 205/205/205 212/212/212 203/203/203
f 203/203/203 212/212/212 202/202/202
f 212/212/212 213/213/213 202/202/202
f 213/213/213 214/214/214 202/202/202
f 202/202/202 214/214/214 200/200/200
f 200/200/200 214/214/214 197/197/197
f 214/214/214 215/215/215 197/197/197
f 215/215/215 216/216/216 197/197/197
f 197/197/197 216/216/216 196/196/196
f 216/216/216 217/217/217 196/196/196
f 196/196/196 217/217/217 194/194/194
f 194/194/194 217/217/217 191/191/191
f 217/217/217 218/218/218 191/191/191
f 218/218/218 219/219/219 191/191/191
f 191/191/191 219/219/219 190/190/190
f 219/219/219 220/220/220 190/190/190
f 190/190/190 220/220/220 187/187/187
f 187/187/187 220/220/220 186/186/186
f 220/220/220 221/221/221 186/186/186
f 221/221/221 222/222/222 186/186/186
f 186/186/186 222/222/222 183/183/183
f 222/222/222 223/223/223 183/183/183
f 183/183/183 223/223/223 182/182/182
f 182/182/182 223/223/223 179/179/179
f 223/223/223 224/224/224 179/179/179
f 224/224/224 225/225/225 179/179/179
f 179/179/179 225/225/225 177/177/177
f 177/177/177 225/225/225 176/176/176
f 225/225/225 226/226/226 176/176/176
f 226/226/226 227/227/227 176/176/176
f 176/176/176 227/227/227 173/173/173
f 173/173/173 227/227/227 171/171/171
f 227/227/227 228/228/228 171/171/171
f 171/171/171 228/228/228 169/169/169
f 157/157/157 152/152/152 153/153/153
f 166/166/166 229/229/229 168/168/168
f 229/229/229 230/230/230 168/168/168
f 168/168/168 230/230/230 170/170/170
f 230/230/230 172/172/172 170/170/170
f 207/207/207 231/231/231 209/209/209
f 228/228/228 227/227/227 232/232/232
f 227/227/227 226/226/226 232/232/232
f 232/232/232 226/226/226 233/233/233
f 233/233/233 226/226/226 234/234/234
f 226/226/226 225/225/225 234/234/234
f 225/225/225 224/224/224 234/234/234
f 234/234/234 224/224/224 235/235/235
f 224/224/224 223/223/223 235/235/235
f 235/235/235 223/223/223 236/236/236
f 236/236/236 223/223/223 237/237/237
f 223/223/223 222/222/222 237/237/237
f 222/222/222 221/221/221 237/237/237
f 237/237/237 221/221/221 238/238/238
f 221/221/221 220/220/220 238/238/238
f 238/238/238 220/220/220 239/239/239
f 239/239/239 220/220/220 240/240/240
f 220/220/220 219/219/219 240/240/240
f 219/219/219 218/218/218 240/240/240
f 240/240/240 218/218/218 241/241/241
f 218/218/218 217/217/217 241/241/241
f 241/241/241 217/217/217 242/242/242
f 242/242/242 217/217/217 243/243/243
f 217/217/217 216/216/216 243/243/243
f 216/216/216 215/215/215 243/243/243
f 243/243/243 215/215/215 244/244/244
f 244/244/244 215/215/215 245/245/245
f 215/215/215 214/214/214 245/245/245
f 214/214/214 213/213/213 245/245/245
f 245/245/245 213/213/213 246/246/246
f 246/246/246 213/213/213 247/247/247
f 213/213/213 212/212/212 247/247/247
f 212/212/212 211/211/211 247/247/247
f 247/247/247 211/211/211 248/248/248
f 211/211/211 210/210/210 248/248/248
f 210/210/210 249/249/249 248/248/248
f 249/249/249 250/250/250 248/248/248
f 248/248/248 250/250/250 247/247/247
f 250/250/250 251/251/251 247/247/247
f 251/251/251 252/252/252 247/247/247
f 247/247/247 252/252/252 246/246/246
f 252/252/252 253/253/253 246/246/246
f 246/246/246 253/253/253 245/245/245
f 245/245/245 253/253/253 244/244/244
f 253/253/253 254/254/254 244/244/244
f 254/254/254 255/255/255 244/244/244
f 244/244/244 255/255/255 243/243/243
f 243/243/243 255/255/255 242/242/242
f 255/255/255 256/256/256 242/242/242
f 256/256/256 257/257/257 242/242/242
f 242/242/242 257/257/257 241/241/241
f 241/241/241 257/257/257 240/240/240
f 257/257/257 258/258/258 240/240/240
f 258/258/258 259/259/259 240/240/240
f 240/240/240 259/259/259 239/239/239
f 259/259/259 260/260/260 239/239/239
f 239/239/239 260/260/260 238/238/238
f 238/238/238 260/260/260 237/237/237
f 260/260/260 261/261/261 237/237/237
f 261/261/261 262/262/262 237/237/237
f 237/237/237 262/262/262 236/236/236
f 262/262/262 263/263/263 236/236/236
f 236/236/236 263/263/263 235/235/235
f 235/235/235 263/263/263 234/234/234
f 263/263/263 264/264/264 234/234/234
f 264/264/264 265/265/265 234/234/234
f 234/234/234 265/265/265 233/233/233
f 265/265/265 266/266/266 233/233/233
f 233/233/233 266/266/266 232/232/232
f 266/266/266 267/267/267 232/232/232
f 232/232/232 267/267/267 228/228/228
f 267/267/267 268/268/268 228/228/228
f 228/228/228 268/268/268 169/169/169
f 169/169/169 268/268/268 167/167/167
f 167/167/167 268/268/268 164/164/164
f 164/164/164 268/268/268 163/163/163
f 268/268/268 269/269/269 163/163/163
f 163/163/163 269/269/269 160/160/160
f 269/269/269 270/270/270 160/160/160
f 270/270/270 271/271/271 160/160/160
f 160/160/160 271/271/271 158/158/158
f 158/158/158 271/271/271 157/157/157
f 271/271/271 272/272/272 157/157/157
f 157/157/157 272/272/272 152/152/152
f 269/269/269 268/268/268 273/273/273
f 268/268/268 267/267/267 273/273/273
f 267/267/267 266/266/266 273/273/273
f 273/273/273 266/266/266 274/274/274
f 266/266/266 275/275/275 274/274/274
f 275/275/275 276/276/276 274/274/274
f 274/274/274 276/276/276 270/270/270
f 270/270/270 276/276/276 271/271/271
f 276/276/276 272/272/272 271/271/271
f 274/274/274 270/270/270 273/273/273
f 270/270/270 269/269/269 273/273/273
f 275/275/275 266/266/266 277/277/277
f 266/266/266 265/265/265 277/277/277
f 265/265/265 264/264/264 277/277/277
f 277/277/277 264/264/264 278/278/278
f 264/264/264 263/263/263 278/278/278
f 278/278/278 263/263/263 279/279/279
f 279/279/279 263/263/263 280/280/280
f 263/263/263 262/262/262 280/280/280
f 262/262/262 261/261/261 280/280/280
f 280/280/280 261/261/261 281/281/281
f 261/261/261 260/260/260 281/281/281
f 281/281/281 260/260/260 282/282/282
f 282/282/282 260/260/260 283/283/283
f 260/260/260 259/259/259 283/283/283
f 259/259/259 258/258/258 283/283/283
f 283/283/283 258/258/258 284/284/284
f 284/284/284 258/258/258 285/285/285
f 258/258/258 257/257/257 285/285/285
f 257/257/257 256/256/256 285/285/285
f 285/285/285 256/256/256 286/286/286
f 286/286/286 256/256/256 287/287/287
f 256/256/256 255/255/255 287/287/287
f 255/255/255 254/254/254 287/287/287
f 287/287/287 254/254/254 288/288/288
f 254/254/254 253/253/253 288/288/288
f 288/288/288 253/253/253 289/289/289
f 289/289/289 253/253/253 290/290/290
f 253/253/253 252/252/252 290/290/290
f 252/252/252 251/251/251 290/290/290
f 290/290/290 251/251/251 291/291/291
f 251/251/251 250/250/250 291/291/291
f 250/250/250 292/292/292 291/291/291
f 292/292/292 293/293/293 291/291/291
f 291/291/291 293/293/293 290/290/290
f 293/293/293 294/294/294 290/290/290
f 294/294/294 295/295/295 290/290/290
f 290/290/290 295/295/295 289/289/289
f 295/295/295 296/296/296 289/289/289
f 289/289/289 296/296/296 288/288/288
f 288/288/288 296/296/296 287/287/287
f 296/296/296 297/297/297 287/287/287
f 297/297/297 298/298/298 287/287/287
f 287/287/287 298/298/298 286/286/286
f 298/298/298 299/299/299 286/286/286
f 286/286/286 299/299/299 285/285/285
f 285/285/285 299/299/299 284/284/284
f 299/299/299 300/300/300 284/284/284
f 300/300/300 301/301/301 284/284/284
f 284/284/284 301/301/301 283/283/283
f 283/283/283 301/301/301 282/282/282
f 301/301/301 302/302/302 282/282/282
f 302/302/302 303/303/303 282/282/282
f 282/282/282 303/303/303 281/281/281
f 281/281/281 303/303/303 280/280/280
f 303/303/303 304/304/304 280/280/280
f 304/304/304 305/305/305 280/280/280
f 280/280/280 305/305/305 279/279/279
f 305/305/305 306/306/306 279/279/279
f 279/279/279 306/306/306 278/278/278
f 278/278/278 306/306/306 277/277/277
f 306/306/306 307/307/307 277/277/277
f 277/277/277 307/307/307 308/308/308
f 307/307/307 309/309/309 308/308/308
f 308/308/308 309/309/309 276/276/276
f 309/309/309 310/310/310 276/276/276
f 276/276/276 310/310/310 272/272/272
f 272/272/272 310/310/310 152/152/152
f 310/310/310 311/311/311 152/152/152
f 152/152/152 311/311/311 151/151/151
f 311/311/311 312/312/312 151/151/151
f 312/312/312 313/313/313 151/151/151
f 151/151/151 313/313/313 150/150/150
f 313/313/313 314/314/314 150/150/150
f 150/150/150 314/314/314 149/149/149
f 314/314/314 315/315/315 149/149/149
f 149/149/149 315/315/315 148/148/148
f 148/148/148 315/315/315 316/316/316
f 316/316/316 315/315/315 317/317/317
f 317/317/317 315/315/315 318/318/318
f 315/315/315 314/314/314 318/318/318
f 318/318/318 314/314/314 319/319/319
f 314/314/314 313/313/313 319/319/319
f 319/319/319 313/313/313 320/320/320
f 313/313/313 312/312/312 320/320/320
f 320/320/320 312/312/312 321/321/321
f 312/312/312 309/309/309 321/321/321
f 321/321/321 309/309/309 322/322/322
f 309/309/309 307/307/307 322/322/322
f 307/307/307 306/306/306 322/322/322
f 322/322/322 306/306/306 323/323/323
f 323/323/323 306/306/306 324/324/324
f 306/306/306 305/305/305 324/324/324
f 305/305/305 304/304/304 324/324/324
f 324/324/324 304/304/304 325/325/325
f 325/325/325 304/304/304 326/326/326
f 304/304/304 303/303/303 326/326/326
f 303/303/303 302/302/302 326/326/326
f 326/326/326 302/302/302 327/327/327
f 327/327/327 302/302/302 328/328/328
f 302/302/302 301/301/301 328/328/328
f 301/301/301 300/300/300 328/328/328
f 328/328/328 300/300/300 329/329/329
f 300/300/300 299/299/299 329/329/329
f 329/329/329 299/299/299 330/330/330
f 330/330/330 299/299/299 331/331/331
f 299/299/299 298/298/298 331/331/331
f 298/298/298 297/297/297 331/331/331
f 331/331/331 297/297/297 332/332/332
f 297/297/297 296/296/296 332/332/332
f 332/332/332 296/296/296 333/333/333
f 333/333/333 296/296/296 334/334/334
f 296/296/296 295/295/295 334/334/334
f 295/295/295 294/294/294 334/334/334
f 334/334/334 294/294/294 335/335/335
f 294/294/294 293/293/293 335/335/335
f 277/277/277 308/308/308 275/275/275
f 308/308/308 276/276/276 275/275/275
f 310/310/310 309/309/309 311/311/311
f 309/309/309 312/312/312 311/311/311
f 323/323/323 321/321/321 322/322/322
f 334/334/334 335/335/335 336/336/336
f 336/336/336 335/335/335 337/337/337
f 335/335/335 293/293/293 337/337/337
f 337/337/337 293/293/293 338/338/338
f 338/338/338 293/293/293 339/339/339
f 293/293/293 292/292/292 339/339/339
f 339/339/339 292/292/292 340/340/340
f 292/292/292 250/250/250 340/340/340
f 340/340/340 250/250/250 341/341/341
f 250/250/250 249/249/249 341/341/341
f 341/341/341 249/249/249 342/342/342
f 249/249/249 210/210/210 342/342/342
f 342/342/342 210/210/210 343/343/343
f 210/210/210 209/209/209 343/343/343
f 343/343/343 209/209/209 344/344/344
f 344/344/344 209/209/209 345/345/345
f 209/209/209 231/231/231 345/345/345
f 345/345/345 231/231/231 346/346/346
f 231/231/231 347/347/347 346/346/346
f 346/346/346 348/348/348 345/345/345
f 348/348/348 349/349/349 345/345/345
f 349/349/349 350/350/350 345/345/345
f 345/345/345 350/350/350 344/344/344
f 350/350/350 351/351/351 344/344/344
f 344/344/344 351/351/351 352/352/352
f 351/351/351 353/353/353 352/352/352
f 353/353/353 342/342/342 352/352/352
f 342/342/342 343/343/343 352/352/352
f 352/352/352 343/343/343 344/344/344
f 348/348/348 354/354/354 349/349/349
f 349/349/349 354/354/354 355/355/355
f 354/354/354 356/356/356 355/355/355
f 356/356/356 357/357/357 355/355/355
f 355/355/355 357/357/357 349/349/349
f 349/349/349 357/357/357 350/350/350
f 350/350/350 357/357/357 351/351/351
f 357/357/357 358/358/358 351/351/351
f 351/351/351 358/358/358 353/353/353
f 354/354/354 359/359/359 356/356/356
f 359/359/359 360/360/360 356/356/356
f 356/356/356 360/360/360 361/361/361
f 361/361/361 360/360/360 362/362/362
f 360/360/360 363/363/363 362/362/362
f 363/363/363 364/364/364 362/362/362
f 362/362/362 364/364/364 365/365/365
f 365/365/365 364/364/364 366/366/366
f 364/364/364 367/367/367 366/366/366
f 366/366/366 367/367/367 368/368/368
f 367/367/367 369/369/369 368/368/368
f 368/368/368 369/369/369 370/370/370
f 369/369/369 371/371/371 370/370/370
f 371/371/371 372/372/372 370/370/370
f 372/372/372 373/373/373 370/370/370
f 373/373/373 374/374/374 370/370/370
f 370/370/370 374/374/374 368/368/368
f 374/374/374 375/375/375 368/368/368
f 375/375/375 376/376/376 368/368/368
f 368/368/368 376/376/376 366/366/366
f 366/366/366 376/376/376 365/365/365
f 376/376/376 377/377/377 365/365/365
f 365/365/365 377/377/377 378/378/378
f 378/378/378 377/377/377 379/379/379
f 377/377/377 376/376/376 379/379/379
f 376/376/376 375/375/375 379/379/379
f 379/379/379 375/375/375 380/380/380
f 375/375/375 374/374/374 380/380/380
f 380/380/380 374/374/374 381/381/381
f 374/374/374 373/373/373 381/381/381
f 381/381/381 373/373/373 382/382/382
f 382/382/382 373/373/373 383/383/383
f 373/373/373 372/372/372 383/383/383
f 383/383/383 372/372/372 384/384/384
f 384/384/384 372/372/372 385/385/385
f 372/372/372 371/371/371 385/385/385
f 385/385/385 371/371/371 12/12/12
f 12/12/12 371/371/371 11/11/11
f 371/371/371 29/29/29 11/11/11
f 378/378/378 362/362/362 365/365/365
f 12/12/12 13/13/13 385/385/385
f 385/385/385 13/13/13 386/386/386
f 13/13/13 14/14/14 386/386/386
f 386/386/386 14/14/14 387/387/387
f 387/387/387 14/14/14 388/388/388
f 14/14/14 15/15/15 388/388/388
f 388/388/388 15/15/15 389/389/389
f 15/15/15 16/16/16 389/389/389
f 389/389/389 16/16/16 390/390/390
f 390/390/390 16/16/16 391/391/391
f 16/16/16 17/17/17 391/391/391
f 391/391/391 17/17/17 392/392/392
f 17/17/17 18/18/18 392/392/392
f 392/392/392 18/18/18 393/393/393
f 393/393/393 18/18/18 394/394/394
f 18/18/18 23/23/23 394/394/394
f 385/385/385 386/386/386 384/384/384
f 384/384/384 386/386/386 395/395/395
f 386/386/386 387/387/387 395/395/395
f 391/391/391 392/392/392 396/396/396
f 392/392/392 393/393/393 396/396/396
f 396/396/396 393/393/393 397/397/397
f 393/393/393 398/398/398 397/397/397
f 397/397/397 398/398/398 399/399/399
f 399/399/399 398/398/398 400/400/400
f 400/400/400 398/398/398 401/401/401
f 398/398/398 402/402/402 401/401/401
f 401/401/401 402/402/402 403/403/403
f 402/402/402 23/23/23 403/403/403
f 403/403/403 23/23/23 404/404/404
f 23/23/23 24/24/24 404/404/404
f 24/24/24 34/34/34 404/404/404
f 404/404/404 34/34/34 405/405/405
f 34/34/34 37/37/37 405/405/405
f 37/37/37 38/38/38 405/405/405
f 38/38/38 406/406/406 405/405/405
f 405/405/405 406/406/406 403/403/403
f 403/403/403 406/406/406 401/401/401
f 406/406/406 40/40/40 401/401/401
f 401/401/401 40/40/40 400/400/400
f 40/40/40 43/43/43 400/400/400
f 400/400/400 43/43/43 407/407/407
f 43/43/43 44/44/44 407/407/407
f 407/407/407 44/44/44 408/408/408
f 44/44/44 46/46/46 408/408/408
f 408/408/408 46/46/46 409/409/409
f 46/46/46 48/48/48 409/409/409
f 48/48/48 51/51/51 409/409/409
f 409/409/409 51/51/51 410/410/410
f 410/410/410 51/51/51 411/411/411
f 51/51/51 52/52/52 411/411/411
f 52/52/52 54/54/54 411/411/411
f 411/411/411 54/54/54 412/412/412
f 412/412/412 54/54/54 413/413/413
f 54/54/54 57/57/57 413/413/413
f 413/413/413 57/57/57 414/414/414
f 57/57/57 58/58/58 414/414/414
f 58/58/58 60/60/60 414/414/414
f 414/414/414 60/60/60 415/415/415
f 415/415/415 60/60/60 416/416/416
f 60/60/60 63/63/63 416/416/416
f 416/416/416 63/63/63 417/417/417
f 63/63/63 64/64/64 417/417/417
f 64/64/64 66/66/66 417/417/417
f 417/417/417 66/66/66 418/418/418
f 418/418/418 66/66/66 419/419/419
f 66/66/66 69/69/69 419/419/419
f 419/419/419 69/69/69 420/420/420
f 69/69/69 70/70/70 420/420/420
f 70/70/70 73/73/73 420/420/420
f 420/420/420 73/73/73 421/421/421
f 421/421/421 73/73/73 422/422/422
f 73/73/73 74/74/74 422/422/422
f 74/74/74 77/77/77 422/422/422
f 422/422/422 77/77/77 423/423/423
f 423/423/423 77/77/77 424/424/424
f 77/77/77 78/78/78 424/424/424
f 78/78/78 80/80/80 424/424/424
f 424/424/424 80/80/80 425/425/425
f 80/80/80 125/125/125 425/425/425
f 125/125/125 126/126/126 425/425/425
f 425/425/425 126/126/126 426/426/426
f 126/126/126 130/130/130 426/426/426
f 426/426/426 130/130/130 427/427/427
f 130/130/130 131/131/131 427/427/427
f 427/427/427 131/131/131 428/428/428
f 131/131/131 141/141/141 428/428/428
f 428/428/428 141/141/141 429/429/429
f 141/141/141 143/143/143 429/429/429
f 429/429/429 143/143/143 430/430/430
f 143/143/143 144/144/144 430/430/430
f 430/430/430 144/144/144 431/431/431
f 144/144/144 148/148/148 431/431/431
f 431/431/431 148/148/148 432/432/432
f 148/148/148 316/316/316 432/432/432
f 432/432/432 316/316/316 433/433/433
f 316/316/316 317/317/317 433/433/433
f 433/433/433 317/317/317 434/434/434
f 317/317/317 318/318/318 434/434/434
f 23/23/23 402/402/402 394/394/394
f 394/394/394 402/402/402 393/393/393
f 402/402/402 398/398/398 393/393/393
f 405/405/405 403/403/403 404/404/404
f 40/40/40 406/406/406 38/38/38
f 399/399/399 400/400/400 407/407/407
f 434/434/434 435/435/435 433/433/433
f 433/433/433 435/435/435 432/432/432
f 432/432/432 435/435/435 436/436/436
f 436/436/436 435/435/435 437/437/437
f 437/437/437 435/435/435 438/438/438
f 435/435/435 434/434/434 438/438/438
f 438/438/438 434/434/434 439/439/439
f 434/434/434 318/318/318 439/439/439
f 439/439/439 318/318/318 440/440/440
f 318/318/318 319/319/319 440/440/440
f 440/440/440 319/319/319 441/441/441
f 319/319/319 320/320/320 441/441/441
f 441/441/441 442/442/442 440/440/440
f 440/440/440 442/442/442 439/439/439
f 442/442/442 443/443/443 439/439/439
f 439/439/439 443/443/443 438/438/438
f 438/438/438 443/443/443 444/444/444
f 444/444/444 443/443/443 445/445/445
f 443/443/443 442/442/442 445/445/445
f 445/445/445 442/442/442 446/446/446
f 442/442/442 441/441/441 446/446/446
f 446/446/446 441/441/441 447/447/447
f 441/441/441 320/320/320 447/447/447
f 320/320/320 321/321/321 447/447/447
f 321/321/321 323/323/323 447/447/447
f 447/447/447 323/323/323 448/448/448
f 323/323/323 324/324/324 448/448/448
f 324/324/324 325/325/325 448/448/448
f 448/448/448 325/325/325 449/449/449
f 325/325/325 450/450/450 449/449/449
f 450/450/450 451/451/451 449/449/449
f 449/449/449 451/451/451 446/446/446
f 451/451/451 445/445/445 446/446/446
f 447/447/447 448/448/448 446/446/446
f 448/448/448 449/449/449 446/446/446
f 325/325/325 326/326/326 450/450/450
f 326/326/326 327/327/327 450/450/450
f 450/450/450 327/327/327 452/452/452
f 327/327/327 328/328/328 452/452/452
f 452/452/452 328/328/328 453/453/453
f 453/453/453 328/328/328 454/454/454
f 328/328/328 329/329/329 454/454/454
f 329/329/329 330/330/330 454/454/454
f 454/454/454 330/330/330 455/455/455
f 330/330/330 331/331/331 455/455/455
f 455/455/455 331/331/331 456/456/456
f 456/456/456 331/331/331 457/457/457
f 331/331/331 332/332/332 457/457/457
f 332/332/332 333/333/333 457/457/457
f 457/457/457 333/333/333 458/458/458
f 333/333/333 334/334/334 458/458/458
f 458/458/458 334/334/334 459/459/459
f 334/334/334 336/336/336 459/459/459
f 459/459/459 460/460/460 458/458/458
f 458/458/458 460/460/460 457/457/457
f 460/460/460 461/461/461 457/457/457
f 461/461/461 462/462/462 457/457/457
f 457/457/457 462/462/462 456/456/456
f 462/462/462 463/463/463 456/456/456
f 456/456/456 463/463/463 455/455/455
f 455/455/455 463/463/463 454/454/454
f 463/463/463 464/464/464 454/454/454
f 464/464/464 465/465/465 454/454/454
f 454/454/454 465/465/465 453/453/453
f 465/465/465 466/466/466 453/453/453
f 453/453/453 466/466/466 452/452/452
f 452/452/452 466/466/466 450/450/450
f 466/466/466 467/467/467 450/450/450
f 450/450/450 467/467/467 451/451/451
f 451/451/451 467/467/467 445/445/445
f 467/467/467 468/468/468 445/445/445
f 445/445/445 468/468/468 469/469/469
f 469/469/469 468/468/468 470/470/470
f 468/468/468 466/466/466 470/470/470
f 470/470/470 466/466/466 471/471/471
f 466/466/466 465/465/465 471/471/471
f 465/465/465 464/464/464 471/471/471
f 471/471/471 464/464/464 472/472/472
f 464/464/464 463/463/463 472/472/472
f 472/472/472 463/463/463 473/473/473
f 473/473/473 463/463/463 474/474/474
f 463/463/463 462/462/462 474/474/474
f 462/462/462 461/461/461 474/474/474
f 474/474/474 461/461/461 475/475/475
f 475/475/475 461/461/461 476/476/476
f 461/461/461 460/460/460 476/476/476
f 476/476/476 460/460/460 477/477/477
f 460/460/460 459/459/459 477/477/477
f 477/477/477 459/459/459 478/478/478
f 459/459/459 336/336/336 478/478/478
f 478/478/478 336/336/336 479/479/479
f 336/336/336 337/337/337 479/479/479
f 479/479/479 337/337/337 480/480/480
f 337/337/337 338/338/338 480/480/480
f 480/480/480 338/338/338 481/481/481
f 338/338/338 482/482/482 481/481/481
f 481/481/481 482/482/482 483/483/483
f 483/483/483 482/482/482 484/484/484
f 484/484/484 482/482/482 340/340/340
f 340/340/340 482/482/482 339/339/339
f 482/482/482 338/338/338 339/339/339
f 466/466/466 468/468/468 467/467/467
f 445/445/445 469/469/469 444/444/444
f 384/384/384 485/485/485 383/383/383
f 485/485/485 486/486/486 383/383/383
f 383/383/383 486/486/486 382/382/382
f 486/486/486 480/480/480 382/382/382
f 480/480/480 481/481/481 382/382/382
f 382/382/382 481/481/481 381/381/381
f 481/481/481 483/483/483 381/381/381
f 480/480/480 486/486/486 479/479/479
f 486/486/486 487/487/487 479/479/479
f 479/479/479 487/487/487 478/478/478
f 487/487/487 488/488/488 478/478/478
f 478/478/478 488/488/488 477/477/477
f 488/488/488 489/489/489 477/477/477
f 477/477/477 489/489/489 476/476/476
f 384/384/384 395/395/395 485/485/485
f 485/485/485 395/395/395 490/490/490
f 395/395/395 491/491/491 490/490/490
f 491/491/491 492/492/492 490/490/490
f 490/490/490 492/492/492 488/488/488
f 492/492/492 489/489/489 488/488/488
f 486/486/486 485/485/485 487/487/487
f 485/485/485 490/490/490 487/487/487
f 487/487/487 490/490/490 488/488/488
f 395/395/395 387/387/387 491/491/491
f 491/491/491 387/387/387 493/493/493
f 387/387/387 388/388/388 493/493/493
f 493/493/493 494/494/494 491/491/491
f 491/491/491 494/494/494 492/492/492
f 494/494/494 495/495/495 492/492/492
f 492/492/492 495/495/495 489/489/489
f 495/495/495 496/496/496 489/489/489
f 489/489/489 496/496/496 476/476/476
f 476/476/476 496/496/496 475/475/475
f 496/496/496 497/497/497 475/475/475
f 497/497/497 498/498/498 475/475/475
f 475/475/475 498/498/498 474/474/474
f 474/474/474 498/498/498 473/473/473
f 498/498/498 499/499/499 473/473/473
f 499/499/499 500/500/500 473/473/473
f 473/473/473 500/500/500 472/472/472
f 472/472/472 500/500/500 471/471/471
f 500/500/500 501/501/501 471/471/471
f 471/471/471 501/501/501 502/502/502
f 501/501/501 503/503/503 502/502/502
f 503/503/503 469/469/469 502/502/502
f 469/469/469 470/470/470 502/502/502
f 502/502/502 470/470/470 471/471/471
f 500/500/500 504/504/504 501/501/501
f 504/504/504 505/505/505 501/501/501
f 501/501/501 505/505/505 503/503/503
f 500/500/500 499/499/499 504/504/504
f 504/504/504 499/499/499 506/506/506
f 506/506/506 499/499/499 507/507/507
f 499/499/499 498/498/498 507/507/507
f 498/498/498 497/497/497 507/507/507
f 507/507/507 497/497/497 508/508/508
f 508/508/508 497/497/497 509/509/509
f 497/497/497 496/496/496 509/509/509
f 496/496/496 495/495/495 509/509/509
f 509/509/509 495/495/495 510/510/510
f 495/495/495 494/494/494 510/510/510
f 510/510/510 494/494/494 511/511/511
f 494/494/494 493/493/493 511/511/511
f 511/511/511 493/493/493 512/512/512
f 493/493/493 388/388/388 512/512/512
f 388/388/388 389/389/389 512/512/512
f 512/512/512 389/389/389 513/513/513
f 389/389/389 390/390/390 513/513/513
f 513/513/513 514/514/514 512/512/512
f 512/512/512 514/514/514 511/511/511
f 514/514/514 515/515/515 511/511/511
f 511/511/511 515/515/515 510/510/510
f 515/515/515 516/516/516 510/510/510
f 510/510/510 516/516/516 509/509/509
f 509/509/509 516/516/516 508/508/508
f 516/516/516 517/517/517 508/508/508
f 517/517/517 518/518/518 508/508/508
f 508/508/508 518/518/518 507/507/507
f 507/507/507 518/518/518 506/506/506
f 518/518/518 519/519/519 506/506/506
f 519/519/519 520/520/520 506/506/506
f 506/506/506 520/520/520 504/504/504
f 504/504/504 520/520/520 505/505/505
f 520/520/520 521/521/521 505/505/505
f 521/521/521 522/522/522 505/505/505
f 505/505/505 522/522/522 503/503/503
f 522/522/522 523/523/523 503/503/503
f 503/503/503 523/523/523 469/469/469
f 523/523/523 524/524/524 469/469/469
f 469/469/469 524/524/524 444/444/444
f 444/444/444 524/524/524 438/438/438
f 524/524/524 525/525/525 438/438/438
f 438/438/438 525/525/525 437/437/437
f 524/524/524 523/523/523 525/525/525
f 525/525/525 523/523/523 526/526/526
f 523/523/523 522/522/522 526/526/526
f 526/526/526 522/522/522 527/527/527
f 522/522/522 521/521/521 527/527/527
f 527/527/527 521/521/521 528/528/528
f 528/528/528 521/521/521 529/529/529
f 521/521/521 520/520/520 529/529/529
f 520/520/520 519/519/519 529/529/529
f 529/529/529 519/519/519 530/530/530
f 530/530/530 519/519/519 531/531/531
f 519/519/519 518/518/518 531/531/531
f 518/518/518 517/517/517 531/531/531
f 531/531/531 517/517/517 532/532/532
f 532/532/532 517/517/517 533/533/533
f 517/517/517 516/516/516 533/533/533
f 516/516/516 515/515/515 533/533/533
f 533/533/533 515/515/515 534/534/534
f 515/515/515 514/514/514 534/534/534
f 534/534/534 514/514/514 535/535/535
f 514/514/514 513/513/513 535/535/535
f 535/535/535 513/513/513 536/536/536
f 513/513/513 390/390/390 536/536/536
f 536/536/536 390/390/390 537/537/537
f 390/390/390 391/391/391 537/537/537
f 391/391/391 538/538/538 537/537/537
f 537/537/537 538/538/538 539/539/539
f 538/538/538 540/540/540 539/539/539
f 539/539/539 540/540/540 541/541/541
f 540/540/540 399/399/399 541/541/541
f 541/541/541 399/399/399 542/542/542
f 399/399/399 407/407/407 542/542/542
f 407/407/407 408/408/408 542/542/542
f 542/542/542 408/408/408 543/543/543
f 408/408/408 409/409/409 543/543/543
f 409/409/409 544/544/544 543/543/543
f 543/543/543 544/544/544 545/545/545
f 545/545/545 544/544/544 546/546/546
f 544/544/544 411/411/411 546/546/546
f 411/411/411 412/412/412 546/546/546
f 546/546/546 412/412/412 547/547/547
f 547/547/547 412/412/412 548/548/548
f 412/412/412 413/413/413 548/548/548
f 413/413/413 414/414/414 548/548/548
f 548/548/548 414/414/414 549/549/549
f 549/549/549 414/414/414 550/550/550
f 414/414/414 415/415/415 550/550/550
f 550/550/550 415/415/415 551/551/551
f 415/415/415 416/416/416 551/551/551
f 416/416/416 417/417/417 551/551/551
f 551/551/551 417/417/417 552/552/552
f 552/552/552 417/417/417 553/553/553
f 417/417/417 418/418/418 553/553/553
f 553/553/553 418/418/418 554/554/554
f 418/418/418 419/419/419 554/554/554
f 419/419/419 420/420/420 554/554/554
f 554/554/554 420/420/420 555/555/555
f 555/555/555 420/420/420 556/556/556
f 420/420/420 421/421/421 556/556/556
f 556/556/556 421/421/421 557/557/557
f 421/421/421 422/422/422 557/557/557
f 422/422/422 423/423/423 557/557/557
f 557/557/557 423/423/423 558/558/558
f 423/423/423 559/559/559 558/558/558
f 558/558/558 559/559/559 560/560/560
f 559/559/559 426/426/426 560/560/560
f 426/426/426 427/427/427 560/560/560
f 560/560/560 427/427/427 561/561/561
f 427/427/427 428/428/428 561/561/561
f 423/423/423 424/424/424 559/559/559
f 424/424/424 425/425/425 559/559/559
f 559/559/559 425/425/425 426/426/426
f 561/561/561 562/562/562 560/560/560
f 560/560/560 562/562/562 558/558/558
f 562/562/562 563/563/563 558/558/558
f 558/558/558 563/563/563 557/557/557
f 563/563/563 564/564/564 557/557/557
f 557/557/557 564/564/564 556/556/556
f 556/556/556 564/564/564 555/555/555
f 564/564/564 565/565/565 555/555/555
f 555/555/555 565/565/565 554/554/554
f 554/554/554 565/565/565 566/566/566
f 566/566/566 565/565/565 567/567/567
f 565/565/565 564/564/564 567/567/567
f 567/567/567 564/564/564 568/568/568
f 564/564/564 569/569/569 568/568/568
f 568/568/568 569/569/569 570/570/570
f 570/570/570 569/569/569 571/571/571
f 569/569/569 563/563/563 571/571/571
f 563/563/563 562/562/562 571/571/571
f 571/571/571 562/562/562 561/561/561
f 564/564/564 563/563/563 569/569/569
f 570/570/570 572/572/572 568/568/568
f 568/568/568 572/572/572 567/567/567
f 572/572/572 573/573/573 567/567/567
f 573/573/573 574/574/574 567/567/567
f 574/574/574 575/575/575 567/567/567
f 567/567/567 575/575/575 566/566/566
f 575/575/575 576/576/576 566/566/566
f 566/566/566 576/576/576 554/554/554
f 554/554/554 576/576/576 553/553/553
f 553/553/553 576/576/576 552/552/552
f 576/576/576 577/577/577 552/552/552
f 552/552/552 577/577/577 551/551/551
f 570/570/570 578/578/578 572/572/572
f 572/572/572 578/578/578 573/573/573
f 575/575/575 579/579/579 576/576/576
f 579/579/579 580/580/580 576/576/576
f 576/576/576 580/580/580 577/577/577
f 575/575/575 574/574/574 579/579/579
f 579/579/579 574/574/574 581/581/581
f 581/581/581 574/574/574 582/582/582
f 574/574/574 573/573/573 582/582/582
f 582/582/582 573/573/573 583/583/583
f 573/573/573 578/578/578 583/583/583
f 583/583/583 578/578/578 584/584/584
f 584/584/584 578/578/578 585/585/585
f 578/578/578 570/570/570 585/585/585
f 585/585/585 570/570/570 586/586/586
f 586/586/586 570/570/570 587/587/587
f 570/570/570 571/571/571 587/587/587
f 571/571/571 561/561/561 587/587/587
f 587/587/587 561/561/561 588/588/588
f 561/561/561 428/428/428 588/588/588
f 428/428/428 429/429/429 588/588/588
f 429/429/429 430/430/430 588/588/588
f 588/588/588 430/430/430 589/589/589
f 430/430/430 431/431/431 589/589/589
f 431/431/431 432/432/432 589/589/589
f 589/589/589 432/432/432 586/586/586
f 586/586/586 432/432/432 585/585/585
f 432/432/432 436/436/436 585/585/585
f 585/585/585 436/436/436 584/584/584
f 436/436/436 437/437/437 584/584/584
f 584/584/584 437/437/437 590/590/590
f 437/437/437 525/525/525 590/590/590
f 525/525/525 526/526/526 590/590/590
f 590/590/590 526/526/526 591/591/591
f 526/526/526 527/527/527 591/591/591
f 591/591/591 527/527/527 592/592/592
f 527/527/527 528/528/528 592/592/592
f 592/592/592 528/528/528 593/593/593
f 593/593/593 528/528/528 594/594/594
f 528/528/528 529/529/529 594/594/594
f 529/529/529 530/530/530 594/594/594
f 594/594/594 530/530/530 595/595/595
f 595/595/595 530/530/530 596/596/596
f 530/530/530 531/531/531 596/596/596
f 531/531/531 532/532/532 596/596/596
f 596/596/596 532/532/532 597/597/597
f 597/597/597 532/532/532 598/598/598
f 532/532/532 533/533/533 598/598/598
f 533/533/533 534/534/534 598/598/598
f 598/598/598 534/534/534 599/599/599
f 534/534/534 535/535/535 599/599/599
f 599/599/599 535/535/535 600/600/600
f 535/535/535 536/536/536 600/600/600
f 600/600/600 536/536/536 601/601/601
f 536/536/536 537/537/537 601/601/601
f 537/537/537 539/539/539 601/601/601
f 601/601/601 539/539/539 602/602/602
f 539/539/539 541/541/541 602/602/602
f 588/588/588 589/589/589 587/587/587
f 589/589/589 586/586/586 587/587/587
f 602/602/602 603/603/603 601/601/601
f 601/601/601 603/603/603 600/600/600
f 603/603/603 604/604/604 600/600/600
f 600/600/600 604/604/604 599/599/599
f 604/604/604 605/605/605 599/599/599
f 599/599/599 605/605/605 598/598/598
f 598/598/598 605/605/605 597/597/597
f 605/605/605 606/606/606 597/597/597
f 606/606/606 607/607/607 597/597/597
f 597/597/597 607/607/607 596/596/596
f 596/596/596 607/607/607 595/595/595
f 607/607/607 608/608/608 595/595/595
f 608/608/608 609/609/609 595/595/595
f 595/595/595 609/609/609 594/594/594
f 594/594/594 609/609/609 593/593/593
f 609/609/609 610/610/610 593/593/593
f 593/593/593 610/610/610 581/581/581
f 581/581/581 610/610/610 579/579/579
f 579/579/579 610/610/610 580/580/580
f 580/580/580 610/610/610 611/611/611
f 610/610/610 609/609/609 611/611/611
f 609/609/609 608/608/608 611/611/611
f 611/611/611 608/608/608 612/612/612
f 612/612/612 608/608/608 613/613/613
f 608/608/608 607/607/607 613/613/613
f 607/607/607 606/606/606 613/613/613
f 613/613/613 606/606/606 614/614/614
f 614/614/614 606/606/606 615/615/615
f 606/606/606 605/605/605 615/615/615
f 605/605/605 604/604/604 615/615/615
f 615/615/615 604/604/604 616/616/616
f 604/604/604 603/603/603 616/616/616
f 616/616/616 603/603/603 617/617/617
f 603/603/603 602/602/602 617/617/617
f 617/617/617 602/602/602 618/618/618
f 602/602/602 541/541/541 618/618/618
f 541/541/541 542/542/542 618/618/618
f 542/542/542 543/543/543 618/618/618
f 543/543/543 545/545/545 618/618/618
f 618/618/618 545/545/545 617/617/617
f 545/545/545 619/619/619 617/617/617
f 617/617/617 619/619/619 616/616/616
f 593/593/593 581/581/581 592/592/592
f 581/581/581 582/582/582 592/592/592
f 592/592/592 582/582/582 591/591/591
f 582/582/582 583/583/583 591/591/591
f 591/591/591 583/583/583 590/590/590
f 583/583/583 584/584/584 590/590/590
f 545/545/545 546/546/546 619/619/619
f 546/546/546 547/547/547 619/619/619
f 619/619/619 547/547/547 620/620/620
f 547/547/547 621/621/621 620/620/620
f 620/620/620 621/621/621 614/614/614
f 621/621/621 622/622/622 614/614/614
f 614/614/614 622/622/622 613/613/613
f 613/613/613 622/622/622 612/612/612
f 612/612/612 622/622/622 623/623/623
f 622/622/622 549/549/549 623/623/623
f 549/549/549 550/550/550 623/623/623
f 550/550/550 551/551/551 623/623/623
f 551/551/551 624/624/624 623/623/623
f 623/623/623 624/624/624 612/612/612
f 612/612/612 624/624/624 611/611/611
f 611/611/611 624/624/624 580/580/580
f 580/580/580 624/624/624 577/577/577
f 624/624/624 551/551/551 577/577/577
f 619/619/619 620/620/620 616/616/616
f 616/616/616 620/620/620 615/615/615
f 620/620/620 614/614/614 615/615/615
f 547/547/547 548/548/548 621/621/621
f 548/548/548 549/549/549 621/621/621
f 621/621/621 549/549/549 622/622/622
f 340/340/340 341/341/341 625/625/625
f 341/341/341 342/342/342 625/625/625
f 625/625/625 342/342/342 626/626/626
f 342/342/342 353/353/353 626/626/626
f 353/353/353 358/358/358 626/626/626
f 626/626/626 358/358/358 627/627/627
f 627/627/627 358/358/358 628/628/628
f 358/358/358 357/357/357 628/628/628
f 357/357/357 356/356/356 628/628/628
f 628/628/628 356/356/356 629/629/629
f 356/356/356 361/361/361 629/629/629
f 361/361/361 362/362/362 629/629/629
f 362/362/362 378/378/378 629/629/629
f 629/629/629 378/378/378 630/630/630
f 378/378/378 379/379/379 630/630/630
f 630/630/630 379/379/379 631/631/631
f 379/379/379 380/380/380 631/631/631
f 631/631/631 380/380/380 483/483/483
f 380/380/380 381/381/381 483/483/483
f 483/483/483 484/484/484 631/631/631
f 484/484/484 632/632/632 631/631/631
f 631/631/631 632/632/632 630/630/630
f 632/632/632 633/633/633 630/630/630
f 630/630/630 633/633/633 629/629/629
f 629/629/629 633/633/633 628/628/628
f 628/628/628 633/633/633 627/627/627
f 627/627/627 633/633/633 626/626/626
f 633/633/633 632/632/632 626/626/626
f 626/626/626 632/632/632 634/634/634
f 632/632/632 484/484/484 634/634/634
f 484/484/484 340/340/340 634/634/634
f 340/340/340 625/625/625 634/634/634
f 634/634/634 625/625/625 626/626/626

