# Exported by Sketchfab Model Ripper robust edition
o model_11
v -0.67976313829422 -0.4753754436969757 0.6426268815994263
v -0.6726852655410767 -0.4847833812236786 0.6438536047935486
v -0.6795190572738647 -0.4758164584636688 0.6474825143814087
v -0.6778106093406677 -0.4775804579257965 0.6517246961593628
v -0.6839122176170349 -0.465379536151886 0.6509580612182617
v -0.684644341468811 -0.46464452147483826 0.6414512991905212
v -0.6870850324630737 -0.45303159952163696 0.6404291391372681
v -0.6751258969306946 -0.48037341237068176 0.6546381115913391
v -0.6717090010643005 -0.48375439643859863 0.6556092500686646
v -0.6685361862182617 -0.4872823655605316 0.6546381115913391
v -0.6690243482589722 -0.4811084270477295 0.6668025851249695
v -0.6624346375465393 -0.48787036538124084 0.6648092865943909
v -0.6656074523925781 -0.49007534980773926 0.6517246961593628
v -0.6570652723312378 -0.49345633387565613 0.6592381596565247
v -0.6638990044593811 -0.49183934926986694 0.6474825143814087
v -0.6636549830436707 -0.49228033423423767 0.6426268815994263
v -0.653892457485199 -0.496837317943573 0.6509580612182617
v -0.6531602144241333 -0.49757230281829834 0.6414512991905212
v -0.6426655650138855 -0.499336302280426 0.6540758609771729
v -0.6416893005371094 -0.5003653168678284 0.6404291391372681
v -0.6311945915222168 -0.499336302280426 0.6566314101219177
v -0.629730224609375 -0.5006592869758606 0.6395602226257324
v -0.6197236180305481 -0.4966903030872345 0.6585736870765686
v -0.6182592511177063 -0.49816030263900757 0.6388957500457764
v -0.6089848279953003 -0.49169233441352844 0.6598003506660461
v -0.6075204610824585 -0.49330934882164 0.638486921787262
v -0.5997104644775391 -0.48434239625930786 0.6602092385292053
v -0.598002016544342 -0.48610639572143555 0.6383335590362549
v -0.5897038578987122 -0.4775804579257965 0.6383335590362549
v -0.5914123058319092 -0.47596344351768494 0.6602092385292053
v -0.5821378827095032 -0.4692015051841736 0.6383335590362549
v -0.6807393431663513 -0.46876049041748047 0.6592381596565247
v -0.6753699779510498 -0.47434645891189575 0.6648092865943909
v -0.6072763800621033 -0.47640445828437805 0.6792738437652588
v -0.6165508031845093 -0.48390141129493713 0.6783538460731506
v -0.6265574097633362 -0.48948734998703003 0.6757471561431885
v -0.637052059173584 -0.4931623339653015 0.6715559959411621
v -0.6473027467727661 -0.4944853186607361 0.6659337282180786
v -0.6551127433776855 -0.48640039563179016 0.6740093231201172
v -0.6643871665000916 -0.47669845819473267 0.6768204569816589
v -0.6736615300178528 -0.4671435058116913 0.6740093231201172
v -0.6812275052070618 -0.45905858278274536 0.6659337282180786
v -0.6861087679862976 -0.4540606141090393 0.6540758609771729
v -0.6868409514427185 -0.44127169251441956 0.6395602226257324
v -0.6856206059455872 -0.4425946772098541 0.6566314101219177
v -0.6839122176170349 -0.4298057556152344 0.6388957500457764
v -0.6795190572738647 -0.44876864552497864 0.6715559959411621
v -0.6700006127357483 -0.45876458287239075 0.6816249489784241
v -0.6582855582237244 -0.4709654748439789 0.6852027773857117
v -0.6465705633163452 -0.4830194115638733 0.6816249489784241
v -0.6377843022346497 -0.47802144289016724 0.6874005198478699
v -0.6285098791122437 -0.471406489610672 0.6909783482551575
v -0.6197236180305481 -0.4636155366897583 0.692205011844635
v -0.5994663834571838 -0.46846649050712585 0.6792738437652588
v -0.583846390247345 -0.4677315056324005 0.6602092385292053
v -0.5750600695610046 -0.4611165523529053 0.6383335590362549
v -0.5767685174942017 -0.4596465528011322 0.6602092385292053
v -0.5562672019004822 -0.43891969323158264 0.6383335590362549
v -0.5919004082679749 -0.46038156747817993 0.6792738437652588
v -0.6121576428413391 -0.4561185836791992 0.692205011844635
v -0.6346114277839661 -0.4481806457042694 0.696753978729248
v -0.6431536674499512 -0.4562655985355377 0.6954250335693359
v -0.6512077450752258 -0.46405652165412903 0.6915405988693237
v -0.664631187915802 -0.4500916302204132 0.6874005198478699
v -0.675614058971405 -0.4384787082672119 0.6757471561431885
v -0.6824478507041931 -0.43127575516700745 0.6585736870765686
v -0.6785427927970886 -0.4192218482494354 0.638486921787262
v -0.6770784258842468 -0.4208388328552246 0.6598003506660461
v -0.6709768772125244 -0.41010791063308716 0.6383335590362549
v -0.6695124506950378 -0.4286297857761383 0.6783538460731506
v -0.6575533747673035 -0.44112467765808105 0.6909783482551575
v -0.6494992971420288 -0.432598739862442 0.692205011844635
v -0.6277776956558228 -0.44141867756843567 0.696753978729248
v -0.6053239107131958 -0.44862163066864014 0.692205011844635
v -0.5850666761398315 -0.45244359970092773 0.6792738437652588
v -0.5579756498336792 -0.43744972348213196 0.6602092385292053
v -0.5506537556648254 -0.432598739862442 0.6383335590362549
v -0.5523622035980225 -0.43112877011299133 0.6602092385292053
v -0.5455284714698792 -0.42701277136802673 0.6383335590362549
v -0.5662738084793091 -0.4302467703819275 0.6792738437652588
v -0.5987342000007629 -0.44097769260406494 0.692205011844635
v -0.6214320659637451 -0.4342157244682312 0.696753978729248
v -0.6433977484703064 -0.426571786403656 0.692205011844635
v -0.6617024540901184 -0.41980984807014465 0.6792738437652588
v -0.6692684292793274 -0.41187188029289246 0.6602092385292053
v -0.6643871665000916 -0.4067269265651703 0.6602092385292053
v -0.6660955548286438 -0.4051099419593811 0.6383335590362549
v -0.6563330888748169 -0.4143708646297455 0.6792738437652588
v -0.6375402212142944 -0.41995683312416077 0.692205011844635
v -0.6150864362716675 -0.42701277136802673 0.696753978729248
v -0.5799413323402405 -0.4186338484287262 0.692205011844635
v -0.5606603622436523 -0.42377880215644836 0.6792738437652588
v -0.5472369194030762 -0.42554280161857605 0.6602092385292053
v -0.5406472086906433 -0.4223088324069977 0.6383335590362549
v -0.5423556566238403 -0.4206918179988861 0.6602092385292053
v -0.5362540483474731 -0.4184868335723877 0.6383335590362549
v -0.5550469160079956 -0.41775184869766235 0.6792738437652588
v -0.5738397836685181 -0.41172489523887634 0.692205011844635
v -0.5960494875907898 -0.4045219421386719 0.696753978729248
v -0.6314386129379272 -0.4130478799343109 0.692205011844635
v -0.6507196426391602 -0.40819692611694336 0.6792738437652588
v -0.6590177416801453 -0.4008469581604004 0.6602092385292053
v -0.6607261896133423 -0.3993769884109497 0.6383335590362549
v -0.6534042954444885 -0.39437901973724365 0.6602092385292053
v -0.6551127433776855 -0.3929090201854706 0.6383335590362549
v -0.6448621153831482 -0.4014349579811096 0.6792738437652588
v -0.6124017238616943 -0.39055702090263367 0.692205011844635
v -0.5897038578987122 -0.3973189890384674 0.696753978729248
v -0.5677381753921509 -0.4054039418697357 0.692205011844635
v -0.5496775507926941 -0.4126068949699402 0.6792738437652588
v -0.5377184152603149 -0.4167228639125824 0.6602092385292053
v -0.5321049690246582 -0.41539984941482544 0.6383335590362549
v -0.5335693955421448 -0.41348886489868164 0.6602092385292053
v -0.5286880731582642 -0.413194864988327 0.6383335590362549
v -0.544552206993103 -0.40819692611694336 0.6792738437652588
v -0.5618806481361389 -0.3995239734649658 0.692205011844635
v -0.5831141471862793 -0.39026302099227905 0.696753978729248
v -0.6055679321289062 -0.38291308283805847 0.692205011844635
v -0.6258251667022705 -0.3789440989494324 0.6792738437652588
v -0.6341233253479004 -0.3717411458492279 0.6602092385292053
v -0.6360757946968079 -0.3702711760997772 0.6383335590362549
v -0.6270455121994019 -0.3635092079639435 0.6602092385292053
v -0.6287539601325989 -0.3620392382144928 0.6383335590362549
v -0.618747353553772 -0.37085917592048645 0.6792738437652588
v -0.5984901189804077 -0.3752691447734833 0.692205011844635
v -0.5765244364738464 -0.3837950825691223 0.696753978729248
v -0.5557790994644165 -0.39437901973724365 0.692205011844635
v -0.5396709442138672 -0.4045219421386719 0.6792738437652588
v -0.5296643972396851 -0.4111368954181671 0.6602092385292053
v -0.5255153179168701 -0.41157788038253784 0.6383335590362549
v -0.5264915227890015 -0.40951991081237793 0.6602092385292053
v -0.5206340551376343 -0.40966689586639404 0.6383335590362549
v -0.5350337624549866 -0.40158194303512573 0.6792738437652588
v -0.5499215722084045 -0.3898220360279083 0.692205011844635
v -0.5694466233253479 -0.3776211142539978 0.696753978729248
v -0.5909242033958435 -0.3679191768169403 0.692205011844635
v -0.6111814379692078 -0.36292120814323425 0.6792738437652588
v -0.6192355155944824 -0.35513028502464294 0.6602092385292053
v -0.6206998825073242 -0.35351327061653137 0.6383335590362549
v -0.6106932759284973 -0.34675133228302 0.6602092385292053
v -0.6121576428413391 -0.34513434767723083 0.6383335590362549
v -0.6031273007392883 -0.35483628511428833 0.6792738437652588
v -0.5828700661659241 -0.36086323857307434 0.692205011844635
v -0.5621247291564941 -0.3720351457595825 0.696753978729248
v -0.5438200235366821 -0.3860000669956207 0.692205011844635
v -0.5306406021118164 -0.3993769884109497 0.6792738437652588
v -0.5213662385940552 -0.40746191143989563 0.6602092385292053
v -0.5150206089019775 -0.40790292620658875 0.6383335590362549
v -0.5155087113380432 -0.40569794178009033 0.6602092385292053
v -0.5086749196052551 -0.4062859117984772 0.6383335590362549
v -0.5250271558761597 -0.3971719741821289 0.6792738437652588
v -0.5377184152603149 -0.383060097694397 0.692205011844635
v -0.5543147325515747 -0.3673311769962311 0.696753978729248
v -0.5743278861045837 -0.3543952703475952 0.692205011844635
v -0.5940970182418823 -0.34719231724739075 0.6792738437652588
v -0.6011748313903809 -0.3385193943977356 0.6602092385292053
v -0.6026391983032227 -0.3367553949356079 0.6383335590362549
v -0.5906801223754883 -0.3307284414768219 0.6602092385292053
v -0.5919004082679749 -0.3288174569606781 0.6383335590362549
v -0.5843344926834106 -0.33969539403915405 0.6792738437652588
v -0.5648094415664673 -0.3485153317451477 0.692205011844635
v -0.5462606549263 -0.36321520805358887 0.696753978729248
v -0.5308846831321716 -0.38041409850120544 0.692205011844635
v -0.518681526184082 -0.395114004611969 0.6792738437652588
v -0.5091630816459656 -0.40393394231796265 0.6602092385292053
v -0.5018411874771118 -0.4048159420490265 0.6383335590362549
v -0.5023292899131775 -0.4026109576225281 0.6602092385292053
v -0.49451929330825806 -0.40363994240760803 0.6383335590362549
v -0.5116037130355835 -0.3933500051498413 0.6792738437652588
v -0.5235627889633179 -0.3780621290206909 0.692205011844635
v -0.5382065773010254 -0.3601282238960266 0.696753978729248
v -0.5545587539672852 -0.34351736307144165 0.692205011844635
v -0.5735957026481628 -0.3329334259033203 0.6792738437652588
v -0.5789650678634644 -0.3233785033226013 0.6602092385292053
v -0.5799413323402405 -0.321320503950119 0.6383335590362549
v -0.5660297274589539 -0.3170575201511383 0.6602092385292053
v -0.5667619705200195 -0.3148525357246399 0.6383335590362549
v -0.5616366267204285 -0.3270534574985504 0.6792738437652588
v -0.5452843904495239 -0.33984237909317017 0.692205011844635
v -0.5296643972396851 -0.35733526945114136 0.696753978729248
v -0.5157527923583984 -0.3760041296482086 0.692205011844635
v -0.5042818188667297 -0.3917330205440521 0.6792738437652588
v -0.49500739574432373 -0.4012879729270935 0.6602092385292053
v -0.48695334792137146 -0.4027579426765442 0.6383335590362549
v -0.4871973991394043 -0.40040597319602966 0.6602092385292053
v -0.47914332151412964 -0.40216994285583496 0.6383335590362549
v -0.4964717924594879 -0.39041003584861755 0.6792738437652588
v -0.5074546337127686 -0.3742401599884033 0.692205011844635
v -0.5206340551376343 -0.35498327016830444 0.696753978729248
v -0.5355218648910522 -0.3367553949356079 0.692205011844635
v -0.5511419177055359 -0.3230844736099243 0.6792738437652588
v -0.5548028349876404 -0.31264758110046387 0.6602092385292053
v -0.5557790994644165 -0.31058958172798157 0.6383335590362549
v -0.5435759425163269 -0.3091195821762085 0.6602092385292053
v -0.5443081259727478 -0.3069145977497101 0.6383335590362549
v -0.5406472086906433 -0.31970351934432983 0.6792738437652588
v -0.5255153179168701 -0.33410942554473877 0.692205011844635
v -0.5113596320152283 -0.35307228565216064 0.696753978729248
v -0.49891242384910583 -0.37291714549064636 0.692205011844635
v -0.48841771483421326 -0.3895280361175537 0.6792738437652588
v -0.4793873429298401 -0.39981797337532043 0.6602092385292053
v -0.4713332951068878 -0.40187594294548035 0.6383335590362549
v -0.4713332951068878 -0.3995239734649658 0.6602092385292053
v -0.46327924728393555 -0.40187594294548035 0.6383335590362549
v -0.47987550497055054 -0.38879305124282837 0.6792738437652588
v -0.4901261627674103 -0.3717411458492279 0.692205011844635
v -0.5018411874771118 -0.3516022861003876 0.696753978729248
v -0.515264630317688 -0.33190444111824036 0.692205011844635
v -0.5296643972396851 -0.3167635202407837 0.6792738437652588
v -0.5321049690246582 -0.30603259801864624 0.6602092385292053
v -0.5328371524810791 -0.3038276135921478 0.6383335590362549
v -0.5206340551376343 -0.3036806285381317 0.6602092385292053
v -0.5211221575737 -0.3013286292552948 0.6383335590362549
v -0.518681526184082 -0.31441155076026917 0.6792738437652588
v -0.5050140023231506 -0.33028745651245117 0.692205011844635
v -0.49207866191864014 -0.3504263162612915 0.696753978729248
v -0.4810957908630371 -0.37115317583084106 0.692205011844635
v -0.47157734632492065 -0.38849905133247375 0.6792738437652588
v -0.46327924728393555 -0.3995239734649658 0.6602092385292053
v -0.4552251100540161 -0.40216994285583496 0.6383335590362549
v -0.4552251100540161 -0.39981797337532043 0.6602092385292053
v -0.4474150836467743 -0.4027579426765442 0.6383335590362549
v -0.46303513646125793 -0.38849905133247375 0.6792738437652588
v -0.4718214273452759 -0.37071216106414795 0.692205011844635
v -0.48231616616249084 -0.34954431653022766 0.696753978729248
v -0.4942752420902252 -0.3289644420146942 0.692205011844635
v -0.5074546337127686 -0.31264758110046387 0.6792738437652588
v -0.5089190006256104 -0.3017696440219879 0.6602092385292053
v -0.5091630816459656 -0.299417644739151 0.6383335590362549
v -0.4972039759159088 -0.30029964447021484 0.6602092385292053
v -0.4972039759159088 -0.29809466004371643 0.6383335590362549
v -0.49598366022109985 -0.3113245666027069 0.6792738437652588
v -0.4835364520549774 -0.32808247208595276 0.692205011844635
v -0.47230955958366394 -0.34925031661987305 0.696753978729248
v -0.4627911150455475 -0.37071216106414795 0.692205011844635
v -0.4544929563999176 -0.38879305124282837 0.6792738437652588
v -0.44717106223106384 -0.40040597319602966 0.6602092385292053
v -0.4398491680622101 -0.40363994240760803 0.6383335590362549
v -0.43960511684417725 -0.4012879729270935 0.6602092385292053
v -0.43277132511138916 -0.4048159420490265 0.6383335590362549
v -0.4461947977542877 -0.3895280361175537 0.6792738437652588
v -0.4535166919231415 -0.37100616097450256 0.692205011844635
v -0.4623029828071594 -0.34925031661987305 0.696753978729248
v -0.472797691822052 -0.32764145731925964 0.692205011844635
v -0.48451268672943115 -0.31029558181762695 0.6792738437652588
v -0.48524489998817444 -0.299417644739151 0.6602092385292053
v -0.48524489998817444 -0.2970656752586365 0.6383335590362549
v -0.47328582406044006 -0.2989766597747803 0.6602092385292053
v -0.47328582406044006 -0.29662466049194336 0.6383335590362549
v -0.47304174304008484 -0.30985456705093384 0.6792738437652588
v -0.46181485056877136 -0.32764145731925964 0.692205011844635
v -0.4522963762283325 -0.34954431653022766 0.696753978729248
v -0.4444863498210907 -0.3717411458492279 0.692205011844635
v -0.43814072012901306 -0.39041003584861755 0.6792738437652588
v -0.4322832524776459 -0.4024639427661896 0.6602092385292053
v -0.4256935119628906 -0.40613892674446106 0.6383335590362549
v -0.42520537972450256 -0.40393394231796265 0.6602092385292053
v -0.4195919334888458 -0.40775591135025024 0.6383335590362549
v -0.43033072352409363 -0.391586035490036 0.6792738437652588
v -0.43570011854171753 -0.37277016043663025 0.692205011844635
v -0.4425338804721832 -0.350279301404953 0.696753978729248
v -0.45107606053352356 -0.32808247208595276 0.692205011844635
v -0.4615707993507385 -0.30985456705093384 0.6792738437652588
v -0.4613266885280609 -0.2989766597747803 0.6602092385292053
v -0.4613266885280609 -0.29662466049194336 0.6383335590362549
v -0.4493676424026489 -0.299417644739151 0.6602092385292053
v -0.4493676424026489 -0.2970656752586365 0.6383335590362549
v -0.45009979605674744 -0.31029558181762695 0.6792738437652588
v -0.44033730030059814 -0.3289644420146942 0.692205011844635
v -0.43277132511138916 -0.35145530104637146 0.696753978729248
v -0.4271578788757324 -0.3740931451320648 0.692205011844635
v -0.42276477813720703 -0.3932030200958252 0.6792738437652588
v -0.4188597798347473 -0.40555092692375183 0.6602092385292053
v -0.413490355014801 -0.40966689586639404 0.6383335590362549
v -0.4127582013607025 -0.40746191143989563 0.6602092385292053
v -0.4071447253227234 -0.41201889514923096 0.6383335590362549
v -0.41593095660209656 -0.3949669897556305 0.6792738437652588
v -0.4188597798347473 -0.3758571445941925 0.692205011844635
v -0.4232528507709503 -0.35292530059814453 0.696753978729248
v -0.4298425614833832 -0.33014044165611267 0.692205011844635
v -0.4386288523674011 -0.3111775815486908 0.6792738437652588
v -0.437652587890625 -0.30029964447021484 0.6602092385292053
v -0.43740856647491455 -0.2979476749897003 0.6383335590362549
v -0.42593756318092346 -0.3016226291656494 0.6602092385292053
v -0.4256935119628906 -0.299417644739151 0.6383335590362549
v -0.42740195989608765 -0.31250056624412537 0.6792738437652588
v -0.4193479120731354 -0.33175742626190186 0.692205011844635
v -0.4142225384712219 -0.35483628511428833 0.696753978729248
v -0.4110497534275055 -0.3777681291103363 0.692205011844635
v -0.40909722447395325 -0.3970249891281128 0.6792738437652588
v -0.4064125120639801 -0.40981391072273254 0.6602092385292053
v -0.4005550146102905 -0.4148118793964386 0.6383335590362549
v -0.3995787501335144 -0.4127538800239563 0.6602092385292053
v -0.39372125267982483 -0.41804584860801697 0.6383335590362549
v -0.40226346254348755 -0.39967095851898193 0.6792738437652588
v -0.4034837782382965 -0.38012009859085083 0.692205011844635
v -0.40519219636917114 -0.35704126954078674 0.696753978729248
v -0.40934130549430847 -0.33381542563438416 0.692205011844635
v -0.4164190888404846 -0.31426456570625305 0.6792738437652588
v -0.4142225384712219 -0.3035336136817932 0.6602092385292053
v -0.4139784872531891 -0.3011816442012787 0.6383335590362549
v -0.40299561619758606 -0.3058856129646301 0.6602092385292053
v -0.4025075435638428 -0.3035336136817932 0.6383335590362549
v -0.40543630719184875 -0.31646955013275146 0.6792738437652588
v -0.39933472871780396 -0.3363143801689148 0.692205011844635
v -0.396405965089798 -0.3598342537879944 0.696753978729248
v -0.3956737518310547 -0.383060097694397 0.692205011844635
v -0.3949415683746338 -0.4027579426765442 0.6792738437652588
v -0.39250096678733826 -0.41598784923553467 0.6602092385292053
v -0.3866434097290039 -0.42186781764030457 0.6383335590362549
v -0.38566720485687256 -0.41980984807014465 0.6602092385292053
v -0.37956562638282776 -0.42583680152893066 0.6383335590362549
v -0.38761967420578003 -0.4062859117984772 0.6792738437652588
v -0.38761967420578003 -0.38644105195999146 0.692205011844635
v -0.38761967420578003 -0.36306822299957275 0.696753978729248
v -0.3895722031593323 -0.33954837918281555 0.692205011844635
v -0.39469751715660095 -0.3192625045776367 0.6792738437652588
v -0.3917687237262726 -0.30867859721183777 0.6602092385292053
v -0.3910365700721741 -0.30647361278533936 0.6383335590362549
v -0.38029778003692627 -0.31220656633377075 0.6602092385292053
v -0.37956562638282776 -0.31000158190727234 0.6383335590362549
v -0.3837146759033203 -0.3226434886455536 0.6792738437652588
v -0.37956562638282776 -0.34307634830474854 0.692205011844635
v -0.3788333833217621 -0.36689019203186035 0.696753978729248
v -0.37956562638282776 -0.39041003584861755 0.692205011844635
v -0.38029778003692627 -0.41025489568710327 0.6792738437652588
v -0.37858936190605164 -0.42392581701278687 0.6602092385292053
v -0.37273186445236206 -0.4302467703819275 0.6383335590362549
v -0.3715114891529083 -0.4283357858657837 0.6602092385292053
v -0.3658980429172516 -0.43495073914527893 0.6383335590362549
v -0.37273186445236206 -0.414517879486084 0.6792738437652588
v -0.3715114891529083 -0.39467301964759827 0.692205011844635
v -0.3698030710220337 -0.37115317583084106 0.696753978729248
v -0.3698030710220337 -0.34733933210372925 0.692205011844635
v -0.3729759156703949 -0.3266124725341797 0.6792738437652588
v -0.3690708875656128 -0.31646955013275146 0.6602092385292053
v -0.36809462308883667 -0.31426456570625305 0.6383335590362549
v -0.3578439950942993 -0.3211735188961029 0.6602092385292053
v -0.3571118116378784 -0.3189685046672821 0.6383335590362549
v -0.36248117685317993 -0.3311694264411926 0.6792738437652588
v -0.36028459668159485 -0.3520433008670807 0.692205011844635
v -0.3610168397426605 -0.3758571445941925 0.696753978729248
v -0.36345744132995605 -0.3993769884109497 0.692205011844635
v -0.3654099702835083 -0.4192218482494354 0.6792738437652588
v -0.3644337058067322 -0.43303975462913513 0.6602092385292053
v -0.3590643107891083 -0.439948707818985 0.6383335590362549
v -0.3578439950942993 -0.4380377233028412 0.6602092385292053
v -0.35271868109703064 -0.44494667649269104 0.6383335590362549
v -0.35808804631233215 -0.424072802066803 0.6792738437652588
v -0.35564741492271423 -0.4043749272823334 0.692205011844635
v -0.352474570274353 -0.3810020983219147 0.696753978729248
v -0.35052210092544556 -0.35704126954078674 0.692205011844635
v -0.3522305488586426 -0.3361673951148987 0.6792738437652588
v -0.3471052348613739 -0.3263184726238251 0.6602092385292053
v -0.3461289703845978 -0.32426050305366516 0.6383335590362549
v -0.33661049604415894 -0.33190444111824036 0.6602092385292053
v -0.33539018034935 -0.32984644174575806 0.6383335590362549
v -0.3419799208641052 -0.34145936369895935 0.6792738437652588
v -0.3412477374076843 -0.3624802231788635 0.692205011844635
v -0.34368833899497986 -0.38629406690597534 0.696753978729248
v -0.3478373885154724 -0.40966689586639404 0.692205011844635
v -0.3510102331638336 -0.42936477065086365 0.6792738437652588
v -0.35125428438186646 -0.44318267703056335 0.6602092385292053
v -0.34661710262298584 -0.4502386152744293 0.6383335590362549
v -0.34515270590782166 -0.448474645614624 0.6602092385292053
v -0.34075960516929626 -0.4553835988044739 0.6383335590362549
v -0.34442052245140076 -0.4346567392349243 0.6792738437652588
v -0.3402714729309082 -0.4151058793067932 0.692205011844635
v -0.33539018034935 -0.39202702045440674 0.696753978729248
v -0.3319733142852783 -0.3683601915836334 0.692205011844635
v -0.3319733142852783 -0.34733933210372925 0.6792738437652588
v -0.3263598680496216 -0.33793139457702637 0.6602092385292053
v -0.3251395523548126 -0.33602041006088257 0.6383335590362549
v -0.31610924005508423 -0.344252347946167 0.6602092385292053
v -0.31488892436027527 -0.3423413634300232 0.6383335590362549
v -0.32221081852912903 -0.35351327061653137 0.6792738437652588
v -0.3229430019855499 -0.37453413009643555 0.692205011844635
v -0.3273361325263977 -0.39805397391319275 0.696753978729248
v -0.33294957876205444 -0.4208388328552246 0.692205011844635
v -0.3378308117389679 -0.4402427077293396 0.6792738437652588
v -0.3392952084541321 -0.4537666141986847 0.6602092385292053
v -0.33539018034935 -0.46067556738853455 0.6383335590362549
v -0.3339257836341858 -0.45905858278274536 0.6602092385292053
v -0.33075299859046936 -0.4658205211162567 0.6383335590362549
v -0.3317292630672455 -0.4458286464214325 0.6792738437652588
v -0.32611581683158875 -0.4268657863140106 0.692205011844635
v -0.3195261061191559 -0.40422794222831726 0.696753978729248
v -0.314156711101532 -0.3810020983219147 0.692205011844635
v -0.3126923441886902 -0.3599812388420105 0.6792738437652588
v -0.30634668469429016 -0.35101428627967834 0.6602092385292053
v -0.30488234758377075 -0.34910333156585693 0.6383335590362549
v -0.2968282103538513 -0.3580702543258667 0.6602092385292053
v -0.2953638732433319 -0.3561592698097229 0.6383335590362549
v -0.3034179210662842 -0.36674320697784424 0.6792738437652588
v -0.3058586120605469 -0.3876170516014099 0.692205011844635
v -0.3119601309299469 -0.4106959104537964 0.696753978729248
v -0.3195261061191559 -0.43289273977279663 0.692205011844635
v -0.32611581683158875 -0.4514146149158478 0.6792738437652588
v -0.3290445804595947 -0.46420353651046753 0.6602092385292053
v -0.3263598680496216 -0.47081848978996277 0.6383335590362549
v -0.32465142011642456 -0.4693484902381897 0.6602092385292053
v -0.323431134223938 -0.47478747367858887 0.6383335590362549
v -0.32074642181396484 -0.45685359835624695 0.6792738437652588
v -0.31318047642707825 -0.43891969323158264 0.692205011844635
v -0.30463823676109314 -0.4171638488769531 0.696753978729248
v -0.29780447483062744 -0.39452600479125977 0.692205011844635
v -0.294631689786911 -0.3737991452217102 0.6792738437652588
v -0.2875538468360901 -0.36527320742607117 0.6602092385292053
v -0.2860894501209259 -0.3635092079639435 0.6383335590362549
v -0.27876755595207214 -0.37291714549064636 0.6602092385292053
v -0.2770591080188751 -0.37115317583084106 0.6383335590362549
v -0.28584539890289307 -0.3811491131782532 0.6792738437652588
v -0.2899944484233856 -0.40158194303512573 0.692205011844635
v -0.29804858565330505 -0.42377880215644836 0.696753978729248
v -0.3075670301914215 -0.44494667649269104 0.692205011844635
v -0.31610924005508423 -0.46229255199432373 0.6792738437652588
v -0.32147857546806335 -0.4734644591808319 0.6602092385292053
v -0.3202582895755768 -0.4794914424419403 0.6383335590362549
v -0.3183058202266693 -0.47831544280052185 0.6602092385292053
v -0.31757357716560364 -0.4849303960800171 0.6383335590362549
v -0.31244826316833496 -0.4672905206680298 0.6792738437652588
v -0.30244165658950806 -0.45097362995147705 0.692205011844635
v -0.29170289635658264 -0.4305407702922821 0.696753978729248
v -0.28267258405685425 -0.4087848961353302 0.692205011844635
v -0.2777913510799408 -0.38864603638648987 0.6792738437652588
v -0.2702253758907318 -0.38056108355522156 0.6602092385292053
v -0.2685169279575348 -0.3789440989494324 0.6383335590362549
v -0.26192721724510193 -0.38864603638648987 0.6602092385292053
v -0.2604628801345825 -0.3870290517807007 0.6383335590362549
v -0.269981324672699 -0.39629000425338745 0.6792738437652588
v -0.2755947709083557 -0.41613486409187317 0.692205011844635
v -0.28584539890289307 -0.43730270862579346 0.696753978729248
v -0.297560453414917 -0.4571475684642792 0.692205011844635
v -0.30878734588623047 -0.47287648916244507 0.6792738437652588
v -0.31537699699401855 -0.48390141129493713 0.6602092385292053
v -0.31464484333992004 -0.4912513494491577 0.6383335590362549
v -0.31244826316833496 -0.49022236466407776 0.6602092385292053
v -0.31171607971191406 -0.49816030263900757 0.6383335590362549
v -0.30561450123786926 -0.4790504276752472 0.6792738437652588
v -0.29341134428977966 -0.4639095366001129 0.692205011844635
v -0.2799878716468811 -0.44509366154670715 0.696753978729248
v -0.2692491114139557 -0.42348480224609375 0.692205011844635
v -0.26241534948349 -0.40422794222831726 0.6792738437652588
v -0.25436127185821533 -0.3967309892177582 0.6602092385292053
v -0.2526528537273407 -0.3952609896659851 0.6383335590362549
v -0.24703939259052277 -0.4051099419593811 0.6602092385292053
v -0.24533095955848694 -0.40378695726394653 0.6383335590362549
v -0.2555815875530243 -0.41216588020324707 0.6792738437652588
v -0.26217129826545715 -0.43289273977279663 0.692205011844635
v -0.2748625576496124 -0.45317861437797546 0.696753978729248
v -0.28950631618499756 -0.4712594747543335 0.692205011844635
v -0.30244165658950806 -0.48595938086509705 0.6792738437652588
v -0.3097635507583618 -0.4974253177642822 0.6602092385292053
v -0.3090313971042633 -0.5059512257575989 0.6383335590362549
v -0.3068348169326782 -0.5052162408828735 0.6602092385292053
v -0.3061026334762573 -0.5144771933555603 0.6383335590362549
v -0.2992688715457916 -0.49345633387565613 0.6792738437652588
v -0.2860894501209259 -0.4790504276752472 0.692205011844635
v -0.2702253758907318 -0.4617045521736145 0.696753978729248
v -0.25606971979141235 -0.442447692155838 0.692205011844635
v -0.24752752482891083 -0.4227498173713684 0.6792738437652588
v -0.23849719762802124 -0.4165758490562439 0.6602092385292053
v -0.236544668674469 -0.4152528643608093 0.6383335590362549
v -0.23117531836032867 -0.4280417859554291 0.6602092385292053
v -0.22922277450561523 -0.42701277136802673 0.6383335590362549
v -0.24069377779960632 -0.43362775444984436 0.6792738437652588
v -0.2509444057941437 -0.4522966146469116 0.692205011844635
v -0.2663203477859497 -0.47052448987960815 0.696753978729248
v -0.28267258405685425 -0.4872823655605316 0.692205011844635
v -0.29634013772010803 -0.5016883015632629 0.6792738437652588
v -0.30390605330467224 -0.513742208480835 0.6602092385292053
v -0.30024513602256775 -0.5332930684089661 0.6383335590362549
v -0.29804858565330505 -0.5325580835342407 0.6602092385292053
v -0.2968282103538513 -0.5435829758644104 0.6383335590362549
v -0.2936554253101349 -0.5103611946105957 0.6792738437652588
v -0.27974382042884827 -0.49595531821250916 0.692205011844635
v -0.2626594305038452 -0.4796384274959564 0.696753978729248
v -0.24630722403526306 -0.46214553713798523 0.692205011844635
v -0.2350803166627884 -0.4445056617259979 0.6792738437652588
v -0.22507372498512268 -0.43965470790863037 0.6602092385292053
v -0.22312119603157043 -0.438625693321228 0.6383335590362549
v -0.219948410987854 -0.45097362995147705 0.6602092385292053
v -0.21775184571743011 -0.4499446153640747 0.6383335590362549
v -0.22995495796203613 -0.4552365839481354 0.6792738437652588
v -0.24240221083164215 -0.47214147448539734 0.692205011844635
v -0.25924256443977356 -0.4888993799686432 0.696753978729248
v -0.27657097578048706 -0.5049222707748413 0.692205011844635
v -0.2875538468360901 -0.5291770696640015 0.6792738437652588
v -0.294631689786911 -0.5428479909896851 0.6602092385292053
v -0.2929232716560364 -0.5541669130325317 0.6383335590362549
v -0.2907266914844513 -0.5534319281578064 0.6602092385292053
v -0.2885301113128662 -0.5653388500213623 0.6383335590362549
v -0.28413698077201843 -0.5391730070114136 0.6792738437652588
v -0.2707135081291199 -0.5237381458282471 0.692205011844635
v -0.25606971979141235 -0.49830731749534607 0.696753978729248
v -0.2389853298664093 -0.48184341192245483 0.692205011844635
v -0.22580590844154358 -0.4658205211162567 0.6792738437652588
v -0.21555526554584503 -0.4618515372276306 0.6602092385292053
v -0.21335870027542114 -0.4611165523529053 0.6383335590362549
v -0.21165025234222412 -0.47258248925209045 0.6602092385292053
v -0.20945368707180023 -0.4718474745750427 0.6383335590362549
v -0.2221449911594391 -0.47611045837402344 0.6792738437652588
v -0.2358125001192093 -0.49169233441352844 0.692205011844635
v -0.2502121925354004 -0.5171231627464294 0.696753978729248
v -0.26729661226272583 -0.5334400534629822 0.692205011844635
v -0.28047600388526917 -0.5496099591255188 0.6792738437652588
v -0.28633353114128113 -0.5644568800926208 0.6602092385292053
v -0.2807200849056244 -0.5747467875480652 0.6598003506660461
v -0.2707135081291199 -0.5706307888031006 0.6783538460731506
v -0.26363563537597656 -0.5797447562217712 0.6757471561431885
v -0.27291005849838257 -0.5835667252540588 0.6585736870765686
v -0.25533753633499146 -0.5870947241783142 0.6715559959411621
v -0.2633916139602661 -0.5904756784439087 0.6566314101219177
v -0.2465512603521347 -0.5923866629600525 0.6659337282180786
v -0.2526528537273407 -0.5950326323509216 0.6540758609771729
v -0.23703280091285706 -0.5953266620635986 0.6592381596565247
v -0.24142594635486603 -0.5970906615257263 0.6509580612182617
v -0.22800247371196747 -0.5956206321716309 0.6517246961593628
v -0.23019903898239136 -0.5966496467590332 0.6474825143814087
v -0.21946027874946594 -0.5934156775474548 0.6438536047935486
v -0.2243414968252182 -0.5940036773681641 0.6546381115913391
v -0.219948410987854 -0.5922396779060364 0.6556092500686646
v -0.22995495796203613 -0.5922396779060364 0.6648092865943909
v -0.2214127629995346 -0.5885646939277649 0.6668025851249695
v -0.23630063235759735 -0.5879766941070557 0.6740093231201172
v -0.2426462471485138 -0.581655740737915 0.6816249489784241
v -0.21555526554584503 -0.5903286933898926 0.6546381115913391
v -0.21287056803703308 -0.5848897099494934 0.6648092865943909
v -0.22385342419147491 -0.5828317403793335 0.6768204569816589
v -0.21189428865909576 -0.588711678981781 0.6517246961593628
v -0.20969772338867188 -0.5878297090530396 0.6474825143814087
v -0.2092096507549286 -0.5876827239990234 0.6426268815994263
v -0.20139962434768677 -0.5800387263298035 0.6509580612182617
v -0.20042335987091064 -0.5795977711677551 0.6414512991905212
v -0.19505394995212555 -0.5704838037490845 0.6540758609771729
v -0.1938336342573166 -0.5698958039283752 0.6404291391372681
v -0.190904900431633 -0.559752881526947 0.6566314101219177
v -0.18944048881530762 -0.5590178966522217 0.6395602226257324
v -0.18944048881530762 -0.5481399893760681 0.6585736870765686
v -0.18748801946640015 -0.5472579598426819 0.6388957500457764
v -0.19041676819324493 -0.5363800525665283 0.6598003506660461
v -0.18822018802165985 -0.5354980230331421 0.638486921787262
v -0.1938336342573166 -0.5250611305236816 0.6602092385292053
v -0.1916370689868927 -0.5241791009902954 0.6383335590362549
v -0.1945658177137375 -0.5171231627464294 0.6383335590362549
v -0.19651834666728973 -0.5180051922798157 0.6602092385292053
v -0.19725051522254944 -0.5093322396278381 0.6383335590362549
v -0.2038402408361435 -0.5293241143226624 0.6792738437652588
v -0.20017926394939423 -0.540643036365509 0.6783538460731506
v -0.1984708160161972 -0.5519619584083557 0.6757471561431885
v -0.19895896315574646 -0.5631338953971863 0.6715559959411621
v -0.20139962434768677 -0.5732768177986145 0.6659337282180786
v -0.20579271018505096 -0.5819497108459473 0.6592381596565247
v -0.21165025234222412 -0.5775397419929504 0.6740093231201172
v -0.21165025234222412 -0.5685728192329407 0.6816249489784241
v -0.21335870027542114 -0.5582829117774963 0.6874005198478699
v -0.21628743410110474 -0.547404944896698 0.6909783482551575
v -0.22019244730472565 -0.5363800525665283 0.692205011844635
v -0.2070130705833435 -0.5218271613121033 0.6792738437652588
v -0.19944709539413452 -0.5100672245025635 0.6602092385292053
v -0.20017926394939423 -0.5008062720298767 0.6383335590362549
v -0.20237582921981812 -0.501541256904602 0.6602092385292053
v -0.20603680610656738 -0.48199042677879333 0.6383335590362549
v -0.2099418193101883 -0.5135952234268188 0.6792738437652588
v -0.2236093282699585 -0.5281481146812439 0.692205011844635
v -0.23996154963970184 -0.5447589755058289 0.696753978729248
v -0.23556840419769287 -0.5556369423866272 0.6954250335693359
v -0.23117531836032867 -0.5659268498420715 0.6915405988693237
v -0.22727030515670776 -0.5750407576560974 0.6852027773857117
v -0.24899187684059143 -0.5734238028526306 0.6874005198478699
v -0.2548494040966034 -0.5637218356132507 0.6909783482551575
v -0.25997474789619446 -0.5531379580497742 0.692205011844635
v -0.24362251162528992 -0.535645067691803 0.696753978729248
v -0.2267821729183197 -0.5194751620292664 0.692205011844635
v -0.21287056803703308 -0.5049222707748413 0.6792738437652588
v -0.20823338627815247 -0.4827254116535187 0.6602092385292053
v -0.21872805058956146 -0.48610639572143555 0.6792738437652588
v -0.2297109067440033 -0.5105082392692566 0.692205011844635
v -0.24703939259052277 -0.5263841152191162 0.696753978729248
v -0.2638797461986542 -0.5432890057563782 0.692205011844635
v -0.2763269543647766 -0.5601938962936401 0.6792738437652588
v -0.6726852655410767 -0.4847833812236786 0.6438536047935486
v -0.6636549830436707 -0.49228033423423767 0.6426268815994263
v -0.664631187915802 -0.4911043643951416 0.6379757523536682
v -0.6531602144241333 -0.49757230281829834 0.6414512991905212
v -0.6551127433776855 -0.4955143332481384 0.632404625415802
v -0.6416893005371094 -0.5003653168678284 0.6404291391372681
v -0.644618034362793 -0.4972783029079437 0.6273956894874573
v -0.629730224609375 -0.5006592869758606 0.6395602226257324
v -0.6336352229118347 -0.496837317943573 0.6232045888900757
v -0.6182592511177063 -0.49816030263900757 0.6388957500457764
v -0.6668277978897095 -0.4887523651123047 0.6343468427658081
v -0.6700006127357483 -0.4855183959007263 0.6323534846305847
v -0.6595059037208557 -0.490810364484787 0.6253001093864441
v -0.6656074523925781 -0.48448941111564636 0.6214156746864319
v -0.6509636640548706 -0.4906633496284485 0.6171733736991882
v -0.6734174489974976 -0.48199042677879333 0.6323534846305847
v -0.6765903234481812 -0.4789034426212311 0.6343468427658081
v -0.6787868738174438 -0.47640445828437805 0.6379757523536682
v -0.67976313829422 -0.4753754436969757 0.6426268815994263
v -0.6826918721199036 -0.46684950590133667 0.632404625415802
v -0.684644341468811 -0.46464452147483826 0.6414512991905212
v -0.6841562390327454 -0.4561185836791992 0.6273956894874573
v -0.6870850324630737 -0.45303159952163696 0.6404291391372681
v -0.6831799745559692 -0.44509366154670715 0.6232045888900757
v -0.6868409514427185 -0.44127169251441956 0.6395602226257324
v -0.67976313829422 -0.4342157244682312 0.6200356483459473
v -0.6839122176170349 -0.4298057556152344 0.6388957500457764
v -0.673905611038208 -0.424072802066803 0.6180934309959412
v -0.6785427927970886 -0.4192218482494354 0.638486921787262
v -0.666339635848999 -0.4151058793067932 0.6174289584159851
v -0.6709768772125244 -0.41010791063308716 0.6383335590362549
v -0.6660955548286438 -0.4051099419593811 0.6383335590362549
v -0.6609702706336975 -0.40981391072273254 0.6174289584159851
v -0.6607261896133423 -0.3993769884109497 0.6383335590362549
v -0.6560890078544617 -0.42568978667259216 0.6010732650756836
v -0.6641430854797363 -0.4343627393245697 0.6021466255187988
v -0.670488715171814 -0.4437706768512726 0.6053155064582825
v -0.6751258969306946 -0.4534726142883301 0.610426664352417
v -0.6778106093406677 -0.46273353695869446 0.6171733736991882
v -0.6782987713813782 -0.471406489610672 0.6253001093864441
v -0.672197163105011 -0.4777274429798126 0.6214156746864319
v -0.6595059037208557 -0.4816964268684387 0.611602246761322
v -0.6690243482589722 -0.4718474745750427 0.611602246761322
v -0.6643871665000916 -0.46479153633117676 0.6034243702888489
v -0.6580415368080139 -0.45685359835624695 0.5972399115562439
v -0.6504755616188049 -0.448474645614624 0.5934065580368042
v -0.642177402973175 -0.4402427077293396 0.5921287536621094
v -0.6504755616188049 -0.41995683312416077 0.6010732650756836
v -0.655600905418396 -0.40378695726394653 0.6174289584159851
v -0.6551127433776855 -0.3929090201854706 0.6383335590362549
v -0.649743378162384 -0.3973189890384674 0.6174289584159851
v -0.6360757946968079 -0.3702711760997772 0.6383335590362549
v -0.644618034362793 -0.41363587975502014 0.6010732650756836
v -0.6358317732810974 -0.4337747395038605 0.5921287536621094
v -0.6270455121994019 -0.4559715986251831 0.5921287536621094
v -0.6355876922607422 -0.46405652165412903 0.5934065580368042
v -0.6441299319267273 -0.4711124897003174 0.5972399115562439
v -0.6524280905723572 -0.4771394431591034 0.6034243702888489
v -0.6414452195167542 -0.4884583652019501 0.610426664352417
v -0.6224083304405212 -0.49375033378601074 0.6200356483459473
v -0.6075204610824585 -0.49330934882164 0.638486921787262
v -0.6121576428413391 -0.4884583652019501 0.6180934309959412
v -0.598002016544342 -0.48610639572143555 0.6383335590362549
v -0.6316826939582825 -0.48419541120529175 0.6053155064582825
v -0.6219201683998108 -0.47816842794418335 0.6021466255187988
v -0.61288982629776 -0.47052448987960815 0.6010732650756836
v -0.6199676990509033 -0.44891563057899475 0.5921287536621094
v -0.6294861435890198 -0.42701277136802673 0.5921287536621094
v -0.638760507106781 -0.4067269265651703 0.6010732650756836
v -0.6307064294815063 -0.37468114495277405 0.6174289584159851
v -0.6287539601325989 -0.3620392382144928 0.6383335590362549
v -0.6236286163330078 -0.36659619212150574 0.6174289584159851
v -0.6206998825073242 -0.35351327061653137 0.6383335590362549
v -0.6028832793235779 -0.4811084270477295 0.6174289584159851
v -0.6197236180305481 -0.38423606753349304 0.6010732650756836
v -0.6233845353126526 -0.41980984807014465 0.5921287536621094
v -0.6131339073181152 -0.44156569242477417 0.5921287536621094
v -0.6053239107131958 -0.46273353695869446 0.6010732650756836
v -0.594585120677948 -0.47287648916244507 0.6174289584159851
v -0.5897038578987122 -0.4775804579257965 0.6383335590362549
v -0.587019145488739 -0.46479153633117676 0.6174289584159851
v -0.5821378827095032 -0.4692015051841736 0.6383335590362549
v -0.5982460975646973 -0.45494258403778076 0.6010732650756836
v -0.6065441966056824 -0.4340687394142151 0.5921287536621094
v -0.6043476462364197 -0.3973189890384674 0.5921287536621094
v -0.6126458048820496 -0.37644511461257935 0.6010732650756836
v -0.6160626411437988 -0.3583642542362213 0.6174289584159851
v -0.6121576428413391 -0.34513434767723083 0.6383335590362549
v -0.6075204610824585 -0.3501323163509369 0.6174289584159851
v -0.6026391983032227 -0.3367553949356079 0.6383335590362549
v -0.6053239107131958 -0.36865419149398804 0.6010732650756836
v -0.5977579355239868 -0.38996902108192444 0.5921287536621094
v -0.5877513289451599 -0.41172489523887634 0.5921287536621094
v -0.5914123058319092 -0.44715166091918945 0.6010732650756836
v -0.5801854133605957 -0.45670658349990845 0.6174289584159851
v -0.5750600695610046 -0.4611165523529053 0.6383335590362549
v -0.5613925457000732 -0.4345097243785858 0.6174289584159851
v -0.5562672019004822 -0.43891969323158264 0.6383335590362549
v -0.5726194381713867 -0.4248077869415283 0.6010732650756836
v -0.5816497802734375 -0.404668927192688 0.5921287536621094
v -0.5909242033958435 -0.38261908292770386 0.5921287536621094
v -0.5975138545036316 -0.36086323857307434 0.6010732650756836
v -0.5982460975646973 -0.3420473635196686 0.6174289584159851
v -0.5919004082679749 -0.3288174569606781 0.6383335590362549
v -0.5879954099655151 -0.3344034254550934 0.6174289584159851
v -0.5799413323402405 -0.321320503950119 0.6383335590362549
v -0.5889716744422913 -0.35351327061653137 0.6010732650756836
v -0.583846390247345 -0.375710129737854 0.5921287536621094
v -0.5753041505813599 -0.39805397391319275 0.5921287536621094
v -0.5667619705200195 -0.4181928336620331 0.6010732650756836
v -0.5557790994644165 -0.4280417859554291 0.6174289584159851
v -0.5506537556648254 -0.432598739862442 0.6383335590362549
v -0.550409734249115 -0.4223088324069977 0.6174289584159851
v -0.5455284714698792 -0.42701277136802673 0.6383335590362549
v -0.5609044432640076 -0.41201889514923096 0.6010732650756836
v -0.5689585208892822 -0.3917330205440521 0.5921287536621094
v -0.576280415058136 -0.36909517645835876 0.5921287536621094
v -0.57969731092453 -0.3464573323726654 0.6010732650756836
v -0.5767685174942017 -0.32734745740890503 0.6174289584159851
v -0.5667619705200195 -0.3148525357246399 0.6383335590362549
v -0.5640772581100464 -0.3211735188961029 0.6174289584159851
v -0.5557790994644165 -0.31058958172798157 0.6383335590362549
v -0.5694466233253479 -0.3401363790035248 0.6010732650756836
v -0.5682263374328613 -0.36306822299957275 0.5921287536621094
v -0.5623688101768494 -0.38614705204963684 0.5921287536621094
v -0.5552909970283508 -0.4065799117088318 0.6010732650756836
v -0.5452843904495239 -0.4173108637332916 0.6174289584159851
v -0.5406472086906433 -0.4223088324069977 0.6383335590362549
v -0.5404031276702881 -0.413194864988327 0.6174289584159851
v -0.5362540483474731 -0.4184868335723877 0.6383335590362549
v -0.5496775507926941 -0.40172895789146423 0.6010732650756836
v -0.5557790994644165 -0.3811491131782532 0.5921287536621094
v -0.5596840977668762 -0.35762926936149597 0.5921287536621094
v -0.5584638118743896 -0.3346973955631256 0.6010732650756836
v -0.5533384680747986 -0.3169105350971222 0.6174289584159851
v -0.5443081259727478 -0.3069145977497101 0.6383335590362549
v -0.5423556566238403 -0.3133825659751892 0.6174289584159851
v -0.5328371524810791 -0.3038276135921478 0.6383335590362549
v -0.5484572052955627 -0.330875426530838 0.6010732650756836
v -0.550409734249115 -0.35307228565216064 0.5921287536621094
v -0.5489453077316284 -0.37688612937927246 0.5921287536621094
v -0.5443081259727478 -0.39775997400283813 0.6010732650756836
v -0.5360099673271179 -0.40981391072273254 0.6174289584159851
v -0.5321049690246582 -0.41539984941482544 0.6383335590362549
v -0.5318609476089478 -0.407167911529541 0.6174289584159851
v -0.5286880731582642 -0.413194864988327 0.6383335590362549
v -0.5391828417778015 -0.39437901973724365 0.6010732650756836
v -0.5418674945831299 -0.3733581602573395 0.5921287536621094
v -0.5418674945831299 -0.3496913015842438 0.5921287536621094
v -0.5382065773010254 -0.32749447226524353 0.6010732650756836
v -0.5311287641525269 -0.31044256687164307 0.6174289584159851
v -0.5211221575737 -0.3013286292552948 0.6383335590362549
v -0.5199018120765686 -0.30809059739112854 0.6174289584159851
v -0.5091630816459656 -0.299417644739151 0.6383335590362549
v -0.5277118682861328 -0.324848473072052 0.6010732650756836
v -0.5325931310653687 -0.34675133228302 0.5921287536621094
v -0.5345456004142761 -0.37041816115379333 0.5921287536621094
v -0.5340574979782104 -0.3918800354003906 0.6010732650756836
v -0.5281999707221985 -0.4054039418697357 0.6174289584159851
v -0.5255153179168701 -0.41157788038253784 0.6383335590362549
v -0.522830605506897 -0.4033459424972534 0.6174289584159851
v -0.5206340551376343 -0.40966689586639404 0.6383335590362549
v -0.5277118682861328 -0.3893810510635376 0.6010732650756836
v -0.5264915227890015 -0.3679191768169403 0.5921287536621094
v -0.5233187079429626 -0.3443993628025055 0.5921287536621094
v -0.5172171592712402 -0.3224965035915375 0.6010732650756836
v -0.5081868171691895 -0.30617961287498474 0.6174289584159851
v -0.4972039759159088 -0.29809466004371643 0.6383335590362549
v -0.49671584367752075 -0.30485662817955017 0.6174289584159851
v -0.48524489998817444 -0.2970656752586365 0.6383335590362549
v -0.5062342882156372 -0.3207325041294098 0.6010732650756836
v -0.513556182384491 -0.3423413634300232 0.5921287536621094
v -0.5181934237480164 -0.3657141923904419 0.5921287536621094
v -0.5208780765533447 -0.3871760666370392 0.6010732650756836
v -0.5167290568351746 -0.4012879729270935 0.6174289584159851
v -0.5150206089019775 -0.40790292620658875 0.6383335590362549
v -0.5101392865180969 -0.39967095851898193 0.6174289584159851
v -0.5086749196052551 -0.4062859117984772 0.6383335590362549
v -0.513556182384491 -0.385265052318573 0.6010732650756836
v -0.5094071626663208 -0.3639502227306366 0.5921287536621094
v -0.5035496354103088 -0.340724378824234 0.5921287536621094
v -0.49525147676467896 -0.3194095194339752 0.6010732650756836
v -0.4850008189678192 -0.3038276135921478 0.6174289584159851
v -0.47328582406044006 -0.29662466049194336 0.6383335590362549
v -0.47328582406044006 -0.3033866286277771 0.6174289584159851
v -0.4613266885280609 -0.29662466049194336 0.6383335590362549
v -0.4840245842933655 -0.3185275197029114 0.6010732650756836
v -0.4932989776134491 -0.33940136432647705 0.5921287536621094
v -0.5003767609596252 -0.3624802231788635 0.5921287536621094
v -0.5057461857795715 -0.3836480677127838 0.6010732650756836
v -0.5030614733695984 -0.39805397391319275 0.6174289584159851
v -0.5018411874771118 -0.4048159420490265 0.6383335590362549
v -0.4954955279827118 -0.3968779742717743 0.6174289584159851
v -0.49451929330825806 -0.40363994240760803 0.6383335590362549
v -0.4976921081542969 -0.38232508301734924 0.6010732650756836
v -0.491102397441864 -0.36130422353744507 0.5921287536621094
v -0.48280423879623413 -0.3386663794517517 0.5921287536621094
v -0.472797691822052 -0.31808653473854065 0.6010732650756836
v -0.4613266885280609 -0.3033866286277771 0.6174289584159851
v -0.4493676424026489 -0.2970656752586365 0.6383335590362549
v -0.4496116638183594 -0.3038276135921478 0.6174289584159851
v -0.43740856647491455 -0.2979476749897003 0.6383335590362549
v -0.46181485056877136 -0.31808653473854065 0.6010732650756836
v -0.4725536108016968 -0.338225394487381 0.5921287536621094
v -0.48158392310142517 -0.3605692386627197 0.5921287536621094
v -0.48914989829063416 -0.3812960982322693 0.6010732650756836
v -0.48768550157546997 -0.39599600434303284 0.6174289584159851
v -0.48695334792137146 -0.4027579426765442 0.6383335590362549
v -0.4796314537525177 -0.3952609896659851 0.6174289584159851
v -0.47914332151412964 -0.40216994285583496 0.6383335590362549
v -0.4803636372089386 -0.38070809841156006 0.6010732650756836
v -0.4720654785633087 -0.3602752387523651 0.5921287536621094
v -0.4620589315891266 -0.338225394487381 0.5921287536621094
v -0.4505879282951355 -0.3185275197029114 0.6010732650756836
v -0.43814072012901306 -0.30470961332321167 0.6174289584159851
v -0.4256935119628906 -0.299417644739151 0.6383335590362549
v -0.4264256954193115 -0.30603259801864624 0.6174289584159851
v -0.4139784872531891 -0.3011816442012787 0.6383335590362549
v -0.43960511684417725 -0.3194095194339752 0.6010732650756836
v -0.45180824398994446 -0.3386663794517517 0.5921287536621094
v -0.4625470042228699 -0.3602752387523651 0.5921287536621094
v -0.47157734632492065 -0.38026711344718933 0.6010732650756836
v -0.4713332951068878 -0.3949669897556305 0.6174289584159851
v -0.4713332951068878 -0.40187594294548035 0.6383335590362549
v -0.46303513646125793 -0.3949669897556305 0.6174289584159851
v -0.46327924728393555 -0.40187594294548035 0.6383335590362549
v -0.4627911150455475 -0.38026711344718933 0.6010732650756836
v -0.4530285596847534 -0.3605692386627197 0.5921287536621094
v -0.44131356477737427 -0.33940136432647705 0.5921287536621094
v -0.4286222755908966 -0.3207325041294098 0.6010732650756836
v -0.41519880294799805 -0.3079436123371124 0.6174289584159851
v -0.4025075435638428 -0.3035336136817932 0.6383335590362549
v -0.40397191047668457 -0.31014856696128845 0.6174289584159851
v -0.3910365700721741 -0.30647361278533936 0.6383335590362549
v -0.4176394045352936 -0.322349488735199 0.6010732650756836
v -0.43130698800086975 -0.3405773639678955 0.5921287536621094
v -0.44351014494895935 -0.36130422353744507 0.5921287536621094
v -0.45400482416152954 -0.38056108355522156 0.6010732650756836
v -0.45498108863830566 -0.3952609896659851 0.6174289584159851
v -0.4552251100540161 -0.40216994285583496 0.6383335590362549
v -0.446927011013031 -0.39599600434303284 0.6174289584159851
v -0.4474150836467743 -0.4027579426765442 0.6383335590362549
v -0.4454626142978668 -0.3812960982322693 0.6010732650756836
v -0.43423572182655334 -0.362333208322525 0.5921287536621094
v -0.42130038142204285 -0.3421943783760071 0.5921287536621094
v -0.4071447253227234 -0.3245544731616974 0.6010732650756836
v -0.3929890990257263 -0.3129415512084961 0.6174289584159851
v -0.37956562638282776 -0.31000158190727234 0.6383335590362549
v -0.38176220655441284 -0.31646955013275146 0.6174289584159851
v -0.36809462308883667 -0.31426456570625305 0.6383335590362549
v -0.39689409732818604 -0.3272004723548889 0.6010732650756836
v -0.41153788566589355 -0.3441053330898285 0.5921287536621094
v -0.42520537972450256 -0.3638032078742981 0.5921287536621094
v -0.4369204342365265 -0.38232508301734924 0.6010732650756836
v -0.4391169846057892 -0.3968779742717743 0.6174289584159851
v -0.4398491680622101 -0.40363994240760803 0.6383335590362549
v -0.4315510094165802 -0.39805397391319275 0.6174289584159851
v -0.43277132511138916 -0.4048159420490265 0.6383335590362549
v -0.42886629700660706 -0.3835010826587677 0.6010732650756836
v -0.41666319966316223 -0.3655672073364258 0.5921287536621094
v -0.40226346254348755 -0.3464573323726654 0.5921287536621094
v -0.38639938831329346 -0.3304344415664673 0.6010732650756836
v -0.370535284280777 -0.3205855190753937 0.6174289584159851
v -0.3571118116378784 -0.3189685046672821 0.6383335590362549
v -0.35979652404785156 -0.3251424729824066 0.6174289584159851
v -0.3461289703845978 -0.32426050305366516 0.6383335590362549
v -0.3761487305164337 -0.3342564105987549 0.6010732650756836
v -0.3929890990257263 -0.34939730167388916 0.5921287536621094
v -0.4081209897994995 -0.3676251769065857 0.5921287536621094
v -0.42105633020401 -0.3851180672645569 0.6010732650756836
v -0.42422911524772644 -0.3995239734649658 0.6174289584159851
v -0.4256935119628906 -0.40613892674446106 0.6383335590362549
v -0.4176394045352936 -0.401140958070755 0.6174289584159851
v -0.4195919334888458 -0.40775591135025024 0.6383335590362549
v -0.41373446583747864 -0.3870290517807007 0.6010732650756836
v -0.40006688237190247 -0.3702711760997772 0.5921287536621094
v -0.3834706246852875 -0.35292530059814453 0.5921287536621094
v -0.3658980429172516 -0.3386663794517517 0.6010732650756836
v -0.3493017852306366 -0.33028745651245117 0.6174289584159851
v -0.33539018034935 -0.32984644174575806 0.6383335590362549
v -0.338807076215744 -0.33587339520454407 0.6174289584159851
v -0.3251395523548126 -0.33602041006088257 0.6383335590362549
v -0.35589152574539185 -0.34337034821510315 0.6010732650756836
v -0.37419620156288147 -0.35689425468444824 0.5921287536621094
v -0.3917687237262726 -0.3733581602573395 0.5921287536621094
v -0.4066565930843353 -0.3892340362071991 0.6010732650756836
v -0.41129377484321594 -0.4031989574432373 0.6174289584159851
v -0.413490355014801 -0.40966689586639404 0.6383335590362549
v -0.4047040641307831 -0.40569794178009033 0.6174289584159851
v -0.4071447253227234 -0.41201889514923096 0.6383335590362549
v -0.39909061789512634 -0.39202702045440674 0.6010732650756836
v -0.38322654366493225 -0.37688612937927246 0.5921287536621094
v -0.36492183804512024 -0.36130422353744507 0.5921287536621094
v -0.34588491916656494 -0.3486623167991638 0.6010732650756836
v -0.32855644822120667 -0.34175336360931396 0.6174289584159851
v -0.31488892436027527 -0.3423413634300232 0.6383335590362549
v -0.31854984164237976 -0.3480743169784546 0.6174289584159851
v -0.30488234758377075 -0.34910333156585693 0.6383335590362549
v -0.3361223638057709 -0.3543952703475952 0.6010732650756836
v -0.35564741492271423 -0.3663021922111511 0.5921287536621094
v -0.37492838501930237 -0.3810020983219147 0.5921287536621094
v -0.39152470231056213 -0.3952609896659851 0.6010732650756836
v -0.39762628078460693 -0.4086379110813141 0.6174289584159851
v -0.4005550146102905 -0.4148118793964386 0.6383335590362549
v -0.390548437833786 -0.41201889514923096 0.6174289584159851
v -0.39372125267982483 -0.41804584860801697 0.6383335590362549
v -0.38395875692367554 -0.3989359736442566 0.6010732650756836
v -0.36638617515563965 -0.3854120671749115 0.5921287536621094
v -0.34661710262298584 -0.3715941607952118 0.5921287536621094
v -0.3266039192676544 -0.3604222238063812 0.6010732650756836
v -0.3090313971042633 -0.35468927025794983 0.6174289584159851
v -0.2953638732433319 -0.3561592698097229 0.6383335590362549
v -0.29951292276382446 -0.3615982234477997 0.6174289584159851
v -0.2860894501209259 -0.3635092079639435 0.6383335590362549
v -0.3173295259475708 -0.36674320697784424 0.6010732650756836
v -0.3378308117389679 -0.3771801292896271 0.5921287536621094
v -0.35808804631233215 -0.39026302099227905 0.5921287536621094
v -0.3761487305164337 -0.4030519425868988 0.6010732650756836
v -0.3834706246852875 -0.41584086418151855 0.6174289584159851
v -0.3866434097290039 -0.42186781764030457 0.6383335590362549
v -0.3761487305164337 -0.42010384798049927 0.6174289584159851
v -0.37956562638282776 -0.42583680152893066 0.6383335590362549
v -0.36858275532722473 -0.40746191143989563 0.6010732650756836
v -0.34978994727134705 -0.3955549895763397 0.5921287536621094
v -0.3290445804595947 -0.383060097694397 0.5921287536621094
v -0.30854323506355286 -0.3733581602573395 0.6010732650756836
v -0.2904825806617737 -0.36880117654800415 0.6174289584159851
v -0.2770591080188751 -0.37115317583084106 0.6383335590362549
v -0.2816963493824005 -0.37629812955856323 0.6174289584159851
v -0.2685169279575348 -0.3789440989494324 0.6383335590362549
v -0.2997570037841797 -0.38026711344718933 0.6010732650756836
v -0.320502370595932 -0.3892340362071991 0.5921287536621094
v -0.3417358100414276 -0.4009939730167389 0.5921287536621094
v -0.3607727289199829 -0.41231289505958557 0.6010732650756836
v -0.3690708875656128 -0.4246608018875122 0.6174289584159851
v -0.37273186445236206 -0.4302467703819275 0.6383335590362549
v -0.36199304461479187 -0.42936477065086365 0.6174289584159851
v -0.3658980429172516 -0.43495073914527893 0.6383335590362549
v -0.35345083475112915 -0.41745784878730774 0.6010732650756836
v -0.3339257836341858 -0.4067269265651703 0.5921287536621094
v -0.31244826316833496 -0.3957020044326782 0.5921287536621094
v -0.2914588749408722 -0.3873230516910553 0.6010732650756836
v -0.2731541097164154 -0.3839420676231384 0.6174289584159851
v -0.2604628801345825 -0.3870290517807007 0.6383335590362549
v -0.2653440833091736 -0.3917330205440521 0.6174289584159851
v -0.2526528537273407 -0.3952609896659851 0.6383335590362549
v -0.28340479731559753 -0.39452600479125977 0.6010732650756836
v -0.30463823676109314 -0.4024639427661896 0.5921287536621094
v -0.3263598680496216 -0.4127538800239563 0.5921287536621094
v -0.3461289703845978 -0.4227498173713684 0.6010732650756836
v -0.35515928268432617 -0.4345097243785858 0.6174289584159851
v -0.3590643107891083 -0.439948707818985 0.6383335590362549
v -0.3483255207538605 -0.43965470790863037 0.6174289584159851
v -0.35271868109703064 -0.44494667649269104 0.6383335590362549
v -0.33905115723609924 -0.4283357858657837 0.6010732650756836
v -0.3190379738807678 -0.4189278483390808 0.5921287536621094
v -0.29707232117652893 -0.4092259109020233 0.5921287536621094
v -0.27583882212638855 -0.40202295780181885 0.6010732650756836
v -0.2577781677246094 -0.39981797337532043 0.6174289584159851
v -0.24533095955848694 -0.40378695726394653 0.6383335590362549
v -0.2504562735557556 -0.40804991126060486 0.6174289584159851
v -0.236544668674469 -0.4152528643608093 0.6383335590362549
v -0.2685169279575348 -0.40966689586639404 0.6010732650756836
v -0.2899944484233856 -0.41613486409187317 0.5921287536621094
v -0.3122042119503021 -0.42524880170822144 0.5921287536621094
v -0.3324614465236664 -0.4340687394142151 0.6010732650756836
v -0.3422239422798157 -0.44509366154670715 0.6174289584159851
v -0.34661710262298584 -0.4502386152744293 0.6383335590362549
v -0.3361223638057709 -0.45053261518478394 0.6174289584159851
v -0.34075960516929626 -0.4553835988044739 0.6383335590362549
v -0.32611581683158875 -0.4398016929626465 0.6010732650756836
v -0.3058586120605469 -0.43156975507736206 0.5921287536621094
v -0.28340479731559753 -0.42319080233573914 0.5921287536621094
v -0.26192721724510193 -0.41745784878730774 0.6010732650756836
v -0.24215811491012573 -0.4190748333930969 0.6174289584159851
v -0.22922277450561523 -0.42701277136802673 0.6383335590362549
v -0.2350803166627884 -0.4303937554359436 0.6174289584159851
v -0.22312119603157043 -0.438625693321228 0.6383335590362549
v -0.25436127185821533 -0.42745378613471985 0.6010732650756836
v -0.27730321884155273 -0.4302467703819275 0.5921287536621094
v -0.2997570037841797 -0.4378907084465027 0.5921287536621094
v -0.32001423835754395 -0.4455346465110779 0.6010732650756836
v -0.33075299859046936 -0.4559715986251831 0.6174289584159851
v -0.33539018034935 -0.46067556738853455 0.6383335590362549
v -0.3256276845932007 -0.4612635672092438 0.6174289584159851
v -0.33075299859046936 -0.4658205211162567 0.6383335590362549
v -0.31464484333992004 -0.4514146149158478 0.6010732650756836
v -0.2943876087665558 -0.4442116618156433 0.5921287536621094
v -0.2709575295448303 -0.43877270817756653 0.5921287536621094
v -0.24777156114578247 -0.4377437233924866 0.6010732650756836
v -0.22922277450561523 -0.44156569242477417 0.6174289584159851
v -0.21775184571743011 -0.4499446153640747 0.6383335590362549
v -0.22409746050834656 -0.45273759961128235 0.6174289584159851
v -0.21335870027542114 -0.4611165523529053 0.6383335590362549
v -0.24240221083164215 -0.4480336308479309 0.6010732650756836
v -0.2653440833091736 -0.4477396309375763 0.5921287536621094
v -0.2890182435512543 -0.45126762986183167 0.5921287536621094
v -0.3097635507583618 -0.45700058341026306 0.6010732650756836
v -0.3209904432296753 -0.46640852093696594 0.6174289584159851
v -0.3263598680496216 -0.47081848978996277 0.6383335590362549
v -0.31781765818595886 -0.4709654748439789 0.6174289584159851
v -0.323431134223938 -0.47478747367858887 0.6383335590362549
v -0.30561450123786926 -0.46258655190467834 0.6010732650756836
v -0.2843810021877289 -0.45876458287239075 0.5921287536621094
v -0.2604628801345825 -0.45685359835624695 0.5921287536621094
v -0.23752093315124512 -0.45847058296203613 0.6010732650756836
v -0.21970431506633759 -0.4634685516357422 0.6174289584159851
v -0.20945368707180023 -0.4718474745750427 0.6383335590362549
v -0.2160433977842331 -0.47405245900154114 0.6174289584159851
v -0.20603680610656738 -0.48199042677879333 0.6383335590362549
v -0.2336159199476242 -0.46876049041748047 0.6010732650756836
v -0.25606971979141235 -0.46626150608062744 0.5921287536621094
v -0.28023195266723633 -0.46655550599098206 0.5921287536621094
v -0.30170950293540955 -0.46876049041748047 0.6010732650756836
v -0.3144007921218872 -0.47611045837402344 0.6174289584159851
v -0.3202582895755768 -0.4794914424419403 0.6383335590362549
v -0.3114720582962036 -0.48199042677879333 0.6174289584159851
v -0.31757357716560364 -0.4849303960800171 0.6383335590362549
v -0.29804858565330505 -0.4755224585533142 0.6010732650756836
v -0.2763269543647766 -0.474934458732605 0.5921287536621094
v -0.2524087429046631 -0.4758164584636688 0.5921287536621094
v -0.22995495796203613 -0.4787564277648926 0.6010732650756836
v -0.21262651681900024 -0.48419541120529175 0.6174289584159851
v -0.20017926394939423 -0.5008062720298767 0.6383335590362549
v -0.20652493834495544 -0.5030112862586975 0.6174289584159851
v -0.19725051522254944 -0.5093322396278381 0.6383335590362549
v -0.22653807699680328 -0.4886053800582886 0.6010732650756836
v -0.24899187684059143 -0.4853713810443878 0.5921287536621094
v -0.27291005849838257 -0.4836074113845825 0.5921287536621094
v -0.29487574100494385 -0.4827254116535187 0.6010732650756836
v -0.3082992136478424 -0.4884583652019501 0.6174289584159851
v -0.31464484333992004 -0.4912513494491577 0.6383335590362549
v -0.3053704798221588 -0.49580833315849304 0.6174289584159851
v -0.31171607971191406 -0.49816030263900757 0.6383335590362549
v -0.29170289635658264 -0.4906633496284485 0.6010732650756836
v -0.26973724365234375 -0.49242734909057617 0.5921287536621094
v -0.245819091796875 -0.4949263334274292 0.5921287536621094
v -0.2206805795431137 -0.5075682401657104 0.6010732650756836
v -0.20359618961811066 -0.5115371942520142 0.6174289584159851
v -0.1945658177137375 -0.5171231627464294 0.6383335590362549
v -0.2009114921092987 -0.5194751620292664 0.6174289584159851
v -0.1916370689868927 -0.5241791009902954 0.6383335590362549
v -0.2175077497959137 -0.5163881778717041 0.6010732650756836
v -0.2397175133228302 -0.513742208480835 0.5921287536621094
v -0.2665644586086273 -0.5016883015632629 0.5921287536621094
v -0.28877416253089905 -0.4990423023700714 0.6010732650756836
v -0.30268576741218567 -0.5037462711334229 0.6174289584159851
v -0.3090313971042633 -0.5059512257575989 0.6383335590362549
v -0.2997570037841797 -0.5124192237854004 0.6174289584159851
v -0.3061026334762573 -0.5144771933555603 0.6383335590362549
v -0.28584539890289307 -0.5078622102737427 0.6010732650756836
v -0.26070690155029297 -0.5205041766166687 0.5921287536621094
v -0.236544668674469 -0.5228561162948608 0.5921287536621094
v -0.2145790010690689 -0.5247671008110046 0.6010732650756836
v -0.19798274338245392 -0.5268251299858093 0.6174289584159851
v -0.19432176649570465 -0.538144052028656 0.6180934309959412
v -0.18822018802165985 -0.5354980230331421 0.638486921787262
v -0.19310146570205688 -0.5497569441795349 0.6200356483459473
v -0.18748801946640015 -0.5472579598426819 0.6388957500457764
v -0.19432176649570465 -0.5610758662223816 0.6232045888900757
v -0.18944048881530762 -0.5590178966522217 0.6395602226257324
v -0.19749461114406586 -0.5716598033905029 0.6273956894874573
v -0.1938336342573166 -0.5698958039283752 0.6404291391372681
v -0.2031080573797226 -0.5807737708091736 0.632404625415802
v -0.20042335987091064 -0.5795977711677551 0.6414512991905212
v -0.21042995154857635 -0.5882706642150879 0.6379757523536682
v -0.2092096507549286 -0.5876827239990234 0.6426268815994263
v -0.21946027874946594 -0.5934156775474548 0.6438536047935486
v -0.21360273659229279 -0.5894466638565063 0.6343468427658081
v -0.21775184571743011 -0.591210663318634 0.6323534846305847
v -0.20896555483341217 -0.5832727551460266 0.6253001093864441
v -0.21701961755752563 -0.5868006944656372 0.6214156746864319
v -0.20603680610656738 -0.5751878023147583 0.6171733736991882
v -0.20481650531291962 -0.5656328201293945 0.610426664352417
v -0.2221449911594391 -0.5931216478347778 0.6323534846305847
v -0.22580590844154358 -0.5904756784439087 0.6214156746864319
v -0.2175077497959137 -0.5801857709884644 0.611602246761322
v -0.22629404067993164 -0.5948856472969055 0.6343468427658081
v -0.22922277450561523 -0.5962086319923401 0.6379757523536682
v -0.2306871861219406 -0.5967966318130493 0.6426268815994263
v -0.23019903898239136 -0.5966496467590332 0.6474825143814087
v -0.24240221083164215 -0.5975316166877747 0.6414512991905212
v -0.24142594635486603 -0.5970906615257263 0.6509580612182617
v -0.2541171908378601 -0.5956206321716309 0.6404291391372681
v -0.2526528537273407 -0.5950326323509216 0.6540758609771729
v -0.26510006189346313 -0.591210663318634 0.6395602226257324
v -0.2633916139602661 -0.5904756784439087 0.6566314101219177
v -0.2746185064315796 -0.5844486951828003 0.6388957500457764
v -0.27291005849838257 -0.5835667252540588 0.6585736870765686
v -0.28267258405685425 -0.5756287574768066 0.638486921787262
v -0.2807200849056244 -0.5747467875480652 0.6598003506660461
v -0.2885301113128662 -0.5653388500213623 0.6383335590362549
v -0.2821844518184662 -0.5626928806304932 0.6174289584159851
v -0.2929232716560364 -0.5541669130325317 0.6383335590362549
v -0.27657097578048706 -0.5731297731399536 0.6180934309959412
v -0.26900506019592285 -0.5819497108459473 0.6200356483459473
v -0.2602187693119049 -0.5891526937484741 0.6232045888900757
v -0.2502121925354004 -0.5940036773681641 0.6273956894874573
v -0.2397175133228302 -0.5963556170463562 0.632404625415802
v -0.23385995626449585 -0.5938566327095032 0.6253001093864441
v -0.23019903898239136 -0.5854777097702026 0.611602246761322
v -0.24166998267173767 -0.5903286933898926 0.6171733736991882
v -0.2494800090789795 -0.5845957398414612 0.610426664352417
v -0.25680190324783325 -0.5768047571182251 0.6053155064582825
v -0.2633916139602661 -0.5673968195915222 0.6021466255187988
v -0.26876100897789 -0.5569599270820618 0.6010732650756836
v -0.28657758235931396 -0.5518149137496948 0.6174289584159851
v -0.2968282103538513 -0.5435829758644104 0.6383335590362549
v -0.29023855924606323 -0.5413780212402344 0.6174289584159851
v -0.30024513602256775 -0.5332930684089661 0.6383335590362549
v -0.27291005849838257 -0.5466699600219727 0.6010732650756836
v -0.2502121925354004 -0.5490219593048096 0.5921287536621094
v -0.24533095955848694 -0.559752881526947 0.5934065580368042
v -0.24020564556121826 -0.5697488188743591 0.5972399115562439
v -0.2350803166627884 -0.5784217715263367 0.6034243702888489
v -0.21921618282794952 -0.5716598033905029 0.6034243702888489
v -0.20530463755130768 -0.5549018979072571 0.6053155064582825
v -0.20750115811824799 -0.5437300205230713 0.6021466255187988
v -0.22190089523792267 -0.5619578957557678 0.5972399115562439
v -0.22556185722351074 -0.5513739585876465 0.5934065580368042
v -0.2114061564207077 -0.5325580835342407 0.6010732650756836
v -0.23337188363075256 -0.5318230986595154 0.5921287536621094
v -0.22995495796203613 -0.5404959917068481 0.5921287536621094
v -0.25387313961982727 -0.5396140217781067 0.5921287536621094
v -0.25753411650657654 -0.5300590991973877 0.5921287536621094
v -0.27974382042884827 -0.5266780853271484 0.6010732650756836
v -0.2936554253101349 -0.5312350988388062 0.6174289584159851
v -0.2763269543647766 -0.5365270376205444 0.6010732650756836
vn -922.0101928710938 -557.3745727539062 -25.896448135375977
vn -779.11572265625 -744.5891723632812 2.354447364807129
vn -915.1862182617188 -564.4066772460938 72.93214416503906
vn -879.794677734375 -601.0059204101562 161.84243774414062
vn -1007.3862915039062 -355.1160888671875 143.19667053222656
vn -1021.4602661132812 -340.0233459472656 -49.42609405517578
vn -1070.73876953125 -101.50051879882812 -68.23336029052734
vn -824.3424682617188 -659.249755859375 217.4604034423828
vn -757.0678100585938 -728.3294677734375 240.46685791015625
vn -688.9883422851562 -799.6536254882812 217.4604034423828
vn -700.4047241210938 -673.1090087890625 466.68768310546875
vn -565.4200439453125 -811.442626953125 428.1363830566406
vn -632.508544921875 -857.4263305664062 161.84243774414062
vn -460.70074462890625 -922.52978515625 313.2625732421875
vn -602.0108642578125 -890.9004516601562 72.93214416503906
vn -591.78369140625 -900.311767578125 -25.896448135375977
vn -395.1007385253906 -992.385986328125 143.19667053222656
vn -376.4816589355469 -1008.59228515625 -49.42609405517578
vn -168.02261352539062 -1043.95849609375 208.22813415527344
vn -147.94107055664062 -1065.315673828125 -68.23336029052734
vn 73.15734100341797 -1043.6070556640625 258.7899475097656
vn 99.58988952636719 -1069.5556640625 -87.01979064941406
vn 304.3861389160156 -989.4226684570312 299.71929931640625
vn 330.0123596191406 -1020.936767578125 -101.09247589111328
vn 521.6856689453125 -884.5999145507812 326.75201416015625
vn 550.040283203125 -920.1592407226562 -110.46476745605469
vn 707.7003173828125 -742.2147216796875 331.236083984375
vn 743.5198364257812 -772.2794799804688 -110.46476745605469
vn 777.8993530273438 -737.6381225585938 -110.46476745605469
vn 742.2147216796875 -707.7003173828125 331.236083984375
vn 799.9274291992188 -713.6900024414062 -110.46476745605469
vn -940.8020629882812 -422.1348876953125 313.2625732421875
vn -829.6005249023438 -538.4255981445312 428.1363830566406
vn 552.3638916015625 -581.0864868164062 720.189208984375
vn 368.1336975097656 -729.6618041992188 702.50341796875
vn 161.54034423828125 -843.3551025390625 651.22705078125
vn -50.77043914794922 -918.28759765625 561.7918701171875
vn -262.9679260253906 -943.4575805664062 449.63934326171875
vn -419.4844665527344 -780.7582397460938 613.0980224609375
vn -607.700927734375 -581.8252563476562 673.5122680664062
vn -796.5137329101562 -388.7369689941406 613.0980224609375
vn -954.017333984375 -221.61959838867188 449.63934326171875
vn -1049.8897705078125 -125.7468490600586 208.22813415527344
vn -1064.747314453125 142.05850219726562 -87.01979064941406
vn -1039.9744873046875 113.66840362548828 258.7899475097656
vn -1007.0006713867188 370.3644714355469 -101.09247589111328
vn -919.6091918945312 -12.19074535369873 561.7918701171875
vn -721.0816040039062 -216.3489990234375 771.1512451171875
vn -486.2820739746094 -463.3291931152344 842.7904052734375
vn -243.4344940185547 -712.39404296875 771.1512451171875
vn -62.807010650634766 -607.9244384765625 887.6502685546875
vn 126.46733856201172 -473.2900390625 959.9179077148438
vn 301.6378479003906 -318.8419189453125 984.2734375
vn 581.0864868164062 -552.3638916015625 720.189208984375
vn 764.294921875 -683.7950439453125 331.236083984375
vn 815.966064453125 -695.296142578125 -110.46476745605469
vn 780.3511962890625 -665.4129638671875 331.236083984375
vn 810.6664428710938 -701.4679565429688 -110.46476745605469
vn 597.6085815429688 -534.4448852539062 720.189208984375
vn 318.8419189453125 -301.6378479003906 984.2734375
vn 0 0 1077.701171875
vn -171.9491424560547 -164.79991149902344 1051.053955078125
vn -336.4803466796875 -326.43939208984375 970.3906860351562
vn -610.0686645507812 -36.511329650878906 887.6502685546875
vn -836.6381225585938 193.3384552001953 651.22705078125
vn -976.709716796875 342.99603271484375 299.71929931640625
vn -898.6324462890625 584.5487060546875 -110.46476745605469
vn -866.5344848632812 551.17236328125 326.75201416015625
vn -743.5198364257812 772.2794799804688 -110.46476745605469
vn -714.4492797851562 396.8514709472656 702.50341796875
vn -469.42230224609375 140.14332580566406 959.9179077148438
vn -301.6378479003906 318.8419189453125 984.2734375
vn 0 0 1077.701171875
vn 329.7701416015625 -289.650146484375 984.2734375
vn 608.3174438476562 -522.223388671875 720.189208984375
vn 775.0478515625 -671.5827026367188 331.236083984375
vn 794.4887084960938 -719.7395629882812 -110.46476745605469
vn 758.8461303710938 -689.8369140625 331.236083984375
vn 766.6151733398438 -749.3587646484375 -110.46476745605469
vn 608.3174438476562 -522.223388671875 720.189208984375
vn 335.06622314453125 -283.5069274902344 984.2734375
vn 0 0 1077.701171875
vn -318.8419189453125 301.6378479003906 984.2734375
vn -552.3638916015625 581.0864868164062 720.189208984375
vn -707.7003173828125 742.2147216796875 331.236083984375
vn -742.2147216796875 707.7003173828125 331.236083984375
vn -777.8993530273438 737.6381225585938 -110.46476745605469
vn -581.0864868164062 552.3638916015625 720.189208984375
vn -329.7701416015625 289.650146484375 984.2734375
vn 0 0 1077.701171875
vn 335.06622314453125 -283.5069274902344 984.2734375
vn 592.161865234375 -540.4735717773438 720.189208984375
vn 730.8929443359375 -719.38720703125 331.236083984375
vn 725.7476806640625 -789.0042724609375 -110.46476745605469
vn 695.8352661132812 -753.3496704101562 331.236083984375
vn 676.5419921875 -831.581787109375 -110.46476745605469
vn 575.458984375 -558.2242431640625 720.189208984375
vn 324.36138916015625 -295.6944885253906 984.2734375
vn 0 0 1077.701171875
vn -335.06622314453125 283.5069274902344 984.2734375
vn -597.6085815429688 534.4448852539062 720.189208984375
vn -764.294921875 683.7950439453125 331.236083984375
vn -799.9274291992188 713.6900024414062 -110.46476745605469
vn -780.3511962890625 665.4129638671875 331.236083984375
vn -815.966064453125 695.296142578125 -110.46476745605469
vn -608.3174438476562 522.223388671875 720.189208984375
vn -335.06622314453125 283.5069274902344 984.2734375
vn 0 0 1077.701171875
vn 313.2135314941406 -307.4781799316406 984.2734375
vn 546.4468383789062 -586.654296875 720.189208984375
vn 646.6539306640625 -795.9655151367188 331.236083984375
vn 611.5519409179688 -880.47802734375 -110.46476745605469
vn 581.5398559570312 -844.7092895507812 331.236083984375
vn 521.8611450195312 -936.428466796875 -110.46476745605469
vn 503.49053955078125 -623.9108276367188 720.189208984375
vn 295.6944885253906 -324.36138916015625 984.2734375
vn 0 0 1077.701171875
vn -324.36138916015625 295.6944885253906 984.2734375
vn -608.3174438476562 522.223388671875 720.189208984375
vn -775.0478515625 671.5827026367188 331.236083984375
vn -810.6664428710938 701.4679565429688 -110.46476745605469
vn -758.8461303710938 689.8369140625 331.236083984375
vn -794.4887084960938 719.7395629882812 -110.46476745605469
vn -592.161865234375 540.4735717773438 720.189208984375
vn -313.2135314941406 307.4781799316406 984.2734375
vn 0 0 1077.701171875
vn 277.266845703125 -340.2479248046875 984.2734375
vn 458.0015869140625 -658.02880859375 720.189208984375
vn 498.61187744140625 -896.163330078125 331.236083984375
vn 419.6221923828125 -986.4860229492188 -110.46476745605469
vn 403.7021789550781 -942.7338256835938 331.236083984375
vn 358.999267578125 -1010.1271362304688 -110.46476745605469
vn 389.0800476074219 -700.9879760742188 720.189208984375
vn 251.38150024414062 -359.7956237792969 984.2734375
vn 0 0 1077.701171875
vn -295.6944885253906 324.36138916015625 984.2734375
vn -575.458984375 558.2242431640625 720.189208984375
vn -730.8929443359375 719.38720703125 331.236083984375
vn -766.6151733398438 749.3587646484375 -110.46476745605469
vn -695.8352661132812 753.3496704101562 331.236083984375
vn -725.7476806640625 789.0042724609375 -110.46476745605469
vn -546.4468383789062 586.654296875 720.189208984375
vn -277.266845703125 340.2479248046875 984.2734375
vn 0 0 1077.701171875
vn 217.1114044189453 -381.4553527832031 984.2734375
vn 316.1660461425781 -736.7539672851562 720.189208984375
vn 343.0975036621094 -966.4401245117188 331.236083984375
vn 297.0537414550781 -1030.0467529296875 -110.46476745605469
vn 288.9266662597656 -983.9938354492188 331.236083984375
vn 241.94569396972656 -1044.3656005859375 -110.46476745605469
vn 270.8110046386719 -754.6050415039062 720.189208984375
vn 173.569091796875 -403.1368408203125 984.2734375
vn 0 0 1077.701171875
vn -251.38150024414062 359.7956237792969 984.2734375
vn -503.49053955078125 623.9108276367188 720.189208984375
vn -646.6539306640625 795.9655151367188 331.236083984375
vn -676.5419921875 831.581787109375 -110.46476745605469
vn -581.5398559570312 844.7092895507812 331.236083984375
vn -611.5519409179688 880.47802734375 -110.46476745605469
vn -458.0015869140625 658.02880859375 720.189208984375
vn -217.1114044189453 381.4553527832031 984.2734375
vn 0 0 1077.701171875
vn 143.3224334716797 -414.8544616699219 984.2734375
vn 224.45501708984375 -769.6670532226562 720.189208984375
vn 233.86500549316406 -998.5137329101562 331.236083984375
vn 194.1610870361328 -1054.29541015625 -110.46476745605469
vn 186.0889129638672 -1008.5104370117188 331.236083984375
vn 145.97402954101562 -1062.0400390625 -110.46476745605469
vn 185.18392944335938 -780.047607421875 720.189208984375
vn 120.11453247070312 -422.1588134765625 984.2734375
vn 0 0 1077.701171875
vn -173.569091796875 403.1368408203125 984.2734375
vn -389.0800476074219 700.9879760742188 720.189208984375
vn -498.61187744140625 896.163330078125 331.236083984375
vn -521.8611450195312 936.428466796875 -110.46476745605469
vn -403.7021789550781 942.7338256835938 331.236083984375
vn -419.6221923828125 986.4860229492188 -110.46476745605469
vn -316.1660461425781 736.7539672851562 720.189208984375
vn -143.3224334716797 414.8544616699219 984.2734375
vn 0 0 1077.701171875
vn 104.43309783935547 -426.30889892578125 984.2734375
vn 145.43748474121094 -788.4258422851562 720.189208984375
vn 145.94886779785156 -1015.0968017578125 331.236083984375
vn 105.5827865600586 -1066.8128662109375 -110.46476745605469
vn 97.48332214355469 -1020.8914794921875 331.236083984375
vn 65.03955841064453 -1070.050048828125 -110.46476745605469
vn 113.3666000366211 -793.6720581054688 720.189208984375
vn 80.6502456665039 -431.4407043457031 984.2734375
vn 0 0 1077.701171875
vn -120.11453247070312 422.1588134765625 984.2734375
vn -270.8110046386719 754.6050415039062 720.189208984375
vn -343.0975036621094 966.4401245117188 331.236083984375
vn -358.999267578125 1010.1271362304688 -110.46476745605469
vn -288.9266662597656 983.9938354492188 331.236083984375
vn -297.0537414550781 1030.0467529296875 -110.46476745605469
vn -224.45501708984375 769.6670532226562 720.189208984375
vn -104.43309783935547 426.30889892578125 984.2734375
vn 0 0 1077.701171875
vn 64.65278625488281 -434.1261901855469 984.2734375
vn 81.10945129394531 -797.6143188476562 720.189208984375
vn 56.92198944091797 -1023.9542846679688 331.236083984375
vn 24.4027156829834 -1071.7471923828125 -110.46476745605469
vn 16.27110481262207 -1025.4061279296875 331.236083984375
vn -16.269256591796875 -1071.9014892578125 -110.46476745605469
vn 48.71903610229492 -800.2461547851562 720.189208984375
vn 40.49787902832031 -437.041748046875 984.2734375
vn 0 0 1077.701171875
vn -80.6502456665039 431.4407043457031 984.2734375
vn -185.18392944335938 780.047607421875 720.189208984375
vn -233.86500549316406 998.5137329101562 331.236083984375
vn -241.94569396972656 1044.3656005859375 -110.46476745605469
vn -186.0889129638672 1008.5104370117188 331.236083984375
vn -194.1610870361328 1054.29541015625 -110.46476745605469
vn -145.43748474121094 788.4258422851562 720.189208984375
vn -64.65278625488281 434.1261901855469 984.2734375
vn 0 0 1077.701171875
vn 24.320877075195312 -438.2397155761719 984.2734375
vn 16.248577117919922 -801.5631103515625 720.189208984375
vn -16.27110481262207 -1025.4061279296875 331.236083984375
vn -65.03955841064453 -1070.050048828125 -110.46476745605469
vn -56.92198944091797 -1023.9542846679688 331.236083984375
vn -105.5827865600586 -1066.8128662109375 -110.46476745605469
vn -16.248577117919922 -801.5631103515625 720.189208984375
vn 8.110651016235352 -438.839111328125 984.2734375
vn 0 0 1077.701171875
vn -40.49787902832031 437.041748046875 984.2734375
vn -113.3666000366211 793.6720581054688 720.189208984375
vn -145.94886779785156 1015.0968017578125 331.236083984375
vn -145.97402954101562 1062.0400390625 -110.46476745605469
vn -97.48332214355469 1020.8914794921875 331.236083984375
vn -105.5827865600586 1066.8128662109375 -110.46476745605469
vn -81.10945129394531 797.6143188476562 720.189208984375
vn -24.320877075195312 438.2397155761719 984.2734375
vn 0 0 1077.701171875
vn -8.110651016235352 -438.839111328125 984.2734375
vn -48.71903610229492 -800.2461547851562 720.189208984375
vn -97.48332214355469 -1020.8914794921875 331.236083984375
vn -145.97402954101562 -1062.0400390625 -110.46476745605469
vn -137.8912811279297 -1016.22265625 331.236083984375
vn -194.1610870361328 -1054.29541015625 -110.46476745605469
vn -73.02227020263672 -798.3953857421875 720.189208984375
vn -24.320877075195312 -438.2397155761719 984.2734375
vn 0 0 1077.701171875
vn -8.110651016235352 438.839111328125 984.2734375
vn -48.71903610229492 800.2461547851562 720.189208984375
vn -56.92198944091797 1023.9542846679688 331.236083984375
vn -65.03955841064453 1070.050048828125 -110.46476745605469
vn -16.27110481262207 1025.4061279296875 331.236083984375
vn -24.4027156829834 1071.7471923828125 -110.46476745605469
vn -16.248577117919922 801.5631103515625 720.189208984375
vn 8.110651016235352 438.839111328125 984.2734375
vn 0 0 1077.701171875
vn -40.49787902832031 -437.041748046875 984.2734375
vn -105.31771087646484 -794.7802124023438 720.189208984375
vn -186.0889129638672 -1008.5104370117188 331.236083984375
vn -241.94569396972656 -1044.3656005859375 -110.46476745605469
vn -225.9362030029297 -1000.3375854492188 331.236083984375
vn -289.2288513183594 -1032.271240234375 -110.46476745605469
vn -145.43748474121094 -788.4258422851562 720.189208984375
vn -56.619571685791016 -435.2467956542969 984.2734375
vn 0 0 1077.701171875
vn 24.320877075195312 438.2397155761719 984.2734375
vn 16.248577117919922 801.5631103515625 720.189208984375
vn 16.27110481262207 1025.4061279296875 331.236083984375
vn 16.269256591796875 1071.9014892578125 -110.46476745605469
vn 56.92198944091797 1023.9542846679688 331.236083984375
vn 65.03955841064453 1070.050048828125 -110.46476745605469
vn 48.71903610229492 800.2461547851562 720.189208984375
vn 40.49787902832031 437.041748046875 984.2734375
vn 0 0 1077.701171875
vn -80.6502456665039 -431.4407043457031 984.2734375
vn -177.26942443847656 -781.8842163085938 720.189208984375
vn -273.27825927734375 -988.4540405273438 331.236083984375
vn -343.6280517578125 -1015.4590454101562 -110.46476745605469
vn -335.4197082519531 -969.131591796875 331.236083984375
vn -397.0578918457031 -995.7822875976562 -110.46476745605469
vn -216.64369201660156 -771.902099609375 720.189208984375
vn -96.53755187988281 -428.1659240722656 984.2734375
vn 0 0 1077.701171875
vn 56.619571685791016 435.2467956542969 984.2734375
vn 73.02227020263672 798.3953857421875 720.189208984375
vn 97.48332214355469 1020.8914794921875 331.236083984375
vn 105.5827865600586 1066.8128662109375 -110.46476745605469
vn 137.8912811279297 1016.22265625 331.236083984375
vn 145.97402954101562 1062.0400390625 -110.46476745605469
vn 105.31771087646484 794.7802124023438 720.189208984375
vn 80.6502456665039 431.4407043457031 984.2734375
vn 0 0 1077.701171875
vn -120.11453247070312 -422.1588134765625 984.2734375
vn -263.1499328613281 -757.3107299804688 720.189208984375
vn -381.1529235839844 -952.073974609375 331.236083984375
vn -441.96905517578125 -976.678466796875 -110.46476745605469
vn -426.0227355957031 -932.8596801757812 331.236083984375
vn -485.96417236328125 -955.5501708984375 -110.46476745605469
vn -301.1693420410156 -743.0103759765625 720.189208984375
vn -143.3224334716797 -414.8544616699219 984.2734375
vn 0 0 1077.701171875
vn 96.53755187988281 428.1659240722656 984.2734375
vn 145.43748474121094 788.4258422851562 720.189208984375
vn 186.0889129638672 1008.5104370117188 331.236083984375
vn 194.1610870361328 1054.29541015625 -110.46476745605469
vn 225.9362030029297 1000.3375854492188 331.236083984375
vn 241.94569396972656 1044.3656005859375 -110.46476745605469
vn 177.26942443847656 781.8842163085938 720.189208984375
vn 120.11453247070312 422.1588134765625 984.2734375
vn 0 0 1077.701171875
vn -166.0899200439453 -406.275390625 984.2734375
vn -331.0328369140625 -730.1948852539062 720.189208984375
vn -462.6812438964844 -915.2313842773438 331.236083984375
vn -521.8611450195312 -936.428466796875 -110.46476745605469
vn -498.61187744140625 -896.163330078125 331.236083984375
vn -557.0069580078125 -915.9588623046875 -110.46476745605469
vn -360.35247802734375 -716.1797485351562 720.189208984375
vn -180.98898315429688 -399.86065673828125 984.2734375
vn 0 0 1077.701171875
vn 143.3224334716797 414.8544616699219 984.2734375
vn 216.64369201660156 771.902099609375 720.189208984375
vn 273.27825927734375 988.4540405273438 331.236083984375
vn 289.2288513183594 1032.271240234375 -110.46476745605469
vn 335.4197082519531 969.131591796875 331.236083984375
vn 343.6280517578125 1015.4590454101562 -110.46476745605469
vn 263.1499328613281 757.3107299804688 720.189208984375
vn 166.0899200439453 406.275390625 984.2734375
vn 0 0 1077.701171875
vn -195.6408233642578 -392.8997497558594 984.2734375
vn -389.0800476074219 -700.9879760742188 720.189208984375
vn -533.758056640625 -875.685302734375 331.236083984375
vn -591.3510131835938 -894.1707763671875 -110.46476745605469
vn -561.2730102539062 -858.3094482421875 331.236083984375
vn -618.2156372070312 -875.8120727539062 -110.46476745605469
vn -417.1683654785156 -684.6444091796875 720.189208984375
vn -217.1114044189453 -381.4553527832031 984.2734375
vn 0 0 1077.701171875
vn 180.98898315429688 399.86065673828125 984.2734375
vn 301.1693420410156 743.0103759765625 720.189208984375
vn 381.1529235839844 952.073974609375 331.236083984375
vn 397.0578918457031 995.7822875976562 -110.46476745605469
vn 426.0227355957031 932.8596801757812 331.236083984375
vn 441.96905517578125 976.678466796875 -110.46476745605469
vn 331.0328369140625 730.1948852539062 720.189208984375
vn 195.6408233642578 392.8997497558594 984.2734375
vn 0 0 1077.701171875
vn -231.05848693847656 -373.1722412109375 984.2734375
vn -437.78729248046875 -671.6470336914062 720.189208984375
vn -594.8688354492188 -835.3763427734375 331.236083984375
vn -650.9927368164062 -851.7310791015625 -110.46476745605469
vn -621.0740966796875 -816.081787109375 331.236083984375
vn -676.5419921875 -831.581787109375 -110.46476745605469
vn -464.6465148925781 -653.3536376953125 720.189208984375
vn -237.9148406982422 -368.83880615234375 984.2734375
vn 0 0 1077.701171875
vn 217.1114044189453 381.4553527832031 984.2734375
vn 360.35247802734375 716.1797485351562 720.189208984375
vn 462.6812438964844 915.2313842773438 331.236083984375
vn 485.96417236328125 955.5501708984375 -110.46476745605469
vn 498.61187744140625 896.163330078125 331.236083984375
vn 521.8611450195312 936.428466796875 -110.46476745605469
vn 389.0800476074219 700.9879760742188 720.189208984375
vn 231.05848693847656 373.1722412109375 984.2734375
vn 0 0 1077.701171875
vn -251.38150024414062 -359.7956237792969 984.2734375
vn -484.2923278808594 -638.9274291992188 720.189208984375
vn -646.6539306640625 -795.9655151367188 331.236083984375
vn -707.5993041992188 -805.3201293945312 -110.46476745605469
vn -677.7102661132812 -769.6956176757812 331.236083984375
vn -737.6381225585938 -777.8993530273438 -110.46476745605469
vn -509.7873840332031 -618.7763671875 720.189208984375
vn -264.50482177734375 -350.2609558105469 984.2734375
vn 0 0 1077.701171875
vn 237.9148406982422 368.83880615234375 984.2734375
vn 417.1683654785156 684.6444091796875 720.189208984375
vn 533.758056640625 875.685302734375 331.236083984375
vn 557.0069580078125 915.9588623046875 -110.46476745605469
vn 561.2730102539062 858.3094482421875 331.236083984375
vn 591.3510131835938 894.1707763671875 -110.46476745605469
vn 437.78729248046875 671.6470336914062 720.189208984375
vn 251.38150024414062 359.7956237792969 984.2734375
vn 0 0 1077.701171875
vn -277.266845703125 -340.2479248046875 984.2734375
vn -528.3612670898438 -602.9940185546875 720.189208984375
vn -701.7898559570312 -747.8057250976562 331.236083984375
vn -766.6151733398438 -749.3587646484375 -110.46476745605469
vn -730.8929443359375 -719.38720703125 331.236083984375
vn -794.4887084960938 -719.7395629882812 -110.46476745605469
vn -552.3638916015625 -581.0864868164062 720.189208984375
vn -289.650146484375 -329.7701416015625 984.2734375
vn 0 0 1077.701171875
vn 264.50482177734375 350.2609558105469 984.2734375
vn 464.6465148925781 653.3536376953125 720.189208984375
vn 594.8688354492188 835.3763427734375 331.236083984375
vn 618.2156372070312 875.8120727539062 -110.46476745605469
vn 621.0740966796875 816.081787109375 331.236083984375
vn 650.9927368164062 851.7310791015625 -110.46476745605469
vn 484.2923278808594 638.9274291992188 720.189208984375
vn 277.266845703125 340.2479248046875 984.2734375
vn 0 0 1077.701171875
vn -301.6378479003906 -318.8419189453125 984.2734375
vn -569.7723999023438 -564.0272827148438 720.189208984375
vn -758.8461303710938 -689.8369140625 331.236083984375
vn -826.4240112304688 -682.8328247070312 -110.46476745605469
vn -790.8104248046875 -652.9481811523438 331.236083984375
vn -885.0933227539062 -604.8529663085938 -110.46476745605469
vn -592.161865234375 -540.4735717773438 720.189208984375
vn -313.2135314941406 -307.4781799316406 984.2734375
vn 0 0 1077.701171875
vn 289.650146484375 329.7701416015625 984.2734375
vn 509.7873840332031 618.7763671875 720.189208984375
vn 646.6539306640625 795.9655151367188 331.236083984375
vn 676.5419921875 831.581787109375 -110.46476745605469
vn 677.7102661132812 769.6956176757812 331.236083984375
vn 707.5993041992188 805.3201293945312 -110.46476745605469
vn 528.3612670898438 602.9940185546875 720.189208984375
vn 301.6378479003906 318.8419189453125 984.2734375
vn 0 0 1077.701171875
vn -324.36138916015625 -295.6944885253906 984.2734375
vn -618.7763671875 -509.7873840332031 720.189208984375
vn -844.7092895507812 -581.5398559570312 331.236083984375
vn -928.4008178710938 -536.012451171875 -110.46476745605469
vn -888.1395263671875 -512.767578125 331.236083984375
vn -962.8152465820312 -471.40655517578125 -110.46476745605469
vn -662.6364135742188 -451.3095703125 720.189208984375
vn -340.2479248046875 -277.266845703125 984.2734375
vn 0 0 1077.701171875
vn 313.2135314941406 307.4781799316406 984.2734375
vn 552.3638916015625 581.0864868164062 720.189208984375
vn 701.7898559570312 747.8057250976562 331.236083984375
vn 737.6381225585938 777.8993530273438 -110.46476745605469
vn 730.8929443359375 719.38720703125 331.236083984375
vn 766.6151733398438 749.3587646484375 -110.46476745605469
vn 569.7723999023438 564.0272827148438 720.189208984375
vn 324.36138916015625 295.6944885253906 984.2734375
vn 0 0 1077.701171875
vn -359.7956237792969 -251.38150024414062 984.2734375
vn -692.9584350585938 -403.20703125 720.189208984375
vn -918.8731689453125 -455.40594482421875 331.236083984375
vn -986.4860229492188 -419.6221923828125 -110.46476745605469
vn -942.7338256835938 -403.7021789550781 331.236083984375
vn -1001.6934204101562 -381.8999938964844 -110.46476745605469
vn -719.7947998046875 -353.0762023925781 720.189208984375
vn -381.4553527832031 -217.1114044189453 984.2734375
vn 0 0 1077.701171875
vn 340.2479248046875 277.266845703125 984.2734375
vn 592.161865234375 540.4735717773438 720.189208984375
vn 758.8461303710938 689.8369140625 331.236083984375
vn 794.4887084960938 719.7395629882812 -110.46476745605469
vn 790.8104248046875 652.9481811523438 331.236083984375
vn 826.4240112304688 682.8328247070312 -110.46476745605469
vn 618.7763671875 509.7873840332031 720.189208984375
vn 359.7956237792969 251.38150024414062 984.2734375
vn 0 0 1077.701171875
vn -392.8997497558594 -195.6408233642578 984.2734375
vn -736.7539672851562 -316.1660461425781 720.189208984375
vn -960.8749389648438 -358.3878173828125 331.236083984375
vn -1012.8223266601562 -351.32379150390625 -110.46476745605469
vn -969.131591796875 -335.4197082519531 331.236083984375
vn -1020.5570678710938 -328.17767333984375 -110.46476745605469
vn -748.9615478515625 -286.0489196777344 720.189208984375
vn -403.1368408203125 -173.569091796875 984.2734375
vn 0 0 1077.701171875
vn 381.4553527832031 217.1114044189453 984.2734375
vn 662.6364135742188 451.3095703125 720.189208984375
vn 844.7092895507812 581.5398559570312 331.236083984375
vn 885.0933227539062 604.8529663085938 -110.46476745605469
vn 888.1395263671875 512.767578125 331.236083984375
vn 928.4008178710938 536.012451171875 -110.46476745605469
vn 692.9584350585938 403.20703125 720.189208984375
vn 392.8997497558594 195.6408233642578 984.2734375
vn 0 0 1077.701171875
vn -409.2751770019531 -158.55404663085938 984.2734375
vn -757.3107299804688 -263.1499328613281 720.189208984375
vn -974.3314208984375 -320.00128173828125 331.236083984375
vn -1020.5570678710938 -328.17767333984375 -110.46476745605469
vn -974.3314208984375 -320.00128173828125 331.236083984375
vn -1012.8223266601562 -351.32379150390625 -110.46476745605469
vn -762.4884033203125 -247.74749755859375 720.189208984375
vn -414.8544616699219 -143.3224334716797 984.2734375
vn 0 0 1077.701171875
vn 403.1368408203125 173.569091796875 984.2734375
vn 719.7947998046875 353.0762023925781 720.189208984375
vn 918.8731689453125 455.40594482421875 331.236083984375
vn 962.8152465820312 471.40655517578125 -110.46476745605469
vn 942.7338256835938 403.7021789550781 331.236083984375
vn 986.4860229492188 419.6221923828125 -110.46476745605469
vn 736.7539672851562 316.1660461425781 720.189208984375
vn 409.2751770019531 158.55404663085938 984.2734375
vn 0 0 1077.701171875
vn -417.43206787109375 -135.63189697265625 984.2734375
vn -762.4884033203125 -247.74749755859375 720.189208984375
vn -969.131591796875 -335.4197082519531 331.236083984375
vn -1001.6934204101562 -381.8999938964844 -110.46476745605469
vn -960.8749389648438 -358.3878173828125 331.236083984375
vn -986.4860229492188 -419.6221923828125 -110.46476745605469
vn -757.3107299804688 -263.1499328613281 720.189208984375
vn -417.43206787109375 -135.63189697265625 984.2734375
vn 0 0 1077.701171875
vn 414.8544616699219 143.3224334716797 984.2734375
vn 748.9615478515625 286.0489196777344 720.189208984375
vn 960.8749389648438 358.3878173828125 331.236083984375
vn 1001.6934204101562 381.8999938964844 -110.46476745605469
vn 969.131591796875 335.4197082519531 331.236083984375
vn 1012.8223266601562 351.32379150390625 -110.46476745605469
vn 757.3107299804688 263.1499328613281 720.189208984375
vn 417.43206787109375 135.63189697265625 984.2734375
vn 0 0 1077.701171875
vn -414.8544616699219 -143.3224334716797 984.2734375
vn -748.9615478515625 -286.0489196777344 720.189208984375
vn -942.7338256835938 -403.7021789550781 331.236083984375
vn -825.0615234375 -611.5115966796875 326.75201416015625
vn -627.2235107421875 -523.946044921875 702.50341796875
vn -482.1158447265625 -710.5684204101562 651.22705078125
vn -666.095947265625 -792.4168090820312 299.71929931640625
vn -312.6424255371094 -864.9187622070312 561.7918701171875
vn -477.84747314453125 -930.6607666015625 258.7899475097656
vn -127.67210388183594 -971.0634155273438 449.63934326171875
vn -255.6312713623047 -1026.0279541015625 208.22813415527344
vn 58.9050178527832 -1029.483642578125 313.2625732421875
vn -30.502012252807617 -1067.7098388671875 143.19667053222656
vn 247.8413543701172 -1036.253662109375 161.84243774414062
vn 198.27902221679688 -1056.79052734375 72.93214416503906
vn 419.92474365234375 -992.520751953125 2.354447364807129
vn 318.42889404296875 -1006.356689453125 217.4604034423828
vn 411.3895568847656 -966.6303100585938 240.46685791015625
vn 201.9122772216797 -968.178955078125 428.1363830566406
vn 377.8356018066406 -894.9204711914062 466.68768310546875
vn 75.10985565185547 -883.1246337890625 613.0980224609375
vn -52.78560256958008 -750.9855346679688 771.1512451171875
vn 498.1355895996094 -930.5975341796875 217.4604034423828
vn 551.9974975585938 -820.632568359375 428.1363830566406
vn 328.5223388671875 -774.5282592773438 673.5122680664062
vn 575.5751342773438 -896.63818359375 161.84243774414062
vn 622.0864868164062 -877.0000610351562 72.93214416503906
vn 631.9567260742188 -872.582275390625 -25.896448135375977
vn 789.6912231445312 -719.2511596679688 143.19667053222656
vn 810.5789794921875 -708.4903564453125 -49.42609405517578
vn 916.0681762695312 -528.1097412109375 208.22813415527344
vn 944.376220703125 -514.7208251953125 -68.23336029052734
vn 1000.8247680664062 -304.6595458984375 258.7899475097656
vn 1034.444091796875 -289.4700012207031 -87.01979064941406
vn 1033.1424560546875 -64.99980926513672 299.71929931640625
vn 1071.840087890625 -48.7759895324707 -101.09247589111328
vn 1012.7893676757812 170.09011840820312 326.75201416015625
vn 1055.7384033203125 186.15516662597656 -110.46476745605469
vn 942.7338256835938 403.7021789550781 331.236083984375
vn 986.4860229492188 419.6221923828125 -110.46476745605469
vn 1001.6934204101562 381.8999938964844 -110.46476745605469
vn 960.8749389648438 358.3878173828125 331.236083984375
vn 1012.8223266601562 351.32379150390625 -110.46476745605469
vn 736.7539672851562 316.1660461425781 720.189208984375
vn 813.2335815429688 81.1170654296875 702.50341796875
vn 846.2611083984375 -145.55166625976562 651.22705078125
vn 841.4956665039062 -371.0993957519531 561.7918701171875
vn 790.9317626953125 -577.6600952148438 449.63934326171875
vn 697.6034545898438 -759.3786010742188 313.2625732421875
vn 582.9208984375 -667.6480102539062 613.0980224609375
vn 574.9624633789062 -485.9873962402344 771.1512451171875
vn 546.2876586914062 -274.01947021484375 887.6502685546875
vn 486.60028076171875 -56.72399139404297 959.9179077148438
vn 403.1368408203125 173.569091796875 984.2734375
vn 748.9615478515625 286.0489196777344 720.189208984375
vn 969.131591796875 335.4197082519531 331.236083984375
vn 1020.5570678710938 328.17767333984375 -110.46476745605469
vn 974.3314208984375 320.00128173828125 331.236083984375
vn 1020.5570678710938 328.17767333984375 -110.46476745605469
vn 757.3107299804688 263.1499328613281 720.189208984375
vn 409.2751770019531 158.55404663085938 984.2734375
vn 0 0 1077.701171875
vn 96.25675964355469 -217.853515625 1051.053955078125
vn 179.8738250732422 -432.9285583496094 970.3906860351562
vn 260.7823181152344 -618.9804077148438 842.7904052734375
vn -181.89657592773438 -583.4642333984375 887.6502685546875
vn -296.7506408691406 -389.7903137207031 959.9179077148438
vn -403.1368408203125 -173.569091796875 984.2734375
vn 0 0 1077.701171875
vn 414.8544616699219 143.3224334716797 984.2734375
vn 762.4884033203125 247.74749755859375 720.189208984375
vn 974.3314208984375 320.00128173828125 331.236083984375
vn 762.4884033203125 247.74749755859375 720.189208984375
vn 417.43206787109375 135.63189697265625 984.2734375
vn 0 0 1077.701171875
vn -409.2751770019531 -158.55404663085938 984.2734375
vn -736.7539672851562 -316.1660461425781 720.189208984375
vn -779.11572265625 -744.5891723632812 2.354447364807129
vn -591.78369140625 -900.311767578125 -25.896448135375977
vn -613.2922973632812 -878.03955078125 -119.82862091064453
vn -376.4816589355469 -1008.59228515625 -49.42609405517578
vn -419.27178955078125 -964.3724975585938 -235.87440490722656
vn -147.94107055664062 -1065.315673828125 -68.23336029052734
vn -204.0244140625 -1003.5487670898438 -335.7138977050781
vn 99.58988952636719 -1069.5556640625 -87.01979064941406
vn 20.355615615844727 -992.5040283203125 -419.4774475097656
vn 330.0123596191406 -1020.936767578125 -101.09247589111328
vn -660.0093383789062 -829.4910888671875 -194.35012817382812
vn -723.165283203125 -763.4363403320312 -235.87440490722656
vn -508.9130859375 -870.6044311523438 -380.1252136230469
vn -633.7385864257812 -741.5426025390625 -458.1809997558594
vn -332.4853210449219 -867.8582763671875 -545.6329345703125
vn -790.8369750976562 -693.0944213867188 -235.87440490722656
vn -856.625732421875 -624.3878784179688 -194.35012817382812
vn -899.5958251953125 -581.2127685546875 -119.82862091064453
vn -922.0101928710938 -557.3745727539062 -25.896448135375977
vn -979.8681640625 -381.65618896484375 -235.87440490722656
vn -1021.4602661132812 -340.0233459472656 -49.42609405517578
vn -1010.5307006835938 -166.02340698242188 -335.7138977050781
vn -1070.73876953125 -101.50051879882812 -68.23336029052734
vn -991.0767822265625 56.96840286254883 -419.4774475097656
vn -1064.747314453125 142.05850219726562 -87.01979064941406
vn -920.0336303710938 284.8074645996094 -483.5934753417969
vn -1007.0006713867188 370.3644714355469 -101.09247589111328
vn -804.6160888671875 488.0545654296875 -525.2005004882812
vn -898.6324462890625 584.5487060546875 -110.46476745605469
vn -646.6976928710938 674.036865234375 -537.4906616210938
vn -743.5198364257812 772.2794799804688 -110.46476745605469
vn -777.8993530273438 737.6381225585938 -110.46476745605469
vn -675.4442138671875 645.2276611328125 -537.4906616210938
vn -799.9274291992188 713.6900024414062 -110.46476745605469
vn -440.4674987792969 456.3129577636719 -871.3246459960938
vn -603.944091796875 276.6267395019531 -848.627685546875
vn -733.8184814453125 89.41740417480469 -784.1906127929688
vn -828.189697265625 -109.54624938964844 -680.8386840820312
vn -879.636474609375 -299.9402160644531 -545.6329345703125
vn -888.5205688476562 -476.9442443847656 -380.1252136230469
vn -768.5845336914062 -600.6561279296875 -458.1809997558594
vn -512.4945068359375 -681.83251953125 -658.7059936523438
vn -703.2183837890625 -482.7320556640625 -658.7059936523438
vn -604.9814453125 -339.0976257324219 -824.8939819335938
vn -479.6358947753906 -175.5362548828125 -948.9869384765625
vn -324.4051208496094 -8.154906272888184 -1027.68408203125
vn -153.53497314453125 163.6171875 -1054.0855712890625
vn -457.7254943847656 438.9994201660156 -871.3246459960938
vn -697.520751953125 621.2957153320312 -537.4906616210938
vn -815.966064453125 695.296142578125 -110.46476745605469
vn -713.5234985351562 602.8497314453125 -537.4906616210938
vn -810.6664428710938 701.4679565429688 -110.46476745605469
vn -474.303466796875 421.03369140625 -871.3246459960938
vn -165.00448608398438 152.04307556152344 -1054.0855712890625
vn 156.48069763183594 -160.80224609375 -1054.0855712890625
vn -20.375999450683594 -323.86724853515625 -1027.68408203125
vn -194.51380920410156 -472.25836181640625 -948.9869384765625
vn -365.4042053222656 -589.4654541015625 -824.8939819335938
vn -143.73033142089844 -822.946044921875 -680.8386840820312
vn 247.63136291503906 -930.7286987304688 -483.5934753417969
vn 550.040283203125 -920.1592407226562 -110.46476745605469
vn 456.3563232421875 -823.0086059570312 -525.2005004882812
vn 743.5198364257812 -772.2794799804688 -110.46476745605469
vn 61.046470642089844 -736.7213134765625 -784.1906127929688
vn 254.20977783203125 -613.7166748046875 -848.627685546875
vn 437.52685546875 -459.1333312988281 -871.3246459960938
vn 162.21640014648438 -155.01422119140625 -1054.0855712890625
vn -165.00448608398438 152.04307556152344 -1054.0855712890625
vn -484.9654541015625 408.7073059082031 -871.3246459960938
vn -708.242919921875 609.0447998046875 -537.4906616210938
vn -794.4887084960938 719.7395629882812 -110.46476745605469
vn -692.0800170898438 627.3506469726562 -537.4906616210938
vn -766.6151733398438 749.3587646484375 -110.46476745605469
vn 649.6285400390625 -671.212646484375 -537.4906616210938
vn -479.6740417480469 414.90472412109375 -871.3246459960938
vn -170.41650390625 145.95130920410156 -1054.0855712890625
vn 167.73814392089844 -149.02175903320312 -1054.0855712890625
vn 460.5364074707031 -436.04974365234375 -871.3246459960938
vn 678.2492065429688 -642.2784423828125 -537.4906616210938
vn 777.8993530273438 -737.6381225585938 -110.46476745605469
vn 700.2213134765625 -618.2505493164062 -537.4906616210938
vn 799.9274291992188 -713.6900024414062 -110.46476745605469
vn 471.5887451171875 -424.0721435546875 -871.3246459960938
vn 173.0386505126953 -142.83274841308594 -1054.0855712890625
vn -170.41650390625 145.95130920410156 -1054.0855712890625
vn -468.8545837402344 427.09307861328125 -871.3246459960938
vn -669.7957153320312 651.0892944335938 -537.4906616210938
vn -725.7476806640625 789.0042724609375 -110.46476745605469
vn -634.8521728515625 685.205322265625 -537.4906616210938
vn -676.5419921875 831.581787109375 -110.46476745605469
vn -452.04718017578125 444.8443908691406 -871.3246459960938
vn -165.00448608398438 152.04307556152344 -1054.0855712890625
vn 167.73814392089844 -149.02175903320312 -1054.0855712890625
vn 482.3296813964844 -411.81451416015625 -871.3246459960938
vn 710.8899536132812 -605.9530639648438 -537.4906616210938
vn 815.966064453125 -695.296142578125 -110.46476745605469
vn 705.5824584960938 -612.1250610351562 -537.4906616210938
vn 810.6664428710938 -701.4679565429688 -110.46476745605469
vn 482.3296813964844 -411.81451416015625 -871.3246459960938
vn 167.73814392089844 -149.02175903320312 -1054.0855712890625
vn -159.37481689453125 157.9342803955078 -1054.0855712890625
vn -428.59698486328125 467.480224609375 -871.3246459960938
vn -591.8985595703125 722.6339111328125 -537.4906616210938
vn -611.5519409179688 880.47802734375 -110.46476745605469
vn -533.460205078125 766.7879638671875 -537.4906616210938
vn -521.8611450195312 936.428466796875 -110.46476745605469
vn -397.7000427246094 494.0321960449219 -871.3246459960938
vn -153.53497314453125 163.6171875 -1054.0855712890625
vn 162.21640014648438 -155.01422119140625 -1054.0855712890625
vn 471.5887451171875 -424.0721435546875 -871.3246459960938
vn 694.8070068359375 -624.3291015625 -537.4906616210938
vn 794.4887084960938 -719.7395629882812 -110.46476745605469
vn 666.9524536132812 -654.0015869140625 -537.4906616210938
vn 766.6151733398438 -749.3587646484375 -110.46476745605469
vn 454.8957214355469 -441.9310302734375 -871.3246459960938
vn 150.5386199951172 -166.378173828125 -1054.0855712890625
vn -141.25572204589844 174.32839965820312 -1054.0855712890625
vn -358.46942138671875 523.19482421875 -871.3246459960938
vn -457.61932373046875 814.3267822265625 -537.4906616210938
vn -419.6221923828125 986.4860229492188 -110.46476745605469
vn -370.11669921875 857.6463012695312 -537.4906616210938
vn -358.999267578125 1010.1271362304688 -110.46476745605469
vn -310.02593994140625 553.2784423828125 -871.3246459960938
vn -128.2315216064453 184.12020874023438 -1054.0855712890625
vn 144.3979949951172 -171.7346649169922 -1054.0855712890625
vn 431.5914306640625 -464.7170715332031 -871.3246459960938
vn 631.860595703125 -687.9650268554688 -537.4906616210938
vn 725.7476806640625 -789.0042724609375 -110.46476745605469
vn 588.7442016601562 -725.2061157226562 -537.4906616210938
vn 676.5419921875 -831.581787109375 -110.46476745605469
vn 400.8657531738281 -491.4670104980469 -871.3246459960938
vn 124.86702728271484 -186.4183349609375 -1054.0855712890625
vn -107.44960021972656 196.97247314453125 -1054.0855712890625
vn -251.61676025390625 582.170166015625 -871.3246459960938
vn -309.47406005859375 881.34521484375 -537.4906616210938
vn -297.0537414550781 1030.0467529296875 -110.46476745605469
vn -262.9889831542969 896.31494140625 -537.4906616210938
vn -241.94569396972656 1044.3656005859375 -110.46476745605469
vn -213.72174072265625 597.1232299804688 -871.3246459960938
vn -85.39334106445312 207.48867797851562 -1054.0855712890625
vn 111.00860595703125 -194.98887634277344 -1054.0855712890625
vn 361.8232727050781 -520.8810424804688 -871.3246459960938
vn 530.1140747070312 -769.1051025390625 -537.4906616210938
vn 611.5519409179688 -880.47802734375 -110.46476745605469
vn 454.0667419433594 -816.3130493164062 -537.4906616210938
vn 521.8611450195312 -936.428466796875 -110.46476745605469
vn 306.46502685546875 -555.2587890625 -871.3246459960938
vn 89.1469497680664 -205.90383911132812 -1054.0855712890625
vn -77.80290985107422 210.4525604248047 -1054.0855712890625
vn -174.9448699951172 609.6124877929688 -871.3246459960938
vn -215.7850799560547 908.8346557617188 -537.4906616210938
vn -194.1610870361328 1054.29541015625 -110.46476745605469
vn -167.99134826660156 918.8702392578125 -537.4906616210938
vn -145.97402954101562 1062.0400390625 -110.46476745605469
vn -143.3958740234375 617.7951049804688 -871.3246459960938
vn -62.32433319091797 215.54408264160156 -1054.0855712890625
vn 73.96857452392578 -211.8306427001953 -1054.0855712890625
vn 247.87142944335938 -583.774658203125 -871.3246459960938
vn 366.3761901855469 -859.2508544921875 -537.4906616210938
vn 419.6221923828125 -986.4860229492188 -110.46476745605469
vn 313.3113708496094 -879.9883422851562 -537.4906616210938
vn 358.999267578125 -1010.1271362304688 -110.46476745605469
vn 209.88111877441406 -598.4839477539062 -871.3246459960938
vn 66.22801208496094 -214.3768310546875 -1054.0855712890625
vn -54.45661163330078 217.6649932861328 -1054.0855712890625
vn -119.48102569580078 622.8623046875 -871.3246459960938
vn -127.80689239501953 925.3156127929688 -537.4906616210938
vn -105.5827865600586 1066.8128662109375 -110.46476745605469
vn -95.4809799194336 929.2077026367188 -537.4906616210938
vn -65.03955841064453 1070.050048828125 -110.46476745605469
vn -87.32457733154297 628.177978515625 -871.3246459960938
vn -38.51616287231445 221.0431671142578 -1054.0855712890625
vn 50.49516296386719 -218.61795043945312 -1054.0855712890625
vn 178.8577117919922 -608.47607421875 -871.3246459960938
vn 259.0810241699219 -897.4522705078125 -537.4906616210938
vn 297.0537414550781 -1030.0467529296875 -110.46476745605469
vn 211.822998046875 -909.7662353515625 -537.4906616210938
vn 241.94569396972656 -1044.3656005859375 -110.46476745605469
vn 147.3619384765625 -616.861083984375 -871.3246459960938
vn 42.52362823486328 -220.3073272705078 -1054.0855712890625
vn -30.46446418762207 222.2959442138672 -1054.0855712890625
vn -63.05124282836914 631.0765991210938 -871.3246459960938
vn -54.91505813598633 932.4848022460938 -537.4906616210938
vn -24.4027156829834 1071.7471923828125 -110.46476745605469
vn -14.244898796081543 933.9918212890625 -537.4906616210938
vn 16.269256591796875 1071.9014892578125 -110.46476745605469
vn -38.684226989746094 633.0376586914062 -871.3246459960938
vn -22.372587203979492 223.2555389404297 -1054.0855712890625
vn 34.496002197265625 -221.7061004638672 -1054.0855712890625
vn 115.47698211669922 -623.6170654296875 -871.3246459960938
vn 171.99349975585938 -918.1295166015625 -537.4906616210938
vn 194.1610870361328 -1054.29541015625 -110.46476745605469
vn 131.8375244140625 -924.7499389648438 -537.4906616210938
vn 145.97402954101562 -1062.0400390625 -110.46476745605469
vn 91.3584976196289 -627.60400390625 -871.3246459960938
vn 18.314910888671875 -223.62498474121094 -1054.0855712890625
vn -14.251198768615723 223.92068481445312 -1054.0855712890625
vn -14.259732246398926 634.0582275390625 -871.3246459960938
vn 18.314407348632812 933.9208374023438 -537.4906616210938
vn 65.03955841064453 1070.050048828125 -110.46476745605469
vn 50.851463317871094 932.7152709960938 -537.4906616210938
vn 105.5827865600586 1066.8128662109375 -110.46476745605469
vn 10.185943603515625 634.13671875 -871.3246459960938
vn -6.1110148429870605 224.29049682617188 -1054.0855712890625
vn 10.182785034179688 -224.14254760742188 -1054.0855712890625
vn 58.99559783935547 -631.4686889648438 -871.3246459960938
vn 91.4312744140625 -929.6149291992188 -537.4906616210938
vn 105.5827865600586 -1066.8128662109375 -110.46476745605469
vn 50.851463317871094 -932.7152709960938 -537.4906616210938
vn 65.03955841064453 -1070.050048828125 -110.46476745605469
vn 34.61648941040039 -633.2731323242188 -871.3246459960938
vn 2.03722882270813 -224.36448669433594 -1054.0855712890625
vn 2.03722882270813 224.36448669433594 -1054.0855712890625
vn 34.61648941040039 633.2731323242188 -871.3246459960938
vn 91.4312744140625 929.6149291992188 -537.4906616210938
vn 145.97402954101562 1062.0400390625 -110.46476745605469
vn 123.77384185791016 925.8637084960938 -537.4906616210938
vn 194.1610870361328 1054.29541015625 -110.46476745605469
vn 58.99559783935547 631.4686889648438 -871.3246459960938
vn 10.182785034179688 224.14254760742188 -1054.0855712890625
vn -6.1110148429870605 -224.29049682617188 -1054.0855712890625
vn 10.185943603515625 -634.13671875 -871.3246459960938
vn 18.314407348632812 -933.9208374023438 -537.4906616210938
vn 24.4027156829834 -1071.7471923828125 -110.46476745605469
vn -14.244898796081543 -933.9918212890625 -537.4906616210938
vn -16.269256591796875 -1071.9014892578125 -110.46476745605469
vn -14.259732246398926 -634.0582275390625 -871.3246459960938
vn -14.251198768615723 -223.92068481445312 -1054.0855712890625
vn 18.314910888671875 223.62498474121094 -1054.0855712890625
vn 83.28706359863281 628.7260131835938 -871.3246459960938
vn 163.9860076904297 919.593505859375 -537.4906616210938
vn 241.94569396972656 1044.3656005859375 -110.46476745605469
vn 203.88685607910156 911.57763671875 -537.4906616210938
vn 289.2288513183594 1032.271240234375 -110.46476745605469
vn 115.47698211669922 623.6170654296875 -871.3246459960938
vn 34.496002197265625 221.7061004638672 -1054.0855712890625
vn -22.372587203979492 -223.2555389404297 -1054.0855712890625
vn -38.684226989746094 -633.0376586914062 -871.3246459960938
vn -54.91505813598633 -932.4848022460938 -537.4906616210938
vn -65.03955841064453 -1070.050048828125 -110.46476745605469
vn -87.37982940673828 -930.0045166015625 -537.4906616210938
vn -105.5827865600586 -1066.8128662109375 -110.46476745605469
vn -63.05124282836914 -631.0765991210938 -871.3246459960938
vn -30.46446418762207 -222.2959442138672 -1054.0855712890625
vn 42.52362823486328 220.3073272705078 -1054.0855712890625
vn 139.4239044189453 618.7035522460938 -871.3246459960938
vn 251.25039672851562 899.676025390625 -537.4906616210938
vn 343.6280517578125 1015.4590454101562 -110.46476745605469
vn 305.6308898925781 882.685302734375 -537.4906616210938
vn 397.0578918457031 995.7822875976562 -110.46476745605469
vn 171.0248260498047 610.723876953125 -871.3246459960938
vn 50.49516296386719 218.61795043945312 -1054.0855712890625
vn -38.51616287231445 -221.0431671142578 -1054.0855712890625
vn -87.32457733154297 -628.177978515625 -871.3246459960938
vn -127.80689239501953 -925.3156127929688 -537.4906616210938
vn -145.97402954101562 -1062.0400390625 -110.46476745605469
vn -167.99134826660156 -918.8702392578125 -537.4906616210938
vn -194.1610870361328 -1054.29541015625 -110.46476745605469
vn -111.46818542480469 -624.3460693359375 -871.3246459960938
vn -46.51706314086914 -219.4988250732422 -1054.0855712890625
vn 58.40010070800781 216.64024353027344 -1054.0855712890625
vn 202.17404174804688 601.1312255859375 -871.3246459960938
vn 343.78961181640625 868.5346069335938 -537.4906616210938
vn 441.96905517578125 976.678466796875 -110.46476745605469
vn 388.7123718261719 849.3799438476562 -537.4906616210938
vn 485.96417236328125 955.5501708984375 -110.46476745605469
vn 232.78933715820312 589.9511108398438 -871.3246459960938
vn 73.96857452392578 211.8306427001953 -1054.0855712890625
vn -62.32433319091797 -215.54408264160156 -1054.0855712890625
vn -143.3958740234375 -617.7951049804688 -871.3246459960938
vn -207.8568878173828 -910.6806030273438 -537.4906616210938
vn -241.94569396972656 -1044.3656005859375 -110.46476745605469
vn -255.16812133789062 -898.5726928710938 -537.4906616210938
vn -289.2288513183594 -1032.271240234375 -110.46476745605469
vn -174.9448699951172 -609.6124877929688 -871.3246459960938
vn -70.10985565185547 -213.1388702392578 -1054.0855712890625
vn 81.61158752441406 209.0050811767578 -1054.0855712890625
vn 262.78985595703125 577.2128295898438 -871.3246459960938
vn 425.34149169921875 831.641845703125 -537.4906616210938
vn 521.8611450195312 936.428466796875 -110.46476745605469
vn 454.0667419433594 816.3130493164062 -537.4906616210938
vn 557.0069580078125 915.9588623046875 -110.46476745605469
vn 284.8390197753906 566.65673828125 -871.3246459960938
vn 89.1469497680664 205.90383911132812 -1054.0855712890625
vn -85.39334106445312 -207.48867797851562 -1054.0855712890625
vn -206.03182983398438 -599.8200073242188 -871.3246459960938
vn -301.7818908691406 -884.0086669921875 -537.4906616210938
vn -343.6280517578125 -1015.4590454101562 -110.46476745605469
vn -347.57080078125 -867.0283813476562 -537.4906616210938
vn -397.0578918457031 -995.7822875976562 -110.46476745605469
vn -236.5746612548828 -588.443359375 -871.3246459960938
vn -92.87114715576172 -204.25111389160156 -1054.0855712890625
vn 103.85516357421875 198.89111328125 -1054.0855712890625
vn 306.46502685546875 555.2587890625 -871.3246459960938
vn 482.2403259277344 799.9923706054688 -537.4906616210938
vn 591.3510131835938 894.1707763671875 -110.46476745605469
vn 516.6294555664062 778.2272338867188 -537.4906616210938
vn 618.2156372070312 875.8120727539062 -110.46476745605469
vn 327.6357116699219 543.035888671875 -871.3246459960938
vn 111.00860595703125 194.98887634277344 -1054.0855712890625
vn -100.22647094726562 -200.7441864013672 -1054.0855712890625
vn -259.07611083984375 -578.8892211914062 -871.3246459960938
vn -385.0077209472656 -851.0656127929688 -537.4906616210938
vn -441.96905517578125 -976.678466796875 -110.46476745605469
vn -421.7137756347656 -833.4873046875 -537.4906616210938
vn -485.96417236328125 -955.5501708984375 -110.46476745605469
vn -288.4736022949219 -564.8151245117188 -871.3246459960938
vn -107.44960021972656 -196.97247314453125 -1054.0855712890625
vn 118.01564025878906 190.82945251464844 -1054.0855712890625
vn 348.3196105957031 530.0062255859375 -871.3246459960938
vn 543.4376831054688 759.7493896484375 -537.4906616210938
vn 650.9927368164062 851.7310791015625 -110.46476745605469
vn 563.1123046875 745.283935546875 -537.4906616210938
vn 676.5419921875 831.581787109375 -110.46476745605469
vn 368.4860534667969 516.1890869140625 -871.3246459960938
vn 124.86702728271484 186.4183349609375 -1054.0855712890625
vn -114.531005859375 -192.94097900390625 -1054.0855712890625
vn -310.02593994140625 -553.2784423828125 -871.3246459960938
vn -457.61932373046875 -814.3267822265625 -537.4906616210938
vn -521.8611450195312 -936.428466796875 -110.46476745605469
vn -485.7215576171875 -797.8836059570312 -537.4906616210938
vn -557.0069580078125 -915.9588623046875 -110.46476745605469
vn -331.11767578125 -540.9197998046875 -871.3246459960938
vn -121.46136474609375 -188.65499877929688 -1054.0855712890625
vn 131.55372619628906 181.7613525390625 -1054.0855712890625
vn 381.6280212402344 506.5503234863281 -871.3246459960938
vn 588.7442016601562 725.2061157226562 -537.4906616210938
vn 707.5993041992188 805.3201293945312 -110.46476745605469
vn 613.6607666015625 704.2471923828125 -537.4906616210938
vn 737.6381225585938 777.8993530273438 -110.46476745605469
vn 400.8657531738281 491.4670104980469 -871.3246459960938
vn 138.06690979003906 176.86463928222656 -1054.0855712890625
vn -128.2315216064453 -184.12020874023438 -1054.0855712890625
vn -351.7174377441406 -527.7575073242188 -871.3246459960938
vn -513.2335815429688 -780.470947265625 -537.4906616210938
vn -591.3510131835938 -894.1707763671875 -110.46476745605469
vn -540.1220703125 -762.1100463867188 -537.4906616210938
vn -618.2156372070312 -875.8120727539062 -110.46476745605469
vn -365.1622009277344 -518.5457763671875 -871.3246459960938
vn -134.83255004882812 -179.34255981445312 -1054.0855712890625
vn 144.3979949951172 171.7346649169922 -1054.0855712890625
vn 419.5079040527344 475.6534729003906 -871.3246459960938
vn 643.7545776367188 676.8483276367188 -537.4906616210938
vn 766.6151733398438 749.3587646484375 -110.46476745605469
vn 666.9524536132812 654.0015869140625 -537.4906616210938
vn 794.4887084960938 719.7395629882812 -110.46476745605469
vn 437.52685546875 459.1333312988281 -871.3246459960938
vn 150.5386199951172 166.378173828125 -1054.0855712890625
vn -141.25572204589844 -174.32839965820312 -1054.0855712890625
vn -384.87445068359375 -504.0881042480469 -871.3246459960938
vn -566.3543701171875 -742.8231811523438 -537.4906616210938
vn -650.9927368164062 -851.7310791015625 -110.46476745605469
vn -591.8985595703125 -722.6339111328125 -537.4906616210938
vn -676.5419921875 -831.581787109375 -110.46476745605469
vn -404.014892578125 -488.8815002441406 -871.3246459960938
vn -147.4926300048828 -169.0843048095703 -1054.0855712890625
vn 156.48069763183594 160.80224609375 -1054.0855712890625
vn 454.8957214355469 441.9310302734375 -871.3246459960938
vn 694.8070068359375 624.3291015625 -537.4906616210938
vn 826.4240112304688 682.8328247070312 -110.46476745605469
vn 721.3426513671875 593.4714965820312 -537.4906616210938
vn 885.0933227539062 604.8529663085938 -110.46476745605469
vn 471.5887451171875 424.0721435546875 -871.3246459960938
vn 162.21640014648438 155.01422119140625 -1054.0855712890625
vn -153.53497314453125 -163.6171875 -1054.0855712890625
vn -416.4434509277344 -478.33880615234375 -871.3246459960938
vn -616.7235717773438 -701.5665893554688 -537.4906616210938
vn -707.5993041992188 -805.3201293945312 -110.46476745605469
vn -640.7992553710938 -679.6469116210938 -537.4906616210938
vn -737.6381225585938 -777.8993530273438 -110.46476745605469
vn -434.568115234375 -461.9347229003906 -871.3246459960938
vn -159.37481689453125 -157.9342803955078 -1054.0855712890625
vn 167.73814392089844 149.02175903320312 -1054.0855712890625
vn 487.5811767578125 405.5832214355469 -871.3246459960938
vn 770.2581787109375 528.437255859375 -537.4906616210938
vn 928.4008178710938 536.012451171875 -110.46476745605469
vn 809.2936401367188 466.4626159667969 -537.4906616210938
vn 962.8152465820312 471.40655517578125 -110.46476745605469
vn 522.0406494140625 360.148193359375 -871.3246459960938
vn 173.0386505126953 142.83274841308594 -1054.0855712890625
vn -165.00448608398438 -152.04307556152344 -1054.0855712890625
vn -452.04718017578125 -444.8443908691406 -871.3246459960938
vn -664.096435546875 -656.9014282226562 -537.4906616210938
vn -766.6151733398438 -749.3587646484375 -110.46476745605469
vn -692.0800170898438 -627.3506469726562 -537.4906616210938
vn -794.4887084960938 -719.7395629882812 -110.46476745605469
vn -468.8545837402344 -427.09307861328125 -871.3246459960938
vn -170.41650390625 -145.95130920410156 -1054.0855712890625
vn 182.9483184814453 129.89796447753906 -1054.0855712890625
vn 548.2279052734375 318.8719482421875 -871.3246459960938
vn 839.8214721679688 408.9541931152344 -537.4906616210938
vn 986.4860229492188 419.6221923828125 -110.46476745605469
vn 860.0470581054688 364.5033264160156 -537.4906616210938
vn 1001.6934204101562 381.8999938964844 -110.46476745605469
vn 567.56884765625 283.0173034667969 -871.3246459960938
vn 195.98873901367188 109.23360443115234 -1054.0855712890625
vn -185.27691650390625 -126.55448150634766 -1054.0855712890625
vn -490.1767578125 -402.4424133300781 -871.3246459960938
vn -718.7499389648438 -596.60888671875 -537.4906616210938
vn -826.4240112304688 -682.8328247070312 -110.46476745605469
vn -767.9483032226562 -531.7883911132812 -537.4906616210938
vn -885.0933227539062 -604.8529663085938 -110.46476745605469
vn -524.3436279296875 -356.78692626953125 -871.3246459960938
vn -193.97291564941406 -112.77445983886719 -1054.0855712890625
vn 199.8258819580078 102.0450210571289 -1054.0855712890625
vn 584.5679321289062 245.9949188232422 -871.3246459960938
vn 875.1080932617188 326.69464111328125 -537.4906616210938
vn 1012.8223266601562 351.32379150390625 -110.46476745605469
vn 883.3490600585938 303.7071228027344 -537.4906616210938
vn 1020.5570678710938 328.17767333984375 -110.46476745605469
vn 593.6137084960938 223.28433227539062 -871.3246459960938
vn 206.70477294921875 87.27374267578125 -1054.0855712890625
vn -201.64593505859375 -98.399658203125 -1054.0855712890625
vn -550.26513671875 -315.3432922363281 -871.3246459960938
vn -807.2534790039062 -469.9844970703125 -537.4906616210938
vn -928.4008178710938 -536.012451171875 -110.46476745605469
vn -838.0315551757812 -412.609619140625 -537.4906616210938
vn -962.8152465820312 -471.40655517578125 -110.46476745605469
vn -569.3753662109375 -279.3651428222656 -871.3246459960938
vn -205.0859375 -91.01280212402344 -1054.0855712890625
vn 209.73745727539062 79.71052551269531 -1054.0855712890625
vn 599.1550903320312 207.95755004882812 -871.3246459960938
vn 888.5079956054688 288.2657775878906 -537.4906616210938
vn 1020.5570678710938 328.17767333984375 -110.46476745605469
vn 888.5079956054688 288.2657775878906 -537.4906616210938
vn 1012.8223266601562 351.32379150390625 -110.46476745605469
vn 604.30078125 192.49342346191406 -871.3246459960938
vn 212.49351501464844 72.04219055175781 -1054.0855712890625
vn -211.15029907226562 -75.88887023925781 -1054.0855712890625
vn -582.9754638671875 -249.74539184570312 -871.3246459960938
vn -858.4506225585938 -368.247314453125 -537.4906616210938
vn -986.4860229492188 -419.6221923828125 -110.46476745605469
vn -873.6763305664062 -330.5046081542969 -537.4906616210938
vn -1001.6934204101562 -381.8999938964844 -110.46476745605469
vn -592.1669921875 -227.0933837890625 -871.3246459960938
vn -211.15029907226562 -75.88887023925781 -1054.0855712890625
vn 212.49351501464844 72.04219055175781 -1054.0855712890625
vn 604.30078125 192.49342346191406 -871.3246459960938
vn 883.3490600585938 303.7071228027344 -537.4906616210938
vn 1001.6934204101562 381.8999938964844 -110.46476745605469
vn 875.1080932617188 326.69464111328125 -537.4906616210938
vn 986.4860229492188 419.6221923828125 -110.46476745605469
vn 599.1550903320312 207.95755004882812 -871.3246459960938
vn 212.49351501464844 72.04219055175781 -1054.0855712890625
vn -213.7666473388672 -68.17174530029297 -1054.0855712890625
vn -600.478759765625 -204.10400390625 -871.3246459960938
vn -884.6640625 -299.855224609375 -537.4906616210938
vn -1012.8223266601562 -351.32379150390625 -110.46476745605469
vn -889.7555541992188 -284.3916015625 -537.4906616210938
vn -1020.5570678710938 -328.17767333984375 -110.46476745605469
vn -603.0516357421875 -196.3717803955078 -871.3246459960938
vn -213.7666473388672 -68.17174530029297 -1054.0855712890625
vn 212.49351501464844 72.04219055175781 -1054.0855712890625
vn 593.6137084960938 223.28433227539062 -871.3246459960938
vn 860.0470581054688 364.5033264160156 -537.4906616210938
vn 930.8985595703125 137.9571075439453 -525.2005004882812
vn 1055.7384033203125 186.15516662597656 -110.46476745605469
vn 958.1533813476562 -97.56671142578125 -483.5934753417969
vn 1071.840087890625 -48.7759895324707 -101.09247589111328
vn 934.38232421875 -335.27325439453125 -419.4774475097656
vn 1034.444091796875 -289.4700012207031 -87.01979064941406
vn 865.4849243164062 -547.4229125976562 -335.7138977050781
vn 944.376220703125 -514.7208251953125 -68.23336029052734
vn 752.15380859375 -734.89306640625 -235.87440490722656
vn 810.5789794921875 -708.4903564453125 -49.42609405517578
vn 603.2462158203125 -884.9716796875 -119.82862091064453
vn 631.9567260742188 -872.582275390625 -25.896448135375977
vn 419.92474365234375 -992.520751953125 2.354447364807129
vn 539.389892578125 -912.5383911132812 -194.35012817382812
vn 456.2598571777344 -947.4334106445312 -235.87440490722656
vn 629.6592407226562 -787.70166015625 -380.1252136230469
vn 469.999755859375 -854.7574462890625 -458.1809997558594
vn 694.185791015625 -617.9243774414062 -545.6329345703125
vn 718.3406982421875 -426.48004150390625 -680.8386840820312
vn 366.44683837890625 -985.6570434570312 -235.87440490722656
vn 290.57403564453125 -931.1695556640625 -458.1809997558594
vn 458.9644470214844 -718.9561157226562 -658.7059936523438
vn 277.632080078125 -1023.0289306640625 -194.35012817382812
vn 224.1362762451172 -1047.30322265625 -119.82862091064453
vn 194.20497131347656 -1059.7423095703125 -25.896448135375977
vn 198.27902221679688 -1056.79052734375 72.93214416503906
vn -50.85554885864258 -1075.3653564453125 -49.42609405517578
vn -30.502012252807617 -1067.7098388671875 143.19667053222656
vn -283.2762451171875 -1037.563720703125 -68.23336029052734
vn -255.6312713623047 -1026.0279541015625 208.22813415527344
vn -506.2537841796875 -947.404052734375 -87.01979064941406
vn -477.84747314453125 -930.6607666015625 258.7899475097656
vn -705.9786376953125 -807.9692993164062 -101.09247589111328
vn -666.095947265625 -792.4168090820312 299.71929931640625
vn -866.3290405273438 -631.4359741210938 -110.46476745605469
vn -825.0615234375 -611.5115966796875 326.75201416015625
vn -986.4860229492188 -419.6221923828125 -110.46476745605469
vn -858.4506225585938 -368.247314453125 -537.4906616210938
vn -1001.6934204101562 -381.8999938964844 -110.46476745605469
vn -744.7342529296875 -575.3043823242188 -525.2005004882812
vn -591.806884765625 -759.8301391601562 -483.5934753417969
vn -406.99359130859375 -905.447265625 -419.4774475097656
vn -204.0244140625 -1003.5487670898438 -335.7138977050781
vn 8.136889457702637 -1051.540283203125 -235.87440490722656
vn 125.90582275390625 -1000.5460205078125 -380.1252136230469
vn 197.73406982421875 -829.7273559570312 -658.7059936523438
vn -30.535247802734375 -928.8660278320312 -545.6329345703125
vn -191.55726623535156 -813.144775390625 -680.8386840820312
vn -341.0447082519531 -655.8760986328125 -784.1906127929688
vn -475.44720458984375 -463.91888427734375 -848.627685546875
vn -582.9754638671875 -249.74539184570312 -871.3246459960938
vn -873.6763305664062 -330.5046081542969 -537.4906616210938
vn -1012.8223266601562 -351.32379150390625 -110.46476745605469
vn -884.6640625 -299.855224609375 -537.4906616210938
vn -1020.5570678710938 -328.17767333984375 -110.46476745605469
vn -592.1669921875 -227.0933837890625 -871.3246459960938
vn -205.0859375 -91.01280212402344 -1054.0855712890625
vn -108.00247192382812 -306.0075988769531 -1027.68408203125
vn -4.072450160980225 -510.7318420410156 -948.9869384765625
vn 103.4617919921875 -685.7736206054688 -824.8939819335938
vn 422.3315124511719 -550.1143798828125 -824.8939819335938
vn 709.0924682617188 -208.98040771484375 -784.1906127929688
vn 663.83203125 24.450382232666016 -848.627685546875
vn 368.2804260253906 -353.8829040527344 -948.9869384765625
vn 295.3363037109375 -134.468017578125 -1027.68408203125
vn 584.5679321289062 245.9949188232422 -871.3246459960938
vn 209.73745727539062 79.71052551269531 -1054.0855712890625
vn 206.70477294921875 87.27374267578125 -1054.0855712890625
vn -211.15029907226562 -75.88887023925781 -1054.0855712890625
vn -211.15029907226562 -75.88887023925781 -1054.0855712890625
vn -603.0516357421875 -196.3717803955078 -871.3246459960938
vn -889.7555541992188 -284.3916015625 -537.4906616210938
vn -600.478759765625 -204.10400390625 -871.3246459960938
vt 0.05878637358546257 0.9875118136405945
vt 0.02936762012541294 0.9674962759017944
vt 0.059872858226299286 0.9823858737945557
vt 0.0571148507297039 0.9754292964935303
vt 0.08486208319664001 0.9832401871681213
vt 0.08803797513246536 0.9959329962730408
vt 0.11879394203424454 0.9998384714126587
vt 0.05218386650085449 0.9672521948814392
vt 0.04499633237719536 0.9593191742897034
vt 0.03772522136569023 0.952240526676178
vt 0.0546075701713562 0.9473586678504944
vt 0.04357554018497467 0.9389374852180481
vt 0.029284043237566948 0.9438193440437317
vt 0.031874898821115494 0.9272211194038391
vt 0.02151147648692131 0.9406461715698242
vt 0.012568843550980091 0.9408902525901794
vt 0.01683121919631958 0.9224613308906555
vt 0.002288996009156108 0.9239258766174316
vt 0.016747644171118736 0.9061071276664734
vt 0.00011601999722188339 0.9030559659004211
vt 0.021929355338215828 0.8880443572998047
vt 0.0032919079530984163 0.8836506605148315
vt 0.02961834892630577 0.8680287599563599
vt 0.009810836054384708 0.8649776577949524
vt 0.03530151769518852 0.852162778377533
vt 0.017666980624198914 0.8467927575111389
vt 0.04399342089891434 0.8321472406387329
vt 0.02619173191487789 0.8248245120048523
vt 0.034883636981248856 0.8107892274856567
vt 0.052016716450452805 0.8179899454116821
vt 0.043241236358881 0.7939468622207642
vt 0.0761701837182045 0.9701812863349915
vt 0.06572318077087402 0.9590750932693481
vt 0.062045834958553314 0.8433755040168762
vt 0.05485830083489418 0.8589974045753479
vt 0.04716930910944939 0.8742531538009644
vt 0.037307340651750565 0.8967096209526062
vt 0.03346284478902817 0.9118432998657227
vt 0.0495094358921051 0.9213628768920898
vt 0.06321589648723602 0.935032069683075
vt 0.0774238184094429 0.9472366571426392
vt 0.09196604043245316 0.9624924063682556
vt 0.10542178153991699 0.9805551767349243
vt 0.1383507251739502 0.9917834401130676
vt 0.12171909958124161 0.9703033566474915
vt 0.1548987776041031 0.9804331660270691
vt 0.10500390082597733 0.9506539106369019
vt 0.08987664431333542 0.9325911402702332
vt 0.07182423025369644 0.9161149263381958
vt 0.0546075701713562 0.9056189656257629
vt 0.06279802322387695 0.8876782059669495
vt 0.07274356484413147 0.8709579110145569
vt 0.08160261809825897 0.8543596267700195
vt 0.06889906525611877 0.828485906124115
vt 0.060374315828084946 0.7999271154403687
vt 0.050763074308633804 0.7706360816955566
vt 0.06797973066568375 0.7841832041740417
vt 0.07224211096763611 0.736585259437561
vt 0.07683879137039185 0.8117655515670776
vt 0.08795439451932907 0.8378834128379822
vt 0.0990700051188469 0.8676626682281494
vt 0.08979307115077972 0.8858475089073181
vt 0.0799311026930809 0.9019575715065002
vt 0.09831781685352325 0.9185558557510376
vt 0.11754029989242554 0.9369847774505615
vt 0.13634489476680756 0.9579766988754272
vt 0.1712796688079834 0.9665198922157288
vt 0.14896488189697266 0.9439414143562317
vt 0.18339818716049194 0.9527286887168884
vt 0.12782014906406403 0.9225833415985107
vt 0.10759475827217102 0.9035441875457764
vt 0.11737314611673355 0.8857254385948181
vt 0.10567250847816467 0.8537493944168091
vt 0.09430617094039917 0.8248245120048523
vt 0.08536353707313538 0.796265721321106
vt 0.09071240574121475 0.7447623014450073
vt 0.07792527228593826 0.724502682685852
vt 0.09672987461090088 0.7324357032775879
vt 0.08302341401576996 0.713640570640564
vt 0.10985130816698074 0.7567228078842163
vt 0.10207874327898026 0.8123757839202881
vt 0.11244216561317444 0.843009352684021
vt 0.12339062243700027 0.87498539686203
vt 0.1369299292564392 0.9067173600196838
vt 0.1599133312702179 0.9285635948181152
vt 0.167518749833107 0.920264482498169
vt 0.1916722059249878 0.9444295763969421
vt 0.14353244006633759 0.8970757126808167
vt 0.13116319477558136 0.8643674254417419
vt 0.11962970346212387 0.8319031596183777
vt 0.1283216029405594 0.7749077081680298
vt 0.11662096530199051 0.7447623014450073
vt 0.10232947021722794 0.7207192778587341
vt 0.08736936748027802 0.7037548422813416
vt 0.10709329694509506 0.7102233171463013
vt 0.09096313267946243 0.69508957862854
vt 0.1231398954987526 0.7334120273590088
vt 0.13617774844169617 0.7629472017288208
vt 0.147293359041214 0.796387791633606
vt 0.13885217905044556 0.8536273837089539
vt 0.15197360515594482 0.8874341249465942
vt 0.17570920288562775 0.9111109972000122
vt 0.20103272795677185 0.9353981614112854
vt 0.1851532906293869 0.9014694094657898
vt 0.21156330406665802 0.925634503364563
vt 0.16033121943473816 0.8770601749420166
vt 0.16818735003471375 0.8196985721588135
vt 0.15631955862045288 0.7845492959022522
vt 0.14403389394283295 0.7515969276428223
vt 0.12907378375530243 0.7229160666465759
vt 0.11110495030879974 0.7009478211402893
vt 0.0938882902264595 0.6877668499946594
vt 0.11411368101835251 0.692648708820343
vt 0.0938882902264595 0.6800779700279236
vt 0.1345062255859375 0.7130303382873535
vt 0.15180645883083344 0.7409788966178894
vt 0.16568008065223694 0.7731990218162537
vt 0.17838363349437714 0.8081042170524597
vt 0.19175578653812408 0.8443518877029419
vt 0.2195865958929062 0.8690051436424255
vt 0.2496739625930786 0.8919498324394226
vt 0.23270802199840546 0.8566784858703613
vt 0.26429975032806396 0.8793790936470032
vt 0.20320570468902588 0.8325133919715881
vt 0.19058571755886078 0.7950452566146851
vt 0.1750405877828598 0.7620928883552551
vt 0.1587432622909546 0.7306050062179565
vt 0.13901932537555695 0.7042430639266968
vt 0.11745672672986984 0.6861802339553833
vt 0.0978163629770279 0.6762945055961609
vt 0.1193789690732956 0.6795897483825684
vt 0.1002400666475296 0.6683615446090698
vt 0.14311455190181732 0.6961880326271057
vt 0.1649278849363327 0.7205972075462341
vt 0.1840668022632599 0.7507425546646118
vt 0.20195205509662628 0.7834509015083313
vt 0.21607640385627747 0.8199426531791687
vt 0.24574588239192963 0.8438636660575867
vt 0.27942702174186707 0.8658319711685181
vt 0.2597866654396057 0.8300724625587463
vt 0.29472142457962036 0.8508203029632568
vt 0.22861281037330627 0.8073719143867493
vt 0.21264979243278503 0.7711242437362671
vt 0.19242440164089203 0.7393922805786133
vt 0.17077821493148804 0.7104673981666565
vt 0.1457889825105667 0.6886211633682251
vt 0.12238770723342896 0.6714127063751221
vt 0.10266377031803131 0.6593301296234131
vt 0.1254800260066986 0.6622592210769653
vt 0.10517105460166931 0.6494444012641907
vt 0.14896488189697266 0.6788575053215027
vt 0.17562562227249146 0.7005816698074341
vt 0.20019696652889252 0.7274317741394043
vt 0.22234460711479187 0.7583094239234924
vt 0.24148350954055786 0.7934587001800537
vt 0.2738274335861206 0.8149387836456299
vt 0.3095979392528534 0.8343440890312195
vt 0.28736671805381775 0.7982184886932373
vt 0.3219671845436096 0.8142064809799194
vt 0.25410348176956177 0.7782029509544373
vt 0.2320394217967987 0.7448843717575073
vt 0.20713376998901367 0.7153492569923401
vt 0.18038944900035858 0.689841628074646
vt 0.15306009352207184 0.6692158579826355
vt 0.12840518355369568 0.6520073413848877
vt 0.10767833143472672 0.6387043595314026
vt 0.13124676048755646 0.6410232186317444
vt 0.11018561571836472 0.6274760961532593
vt 0.15623599290847778 0.6585978269577026
vt 0.18473540246486664 0.6789795160293579
vt 0.21281693875789642 0.7032666802406311
vt 0.24081489443778992 0.7301167845726013
vt 0.26572054624557495 0.7627030611038208
vt 0.3005717396736145 0.7794234156608582
vt 0.337512344121933 0.796265721321106
vt 0.3131081461906433 0.7602621912956238
vt 0.3501323163509369 0.7746635675430298
vt 0.2762511372566223 0.7453725337982178
vt 0.24766813218593597 0.716569721698761
vt 0.21774792671203613 0.6905739307403564
vt 0.18816201388835907 0.6672630906105042
vt 0.15949545800685883 0.6468814611434937
vt 0.13392119109630585 0.6295508742332458
vt 0.11260931938886642 0.6156376600265503
vt 0.13626132905483246 0.6175903677940369
vt 0.11469871550798416 0.6035550832748413
vt 0.1623370349407196 0.6346768140792847
vt 0.19200651347637177 0.6546923518180847
vt 0.22251175343990326 0.6772708892822266
vt 0.25401991605758667 0.7025344371795654
vt 0.2843579947948456 0.7301167845726013
vt 0.32154932618141174 0.7434198260307312
vt 0.3578212857246399 0.7557464838027954
vt 0.3300740718841553 0.7269436120986938
vt 0.3677668571472168 0.7386600375175476
vt 0.2915455400943756 0.7144949436187744
vt 0.25945234298706055 0.6880109310150146
vt 0.2270248532295227 0.6634796857833862
vt 0.1954331248998642 0.6415114402770996
vt 0.16467715799808502 0.62198406457901
vt 0.13776569068431854 0.6051416993141174
vt 0.11653738468885422 0.5911064147949219
vt 0.14027297496795654 0.5922048091888428
vt 0.1155344769358635 0.5787797570228577
vt 0.16776947677135468 0.6090471744537354
vt 0.19852544367313385 0.6279643177986145
vt 0.23120366036891937 0.6493223309516907
vt 0.26446691155433655 0.6729992628097534
vt 0.2982316017150879 0.6983848214149475
vt 0.3372616171836853 0.709979236125946
vt 0.3753722608089447 0.7204751968383789
vt 0.3435297906398773 0.692648708820343
vt 0.38222548365592957 0.7020462155342102
vt 0.30399835109710693 0.6826409101486206
vt 0.26956504583358765 0.6574994325637817
vt 0.23488099873065948 0.6347988843917847
vt 0.20103272795677185 0.6140510439872742
vt 0.16919027268886566 0.5957441329956055
vt 0.142278790473938 0.5797561407089233
vt 0.11962970346212387 0.5662090182304382
vt 0.14286382496356964 0.5669413208961487
vt 0.12088333815336227 0.553882360458374
vt 0.1714468151330948 0.5823190808296204
vt 0.20353999733924866 0.6001378297805786
vt 0.23805689811706543 0.6200312972068787
vt 0.2739109992980957 0.6417555212974548
vt 0.3091800808906555 0.6664087772369385
vt 0.34921297430992126 0.67507404088974
vt 0.3883265256881714 0.6836172938346863
vt 0.35439467430114746 0.6574994325637817
vt 0.39384254813194275 0.6650663018226624
vt 0.31419461965560913 0.6500546336174011
vt 0.2777554988861084 0.6258895397186279
vt 0.24056416749954224 0.6051416993141174
vt 0.20579655468463898 0.5859804749488831
vt 0.17295119166374207 0.5690160989761353
vt 0.1447024941444397 0.5543705821037292
vt 0.1218026727437973 0.541921854019165
vt 0.1457054167985916 0.542043924331665
vt 0.12255486100912094 0.5303274989128113
vt 0.17428840696811676 0.5558351278305054
vt 0.20763522386550903 0.5719451904296875
vt 0.24315503239631653 0.5901300311088562
vt 0.28076422214508057 0.6103897094726562
vt 0.3182062804698944 0.6333343386650085
vt 0.3589077889919281 0.6395586729049683
vt 0.39760348200798035 0.6461491584777832
vt 0.3629194498062134 0.6217399835586548
vt 0.40245088934898376 0.6275981664657593
vt 0.32171645760536194 0.616491973400116
vt 0.28343865275382996 0.5946457386016846
vt 0.24524442851543427 0.575240433216095
vt 0.20888887345790863 0.5579099059104919
vt 0.1752077341079712 0.5428982377052307
vt 0.14637401700019836 0.530205488204956
vt 0.1230563148856163 0.519343376159668
vt 0.14562183618545532 0.5195874571800232
vt 0.12330704182386398 0.5090914964675903
vt 0.17595992982387543 0.530083417892456
vt 0.21005892753601074 0.5441187024116516
vt 0.24683237075805664 0.5602287650108337
vt 0.28569522500038147 0.5787797570228577
vt 0.3248087763786316 0.5995275974273682
vt 0.3662624657154083 0.6040433049201965
vt 0.4057939350605011 0.6088030934333801
vt 0.3689368963241577 0.5861025452613831
vt 0.4086354970932007 0.590008020401001
vt 0.3273160457611084 0.5825632214546204
vt 0.28753387928009033 0.5629137754440308
vt 0.24800243973731995 0.5455832481384277
vt 0.2107275426387787 0.5305715799331665
vt 0.17595992982387543 0.5182449221611023
vt 0.14662474393844604 0.5081151127815247
vt 0.12322346866130829 0.49932780861854553
vt 0.1473769247531891 0.4973750710487366
vt 0.12280558794736862 0.48858776688575745
vt 0.17687925696372986 0.5066505670547485
vt 0.21097826957702637 0.5175126791000366
vt 0.248754620552063 0.5310598015785217
vt 0.28878751397132874 0.5471698641777039
vt 0.32932189106941223 0.5657208561897278
vt 0.37102630734443665 0.5681617856025696
vt 0.4107249081134796 0.5710908770561218
vt 0.37253066897392273 0.5502210259437561
vt 0.4121457040309906 0.5522958040237427
vt 0.3307426869869232 0.5488784909248352
vt 0.28962329030036926 0.5315479636192322
vt 0.24908892810344696 0.5169024467468262
vt 0.21156330406665802 0.5049419403076172
vt 0.17612707614898682 0.49530029296875
vt 0.14612329006195068 0.4865129888057709
vt 0.1218862533569336 0.4772374927997589
vt 0.1446189284324646 0.4749186336994171
vt 0.1180417537689209 0.46674153208732605
vt 0.1752077341079712 0.48358389735221863
vt 0.210476815700531 0.492615282535553
vt 0.24900534749031067 0.5031112432479858
vt 0.28995758295059204 0.5161701440811157
vt 0.33149486780166626 0.5321581959724426
vt 0.37328284978866577 0.5324022769927979
vt 0.41289788484573364 0.5335006713867188
vt 0.3731992840766907 0.5143395066261292
vt 0.41281431913375854 0.5147055983543396
vt 0.33166199922561646 0.51543790102005
vt 0.2893725633621216 0.5010364651679993
vt 0.24791885912418365 0.4893200397491455
vt 0.209390327334404 0.4796784222126007
vt 0.17403768002986908 0.4712572395801544
vt 0.14411747455596924 0.4625919759273529
vt 0.11962970346212387 0.4529503285884857
vt 0.14278025925159454 0.45002123713493347
vt 0.11812533438205719 0.44025754928588867
vt 0.1725333034992218 0.45832037925720215
vt 0.20771880447864532 0.4662533402442932
vt 0.24633091688156128 0.47516271471977234
vt 0.2882024943828583 0.4856586754322052
vt 0.331076979637146 0.4989616870880127
vt 0.3726978302001953 0.49700894951820374
vt 0.4120621383190155 0.49603256583213806
vt 0.37094274163246155 0.47870203852653503
vt 0.409805566072464 0.47650521993637085
vt 0.329656183719635 0.4819972813129425
vt 0.28619667887687683 0.4700367748737335
vt 0.24415794014930725 0.46076127886772156
vt 0.2055458277463913 0.45246216654777527
vt 0.17052748799324036 0.4452614486217499
vt 0.1409415751695633 0.4372064173221588
vt 0.11645381152629852 0.427442729473114
vt 0.13876859843730927 0.42439156770706177
vt 0.11461514234542847 0.41438379883766174
vt 0.16802020370960236 0.4319584369659424
vt 0.2029549777507782 0.4384268522262573
vt 0.24131636321544647 0.44599372148513794
vt 0.28343865275382996 0.45429283380508423
vt 0.3273160457611084 0.4651549458503723
vt 0.36835187673568726 0.46051719784736633
vt 0.4079669117927551 0.4574660360813141
vt 0.3650088310241699 0.44245439767837524
vt 0.4046238660812378 0.4384268522262573
vt 0.32414016127586365 0.44831258058547974
vt 0.2799284756183624 0.43867096304893494
vt 0.23814046382904053 0.4311040937900543
vt 0.19994623959064484 0.42426952719688416
vt 0.16451001167297363 0.4188995063304901
vt 0.13559271395206451 0.4116987884044647
vt 0.11244216561317444 0.4015689790248871
vt 0.13383762538433075 0.398151695728302
vt 0.11001846194267273 0.3887541592121124
vt 0.16267134249210358 0.40462011098861694
vt 0.1966031938791275 0.4102342426776886
vt 0.2346302717924118 0.4160924553871155
vt 0.27608397603034973 0.42280498147010803
vt 0.32021209597587585 0.43147024512290955
vt 0.36099720001220703 0.4246356785297394
vt 0.40069580078125 0.41950973868370056
vt 0.3563169240951538 0.4068169593811035
vt 0.39618268609046936 0.4007146656513214
vt 0.3157825767993927 0.41462790966033936
vt 0.2716544568538666 0.40693899989128113
vt 0.230702206492424 0.40095874667167664
vt 0.19309300184249878 0.39595484733581543
vt 0.16041478514671326 0.390706866979599
vt 0.13133034110069275 0.38509276509284973
vt 0.10734403133392334 0.3763054609298706
vt 0.12840518355369568 0.3723999857902527
vt 0.10466959327459335 0.3643449544906616
vt 0.1560688316822052 0.3775259256362915
vt 0.1890813559293747 0.38167548179626465
vt 0.22652339935302734 0.3858250379562378
vt 0.26697418093681335 0.3910730183124542
vt 0.3107680082321167 0.3979075849056244
vt 0.3510516583919525 0.3892423212528229
vt 0.39100098609924316 0.3821636736392975
vt 0.34536847472190857 0.37178975343704224
vt 0.3853178024291992 0.36373472213745117
vt 0.3053355813026428 0.3811872899532318
vt 0.26204320788383484 0.37532907724380493
vt 0.22167599201202393 0.3710574805736542
vt 0.18565474450588226 0.3676401972770691
vt 0.15306009352207184 0.3642228841781616
vt 0.12531286478042603 0.3600733280181885
vt 0.10191158950328827 0.3527505695819855
vt 0.12213698029518127 0.3483569324016571
vt 0.0990700051188469 0.3420105278491974
vt 0.1496334820985794 0.35140806436538696
vt 0.18089090287685394 0.354093074798584
vt 0.21666143834590912 0.35641196370124817
vt 0.25677791237831116 0.35958513617515564
vt 0.2996523976325989 0.36458903551101685
vt 0.33926743268966675 0.3544592261314392
vt 0.3792167603969574 0.3455498516559601
vt 0.33266493678092957 0.3371286988258362
vt 0.37253066897392273 0.3276090919971466
vt 0.29371851682662964 0.3482348620891571
vt 0.250927597284317 0.3443293869495392
vt 0.2118975967168808 0.3420105278491974
vt 0.17687925696372986 0.34054598212242126
vt 0.145872563123703 0.33920347690582275
vt 0.11896108835935593 0.3373727798461914
vt 0.0963955745100975 0.33200275897979736
vt 0.11578520387411118 0.32675477862358093
vt 0.09438975155353546 0.32687681913375854
vt 0.1421116441488266 0.3276090919971466
vt 0.1725333034992218 0.3276090919971466
vt 0.20696662366390228 0.32797524333000183
vt 0.24549515545368195 0.32919570803642273
vt 0.28753387928009033 0.33200275897979736
vt 0.3258116841316223 0.3204083740711212
vt 0.3653431534767151 0.30991244316101074
vt 0.31870773434638977 0.30368807911872864
vt 0.3576541543006897 0.2924598455429077
vt 0.2805134952068329 0.31613677740097046
vt 0.23939411342144012 0.3141840398311615
vt 0.20186848938465118 0.3141840398311615
vt 0.16802020370960236 0.3152824640274048
vt 0.13784927129745483 0.3176013231277466
vt 0.11244216561317444 0.31992021203041077
vt 0.08778724074363708 0.3188217878341675
vt 0.10926627367734909 0.3106447160243988
vt 0.08385917544364929 0.30515262484550476
vt 0.13509126007556915 0.30722740292549133
vt 0.16400855779647827 0.30368807911872864
vt 0.19677035510540009 0.300881028175354
vt 0.2334602177143097 0.2997826039791107
vt 0.2740781605243683 0.3005148768424988
vt 0.31126946210861206 0.2873339056968689
vt 0.34963086247444153 0.2752513587474823
vt 0.3034968972206116 0.27122384309768677
vt 0.33935099840164185 0.25767675042152405
vt 0.26680704951286316 0.2852591276168823
vt 0.22669056057929993 0.2859914004802704
vt 0.1904185712337494 0.2885543704032898
vt 0.1584925353527069 0.2927039563655853
vt 0.1305781602859497 0.29795190691947937
vt 0.10592323541641235 0.3018573820590973
vt 0.08218765258789062 0.29526689648628235
vt 0.10291449725627899 0.29050710797309875
vt 0.0824383795261383 0.2872118651866913
vt 0.12639935314655304 0.2873339056968689
vt 0.1534779816865921 0.28098753094673157
vt 0.1840668022632599 0.2752513587474823
vt 0.22000446915626526 0.27244430780410767
vt 0.25945234298706055 0.2704915702342987
vt 0.29497215151786804 0.2554799020290375
vt 0.3323306143283844 0.24193280935287476
vt 0.2864474058151245 0.2399800717830658
vt 0.3230536878108978 0.22570069134235382
vt 0.25167977809906006 0.2559680938720703
vt 0.21139614284038544 0.256822407245636
vt 0.17712998390197754 0.2620703876018524
vt 0.14754408597946167 0.2693931460380554
vt 0.12171909958124161 0.276105672121048
vt 0.09873569756746292 0.27830252051353455
vt 0.07667163759469986 0.27354273200035095
vt 0.09405544400215149 0.26621997356414795
vt 0.07165707647800446 0.26036176085472107
vt 0.11662096530199051 0.264267235994339
vt 0.14127588272094727 0.2579208314418793
vt 0.16935741901397705 0.24949966371059418
vt 0.20270425081253052 0.24217690527439117
vt 0.24073132872581482 0.23839347064495087
vt 0.2739945650100708 0.220574751496315
vt 0.31009939312934875 0.20507492125034332
vt 0.26204320788383484 0.20263399183750153
vt 0.2967272400856018 0.18591369688510895
vt 0.23053504526615143 0.22203931212425232
vt 0.1929258555173874 0.22838570177555084
vt 0.16150127351284027 0.23705096542835236
vt 0.13475695252418518 0.24583828449249268
vt 0.11110495030879974 0.2519405782222748
vt 0.08979307115077972 0.25181853771209717
vt 0.061293650418519974 0.2365627884864807
vt 0.0775073990225792 0.2277754694223404
vt 0.05494187772274017 0.22008657455444336
vt 0.105254627764225 0.23827143013477325
vt 0.12798729538917542 0.23338958621025085
vt 0.1534779816865921 0.22484636306762695
vt 0.18348176777362823 0.21471655368804932
vt 0.21858368813991547 0.20678356289863586
vt 0.24959038197994232 0.18615777790546417
vt 0.2831879258155823 0.16809497773647308
vt 0.2371375560760498 0.1707799881696701
vt 0.26956504583358765 0.15161876380443573
vt 0.20855456590652466 0.19201599061489105
vt 0.1738705188035965 0.20190171897411346
vt 0.14537110924720764 0.21227562427520752
vt 0.12079976499080658 0.220574751496315
vt 0.09046167880296707 0.21117721498012543
vt 0.07023628056049347 0.21117721498012543
vt 0.04691857844591141 0.2073937952518463
vt 0.06154438108205795 0.19433486461639404
vt 0.03956389054656029 0.18701210618019104
vt 0.08419347554445267 0.19640964269638062
vt 0.10634111613035202 0.1950671374797821
vt 0.13768211007118225 0.19970488548278809
vt 0.1647607386112213 0.18945302069187164
vt 0.19727180898189545 0.17859093844890594
vt 0.22493545711040497 0.15650060772895813
vt 0.2561928927898407 0.13648506999015808
vt 0.21415415406227112 0.1428314596414566
vt 0.24332217872142792 0.12244977056980133
vt 0.18674123287200928 0.1657761037349701
vt 0.1559852659702301 0.17712637782096863
vt 0.12213698029518127 0.17505159974098206
vt 0.09990576654672623 0.1805436760187149
vt 0.07692236453294754 0.181642085313797
vt 0.05477472394704819 0.17712637782096863
vt 0.04666785150766373 0.15930765867233276
vt 0.0622129887342453 0.14832352101802826
vt 0.055192604660987854 0.13135913014411926
vt 0.04031607508659363 0.1414889544248581
vt 0.04817222058773041 0.11439473927021027
vt 0.034382179379463196 0.1233040913939476
vt 0.04182044416666031 0.09620988368988037
vt 0.02936762012541294 0.10463105887174606
vt 0.03588654845952988 0.07912344485521317
vt 0.025773851200938225 0.08522574603557587
vt 0.03137344494462013 0.06179291009902954
vt 0.025272395461797714 0.06459996849298477
vt 0.028448283672332764 0.042997825890779495
vt 0.03772522136569023 0.05666697770357132
vt 0.04407699778676033 0.04995444789528847
vt 0.046417124569416046 0.07058022171258926
vt 0.056947700679302216 0.05947403609752655
vt 0.05410611629486084 0.08669029176235199
vt 0.0622129887342453 0.1026783213019371
vt 0.05026162043213844 0.041899412870407104
vt 0.06756184995174408 0.047025345265865326
vt 0.0672275498509407 0.0733872801065445
vt 0.05502545088529587 0.03372232988476753
vt 0.05678054690361023 0.02664366364479065
vt 0.05485830083489418 0.020541362464427948
vt 0.08536353707313538 0.020907500758767128
vt 0.08728578686714172 0.008092670701444149
vt 0.1079290583729744 0.022127961739897728
vt 0.11586877703666687 0.000159681003424339
vt 0.12497856467962265 0.03323414549231529
vt 0.14278025925159454 0.014439063146710396
vt 0.1370970904827118 0.04763557389378548
vt 0.15774035453796387 0.02713184617459774
vt 0.14796195924282074 0.06228109449148178
vt 0.170026034116745 0.041411228477954865
vt 0.1597461849451065 0.07631638646125793
vt 0.1838996410369873 0.05544652044773102
vt 0.1915886402130127 0.06484406441450119
vt 0.1673515886068344 0.0855918824672699
vt 0.20011338591575623 0.07485183328390121
vt 0.13768211007118225 0.09743034094572067
vt 0.12740226089954376 0.08278482407331467
vt 0.11787460744380951 0.06801725924015045
vt 0.10709329694509506 0.05410401150584221
vt 0.09455689787864685 0.041899412870407104
vt 0.07708951830863953 0.03421051427721977
vt 0.08059971034526825 0.05849766731262207
vt 0.09113028645515442 0.0722888633608818
vt 0.10057437419891357 0.0868123397231102
vt 0.1091827005147934 0.10231218487024307
vt 0.11854321509599686 0.11732383817434311
vt 0.14403389394283295 0.10792630165815353
vt 0.17437197268009186 0.09620988368988037
vt 0.20964105427265167 0.0855918824672699
vt 0.18289673328399658 0.10694993287324905
vt 0.23112007975578308 0.10939084738492966
vt 0.1522243469953537 0.11817816644906998
vt 0.12506213784217834 0.12904025614261627
vt 0.1014937087893486 0.13514254987239838
vt 0.09288538247346878 0.11988680809736252
vt 0.08486208319664001 0.10377673804759979
vt 0.07625375688076019 0.08876507729291916
vt 0.0699019804596901 0.11866634339094162
vt 0.07734024524688721 0.13526460528373718
vt 0.08561427146196365 0.15100853145122528
vt 0.10809621214866638 0.1486896574497223
vt 0.13266755640506744 0.1403905302286148
vt 0.15899398922920227 0.13001662492752075
vt 0.20228636264801025 0.13038276135921478
vt 0.17687925696372986 0.1535715013742447
vt 0.13927006721496582 0.15308332443237305
vt 0.11570163071155548 0.16138245165348053
vt 0.09230034798383713 0.16638633608818054
vt 0.07006913423538208 0.1647997349500656
vt 0.30483412742614746 0.05410401150584221
vt 0.29747942090034485 0.08376119285821915
vt 0.3040819466114044 0.08205254375934601
vt 0.2957243323326111 0.1049971953034401
vt 0.30750855803489685 0.10035944730043411
vt 0.29881665110588074 0.12464660406112671
vt 0.3130245506763458 0.11781202256679535
vt 0.3046669661998749 0.14356373250484467
vt 0.3206299841403961 0.13587483763694763
vt 0.31193807721138 0.16174858808517456
vt 0.31152018904685974 0.07619433850049973
vt 0.3184570074081421 0.06911566853523254
vt 0.3193763494491577 0.09267055243253708
vt 0.33049196004867554 0.08290687203407288
vt 0.3268981873989105 0.10926880687475204
vt 0.324641615152359 0.06203700229525566
vt 0.3297397494316101 0.05422605946660042
vt 0.3313277065753937 0.04739148169755936
vt 0.33024123311042786 0.040800999850034714
vt 0.35723626613616943 0.043486010283231735
vt 0.36099720001220703 0.03006095066666603
vt 0.3805539608001709 0.046781253069639206
vt 0.3929232060909271 0.02810821495950222
vt 0.39509618282318115 0.05898585170507431
vt 0.41005629301071167 0.037871893495321274
vt 0.40771618485450745 0.0721668228507042
vt 0.4245985150337219 0.05007649585604668
vt 0.41933324933052063 0.08656825125217438
vt 0.4373020827770233 0.06350155174732208
vt 0.4310338795185089 0.1002373993396759
vt 0.45100852847099304 0.0771707072854042
vt 0.45836323499679565 0.0855918824672699
vt 0.438973605632782 0.1086585745215416
vt 0.4666372537612915 0.09462328255176544
vt 0.41181138157844543 0.12159544974565506
vt 0.40136438608169556 0.10707197338342667
vt 0.39108455181121826 0.09242645651102066
vt 0.37988537549972534 0.07851321250200272
vt 0.36734896898269653 0.06569838523864746
vt 0.34946370124816895 0.05837562307715416
vt 0.3415239751338959 0.07167863845825195
vt 0.34052106738090515 0.09743034094572067
vt 0.3540603816509247 0.08229663968086243
vt 0.3650088310241699 0.09596578776836395
vt 0.3750379681587219 0.11073336005210876
vt 0.3843984603881836 0.1257450133562088
vt 0.3941768705844879 0.14112281799316406
vt 0.41908252239227295 0.13111503422260284
vt 0.44682973623275757 0.1184222549200058
vt 0.47599777579307556 0.10426492244005203
vt 0.45460230112075806 0.12916229665279388
vt 0.5087595582008362 0.13721734285354614
vt 0.4274401068687439 0.1414889544248581
vt 0.40144798159599304 0.15222899615764618
vt 0.37762880325317383 0.15894152224063873
vt 0.36851903796195984 0.14307554066181183
vt 0.35965996980667114 0.12720957398414612
vt 0.35038304328918457 0.11183176934719086
vt 0.3360079526901245 0.12525683641433716
vt 0.32882043719291687 0.15308332443237305
vt 0.3199613690376282 0.17944525182247162
vt 0.3370108902454376 0.17090202867984772
vt 0.32514309883117676 0.20031511783599854
vt 0.34444913268089294 0.1413668990135193
vt 0.3528903126716614 0.15772107243537903
vt 0.3613314926624298 0.1744413673877716
vt 0.3853178024291992 0.17273272573947906
vt 0.4097220003604889 0.16406746208667755
vt 0.4349619448184967 0.15344946086406708
vt 0.48519113659858704 0.162358820438385
vt 0.5219645500183105 0.14905579388141632
vt 0.4961395859718323 0.1744413673877716
vt 0.5360053181648254 0.16162653267383575
vt 0.34428200125694275 0.1876223385334015
vt 0.46329420804977417 0.18750029802322388
vt 0.4175781309604645 0.1767602413892746
vt 0.39375898241996765 0.186645969748497
vt 0.36960551142692566 0.1890868842601776
vt 0.35339176654815674 0.2023898959159851
vt 0.3371780216693878 0.21398426592350006
vt 0.36233440041542053 0.21862201392650604
vt 0.34545204043388367 0.230216383934021
vt 0.3782974183559418 0.20422059297561646
vt 0.4017822742462158 0.198606476187706
vt 0.4441553056240082 0.21239767968654633
vt 0.4746605455875397 0.198606476187706
vt 0.5087595582008362 0.1864018738269806
vt 0.5505475401878357 0.17529569566249847
vt 0.5217974185943604 0.19799624383449554
vt 0.5654240846633911 0.1901853084564209
vt 0.4858597218990326 0.21032288670539856
vt 0.4537665545940399 0.2230156809091568
vt 0.42660436034202576 0.23583050072193146
vt 0.3864043056964874 0.2181338369846344
vt 0.3704412877559662 0.2339998185634613
vt 0.35322460532188416 0.24559418857097626
vt 0.3919202983379364 0.2741529643535614
vt 0.37361717224121094 0.28696778416633606
vt 0.4094712734222412 0.256822407245636
vt 0.434711217880249 0.24657055735588074
vt 0.46379566192626953 0.23436595499515533
vt 0.4973932206630707 0.22240544855594635
vt 0.5347517132759094 0.21129925549030304
vt 0.578044056892395 0.20580719411373138
vt 0.5478731393814087 0.2267991006374359
vt 0.5948428511619568 0.22472432255744934
vt 0.5086759924888611 0.2352202832698822
vt 0.4741590917110443 0.2460823655128479
vt 0.44331955909729004 0.25779879093170166
vt 0.41649165749549866 0.2695152163505554
vt 0.3983556628227234 0.28684574365615845
vt 0.37938392162323 0.29892829060554504
vt 0.40420597791671753 0.2983180582523346
vt 0.3843984603881836 0.30979037284851074
vt 0.4232613146305084 0.28086549043655396
vt 0.45184430480003357 0.26890498399734497
vt 0.4834360182285309 0.2580428719520569
vt 0.5191229581832886 0.2486453354358673
vt 0.5616631507873535 0.2424209862947464
vt 0.6086328625679016 0.24449577927589417
vt 0.5740324258804321 0.2604838013648987
vt 0.616321861743927 0.2604838013648987
vt 0.5301550030708313 0.26255857944488525
vt 0.49154290556907654 0.2702474892139435
vt 0.4593661427497864 0.2798891067504883
vt 0.4296130836009979 0.2911173403263092
vt 0.40930411219596863 0.30869197845458984
vt 0.38882800936698914 0.31955406069755554
vt 0.4136500656604767 0.3178454041481018
vt 0.39250534772872925 0.32809728384017944
vt 0.43546339869499207 0.30136922001838684
vt 0.46621936559677124 0.29075121879577637
vt 0.5001512169837952 0.2824520766735077
vt 0.5406855940818787 0.2779363691806793
vt 0.5833093523979187 0.276105672121048
vt 0.6278553605079651 0.27818048000335693
vt 0.5914998054504395 0.29184961318969727
vt 0.636212944984436 0.29526689648628235
vt 0.548291027545929 0.2919716536998749
vt 0.5082581043243408 0.29538896679878235
vt 0.4728218615055084 0.30149126052856445
vt 0.4415644407272339 0.3091801404953003
vt 0.4172438383102417 0.32590046525001526
vt 0.3955140709877014 0.33554208278656006
vt 0.42067044973373413 0.3334673047065735
vt 0.3945947289466858 0.3418884873390198
vt 0.4461611211299896 0.3179674744606018
vt 0.4777528643608093 0.3121092617511749
vt 0.5145263075828552 0.3079597055912018
vt 0.5553949475288391 0.30649513006210327
vt 0.5988544821739197 0.30771559476852417
vt 0.6437348127365112 0.31259745359420776
vt 0.6054570078849792 0.32431384921073914
vt 0.650504469871521 0.3300500214099884
vt 0.5619139075279236 0.3213847577571869
vt 0.5204601883888245 0.3211406469345093
vt 0.4834360182285309 0.32309338450431824
vt 0.4504235088825226 0.32687681913375854
vt 0.4226762652397156 0.33908143639564514
vt 0.3996092975139618 0.3470144271850586
vt 0.4259357452392578 0.34774670004844666
vt 0.4020330011844635 0.35494738817214966
vt 0.4541008472442627 0.33639639616012573
vt 0.4871133863925934 0.334809809923172
vt 0.5258926153182983 0.33444368839263916
vt 0.5678477883338928 0.33639639616012573
vt 0.611975908279419 0.3407900631427765
vt 0.6566054821014404 0.34774670004844666
vt 0.617742657661438 0.35738831758499146
vt 0.6611186265945435 0.3651992678642273
vt 0.5734474062919617 0.3518962562084198
vt 0.5309907793998718 0.3484789729118347
vt 0.49162647128105164 0.3472585082054138
vt 0.4577781856060028 0.3468923568725586
vt 0.4297802448272705 0.3565340042114258
vt 0.4045402705669403 0.3639788031578064
vt 0.4326218068599701 0.36702996492385864
vt 0.406963974237442 0.3739865720272064
vt 0.4601183235645294 0.3589749336242676
vt 0.4958052635192871 0.3603174388408661
vt 0.535671055316925 0.3631244897842407
vt 0.5784619450569153 0.3676401972770691
vt 0.6228408217430115 0.37423068284988403
vt 0.6671360731124878 0.383384108543396
vt 0.6275210380554199 0.39131709933280945
vt 0.671565592288971 0.4014469385147095
vt 0.5830585956573486 0.3836282193660736
vt 0.5399333834648132 0.37777000665664673
vt 0.4996497631072998 0.3737424910068512
vt 0.4632106423377991 0.37069132924079895
vt 0.4352126717567444 0.3786243200302124
vt 0.4095548391342163 0.3847266137599945
vt 0.43613201379776 0.3919273316860199
vt 0.4118949770927429 0.39607691764831543
vt 0.46621936559677124 0.3836282193660736
vt 0.5031599402427673 0.38741162419319153
vt 0.543861448764801 0.39265960454940796
vt 0.5871538519859314 0.3996162414550781
vt 0.6316162943840027 0.40840354561805725
vt 0.6754936575889587 0.41950973868370056
vt 0.6352936029434204 0.42561203241348267
vt 0.6789202690124512 0.43769457936286926
vt 0.590747594833374 0.41584834456443787
vt 0.5473716855049133 0.4079153537750244
vt 0.5065865516662598 0.4016910195350647
vt 0.4705653190612793 0.39644303917884827
vt 0.43930789828300476 0.4042539894580841
vt 0.41406795382499695 0.4079153537750244
vt 0.44173160195350647 0.41706880927085876
vt 0.4161573350429535 0.420119971036911
vt 0.4720696806907654 0.40974605083465576
vt 0.5095117688179016 0.41584834456443787
vt 0.5505475401878357 0.42317110300064087
vt 0.5940070748329163 0.4319584369659424
vt 0.6383023262023926 0.44257643818855286
vt 0.681678295135498 0.45587944984436035
vt 0.6408096551895142 0.45978492498397827
vt 0.6834334135055542 0.47406429052352905
vt 0.5968486666679382 0.4479464590549469
vt 0.5533055663108826 0.4384268522262573
vt 0.5133562088012695 0.43024978041648865
vt 0.4743262529373169 0.42304906249046326
vt 0.4437374174594879 0.4300056993961334
vt 0.41774529218673706 0.43244659900665283
vt 0.4452418088912964 0.4430646002292633
vt 0.416240930557251 0.446725994348526
vt 0.4780871570110321 0.436718225479126
vt 0.5145263075828552 0.44465121626853943
vt 0.5556457042694092 0.45343852043151855
vt 0.5990216135978699 0.46417856216430664
vt 0.6425647139549255 0.4769934117794037
vt 0.68451988697052 0.49212712049484253
vt 0.643316924571991 0.4939577877521515
vt 0.6846870183944702 0.5103119611740112
vt 0.600525975227356 0.48016658425331116
vt 0.5574843883514404 0.4685722291469574
vt 0.5162813663482666 0.4590526521205902
vt 0.4795079529285431 0.44989919662475586
vt 0.44716405868530273 0.45429283380508423
vt 0.42025256156921387 0.4574660360813141
vt 0.4490027129650116 0.46686357259750366
vt 0.4212554693222046 0.4697926938533783
vt 0.48143020272254944 0.46332424879074097
vt 0.5178693532943726 0.4732099771499634
vt 0.5585708618164062 0.48346182703971863
vt 0.6012781858444214 0.49603256583213806
vt 0.6436512470245361 0.5109221935272217
vt 0.6833498477935791 0.5288629531860352
vt 0.6429826021194458 0.5284968018531799
vt 0.6825140714645386 0.5477800965309143
vt 0.6014453172683716 0.5116544961929321
vt 0.5591558814048767 0.498107373714447
vt 0.518454372882843 0.4868791401386261
vt 0.4827674329280853 0.4762611389160156
vt 0.4499220550060272 0.4793122708797455
vt 0.4220912456512451 0.4817532002925873
vt 0.45059067010879517 0.4913948178291321
vt 0.4223419725894928 0.49334755539894104
vt 0.48351961374282837 0.4891979992389679
vt 0.5187886953353882 0.5005483031272888
vt 0.5591558814048767 0.512630820274353
vt 0.6006096005439758 0.5277645587921143
vt 0.6412275433540344 0.545949399471283
vt 0.680173933506012 0.5664530992507935
vt 0.6386366486549377 0.563401997089386
vt 0.6770816445350647 0.5848820805549622
vt 0.5988544821739197 0.5439966320991516
vt 0.5584036707878113 0.5270322561264038
vt 0.5187051296234131 0.5136072039604187
vt 0.48377034068107605 0.5017687678337097
vt 0.45067423582077026 0.5029891729354858
vt 0.4223419725894928 0.5043317079544067
vt 0.4510921239852905 0.5142174363136292
vt 0.4222584068775177 0.5145835876464844
vt 0.48385390639305115 0.5140953660011292
vt 0.5186215043067932 0.5267881751060486
vt 0.5568157434463501 0.541921854019165
vt 0.5963472127914429 0.5602287650108337
vt 0.6355443596839905 0.580732524394989
vt 0.673237144947052 0.6033110022544861
vt 0.6316162943840027 0.598063051700592
vt 0.668724000453949 0.6214958429336548
vt 0.5931712985038757 0.5765829682350159
vt 0.5546427965164185 0.5569335222244263
vt 0.517033576965332 0.5399691462516785
vt 0.48377034068107605 0.5265440940856934
vt 0.4500056207180023 0.5253236293792725
vt 0.42184051871299744 0.5243472456932068
vt 0.4491698741912842 0.536551833152771
vt 0.4210883378982544 0.5350872874259949
vt 0.4819316565990448 0.5386266112327576
vt 0.5154456496238708 0.554004430770874
vt 0.5518847703933716 0.5721892714500427
vt 0.5894104242324829 0.5928150415420532
vt 0.6270195841789246 0.6150274276733398
vt 0.6635423302650452 0.6395586729049683
vt 0.6216707229614258 0.6326020359992981
vt 0.6577755808830261 0.6573773622512817
vt 0.585231602191925 0.6092912554740906
vt 0.5488760471343994 0.5876891016960144
vt 0.5137740969657898 0.5684058666229248
vt 0.4804272949695587 0.551441490650177
vt 0.4478326439857483 0.54851233959198
vt 0.4200018346309662 0.5464375615119934
vt 0.44574326276779175 0.5609610676765442
vt 0.4157394766807556 0.5586421489715576
vt 0.4781707525253296 0.5643783211708069
vt 0.5114339590072632 0.5829293131828308
vt 0.5451986789703369 0.6030669212341309
vt 0.5804677605628967 0.6255233883857727
vt 0.616321861743927 0.6496884822845459
vt 0.6514238119125366 0.67507404088974
vt 0.6104715466499329 0.6667749285697937
vt 0.644570529460907 0.692526638507843
vt 0.5757039189338684 0.6417555212974548
vt 0.541187047958374 0.6184447407722473
vt 0.5083416700363159 0.5974528193473816
vt 0.475830614566803 0.577925443649292
vt 0.4439881443977356 0.5737758874893188
vt 0.416993111371994 0.5707247257232666
vt 0.4424002170562744 0.5869568586349487
vt 0.41515442728996277 0.583417534828186
vt 0.47340691089630127 0.5915945768356323
vt 0.5049150586128235 0.6119762659072876
vt 0.5369246602058411 0.6337004899978638
vt 0.5703550577163696 0.657743513584137
vt 0.6042033433914185 0.683373212814331
vt 0.6373830437660217 0.709857165813446
vt 0.5976008176803589 0.6996052861213684
vt 0.6296104788780212 0.7268215417861938
vt 0.565173327922821 0.6732433438301086
vt 0.5323280096054077 0.6488341689109802
vt 0.5010705590248108 0.6263777017593384
vt 0.4704817533493042 0.6055078506469727
vt 0.4399765133857727 0.6002598404884338
vt 0.4130650460720062 0.5962323546409607
vt 0.4373020827770233 0.6135628819465637
vt 0.41055774688720703 0.6091692447662354
vt 0.4665536880493164 0.6189329028129578
vt 0.4969753324985504 0.6407791376113892
vt 0.5274806022644043 0.663235604763031
vt 0.5593230128288269 0.6888652443885803
vt 0.5901625752449036 0.7157154083251953
vt 0.6205006837844849 0.7423214316368103
vt 0.5828078985214233 0.7318254709243774
vt 0.6130623817443848 0.7598960399627686
vt 0.552636981010437 0.704609215259552
vt 0.5221317410469055 0.6786134243011475
vt 0.4918771982192993 0.6548144221305847
vt 0.4641299843788147 0.6333343386650085
vt 0.43412619829177856 0.6266217827796936
vt 0.4079669117927551 0.62198406457901
vt 0.4313681721687317 0.6399248242378235
vt 0.40529248118400574 0.6346768140792847
vt 0.45978403091430664 0.6463932394981384
vt 0.4882834255695343 0.6693379282951355
vt 0.5172007083892822 0.6937471032142639
vt 0.5456165671348572 0.7194988131523132
vt 0.575369656085968 0.7474473118782043
vt 0.6041197776794434 0.7760061025619507
vt 0.5672627687454224 0.763069212436676
vt 0.5916669368743896 0.7966318726539612
vt 0.539515495300293 0.7346324920654297
vt 0.5111832618713379 0.7076603174209595
vt 0.48351961374282837 0.6828849911689758
vt 0.456691712141037 0.6601844429969788
vt 0.42827585339546204 0.6527396440505981
vt 0.40253445506095886 0.6471255421638489
vt 0.4250164031982422 0.6651883125305176
vt 0.3996092975139618 0.6590860486030579
vt 0.4530143737792969 0.6732433438301086
vt 0.47892293334007263 0.6958218812942505
vt 0.505750834941864 0.7213295102119446
vt 0.5324951410293579 0.7489119172096252
vt 0.5563978552818298 0.7819863557815552
vt 0.5786290764808655 0.8157930970191956
vt 0.5450315475463867 0.8004152774810791
vt 0.565173327922821 0.8334897756576538
vt 0.5243882536888123 0.7651439905166626
vt 0.49998408555984497 0.7348765730857849
vt 0.47499483823776245 0.7077823877334595
vt 0.4487519860267639 0.6859361529350281
vt 0.42167335748672485 0.6770268082618713
vt 0.3966841399669647 0.6704363226890564
vt 0.4182467460632324 0.6882550120353699
vt 0.39367541670799255 0.6811763644218445
vt 0.44465675950050354 0.6977745890617371
vt 0.4692281186580658 0.7210854291915894
vt 0.4918771982192993 0.7498882412910461
vt 0.512938380241394 0.7811320424079895
vt 0.5319936871528625 0.816403329372406
vt 0.5515504479408264 0.8498439192771912
vt 0.5195408463478088 0.8312929272651672
vt 0.5380111336708069 0.8648555874824524
vt 0.501404881477356 0.7954114079475403
vt 0.4831852912902832 0.763191282749176
vt 0.46337777376174927 0.7342664003372192
vt 0.44089585542678833 0.7092469334602356
vt 0.41515442728996277 0.6976525783538818
vt 0.3908338248729706 0.6911841034889221
vt 0.4122292697429657 0.7079044580459595
vt 0.38849368691444397 0.6987509727478027
vt 0.43696776032447815 0.7194988131523132
vt 0.4566081464290619 0.745860755443573
vt 0.47399193048477173 0.7761281728744507
vt 0.4906235635280609 0.8094466924667358
vt 0.5075058937072754 0.8454502820968628
vt 0.5248061418533325 0.8787688612937927
vt 0.49630671739578247 0.8598517179489136
vt 0.5121861696243286 0.8918277621269226
vt 0.4803437292575836 0.823115885257721
vt 0.4653000235557556 0.7894311547279358
vt 0.44975489377975464 0.7579432725906372
vt 0.43203678727149963 0.7302388548851013
vt 0.40880265831947327 0.7162035703659058
vt 0.38515064120292664 0.7050973773002625
vt 0.4042895436286926 0.725845217704773
vt 0.38255980610847473 0.7160815000534058
vt 0.42685508728027344 0.740368664264679
vt 0.4426509439945221 0.7701479196548462
vt 0.4566081464290619 0.8022459745407104
vt 0.47006386518478394 0.837517261505127
vt 0.48494040966033936 0.8719342350959778
vt 0.4896206557750702 0.9153826236724854
vt 0.4652164578437805 0.8951230049133301
vt 0.47992584109306335 0.9261226654052734
vt 0.4605362117290497 0.8497219085693359
vt 0.4476655125617981 0.8145726323127747
vt 0.4350455105304718 0.7819863557815552
vt 0.4210047423839569 0.751230776309967
vt 0.40002718567848206 0.736585259437561
vt 0.37879887223243713 0.7262113094329834
vt 0.39517977833747864 0.7478134632110596
vt 0.37462007999420166 0.7371954917907715
vt 0.4149872958660126 0.7628251314163208
vt 0.4276908338069916 0.7944350242614746
vt 0.43947505950927734 0.8281197547912598
vt 0.4427345097064972 0.8732767701148987
vt 0.45736032724380493 0.9051307439804077
vt 0.4714010953903198 0.9362524747848511
vt 0.4490027129650116 0.9159928560256958
vt 0.4640463888645172 0.945772111415863
vt 0.43571412563323975 0.8837727308273315
vt 0.4235120415687561 0.8526510000228882
vt 0.42067044973373413 0.807249903678894
vt 0.4086354970932007 0.7749077081680298
vt 0.38983091711997986 0.7600180506706238
vt 0.3699398338794708 0.7492780089378357
vt 0.3842313289642334 0.7733210921287537
vt 0.36484166979789734 0.7622148990631104
vt 0.4022837281227112 0.7876004576683044
vt 0.40754902362823486 0.831048846244812
vt 0.416993111371994 0.8640012741088867
vt 0.4287773370742798 0.8945127725601196
vt 0.4424837827682495 0.9249022006988525
vt 0.433959037065506 0.9413784146308899
vt 0.45602309703826904 0.960295557975769
vt 0.42392992973327637 0.9565121531486511
vt 0.4413973093032837 0.974941074848175
vt 0.4113099277019501 0.969571053981781
vt 0.4274401068687439 0.9875118136405945
vt 0.3969348669052124 0.98165363073349
vt 0.41055774688720703 0.9973975419998169
vt 0.3768766224384308 0.9879999756813049
vt 0.38130614161491394 0.9993503093719482
vt 0.3529738783836365 0.9889763593673706
vt 0.3524724245071411 0.9947125315666199
vt 0.3223015069961548 0.9786024689674377
vt 0.35063377022743225 0.9822638630867004
vt 0.3450341820716858 0.974941074848175
vt 0.3692712187767029 0.9765276908874512
vt 0.3614986538887024 0.9666419625282288
vt 0.3843148946762085 0.966886043548584
vt 0.3958483934402466 0.9540712237358093
vt 0.33793020248413086 0.9687167406082153
vt 0.3472907245159149 0.9554136991500854
vt 0.371527761220932 0.9544373750686646
vt 0.33032479882240295 0.9635908007621765
vt 0.3220507800579071 0.9599294066429138
vt 0.31360960006713867 0.9572443962097168
vt 0.3079264163970947 0.9573664665222168
vt 0.31193807721138 0.934787929058075
vt 0.30274471640586853 0.9368627071380615
vt 0.31243953108787537 0.9152606129646301
vt 0.2991509437561035 0.9112330675125122
vt 0.3172869384288788 0.899028480052948
vt 0.3006553053855896 0.8985402584075928
vt 0.3206299841403961 0.8823081851005554
vt 0.30391478538513184 0.8809656500816345
vt 0.3250595033168793 0.8626587390899658
vt 0.30374762415885925 0.8703476786613464
vt 0.3233044147491455 0.8420329689979553
vt 0.3484607934951782 0.8502100706100464
vt 0.34043750166893005 0.8233599662780762
vt 0.34403127431869507 0.8692492246627808
vt 0.3383480906486511 0.8865797519683838
vt 0.33283206820487976 0.904276430606842
vt 0.32664746046066284 0.9213628768920898
vt 0.3223015069961548 0.940280020236969
vt 0.33408570289611816 0.9480909705162048
vt 0.3553975820541382 0.9419886469841003
vt 0.34077179431915283 0.9302722215652466
vt 0.3478757441043854 0.9125756025314331
vt 0.3549797236919403 0.8951230049133301
vt 0.3614986538887024 0.8781586289405823
vt 0.3680175840854645 0.8610721826553345
vt 0.35974353551864624 0.8317811489105225
vt 0.34695643186569214 0.8066396713256836
vt 0.3661789000034332 0.8170135617256165
vt 0.35330820083618164 0.7908957004547119
vt 0.3767094612121582 0.8463045954704285
vt 0.38615357875823975 0.8760838508605957
vt 0.37863171100616455 0.8908513784408569
vt 0.37094274163246155 0.9075716733932495
vt 0.3630865812301636 0.9262447357177734
vt 0.3795510530471802 0.9386934041976929
vt 0.4060446619987488 0.9397918581962585
vt 0.4145694077014923 0.9230715036392212
vt 0.38765794038772583 0.922949492931366
vt 0.39618268609046936 0.9053748846054077
vt 0.4237627685070038 0.9040323495864868
vt 0.4097220003604889 0.8779144883155823
vt 0.40403881669044495 0.8884104490280151
vt 0.39350825548171997 0.8615603446960449
vt 0.4009465277194977 0.8464266657829285
vt 0.390666663646698 0.8155490159988403
vt 0.37253066897392273 0.8017578125
vt 0.3843984603881836 0.8300724625587463
s on
f 1/1/1 2/2/2 3/3/3
f 2/2/2 4/4/4 3/3/3
f 4/4/4 5/5/5 3/3/3
f 3/3/3 5/5/5 6/6/6
f 5/5/5 7/7/7 6/6/6
f 1/1/1 3/3/3 6/6/6
f 4/4/4 2/2/2 8/8/8
f 8/8/8 2/2/2 9/9/9
f 2/2/2 10/10/10 9/9/9
f 9/9/9 10/10/10 11/11/11
f 11/11/11 10/10/10 12/12/12
f 10/10/10 13/13/13 12/12/12
f 12/12/12 13/13/13 14/14/14
f 14/14/14 13/13/13 15/15/15
f 13/13/13 2/2/2 15/15/15
f 2/2/2 16/16/16 15/15/15
f 16/16/16 17/17/17 15/15/15
f 15/15/15 17/17/17 14/14/14
f 13/13/13 10/10/10 2/2/2
f 16/16/16 18/18/18 17/17/17
f 17/17/17 18/18/18 19/19/19
f 18/18/18 20/20/20 19/19/19
f 19/19/19 20/20/20 21/21/21
f 20/20/20 22/22/22 21/21/21
f 21/21/21 22/22/22 23/23/23
f 22/22/22 24/24/24 23/23/23
f 23/23/23 24/24/24 25/25/25
f 24/24/24 26/26/26 25/25/25
f 25/25/25 26/26/26 27/27/27
f 26/26/26 28/28/28 27/27/27
f 28/28/28 29/29/29 27/27/27
f 27/27/27 29/29/29 30/30/30
f 29/29/29 31/31/31 30/30/30
f 5/5/5 4/4/4 32/32/32
f 4/4/4 8/8/8 32/32/32
f 32/32/32 8/8/8 33/33/33
f 8/8/8 9/9/9 33/33/33
f 33/33/33 9/9/9 11/11/11
f 30/30/30 34/34/34 27/27/27
f 27/27/27 34/34/34 25/25/25
f 34/34/34 35/35/35 25/25/25
f 25/25/25 35/35/35 23/23/23
f 35/35/35 36/36/36 23/23/23
f 23/23/23 36/36/36 21/21/21
f 36/36/36 37/37/37 21/21/21
f 21/21/21 37/37/37 19/19/19
f 37/37/37 38/38/38 19/19/19
f 19/19/19 38/38/38 17/17/17
f 17/17/17 38/38/38 14/14/14
f 38/38/38 39/39/39 14/14/14
f 14/14/14 39/39/39 12/12/12
f 39/39/39 40/40/40 12/12/12
f 12/12/12 40/40/40 11/11/11
f 40/40/40 41/41/41 11/11/11
f 11/11/11 41/41/41 33/33/33
f 41/41/41 42/42/42 33/33/33
f 33/33/33 42/42/42 32/32/32
f 42/42/42 43/43/43 32/32/32
f 32/32/32 43/43/43 5/5/5
f 5/5/5 43/43/43 7/7/7
f 7/7/7 43/43/43 44/44/44
f 43/43/43 45/45/45 44/44/44
f 44/44/44 45/45/45 46/46/46
f 43/43/43 42/42/42 45/45/45
f 45/45/45 42/42/42 47/47/47
f 42/42/42 41/41/41 47/47/47
f 47/47/47 41/41/41 48/48/48
f 41/41/41 40/40/40 48/48/48
f 48/48/48 40/40/40 49/49/49
f 40/40/40 39/39/39 49/49/49
f 49/49/49 39/39/39 50/50/50
f 39/39/39 38/38/38 50/50/50
f 38/38/38 37/37/37 50/50/50
f 50/50/50 37/37/37 51/51/51
f 37/37/37 36/36/36 51/51/51
f 51/51/51 36/36/36 52/52/52
f 36/36/36 35/35/35 52/52/52
f 52/52/52 35/35/35 53/53/53
f 35/35/35 34/34/34 53/53/53
f 53/53/53 34/34/34 54/54/54
f 34/34/34 30/30/30 54/54/54
f 54/54/54 30/30/30 55/55/55
f 30/30/30 31/31/31 55/55/55
f 31/31/31 56/56/56 55/55/55
f 55/55/55 56/56/56 57/57/57
f 56/56/56 58/58/58 57/57/57
f 57/57/57 59/59/59 55/55/55
f 55/55/55 59/59/59 54/54/54
f 59/59/59 60/60/60 54/54/54
f 54/54/54 60/60/60 53/53/53
f 60/60/60 61/61/61 53/53/53
f 53/53/53 61/61/61 52/52/52
f 61/61/61 62/62/62 52/52/52
f 52/52/52 62/62/62 51/51/51
f 62/62/62 63/63/63 51/51/51
f 51/51/51 63/63/63 50/50/50
f 50/50/50 63/63/63 49/49/49
f 63/63/63 64/64/64 49/49/49
f 49/49/49 64/64/64 48/48/48
f 64/64/64 65/65/65 48/48/48
f 48/48/48 65/65/65 47/47/47
f 65/65/65 66/66/66 47/47/47
f 47/47/47 66/66/66 45/45/45
f 45/45/45 66/66/66 46/46/46
f 46/46/46 66/66/66 67/67/67
f 66/66/66 68/68/68 67/67/67
f 67/67/67 68/68/68 69/69/69
f 66/66/66 65/65/65 68/68/68
f 68/68/68 65/65/65 70/70/70
f 65/65/65 64/64/64 70/70/70
f 70/70/70 64/64/64 71/71/71
f 64/64/64 63/63/63 71/71/71
f 63/63/63 62/62/62 71/71/71
f 71/71/71 62/62/62 72/72/72
f 62/62/62 61/61/61 72/72/72
f 72/72/72 61/61/61 73/73/73
f 61/61/61 60/60/60 73/73/73
f 73/73/73 60/60/60 74/74/74
f 60/60/60 59/59/59 74/74/74
f 74/74/74 59/59/59 75/75/75
f 59/59/59 57/57/57 75/75/75
f 75/75/75 57/57/57 76/76/76
f 57/57/57 58/58/58 76/76/76
f 58/58/58 77/77/77 76/76/76
f 76/76/76 77/77/77 78/78/78
f 77/77/77 79/79/79 78/78/78
f 78/78/78 80/80/80 76/76/76
f 76/76/76 80/80/80 75/75/75
f 80/80/80 81/81/81 75/75/75
f 75/75/75 81/81/81 74/74/74
f 81/81/81 82/82/82 74/74/74
f 74/74/74 82/82/82 73/73/73
f 82/82/82 83/83/83 73/73/73
f 73/73/73 83/83/83 72/72/72
f 83/83/83 84/84/84 72/72/72
f 72/72/72 84/84/84 71/71/71
f 71/71/71 84/84/84 70/70/70
f 84/84/84 85/85/85 70/70/70
f 70/70/70 85/85/85 68/68/68
f 68/68/68 85/85/85 69/69/69
f 85/85/85 86/86/86 69/69/69
f 69/69/69 86/86/86 87/87/87
f 86/86/86 85/85/85 88/88/88
f 85/85/85 84/84/84 88/88/88
f 84/84/84 83/83/83 88/88/88
f 88/88/88 83/83/83 89/89/89
f 83/83/83 82/82/82 89/89/89
f 89/89/89 82/82/82 90/90/90
f 82/82/82 81/81/81 90/90/90
f 90/90/90 81/81/81 91/91/91
f 81/81/81 80/80/80 91/91/91
f 91/91/91 80/80/80 92/92/92
f 80/80/80 78/78/78 92/92/92
f 92/92/92 78/78/78 93/93/93
f 78/78/78 79/79/79 93/93/93
f 79/79/79 94/94/94 93/93/93
f 93/93/93 94/94/94 95/95/95
f 94/94/94 96/96/96 95/95/95
f 95/95/95 97/97/97 93/93/93
f 93/93/93 97/97/97 92/92/92
f 97/97/97 98/98/98 92/92/92
f 92/92/92 98/98/98 91/91/91
f 98/98/98 99/99/99 91/91/91
f 91/91/91 99/99/99 90/90/90
f 99/99/99 100/100/100 90/90/90
f 90/90/90 100/100/100 89/89/89
f 100/100/100 101/101/101 89/89/89
f 89/89/89 101/101/101 88/88/88
f 88/88/88 101/101/101 86/86/86
f 101/101/101 102/102/102 86/86/86
f 86/86/86 102/102/102 87/87/87
f 87/87/87 102/102/102 103/103/103
f 102/102/102 104/104/104 103/103/103
f 103/103/103 104/104/104 105/105/105
f 104/104/104 102/102/102 106/106/106
f 102/102/102 101/101/101 106/106/106
f 101/101/101 100/100/100 106/106/106
f 106/106/106 100/100/100 107/107/107
f 100/100/100 99/99/99 107/107/107
f 107/107/107 99/99/99 108/108/108
f 99/99/99 98/98/98 108/108/108
f 108/108/108 98/98/98 109/109/109
f 98/98/98 97/97/97 109/109/109
f 109/109/109 97/97/97 110/110/110
f 97/97/97 95/95/95 110/110/110
f 110/110/110 95/95/95 111/111/111
f 95/95/95 96/96/96 111/111/111
f 96/96/96 112/112/112 111/111/111
f 111/111/111 112/112/112 113/113/113
f 112/112/112 114/114/114 113/113/113
f 113/113/113 115/115/115 111/111/111
f 111/111/111 115/115/115 110/110/110
f 115/115/115 116/116/116 110/110/110
f 110/110/110 116/116/116 109/109/109
f 116/116/116 117/117/117 109/109/109
f 109/109/109 117/117/117 108/108/108
f 117/117/117 118/118/118 108/108/108
f 108/108/108 118/118/118 107/107/107
f 118/118/118 119/119/119 107/107/107
f 107/107/107 119/119/119 106/106/106
f 106/106/106 119/119/119 104/104/104
f 119/119/119 120/120/120 104/104/104
f 104/104/104 120/120/120 105/105/105
f 105/105/105 120/120/120 121/121/121
f 120/120/120 122/122/122 121/121/121
f 121/121/121 122/122/122 123/123/123
f 122/122/122 120/120/120 124/124/124
f 120/120/120 119/119/119 124/124/124
f 119/119/119 118/118/118 124/124/124
f 124/124/124 118/118/118 125/125/125
f 118/118/118 117/117/117 125/125/125
f 125/125/125 117/117/117 126/126/126
f 117/117/117 116/116/116 126/126/126
f 126/126/126 116/116/116 127/127/127
f 116/116/116 115/115/115 127/127/127
f 127/127/127 115/115/115 128/128/128
f 115/115/115 113/113/113 128/128/128
f 128/128/128 113/113/113 129/129/129
f 113/113/113 114/114/114 129/129/129
f 114/114/114 130/130/130 129/129/129
f 129/129/129 130/130/130 131/131/131
f 130/130/130 132/132/132 131/131/131
f 131/131/131 133/133/133 129/129/129
f 129/129/129 133/133/133 128/128/128
f 133/133/133 134/134/134 128/128/128
f 128/128/128 134/134/134 127/127/127
f 134/134/134 135/135/135 127/127/127
f 127/127/127 135/135/135 126/126/126
f 135/135/135 136/136/136 126/126/126
f 126/126/126 136/136/136 125/125/125
f 136/136/136 137/137/137 125/125/125
f 125/125/125 137/137/137 124/124/124
f 124/124/124 137/137/137 122/122/122
f 137/137/137 138/138/138 122/122/122
f 122/122/122 138/138/138 123/123/123
f 123/123/123 138/138/138 139/139/139
f 138/138/138 140/140/140 139/139/139
f 139/139/139 140/140/140 141/141/141
f 140/140/140 138/138/138 142/142/142
f 138/138/138 137/137/137 142/142/142
f 137/137/137 136/136/136 142/142/142
f 142/142/142 136/136/136 143/143/143
f 136/136/136 135/135/135 143/143/143
f 143/143/143 135/135/135 144/144/144
f 135/135/135 134/134/134 144/144/144
f 144/144/144 134/134/134 145/145/145
f 134/134/134 133/133/133 145/145/145
f 145/145/145 133/133/133 146/146/146
f 133/133/133 131/131/131 146/146/146
f 146/146/146 131/131/131 147/147/147
f 131/131/131 132/132/132 147/147/147
f 132/132/132 148/148/148 147/147/147
f 147/147/147 148/148/148 149/149/149
f 148/148/148 150/150/150 149/149/149
f 149/149/149 151/151/151 147/147/147
f 147/147/147 151/151/151 146/146/146
f 151/151/151 152/152/152 146/146/146
f 146/146/146 152/152/152 145/145/145
f 152/152/152 153/153/153 145/145/145
f 145/145/145 153/153/153 144/144/144
f 153/153/153 154/154/154 144/144/144
f 144/144/144 154/154/154 143/143/143
f 154/154/154 155/155/155 143/143/143
f 143/143/143 155/155/155 142/142/142
f 142/142/142 155/155/155 140/140/140
f 155/155/155 156/156/156 140/140/140
f 140/140/140 156/156/156 141/141/141
f 141/141/141 156/156/156 157/157/157
f 156/156/156 158/158/158 157/157/157
f 157/157/157 158/158/158 159/159/159
f 158/158/158 156/156/156 160/160/160
f 156/156/156 155/155/155 160/160/160
f 155/155/155 154/154/154 160/160/160
f 160/160/160 154/154/154 161/161/161
f 154/154/154 153/153/153 161/161/161
f 161/161/161 153/153/153 162/162/162
f 153/153/153 152/152/152 162/162/162
f 162/162/162 152/152/152 163/163/163
f 152/152/152 151/151/151 163/163/163
f 163/163/163 151/151/151 164/164/164
f 151/151/151 149/149/149 164/164/164
f 164/164/164 149/149/149 165/165/165
f 149/149/149 150/150/150 165/165/165
f 150/150/150 166/166/166 165/165/165
f 165/165/165 166/166/166 167/167/167
f 166/166/166 168/168/168 167/167/167
f 167/167/167 169/169/169 165/165/165
f 165/165/165 169/169/169 164/164/164
f 169/169/169 170/170/170 164/164/164
f 164/164/164 170/170/170 163/163/163
f 170/170/170 171/171/171 163/163/163
f 163/163/163 171/171/171 162/162/162
f 171/171/171 172/172/172 162/162/162
f 162/162/162 172/172/172 161/161/161
f 172/172/172 173/173/173 161/161/161
f 161/161/161 173/173/173 160/160/160
f 160/160/160 173/173/173 158/158/158
f 173/173/173 174/174/174 158/158/158
f 158/158/158 174/174/174 159/159/159
f 159/159/159 174/174/174 175/175/175
f 174/174/174 176/176/176 175/175/175
f 175/175/175 176/176/176 177/177/177
f 176/176/176 174/174/174 178/178/178
f 174/174/174 173/173/173 178/178/178
f 173/173/173 172/172/172 178/178/178
f 178/178/178 172/172/172 179/179/179
f 172/172/172 171/171/171 179/179/179
f 179/179/179 171/171/171 180/180/180
f 171/171/171 170/170/170 180/180/180
f 180/180/180 170/170/170 181/181/181
f 170/170/170 169/169/169 181/181/181
f 181/181/181 169/169/169 182/182/182
f 169/169/169 167/167/167 182/182/182
f 182/182/182 167/167/167 183/183/183
f 167/167/167 168/168/168 183/183/183
f 168/168/168 184/184/184 183/183/183
f 183/183/183 184/184/184 185/185/185
f 184/184/184 186/186/186 185/185/185
f 185/185/185 187/187/187 183/183/183
f 183/183/183 187/187/187 182/182/182
f 187/187/187 188/188/188 182/182/182
f 182/182/182 188/188/188 181/181/181
f 188/188/188 189/189/189 181/181/181
f 181/181/181 189/189/189 180/180/180
f 189/189/189 190/190/190 180/180/180
f 180/180/180 190/190/190 179/179/179
f 190/190/190 191/191/191 179/179/179
f 179/179/179 191/191/191 178/178/178
f 178/178/178 191/191/191 176/176/176
f 191/191/191 192/192/192 176/176/176
f 176/176/176 192/192/192 177/177/177
f 177/177/177 192/192/192 193/193/193
f 192/192/192 194/194/194 193/193/193
f 193/193/193 194/194/194 195/195/195
f 194/194/194 192/192/192 196/196/196
f 192/192/192 191/191/191 196/196/196
f 191/191/191 190/190/190 196/196/196
f 196/196/196 190/190/190 197/197/197
f 190/190/190 189/189/189 197/197/197
f 197/197/197 189/189/189 198/198/198
f 189/189/189 188/188/188 198/198/198
f 198/198/198 188/188/188 199/199/199
f 188/188/188 187/187/187 199/199/199
f 199/199/199 187/187/187 200/200/200
f 187/187/187 185/185/185 200/200/200
f 200/200/200 185/185/185 201/201/201
f 185/185/185 186/186/186 201/201/201
f 186/186/186 202/202/202 201/201/201
f 201/201/201 202/202/202 203/203/203
f 202/202/202 204/204/204 203/203/203
f 203/203/203 205/205/205 201/201/201
f 201/201/201 205/205/205 200/200/200
f 205/205/205 206/206/206 200/200/200
f 200/200/200 206/206/206 199/199/199
f 206/206/206 207/207/207 199/199/199
f 199/199/199 207/207/207 198/198/198
f 207/207/207 208/208/208 198/198/198
f 198/198/198 208/208/208 197/197/197
f 208/208/208 209/209/209 197/197/197
f 197/197/197 209/209/209 196/196/196
f 196/196/196 209/209/209 194/194/194
f 209/209/209 210/210/210 194/194/194
f 194/194/194 210/210/210 195/195/195
f 195/195/195 210/210/210 211/211/211
f 210/210/210 212/212/212 211/211/211
f 211/211/211 212/212/212 213/213/213
f 212/212/212 210/210/210 214/214/214
f 210/210/210 209/209/209 214/214/214
f 209/209/209 208/208/208 214/214/214
f 214/214/214 208/208/208 215/215/215
f 208/208/208 207/207/207 215/215/215
f 215/215/215 207/207/207 216/216/216
f 207/207/207 206/206/206 216/216/216
f 216/216/216 206/206/206 217/217/217
f 206/206/206 205/205/205 217/217/217
f 217/217/217 205/205/205 218/218/218
f 205/205/205 203/203/203 218/218/218
f 218/218/218 203/203/203 219/219/219
f 203/203/203 204/204/204 219/219/219
f 204/204/204 220/220/220 219/219/219
f 219/219/219 220/220/220 221/221/221
f 220/220/220 222/222/222 221/221/221
f 221/221/221 223/223/223 219/219/219
f 219/219/219 223/223/223 218/218/218
f 223/223/223 224/224/224 218/218/218
f 218/218/218 224/224/224 217/217/217
f 224/224/224 225/225/225 217/217/217
f 217/217/217 225/225/225 216/216/216
f 225/225/225 226/226/226 216/216/216
f 216/216/216 226/226/226 215/215/215
f 226/226/226 227/227/227 215/215/215
f 215/215/215 227/227/227 214/214/214
f 214/214/214 227/227/227 212/212/212
f 227/227/227 228/228/228 212/212/212
f 212/212/212 228/228/228 213/213/213
f 213/213/213 228/228/228 229/229/229
f 228/228/228 230/230/230 229/229/229
f 229/229/229 230/230/230 231/231/231
f 230/230/230 228/228/228 232/232/232
f 228/228/228 227/227/227 232/232/232
f 227/227/227 226/226/226 232/232/232
f 232/232/232 226/226/226 233/233/233
f 226/226/226 225/225/225 233/233/233
f 233/233/233 225/225/225 234/234/234
f 225/225/225 224/224/224 234/234/234
f 234/234/234 224/224/224 235/235/235
f 224/224/224 223/223/223 235/235/235
f 235/235/235 223/223/223 236/236/236
f 223/223/223 221/221/221 236/236/236
f 236/236/236 221/221/221 237/237/237
f 221/221/221 222/222/222 237/237/237
f 222/222/222 238/238/238 237/237/237
f 237/237/237 238/238/238 239/239/239
f 238/238/238 240/240/240 239/239/239
f 239/239/239 241/241/241 237/237/237
f 237/237/237 241/241/241 236/236/236
f 241/241/241 242/242/242 236/236/236
f 236/236/236 242/242/242 235/235/235
f 242/242/242 243/243/243 235/235/235
f 235/235/235 243/243/243 234/234/234
f 243/243/243 244/244/244 234/234/234
f 234/234/234 244/244/244 233/233/233
f 244/244/244 245/245/245 233/233/233
f 233/233/233 245/245/245 232/232/232
f 232/232/232 245/245/245 230/230/230
f 245/245/245 246/246/246 230/230/230
f 230/230/230 246/246/246 231/231/231
f 231/231/231 246/246/246 247/247/247
f 246/246/246 248/248/248 247/247/247
f 247/247/247 248/248/248 249/249/249
f 248/248/248 246/246/246 250/250/250
f 246/246/246 245/245/245 250/250/250
f 245/245/245 244/244/244 250/250/250
f 250/250/250 244/244/244 251/251/251
f 244/244/244 243/243/243 251/251/251
f 251/251/251 243/243/243 252/252/252
f 243/243/243 242/242/242 252/252/252
f 252/252/252 242/242/242 253/253/253
f 242/242/242 241/241/241 253/253/253
f 253/253/253 241/241/241 254/254/254
f 241/241/241 239/239/239 254/254/254
f 254/254/254 239/239/239 255/255/255
f 239/239/239 240/240/240 255/255/255
f 240/240/240 256/256/256 255/255/255
f 255/255/255 256/256/256 257/257/257
f 256/256/256 258/258/258 257/257/257
f 257/257/257 259/259/259 255/255/255
f 255/255/255 259/259/259 254/254/254
f 259/259/259 260/260/260 254/254/254
f 254/254/254 260/260/260 253/253/253
f 260/260/260 261/261/261 253/253/253
f 253/253/253 261/261/261 252/252/252
f 261/261/261 262/262/262 252/252/252
f 252/252/252 262/262/262 251/251/251
f 262/262/262 263/263/263 251/251/251
f 251/251/251 263/263/263 250/250/250
f 250/250/250 263/263/263 248/248/248
f 263/263/263 264/264/264 248/248/248
f 248/248/248 264/264/264 249/249/249
f 249/249/249 264/264/264 265/265/265
f 264/264/264 266/266/266 265/265/265
f 265/265/265 266/266/266 267/267/267
f 266/266/266 264/264/264 268/268/268
f 264/264/264 263/263/263 268/268/268
f 263/263/263 262/262/262 268/268/268
f 268/268/268 262/262/262 269/269/269
f 262/262/262 261/261/261 269/269/269
f 269/269/269 261/261/261 270/270/270
f 261/261/261 260/260/260 270/270/270
f 270/270/270 260/260/260 271/271/271
f 260/260/260 259/259/259 271/271/271
f 271/271/271 259/259/259 272/272/272
f 259/259/259 257/257/257 272/272/272
f 272/272/272 257/257/257 273/273/273
f 257/257/257 258/258/258 273/273/273
f 258/258/258 274/274/274 273/273/273
f 273/273/273 274/274/274 275/275/275
f 274/274/274 276/276/276 275/275/275
f 275/275/275 277/277/277 273/273/273
f 273/273/273 277/277/277 272/272/272
f 277/277/277 278/278/278 272/272/272
f 272/272/272 278/278/278 271/271/271
f 278/278/278 279/279/279 271/271/271
f 271/271/271 279/279/279 270/270/270
f 279/279/279 280/280/280 270/270/270
f 270/270/270 280/280/280 269/269/269
f 280/280/280 281/281/281 269/269/269
f 269/269/269 281/281/281 268/268/268
f 268/268/268 281/281/281 266/266/266
f 281/281/281 282/282/282 266/266/266
f 266/266/266 282/282/282 267/267/267
f 267/267/267 282/282/282 283/283/283
f 282/282/282 284/284/284 283/283/283
f 283/283/283 284/284/284 285/285/285
f 284/284/284 282/282/282 286/286/286
f 282/282/282 281/281/281 286/286/286
f 281/281/281 280/280/280 286/286/286
f 286/286/286 280/280/280 287/287/287
f 280/280/280 279/279/279 287/287/287
f 287/287/287 279/279/279 288/288/288
f 279/279/279 278/278/278 288/288/288
f 288/288/288 278/278/278 289/289/289
f 278/278/278 277/277/277 289/289/289
f 289/289/289 277/277/277 290/290/290
f 277/277/277 275/275/275 290/290/290
f 290/290/290 275/275/275 291/291/291
f 275/275/275 276/276/276 291/291/291
f 276/276/276 292/292/292 291/291/291
f 291/291/291 292/292/292 293/293/293
f 292/292/292 294/294/294 293/293/293
f 293/293/293 295/295/295 291/291/291
f 291/291/291 295/295/295 290/290/290
f 295/295/295 296/296/296 290/290/290
f 290/290/290 296/296/296 289/289/289
f 296/296/296 297/297/297 289/289/289
f 289/289/289 297/297/297 288/288/288
f 297/297/297 298/298/298 288/288/288
f 288/288/288 298/298/298 287/287/287
f 298/298/298 299/299/299 287/287/287
f 287/287/287 299/299/299 286/286/286
f 286/286/286 299/299/299 284/284/284
f 299/299/299 300/300/300 284/284/284
f 284/284/284 300/300/300 285/285/285
f 285/285/285 300/300/300 301/301/301
f 300/300/300 302/302/302 301/301/301
f 301/301/301 302/302/302 303/303/303
f 302/302/302 300/300/300 304/304/304
f 300/300/300 299/299/299 304/304/304
f 299/299/299 298/298/298 304/304/304
f 304/304/304 298/298/298 305/305/305
f 298/298/298 297/297/297 305/305/305
f 305/305/305 297/297/297 306/306/306
f 297/297/297 296/296/296 306/306/306
f 306/306/306 296/296/296 307/307/307
f 296/296/296 295/295/295 307/307/307
f 307/307/307 295/295/295 308/308/308
f 295/295/295 293/293/293 308/308/308
f 308/308/308 293/293/293 309/309/309
f 293/293/293 294/294/294 309/309/309
f 294/294/294 310/310/310 309/309/309
f 309/309/309 310/310/310 311/311/311
f 310/310/310 312/312/312 311/311/311
f 311/311/311 313/313/313 309/309/309
f 309/309/309 313/313/313 308/308/308
f 313/313/313 314/314/314 308/308/308
f 308/308/308 314/314/314 307/307/307
f 314/314/314 315/315/315 307/307/307
f 307/307/307 315/315/315 306/306/306
f 315/315/315 316/316/316 306/306/306
f 306/306/306 316/316/316 305/305/305
f 316/316/316 317/317/317 305/305/305
f 305/305/305 317/317/317 304/304/304
f 304/304/304 317/317/317 302/302/302
f 317/317/317 318/318/318 302/302/302
f 302/302/302 318/318/318 303/303/303
f 303/303/303 318/318/318 319/319/319
f 318/318/318 320/320/320 319/319/319
f 319/319/319 320/320/320 321/321/321
f 320/320/320 318/318/318 322/322/322
f 318/318/318 317/317/317 322/322/322
f 317/317/317 316/316/316 322/322/322
f 322/322/322 316/316/316 323/323/323
f 316/316/316 315/315/315 323/323/323
f 323/323/323 315/315/315 324/324/324
f 315/315/315 314/314/314 324/324/324
f 324/324/324 314/314/314 325/325/325
f 314/314/314 313/313/313 325/325/325
f 325/325/325 313/313/313 326/326/326
f 313/313/313 311/311/311 326/326/326
f 326/326/326 311/311/311 327/327/327
f 311/311/311 312/312/312 327/327/327
f 312/312/312 328/328/328 327/327/327
f 327/327/327 328/328/328 329/329/329
f 328/328/328 330/330/330 329/329/329
f 329/329/329 331/331/331 327/327/327
f 327/327/327 331/331/331 326/326/326
f 331/331/331 332/332/332 326/326/326
f 326/326/326 332/332/332 325/325/325
f 332/332/332 333/333/333 325/325/325
f 325/325/325 333/333/333 324/324/324
f 333/333/333 334/334/334 324/324/324
f 324/324/324 334/334/334 323/323/323
f 334/334/334 335/335/335 323/323/323
f 323/323/323 335/335/335 322/322/322
f 322/322/322 335/335/335 320/320/320
f 335/335/335 336/336/336 320/320/320
f 320/320/320 336/336/336 321/321/321
f 321/321/321 336/336/336 337/337/337
f 336/336/336 338/338/338 337/337/337
f 337/337/337 338/338/338 339/339/339
f 338/338/338 336/336/336 340/340/340
f 336/336/336 335/335/335 340/340/340
f 335/335/335 334/334/334 340/340/340
f 340/340/340 334/334/334 341/341/341
f 334/334/334 333/333/333 341/341/341
f 341/341/341 333/333/333 342/342/342
f 333/333/333 332/332/332 342/342/342
f 342/342/342 332/332/332 343/343/343
f 332/332/332 331/331/331 343/343/343
f 343/343/343 331/331/331 344/344/344
f 331/331/331 329/329/329 344/344/344
f 344/344/344 329/329/329 345/345/345
f 329/329/329 330/330/330 345/345/345
f 330/330/330 346/346/346 345/345/345
f 345/345/345 346/346/346 347/347/347
f 346/346/346 348/348/348 347/347/347
f 347/347/347 349/349/349 345/345/345
f 345/345/345 349/349/349 344/344/344
f 349/349/349 350/350/350 344/344/344
f 344/344/344 350/350/350 343/343/343
f 350/350/350 351/351/351 343/343/343
f 343/343/343 351/351/351 342/342/342
f 351/351/351 352/352/352 342/342/342
f 342/342/342 352/352/352 341/341/341
f 352/352/352 353/353/353 341/341/341
f 341/341/341 353/353/353 340/340/340
f 340/340/340 353/353/353 338/338/338
f 353/353/353 354/354/354 338/338/338
f 338/338/338 354/354/354 339/339/339
f 339/339/339 354/354/354 355/355/355
f 354/354/354 356/356/356 355/355/355
f 355/355/355 356/356/356 357/357/357
f 356/356/356 354/354/354 358/358/358
f 354/354/354 353/353/353 358/358/358
f 353/353/353 352/352/352 358/358/358
f 358/358/358 352/352/352 359/359/359
f 352/352/352 351/351/351 359/359/359
f 359/359/359 351/351/351 360/360/360
f 351/351/351 350/350/350 360/360/360
f 360/360/360 350/350/350 361/361/361
f 350/350/350 349/349/349 361/361/361
f 361/361/361 349/349/349 362/362/362
f 349/349/349 347/347/347 362/362/362
f 362/362/362 347/347/347 363/363/363
f 347/347/347 348/348/348 363/363/363
f 348/348/348 364/364/364 363/363/363
f 363/363/363 364/364/364 365/365/365
f 364/364/364 366/366/366 365/365/365
f 365/365/365 367/367/367 363/363/363
f 363/363/363 367/367/367 362/362/362
f 367/367/367 368/368/368 362/362/362
f 362/362/362 368/368/368 361/361/361
f 368/368/368 369/369/369 361/361/361
f 361/361/361 369/369/369 360/360/360
f 369/369/369 370/370/370 360/360/360
f 360/360/360 370/370/370 359/359/359
f 370/370/370 371/371/371 359/359/359
f 359/359/359 371/371/371 358/358/358
f 358/358/358 371/371/371 356/356/356
f 371/371/371 372/372/372 356/356/356
f 356/356/356 372/372/372 357/357/357
f 357/357/357 372/372/372 373/373/373
f 372/372/372 374/374/374 373/373/373
f 373/373/373 374/374/374 375/375/375
f 374/374/374 372/372/372 376/376/376
f 372/372/372 371/371/371 376/376/376
f 371/371/371 370/370/370 376/376/376
f 376/376/376 370/370/370 377/377/377
f 370/370/370 369/369/369 377/377/377
f 377/377/377 369/369/369 378/378/378
f 369/369/369 368/368/368 378/378/378
f 378/378/378 368/368/368 379/379/379
f 368/368/368 367/367/367 379/379/379
f 379/379/379 367/367/367 380/380/380
f 367/367/367 365/365/365 380/380/380
f 380/380/380 365/365/365 381/381/381
f 365/365/365 366/366/366 381/381/381
f 366/366/366 382/382/382 381/381/381
f 381/381/381 382/382/382 383/383/383
f 382/382/382 384/384/384 383/383/383
f 383/383/383 385/385/385 381/381/381
f 381/381/381 385/385/385 380/380/380
f 385/385/385 386/386/386 380/380/380
f 380/380/380 386/386/386 379/379/379
f 386/386/386 387/387/387 379/379/379
f 379/379/379 387/387/387 378/378/378
f 387/387/387 388/388/388 378/378/378
f 378/378/378 388/388/388 377/377/377
f 388/388/388 389/389/389 377/377/377
f 377/377/377 389/389/389 376/376/376
f 376/376/376 389/389/389 374/374/374
f 389/389/389 390/390/390 374/374/374
f 374/374/374 390/390/390 375/375/375
f 375/375/375 390/390/390 391/391/391
f 390/390/390 392/392/392 391/391/391
f 391/391/391 392/392/392 393/393/393
f 392/392/392 390/390/390 394/394/394
f 390/390/390 389/389/389 394/394/394
f 389/389/389 388/388/388 394/394/394
f 394/394/394 388/388/388 395/395/395
f 388/388/388 387/387/387 395/395/395
f 395/395/395 387/387/387 396/396/396
f 387/387/387 386/386/386 396/396/396
f 396/396/396 386/386/386 397/397/397
f 386/386/386 385/385/385 397/397/397
f 397/397/397 385/385/385 398/398/398
f 385/385/385 383/383/383 398/398/398
f 398/398/398 383/383/383 399/399/399
f 383/383/383 384/384/384 399/399/399
f 384/384/384 400/400/400 399/399/399
f 399/399/399 400/400/400 401/401/401
f 400/400/400 402/402/402 401/401/401
f 401/401/401 403/403/403 399/399/399
f 399/399/399 403/403/403 398/398/398
f 403/403/403 404/404/404 398/398/398
f 398/398/398 404/404/404 397/397/397
f 404/404/404 405/405/405 397/397/397
f 397/397/397 405/405/405 396/396/396
f 405/405/405 406/406/406 396/396/396
f 396/396/396 406/406/406 395/395/395
f 406/406/406 407/407/407 395/395/395
f 395/395/395 407/407/407 394/394/394
f 394/394/394 407/407/407 392/392/392
f 407/407/407 408/408/408 392/392/392
f 392/392/392 408/408/408 393/393/393
f 393/393/393 408/408/408 409/409/409
f 408/408/408 410/410/410 409/409/409
f 409/409/409 410/410/410 411/411/411
f 410/410/410 408/408/408 412/412/412
f 408/408/408 407/407/407 412/412/412
f 407/407/407 406/406/406 412/412/412
f 412/412/412 406/406/406 413/413/413
f 406/406/406 405/405/405 413/413/413
f 413/413/413 405/405/405 414/414/414
f 405/405/405 404/404/404 414/414/414
f 414/414/414 404/404/404 415/415/415
f 404/404/404 403/403/403 415/415/415
f 415/415/415 403/403/403 416/416/416
f 403/403/403 401/401/401 416/416/416
f 416/416/416 401/401/401 417/417/417
f 401/401/401 402/402/402 417/417/417
f 402/402/402 418/418/418 417/417/417
f 417/417/417 418/418/418 419/419/419
f 418/418/418 420/420/420 419/419/419
f 419/419/419 421/421/421 417/417/417
f 417/417/417 421/421/421 416/416/416
f 421/421/421 422/422/422 416/416/416
f 416/416/416 422/422/422 415/415/415
f 422/422/422 423/423/423 415/415/415
f 415/415/415 423/423/423 414/414/414
f 423/423/423 424/424/424 414/414/414
f 414/414/414 424/424/424 413/413/413
f 424/424/424 425/425/425 413/413/413
f 413/413/413 425/425/425 412/412/412
f 412/412/412 425/425/425 410/410/410
f 425/425/425 426/426/426 410/410/410
f 410/410/410 426/426/426 411/411/411
f 411/411/411 426/426/426 427/427/427
f 426/426/426 428/428/428 427/427/427
f 427/427/427 428/428/428 429/429/429
f 428/428/428 426/426/426 430/430/430
f 426/426/426 425/425/425 430/430/430
f 425/425/425 424/424/424 430/430/430
f 430/430/430 424/424/424 431/431/431
f 424/424/424 423/423/423 431/431/431
f 431/431/431 423/423/423 432/432/432
f 423/423/423 422/422/422 432/432/432
f 432/432/432 422/422/422 433/433/433
f 422/422/422 421/421/421 433/433/433
f 433/433/433 421/421/421 434/434/434
f 421/421/421 419/419/419 434/434/434
f 434/434/434 419/419/419 435/435/435
f 419/419/419 420/420/420 435/435/435
f 420/420/420 436/436/436 435/435/435
f 435/435/435 436/436/436 437/437/437
f 436/436/436 438/438/438 437/437/437
f 437/437/437 439/439/439 435/435/435
f 435/435/435 439/439/439 434/434/434
f 439/439/439 440/440/440 434/434/434
f 434/434/434 440/440/440 433/433/433
f 440/440/440 441/441/441 433/433/433
f 433/433/433 441/441/441 432/432/432
f 441/441/441 442/442/442 432/432/432
f 432/432/432 442/442/442 431/431/431
f 442/442/442 443/443/443 431/431/431
f 431/431/431 443/443/443 430/430/430
f 430/430/430 443/443/443 428/428/428
f 443/443/443 444/444/444 428/428/428
f 428/428/428 444/444/444 429/429/429
f 429/429/429 444/444/444 445/445/445
f 444/444/444 446/446/446 445/445/445
f 445/445/445 446/446/446 447/447/447
f 446/446/446 444/444/444 448/448/448
f 444/444/444 443/443/443 448/448/448
f 443/443/443 442/442/442 448/448/448
f 448/448/448 442/442/442 449/449/449
f 442/442/442 441/441/441 449/449/449
f 449/449/449 441/441/441 450/450/450
f 441/441/441 440/440/440 450/450/450
f 450/450/450 440/440/440 451/451/451
f 440/440/440 439/439/439 451/451/451
f 451/451/451 439/439/439 452/452/452
f 439/439/439 437/437/437 452/452/452
f 452/452/452 437/437/437 453/453/453
f 437/437/437 438/438/438 453/453/453
f 438/438/438 454/454/454 453/453/453
f 453/453/453 454/454/454 455/455/455
f 454/454/454 456/456/456 455/455/455
f 455/455/455 457/457/457 453/453/453
f 453/453/453 457/457/457 452/452/452
f 457/457/457 458/458/458 452/452/452
f 452/452/452 458/458/458 451/451/451
f 458/458/458 459/459/459 451/451/451
f 451/451/451 459/459/459 450/450/450
f 459/459/459 460/460/460 450/450/450
f 450/450/450 460/460/460 449/449/449
f 460/460/460 461/461/461 449/449/449
f 449/449/449 461/461/461 448/448/448
f 448/448/448 461/461/461 446/446/446
f 461/461/461 462/462/462 446/446/446
f 446/446/446 462/462/462 447/447/447
f 447/447/447 462/462/462 463/463/463
f 462/462/462 464/464/464 463/463/463
f 463/463/463 464/464/464 465/465/465
f 464/464/464 462/462/462 466/466/466
f 462/462/462 461/461/461 466/466/466
f 461/461/461 460/460/460 466/466/466
f 466/466/466 460/460/460 467/467/467
f 460/460/460 459/459/459 467/467/467
f 467/467/467 459/459/459 468/468/468
f 459/459/459 458/458/458 468/468/468
f 468/468/468 458/458/458 469/469/469
f 458/458/458 457/457/457 469/469/469
f 469/469/469 457/457/457 470/470/470
f 457/457/457 455/455/455 470/470/470
f 470/470/470 455/455/455 471/471/471
f 455/455/455 456/456/456 471/471/471
f 456/456/456 472/472/472 471/471/471
f 471/471/471 472/472/472 473/473/473
f 472/472/472 474/474/474 473/473/473
f 473/473/473 475/475/475 471/471/471
f 471/471/471 475/475/475 470/470/470
f 475/475/475 476/476/476 470/470/470
f 470/470/470 476/476/476 469/469/469
f 476/476/476 477/477/477 469/469/469
f 469/469/469 477/477/477 468/468/468
f 477/477/477 478/478/478 468/468/468
f 468/468/468 478/478/478 467/467/467
f 478/478/478 479/479/479 467/467/467
f 467/467/467 479/479/479 466/466/466
f 466/466/466 479/479/479 464/464/464
f 479/479/479 480/480/480 464/464/464
f 464/464/464 480/480/480 465/465/465
f 465/465/465 480/480/480 481/481/481
f 480/480/480 482/482/482 481/481/481
f 481/481/481 482/482/482 483/483/483
f 482/482/482 480/480/480 484/484/484
f 480/480/480 479/479/479 484/484/484
f 479/479/479 478/478/478 484/484/484
f 484/484/484 478/478/478 485/485/485
f 478/478/478 477/477/477 485/485/485
f 485/485/485 477/477/477 486/486/486
f 477/477/477 476/476/476 486/486/486
f 486/486/486 476/476/476 487/487/487
f 476/476/476 475/475/475 487/487/487
f 487/487/487 475/475/475 488/488/488
f 475/475/475 473/473/473 488/488/488
f 488/488/488 473/473/473 489/489/489
f 473/473/473 474/474/474 489/489/489
f 474/474/474 490/490/490 489/489/489
f 489/489/489 490/490/490 491/491/491
f 490/490/490 492/492/492 491/491/491
f 491/491/491 493/493/493 489/489/489
f 489/489/489 493/493/493 488/488/488
f 493/493/493 494/494/494 488/488/488
f 488/488/488 494/494/494 487/487/487
f 494/494/494 495/495/495 487/487/487
f 487/487/487 495/495/495 486/486/486
f 495/495/495 496/496/496 486/486/486
f 486/486/486 496/496/496 485/485/485
f 496/496/496 497/497/497 485/485/485
f 485/485/485 497/497/497 484/484/484
f 484/484/484 497/497/497 482/482/482
f 497/497/497 498/498/498 482/482/482
f 482/482/482 498/498/498 483/483/483
f 483/483/483 498/498/498 499/499/499
f 498/498/498 500/500/500 499/499/499
f 499/499/499 500/500/500 501/501/501
f 500/500/500 498/498/498 502/502/502
f 498/498/498 497/497/497 502/502/502
f 497/497/497 496/496/496 502/502/502
f 502/502/502 496/496/496 503/503/503
f 496/496/496 495/495/495 503/503/503
f 503/503/503 495/495/495 504/504/504
f 495/495/495 494/494/494 504/504/504
f 504/504/504 494/494/494 505/505/505
f 494/494/494 493/493/493 505/505/505
f 505/505/505 493/493/493 506/506/506
f 493/493/493 491/491/491 506/506/506
f 506/506/506 491/491/491 507/507/507
f 491/491/491 492/492/492 507/507/507
f 492/492/492 508/508/508 507/507/507
f 507/507/507 508/508/508 509/509/509
f 509/509/509 508/508/508 510/510/510
f 508/508/508 511/511/511 510/510/510
f 510/510/510 511/511/511 512/512/512
f 511/511/511 513/513/513 512/512/512
f 512/512/512 513/513/513 514/514/514
f 513/513/513 515/515/515 514/514/514
f 514/514/514 515/515/515 516/516/516
f 515/515/515 517/517/517 516/516/516
f 516/516/516 517/517/517 518/518/518
f 517/517/517 519/519/519 518/518/518
f 519/519/519 520/520/520 518/518/518
f 518/518/518 520/520/520 521/521/521
f 520/520/520 522/522/522 521/521/521
f 521/521/521 522/522/522 523/523/523
f 522/522/522 524/524/524 523/523/523
f 524/524/524 525/525/525 523/523/523
f 523/523/523 525/525/525 514/514/514
f 514/514/514 525/525/525 512/512/512
f 525/525/525 526/526/526 512/512/512
f 512/512/512 526/526/526 510/510/510
f 518/518/518 521/521/521 516/516/516
f 521/521/521 523/523/523 516/516/516
f 516/516/516 523/523/523 514/514/514
f 520/520/520 527/527/527 522/522/522
f 522/522/522 527/527/527 524/524/524
f 527/527/527 528/528/528 524/524/524
f 528/528/528 529/529/529 524/524/524
f 524/524/524 529/529/529 525/525/525
f 529/529/529 526/526/526 525/525/525
f 528/528/528 527/527/527 530/530/530
f 527/527/527 520/520/520 530/530/530
f 530/530/530 520/520/520 531/531/531
f 520/520/520 532/532/532 531/531/531
f 531/531/531 532/532/532 533/533/533
f 532/532/532 534/534/534 533/533/533
f 533/533/533 534/534/534 535/535/535
f 534/534/534 536/536/536 535/535/535
f 535/535/535 536/536/536 537/537/537
f 536/536/536 538/538/538 537/537/537
f 537/537/537 538/538/538 539/539/539
f 538/538/538 540/540/540 539/539/539
f 539/539/539 540/540/540 541/541/541
f 540/540/540 542/542/542 541/541/541
f 541/541/541 542/542/542 543/543/543
f 542/542/542 544/544/544 543/543/543
f 544/544/544 545/545/545 543/543/543
f 543/543/543 545/545/545 546/546/546
f 545/545/545 547/547/547 546/546/546
f 546/546/546 548/548/548 543/543/543
f 543/543/543 548/548/548 541/541/541
f 548/548/548 549/549/549 541/541/541
f 541/541/541 549/549/549 539/539/539
f 549/549/549 550/550/550 539/539/539
f 539/539/539 550/550/550 537/537/537
f 550/550/550 551/551/551 537/537/537
f 537/537/537 551/551/551 535/535/535
f 551/551/551 552/552/552 535/535/535
f 535/535/535 552/552/552 533/533/533
f 552/552/552 553/553/553 533/533/533
f 533/533/533 553/553/553 531/531/531
f 531/531/531 553/553/553 530/530/530
f 530/530/530 553/553/553 528/528/528
f 553/553/553 554/554/554 528/528/528
f 528/528/528 554/554/554 529/529/529
f 553/553/553 552/552/552 554/554/554
f 554/554/554 552/552/552 555/555/555
f 552/552/552 551/551/551 555/555/555
f 555/555/555 551/551/551 556/556/556
f 551/551/551 550/550/550 556/556/556
f 556/556/556 550/550/550 557/557/557
f 550/550/550 549/549/549 557/557/557
f 557/557/557 549/549/549 558/558/558
f 549/549/549 548/548/548 558/558/558
f 558/558/558 548/548/548 559/559/559
f 548/548/548 546/546/546 559/559/559
f 559/559/559 546/546/546 560/560/560
f 546/546/546 547/547/547 560/560/560
f 547/547/547 561/561/561 560/560/560
f 560/560/560 561/561/561 562/562/562
f 561/561/561 563/563/563 562/562/562
f 562/562/562 564/564/564 560/560/560
f 560/560/560 564/564/564 559/559/559
f 564/564/564 565/565/565 559/559/559
f 559/559/559 565/565/565 558/558/558
f 565/565/565 566/566/566 558/558/558
f 558/558/558 566/566/566 557/557/557
f 566/566/566 567/567/567 557/557/557
f 557/557/557 567/567/567 556/556/556
f 567/567/567 568/568/568 556/556/556
f 556/556/556 568/568/568 555/555/555
f 568/568/568 569/569/569 555/555/555
f 555/555/555 569/569/569 554/554/554
f 554/554/554 569/569/569 529/529/529
f 529/529/529 569/569/569 526/526/526
f 569/569/569 570/570/570 526/526/526
f 526/526/526 570/570/570 510/510/510
f 510/510/510 570/570/570 509/509/509
f 509/509/509 570/570/570 571/571/571
f 570/570/570 568/568/568 571/571/571
f 568/568/568 567/567/567 571/571/571
f 571/571/571 567/567/567 572/572/572
f 567/567/567 566/566/566 572/572/572
f 572/572/572 566/566/566 573/573/573
f 566/566/566 565/565/565 573/573/573
f 573/573/573 565/565/565 574/574/574
f 565/565/565 564/564/564 574/574/574
f 574/574/574 564/564/564 575/575/575
f 564/564/564 562/562/562 575/575/575
f 575/575/575 562/562/562 576/576/576
f 562/562/562 563/563/563 576/576/576
f 563/563/563 501/501/501 576/576/576
f 501/501/501 500/500/500 576/576/576
f 576/576/576 500/500/500 577/577/577
f 500/500/500 502/502/502 577/577/577
f 502/502/502 503/503/503 577/577/577
f 503/503/503 578/578/578 577/577/577
f 577/577/577 578/578/578 575/575/575
f 575/575/575 578/578/578 574/574/574
f 578/578/578 579/579/579 574/574/574
f 574/574/574 579/579/579 573/573/573
f 573/573/573 579/579/579 580/580/580
f 579/579/579 505/505/505 580/580/580
f 505/505/505 506/506/506 580/580/580
f 506/506/506 581/581/581 580/580/580
f 580/580/580 581/581/581 572/572/572
f 572/572/572 581/581/581 571/571/571
f 571/571/571 581/581/581 509/509/509
f 509/509/509 581/581/581 507/507/507
f 581/581/581 506/506/506 507/507/507
f 568/568/568 570/570/570 569/569/569
f 576/576/576 577/577/577 575/575/575
f 503/503/503 504/504/504 578/578/578
f 578/578/578 504/504/504 579/579/579
f 504/504/504 505/505/505 579/579/579
f 573/573/573 580/580/580 572/572/572
f 582/582/582 584/584/584 583/583/583
f 583/583/583 584/584/584 585/585/585
f 584/584/584 586/586/586 585/585/585
f 585/585/585 586/586/586 587/587/587
f 586/586/586 588/588/588 587/587/587
f 587/587/587 588/588/588 589/589/589
f 588/588/588 590/590/590 589/589/589
f 589/589/589 590/590/590 591/591/591
f 586/586/586 584/584/584 592/592/592
f 584/584/584 582/582/582 592/592/592
f 582/582/582 593/593/593 592/592/592
f 592/592/592 593/593/593 594/594/594
f 593/593/593 595/595/595 594/594/594
f 595/595/595 596/596/596 594/594/594
f 594/594/594 596/596/596 588/588/588
f 596/596/596 590/590/590 588/588/588
f 592/592/592 594/594/594 586/586/586
f 594/594/594 588/588/588 586/586/586
f 595/595/595 593/593/593 597/597/597
f 593/593/593 582/582/582 597/597/597
f 597/597/597 582/582/582 598/598/598
f 598/598/598 582/582/582 599/599/599
f 582/582/582 600/600/600 599/599/599
f 599/599/599 600/600/600 601/601/601
f 600/600/600 602/602/602 601/601/601
f 601/601/601 602/602/602 603/603/603
f 602/602/602 604/604/604 603/603/603
f 603/603/603 604/604/604 605/605/605
f 604/604/604 606/606/606 605/605/605
f 605/605/605 606/606/606 607/607/607
f 606/606/606 608/608/608 607/607/607
f 607/607/607 608/608/608 609/609/609
f 608/608/608 610/610/610 609/609/609
f 609/609/609 610/610/610 611/611/611
f 610/610/610 612/612/612 611/611/611
f 612/612/612 613/613/613 611/611/611
f 611/611/611 613/613/613 614/614/614
f 613/613/613 615/615/615 614/614/614
f 614/614/614 616/616/616 611/611/611
f 611/611/611 616/616/616 609/609/609
f 616/616/616 617/617/617 609/609/609
f 609/609/609 617/617/617 607/607/607
f 617/617/617 618/618/618 607/607/607
f 607/607/607 618/618/618 605/605/605
f 618/618/618 619/619/619 605/605/605
f 605/605/605 619/619/619 603/603/603
f 619/619/619 620/620/620 603/603/603
f 603/603/603 620/620/620 601/601/601
f 620/620/620 621/621/621 601/601/601
f 601/601/601 621/621/621 599/599/599
f 599/599/599 621/621/621 598/598/598
f 621/621/621 622/622/622 598/598/598
f 598/598/598 622/622/622 597/597/597
f 597/597/597 622/622/622 595/595/595
f 622/622/622 623/623/623 595/595/595
f 595/595/595 623/623/623 596/596/596
f 623/623/623 622/622/622 624/624/624
f 622/622/622 621/621/621 624/624/624
f 621/621/621 620/620/620 624/624/624
f 624/624/624 620/620/620 625/625/625
f 620/620/620 619/619/619 625/625/625
f 625/625/625 619/619/619 626/626/626
f 619/619/619 618/618/618 626/626/626
f 626/626/626 618/618/618 627/627/627
f 618/618/618 617/617/617 627/627/627
f 627/627/627 617/617/617 628/628/628
f 617/617/617 616/616/616 628/628/628
f 628/628/628 616/616/616 629/629/629
f 616/616/616 614/614/614 629/629/629
f 629/629/629 614/614/614 630/630/630
f 614/614/614 615/615/615 630/630/630
f 615/615/615 631/631/631 630/630/630
f 630/630/630 631/631/631 632/632/632
f 631/631/631 633/633/633 632/632/632
f 632/632/632 634/634/634 630/630/630
f 630/630/630 634/634/634 629/629/629
f 634/634/634 635/635/635 629/629/629
f 629/629/629 635/635/635 628/628/628
f 635/635/635 636/636/636 628/628/628
f 628/628/628 636/636/636 627/627/627
f 636/636/636 637/637/637 627/627/627
f 627/627/627 637/637/637 626/626/626
f 637/637/637 638/638/638 626/626/626
f 626/626/626 638/638/638 625/625/625
f 638/638/638 639/639/639 625/625/625
f 625/625/625 639/639/639 624/624/624
f 624/624/624 639/639/639 623/623/623
f 639/639/639 640/640/640 623/623/623
f 623/623/623 640/640/640 596/596/596
f 596/596/596 640/640/640 590/590/590
f 640/640/640 641/641/641 590/590/590
f 590/590/590 641/641/641 591/591/591
f 591/591/591 641/641/641 642/642/642
f 641/641/641 643/643/643 642/642/642
f 642/642/642 643/643/643 644/644/644
f 643/643/643 641/641/641 645/645/645
f 641/641/641 640/640/640 645/645/645
f 640/640/640 639/639/639 645/645/645
f 639/639/639 638/638/638 645/645/645
f 645/645/645 638/638/638 646/646/646
f 638/638/638 637/637/637 646/646/646
f 646/646/646 637/637/637 647/647/647
f 637/637/637 636/636/636 647/647/647
f 647/647/647 636/636/636 648/648/648
f 636/636/636 635/635/635 648/648/648
f 648/648/648 635/635/635 649/649/649
f 635/635/635 634/634/634 649/649/649
f 649/649/649 634/634/634 650/650/650
f 634/634/634 632/632/632 650/650/650
f 650/650/650 632/632/632 651/651/651
f 632/632/632 633/633/633 651/651/651
f 633/633/633 652/652/652 651/651/651
f 651/651/651 652/652/652 653/653/653
f 652/652/652 654/654/654 653/653/653
f 645/645/645 646/646/646 643/643/643
f 646/646/646 655/655/655 643/643/643
f 643/643/643 655/655/655 644/644/644
f 647/647/647 655/655/655 646/646/646
f 653/653/653 656/656/656 651/651/651
f 651/651/651 656/656/656 650/650/650
f 656/656/656 657/657/657 650/650/650
f 650/650/650 657/657/657 649/649/649
f 657/657/657 658/658/658 649/649/649
f 649/649/649 658/658/658 648/648/648
f 658/658/658 659/659/659 648/648/648
f 648/648/648 659/659/659 647/647/647
f 647/647/647 659/659/659 655/655/655
f 659/659/659 660/660/660 655/655/655
f 655/655/655 660/660/660 644/644/644
f 644/644/644 660/660/660 661/661/661
f 660/660/660 662/662/662 661/661/661
f 661/661/661 662/662/662 663/663/663
f 662/662/662 660/660/660 664/664/664
f 660/660/660 659/659/659 664/664/664
f 659/659/659 658/658/658 664/664/664
f 664/664/664 658/658/658 665/665/665
f 658/658/658 657/657/657 665/665/665
f 665/665/665 657/657/657 666/666/666
f 657/657/657 656/656/656 666/666/666
f 666/666/666 656/656/656 667/667/667
f 656/656/656 653/653/653 667/667/667
f 667/667/667 653/653/653 668/668/668
f 653/653/653 654/654/654 668/668/668
f 654/654/654 669/669/669 668/668/668
f 668/668/668 669/669/669 670/670/670
f 669/669/669 671/671/671 670/670/670
f 670/670/670 672/672/672 668/668/668
f 668/668/668 672/672/672 667/667/667
f 672/672/672 673/673/673 667/667/667
f 667/667/667 673/673/673 666/666/666
f 673/673/673 674/674/674 666/666/666
f 666/666/666 674/674/674 665/665/665
f 674/674/674 675/675/675 665/665/665
f 665/665/665 675/675/675 664/664/664
f 664/664/664 675/675/675 662/662/662
f 675/675/675 676/676/676 662/662/662
f 662/662/662 676/676/676 663/663/663
f 663/663/663 676/676/676 677/677/677
f 676/676/676 678/678/678 677/677/677
f 677/677/677 678/678/678 679/679/679
f 678/678/678 676/676/676 680/680/680
f 676/676/676 675/675/675 680/680/680
f 675/675/675 674/674/674 680/680/680
f 680/680/680 674/674/674 681/681/681
f 674/674/674 673/673/673 681/681/681
f 681/681/681 673/673/673 682/682/682
f 673/673/673 672/672/672 682/682/682
f 682/682/682 672/672/672 683/683/683
f 672/672/672 670/670/670 683/683/683
f 683/683/683 670/670/670 684/684/684
f 670/670/670 671/671/671 684/684/684
f 671/671/671 685/685/685 684/684/684
f 684/684/684 685/685/685 686/686/686
f 685/685/685 687/687/687 686/686/686
f 686/686/686 688/688/688 684/684/684
f 684/684/684 688/688/688 683/683/683
f 688/688/688 689/689/689 683/683/683
f 683/683/683 689/689/689 682/682/682
f 689/689/689 690/690/690 682/682/682
f 682/682/682 690/690/690 681/681/681
f 690/690/690 691/691/691 681/681/681
f 681/681/681 691/691/691 680/680/680
f 680/680/680 691/691/691 678/678/678
f 691/691/691 692/692/692 678/678/678
f 678/678/678 692/692/692 679/679/679
f 679/679/679 692/692/692 693/693/693
f 692/692/692 694/694/694 693/693/693
f 693/693/693 694/694/694 695/695/695
f 694/694/694 692/692/692 696/696/696
f 692/692/692 691/691/691 696/696/696
f 691/691/691 690/690/690 696/696/696
f 696/696/696 690/690/690 697/697/697
f 690/690/690 689/689/689 697/697/697
f 697/697/697 689/689/689 698/698/698
f 689/689/689 688/688/688 698/698/698
f 698/698/698 688/688/688 699/699/699
f 688/688/688 686/686/686 699/699/699
f 699/699/699 686/686/686 700/700/700
f 686/686/686 687/687/687 700/700/700
f 687/687/687 701/701/701 700/700/700
f 700/700/700 701/701/701 702/702/702
f 701/701/701 703/703/703 702/702/702
f 702/702/702 704/704/704 700/700/700
f 700/700/700 704/704/704 699/699/699
f 704/704/704 705/705/705 699/699/699
f 699/699/699 705/705/705 698/698/698
f 705/705/705 706/706/706 698/698/698
f 698/698/698 706/706/706 697/697/697
f 706/706/706 707/707/707 697/697/697
f 697/697/697 707/707/707 696/696/696
f 696/696/696 707/707/707 694/694/694
f 707/707/707 708/708/708 694/694/694
f 694/694/694 708/708/708 695/695/695
f 695/695/695 708/708/708 709/709/709
f 708/708/708 710/710/710 709/709/709
f 709/709/709 710/710/710 711/711/711
f 710/710/710 708/708/708 712/712/712
f 708/708/708 707/707/707 712/712/712
f 707/707/707 706/706/706 712/712/712
f 712/712/712 706/706/706 713/713/713
f 706/706/706 705/705/705 713/713/713
f 713/713/713 705/705/705 714/714/714
f 705/705/705 704/704/704 714/714/714
f 714/714/714 704/704/704 715/715/715
f 704/704/704 702/702/702 715/715/715
f 715/715/715 702/702/702 716/716/716
f 702/702/702 703/703/703 716/716/716
f 703/703/703 717/717/717 716/716/716
f 716/716/716 717/717/717 718/718/718
f 717/717/717 719/719/719 718/718/718
f 718/718/718 720/720/720 716/716/716
f 716/716/716 720/720/720 715/715/715
f 720/720/720 721/721/721 715/715/715
f 715/715/715 721/721/721 714/714/714
f 721/721/721 722/722/722 714/714/714
f 714/714/714 722/722/722 713/713/713
f 722/722/722 723/723/723 713/713/713
f 713/713/713 723/723/723 712/712/712
f 712/712/712 723/723/723 710/710/710
f 723/723/723 724/724/724 710/710/710
f 710/710/710 724/724/724 711/711/711
f 711/711/711 724/724/724 725/725/725
f 724/724/724 726/726/726 725/725/725
f 725/725/725 726/726/726 727/727/727
f 726/726/726 724/724/724 728/728/728
f 724/724/724 723/723/723 728/728/728
f 723/723/723 722/722/722 728/728/728
f 728/728/728 722/722/722 729/729/729
f 722/722/722 721/721/721 729/729/729
f 729/729/729 721/721/721 730/730/730
f 721/721/721 720/720/720 730/730/730
f 730/730/730 720/720/720 731/731/731
f 720/720/720 718/718/718 731/731/731
f 731/731/731 718/718/718 732/732/732
f 718/718/718 719/719/719 732/732/732
f 719/719/719 733/733/733 732/732/732
f 732/732/732 733/733/733 734/734/734
f 733/733/733 735/735/735 734/734/734
f 734/734/734 736/736/736 732/732/732
f 732/732/732 736/736/736 731/731/731
f 736/736/736 737/737/737 731/731/731
f 731/731/731 737/737/737 730/730/730
f 737/737/737 738/738/738 730/730/730
f 730/730/730 738/738/738 729/729/729
f 738/738/738 739/739/739 729/729/729
f 729/729/729 739/739/739 728/728/728
f 728/728/728 739/739/739 726/726/726
f 739/739/739 740/740/740 726/726/726
f 726/726/726 740/740/740 727/727/727
f 727/727/727 740/740/740 741/741/741
f 740/740/740 742/742/742 741/741/741
f 741/741/741 742/742/742 743/743/743
f 742/742/742 740/740/740 744/744/744
f 740/740/740 739/739/739 744/744/744
f 739/739/739 738/738/738 744/744/744
f 744/744/744 738/738/738 745/745/745
f 738/738/738 737/737/737 745/745/745
f 745/745/745 737/737/737 746/746/746
f 737/737/737 736/736/736 746/746/746
f 746/746/746 736/736/736 747/747/747
f 736/736/736 734/734/734 747/747/747
f 747/747/747 734/734/734 748/748/748
f 734/734/734 735/735/735 748/748/748
f 735/735/735 749/749/749 748/748/748
f 748/748/748 749/749/749 750/750/750
f 749/749/749 751/751/751 750/750/750
f 750/750/750 752/752/752 748/748/748
f 748/748/748 752/752/752 747/747/747
f 752/752/752 753/753/753 747/747/747
f 747/747/747 753/753/753 746/746/746
f 753/753/753 754/754/754 746/746/746
f 746/746/746 754/754/754 745/745/745
f 754/754/754 755/755/755 745/745/745
f 745/745/745 755/755/755 744/744/744
f 744/744/744 755/755/755 742/742/742
f 755/755/755 756/756/756 742/742/742
f 742/742/742 756/756/756 743/743/743
f 743/743/743 756/756/756 757/757/757
f 756/756/756 758/758/758 757/757/757
f 757/757/757 758/758/758 759/759/759
f 758/758/758 756/756/756 760/760/760
f 756/756/756 755/755/755 760/760/760
f 755/755/755 754/754/754 760/760/760
f 760/760/760 754/754/754 761/761/761
f 754/754/754 753/753/753 761/761/761
f 761/761/761 753/753/753 762/762/762
f 753/753/753 752/752/752 762/762/762
f 762/762/762 752/752/752 763/763/763
f 752/752/752 750/750/750 763/763/763
f 763/763/763 750/750/750 764/764/764
f 750/750/750 751/751/751 764/764/764
f 751/751/751 765/765/765 764/764/764
f 764/764/764 765/765/765 766/766/766
f 765/765/765 767/767/767 766/766/766
f 766/766/766 768/768/768 764/764/764
f 764/764/764 768/768/768 763/763/763
f 768/768/768 769/769/769 763/763/763
f 763/763/763 769/769/769 762/762/762
f 769/769/769 770/770/770 762/762/762
f 762/762/762 770/770/770 761/761/761
f 770/770/770 771/771/771 761/761/761
f 761/761/761 771/771/771 760/760/760
f 760/760/760 771/771/771 758/758/758
f 771/771/771 772/772/772 758/758/758
f 758/758/758 772/772/772 759/759/759
f 759/759/759 772/772/772 773/773/773
f 772/772/772 774/774/774 773/773/773
f 773/773/773 774/774/774 775/775/775
f 774/774/774 772/772/772 776/776/776
f 772/772/772 771/771/771 776/776/776
f 771/771/771 770/770/770 776/776/776
f 776/776/776 770/770/770 777/777/777
f 770/770/770 769/769/769 777/777/777
f 777/777/777 769/769/769 778/778/778
f 769/769/769 768/768/768 778/778/778
f 778/778/778 768/768/768 779/779/779
f 768/768/768 766/766/766 779/779/779
f 779/779/779 766/766/766 780/780/780
f 766/766/766 767/767/767 780/780/780
f 767/767/767 781/781/781 780/780/780
f 780/780/780 781/781/781 782/782/782
f 781/781/781 783/783/783 782/782/782
f 782/782/782 784/784/784 780/780/780
f 780/780/780 784/784/784 779/779/779
f 784/784/784 785/785/785 779/779/779
f 779/779/779 785/785/785 778/778/778
f 785/785/785 786/786/786 778/778/778
f 778/778/778 786/786/786 777/777/777
f 786/786/786 787/787/787 777/777/777
f 777/777/777 787/787/787 776/776/776
f 776/776/776 787/787/787 774/774/774
f 787/787/787 788/788/788 774/774/774
f 774/774/774 788/788/788 775/775/775
f 775/775/775 788/788/788 789/789/789
f 788/788/788 790/790/790 789/789/789
f 789/789/789 790/790/790 791/791/791
f 790/790/790 788/788/788 792/792/792
f 788/788/788 787/787/787 792/792/792
f 787/787/787 786/786/786 792/792/792
f 792/792/792 786/786/786 793/793/793
f 786/786/786 785/785/785 793/793/793
f 793/793/793 785/785/785 794/794/794
f 785/785/785 784/784/784 794/794/794
f 794/794/794 784/784/784 795/795/795
f 784/784/784 782/782/782 795/795/795
f 795/795/795 782/782/782 796/796/796
f 782/782/782 783/783/783 796/796/796
f 783/783/783 797/797/797 796/796/796
f 796/796/796 797/797/797 798/798/798
f 797/797/797 799/799/799 798/798/798
f 798/798/798 800/800/800 796/796/796
f 796/796/796 800/800/800 795/795/795
f 800/800/800 801/801/801 795/795/795
f 795/795/795 801/801/801 794/794/794
f 801/801/801 802/802/802 794/794/794
f 794/794/794 802/802/802 793/793/793
f 802/802/802 803/803/803 793/793/793
f 793/793/793 803/803/803 792/792/792
f 792/792/792 803/803/803 790/790/790
f 803/803/803 804/804/804 790/790/790
f 790/790/790 804/804/804 791/791/791
f 791/791/791 804/804/804 805/805/805
f 804/804/804 806/806/806 805/805/805
f 805/805/805 806/806/806 807/807/807
f 806/806/806 804/804/804 808/808/808
f 804/804/804 803/803/803 808/808/808
f 803/803/803 802/802/802 808/808/808
f 808/808/808 802/802/802 809/809/809
f 802/802/802 801/801/801 809/809/809
f 809/809/809 801/801/801 810/810/810
f 801/801/801 800/800/800 810/810/810
f 810/810/810 800/800/800 811/811/811
f 800/800/800 798/798/798 811/811/811
f 811/811/811 798/798/798 812/812/812
f 798/798/798 799/799/799 812/812/812
f 799/799/799 813/813/813 812/812/812
f 812/812/812 813/813/813 814/814/814
f 813/813/813 815/815/815 814/814/814
f 814/814/814 816/816/816 812/812/812
f 812/812/812 816/816/816 811/811/811
f 816/816/816 817/817/817 811/811/811
f 811/811/811 817/817/817 810/810/810
f 817/817/817 818/818/818 810/810/810
f 810/810/810 818/818/818 809/809/809
f 818/818/818 819/819/819 809/809/809
f 809/809/809 819/819/819 808/808/808
f 808/808/808 819/819/819 806/806/806
f 819/819/819 820/820/820 806/806/806
f 806/806/806 820/820/820 807/807/807
f 807/807/807 820/820/820 821/821/821
f 820/820/820 822/822/822 821/821/821
f 821/821/821 822/822/822 823/823/823
f 822/822/822 820/820/820 824/824/824
f 820/820/820 819/819/819 824/824/824
f 819/819/819 818/818/818 824/824/824
f 824/824/824 818/818/818 825/825/825
f 818/818/818 817/817/817 825/825/825
f 825/825/825 817/817/817 826/826/826
f 817/817/817 816/816/816 826/826/826
f 826/826/826 816/816/816 827/827/827
f 816/816/816 814/814/814 827/827/827
f 827/827/827 814/814/814 828/828/828
f 814/814/814 815/815/815 828/828/828
f 815/815/815 829/829/829 828/828/828
f 828/828/828 829/829/829 830/830/830
f 829/829/829 831/831/831 830/830/830
f 830/830/830 832/832/832 828/828/828
f 828/828/828 832/832/832 827/827/827
f 832/832/832 833/833/833 827/827/827
f 827/827/827 833/833/833 826/826/826
f 833/833/833 834/834/834 826/826/826
f 826/826/826 834/834/834 825/825/825
f 834/834/834 835/835/835 825/825/825
f 825/825/825 835/835/835 824/824/824
f 824/824/824 835/835/835 822/822/822
f 835/835/835 836/836/836 822/822/822
f 822/822/822 836/836/836 823/823/823
f 823/823/823 836/836/836 837/837/837
f 836/836/836 838/838/838 837/837/837
f 837/837/837 838/838/838 839/839/839
f 838/838/838 836/836/836 840/840/840
f 836/836/836 835/835/835 840/840/840
f 835/835/835 834/834/834 840/840/840
f 840/840/840 834/834/834 841/841/841
f 834/834/834 833/833/833 841/841/841
f 841/841/841 833/833/833 842/842/842
f 833/833/833 832/832/832 842/842/842
f 842/842/842 832/832/832 843/843/843
f 832/832/832 830/830/830 843/843/843
f 843/843/843 830/830/830 844/844/844
f 830/830/830 831/831/831 844/844/844
f 831/831/831 845/845/845 844/844/844
f 844/844/844 845/845/845 846/846/846
f 845/845/845 847/847/847 846/846/846
f 846/846/846 848/848/848 844/844/844
f 844/844/844 848/848/848 843/843/843
f 848/848/848 849/849/849 843/843/843
f 843/843/843 849/849/849 842/842/842
f 849/849/849 850/850/850 842/842/842
f 842/842/842 850/850/850 841/841/841
f 850/850/850 851/851/851 841/841/841
f 841/841/841 851/851/851 840/840/840
f 840/840/840 851/851/851 838/838/838
f 851/851/851 852/852/852 838/838/838
f 838/838/838 852/852/852 839/839/839
f 839/839/839 852/852/852 853/853/853
f 852/852/852 854/854/854 853/853/853
f 853/853/853 854/854/854 855/855/855
f 854/854/854 852/852/852 856/856/856
f 852/852/852 851/851/851 856/856/856
f 851/851/851 850/850/850 856/856/856
f 856/856/856 850/850/850 857/857/857
f 850/850/850 849/849/849 857/857/857
f 857/857/857 849/849/849 858/858/858
f 849/849/849 848/848/848 858/858/858
f 858/858/858 848/848/848 859/859/859
f 848/848/848 846/846/846 859/859/859
f 859/859/859 846/846/846 860/860/860
f 846/846/846 847/847/847 860/860/860
f 847/847/847 861/861/861 860/860/860
f 860/860/860 861/861/861 862/862/862
f 861/861/861 863/863/863 862/862/862
f 862/862/862 864/864/864 860/860/860
f 860/860/860 864/864/864 859/859/859
f 864/864/864 865/865/865 859/859/859
f 859/859/859 865/865/865 858/858/858
f 865/865/865 866/866/866 858/858/858
f 858/858/858 866/866/866 857/857/857
f 866/866/866 867/867/867 857/857/857
f 857/857/857 867/867/867 856/856/856
f 856/856/856 867/867/867 854/854/854
f 867/867/867 868/868/868 854/854/854
f 854/854/854 868/868/868 855/855/855
f 855/855/855 868/868/868 869/869/869
f 868/868/868 870/870/870 869/869/869
f 869/869/869 870/870/870 871/871/871
f 870/870/870 868/868/868 872/872/872
f 868/868/868 867/867/867 872/872/872
f 867/867/867 866/866/866 872/872/872
f 872/872/872 866/866/866 873/873/873
f 866/866/866 865/865/865 873/873/873
f 873/873/873 865/865/865 874/874/874
f 865/865/865 864/864/864 874/874/874
f 874/874/874 864/864/864 875/875/875
f 864/864/864 862/862/862 875/875/875
f 875/875/875 862/862/862 876/876/876
f 862/862/862 863/863/863 876/876/876
f 863/863/863 877/877/877 876/876/876
f 876/876/876 877/877/877 878/878/878
f 877/877/877 879/879/879 878/878/878
f 878/878/878 880/880/880 876/876/876
f 876/876/876 880/880/880 875/875/875
f 880/880/880 881/881/881 875/875/875
f 875/875/875 881/881/881 874/874/874
f 881/881/881 882/882/882 874/874/874
f 874/874/874 882/882/882 873/873/873
f 882/882/882 883/883/883 873/873/873
f 873/873/873 883/883/883 872/872/872
f 872/872/872 883/883/883 870/870/870
f 883/883/883 884/884/884 870/870/870
f 870/870/870 884/884/884 871/871/871
f 871/871/871 884/884/884 885/885/885
f 884/884/884 886/886/886 885/885/885
f 885/885/885 886/886/886 887/887/887
f 886/886/886 884/884/884 888/888/888
f 884/884/884 883/883/883 888/888/888
f 883/883/883 882/882/882 888/888/888
f 888/888/888 882/882/882 889/889/889
f 882/882/882 881/881/881 889/889/889
f 889/889/889 881/881/881 890/890/890
f 881/881/881 880/880/880 890/890/890
f 890/890/890 880/880/880 891/891/891
f 880/880/880 878/878/878 891/891/891
f 891/891/891 878/878/878 892/892/892
f 878/878/878 879/879/879 892/892/892
f 879/879/879 893/893/893 892/892/892
f 892/892/892 893/893/893 894/894/894
f 893/893/893 895/895/895 894/894/894
f 894/894/894 896/896/896 892/892/892
f 892/892/892 896/896/896 891/891/891
f 896/896/896 897/897/897 891/891/891
f 891/891/891 897/897/897 890/890/890
f 897/897/897 898/898/898 890/890/890
f 890/890/890 898/898/898 889/889/889
f 898/898/898 899/899/899 889/889/889
f 889/889/889 899/899/899 888/888/888
f 888/888/888 899/899/899 886/886/886
f 899/899/899 900/900/900 886/886/886
f 886/886/886 900/900/900 887/887/887
f 887/887/887 900/900/900 901/901/901
f 900/900/900 902/902/902 901/901/901
f 901/901/901 902/902/902 903/903/903
f 902/902/902 900/900/900 904/904/904
f 900/900/900 899/899/899 904/904/904
f 899/899/899 898/898/898 904/904/904
f 904/904/904 898/898/898 905/905/905
f 898/898/898 897/897/897 905/905/905
f 905/905/905 897/897/897 906/906/906
f 897/897/897 896/896/896 906/906/906
f 906/906/906 896/896/896 907/907/907
f 896/896/896 894/894/894 907/907/907
f 907/907/907 894/894/894 908/908/908
f 894/894/894 895/895/895 908/908/908
f 895/895/895 909/909/909 908/908/908
f 908/908/908 909/909/909 910/910/910
f 909/909/909 911/911/911 910/910/910
f 910/910/910 912/912/912 908/908/908
f 908/908/908 912/912/912 907/907/907
f 912/912/912 913/913/913 907/907/907
f 907/907/907 913/913/913 906/906/906
f 913/913/913 914/914/914 906/906/906
f 906/906/906 914/914/914 905/905/905
f 914/914/914 915/915/915 905/905/905
f 905/905/905 915/915/915 904/904/904
f 904/904/904 915/915/915 902/902/902
f 915/915/915 916/916/916 902/902/902
f 902/902/902 916/916/916 903/903/903
f 903/903/903 916/916/916 917/917/917
f 916/916/916 918/918/918 917/917/917
f 917/917/917 918/918/918 919/919/919
f 918/918/918 916/916/916 920/920/920
f 916/916/916 915/915/915 920/920/920
f 915/915/915 914/914/914 920/920/920
f 920/920/920 914/914/914 921/921/921
f 914/914/914 913/913/913 921/921/921
f 921/921/921 913/913/913 922/922/922
f 913/913/913 912/912/912 922/922/922
f 922/922/922 912/912/912 923/923/923
f 912/912/912 910/910/910 923/923/923
f 923/923/923 910/910/910 924/924/924
f 910/910/910 911/911/911 924/924/924
f 911/911/911 925/925/925 924/924/924
f 924/924/924 925/925/925 926/926/926
f 925/925/925 927/927/927 926/926/926
f 926/926/926 928/928/928 924/924/924
f 924/924/924 928/928/928 923/923/923
f 928/928/928 929/929/929 923/923/923
f 923/923/923 929/929/929 922/922/922
f 929/929/929 930/930/930 922/922/922
f 922/922/922 930/930/930 921/921/921
f 930/930/930 931/931/931 921/921/921
f 921/921/921 931/931/931 920/920/920
f 920/920/920 931/931/931 918/918/918
f 931/931/931 932/932/932 918/918/918
f 918/918/918 932/932/932 919/919/919
f 919/919/919 932/932/932 933/933/933
f 932/932/932 934/934/934 933/933/933
f 933/933/933 934/934/934 935/935/935
f 934/934/934 932/932/932 936/936/936
f 932/932/932 931/931/931 936/936/936
f 931/931/931 930/930/930 936/936/936
f 936/936/936 930/930/930 937/937/937
f 930/930/930 929/929/929 937/937/937
f 937/937/937 929/929/929 938/938/938
f 929/929/929 928/928/928 938/938/938
f 938/938/938 928/928/928 939/939/939
f 928/928/928 926/926/926 939/939/939
f 939/939/939 926/926/926 940/940/940
f 926/926/926 927/927/927 940/940/940
f 927/927/927 941/941/941 940/940/940
f 940/940/940 941/941/941 942/942/942
f 941/941/941 943/943/943 942/942/942
f 942/942/942 944/944/944 940/940/940
f 940/940/940 944/944/944 939/939/939
f 944/944/944 945/945/945 939/939/939
f 939/939/939 945/945/945 938/938/938
f 945/945/945 946/946/946 938/938/938
f 938/938/938 946/946/946 937/937/937
f 946/946/946 947/947/947 937/937/937
f 937/937/937 947/947/947 936/936/936
f 936/936/936 947/947/947 934/934/934
f 947/947/947 948/948/948 934/934/934
f 934/934/934 948/948/948 935/935/935
f 935/935/935 948/948/948 949/949/949
f 948/948/948 950/950/950 949/949/949
f 949/949/949 950/950/950 951/951/951
f 950/950/950 948/948/948 952/952/952
f 948/948/948 947/947/947 952/952/952
f 947/947/947 946/946/946 952/952/952
f 952/952/952 946/946/946 953/953/953
f 946/946/946 945/945/945 953/953/953
f 953/953/953 945/945/945 954/954/954
f 945/945/945 944/944/944 954/954/954
f 954/954/954 944/944/944 955/955/955
f 944/944/944 942/942/942 955/955/955
f 955/955/955 942/942/942 956/956/956
f 942/942/942 943/943/943 956/956/956
f 943/943/943 957/957/957 956/956/956
f 956/956/956 957/957/957 958/958/958
f 957/957/957 959/959/959 958/958/958
f 958/958/958 960/960/960 956/956/956
f 956/956/956 960/960/960 955/955/955
f 960/960/960 961/961/961 955/955/955
f 955/955/955 961/961/961 954/954/954
f 961/961/961 962/962/962 954/954/954
f 954/954/954 962/962/962 953/953/953
f 962/962/962 963/963/963 953/953/953
f 953/953/953 963/963/963 952/952/952
f 952/952/952 963/963/963 950/950/950
f 963/963/963 964/964/964 950/950/950
f 950/950/950 964/964/964 951/951/951
f 951/951/951 964/964/964 965/965/965
f 964/964/964 966/966/966 965/965/965
f 965/965/965 966/966/966 967/967/967
f 966/966/966 964/964/964 968/968/968
f 964/964/964 963/963/963 968/968/968
f 963/963/963 962/962/962 968/968/968
f 968/968/968 962/962/962 969/969/969
f 962/962/962 961/961/961 969/969/969
f 969/969/969 961/961/961 970/970/970
f 961/961/961 960/960/960 970/970/970
f 970/970/970 960/960/960 971/971/971
f 960/960/960 958/958/958 971/971/971
f 971/971/971 958/958/958 972/972/972
f 958/958/958 959/959/959 972/972/972
f 959/959/959 973/973/973 972/972/972
f 972/972/972 973/973/973 974/974/974
f 973/973/973 975/975/975 974/974/974
f 974/974/974 976/976/976 972/972/972
f 972/972/972 976/976/976 971/971/971
f 976/976/976 977/977/977 971/971/971
f 971/971/971 977/977/977 970/970/970
f 977/977/977 978/978/978 970/970/970
f 970/970/970 978/978/978 969/969/969
f 978/978/978 979/979/979 969/969/969
f 969/969/969 979/979/979 968/968/968
f 968/968/968 979/979/979 966/966/966
f 979/979/979 980/980/980 966/966/966
f 966/966/966 980/980/980 967/967/967
f 967/967/967 980/980/980 981/981/981
f 980/980/980 982/982/982 981/981/981
f 981/981/981 982/982/982 983/983/983
f 982/982/982 980/980/980 984/984/984
f 980/980/980 979/979/979 984/984/984
f 979/979/979 978/978/978 984/984/984
f 984/984/984 978/978/978 985/985/985
f 978/978/978 977/977/977 985/985/985
f 985/985/985 977/977/977 986/986/986
f 977/977/977 976/976/976 986/986/986
f 986/986/986 976/976/976 987/987/987
f 976/976/976 974/974/974 987/987/987
f 987/987/987 974/974/974 988/988/988
f 974/974/974 975/975/975 988/988/988
f 975/975/975 989/989/989 988/988/988
f 988/988/988 989/989/989 990/990/990
f 989/989/989 991/991/991 990/990/990
f 990/990/990 992/992/992 988/988/988
f 988/988/988 992/992/992 987/987/987
f 992/992/992 993/993/993 987/987/987
f 987/987/987 993/993/993 986/986/986
f 993/993/993 994/994/994 986/986/986
f 986/986/986 994/994/994 985/985/985
f 994/994/994 995/995/995 985/985/985
f 985/985/985 995/995/995 984/984/984
f 984/984/984 995/995/995 982/982/982
f 995/995/995 996/996/996 982/982/982
f 982/982/982 996/996/996 983/983/983
f 983/983/983 996/996/996 997/997/997
f 996/996/996 998/998/998 997/997/997
f 997/997/997 998/998/998 999/999/999
f 998/998/998 996/996/996 1000/1000/1000
f 996/996/996 995/995/995 1000/1000/1000
f 995/995/995 994/994/994 1000/1000/1000
f 1000/1000/1000 994/994/994 1001/1001/1001
f 994/994/994 993/993/993 1001/1001/1001
f 1001/1001/1001 993/993/993 1002/1002/1002
f 993/993/993 992/992/992 1002/1002/1002
f 1002/1002/1002 992/992/992 1003/1003/1003
f 992/992/992 990/990/990 1003/1003/1003
f 1003/1003/1003 990/990/990 1004/1004/1004
f 990/990/990 991/991/991 1004/1004/1004
f 991/991/991 1005/1005/1005 1004/1004/1004
f 1004/1004/1004 1005/1005/1005 1006/1006/1006
f 1005/1005/1005 1007/1007/1007 1006/1006/1006
f 1006/1006/1006 1008/1008/1008 1004/1004/1004
f 1004/1004/1004 1008/1008/1008 1003/1003/1003
f 1008/1008/1008 1009/1009/1009 1003/1003/1003
f 1003/1003/1003 1009/1009/1009 1002/1002/1002
f 1009/1009/1009 1010/1010/1010 1002/1002/1002
f 1002/1002/1002 1010/1010/1010 1001/1001/1001
f 1010/1010/1010 1011/1011/1011 1001/1001/1001
f 1001/1001/1001 1011/1011/1011 1000/1000/1000
f 1000/1000/1000 1011/1011/1011 998/998/998
f 1011/1011/1011 1012/1012/1012 998/998/998
f 998/998/998 1012/1012/1012 999/999/999
f 999/999/999 1012/1012/1012 1013/1013/1013
f 1012/1012/1012 1014/1014/1014 1013/1013/1013
f 1013/1013/1013 1014/1014/1014 1015/1015/1015
f 1014/1014/1014 1012/1012/1012 1016/1016/1016
f 1012/1012/1012 1011/1011/1011 1016/1016/1016
f 1011/1011/1011 1010/1010/1010 1016/1016/1016
f 1016/1016/1016 1010/1010/1010 1017/1017/1017
f 1010/1010/1010 1009/1009/1009 1017/1017/1017
f 1017/1017/1017 1009/1009/1009 1018/1018/1018
f 1009/1009/1009 1008/1008/1008 1018/1018/1018
f 1018/1018/1018 1008/1008/1008 1019/1019/1019
f 1008/1008/1008 1006/1006/1006 1019/1019/1019
f 1019/1019/1019 1006/1006/1006 1020/1020/1020
f 1006/1006/1006 1007/1007/1007 1020/1020/1020
f 1007/1007/1007 1021/1021/1021 1020/1020/1020
f 1020/1020/1020 1021/1021/1021 1022/1022/1022
f 1021/1021/1021 1023/1023/1023 1022/1022/1022
f 1022/1022/1022 1024/1024/1024 1020/1020/1020
f 1020/1020/1020 1024/1024/1024 1019/1019/1019
f 1024/1024/1024 1025/1025/1025 1019/1019/1019
f 1019/1019/1019 1025/1025/1025 1018/1018/1018
f 1025/1025/1025 1026/1026/1026 1018/1018/1018
f 1018/1018/1018 1026/1026/1026 1017/1017/1017
f 1026/1026/1026 1027/1027/1027 1017/1017/1017
f 1017/1017/1017 1027/1027/1027 1016/1016/1016
f 1016/1016/1016 1027/1027/1027 1014/1014/1014
f 1027/1027/1027 1028/1028/1028 1014/1014/1014
f 1014/1014/1014 1028/1028/1028 1015/1015/1015
f 1015/1015/1015 1028/1028/1028 1029/1029/1029
f 1028/1028/1028 1030/1030/1030 1029/1029/1029
f 1029/1029/1029 1030/1030/1030 1031/1031/1031
f 1030/1030/1030 1028/1028/1028 1032/1032/1032
f 1028/1028/1028 1027/1027/1027 1032/1032/1032
f 1027/1027/1027 1026/1026/1026 1032/1032/1032
f 1032/1032/1032 1026/1026/1026 1033/1033/1033
f 1026/1026/1026 1025/1025/1025 1033/1033/1033
f 1033/1033/1033 1025/1025/1025 1034/1034/1034
f 1025/1025/1025 1024/1024/1024 1034/1034/1034
f 1034/1034/1034 1024/1024/1024 1035/1035/1035
f 1024/1024/1024 1022/1022/1022 1035/1035/1035
f 1035/1035/1035 1022/1022/1022 1036/1036/1036
f 1022/1022/1022 1023/1023/1023 1036/1036/1036
f 1036/1036/1036 1023/1023/1023 1037/1037/1037
f 1023/1023/1023 1038/1038/1038 1037/1037/1037
f 1037/1037/1037 1038/1038/1038 1039/1039/1039
f 1038/1038/1038 1040/1040/1040 1039/1039/1039
f 1039/1039/1039 1040/1040/1040 1041/1041/1041
f 1040/1040/1040 1042/1042/1042 1041/1041/1041
f 1041/1041/1041 1042/1042/1042 1043/1043/1043
f 1042/1042/1042 1044/1044/1044 1043/1043/1043
f 1043/1043/1043 1044/1044/1044 1045/1045/1045
f 1044/1044/1044 1046/1046/1046 1045/1045/1045
f 1045/1045/1045 1046/1046/1046 1047/1047/1047
f 1046/1046/1046 1048/1048/1048 1047/1047/1047
f 1048/1048/1048 1049/1049/1049 1047/1047/1047
f 1047/1047/1047 1049/1049/1049 1050/1050/1050
f 1049/1049/1049 1051/1051/1051 1050/1050/1050
f 1050/1050/1050 1051/1051/1051 1052/1052/1052
f 1051/1051/1051 1053/1053/1053 1052/1052/1052
f 1053/1053/1053 1054/1054/1054 1052/1052/1052
f 1052/1052/1052 1054/1054/1054 1043/1043/1043
f 1043/1043/1043 1054/1054/1054 1041/1041/1041
f 1054/1054/1054 1055/1055/1055 1041/1041/1041
f 1041/1041/1041 1055/1055/1055 1039/1039/1039
f 1047/1047/1047 1050/1050/1050 1045/1045/1045
f 1050/1050/1050 1052/1052/1052 1045/1045/1045
f 1045/1045/1045 1052/1052/1052 1043/1043/1043
f 1049/1049/1049 1056/1056/1056 1051/1051/1051
f 1051/1051/1051 1056/1056/1056 1053/1053/1053
f 1056/1056/1056 1057/1057/1057 1053/1053/1053
f 1057/1057/1057 1058/1058/1058 1053/1053/1053
f 1053/1053/1053 1058/1058/1058 1054/1054/1054
f 1058/1058/1058 1055/1055/1055 1054/1054/1054
f 1057/1057/1057 1056/1056/1056 1059/1059/1059
f 1056/1056/1056 1049/1049/1049 1059/1059/1059
f 1059/1059/1059 1049/1049/1049 1060/1060/1060
f 1060/1060/1060 1049/1049/1049 1061/1061/1061
f 1049/1049/1049 1062/1062/1062 1061/1061/1061
f 1061/1061/1061 1062/1062/1062 1063/1063/1063
f 1062/1062/1062 1064/1064/1064 1063/1063/1063
f 1063/1063/1063 1064/1064/1064 1065/1065/1065
f 1064/1064/1064 1066/1066/1066 1065/1065/1065
f 1065/1065/1065 1066/1066/1066 1067/1067/1067
f 1066/1066/1066 1068/1068/1068 1067/1067/1067
f 1067/1067/1067 1068/1068/1068 1069/1069/1069
f 1068/1068/1068 1070/1070/1070 1069/1069/1069
f 1069/1069/1069 1070/1070/1070 1071/1071/1071
f 1070/1070/1070 1072/1072/1072 1071/1071/1071
f 1072/1072/1072 1073/1073/1073 1071/1071/1071
f 1071/1071/1071 1073/1073/1073 1074/1074/1074
f 1073/1073/1073 1075/1075/1075 1074/1074/1074
f 1074/1074/1074 1076/1076/1076 1071/1071/1071
f 1071/1071/1071 1076/1076/1076 1069/1069/1069
f 1076/1076/1076 1077/1077/1077 1069/1069/1069
f 1069/1069/1069 1077/1077/1077 1067/1067/1067
f 1077/1077/1077 1078/1078/1078 1067/1067/1067
f 1067/1067/1067 1078/1078/1078 1065/1065/1065
f 1078/1078/1078 1079/1079/1079 1065/1065/1065
f 1065/1065/1065 1079/1079/1079 1063/1063/1063
f 1079/1079/1079 1080/1080/1080 1063/1063/1063
f 1063/1063/1063 1080/1080/1080 1061/1061/1061
f 1061/1061/1061 1080/1080/1080 1060/1060/1060
f 1080/1080/1080 1081/1081/1081 1060/1060/1060
f 1060/1060/1060 1081/1081/1081 1059/1059/1059
f 1059/1059/1059 1081/1081/1081 1057/1057/1057
f 1081/1081/1081 1082/1082/1082 1057/1057/1057
f 1057/1057/1057 1082/1082/1082 1058/1058/1058
f 1082/1082/1082 1081/1081/1081 1083/1083/1083
f 1081/1081/1081 1080/1080/1080 1083/1083/1083
f 1080/1080/1080 1079/1079/1079 1083/1083/1083
f 1083/1083/1083 1079/1079/1079 1084/1084/1084
f 1079/1079/1079 1078/1078/1078 1084/1084/1084
f 1084/1084/1084 1078/1078/1078 1085/1085/1085
f 1078/1078/1078 1077/1077/1077 1085/1085/1085
f 1085/1085/1085 1077/1077/1077 1086/1086/1086
f 1077/1077/1077 1076/1076/1076 1086/1086/1086
f 1086/1086/1086 1076/1076/1076 1087/1087/1087
f 1076/1076/1076 1074/1074/1074 1087/1087/1087
f 1087/1087/1087 1074/1074/1074 1088/1088/1088
f 1074/1074/1074 1075/1075/1075 1088/1088/1088
f 1075/1075/1075 1089/1089/1089 1088/1088/1088
f 1088/1088/1088 1089/1089/1089 1090/1090/1090
f 1089/1089/1089 1091/1091/1091 1090/1090/1090
f 1090/1090/1090 1092/1092/1092 1088/1088/1088
f 1088/1088/1088 1092/1092/1092 1087/1087/1087
f 1092/1092/1092 1093/1093/1093 1087/1087/1087
f 1087/1087/1087 1093/1093/1093 1086/1086/1086
f 1093/1093/1093 1094/1094/1094 1086/1086/1086
f 1086/1086/1086 1094/1094/1094 1085/1085/1085
f 1094/1094/1094 1095/1095/1095 1085/1085/1085
f 1085/1085/1085 1095/1095/1095 1084/1084/1084
f 1095/1095/1095 1096/1096/1096 1084/1084/1084
f 1084/1084/1084 1096/1096/1096 1083/1083/1083
f 1083/1083/1083 1096/1096/1096 1082/1082/1082
f 1096/1096/1096 1097/1097/1097 1082/1082/1082
f 1082/1082/1082 1097/1097/1097 1058/1058/1058
f 1058/1058/1058 1097/1097/1097 1055/1055/1055
f 1097/1097/1097 1098/1098/1098 1055/1055/1055
f 1055/1055/1055 1098/1098/1098 1039/1039/1039
f 1039/1039/1039 1098/1098/1098 1037/1037/1037
f 1098/1098/1098 1099/1099/1099 1037/1037/1037
f 1037/1037/1037 1099/1099/1099 1036/1036/1036
f 1099/1099/1099 1098/1098/1098 1100/1100/1100
f 1098/1098/1098 1097/1097/1097 1100/1100/1100
f 1097/1097/1097 1096/1096/1096 1100/1100/1100
f 1096/1096/1096 1095/1095/1095 1100/1100/1100
f 1100/1100/1100 1095/1095/1095 1101/1101/1101
f 1095/1095/1095 1094/1094/1094 1101/1101/1101
f 1100/1100/1100 1101/1101/1101 1099/1099/1099
f 1101/1101/1101 1102/1102/1102 1099/1099/1099
f 1099/1099/1099 1102/1102/1102 1036/1036/1036
f 1036/1036/1036 1102/1102/1102 1035/1035/1035
f 1102/1102/1102 1103/1103/1103 1035/1035/1035
f 1035/1035/1035 1103/1103/1103 1034/1034/1034
f 1103/1103/1103 1102/1102/1102 1104/1104/1104
f 1102/1102/1102 1101/1101/1101 1104/1104/1104
f 1101/1101/1101 1094/1094/1094 1104/1104/1104
f 1094/1094/1094 1093/1093/1093 1104/1104/1104
f 1104/1104/1104 1093/1093/1093 1105/1105/1105
f 1093/1093/1093 1092/1092/1092 1105/1105/1105
f 1104/1104/1104 1105/1105/1105 1103/1103/1103
f 1105/1105/1105 1106/1106/1106 1103/1103/1103
f 1103/1103/1103 1106/1106/1106 1034/1034/1034
f 1034/1034/1034 1106/1106/1106 1033/1033/1033
f 1106/1106/1106 1107/1107/1107 1033/1033/1033
f 1033/1033/1033 1107/1107/1107 1032/1032/1032
f 1032/1032/1032 1107/1107/1107 1030/1030/1030
f 1107/1107/1107 1108/1108/1108 1030/1030/1030
f 1030/1030/1030 1108/1108/1108 1031/1031/1031
f 1031/1031/1031 1108/1108/1108 1091/1091/1091
f 1091/1091/1091 1108/1108/1108 1090/1090/1090
f 1108/1108/1108 1109/1109/1109 1090/1090/1090
f 1090/1090/1090 1109/1109/1109 1092/1092/1092
f 1092/1092/1092 1109/1109/1109 1105/1105/1105
f 1105/1105/1105 1109/1109/1109 1106/1106/1106
f 1106/1106/1106 1109/1109/1109 1107/1107/1107
f 1109/1109/1109 1108/1108/1108 1107/1107/1107

