# Exported by Sketchfab Model Ripper robust edition
o model_31
v 0.008236272260546684 -0.004071543458849192 0.133498877286911
v 0.008717000484466553 -0.004608214367181063 0.13328948616981506
v 0.009846216067671776 -0.0021375836804509163 0.1334707885980606
v 0.0104424012824893 -0.002538400236517191 0.13327927887439728
v 0.011038926430046558 0.00017191954248119146 0.13346058130264282
v 0.011709355749189854 -0.00011218246800126508 0.1332690715789795
v 0.01180044375360012 0.002726078499108553 0.13345035910606384
v 0.01251633744686842 0.002580326749011874 0.1332690715789795
v 0.012127254158258438 0.0054262662306427956 0.13345035910606384
v 0.012856705114245415 0.005400251597166061 0.1332690715789795
v 0.011993622407317162 0.008142874576151371 0.13346058130264282
v 0.01271807961165905 0.008237259462475777 0.1332690715789795
v 0.011415984481573105 0.010744791477918625 0.13346058130264282
v 0.012104948982596397 0.010980413295328617 0.1332690715789795
v 0.010390791110694408 0.013132532127201557 0.1334707885980606
v 0.011014045216143131 0.01349071878939867 0.13327927887439728
v 0.008922703564167023 0.015176263637840748 0.133498877286911
v 0.009440470486879349 0.01567818410694599 0.13328948616981506
v -0.000568343501072377 0.019807489588856697 0.13360102474689484
v -0.0005936377565376461 0.019098229706287384 0.13384871184825897
v 0.002251877449452877 0.01947677507996559 0.13353973627090454
v 0.002126597333699465 0.0187813863158226 0.13377976417541504
v 0.004944528918713331 0.01867058500647545 0.1334197223186493
v 0.004691265057772398 0.01800895668566227 0.1336597502231598
v 0.007380924187600613 0.017402954399585724 0.13334056735038757
v 0.006989446468651295 0.016796059906482697 0.1335703730583191
v 0.009440470486879349 0.01567818410694599 0.13328948616981506
v 0.008922703564167023 0.015176263637840748 0.133498877286911
v -0.0005936377565376461 0.019098229706287384 0.13384871184825897
v -0.000568343501072377 0.019807489588856697 0.13360102474689484
v -0.0033194138668477535 0.018975606188178062 0.13376954197883606
v -0.0034049588721245527 0.019678514450788498 0.13352951407432556
v -0.005932589992880821 0.01838783174753189 0.1336495280265808
v -0.006138079334050417 0.019065821543335915 0.1334095001220703
v -0.008320610038936138 0.017342058941721916 0.1335601657629013
v -0.008658584207296371 0.017974968999624252 0.1333303451538086
v -0.010355064645409584 0.01586376316845417 0.13350909948349
v -0.01083576213568449 0.016401290893554688 0.13328948616981506
v -0.010355064645409584 0.01586376316845417 0.13350909948349
v -0.01083576213568449 0.016401290893554688 0.13328948616981506
v -0.011965010315179825 0.013929803855717182 0.1334810107946396
v -0.012571283616125584 0.014331839047372341 0.1332690715789795
v -0.013167807832360268 0.01162151899188757 0.1334707885980606
v -0.013838238082826138 0.01190562080591917 0.1332690715789795
v -0.013929326087236404 0.009067360311746597 0.1334707885980606
v -0.014635100029408932 0.009212750941514969 0.1332690715789795
v -0.014246015809476376 0.006366811227053404 0.1334707885980606
v -0.014975467696785927 0.006392825860530138 0.1332690715789795
v -0.01412250380963087 0.0036505640018731356 0.1334707885980606
v -0.014836842194199562 0.0035558182280510664 0.1332690715789795
v -0.013544866815209389 0.0010486469836905599 0.1334707885980606
v -0.014233831316232681 0.0008130248170346022 0.1332690715789795
v -0.012509585358202457 -0.0013403125340119004 0.1334810107946396
v -0.013142927549779415 -0.001697280677035451 0.1332690715789795
v -0.011041495949029922 -0.003384043462574482 0.133498877286911
v -0.011559232138097286 -0.003885106649249792 0.13328948616981506
v -0.011041495949029922 -0.003384043462574482 0.133498877286911
v -0.011559232138097286 -0.003885106649249792 0.13328948616981506
v -0.009108239784836769 -0.005003840662539005 0.1335601657629013
v -0.009499686770141125 -0.005609877407550812 0.1333303451538086
v -0.006809690967202187 -0.006206444464623928 0.13363932073116302
v -0.007063291966915131 -0.006877507548779249 0.1334095001220703
v -0.004244993440806866 -0.006978016346693039 0.13376954197883606
v -0.004380759783089161 -0.007683337666094303 0.13352951407432556
v -0.0015352440532296896 -0.007304791361093521 0.13384871184825897
v -0.0015605689259245992 -0.00801490992307663 0.13360102474689484
v 0.0012010179925709963 -0.0071722362190485 0.13377976417541504
v 0.0012760765384882689 -0.007885076105594635 0.13353973627090454
v 0.0038141636177897453 -0.006585321389138699 0.1336495280265808
v 0.004019316751509905 -0.0072727445513010025 0.1334197223186493
v 0.006192540284246206 -0.005549509543925524 0.1335601657629013
v 0.006539822090417147 -0.006181891541928053 0.13334056735038757
v 0.008236272260546684 -0.004071543458849192 0.133498877286911
v 0.008717000484466553 -0.004608214367181063 0.13328948616981506
v -0.008697811514139175 -0.004717925097793341 0.09123878180980682
v -0.0063570113852620125 -0.0058722300454974174 0.09162946790456772
v -0.008541649207472801 -0.004553467500954866 0.09306962788105011
v -0.006200848612934351 -0.005707772448658943 0.09348074346780777
v -0.006310617085546255 -0.0056841070763766766 0.09599081426858902
v -0.003725819755345583 -0.006436645053327084 0.0938790813088417
v -0.0038844686932861805 -0.006410378031432629 0.09623083472251892
v -0.001334609929472208 -0.006722004618495703 0.09640958160161972
v -0.0038418408948928118 -0.006611980497837067 0.09216058999300003
v -0.0012211449211463332 -0.006926133297383785 0.09266873449087143
v -0.0011646001366898417 -0.006737513467669487 0.09423912316560745
v 0.0014107023598626256 -0.006619828287512064 0.09456086158752441
v 0.0012419333215802908 -0.0065932003781199455 0.09668025374412537
v 0.0014144288143143058 -0.006799433846026659 0.09303899109363556
v 0.003956877626478672 -0.006229747552424669 0.09326113760471344
v 0.0038925721310079098 -0.006067732349038124 0.09480088949203491
v 0.006178942508995533 -0.005078445188701153 0.09491068869829178
v 0.0037128105759620667 -0.006041570566594601 0.09694070369005203
v 0.005989903584122658 -0.005051952786743641 0.09710923582315445
v -0.008520706556737423 -0.00453446339815855 0.09553884714841843
v -0.010386079549789429 -0.0029763400088995695 0.09521965682506561
v -0.010536921210587025 -0.0029915699269622564 0.092839814722538
v -0.010794139467179775 -0.0031721738632768393 0.09045997262001038
v 0.006283585913479328 -0.005222148261964321 0.09333008527755737
v 0.008317672647535801 -0.003754143137484789 0.09334030002355576
v 0.008161025121808052 -0.0036480864509940147 0.09495920687913895
v 0.007961532101035118 -0.003630667692050338 0.09721903502941132
v -0.012221794575452805 0.011227976530790329 0.05702981352806091
v -0.012937145307660103 0.008831894025206566 0.05698895826935768
v -0.012648489326238632 0.00878123939037323 0.0544993132352829
v -0.013226469978690147 0.006330451462417841 0.05697108060121536
v -0.012936375103890896 0.006320105865597725 0.054489098489284515
v -0.012824539095163345 0.0038447168190032244 0.0544993132352829
v -0.013096601702272892 0.006325819995254278 0.052139896899461746
v -0.012985499575734138 0.003829847788438201 0.052139896899461746
v -0.012808011844754219 0.008806679397821426 0.052139896899461746
v -0.012103711254894733 0.011153350584208965 0.052139896899461746
v -0.011955885216593742 0.01110771857202053 0.05451974272727966
v -0.010879822075366974 0.013200690038502216 0.05452995374798775
v -0.011114105582237244 0.013379072770476341 0.05705023929476738
v -0.011008025147020817 0.01327567733824253 0.052139896899461746
v -0.009533667005598545 0.015053891576826572 0.052139896899461746
v -0.009416257031261921 0.014960397966206074 0.054560597985982895
v -0.009628894738852978 0.015177508816123009 0.05709109455347061
v -0.013116437941789627 0.0038044622633606195 0.05698895826935768
v -0.012573222629725933 0.00137379951775074 0.05702981352806091
v -0.012299789115786552 0.0014645187184214592 0.05451974272727966
v -0.011375552043318748 -0.0006997889722697437 0.05452995374798775
v -0.012450490146875381 0.0014295330038294196 0.052139896899461746
v -0.011508404277265072 -0.0007551616290584207 0.052139896899461746
v -0.011621611192822456 -0.000851595017593354 0.05705023929476738
v -0.010268621146678925 -0.002760695992037654 0.05709109455347061
v -0.010041027329862118 -0.002558425534516573 0.054560597985982895
v -0.010164493694901466 -0.0026347425300627947 0.052139896899461746
v 0.009376014582812786 -0.0018503176979720592 0.05971096456050873
v 0.0078079854138195515 -0.003745411988347769 0.05945051088929176
v 0.009386838413774967 -0.0018309527076780796 0.057440921664237976
v 0.007818333804607391 -0.0037157260812819004 0.05726983770728111
v 0.007829155772924423 -0.0036963620223104954 0.05508916825056076
v 0.009397691115736961 -0.00181073066778481 0.05518109351396561
v 0.010547523386776447 0.00040927683585323393 0.05518109351396561
v 0.010537037625908852 0.00039934620144777 0.05749965086579323
v 0.011264649219810963 0.002855102764442563 0.05754050984978676
v 0.010526580736041069 0.00039027328602969646 0.05983097851276398
v 0.011255371384322643 0.002855433616787195 0.05989992246031761
v 0.011275134980678558 0.002865033457055688 0.055170878767967224
v 0.011587542481720448 0.005445513874292374 0.055170878767967224
v 0.01157742366194725 0.005445874761790037 0.05755072087049484
v 0.011449630372226238 0.008042053319513798 0.05754050984978676
v 0.011567304842174053 0.005446235649287701 0.05992035195231438
v 0.011440720409154892 0.008052675984799862 0.05989992246031761
v 0.011459749191999435 0.008041692897677422 0.055170878767967224
v 0.01090855523943901 0.010532750748097897 0.05518109351396561
v 0.010899139568209648 0.010552836582064629 0.05749965086579323
v 0.009910738095641136 0.01285940408706665 0.057440921664237976
v 0.0108893858268857 0.01056348904967308 0.05983097851276398
v 0.009900984354317188 0.012870056554675102 0.05971096456050873
v 0.009920153766870499 0.012839318253099918 0.05518109351396561
v 0.008489925414323807 0.014831893146038055 0.05508916825056076
v 0.008480509743094444 0.014851979911327362 0.05726983770728111
v 0.008471935987472534 0.014872035942971706 0.05945051088929176
v 0.0073990654200315475 -0.0034208307042717934 0.05998929589986801
v 0.008914862759411335 -0.001593429478816688 0.06023953855037689
v 0.00876153539866209 -0.0014179344289004803 0.057440921664237976
v 0.01003303937613964 0.0005675963475368917 0.06035954877734184
v 0.009836754761636257 0.0006750670145265758 0.05749965086579323
v 0.010529725812375546 0.0030118378344923258 0.057530295103788376
v 0.00999470055103302 0.0006290741148404777 0.05471125245094299
v 0.010699337348341942 0.0029851796571165323 0.05471125245094299
v 0.008908659219741821 -0.0014832917368039489 0.05471891164779663
v 0.007445123046636581 -0.0032421420328319073 0.05462954193353653
v 0.007307277526706457 -0.0031771149951964617 0.05726983770728111
v 0.010987958870828152 0.005466896574944258 0.05471125245094299
v 0.010827732272446156 0.005472610704600811 0.05755072087049484
v 0.010705776512622833 0.007948360405862331 0.057530295103788376
v 0.011037713848054409 0.005465121939778328 0.060459136962890625
v 0.010917531326413155 0.007990614511072636 0.06043104827404022
v 0.010737902484834194 0.0029537491500377655 0.06043104827404022
v 0.010876825079321861 0.00796201080083847 0.05471125245094299
v 0.010341479443013668 0.010352891869843006 0.05471125245094299
v 0.010180658660829067 0.010318267159163952 0.05749965086579323
v 0.010384466499090195 0.010421773418784142 0.06035954877734184
v 0.00925726629793644 0.012482545338571072 0.057440921664237976
v 0.009423072449862957 0.012656963430345058 0.06023953855037689
v 0.008041300810873508 0.014587700366973877 0.05998929589986801
v 0.009408671408891678 0.012537255883216858 0.05471891164779663
v 0.008074512705206871 0.014406184665858746 0.05462954193353653
v 0.007932048290967941 0.014341708272695541 0.05726983770728111
v 0.0017453883774578571 0.017894180491566658 0.058439332991838455
v -0.0007166584837250412 0.018182067200541496 0.05800013616681099
v 0.0018038336420431733 0.01759154535830021 0.05573008954524994
v -0.0006367633468471467 0.01788897067308426 0.055170878767967224
v -0.0005426158895716071 0.017995528876781464 0.05244120582938194
v 0.001957519678398967 0.01768653467297554 0.05314086377620697
v 0.004273532424122095 0.01697363704442978 0.05388903245329857
v 0.004111274145543575 0.016898702830076218 0.056371014565229416
v 0.006183547433465719 0.015814945101737976 0.05689958482980728
v 0.0040916199795901775 0.017199957743287086 0.0589500293135643
v 0.006224214099347591 0.016102882102131844 0.059509240090847015
v 0.006336132530122995 0.015879059210419655 0.054369084537029266
v 0.008074512705206871 0.014406184665858746 0.05462954193353653
v 0.007932048290967941 0.014341708272695541 0.05726983770728111
v 0.008041300810873508 0.014587700366973877 0.05998929589986801
v -0.0006443141028285027 0.01879003830254078 0.07321887463331223
v -0.000496121181640774 0.01875469833612442 0.07390065491199493
v 0.0020950594916939735 0.01844159886240959 0.07403088361024857
v -0.0003467485948931426 0.01872876100242138 0.0745798796415329
v 0.002224224153906107 0.0184172410517931 0.07478927075862885
v 0.00463904207572341 0.017681069672107697 0.07512888312339783
v 0.004550355486571789 0.017703983932733536 0.07424026727676392
v 0.004450707230716944 0.017727287486195564 0.07334910333156586
v 0.0019662620034068823 0.018476245924830437 0.07326994836330414
v 0.000883243337739259 -0.006280714180320501 0.058439332991838455
v 0.0032729674130678177 -0.005755387246608734 0.0589500293135643
v 0.0009630984277464449 -0.005983009934425354 0.05573008954524994
v 0.0033143681939691305 -0.005446865689009428 0.056371014565229416
v 0.0034709067549556494 -0.005532309412956238 0.05388903245329857
v 0.005458609201014042 -0.004512620158493519 0.05689958482980728
v 0.005606239195913076 -0.004587441682815552 0.054369084537029266
v 0.007445123046636581 -0.0032421420328319073 0.05462954193353653
v 0.005478630308061838 -0.004803582094609737 0.059509240090847015
v 0.0073990654200315475 -0.0034208307042717934 0.05998929589986801
v 0.007307277526706457 -0.0031771149951964617 0.05726983770728111
v 0.0011099945986643434 -0.006078413687646389 0.05314086377620697
v -0.0014061678666621447 -0.006218818482011557 0.05244120582938194
v -0.001492118462920189 -0.006095531862229109 0.055170878767967224
v -0.003922963514924049 -0.005808759015053511 0.054859355092048645
v -0.0015926893102005124 -0.00638219341635704 0.05800013616681099
v -0.004043406806886196 -0.00608440674841404 0.057650309056043625
v -0.006379658356308937 -0.005370788276195526 0.05737964063882828
v -0.006230066996067762 -0.005106484051793814 0.05471125245094299
v -0.008302310481667519 -0.004021866712719202 0.054609112441539764
v -0.006284103728830814 -0.005224778316915035 0.05215011164546013
v -0.008386338129639626 -0.0041287862695753574 0.052139896899461746
v -0.003927245736122131 -0.005928827449679375 0.052180755883455276
v -0.008490465581417084 -0.004254739731550217 0.05720089375972748
v -0.010268621146678925 -0.002760695992037654 0.05709109455347061
v -0.010041027329862118 -0.002558425534516573 0.054560597985982895
v -0.010164493694901466 -0.0026347425300627947 0.052139896899461746
v -0.009292475879192352 0.014785097911953926 0.1213698461651802
v -0.009256388060748577 0.01468419935554266 0.11793031543493271
v -0.007438673637807369 0.015980448573827744 0.1179405227303505
v -0.009389616549015045 0.014878727495670319 0.11449077725410461
v -0.007481074426323175 0.01621209643781185 0.11486102640628815
v -0.005256610456854105 0.017122872173786163 0.11546109616756439
v -0.00531540485098958 0.016894832253456116 0.11808096617460251
v -0.005321837030351162 0.01697492226958275 0.12069062143564224
v -0.00298507884144783 0.0174119733273983 0.11848952621221542
v -0.003042811993509531 0.017474140971899033 0.12073913961648941
v -0.0006369819166138768 0.017598729580640793 0.12091021984815598
v -0.002847350435331464 0.01762775145471096 0.11625012010335922
v -0.00037226095446385443 0.01772926189005375 0.11701872199773788
v -0.0005593767273239791 0.017525548115372658 0.11895936727523804
v -0.007434758357703686 0.01609022356569767 0.12100981175899506
v -0.010765395127236843 0.013047192245721817 0.1214592233300209
v -0.01182993222028017 0.010993310250341892 0.12141070514917374
v -0.010687422938644886 0.012984300963580608 0.11790988594293594
v -0.011740770190954208 0.010960076004266739 0.11788945645093918
v -0.01195836253464222 0.011038251221179962 0.11438097804784775
v -0.012411500327289104 0.008702372200787067 0.1178792417049408
v -0.012640650384128094 0.008740600198507309 0.11438863724470139
v -0.012936375103890896 0.006320105865597725 0.11438863724470139
v -0.012511486187577248 0.00871624331921339 0.12140049040317535
v -0.012797231785953045 0.006315143778920174 0.12140049040317535
v -0.012696878984570503 0.006311564706265926 0.11788945645093918
v -0.012582198716700077 0.003915935289114714 0.11788945645093918
v -0.012813488952815533 0.0038941288366913795 0.11439885199069977
v -0.012682917527854443 0.003909222781658173 0.12139027565717697
v -0.012165303342044353 0.001589389517903328 0.12140049040317535
v -0.01207400020211935 0.0016161884414032102 0.11788945645093918
v -0.011167493648827076 -0.00047707182238809764 0.11790988594293594
v -0.012296944856643677 0.0015442782314494252 0.11439885199069977
v -0.011362727731466293 -0.000600634899456054 0.11439885199069977
v -0.009292475879192352 0.014785097911953926 0.1213698461651802
v -0.009256388060748577 0.01468419935554266 0.11793031543493271
v -0.009389616549015045 0.014878727495670319 0.11449077725410461
v -0.01087339036166668 0.013120600022375584 0.11437076330184937
v -0.011239628307521343 -0.0005346098332665861 0.1214311346411705
v -0.009904400445520878 -0.0023735209833830595 0.12133920937776566
v -0.009861217811703682 -0.002275449223816395 0.11793031543493271
v -0.009997844696044922 -0.0024603537749499083 0.1145290732383728
v -0.007748460862785578 0.016551382839679718 0.05720089375972748
v -0.007577371783554554 0.016305698081851006 0.054609112441539764
v -0.005563513841480017 0.01751423068344593 0.05737964063882828
v -0.005433160811662674 0.017239084467291832 0.05471125245094299
v -0.003082228358834982 0.017765795812010765 0.054859355092048645
v -0.005478633567690849 0.017360927537083626 0.05215011164546013
v -0.0030779463704675436 0.017885863780975342 0.052180755883455276
v -0.007653937209397554 0.01640803925693035 0.052139896899461746
v -0.009533667005598545 0.015053891576826572 0.052139896899461746
v -0.009416257031261921 0.014960397966206074 0.054560597985982895
v -0.009628894738852978 0.015177508816123009 0.05709109455347061
v -0.0031823625322431326 0.018059615045785904 0.057650309056043625
v -0.0007166584837250412 0.018182067200541496 0.05800013616681099
v -0.0006367633468471467 0.01788897067308426 0.055170878767967224
v -0.0005426158895716071 0.017995528876781464 0.05244120582938194
v 0.005335532128810883 -0.004317594692111015 0.12126004695892334
v 0.007173682097345591 -0.0029928777366876602 0.12147965282201767
v 0.00542063033208251 -0.004180658143013716 0.11939090490341187
v 0.007187380455434322 -0.002892896067351103 0.1192198172211647
v 0.007339409552514553 -0.0031284550204873085 0.11709021776914597
v 0.00556287681683898 -0.00440642237663269 0.11762899905443192
v 0.0035098292864859104 -0.0052932552061975 0.11785881221294403
v 0.0033373329788446426 -0.0050870212726294994 0.11938069015741348
v 0.0010272458894178271 -0.005604883655905724 0.11925046145915985
v 0.003242818871513009 -0.005203871987760067 0.12098938226699829
v 0.0009435540996491909 -0.005702369846403599 0.12092043459415436
v 0.0012203173246234655 -0.0058024050667881966 0.1176392138004303
v -0.0012057212879881263 -0.005925413686782122 0.11709021776914597
v -0.001388336531817913 -0.005718818865716457 0.11896958202123642
v -0.0037997858598828316 -0.0054327379912137985 0.11850995570421219
v -0.0014713247073814273 -0.005796579644083977 0.12086936831474304
v -0.003862167941406369 -0.005500928498804569 0.12070083618164062
v -0.00366765889339149 -0.00565814133733511 0.11630885303020477
v -0.006045319605618715 -0.004992851987481117 0.11551982909440994
v -0.006087353453040123 -0.004750910680741072 0.11808862537145615
v -0.008140427991747856 -0.003697032807394862 0.11795073747634888
v -0.006099841091781855 -0.004840631037950516 0.12065998464822769
v -0.00814434327185154 -0.0038068091962486506 0.12097916752099991
v -0.008198886178433895 -0.003915639128535986 0.1149197593331337
v -0.009997844696044922 -0.0024603537749499083 0.1145290732383728
v -0.009861217811703682 -0.002275449223816395 0.11793031543493271
v -0.009904400445520878 -0.0023735209833830595 0.12133920937776566
v -0.0030547052156180143 0.01742476038634777 0.12851959466934204
v -0.0007094833999872208 0.017530901357531548 0.1286396086215973
v -0.0032079629600048065 0.018170444294810295 0.13145098090171814
v -0.0006520261522382498 0.018289679661393166 0.13155058026313782
v -0.0005936377565376461 0.019098229706287384 0.13384871184825897
v -0.0033194138668477535 0.018975606188178062 0.13376954197883606
v -0.005932589992880821 0.01838783174753189 0.1336495280265808
v -0.005659444257616997 0.017618123441934586 0.13121862709522247
v -0.007885603234171867 0.016636133193969727 0.13095051050186157
v -0.005323610734194517 0.016925180330872536 0.12819018959999084
v -0.007387144956737757 0.01602841727435589 0.12775099277496338
v -0.008320610038936138 0.017342058941721916 0.1335601657629013
v -0.010355064645409584 0.01586376316845417 0.13350909948349
v -0.009786980226635933 0.015243257395923138 0.1306900531053543
v -0.009184621274471283 0.014731446281075478 0.127288818359375
v -0.003913975320756435 -0.006669518072158098 0.08631056547164917
v -0.006449385080486536 -0.005929045844823122 0.08618034422397614
v -0.003999589942395687 -0.00653679808601737 0.08541940152645111
v -0.006474618334323168 -0.0058079250156879425 0.08523044735193253
v -0.006836143787950277 -0.0058353920467197895 0.08387965708971024
v -0.008794843219220638 -0.004644908010959625 0.08493935316801071
v -0.00899611134082079 -0.004677230957895517 0.08346088230609894
v -0.010820810683071613 -0.0030913616064935923 0.08302934467792511
v -0.008779223076999187 -0.004775132052600384 0.08598882704973221
v -0.010864727199077606 -0.0032100165262818336 0.08633099496364594
v -0.010769985616207123 -0.0030631190165877342 0.08467889577150345
v -0.0012932793470099568 -0.0069836718030273914 0.0863795131444931
v -0.0014286176301538944 -0.0068483189679682255 0.08550877869129181
v 0.0011774097802117467 -0.006721424404531717 0.0854806900024414
v -0.001850353553891182 -0.006883084774017334 0.08428055047988892
v 0.0007759130094200373 -0.0067569115199148655 0.08418096601963043
v -0.004420482087880373 -0.006571593694388866 0.08416053652763367
v 0.0013625340070575476 -0.006857693195343018 0.08638972789049149
v 0.003924377262592316 -0.0062886993400752544 0.08635908365249634
v 0.003708559088408947 -0.006160781718790531 0.08534024655818939
v 0.0033272714354097843 -0.006197848357260227 0.08392050862312317
v 0.006045863032341003 -0.005163864232599735 0.08514107763767242
v 0.005704577546566725 -0.0051920535042881966 0.08351961523294449
v 0.007777627091854811 -0.0037443293258547783 0.08310084789991379
v 0.006281811743974686 -0.005271890666335821 0.08631056547164917
v 0.00832602009177208 -0.003804246662184596 0.08624928444623947
v 0.008078067563474178 -0.0037249887827783823 0.08493935316801071
v 0.00912123266607523 0.012337978929281235 0.12144900858402252
v 0.0077863410115242004 0.014186323620378971 0.12151028960943222
v 0.009059921838343143 0.012299804948270321 0.11880870908498764
v 0.007793249096721411 0.014095911756157875 0.11920960247516632
v 0.007951919920742512 0.014330694451928139 0.11703914403915405
v 0.009238096885383129 0.012513283640146255 0.11629097908735275
v 0.010132201947271824 0.010380106046795845 0.11549939960241318
v 0.009945821948349476 0.01019697543233633 0.11835929751396179
v 0.010443532839417458 0.007887297309935093 0.11801968514919281
v 0.010046539828181267 0.010203688405454159 0.12130090594291687
v 0.010554371401667595 0.007893649861216545 0.12123962491750717
v 0.010638399049639702 0.0080005694180727 0.11485081166028976
v 0.010748829692602158 0.005485729314386845 0.11455971747636795
v 0.010548966936767101 0.005492856726050377 0.1178792417049408
v 0.010272834450006485 0.003100860398262739 0.11801968514919281
v 0.01066871639341116 0.005488586146384478 0.12122941017150879
v 0.010382939130067825 0.0030866290908306837 0.12123962491750717
v 0.010459505021572113 0.0029842869844287634 0.11486102640628815
v 0.00978508684784174 0.0006468541687354445 0.11553004384040833
v 0.009612224996089935 0.0008427963475696743 0.11835929751396179
v 0.008588899858295918 -0.0011919451644644141 0.11881892383098602
v 0.009711872786283493 0.0008194922120310366 0.12129069119691849
v 0.008636880666017532 -0.0012434623204171658 0.1214311346411705
v 0.008741295896470547 -0.0014172126539051533 0.11632928252220154
v 0.007339409552514553 -0.0031284550204873085 0.11709021776914597
v 0.007187380455434322 -0.002892896067351103 0.1192198172211647
v 0.007173682097345591 -0.0029928777366876602 0.12147965282201767
v 0.01183756161481142 0.002914532320573926 0.09335051476955414
v 0.012151406146585941 0.005535320844501257 0.09336072951555252
v 0.011605934239923954 0.0028832913376390934 0.09505113214254379
v 0.011907518841326237 0.005444406997412443 0.09505879133939743
v 0.011707291938364506 0.005441243294626474 0.09742075949907303
v 0.011789110489189625 0.008019641973078251 0.09505113214254379
v 0.011588914319872856 0.008017336018383503 0.09741054475307465
v 0.011037352494895458 0.010498101823031902 0.09736969321966171
v 0.012025050818920135 0.008171808905899525 0.09335051476955414
v 0.011455024592578411 0.010703039355576038 0.09335051476955414
v 0.011237582191824913 0.010501265525817871 0.09504091739654541
v 0.010248813778162003 0.012797541916370392 0.09500005841255188
v 0.010047880932688713 0.012774652801454067 0.09731096029281616
v 0.0104474863037467 0.013041202910244465 0.09334030002355576
v 0.00891878828406334 0.015066486783325672 0.09334030002355576
v 0.008768127299845219 0.01477216649800539 0.09495920687913895
v 0.008617285639047623 0.014756935648620129 0.09721903502941132
v 0.011088304221630096 0.0004200465918984264 0.09335051476955414
v 0.01087869144976139 0.0004378265584819019 0.09504091739654541
v 0.009729195386171341 -0.0017727470258250833 0.09500005841255188
v 0.010678829625248909 0.00044495423207990825 0.09736969321966171
v 0.009529669769108295 -0.0017561855493113399 0.09731096029281616
v 0.011405706405639648 0.002880127402022481 0.09741054475307465
v 0.00991679634898901 -0.0018395480001345277 0.09334030002355576
v 0.008317672647535801 -0.003754143137484789 0.09334030002355576
v 0.008161025121808052 -0.0036480864509940147 0.09495920687913895
v 0.007961532101035118 -0.003630667692050338 0.09721903502941132
v 0.002126597333699465 0.0187813863158226 0.13377976417541504
v -0.0005936377565376461 0.019098229706287384 0.13384871184825897
v 0.0019079830963164568 0.017978549003601074 0.13144077360630035
v -0.0006520261522382498 0.018289679661393166 0.13155058026313782
v -0.0007094833999872208 0.017530901357531548 0.1286396086215973
v 0.0016420913161709905 0.017246954143047333 0.12849916517734528
v 0.0038895481266081333 0.01657686196267605 0.12813912332057953
v 0.004323981702327728 0.01725178025662899 0.13120074570178986
v 0.006494802888482809 0.01611384190618992 0.13090965151786804
v 0.004691265057772398 0.01800895668566227 0.1336597502231598
v 0.006989446468651295 0.016796059906482697 0.1335703730583191
v 0.005943832919001579 0.015533245168626308 0.1276692897081375
v 0.007684323936700821 0.014119546860456467 0.12716880440711975
v 0.008311492390930653 0.014587510377168655 0.13062110543251038
v 0.008922703564167023 0.015176263637840748 0.133498877286911
v 0.0012772772461175919 -0.006454488728195429 0.10855904221534729
v -0.0012887787306681275 -0.0065733627416193485 0.10856925696134567
v 0.001065522083081305 -0.006496742833405733 0.10697077214717865
v -0.0014904141426086426 -0.006615978199988604 0.1067894771695137
v -0.0016920495545491576 -0.006658593192696571 0.10501991957426071
v -0.004051603376865387 -0.006314251571893692 0.10653923451900482
v -0.00423303060233593 -0.006358446553349495 0.10438920557498932
v -0.006659147795289755 -0.005631318315863609 0.10369976609945297
v -0.0038600873667746782 -0.006271275691688061 0.10868927091360092
v -0.006316087674349546 -0.005553386639803648 0.1087888553738594
v -0.006487027741968632 -0.005587650462985039 0.10625069588422775
v -0.008697484619915485 -0.0044482978992164135 0.10596980899572372
v -0.008848997764289379 -0.004482395481318235 0.10316864401102066
v -0.008536663837730885 -0.004413673188537359 0.10877098143100739
v -0.010392284952104092 -0.002866201801225543 0.10869947820901871
v -0.01055394858121872 -0.002900796476751566 0.10579106956720352
v -0.010715245269238949 -0.002925099339336157 0.10289031267166138
v 0.0037279464304447174 -0.005901280324906111 0.10857947170734406
v 0.003526280401274562 -0.005944753531366587 0.1070907860994339
v 0.005792887415736914 -0.004965065512806177 0.10714951902627945
v 0.0033347648568451405 -0.005987729411572218 0.10559955984354019
v 0.00560173811390996 -0.004997749347239733 0.10575021058320999
v 0.0008638561121188104 -0.006540216039866209 0.10539016872644424
v 0.005984066519886255 -0.004931523464620113 0.10854882746934891
v 0.007946050725877285 -0.003520198632031679 0.10854116827249527
v 0.00775439478456974 -0.0035434188321232796 0.10720058530569077
v 0.007563215680420399 -0.0035769608803093433 0.10586000978946686
v 0.006281025242060423 0.01573074795305729 0.11758048832416534
v 0.00612272135913372 0.015506256371736526 0.11938069015741348
v 0.004296764265745878 0.01677272655069828 0.11780008673667908
v 0.004109281115233898 0.016558721661567688 0.1193704754114151
v 0.0018419527914375067 0.017239827662706375 0.11924024671316147
v 0.004022964276373386 0.016671715304255486 0.12103023380041122
v 0.0017650510417297482 0.017332736402750015 0.1209510788321495
v 0.006047257222235203 0.015639472752809525 0.12129069119691849
v 0.0077863410115242004 0.014186323620378971 0.12151028960943222
v 0.007793249096721411 0.014095911756157875 0.11920960247516632
v 0.007951919920742512 0.014330694451928139 0.11703914403915405
v 0.0020489406306296587 0.017432527616620064 0.11758048832416534
v -0.00037226095446385443 0.01772926189005375 0.11701872199773788
v -0.0005593767273239791 0.017525548115372658 0.11895936727523804
v -0.0006369819166138768 0.017598729580640793 0.12091021984815598
v -0.00939282774925232 0.014788676984608173 0.10572978109121323
v -0.009349841624498367 0.014857559464871883 0.10911059379577637
v -0.010824565775692463 0.013069053180515766 0.10576042532920837
v -0.01078315731137991 0.013117382302880287 0.1090901643037796
v -0.011817672289907932 0.011052983812987804 0.10910037904977798
v -0.00960827898234129 0.014926886186003685 0.10250984877347946
v -0.011102399788796902 0.013139071874320507 0.10258900374174118
v -0.012198562733829021 0.01102706603705883 0.10292095690965652
v -0.011868833564221859 0.011015307158231735 0.10592895746231079
v -0.012530514970421791 0.00872722640633583 0.10616898536682129
v -0.012449698522686958 0.008744094520807266 0.10910037904977798
v -0.012706998735666275 0.00631192559376359 0.10910037904977798
v -0.012806507758796215 0.006315474398434162 0.1063094213604927
v -0.01317671500146389 0.006328676827251911 0.10366912931203842
v -0.012703017331659794 0.0038901891093701124 0.10617920011281967
v -0.013062034733593464 0.003933047875761986 0.10340101271867752
v -0.01253573689609766 0.0015725446864962578 0.10292095690965652
v -0.01262360718101263 0.0038676063995808363 0.10911059379577637
v -0.012157660908997059 0.001519560581073165 0.10912080854177475
v -0.012206008657813072 0.001560785691253841 0.10593917220830917
v -0.011311059817671776 -0.0005724220536649227 0.10578085482120514
v -0.011592808179557323 -0.0006121800397522748 0.10258900374174118
v -0.011273198761045933 -0.000623578205704689 0.10913102328777313
v -0.009967485442757607 -0.0024614364374428988 0.10915910452604294
v -0.010005456395447254 -0.0023896670900285244 0.10576042532920837
v -0.010229839012026787 -0.0025018861051648855 0.10250984877347946
v -0.012891673482954502 0.008710050955414772 0.10340101271867752
v -0.006670189090073109 -0.005940922535955906 0.07325973361730576
v -0.00418456457555294 -0.0066804783418774605 0.07325973361730576
v -0.004022533539682627 -0.006635591387748718 0.0739210844039917
v -0.0015638376353308558 -0.006993772927671671 0.07321887463331223
v -0.0014026809949427843 -0.006949713919311762 0.07382915914058685
v 0.0011941015254706144 -0.006821631453931332 0.0739491730928421
v -0.0012504329206421971 -0.006895033642649651 0.0744292289018631
v 0.0013362292665988207 -0.0067665898241102695 0.0746411681175232
v -0.0038711288943886757 -0.006580880843102932 0.0745798796415329
v -0.006416182033717632 -0.005850369110703468 0.07498078048229218
v -0.006537703797221184 -0.005895841401070356 0.07412025332450867
v -0.008838166482746601 -0.0047232238575816154 0.07430921494960785
v -0.008918843232095242 -0.004759847652167082 0.07309886068105698
v -0.008746159262955189 -0.004676699172705412 0.07550934702157974
v -0.010721301659941673 -0.0030949104111641645 0.07595109939575195
v -0.010772493667900562 -0.0031334448140114546 0.07443944364786148
v -0.010833438485860825 -0.003161326516419649 0.07292012125253677
v 0.0010624289279803634 -0.006867600604891777 0.07326994836330414
v 0.0035935782361775637 -0.006306957453489304 0.07334910333156586
v 0.003696070984005928 -0.0062505025416612625 0.07416877150535583
v 0.003797354642301798 -0.0062043084762990475 0.07499099522829056
v 0.0044202785938978195 0.017158180475234985 0.08726046234369278
v 0.0047288378700613976 0.01709737256169319 0.08975010365247726
v 0.0016920642228797078 0.017535420134663582 0.08959945291280746
v 0.0044181374832987785 0.01709814742207527 0.09233933687210083
v 0.0017213522223755717 0.017504319548606873 0.09224995970726013
v -0.0007496037287637591 0.017802828922867775 0.0919409915804863
v -0.0007890114793553948 0.017834288999438286 0.0894002765417099
v -0.0008178231655620039 0.017855066806077957 0.08710980415344238
v 0.0016725596506148577 0.017556725069880486 0.08717875182628632
v -0.010005456395447254 -0.0023896670900285244 0.10576042532920837
v -0.009967485442757607 -0.0024614364374428988 0.10915910452604294
v -0.008275280706584454 -0.0038321944884955883 0.10593917220830917
v -0.008208162151277065 -0.0039153085090219975 0.10922039300203323
v -0.006085797678679228 -0.004991407971829176 0.10923060774803162
v -0.010229839012026787 -0.0025018861051648855 0.10250984877347946
v -0.008441227488219738 -0.003986857365816832 0.1027907282114029
v -0.006328842137008905 -0.005082352552562952 0.10330908745527267
v -0.00620233453810215 -0.004897085949778557 0.1062200516462326
v -0.0038953707553446293 -0.005579605232924223 0.10651114583015442
v -0.0037174131721258163 -0.00565636670216918 0.1090901643037796
v -0.0012554755667224526 -0.005923639051616192 0.1089395061135292
v -0.0014636823907494545 -0.005866408813744783 0.10676904767751694
v -0.0015812809579074383 -0.006062297150492668 0.10457050800323486
v 0.0009712954051792622 -0.005753164179623127 0.10697077214717865
v 0.0008343018707819283 -0.005948361475020647 0.10492032766342163
v 0.0031855704728513956 -0.005412217229604721 0.10512971878051758
v 0.001189958886243403 -0.005801322404295206 0.10891908407211304
v 0.0035304042976349592 -0.00528454314917326 0.10894972085952759
v 0.0033016218803822994 -0.005236024037003517 0.10710100084543228
v 0.005426100455224514 -0.004311378579586744 0.1071801632642746
v 0.005329812411218882 -0.004477971699088812 0.10528036952018738
v 0.005673942621797323 -0.004370023496448994 0.10892929136753082
v 0.007511756382882595 -0.003054740373045206 0.1089395061135292
v 0.007243339903652668 -0.0030048079788684845 0.10725931823253632
v 0.007178816478699446 -0.003133032936602831 0.10540038347244263
v -0.004002006258815527 -0.0057758851908147335 0.10397043824195862
v -0.00407472625374794 -0.006133954040706158 0.072759248316288
v -0.006451456341892481 -0.00541889201849699 0.072759248316288
v -0.003876420669257641 -0.005900584161281586 0.07383937388658524
v -0.006272913422435522 -0.0051951222121715546 0.07404875755310059
v -0.00611516460776329 -0.005270304158329964 0.07535102963447571
v -0.008424903266131878 -0.004097355995327234 0.0742504820227623
v -0.008348844014108181 -0.004190234467387199 0.0759204626083374
v -0.010246241465210915 -0.0027013830840587616 0.07639029622077942
v -0.008582839742302895 -0.004311556462198496 0.07261114567518234
v -0.010399559512734413 -0.0027860815171152353 0.07244006544351578
v -0.010233753360807896 -0.0026116634253412485 0.0744011402130127
v -0.001543865306302905 -0.006433739792555571 0.07273115962743759
v -0.0013860685285180807 -0.0061997841112315655 0.07376021146774292
v 0.0010998747311532497 -0.0060780528001487255 0.0739210844039917
v -0.0012272490421310067 -0.00624494906514883 0.07480969280004501
v 0.0012085724156349897 -0.006131735164672136 0.07501908391714096
v -0.0036982360761612654 -0.005947298835963011 0.07495013624429703
v 0.0009925352642312646 -0.006294057704508305 0.07278989255428314
v 0.0034335607197135687 -0.005750810261815786 0.07286904752254486
v 0.003460420062765479 -0.00554224057123065 0.07415089756250381
v 0.0035582943819463253 -0.005615286994725466 0.07537911832332611
v 0.011777283623814583 0.005438746884465218 0.07371935993432999
v 0.011660682037472725 0.008064582012593746 0.07371935993432999
v 0.01164162252098322 0.00807470828294754 0.07495013624429703
v 0.011091022752225399 0.010606104508042336 0.07368871569633484
v 0.011080567725002766 0.010597031563520432 0.07489906996488571
v 0.011070446111261845 0.010597391985356808 0.07611963152885437
v 0.011621383018791676 0.008075430057942867 0.07618091255426407
v 0.011748472228646278 0.005459525156766176 0.07617069780826569
v 0.011767531745135784 0.005449399352073669 0.07493992149829865
v 0.0035935782361775637 -0.006306957453489304 0.07334910333156586
v 0.005931616295129061 -0.005289456807076931 0.07340017706155777
v 0.0060033840127289295 -0.005242211278527975 0.07431942969560623
v 0.007954374887049198 -0.0038313528057187796 0.07345890253782272
v 0.007996289059519768 -0.0037924875505268574 0.07448029518127441
v 0.008037363179028034 -0.003753592260181904 0.07549913227558136
v 0.0060747843235731125 -0.005205255933105946 0.07524889707565308
v 0.003797354642301798 -0.0062043084762990475 0.07499099522829056
v 0.003696070984005928 -0.0062505025416612625 0.07416877150535583
v -0.0038035823963582516 -0.005823320709168911 0.09668025374412537
v -0.001342745847068727 -0.006121468264609575 0.09685899317264557
v -0.0035695568658411503 -0.005701141431927681 0.09384077787399292
v -0.0011281160404905677 -0.005998596549034119 0.09420081973075867
v -0.0011290377005934715 -0.006308562587946653 0.09226017445325851
v 0.0013173493789508939 -0.005875422619283199 0.0945097953081131
v 0.001367221586406231 -0.006158002186566591 0.09265086054801941
v 0.0037689791060984135 -0.005603049416095018 0.09290110319852829
v 0.001112502533942461 -0.006008088123053312 0.09712966531515121
v 0.003492919495329261 -0.0054832883179187775 0.09739011526107788
v 0.003667407901957631 -0.005349540151655674 0.09473960846662521
v 0.005812156479805708 -0.00442475825548172 0.09484940767288208
v 0.005955136846750975 -0.004629939328879118 0.09302111715078354
v 0.005667886696755886 -0.004539834335446358 0.09756120294332504
v 0.007537131197750568 -0.0031956173479557037 0.09766078740358353
v 0.007650307379662991 -0.003100041765719652 0.0949004739522934
v 0.007835064083337784 -0.003246602602303028 0.09304920583963394
v -0.006149953696876764 -0.005109341349452734 0.09645044058561325
v -0.0059259384870529175 -0.005007414147257805 0.09343988448381424
v -0.008129228837788105 -0.00392756937071681 0.09302111715078354
v -0.006056727841496468 -0.0053127482533454895 0.09123878180980682
v -0.008269098587334156 -0.004203382413834333 0.09089916944503784
v -0.0036307196132838726 -0.006019263528287411 0.09174948185682297
v -0.008251821622252464 -0.004003058187663555 0.0960010215640068
v -0.009970697574317455 -0.0025514878798276186 0.09567928314208984
v -0.00999821163713932 -0.0024706455878913403 0.09278108924627304
v -0.010188874788582325 -0.0027738441713154316 0.09028889238834381
v 0.007601771038025618 -0.0033481987193226814 0.07595109939575195
v 0.007485602516680956 -0.0032435855828225613 0.07448029518127441
v 0.005626110825687647 -0.00459845457226038 0.07431942969560623
v 0.007559519726783037 -0.003396497806534171 0.07298906147480011
v 0.005649202968925238 -0.004779610317200422 0.07293033599853516
v 0.0034335607197135687 -0.005750810261815786 0.07286904752254486
v 0.003460420062765479 -0.00554224057123065 0.07415089756250381
v 0.0035582943819463253 -0.005615286994725466 0.07537911832332611
v 0.005732894875109196 -0.00468212366104126 0.07567021995782852
v 0.004373438656330109 0.017809903249144554 0.09258957207202911
v 0.00437132827937603 0.017750727012753487 0.08975010365247726
v 0.001808692584745586 0.018272338435053825 0.08960966765880585
v 0.004364756401628256 0.017850574105978012 0.08700000494718552
v 0.0017891564639285207 0.018292784690856934 0.08717109262943268
v -0.0007910914137028158 0.018604636192321777 0.08712001889944077
v -0.0007622796692885458 0.018583858385682106 0.08941049128770828
v -0.0007228719769045711 0.018552398309111595 0.09195120632648468
v 0.0018374737119302154 0.01825070194900036 0.09226017445325851
v 0.010025426745414734 0.0006382829742506146 0.07486076653003693
v 0.010192422196269035 0.0005619123112410307 0.07321121543645859
v 0.008939353749155998 -0.0014749405672773719 0.07467947155237198
v 0.009075792506337166 -0.0015794183127582073 0.07310907542705536
v 0.007559519726783037 -0.003396497806534171 0.07298906147480011
v 0.007485602516680956 -0.0032435855828225613 0.07448029518127441
v 0.007601771038025618 -0.0033481987193226814 0.07595109939575195
v 0.009066038765013218 -0.0015687653794884682 0.07626007497310638
v 0.010153490118682384 0.0005830516456626356 0.07652052491903305
v -0.01075826957821846 0.013247020542621613 0.09578908979892731
v -0.01184220239520073 0.011193830519914627 0.09624871611595154
v -0.01087268628180027 0.01314032543450594 0.09292919188737869
v -0.011947539635002613 0.011057615280151367 0.0933709442615509
v -0.012106555514037609 0.011073591187596321 0.09103961288928986
v -0.012640650384128094 0.008740600198507309 0.09403995424509048
v -0.01279966626316309 0.008756576105952263 0.09160903841257095
v -0.01308648195117712 0.006325459107756615 0.0919409915804863
v -0.012859173119068146 0.008769002743065357 0.08917046338319778
v -0.013156842440366745 0.006317663472145796 0.08936963975429535
v -0.013166962191462517 0.006318024825304747 0.0868595689535141
v -0.013034183531999588 0.0038616391830146313 0.08917046338319778
v -0.01304464042186737 0.0038525662384927273 0.08679062128067017
v -0.012518709525465965 0.0014817719347774982 0.08662975579500198
v -0.013024767860770226 0.0038415531162172556 0.08457931131124496
v -0.012500016950070858 0.0014613547828048468 0.0845588818192482
v -0.012602738104760647 0.0013748520286753774 0.08205902576446533
v -0.011576623655855656 -0.0007029228145256639 0.08457931131124496
v -0.011670999228954315 -0.0008395290933549404 0.08225053548812866
v -0.010338247753679752 -0.002747908001765609 0.08256971836090088
v -0.013137013651430607 0.0037957499735057354 0.08200029283761978
v -0.013257531449198723 0.006311808712780476 0.08201050758361816
v -0.013136940076947212 0.006307507865130901 0.08460994809865952
v -0.012849053367972374 0.008768641389906406 0.08459973335266113
v -0.012869292870163918 0.008769363164901733 0.08679062128067017
v -0.012175845913589 0.011095812544226646 0.08663997054100037
v -0.012166094034910202 0.011085160076618195 0.08880021423101425
v -0.011081933975219727 0.013168396428227425 0.08850911259651184
v -0.011021583341062069 0.013155939988791943 0.09064893424510956
v -0.009558385238051414 0.014905356802046299 0.09051104635000229
v -0.009409855119884014 0.014879449270665646 0.09278874844312668
v -0.012968574650585651 0.008802959695458412 0.08203093707561493
v -0.012262867763638496 0.011189081706106663 0.08212030678987503
v -0.01215608324855566 0.011105412617325783 0.08458952605724335
v -0.011080862954258919 0.013198413886129856 0.08460994809865952
v -0.011090506799519062 0.013188453391194344 0.08649952709674835
v -0.009637427516281605 0.014938230626285076 0.0864407941699028
v -0.009617555886507034 0.014927216805517673 0.08837888389825821
v -0.00933698657900095 0.014957570470869541 0.09567928314208984
v -0.012546135112643242 0.00885745044797659 0.09695091843605042
v -0.0128571055829525 0.00631727883592248 0.09735947847366333
v -0.012927099131047726 0.006319775246083736 0.0944204181432724
v -0.012814192101359367 0.00387440319173038 0.09403995424509048
v -0.012973942793905735 0.0038697957061231136 0.09160903841257095
v -0.012447645887732506 0.0015092926332727075 0.09103961288928986
v -0.012507855892181396 0.0015019939746707678 0.08880021423101425
v -0.01156580075621605 -0.0006835583481006324 0.08850911259651184
v -0.011576256714761257 -0.0006926312926225364 0.08649952709674835
v -0.010250523686408997 -0.0028214515186846256 0.0865301713347435
v -0.010221493430435658 -0.0025519896298646927 0.08468911051750183
v -0.012727905064821243 0.003760550869628787 0.09695091843605042
v -0.012192192487418652 0.0013799617299810052 0.09624871611595154
v -0.01228752825409174 0.0015241920482367277 0.0933709442615509
v -0.011363798752427101 -0.0006306517752818763 0.09292919188737869
v -0.011505193077027798 -0.0006651105941273272 0.09063871949911118
v -0.010188874788582325 -0.0027738441713154316 0.09028889238834381
v -0.01032479852437973 -0.0029390237759798765 0.08825887739658356
v -0.00999821163713932 -0.0024706455878913403 0.09278108924627304
v -0.009970697574317455 -0.0025514878798276186 0.09567928314208984
v -0.011267361231148243 -0.0007440074696205556 0.09579929709434509
v -0.00963672436773777 0.014957955107092857 0.08472996205091476
v -0.009701029397547245 0.015119971707463264 0.08267951756715775
v -0.011165633797645569 0.013331104069948196 0.08233990520238876
v 0.006566203199326992 0.01615079678595066 0.09286024421453476
v 0.008493623696267605 0.01465142983943224 0.09289088845252991
v 0.006379830185323954 0.01570747420191765 0.0948391929268837
v 0.008239506743848324 0.014250023290514946 0.09486982971429825
v 0.00817309133708477 0.014352862723171711 0.09767100214958191
v 0.006404688116163015 0.015836253762245178 0.09756886214017868
v 0.004292333498597145 0.01693260669708252 0.09740033000707626
v 0.004186629317700863 0.01678610034286976 0.09476003050804138
v 0.0018201583297923207 0.017481045797467232 0.09455064684152603
v 0.0044181374832987785 0.01709814742207527 0.09233933687210083
v 0.0017213522223755717 0.017504319548606873 0.09224995970726013
v 0.0019550116267055273 0.017616208642721176 0.09712966531515121
v -0.00048595326370559633 0.017903342843055725 0.09685899317264557
v -0.0006204391829669476 0.017778471112251282 0.09422890841960907
v -0.0007496037287637591 0.017802828922867775 0.0919409915804863
v 0.006588473916053772 0.01623072288930416 0.08683913946151733
v 0.0044202785938978195 0.017158180475234985 0.08726046234369278
v 0.006262590177357197 0.0157820712774992 0.08531981706619263
v 0.004009850788861513 0.016872266307473183 0.0854806900024414
v 0.0038965255953371525 0.01705663837492466 0.08360898494720459
v 0.001593993161804974 0.017579277977347374 0.08557005971670151
v 0.0015098160365596414 0.017752306535840034 0.08387965708971024
v -0.0009716266649775207 0.018040884286165237 0.08396902680397034
v 0.0016725596506148577 0.017556725069880486 0.08717875182628632
v -0.0008178231655620039 0.017855066806077957 0.08710980415344238
v -0.0008874500636011362 0.017867853865027428 0.08558027446269989
v 0.008547291159629822 0.014759431593120098 0.08681105077266693
v 0.008172020316123962 0.01432284526526928 0.08511043339967728
v 0.007946786470711231 0.014470850117504597 0.08278931677341461
v 0.006078904494643211 0.015958648175001144 0.08321064710617065
v 0.010859563946723938 0.002979465527459979 0.07660990208387375
v 0.011148888617753983 0.00548090785741806 0.07663032412528992
v 0.010719943791627884 0.0029947494622319937 0.07491949200630188
v 0.011018684133887291 0.005476105492562056 0.07492970675230026
v 0.011197940446436405 0.005459407810121775 0.07324951887130737
v 0.01089812908321619 0.0029480350203812122 0.07324951887130737
v 0.010192422196269035 0.0005619123112410307 0.07321121543645859
v 0.010025426745414734 0.0006382829742506146 0.07486076653003693
v 0.010153490118682384 0.0005830516456626356 0.07652052491903305
v 0.006666446104645729 0.016167832538485527 0.11805032938718796
v 0.004515864420682192 0.017305048182606697 0.11828014254570007
v 0.006535141263157129 0.016132153570652008 0.11942920833826065
v 0.004384222440421581 0.017259938642382622 0.11941899359226227
v 0.00426266947761178 0.01721360720694065 0.12056039273738861
v 0.001988096395507455 0.017975691705942154 0.119281105697155
v 0.0018859398551285267 0.017928671091794968 0.1205093264579773
v -0.0006148991524241865 0.018217939883470535 0.12048889696598053
v 0.0020994986407458782 0.01802152395248413 0.11804011464118958
v -0.00046084652421996 0.018323220312595367 0.11747068911790848
v -0.0005326449754647911 0.01827511563897133 0.1189797893166542
v 0.008472680114209652 0.01463242620229721 0.11749111115932465
v 0.008351493626832962 0.014596388675272465 0.11926067620515823
v 0.008220219053328037 0.014561568386852741 0.12102002650499344
v 0.006403499282896519 0.016087044030427933 0.12081063538789749
v 0.008172020316123962 0.01432284526526928 0.08511043339967728
v 0.007946786470711231 0.014470850117504597 0.08278931677341461
v 0.009566755034029484 0.012471507303416729 0.08492913842201233
v 0.009380592033267021 0.012578616850078106 0.08245991915464401
v 0.010382662527263165 0.010371173731982708 0.08225053548812866
v 0.008547291159629822 0.014759431593120098 0.08681105077266693
v 0.0100717069581151 0.012614080682396889 0.08736004680395126
v 0.011124740354716778 0.010415124706923962 0.08741877973079681
v 0.010520508512854576 0.010306146927177906 0.08480912446975708
v 0.011055744253098965 0.00793587975203991 0.0847708210349083
v 0.010936700738966465 0.007959875278174877 0.08216116577386856
v 0.011057586409151554 0.005454108584672213 0.08215095102787018
v 0.011167582124471664 0.005460490472614765 0.08476060628890991
v 0.011837863363325596 0.0054563372395932674 0.08743920922279358
v 0.010879694484174252 0.00299935694783926 0.08476060628890991
v 0.011397728696465492 0.0029405225068330765 0.08736004680395126
v 0.01053477730602026 0.000620118051301688 0.08659911155700684
v 0.010758509859442711 0.002963318955153227 0.08213052153587341
v 0.010034109465777874 0.0005976136890240014 0.08217903971672058
v 0.010176940821111202 0.000672380905598402 0.08478869497776031
v 0.009071728214621544 -0.0014092463534325361 0.08488062024116516
v 0.009368255734443665 -0.0014996823156252503 0.0865301713347435
v 0.008887121453881264 -0.0015426342142745852 0.08237054944038391
v 0.007322163786739111 -0.003327922197058797 0.08267951756715775
v 0.00758795440196991 -0.0031673747580498457 0.0850389376282692
v 0.007873063907027245 -0.0033175137359648943 0.08659911155700684
v 0.01168819610029459 0.007983739487826824 0.0874289944767952
v 0.011028737761080265 0.008007258176803589 0.0766405388712883
v 0.01049516536295414 0.010447881184518337 0.0765792578458786
v 0.010897431522607803 0.007971581071615219 0.07493992149829865
v 0.010362423025071621 0.010371895506978035 0.07489906996488571
v 0.010533729568123817 0.010416450910270214 0.07321887463331223
v 0.01107775792479515 0.00798490084707737 0.07324951887130737
v 0.011197940446436405 0.005459407810121775 0.07324951887130737
v 0.011018684133887291 0.005476105492562056 0.07492970675230026
v 0.011148888617753983 0.00548090785741806 0.07663032412528992
v 0.010106946341693401 0.0006748770829290152 0.0977986752986908
v 0.010799581184983253 0.0030022140126675367 0.09782931953668594
v 0.010870645754039288 0.0030297350604087114 0.09496942162513733
v 0.011087468825280666 0.0054633477702736855 0.09784974157810211
v 0.011167949065566063 0.0054707820527255535 0.09497963637113571
v 0.011044922284781933 0.00791651476174593 0.09496942162513733
v 0.011461589485406876 0.005559921730309725 0.09305941313505173
v 0.011361310258507729 0.008075258694589138 0.09302111715078354
v 0.011152026243507862 0.0030592011753469706 0.09307984262704849
v 0.01043741125613451 0.0006837009568698704 0.09309005737304688
v 0.010188020765781403 0.0007226504385471344 0.09495920687913895
v 0.009103385731577873 -0.0013502647634595633 0.09493111819028854
v 0.009011151269078255 -0.0014268363593146205 0.09773994237184525
v 0.009330393746495247 -0.0014485260471701622 0.09307984262704849
v 0.007835064083337784 -0.003246602602303028 0.09304920583963394
v 0.007650307379662991 -0.003100041765719652 0.0949004739522934
v 0.007537131197750568 -0.0031956173479557037 0.09766078740358353
v 0.010975630953907967 0.00793873704969883 0.09782931953668594
v 0.010440395213663578 0.010309004224836826 0.0977986752986908
v 0.010528713464736938 0.010275798849761486 0.09493877738714218
v 0.009594498202204704 0.012420712038874626 0.09491068869829178
v 0.010837492533028126 0.010505229234695435 0.09298025816679001
v 0.009906119666993618 0.012729901820421219 0.09292919188737869
v 0.009507248178124428 0.012483934871852398 0.09773994237184525
v 0.00817309133708477 0.014352862723171711 0.09767100214958191
v 0.008239506743848324 0.014250023290514946 0.09486982971429825
v 0.008493623696267605 0.01465142983943224 0.09289088845252991
v 0.00752893416211009 -0.003425462171435356 0.06663089990615845
v 0.007424149662256241 -0.0032620031852275133 0.0642995685338974
v 0.005545293912291527 -0.004615323152393103 0.06416934728622437
v 0.007578687276691198 -0.0034272365737706423 0.06186099722981453
v 0.005668371915817261 -0.0048103490844368935 0.06179971247911453
v 0.0034429465886205435 -0.0057717543095350266 0.06174098327755928
v 0.0033598400186747313 -0.0055687082931399345 0.06403911858797073
v 0.003392715472728014 -0.005759657826274633 0.06622999906539917
v 0.0009689362486824393 -0.0061034392565488815 0.06399060040712357
v 0.0009824164444580674 -0.006293696817010641 0.06616105884313583
v -0.0015330425230786204 -0.006414375733584166 0.06616871803998947
v 0.0010015845764428377 -0.006324435584247112 0.06171034276485443
v -0.001534112961962819 -0.00644439272582531 0.06175119802355766
v -0.0015259160427376628 -0.006214547902345657 0.06402124464511871
v -0.003997239284217358 -0.005926331505179405 0.06410039961338043
v -0.004044476896524429 -0.006114423740655184 0.066209577023983
v -0.004055330529808998 -0.006134646013379097 0.06187121197581291
v -0.006431217305362225 -0.005419613793492317 0.061970796436071396
v -0.006343977525830269 -0.005222642794251442 0.06418976932764053
v -0.008455964736640453 -0.0041159987449646 0.06425871700048447
v -0.006420730613172054 -0.005409682635217905 0.0662989467382431
v -0.008561897091567516 -0.00429255235940218 0.06643939018249512
v 0.005608497653156519 -0.0048082135617733 0.06642917543649673
v -0.008562264032661915 -0.004302844405174255 0.06196058169007301
v -0.0103700440376997 -0.0027871341444551945 0.0619095116853714
v -0.010234487242996693 -0.0026322463527321815 0.06430978327989578
v -0.010379320941865444 -0.0027868032921105623 0.06659004092216492
v -0.008089864626526833 0.016804000362753868 0.10316864401102066
v -0.010062305256724358 0.015383602119982243 0.10289031267166138
v -0.007941195741295815 0.01675833761692047 0.10593917220830917
v -0.009903516620397568 0.01533757895231247 0.10577064007520676
v -0.009744727984070778 0.015291556715965271 0.10865096747875214
v -0.007783586625009775 0.016702910885214806 0.10870969295501709
v -0.005487464368343353 0.0176815465092659 0.10874033719301224
v -0.005655192770063877 0.017737332731485367 0.1062200516462326
v -0.003174165729433298 0.018289459869265556 0.10651114583015442
v -0.00582373421639204 0.017794009298086166 0.10369976609945297
v -0.0033520141150802374 0.018345607444643974 0.10438920557498932
v -0.002986197592690587 0.018232950940728188 0.10862032324075699
v -0.00039990193909034133 0.018351102247834206 0.10850030928850174
v -0.0005979894194751978 0.018407972529530525 0.10675884038209915
v -0.0007960768416523933 0.018464842811226845 0.10501991957426071
v -0.011243239045143127 0.01340428739786148 0.061899296939373016
v -0.009727809578180313 0.015221396461129189 0.0619095116853714
v -0.011078018695116043 0.013278174214065075 0.06435064226388931
v -0.009603660553693771 0.015056388452649117 0.06430978327989578
v -0.009737452492117882 0.015211435966193676 0.06659004092216492
v -0.0112533587962389 0.013404647819697857 0.06667941808700562
v -0.012380841188132763 0.011243095621466637 0.06672026962041855
v -0.012183457612991333 0.011166499927639961 0.06437107175588608
v -0.012878005392849445 0.008809175342321396 0.06437873095273972
v -0.012370721437036991 0.011242734268307686 0.061899296939373016
v -0.013086549006402493 0.008856972679495811 0.061899296939373016
v -0.013096668757498264 0.008857333101332188 0.06674069911241531
v -0.01339681539684534 0.006336526479572058 0.06674069911241531
v -0.01317671500146389 0.006328676827251911 0.06437873095273972
v -0.013055493123829365 0.003832343965768814 0.06437873095273972
v -0.013386695645749569 0.006336165592074394 0.061899296939373016
v -0.013266880996525288 0.003800381440669298 0.061899296939373016
v -0.012723189778625965 0.0013593973126262426 0.061899296939373016
v -0.01253060344606638 0.0014323900686576962 0.06437107175588608
v -0.011578764766454697 -0.000762956973630935 0.06435064226388931
v -0.0127329733222723 0.0013691920321434736 0.06672026962041855
v -0.011762302368879318 -0.0008663280168548226 0.06667941808700562
v -0.01327700074762106 0.0038007423281669617 0.06674069911241531
v -0.011752182617783546 -0.0008666889043524861 0.061899296939373016
v -0.0103700440376997 -0.0027871341444551945 0.0619095116853714
v -0.010234487242996693 -0.0026322463527321815 0.06430978327989578
v -0.010379320941865444 -0.0027868032921105623 0.06659004092216492
v 0.0016732631484046578 0.01757645048201084 0.10492032766342163
v 0.003980335779488087 0.016873318701982498 0.10512971878051758
v 0.0017960037803277373 0.017371991649270058 0.1069401353597641
v 0.004083571955561638 0.01669016294181347 0.10707036405801773
v 0.0043155658058822155 0.01673169620335102 0.10889099538326263
v 0.006136755459010601 0.015615671873092651 0.10715973377227783
v 0.00638817623257637 0.015657370910048485 0.10888078063726425
v 0.008117844350636005 0.014224306680262089 0.10889865458011627
v 0.006052609998732805 0.015789559110999107 0.10529058426618576
v 0.007801109459251165 0.014316323213279247 0.10540038347244263
v 0.007856335490942001 0.014183827675879002 0.10723888874053955
v -0.0007280668942257762 0.017862170934677124 0.10457050800323486
v -0.0006247211713343859 0.017658403143286705 0.10674095898866653
v -0.00041296647395938635 0.01770065724849701 0.10888078063726425
v 0.002017878694459796 0.01741388440132141 0.10886035114526749
v -0.011175019666552544 0.013352048583328724 0.07662010937929153
v -0.01228240318596363 0.011209528893232346 0.07656904309988022
v -0.011097414419054985 0.01327886525541544 0.0744905099272728
v -0.012193577364087105 0.011166860349476337 0.07445986568927765
v -0.012401080690324306 0.011243817396461964 0.07238899916410446
v -0.012888125143945217 0.008809536695480347 0.07443944364786148
v -0.013116431422531605 0.008847733959555626 0.07238899916410446
v -0.013416211120784283 0.00633721798658371 0.07238899916410446
v -0.01298656314611435 0.008843102492392063 0.07653073966503143
v -0.013275857083499432 0.006342517212033272 0.07652052491903305
v -0.013186467811465263 0.006339329294860363 0.0744292289018631
v -0.013065245933830738 0.0038429966662079096 0.0744292289018631
v -0.013296396471560001 0.0038014340680092573 0.07238899916410446
v -0.013156182132661343 0.0038264889735728502 0.07650010287761688
v -0.012621539644896984 0.0014158827252686024 0.07651031017303467
v -0.012530236504971981 0.0014426816487684846 0.0744292289018631
v -0.011587337590754032 -0.0007429008255712688 0.07443944364786148
v -0.01275321189314127 0.0013699138071388006 0.07238899916410446
v -0.011791817843914032 -0.0008652753895148635 0.07238899916410446
v -0.011283241212368011 0.013395409099757671 0.07238899916410446
v -0.009757325053215027 0.015222449786961079 0.07245028018951416
v -0.009603997692465782 0.015046954154968262 0.07447008043527603
v -0.00961947813630104 0.015157422050833702 0.07650010287761688
v -0.010399559512734413 -0.0027860815171152353 0.07244006544351578
v -0.010233753360807896 -0.0026116634253412485 0.0744011402130127
v -0.010246241465210915 -0.0027013830840587616 0.07639029622077942
v -0.011669592000544071 -0.0008000779198482633 0.07653073966503143
v -0.0006552376435138285 0.018199628219008446 0.06616871803998947
v -0.0006619970081374049 0.01801009103655815 0.06402124464511871
v 0.0018182353815063834 0.017711251974105835 0.06399060040712357
v -0.0006538001471199095 0.018239935860037804 0.06175119802355766
v 0.0018665435491129756 0.017929362133145332 0.06171034276485443
v 0.00426266947761178 0.01721360720694065 0.06174098327755928
v 0.0041649737395346165 0.01700756326317787 0.06403911858797073
v 0.004211368039250374 0.0171956866979599 0.06622999906539917
v 0.006277328357100487 0.01591121219098568 0.06416934728622437
v 0.006353744771331549 0.01608881726861 0.06642917543649673
v 0.008170802146196365 0.014572776854038239 0.06663089990615845
v 0.0064136190339922905 0.016086682677268982 0.06179971247911453
v 0.008220555260777473 0.014571002684533596 0.06186099722981453
v 0.008054976351559162 0.014426630921661854 0.0642995685338974
v 0.0018452344229444861 0.017900066450238228 0.06616105884313583
v 0.009120898321270943 -0.001711552613414824 0.10594938695430756
v 0.010259570553898811 0.00047965662088245153 0.10601066797971725
v 0.00930158980190754 -0.0016879410250112414 0.10728996247053146
v 0.010439896024763584 0.0004929761053062975 0.1073589026927948
v 0.010621096938848495 0.0005071236519142985 0.10870969295501709
v 0.01116691343486309 0.002908394206315279 0.10734868794679642
v 0.011337149888277054 0.0029229323845356703 0.10865096747875214
v 0.011637297458946705 0.005443739239126444 0.10856925696134567
v 0.010986953973770142 0.0029053660109639168 0.10604897141456604
v 0.011297447606921196 0.00545585947111249 0.10605918616056442
v 0.011467794887721539 0.005449784453958273 0.10732059925794601
v 0.011348683387041092 0.008005294017493725 0.10734102874994278
v 0.011517848819494247 0.007989814504981041 0.10863053798675537
v 0.011169428005814552 0.008021990768611431 0.10604897141456604
v 0.010616687126457691 0.010493353940546513 0.10601066797971725
v 0.010795575566589832 0.010466364212334156 0.10734868794679642
v 0.009815885685384274 0.01273312047123909 0.1072695329785347
v 0.010975338518619537 0.010440203361213207 0.10868927091360092
v 0.00999528169631958 0.012696667574346066 0.10859989374876022
v 0.007563215680420399 -0.0035769608803093433 0.10586000978946686
v 0.00775439478456974 -0.0035434188321232796 0.10720058530569077
v 0.007946050725877285 -0.003520198632031679 0.10854116827249527
v 0.009482789784669876 -0.0016737940022721887 0.10864075273275375
v 0.00963696837425232 0.012759251520037651 0.10594938695430756
v 0.00821615569293499 0.014731740579009056 0.10586000978946686
v 0.008404826745390892 0.014694957062602043 0.1071801632642746
v 0.0085838558152318 0.014648212119936943 0.10849009454250336
v 0.00908484123647213 -0.0016097960760816932 0.06187887117266655
v 0.008898171596229076 -0.001493222313001752 0.06435064226388931
v 0.010201837867498398 0.0005418260698206723 0.06187887117266655
v 0.00999470055103302 0.0006290741148404777 0.0643608570098877
v 0.010699337348341942 0.0029851796571165323 0.0643608570098877
v 0.01018193457275629 0.0005519817350432277 0.06672026962041855
v 0.010897792875766754 0.002938600955531001 0.06673048436641693
v 0.009054849855601788 -0.0015984218334779143 0.06671005487442017
v 0.00752893416211009 -0.003425462171435356 0.06663089990615845
v 0.007424149662256241 -0.0032620031852275133 0.0642995685338974
v 0.007578687276691198 -0.0034272365737706423 0.06186099722981453
v 0.010918032377958298 0.002937879180535674 0.06187887117266655
v 0.011218179948627949 0.005458686035126448 0.06187887117266655
v 0.010998077690601349 0.005466535687446594 0.0643608570098877
v 0.011197940446436405 0.005459407810121775 0.06673048436641693
v 0.010876825079321861 0.00796201080083847 0.0643608570098877
v 0.01107775792479515 0.00798490084707737 0.06673048436641693
v 0.010534065775573254 0.010425885207951069 0.06672026962041855
v 0.011098364368081093 0.007994470186531544 0.06187887117266655
v 0.010554305277764797 0.010425163432955742 0.06187887117266655
v 0.010341846384108067 0.010363183915615082 0.0643608570098877
v 0.00939891766756773 0.01254790835082531 0.06435064226388931
v 0.009563058614730835 0.01265197154134512 0.06671005487442017
v 0.008170802146196365 0.014572776854038239 0.06663089990615845
v 0.008054976351559162 0.014426630921661854 0.0642995685338974
v 0.008220555260777473 0.014571002684533596 0.06186099722981453
v 0.009593784809112549 0.012661179527640343 0.06187887117266655
v 0.011354545131325722 0.0028424509800970554 0.0825595036149025
v 0.011667288839817047 0.005432364996522665 0.08257993310689926
v 0.011604863218963146 0.0028532743453979492 0.08466868102550507
v 0.011917272582650185 0.005433754529803991 0.08466868102550507
v 0.012157472781836987 0.005444938782602549 0.0867701917886734
v 0.011789478361606598 0.008029934018850327 0.08467889577150345
v 0.012040304951369762 0.00803129281848669 0.0867701917886734
v 0.0114784836769104 0.010532176122069359 0.0867701917886734
v 0.011539495550096035 0.008028544485569 0.08259014785289764
v 0.010968795977532864 0.010540907271206379 0.08266931027173996
v 0.01122886873781681 0.010541077703237534 0.08471974730491638
v 0.010209771804511547 0.012839294038712978 0.08482954651117325
v 0.010479963384568691 0.012839104048907757 0.0867701917886734
v 0.009930641390383244 0.012849248945713043 0.08288890868425369
v 0.008430755697190762 0.014853754080832005 0.08321064710617065
v 0.008700610138475895 0.014844130724668503 0.08499041944742203
v 0.008930681273341179 0.015115868300199509 0.08626971393823624
v 0.010606327094137669 0.00037712472840212286 0.08261057734489441
v 0.010867133736610413 0.00039787866990081966 0.08468911051750183
v 0.009686575271189213 -0.0018313376931473613 0.08478103578090668
v 0.011126869358122349 0.0003886157355736941 0.08619055151939392
v 0.009935596957802773 -0.0018805785803124309 0.08622119575738907
v 0.011856027878820896 0.0028640676755458117 0.0867701917886734
v 0.009416493587195873 -0.0018517612479627132 0.082799531519413
v 0.007777627091854811 -0.0037443293258547783 0.08310084789991379
v 0.008078067563474178 -0.0037249887827783823 0.08493935316801071
v 0.00832602009177208 -0.003804246662184596 0.08624928444623947
v 0.0020520337857306004 0.017803383991122246 0.07517994940280914
v -0.0003699018561746925 0.01807953603565693 0.07497056573629379
v 0.0019388268701732159 0.01770695112645626 0.07402066886425018
v -0.0005228529334999621 0.0180051289498806 0.07387001812458038
v -0.0006649899296462536 0.018210280686616898 0.07273882627487183
v 0.0018553532427176833 0.017899705097079277 0.07280010730028152
v 0.004241360351443291 0.017184313386678696 0.07287926226854324
v 0.00426481943577528 0.01701344922184944 0.07424026727676392
v 0.00435863109305501 0.01711057499051094 0.07552977651357651
v 0.008105941116809845 0.0144351189956069 0.07453902810811996
v 0.008199246600270271 0.014541707001626492 0.07298906147480011
v 0.009439763613045216 0.012556755915284157 0.07474075257778168
v 0.009582594968378544 0.012631523422896862 0.07310907542705536
v 0.010533729568123817 0.010416450910270214 0.07321887463331223
v 0.010362423025071621 0.010371895506978035 0.07489906996488571
v 0.01049516536295414 0.010447881184518337 0.0765792578458786
v 0.009563762694597244 0.0126716960221529 0.07634944468736649
v 0.008229972794651985 0.014550916850566864 0.07606089860200882
v 0.011091022752225399 0.010606104508042336 0.07368871569633484
v 0.01008311565965414 0.012933976948261261 0.07357891649007797
v 0.010092868469655514 0.01292332448065281 0.0747305378317833
v 0.00862441211938858 0.014956763945519924 0.07345890253782272
v 0.008664186112582684 0.014935594983398914 0.07452881336212158
v 0.00870345439761877 0.014923890121281147 0.07560893148183823
v 0.010102620348334312 0.012912672013044357 0.07588981837034225
v 0.011070446111261845 0.010597391985356808 0.07611963152885437
v 0.011080567725002766 0.010597031563520432 0.07489906996488571
v -0.0015352440532296896 -0.007304791361093521 0.13384871184825897
v 0.0012010179925709963 -0.0071722362190485 0.13377976417541504
v 0.0010394150158390403 -0.006376449950039387 0.1314203441143036
v 0.0038141636177897453 -0.006585321389138699 0.1336495280265808
v 0.0035014140885323286 -0.005813340190798044 0.1311803162097931
v 0.005747414659708738 -0.004843222908675671 0.13088922202587128
v 0.003115458879619837 -0.0051289149560034275 0.12811103463172913
v 0.005239203106611967 -0.004224852193146944 0.12763097882270813
v 0.0008259469177573919 -0.005638064816594124 0.1284608691930771
v -0.0015398806426674128 -0.005753774661570787 0.12860897183418274
v -0.0015362539561465383 -0.006504426244646311 0.13153015077114105
v -0.004077203571796417 -0.006203422788530588 0.13143056631088257
v -0.004244993440806866 -0.006978016346693039 0.13376954197883606
v -0.0038715838454663754 -0.005480842664837837 0.1284787356853485
v -0.006098770536482334 -0.004810614511370659 0.1281595528125763
v -0.006482745986431837 -0.005467582028359175 0.13120074570178986
v -0.008633328601717949 -0.004330364987254143 0.1309300810098648
v -0.006809690967202187 -0.006206444464623928 0.13363932073116302
v -0.009108239784836769 -0.005003840662539005 0.1335601657629013
v 0.006192540284246206 -0.005549509543925524 0.1335601657629013
v 0.008236272260546684 -0.004071543458849192 0.133498877286911
v 0.007668217644095421 -0.0034501804038882256 0.1306108981370926
v 0.007075977977365255 -0.0029387292452156544 0.12714071571826935
v -0.008093181066215038 -0.003769132774323225 0.12772035598754883
v -0.009793701581656933 -0.00234741298481822 0.1272607296705246
v -0.010430621914565563 -0.0028047244995832443 0.13066962361335754
v -0.011041495949029922 -0.003384043462574482 0.133498877286911
v -0.0005999122513458133 0.01863817870616913 0.05516066402196884
v -0.0006009827484376729 0.01860816217958927 0.05288040637969971
v -0.003176424652338028 0.018510231748223305 0.05484914034605026
v -0.003177494974806905 0.018480215221643448 0.052630167454481125
v -0.005668641999363899 0.01792844943702221 0.05259952321648598
v -0.0006089610978960991 0.018668556585907936 0.057440921664237976
v -0.003185504348948598 0.018539750948548317 0.05708088353276253
v -0.005666868295520544 0.017978191375732422 0.05681021139025688
v -0.0056679388508200645 0.017948174849152565 0.05470103770494461
v -0.007954644970595837 0.016949454322457314 0.054609112441539764
v -0.007955378852784634 0.016928870230913162 0.052589308470487595
v -0.009937799535691738 0.015489078126847744 0.05259952321648598
v -0.009937095455825329 0.0155088035389781 0.05455038323998451
v -0.009936392307281494 0.015528528951108456 0.056508902460336685
v -0.007953573949635029 0.01697947084903717 0.056621257215738297
v -0.013018269091844559 0.0012299491791054606 0.05643995851278305
v -0.013568759895861149 0.0037407323252409697 0.05639910325407982
v -0.013568759895861149 0.0037407323252409697 0.0544993132352829
v -0.01368606649339199 0.006346841808408499 0.056371014565229416
v -0.01368606649339199 0.006346841808408499 0.054489098489284515
v -0.013383777812123299 0.008927683345973492 0.0544993132352829
v -0.013696186244487762 0.006347202695906162 0.05259952321648598
v -0.013383777812123299 0.008927683345973492 0.05259952321648598
v -0.01356839295476675 0.0037510236725211143 0.05259952321648598
v -0.013017565943300724 0.0012496744748204947 0.05259952321648598
v -0.013017932884395123 0.0012393830111250281 0.05451974272727966
v -0.01202953141182661 -0.0010671844938769937 0.05452995374798775
v -0.012020114809274673 -0.0010872712591663003 0.056460388004779816
v -0.012028796598315239 -0.0010466015664860606 0.05259952321648598
v -0.010598569177091122 -0.0030391772743314505 0.05259952321648598
v -0.010599272325634956 -0.003058902220800519 0.05455038323998451
v -0.010600343346595764 -0.0030889189802110195 0.056508902460336685
v -0.0133834108710289 0.008937974460422993 0.05639910325407982
v -0.012655464000999928 0.011403164826333523 0.05643995851278305
v -0.012655830942094326 0.011392873711884022 0.05451974272727966
v -0.011505631729960442 0.013623172417283058 0.05452995374798775
v -0.01265653409063816 0.011373148299753666 0.05259952321648598
v -0.011506334878504276 0.013603447005152702 0.05259952321648598
v -0.011495145037770271 0.013633103109896183 0.056460388004779816
v -0.009936392307281494 0.015528528951108456 0.056508902460336685
v -0.009937095455825329 0.0155088035389781 0.05455038323998451
v -0.009937799535691738 0.015489078126847744 0.05259952321648598
v 0.00996605958789587 0.010196253657341003 0.1264895796775818
v 0.010493794456124306 0.007876059040427208 0.1263899952173233
v 0.011198239400982857 0.00800121296197176 0.1302099972963333
v 0.010608475655317307 0.0054804300889372826 0.12636956572532654
v 0.011327807791531086 0.005454776342958212 0.13019979000091553
v 0.011017173528671265 0.002924039028584957 0.13019979000091553
v 0.012127254158258438 0.0054262662306427956 0.13345035910606384
v 0.01180044375360012 0.002726078499108553 0.13345035910606384
v 0.011993622407317162 0.008142874576151371 0.13346058130264282
v 0.011415984481573105 0.010744791477918625 0.13346058130264282
v 0.010655391961336136 0.010442167520523071 0.13026106357574463
v 0.009693997912108898 0.012677356600761414 0.1303989589214325
v 0.009020988829433918 0.012320944108068943 0.12677046656608582
v 0.010390791110694408 0.013132532127201557 0.1334707885980606
v 0.008922703564167023 0.015176263637840748 0.133498877286911
v 0.008311492390930653 0.014587510377168655 0.13062110543251038
v 0.007684323936700821 0.014119546860456467 0.12716880440711975
v 0.01032306533306837 0.0030887643806636333 0.12637977302074432
v 0.009631392545998096 0.0008120577549561858 0.1264793574810028
v 0.010301823727786541 0.0005279557080939412 0.13025085628032684
v 0.009183647111058235 -0.0016330701764672995 0.13038873672485352
v 0.011038926430046558 0.00017191954248119146 0.13346058130264282
v 0.009846216067671776 -0.0021375836804509163 0.1334707885980606
v 0.008537706919014454 -0.0012304792180657387 0.12673981487751007
v 0.007075977977365255 -0.0029387292452156544 0.12714071571826935
v 0.007668217644095421 -0.0034501804038882256 0.1306108981370926
v 0.008236272260546684 -0.004071543458849192 0.133498877286911
v -0.00933698657900095 0.014957570470869541 0.09567928314208984
v -0.009409855119884014 0.014879449270665646 0.09278874844312668
v -0.007570463698357344 0.016215285286307335 0.09303899109363556
v -0.009558385238051414 0.014905356802046299 0.09051104635000229
v -0.00771011458709836 0.01622971147298813 0.09066935628652573
v -0.0077692545019090176 0.0162524301558733 0.08849889785051346
v -0.005565873347222805 0.01716395653784275 0.09102939814329147
v -0.005614893510937691 0.01718631386756897 0.08875935524702072
v -0.003254715586081147 0.017711836844682693 0.08908875286579132
v -0.005644548684358597 0.017207123339176178 0.08679062128067017
v -0.0032742207404226065 0.017733141779899597 0.08697958290576935
v -0.0033435106743127108 0.017755363136529922 0.0854806900024414
v -0.0008178231655620039 0.017855066806077957 0.08710980415344238
v -0.0008874500636011362 0.017867853865027428 0.08558027446269989
v -0.009617555886507034 0.014927216805517673 0.08837888389825821
v -0.009637427516281605 0.014938230626285076 0.0864407941699028
v -0.007788790389895439 0.016272876411676407 0.08657868206501007
v -0.007818445563316345 0.016293685883283615 0.08499041944742203
v -0.005693600047379732 0.01722862385213375 0.0852789655327797
v -0.005747050978243351 0.01741086132824421 0.08356047421693802
v -0.0034167247358709574 0.017928000539541245 0.08384901285171509
v -0.0075182318687438965 0.016282979398965836 0.09599081426858902
v -0.005342928227037191 0.01723586767911911 0.09643001109361649
v -0.005426589399576187 0.017139239236712456 0.093460313975811
v -0.0030765002593398094 0.017665978521108627 0.09386120736598969
v -0.003205664223060012 0.01769033633172512 0.0914890244603157
v -0.0007496037287637591 0.017802828922867775 0.0919409915804863
v -0.0007890114793553948 0.017834288999438286 0.0894002765417099
v -0.002951993839815259 0.017771456390619278 0.09668025374412537
v -0.00048595326370559633 0.017903342843055725 0.09685899317264557
v -0.0006204391829669476 0.017778471112251282 0.09422890841960907
v -0.007871896959841251 0.016475923359394073 0.08312893658876419
v -0.009701029397547245 0.015119971707463264 0.08267951756715775
v -0.00963672436773777 0.014957955107092857 0.08472996205091476
v -0.0009716266649775207 0.018040884286165237 0.08396902680397034
v -0.009786980226635933 0.015243257395923138 0.1306900531053543
v -0.010355064645409584 0.01586376316845417 0.13350909948349
v -0.011282170191407204 0.013425425626337528 0.13048066198825836
v -0.011965010315179825 0.013929803855717182 0.1334810107946396
v -0.013167807832360268 0.01162151899188757 0.1334707885980606
v -0.009184621274471283 0.014731446281075478 0.127288818359375
v -0.010616865940392017 0.013021285645663738 0.12691089510917664
v -0.011690648272633553 0.010968592949211597 0.12665045261383057
v -0.01240034680813551 0.011264399625360966 0.13035044074058533
v -0.013106420636177063 0.00886798556894064 0.130299374461174
v -0.013929326087236404 0.009067360311746597 0.1334707885980606
v -0.014246015809476376 0.006366811227053404 0.1334707885980606
v -0.013416211120784283 0.00633721798658371 0.130299374461174
v -0.012657244689762592 0.006310151424258947 0.1265508532524109
v -0.01328748743981123 0.0037908118683844805 0.130299374461174
v -0.01254293043166399 0.0039042304269969463 0.1265508532524109
v -0.012025315314531326 0.0015843971632421017 0.1266402304172516
v -0.01412250380963087 0.0036505640018731356 0.1334707885980606
v -0.013544866815209389 0.0010486469836905599 0.1334707885980606
v -0.012754252180457115 0.0013407545629888773 0.13034021854400635
v -0.011792520992457867 -0.0008850007434375584 0.13047045469284058
v -0.011100484058260918 -0.0005395720945671201 0.12689048051834106
v -0.012509585358202457 -0.0013403125340119004 0.1334810107946396
v -0.011041495949029922 -0.003384043462574482 0.133498877286911
v -0.010430621914565563 -0.0028047244995832443 0.13066962361335754
v -0.009793701581656933 -0.00234741298481822 0.1272607296705246
v -0.01237220223993063 0.008691525086760521 0.12656107544898987
v -0.010409679263830185 -0.002785720629617572 0.11795073747634888
v -0.010368973948061466 -0.0027571171522140503 0.12090001255273819
v -0.011821809224784374 -0.0008539012051187456 0.11793031543493271
v -0.011760864406824112 -0.0008260191534645855 0.12097916752099991
v -0.012721782550215721 0.0013988484861329198 0.12094086408615112
v -0.010460871271789074 -0.002824255032464862 0.11499891430139542
v -0.011872298084199429 -0.0008727098465897143 0.11487890034914017
v -0.012842601165175438 0.0013731017243117094 0.11487890034914017
v -0.012781993485987186 0.0013915494782850146 0.11790988594293594
v -0.013326051644980907 0.0038222423754632473 0.11789967119693756
v -0.013265810906887054 0.003830398665741086 0.12093064934015274
v -0.013386695645749569 0.006336165592074394 0.12093064934015274
v -0.013446570374071598 0.0063383006490767 0.11789967119693756
v -0.013516563922166824 0.006340797059237957 0.11486869305372238
v -0.013146789744496346 0.008848816156387329 0.11789967119693756
v -0.013216416351497173 0.008861604146659374 0.11486102640628815
v -0.012490103021264076 0.011257296428084373 0.11485081166028976
v -0.013087252154946327 0.008837247267365456 0.12094086408615112
v -0.0123714255169034 0.01122300885617733 0.1209510788321495
v -0.012430932372808456 0.011235435493290424 0.11789967119693756
v -0.011313232593238354 0.01340678334236145 0.11792010068893433
v -0.011362283490598202 0.013428282923996449 0.11484060436487198
v -0.011254429817199707 0.013374630361795425 0.12099959701299667
v -0.009728512726724148 0.015201671048998833 0.12092043459415436
v -0.009767107665538788 0.01523224450647831 0.1179405227303505
v -0.009815424680709839 0.015274327248334885 0.11496061831712723
v -0.013396413065493107 0.003814446972683072 0.11486869305372238
v -0.011288375593721867 0.013535563834011555 0.09534988552331924
v -0.009730326011776924 0.015411263331770897 0.09521965682506561
v -0.011487869545817375 0.013552982360124588 0.09298025816679001
v -0.009920543991029263 0.015428352169692516 0.092839814722538
v -0.01006910391151905 0.015453401021659374 0.09052892029285431
v -0.012437504716217518 0.011335281655192375 0.09580951184034348
v -0.012637365609407425 0.011342409066855907 0.09342966973781586
v -0.013365086168050766 0.008907265961170197 0.0940910205245018
v -0.012797225266695023 0.011358414776623249 0.09108047187328339
v -0.01352446898818016 0.008912949822843075 0.09164989739656448
v -0.01359412632882595 0.008924880065023899 0.08918067812919617
v -0.013836173340678215 0.0063521950505673885 0.09197929501533508
v -0.01390653382986784 0.006344399880617857 0.08937985450029373
v -0.01377837359905243 0.0037585122045129538 0.08918067812919617
v -0.013916653580963612 0.0063447607681155205 0.0868595689535141
v -0.013788493350148201 0.0037588730920106173 0.08678040653467178
v -0.013768956996500492 0.0037384259048849344 0.08457931131124496
v -0.013227546587586403 0.001257163006812334 0.08662975579500198
v -0.013208011165261269 0.0012367158196866512 0.08455122262239456
v -0.012229729443788528 -0.0010694912634789944 0.08456909656524658
v -0.013179229572415352 0.001215080264955759 0.08252120763063431
v -0.012210223823785782 -0.0010907959658652544 0.0827101618051529
v -0.012239145115017891 -0.0010494044981896877 0.08648931235074997
v -0.012228322215378284 -0.0010300400899723172 0.08851932734251022
v -0.013227179646492004 0.0012674544705078006 0.08881042897701263
v -0.013156849890947342 0.0012743922416120768 0.09108047187328339
v -0.013708043843507767 0.0037654500920325518 0.09164989739656448
v -0.013548293150961399 0.003770057577639818 0.0940910205245018
v -0.013675946742296219 0.006346480920910835 0.09447915107011795
v -0.013466808944940567 0.006339022424072027 0.09693048894405365
v -0.013165224343538284 0.008900138549506664 0.09651938080787659
v -0.011647392995655537 0.013578422367572784 0.09068978577852249
v -0.011706899851560593 0.013590849004685879 0.08851932734251022
v -0.010129118338227272 0.015475291758775711 0.08838909864425659
v -0.012866881676018238 0.011370345018804073 0.08881042897701263
v -0.012876634486019611 0.011380997486412525 0.08663997054100037
v -0.013604246079921722 0.008925240486860275 0.08679062128067017
v -0.013584006577730179 0.008924518711864948 0.08458952605724335
v -0.013886631466448307 0.0063342442736029625 0.08459973335266113
v -0.013857482932507992 0.006322899833321571 0.0824701339006424
v -0.01372968964278698 0.0037267208099365234 0.08245991915464401
v -0.011716652661561966 0.013601502403616905 0.08649952709674835
v -0.011706196703016758 0.01361057534813881 0.08460994809865952
v -0.012856394983828068 0.011380275711417198 0.08457931131124496
v -0.012816760689020157 0.011378862895071507 0.08257993310689926
v -0.013544708490371704 0.008913671597838402 0.08249056339263916
v -0.010148147121071815 0.015486274845898151 0.08645100891590118
v -0.010157898999750614 0.015496927313506603 0.08474017679691315
v -0.01016768254339695 0.015506722964346409 0.08313914388418198
v -0.011696076951920986 0.013610213994979858 0.082799531519413
v -0.012996256351470947 0.0012789700413122773 0.09342966973781586
v -0.012796027585864067 0.0012821339769288898 0.09580951184034348
v -0.012007150799036026 -0.0010078721679747105 0.09298025816679001
v -0.01180658582597971 -0.0009952744003385305 0.09534988552331924
v -0.010386079549789429 -0.0029763400088995695 0.09521965682506561
v -0.012168080545961857 -0.0010218837996944785 0.09068978577852249
v -0.010794139467179775 -0.0031721738632768393 0.09045997262001038
v -0.011015537194907665 -0.003224389161914587 0.08826908469200134
v -0.010864727199077606 -0.0032100165262818336 0.08633099496364594
v -0.010769985616207123 -0.0030631190165877342 0.08467889577150345
v -0.010820810683071613 -0.0030913616064935923 0.08302934467792511
v -0.013348431326448917 0.0037629299331456423 0.09651938080787659
v -0.010536921210587025 -0.0029915699269622564 0.092839814722538
v 0.011238718405365944 0.007999769411981106 0.11530023068189621
v 0.010744781233370304 0.010438979603350163 0.11594115197658539
v 0.011187386699020863 0.007980991154909134 0.11804011464118958
v 0.010663934051990509 0.010421253740787506 0.11837972700595856
v 0.010593237355351448 0.010404023341834545 0.12083106487989426
v 0.00972365215420723 0.01265654806047678 0.11884956806898117
v 0.009622229263186455 0.012630109675228596 0.12096895277500153
v 0.008220219053328037 0.014561568386852741 0.12102002650499344
v 0.009824232198297977 0.012683016248047352 0.11673017591238022
v 0.008472680114209652 0.01463242620229721 0.11749111115932465
v 0.008351493626832962 0.014596388675272465 0.11926067620515823
v 0.011338294483721256 0.005464707035571337 0.11501934379339218
v 0.011297814548015594 0.005466151051223278 0.11788945645093918
v 0.0110081247985363 0.002954416908323765 0.11804011464118958
v 0.011258181184530258 0.005467564333230257 0.12076978385448456
v 0.010958736762404442 0.0029664828907698393 0.12076978385448456
v 0.011137295514345169 0.007973331026732922 0.12076978385448456
v 0.011058355681598186 0.002942320890724659 0.11531044542789459
v 0.01039191521704197 0.0005444932030513883 0.11595902591943741
v 0.010312536731362343 0.0005679332534782588 0.11838994175195694
v 0.010243247263133526 0.0005901551921851933 0.12081063538789749
v 0.00921541266143322 -0.0015947021311149001 0.11885977536439896
v 0.009115793742239475 -0.0015705397818237543 0.1209510788321495
v 0.007579757831990719 -0.003397219581529498 0.12098938226699829
v 0.009313851594924927 -0.0016282678116112947 0.11677103489637375
v 0.007827233523130417 -0.003466155380010605 0.11753962934017181
v 0.0077085550874471664 -0.003431868040934205 0.11927089095115662
v -0.013142927549779415 -0.001697280677035451 0.1332690715789795
v -0.014233831316232681 0.0008130248170346022 0.1332690715789795
v -0.012416141107678413 -0.0012534790439531207 0.13026872277259827
v -0.0134327607229352 0.0011142053408548236 0.13014870882034302
v -0.012641302309930325 0.0014062828850001097 0.1270207017660141
v -0.014011438004672527 0.003686963114887476 0.13011041283607483
v -0.013175577856600285 0.003827180713415146 0.12693898379802704
v -0.013296463526785374 0.0063329474069178104 0.12693898379802704
v -0.014836842194199562 0.0035558182280510664 0.1332690715789795
v -0.014975467696785927 0.006392825860530138 0.1332690715789795
v -0.014136387035250664 0.006362901534885168 0.13011041283607483
v -0.013821502216160297 0.009012850001454353 0.13011041283607483
v -0.012997753918170929 0.008813445456326008 0.12693898379802704
v -0.014635100029408932 0.009212750941514969 0.1332690715789795
v -0.013838238082826138 0.01190562080591917 0.1332690715789795
v -0.013060687109827995 0.01154728326946497 0.13014870882034302
v -0.011877957731485367 0.013837391510605812 0.13027894496917725
v -0.012292382307350636 0.011190135031938553 0.12703090906143188
v -0.011185873299837112 0.013331825844943523 0.12728115916252136
v -0.011559232138097286 -0.003885106649249792 0.13328948616981506
v -0.010938269086182117 -0.003307005623355508 0.1304602324962616
v -0.010317672044038773 -0.0027391959447413683 0.12762077152729034
v -0.011690167710185051 -0.0008087899768725038 0.1272607296705246
v -0.012571283616125584 0.014331839047372341 0.1332690715789795
v -0.01083576213568449 0.016401290893554688 0.13328948616981506
v -0.010257557034492493 0.01578042469918728 0.13047045469284058
v -0.00967935286462307 0.015159557573497295 0.12764886021614075
v -0.009499686770141125 -0.005609877407550812 0.1333303451538086
v -0.011559232138097286 -0.003885106649249792 0.13328948616981506
v -0.00901549868285656 -0.004936732817441225 0.1307002604007721
v -0.010938269086182117 -0.003307005623355508 0.1304602324962616
v -0.010317672044038773 -0.0027391959447413683 0.12762077152729034
v -0.008521558716893196 -0.00427424069494009 0.12808039784431458
v -0.0064001246355473995 -0.005400113295763731 0.12850937247276306
v -0.006737189367413521 -0.006138614844530821 0.13096071779727936
v -0.004212633706629276 -0.00689930934458971 0.1311803162097931
v -0.007063291966915131 -0.006877507548779249 0.1334095001220703
v -0.004380759783089161 -0.007683337666094303 0.13352951407432556
v -0.004044476896524429 -0.006114423740655184 0.12883877754211426
v -0.0015532816760241985 -0.006413653958588839 0.1289689987897873
v -0.0015615482116118073 -0.007213687524199486 0.13129012286663055
v 0.0011148406192660332 -0.007078997790813446 0.1311803162097931
v -0.0015605689259245992 -0.00801490992307663 0.13360102474689484
v 0.0012760765384882689 -0.007885076105594635 0.13353973627090454
v 0.0009523935150355101 -0.006283180322498083 0.12881068885326385
v 0.0033836672082543373 -0.005729280412197113 0.1284608691930771
v 0.003696416737511754 -0.00650126114487648 0.1309402883052826
v 0.006084576714783907 -0.005475244019180536 0.13065941631793976
v 0.004019316751509905 -0.0072727445513010025 0.1334197223186493
v 0.006539822090417147 -0.006181891541928053 0.13334056735038757
v 0.005629331339150667 -0.00476859649643302 0.12799102067947388
v 0.007570342160761356 -0.003377133049070835 0.1275007575750351
v 0.00813879445195198 -0.003987347707152367 0.1303989589214325
v 0.008717000484466553 -0.004608214367181063 0.13328948616981506
v -0.0007622796692885458 0.018583858385682106 0.08941049128770828
v -0.0007910914137028158 0.018604636192321777 0.08712001889944077
v -0.0033581878524273634 0.018456602469086647 0.0890989676117897
v -0.0033777235075831413 0.018477050587534904 0.08698979765176773
v -0.005868870299309492 0.017925286665558815 0.08681105077266693
v -0.003447013907134533 0.01849927194416523 0.08550111204385757
v -0.005928377620875835 0.017937712371349335 0.08529938757419586
v -0.0059980349615216255 0.01794964261353016 0.08402010053396225
v -0.008195718750357628 0.016937442123889923 0.08500063419342041
v -0.00823498610407114 0.01694914698600769 0.08358089625835419
v -0.01016768254339695 0.015506722964346409 0.08313914388418198
v -0.010157898999750614 0.015496927313506603 0.08474017679691315
v -0.010148147121071815 0.015486274845898151 0.08645100891590118
v -0.008165696635842323 0.016926925629377365 0.08658889681100845
v -0.008146191015839577 0.01690562069416046 0.08850911259651184
v -0.005849334876984358 0.017904838547110558 0.08877978473901749
v -0.005800650920718908 0.017873046919703484 0.09104982763528824
v -0.003309167455881834 0.018434245139360428 0.09150945395231247
v -0.00316988374106586 0.018409527838230133 0.0938790813088417
v -0.0007228719769045711 0.018552398309111595 0.09195120632648468
v -0.0006038271822035313 0.018528401851654053 0.09423912316560745
v -0.010129118338227272 0.015475291758775711 0.08838909864425659
v -0.01006910391151905 0.015453401021659374 0.09052892029285431
v -0.008087020367383957 0.016883758828043938 0.09068978577852249
v -0.007947736419737339 0.016859041526913643 0.09306962788105011
v -0.00566136697307229 0.01784832961857319 0.09348074346780777
v -0.005472359247505665 0.01782097853720188 0.09599081426858902
v -0.0030006079468876123 0.018373435363173485 0.09623083472251892
v -0.0008607183117419481 0.018617425113916397 0.08559048920869827
v -0.0009502473985776305 0.018640367314219475 0.08443120867013931
v -0.0035360362380743027 0.018512751907110214 0.08431119471788406
v -0.007758729159832001 0.016831692308187485 0.09553884714841843
v -0.009730326011776924 0.015411263331770897 0.09521965682506561
v -0.009920543991029263 0.015428352169692516 0.092839814722538
v -0.0004350587259978056 0.018501773476600647 0.09640958160161972
v -0.013485200703144073 0.008901244960725307 0.10381978005170822
v -0.013786419294774532 0.006350420881062746 0.10411088168621063
v -0.013265467248857021 0.008883103728294373 0.10624048113822937
v -0.013556198216974735 0.006342210341244936 0.10639113932847977
v -0.013316702097654343 0.0063336691819131374 0.10866118222475052
v -0.013447237201035023 0.003786204382777214 0.10624048113822937
v -0.013226769864559174 0.0037886465433984995 0.10866884142160416
v -0.0127238929271698 0.0013396719004958868 0.10866884142160416
v -0.013667674735188484 0.003784619737416506 0.10381978005170822
v -0.013114933855831623 0.001313257496803999 0.10330908745527267
v -0.012924488633871078 0.0013262160355225205 0.10599023848772049
v -0.011965007521212101 -0.0009389599435962737 0.10581915825605392
v -0.0117935910820961 -0.0009150180849246681 0.10867905616760254
v -0.012135244905948639 -0.0009534984710626304 0.10296947509050369
v -0.010715245269238949 -0.002925099339336157 0.10289031267166138
v -0.01055394858121872 -0.002900796476751566 0.10579106956720352
v -0.010392284952104092 -0.002866201801225543 0.10869947820901871
v -0.01304607093334198 0.008855529129505157 0.10866118222475052
v -0.012380107305943966 0.011263677850365639 0.10865096747875214
v -0.01256880909204483 0.011299604550004005 0.1059800237417221
v -0.011450742371380329 0.013481243513524532 0.10580894351005554
v -0.012757817283272743 0.011326954700052738 0.10330908745527267
v -0.011619174852967262 0.013517305254936218 0.10296947509050369
v -0.010062305256724358 0.015383602119982243 0.10289031267166138
v -0.009903516620397568 0.01533757895231247 0.10577064007520676
v -0.009744727984070778 0.015291556715965271 0.10865096747875214
v -0.011281467042863369 0.013445151038467884 0.10864075273275375
v 0.01251633744686842 0.002580326749011874 0.1332690715789795
v 0.011709355749189854 -0.00011218246800126508 0.1332690715789795
v 0.011731887236237526 0.0027688832487910986 0.13002103567123413
v 0.010971409268677235 0.0002438837691443041 0.1300695538520813
v 0.010243247263133526 0.0005901551921851933 0.12685982882976532
v 0.009779434651136398 -0.0020450358279049397 0.13019979000091553
v 0.009106378071010113 -0.0015504535986110568 0.1271100789308548
v 0.007570342160761356 -0.003377133049070835 0.1275007575750351
v 0.0104424012824893 -0.002538400236517191 0.13327927887439728
v 0.008717000484466553 -0.004608214367181063 0.13328948616981506
v 0.00813879445195198 -0.003987347707152367 0.1303989589214325
v 0.012856705114245415 0.005400251597166061 0.1332690715789795
v 0.01204714085906744 0.0054291230626404285 0.13002103567123413
v 0.011921823024749756 0.008094770833849907 0.13002103567123413
v 0.011247695423662663 0.005457633640617132 0.12677046656608582
v 0.011126442812383175 0.007953109219670296 0.1267806738615036
v 0.010948617942631245 0.002966843778267503 0.12677046656608582
v 0.01271807961165905 0.008237259462475777 0.1332690715789795
v 0.012104948982596397 0.010980413295328617 0.1332690715789795
v 0.011343481950461864 0.010676962323486805 0.1300695538520813
v 0.010582889430224895 0.010374337434768677 0.1268700510263443
v 0.010317618027329445 0.013045834377408028 0.1302099972963333
v 0.009610672481358051 0.012590162456035614 0.12714071571826935
v 0.008208662271499634 0.014521620236337185 0.1275288462638855
v 0.011014045216143131 0.01349071878939867 0.13327927887439728
v 0.009440470486879349 0.01567818410694599 0.13328948616981506
v 0.008819506503641605 0.015100083313882351 0.13040916621685028
v -0.00039990193909034133 0.018351102247834206 0.10850030928850174
v 0.0021511672530323267 0.018049737438559532 0.10850030928850174
v 0.0019429599633440375 0.018106969073414803 0.1069401353597641
v 0.004556569736450911 0.017333652824163437 0.1085207387804985
v 0.004358115140348673 0.017380230128765106 0.10706014931201935
v 0.0065491762943565845 0.016241569072008133 0.1071188747882843
v 0.004170177970081568 0.01743759773671627 0.10559955984354019
v 0.006360871251672506 0.016288645565509796 0.10575021058320999
v 0.0017448724247515202 0.018163839355111122 0.10539016872644424
v -0.0007960768416523933 0.018464842811226845 0.10501991957426071
v -0.0005979894194751978 0.018407972529530525 0.10675884038209915
v 0.006737510673701763 0.016195353120565414 0.10849009454250336
v 0.0085838558152318 0.014648212119936943 0.10849009454250336
v 0.008404826745390892 0.014694957062602043 0.1071801632642746
v 0.00821615569293499 0.014731740579009056 0.10586000978946686
v 0.011091022752225399 0.010606104508042336 0.06625042855739594
v 0.011650561355054379 0.008064943365752697 0.06626064330339432
v 0.011621045880019665 0.008065995760262012 0.06435064226388931
v 0.011777283623814583 0.005438746884465218 0.06626064330339432
v 0.011747769080102444 0.00543979974463582 0.06435064226388931
v 0.011434291489422321 0.002829302102327347 0.06435064226388931
v 0.011717410758137703 0.005440882407128811 0.06244063749909401
v 0.011404300108551979 0.0028406765777617693 0.06244063749909401
v 0.011590320616960526 0.008056786842644215 0.06244063749909401
v 0.011030078865587711 0.010578222572803497 0.06244063749909401
v 0.01106080412864685 0.010587431490421295 0.06435064226388931
v 0.010053233243525028 0.012924738228321075 0.06434042751789093
v 0.01007383968681097 0.01293430756777525 0.06624021381139755
v 0.010032289661467075 0.012905734591186047 0.06244063749909401
v 0.008583370596170425 0.014918726868927479 0.062420208007097244
v 0.008604312315583229 0.014937730506062508 0.06428936123847961
v 0.00862441211938858 0.014956763945519924 0.06616105884313583
v 0.011463439092040062 0.002817958127707243 0.06626064330339432
v 0.01072463858872652 0.0003325452853459865 0.06625042855739594
v 0.010695490054786205 0.0003438894054852426 0.06435064226388931
v 0.009524348191916943 -0.0019054131116718054 0.06434042751789093
v 0.010665498673915863 0.0003552635607775301 0.06244063749909401
v 0.009504811838269234 -0.0018849659245461226 0.06244063749909401
v 0.007916178554296494 -0.0037896304856985807 0.062420208007097244
v 0.007935712113976479 -0.003810078138485551 0.06428936123847961
v 0.007954374887049198 -0.0038313528057187796 0.06616105884313583
v 0.009544220753014088 -0.001916426932439208 0.06624021381139755
v -0.0006148991524241865 0.018217939883470535 0.12048889696598053
v -0.0005326449754647911 0.01827511563897133 0.1189797893166542
v -0.0030787987634539604 0.018146086484193802 0.11850995570421219
v -0.00046084652421996 0.018323220312595367 0.11747068911790848
v -0.003047509118914604 0.0181947760283947 0.11668932437896729
v -0.005548408720642328 0.01765366457402706 0.11591050773859024
v -0.005540063139051199 0.017603561282157898 0.11808862537145615
v -0.0055313813500106335 0.01756289042532444 0.12027951329946518
v -0.007806333713233471 0.016633307561278343 0.11795073747634888
v -0.007777382154017687 0.01659277267754078 0.12058082222938538
v -0.009728512726724148 0.015201671048998833 0.12092043459415436
v -0.007844164036214352 0.016685321927070618 0.11532065272331238
v -0.009815424680709839 0.015274327248334885 0.11496061831712723
v -0.009767107665538788 0.01523224450647831 0.1179405227303505
v -0.003110594814643264 0.018106861039996147 0.1203305795788765
v -0.008610720746219158 -0.004241005051881075 0.08298083394765854
v -0.010338247753679752 -0.002747908001765609 0.08256971836090088
v -0.008382423780858517 -0.004019009880721569 0.08493935316801071
v -0.010221493430435658 -0.0025519896298646927 0.08468911051750183
v -0.010250523686408997 -0.0028214515186846256 0.0865301713347435
v -0.00845156516879797 -0.004276737105101347 0.0864407941699028
v -0.006259433925151825 -0.005385379772633314 0.08666039258241653
v -0.006199708208441734 -0.005107566714286804 0.08523044735193253
v -0.0038433570880442858 -0.0058021522127091885 0.08543983101844788
v -0.006558210123330355 -0.005334364715963602 0.08339960128068924
v -0.004261396825313568 -0.0060173808597028255 0.08369069546461105
v -0.003824040060862899 -0.0061128390952944756 0.08680083602666855
v -0.001273307017982006 -0.006423638667911291 0.08686978369951248
v -0.0014018858782947063 -0.006098750047385693 0.08554963022470474
v 0.0010836898582056165 -0.005987310782074928 0.08553941547870636
v -0.0018289742292836308 -0.006283600814640522 0.08382092416286469
v 0.0006670581642538309 -0.006163088604807854 0.08373921364545822
v 0.0012829661136493087 -0.006294969469308853 0.08686978369951248
v 0.0037343387957662344 -0.005722035188227892 0.08680083602666855
v 0.003483870066702366 -0.00545291043817997 0.0854296162724495
v 0.00568919675424695 -0.004510538186877966 0.08524066209793091
v 0.0030875077936798334 -0.005628552287817001 0.08347876369953156
v 0.005352677311748266 -0.004689173307269812 0.0830906331539154
v 0.005971320439130068 -0.004720682743936777 0.0867089107632637
v 0.007873063907027245 -0.0033175137359648943 0.08659911155700684
v 0.00758795440196991 -0.0031673747580498457 0.0850389376282692
v 0.007322163786739111 -0.003327922197058797 0.08267951756715775
v -0.0006443141028285027 0.01879003830254078 0.07321887463331223
v -0.0032807316165417433 0.018663369119167328 0.07325973361730576
v -0.003131694858893752 0.01862799935042858 0.07400023937225342
v -0.005813059862703085 0.018093321472406387 0.07325973361730576
v -0.005693172104656696 0.018069297075271606 0.0741892009973526
v -0.008061202242970467 0.017063170671463013 0.07437049597501755
v -0.0055744946002960205 0.018035007640719414 0.07512121647596359
v -0.007982159033417702 0.017030294984579086 0.07563957571983337
v -0.002983134938403964 0.018602950498461723 0.0747305378317833
v -0.0003467485948931426 0.01872876100242138 0.0745798796415329
v -0.000496121181640774 0.01875469833612442 0.07390065491199493
v -0.008139768615365028 0.017085721716284752 0.07309886068105698
v -0.010163400322198868 0.01562679000198841 0.07292012125253677
v -0.01011434942483902 0.015605291351675987 0.0744905099272728
v -0.01006445474922657 0.015583761036396027 0.07606089860200882
v 0.006615105550736189 0.016409246250987053 0.05482105165719986
v 0.004405383486300707 0.017569180577993393 0.05433078482747078
v 0.006605720147490501 0.016430189833045006 0.05689958482980728
v 0.00439596688374877 0.0175892673432827 0.056371014565229416
v 0.0043869176879525185 0.017619645223021507 0.05840102955698967
v 0.001960940193384886 0.01832701824605465 0.055719878524541855
v 0.0019518602639436722 0.01835653930902481 0.05788012221455574
v -0.0006089610978960991 0.018668556585907936 0.057440921664237976
v 0.0019598696380853653 0.018297001719474792 0.05356984585523605
v -0.0006009827484376729 0.01860816217958927 0.05288040637969971
v -0.0005999122513458133 0.01863817870616913 0.05516066402196884
v 0.008489925414323807 0.014831893146038055 0.05508916825056076
v 0.008480509743094444 0.014851979911327362 0.05726983770728111
v 0.008471935987472534 0.014872035942971706 0.05945051088929176
v 0.006596670486032963 0.016460567712783813 0.058970458805561066
v 0.010715589858591557 0.0003629234852269292 0.07487098127603531
v 0.010706540197134018 0.0003933012776542455 0.07605068385601044
v 0.009564687497913837 -0.001887101330794394 0.07468967884778976
v 0.009586362168192863 -0.0018475146498531103 0.07580044865608215
v 0.008037363179028034 -0.003753592260181904 0.07549913227558136
v 0.007996289059519768 -0.0037924875505268574 0.07448029518127441
v 0.007954374887049198 -0.0038313528057187796 0.07345890253782272
v 0.009553128853440285 -0.0019270492484793067 0.07357891649007797
v 0.01072463858872652 0.0003325452853459865 0.07368871569633484
v 0.009463926777243614 0.012405618093907833 0.10903909802436829
v 0.008117844350636005 0.014224306680262089 0.10889865458011627
v 0.009162782691419125 0.012366551905870438 0.10734868794679642
v 0.007856335490942001 0.014183827675879002 0.10723888874053955
v 0.007801109459251165 0.014316323213279247 0.10540038347244263
v 0.00912548415362835 0.01245718915015459 0.10548976063728333
v 0.010049720294773579 0.010292881168425083 0.10555870085954666
v 0.01008724607527256 0.01023229118436575 0.10744061321020126
v 0.01060449331998825 0.007902166806161404 0.10744061321020126
v 0.010418381541967392 0.010259983129799366 0.10915910452604294
v 0.010964917950332165 0.007898759096860886 0.10913102328777313
v 0.010575205087661743 0.007933266460895538 0.10559955984354019
v 0.010687746107578278 0.005477603059262037 0.10560976713895798
v 0.010728223249316216 0.005476159509271383 0.1074201911687851
v 0.010431990958750248 0.0030651292763650417 0.10744061321020126
v 0.011078190989792347 0.005463678389787674 0.10906973481178284
v 0.010791712440550327 0.0030419956892728806 0.10913868248462677
v 0.010078729130327702 0.0007359939627349377 0.10918974876403809
v 0.009750070981681347 0.0007777698338031769 0.10745082795619965
v 0.00868604052811861 -0.0012855750974267721 0.10736911743879318
v 0.009708293713629246 0.0007191491895355284 0.10555870085954666
v 0.008632231503725052 -0.0013738222187384963 0.10548976063728333
v 0.0104005616158247 0.003036194946616888 0.10559955984354019
v 0.008973885327577591 -0.001335341832600534 0.10907994955778122
v 0.007511756382882595 -0.003054740373045206 0.1089395061135292
v 0.007243339903652668 -0.0030048079788684845 0.10725931823253632
v 0.007178816478699446 -0.003133032936602831 0.10540038347244263
v 0.011777283623814583 0.005438746884465218 0.07371935993432999
v 0.011767531745135784 0.005449399352073669 0.07493992149829865
v 0.0114552341401577 0.0028483059722930193 0.07493992149829865
v 0.011748472228646278 0.005459525156766176 0.07617069780826569
v 0.01143569778650999 0.0028687533922493458 0.07615027576684952
v 0.010706540197134018 0.0003933012776542455 0.07605068385601044
v 0.010715589858591557 0.0003629234852269292 0.07487098127603531
v 0.01072463858872652 0.0003325452853459865 0.07368871569633484
v 0.011473559774458408 0.002817597007378936 0.07371935993432999
v -0.004068849142640829 -0.006513718515634537 0.052630167454481125
v -0.001507660374045372 -0.006815445143729448 0.05288040637969971
v -0.00406991969794035 -0.006543735507875681 0.05484914034605026
v -0.0015087308129295707 -0.006845461670309305 0.05516066402196884
v -0.0015199206536635756 -0.006875117775052786 0.057440921664237976
v 0.0010674449149519205 -0.006726948544383049 0.055719878524541855
v 0.0010562546085566282 -0.006756605580449104 0.05788012221455574
v 0.0035376185551285744 -0.006195045541971922 0.05840102955698967
v 0.001068515470251441 -0.006696931552141905 0.05356984585523605
v 0.003559999167919159 -0.006135732866823673 0.05433078482747078
v 0.0035488088615238667 -0.006165388971567154 0.056371014565229416
v 0.005835514981299639 -0.005166667979210615 0.05689958482980728
v 0.005824691615998745 -0.005186032969504595 0.058970458805561066
v 0.005846705287694931 -0.0051370118744671345 0.05482105165719986
v 0.007829155772924423 -0.0036963620223104954 0.05508916825056076
v 0.007818333804607391 -0.0037157260812819004 0.05726983770728111
v 0.0078079854138195515 -0.003745411988347769 0.05945051088929176
v -0.004081110004335642 -0.006573392543941736 0.05708088353276253
v -0.006516167428344488 -0.005836499389261007 0.05681021139025688
v -0.006515096873044968 -0.0058064814656972885 0.05470103770494461
v -0.008724849671125412 -0.004647403955459595 0.054609112441539764
v -0.006514026317745447 -0.005776464473456144 0.05259952321648598
v -0.008723779581487179 -0.004617387428879738 0.052589308470487595
v -0.008725553750991821 -0.004667129833251238 0.056621257215738297
v -0.010600343346595764 -0.0030889189802110195 0.056508902460336685
v -0.010599272325634956 -0.003058902220800519 0.05455038323998451
v -0.010598569177091122 -0.0030391772743314505 0.05259952321648598
v -0.0006619970081374049 0.01801009103655815 0.06402124464511871
v -0.0006552376435138285 0.018199628219008446 0.06616871803998947
v -0.003147940384224057 0.01788835972547531 0.06410039961338043
v -0.0031812922097742558 0.01808963157236576 0.066209577023983
v -0.0056020780466496944 0.017545662820339203 0.0662989467382431
v -0.0006538001471199095 0.018239935860037804 0.06175119802355766
v -0.0031907078810036182 0.018109718337655067 0.06187121197581291
v -0.005611494183540344 0.01756574772298336 0.061970796436071396
v -0.005538844037801027 0.01735362969338894 0.06418976932764053
v -0.007723930757492781 0.01641053706407547 0.06425871700048447
v -0.007817016914486885 0.016594186425209045 0.06643939018249512
v -0.009737452492117882 0.015211435966193676 0.06659004092216492
v -0.009603660553693771 0.015056388452649117 0.06430978327989578
v -0.009727809578180313 0.015221396461129189 0.0619095116853714
v -0.007816680707037449 0.0166036207228899 0.06196058169007301
v -0.013573660515248775 0.008954205550253391 0.062461063265800476
v -0.013885928317904472 0.006353969685733318 0.062461063265800476
v -0.013612927868962288 0.008965910412371159 0.0643608570098877
v -0.013926406390964985 0.006355413235723972 0.0643608570098877
v -0.013976160436868668 0.006357187405228615 0.06626064330339432
v -0.013799683190882206 0.0037292169872671366 0.0643608570098877
v -0.013849805109202862 0.0037206998094916344 0.06626064330339432
v -0.013279808685183525 0.0011886117281392217 0.06625042855739594
v -0.013759681023657322 0.003738095285370946 0.062461063265800476
v -0.01319896150380373 0.001206337590701878 0.062461063265800476
v -0.013239807449281216 0.0011974896769970655 0.06435064226388931
v -0.012231869623064995 -0.0011295248987153172 0.06433021277189255
v -0.012271871790289879 -0.0011384034296497703 0.06619936227798462
v -0.012191531248390675 -0.0011112131178379059 0.062461063265800476
v -0.010741767473518848 -0.0031242354307323694 0.06246872618794441
v -0.01078294962644577 -0.0031425177585333586 0.0642995685338974
v -0.010813198983669281 -0.003162048291414976 0.0661201998591423
v -0.013662682846188545 0.008967684581875801 0.06626064330339432
v -0.012913424521684647 0.011462170630693436 0.06625042855739594
v -0.012874494306743145 0.011441031470894814 0.06435064226388931
v -0.01170298457145691 0.013700625859200954 0.06433021277189255
v -0.012834382243454456 0.011429296806454659 0.062461063265800476
v -0.011664053425192833 0.013679486699402332 0.062461063265800476
v -0.011742252856492996 0.013712330721318722 0.06619936227798462
v -0.010143161751329899 0.01562606915831566 0.0661201998591423
v -0.01011434942483902 0.015605291351675987 0.0642995685338974
v -0.010074574500322342 0.015584121458232403 0.06246872618794441
v 0.0010220514377579093 -0.006295110564678907 0.12047868221998215
v -0.0014832877786830068 -0.006416149903088808 0.12045059353113174
v 0.0011307185050100088 -0.006349651142954826 0.11928876489400864
v -0.0014150682836771011 -0.006468388717621565 0.11899000406265259
v -0.0013465118827298284 -0.006511193234473467 0.11752941459417343
v -0.00394592946395278 -0.006168603431433439 0.11852016299962997
v -0.003917820751667023 -0.006209106650203466 0.11675060540437698
v -0.006373820826411247 -0.005491216666996479 0.11595902591943741
v -0.003974483348429203 -0.006116919685155153 0.12028972804546356
v -0.006350737065076828 -0.005412179045379162 0.12023865431547165
v -0.006362294312566519 -0.005452126730233431 0.11809884011745453
v -0.00855369120836258 -0.004322899971157312 0.11796095222234726
v -0.008584643714129925 -0.004362156148999929 0.11536917090415955
v -0.008521894924342632 -0.004283674526959658 0.12055018544197083
v -0.010368973948061466 -0.0027571171522140503 0.12090001255273819
v -0.010409679263830185 -0.002785720629617572 0.11795073747634888
v -0.010460871271789074 -0.002824255032464862 0.11499891430139542
v 0.001228820183314383 -0.006392650306224823 0.11809884011745453
v 0.0036900853738188744 -0.0058501241728663445 0.11833886802196503
v 0.0035717440769076347 -0.0058064027689397335 0.11942920833826065
v 0.005787416826933622 -0.004834344144910574 0.11943941563367844
v 0.003443313529714942 -0.005761462263762951 0.12052975594997406
v 0.005658986512571573 -0.004789405036717653 0.12077999860048294
v 0.0059263333678245544 -0.004869354423135519 0.11810905486345291
v 0.007827233523130417 -0.003466155380010605 0.11753962934017181
v 0.0077085550874471664 -0.003431868040934205 0.11927089095115662
v 0.007579757831990719 -0.003397219581529498 0.12098938226699829
v 0.00870345439761877 0.014923890121281147 0.07560893148183823
v 0.008664186112582684 0.014935594983398914 0.07452881336212158
v 0.006769861560314894 0.01653425209224224 0.07439092546701431
v 0.00862441211938858 0.014956763945519924 0.07345890253782272
v 0.006710691377520561 0.016556113958358765 0.07340017706155777
v 0.004450707230716944 0.017727287486195564 0.07334910333156586
v 0.004550355486571789 0.017703983932733536 0.07424026727676392
v 0.00463904207572341 0.017681069672107697 0.07512888312339783
v 0.006839120760560036 0.01651117391884327 0.07537911832332611
v 0.0017891564639285207 0.018292784690856934 0.08717109262943268
v 0.004364756401628256 0.017850574105978012 0.08700000494718552
v 0.0017299862811341882 0.018314644694328308 0.08554963022470474
v 0.0042552766390144825 0.017574533820152283 0.08540918678045273
v 0.004165747202932835 0.01759747788310051 0.08406095206737518
v 0.0066458312794566154 0.01641845516860485 0.08521001785993576
v 0.006465733051300049 0.016435181722044945 0.08364984393119812
v 0.008430755697190762 0.014853754080832005 0.08321064710617065
v 0.006806136108934879 0.01672273688018322 0.08632078021764755
v 0.008930681273341179 0.015115868300199509 0.08626971393823624
v 0.008700610138475895 0.014844130724668503 0.08499041944742203
v -0.0007910914137028158 0.018604636192321777 0.08712001889944077
v -0.0008607183117419481 0.018617425113916397 0.08559048920869827
v -0.0009502473985776305 0.018640367314219475 0.08443120867013931
v 0.0016502400394529104 0.01832779496908188 0.08432906866073608
v -0.01078294962644577 -0.0031425177585333586 0.0642995685338974
v -0.010741767473518848 -0.0031242354307323694 0.06246872618794441
v -0.008878504857420921 -0.00474153645336628 0.06425105780363083
v -0.008847442455589771 -0.004722893238067627 0.06251979619264603
v -0.006607330869883299 -0.0058830538764595985 0.06254022568464279
v -0.010813198983669281 -0.003162048291414976 0.0661201998591423
v -0.00890872348099947 -0.004760208539664745 0.0659695491194725
v -0.006660069338977337 -0.005941283423453569 0.0658188909292221
v -0.006628640461713076 -0.005912349093705416 0.06417955458164215
v -0.004153135232627392 -0.006651543080806732 0.06409018486738205
v -0.0041330051608383656 -0.006631651893258095 0.06243042275309563
v -0.0015426677418872714 -0.006944721564650536 0.06231040880084038
v -0.0015526477945968509 -0.00696411682292819 0.06401102989912033
v -0.0015537183498963714 -0.006994133815169334 0.06569887697696686
v 0.0010727759217843413 -0.006837913766503334 0.06398038566112518
v 0.0010717054829001427 -0.006867931690067053 0.06569121778011322
v 0.0036036979872733355 -0.006307318340986967 0.06576016545295715
v 0.001073510036803782 -0.006817330606281757 0.062269553542137146
v 0.003585599362850189 -0.006246562581509352 0.062300194054841995
v 0.003594648791477084 -0.006276940461248159 0.06402890384197235
v 0.005922200158238411 -0.005269370973110199 0.06415913254022598
v 0.005931616295129061 -0.005289456807076931 0.06595933437347412
v 0.005902663804590702 -0.005248923785984516 0.06235892325639725
v 0.007916178554296494 -0.0037896304856985807 0.062420208007097244
v 0.007935712113976479 -0.003810078138485551 0.06428936123847961
v 0.007954374887049198 -0.0038313528057187796 0.06616105884313583
v -0.004164325539022684 -0.0066812001168727875 0.06573973596096039
v 0.008617285639047623 0.014756935648620129 0.09721903502941132
v 0.008768127299845219 0.01477216649800539 0.09495920687913895
v 0.006773191038519144 0.0163434986025095 0.09491068869829178
v 0.00891878828406334 0.015066486783325672 0.09334030002355576
v 0.006814481690526009 0.016672633588314056 0.09333008527755737
v 0.004373438656330109 0.017809903249144554 0.09258957207202911
v 0.004442173987627029 0.017488008365035057 0.09480088949203491
v 0.004551068414002657 0.01746351644396782 0.09694070369005203
v 0.001957361586391926 0.01822667568922043 0.09456086158752441
v 0.002125794067978859 0.018190614879131317 0.09668025374412537
v -0.0004350587259978056 0.018501773476600647 0.09640958160161972
v 0.0018374737119302154 0.01825070194900036 0.09226017445325851
v -0.0007228719769045711 0.018552398309111595 0.09195120632648468
v -0.0006038271822035313 0.018528401851654053 0.09423912316560745
v 0.00675188098102808 0.016314202919602394 0.09710923582315445
v -0.013875441625714302 0.006363900378346443 0.07606089860200882
v -0.01356317289173603 0.008964136242866516 0.07607877254486084
v -0.01362304762005806 0.00896627176553011 0.07447008043527603
v -0.012823895551264286 0.011439226567745209 0.07610941678285599
v -0.012884246185421944 0.011451683938503265 0.0744905099272728
v -0.011713104322552681 0.013700987212359905 0.07451093941926956
v -0.01293366402387619 0.011462892405688763 0.07286904752254486
v -0.011762491427361965 0.013713052496314049 0.07286904752254486
v -0.013682921417057514 0.008968406356871128 0.07286904752254486
v -0.013996399939060211 0.006357909180223942 0.07286904752254486
v -0.013936158269643784 0.006366065703332424 0.07445986568927765
v -0.01380943600088358 0.003739869687706232 0.07445986568927765
v -0.013748858124017715 0.0037574595771729946 0.07605068385601044
v -0.01387004368007183 0.0037214215844869614 0.07286904752254486
v -0.013300048187375069 0.0011893335031345487 0.07286904752254486
v -0.013249559327960014 0.0012081421446055174 0.07445986568927765
v -0.012241286225616932 -0.0011094387155026197 0.07447008043527603
v -0.013187771663069725 0.0012359940446913242 0.07605068385601044
v -0.012190461158752441 -0.0010811962420120835 0.0760711133480072
v -0.012292477302253246 -0.0011479731183499098 0.07286904752254486
v -0.010833438485860825 -0.003161326516419649 0.07292012125253677
v -0.010772493667900562 -0.0031334448140114546 0.07443944364786148
v -0.010721301659941673 -0.0030949104111641645 0.07595109939575195
v -0.011673329398036003 0.013679818250238895 0.0761604830622673
v -0.01006445474922657 0.015583761036396027 0.07606089860200882
v -0.01011434942483902 0.015605291351675987 0.0744905099272728
v -0.010163400322198868 0.01562679000198841 0.07292012125253677
v -0.0006267319549806416 0.01899893954396248 0.13130033016204834
v -0.0006758131785318255 0.018190914765000343 0.12900985777378082
v -0.0032934772316366434 0.018874211236834526 0.13120074570178986
v -0.0031816591508686543 0.01807934045791626 0.1288796365261078
v -0.005582206416875124 0.0175346489995718 0.1285502314567566
v -0.000568343501072377 0.019807489588856697 0.13360102474689484
v -0.0034049588721245527 0.019678514450788498 0.13352951407432556
v -0.006138079334050417 0.019065821543335915 0.1334095001220703
v -0.005865807645022869 0.0182952843606472 0.13098114728927612
v -0.008223578333854675 0.017269043251872063 0.13072068989276886
v -0.007778819650411606 0.01655246503651142 0.12811103463172913
v -0.00967935286462307 0.015159557573497295 0.12764886021614075
v -0.010257557034492493 0.01578042469918728 0.13047045469284058
v -0.01083576213568449 0.016401290893554688 0.13328948616981506
v -0.008658584207296371 0.017974968999624252 0.1333303451538086
v -0.0006341948173940182 0.01878967694938183 0.06569887697696686
v 0.0019755386747419834 0.018475916236639023 0.06569121778011322
v 0.001974468119442463 0.018445897847414017 0.06398038566112518
v 0.0044608269818127155 0.017726926133036613 0.06576016545295715
v 0.004450003616511822 0.01770756207406521 0.06402890384197235
v 0.0066998680122196674 0.01653674989938736 0.06415913254022598
v 0.0044388133101165295 0.017677905037999153 0.062300194054841995
v 0.006678557954728603 0.016507452353835106 0.06235892325639725
v 0.0019733975641429424 0.01841588132083416 0.062269553542137146
v -0.0006270591984502971 0.01872931234538555 0.06231040880084038
v -0.0006352653144858778 0.01875966042280197 0.06401102989912033
v 0.006710691377520561 0.016556113958358765 0.06595933437347412
v 0.00862441211938858 0.014956763945519924 0.06616105884313583
v 0.008604312315583229 0.014937730506062508 0.06428936123847961
v 0.008583370596170425 0.014918726868927479 0.062420208007097244
v -0.0005228529334999621 0.0180051289498806 0.07387001812458038
v -0.0003699018561746925 0.01807953603565693 0.07497056573629379
v -0.0030383113771677017 0.017884450033307076 0.0739491730928421
v -0.0028659645467996597 0.01795816421508789 0.0751110091805458
v -0.0053155627101659775 0.017434973269701004 0.07549913227558136
v -0.0006649899296462536 0.018210280686616898 0.07273882627487183
v -0.0032011643052101135 0.018100645393133163 0.07276946306228638
v -0.005621950142085552 0.017556674778461456 0.07276946306228638
v -0.005468850489705801 0.01735113374888897 0.07414068281650543
v -0.007704058662056923 0.016399523243308067 0.07432964444160461
v -0.00761966360732913 0.016516733914613724 0.07605068385601044
v -0.00961947813630104 0.015157422050833702 0.07650010287761688
v -0.009603997692465782 0.015046954154968262 0.07447008043527603
v -0.009757325053215027 0.015222449786961079 0.07245028018951416
v -0.007836919277906418 0.016604343429207802 0.07261881232261658
v -0.0006270591984502971 0.01872931234538555 0.06231040880084038
v -0.003233117749914527 0.018601560965180397 0.06243042275309563
v -0.003251443151384592 0.01863226853311062 0.06409018486738205
v -0.005754116456955671 0.01804141327738762 0.06254022568464279
v -0.005773285403847694 0.018072152510285378 0.06417955458164215
v -0.008100836537778378 0.01706458441913128 0.06425105780363083
v -0.0058029405772686005 0.018092960119247437 0.0658188909292221
v -0.008129648864269257 0.01708536222577095 0.0659695491194725
v -0.0032604923471808434 0.018662646412849426 0.06573973596096039
v -0.0006341948173940182 0.01878967694938183 0.06569887697696686
v -0.0006352653144858778 0.01875966042280197 0.06401102989912033
v -0.00807154830545187 0.01703348383307457 0.06251979619264603
v -0.010074574500322342 0.015584121458232403 0.06246872618794441
v -0.01011434942483902 0.015605291351675987 0.0642995685338974
v -0.010143161751329899 0.01562606915831566 0.0661201998591423
v -0.0028877195436507463 0.017608582973480225 0.1090288832783699
v -0.0052977921441197395 0.01710459031164646 0.10916931927204132
v -0.003070662496611476 0.0175455491989851 0.10648050904273987
v -0.0054203844629228115 0.01702910102903843 0.10618940740823746
v -0.005533373448997736 0.01722290925681591 0.10330908745527267
v -0.007564289961010218 0.016104290261864662 0.10591108351945877
v -0.007718429900705814 0.016280673444271088 0.1027907282114029
v -0.00960827898234129 0.014926886186003685 0.10250984877347946
v -0.007491420954465866 0.016182411462068558 0.10916931927204132
v -0.009349841624498367 0.014857559464871883 0.10911059379577637
v -0.00939282774925232 0.014788676984608173 0.10572978109121323
v -0.00041296647395938635 0.01770065724849701 0.10888078063726425
v -0.0006247211713343859 0.017658403143286705 0.10674095898866653
v -0.0007280668942257762 0.017862170934677124 0.10457050800323486
v -0.0031630450394004583 0.01774892583489418 0.10397043824195862
v 0.009440470486879349 0.01567818410694599 0.13328948616981506
v 0.008819506503641605 0.015100083313882351 0.13040916621685028
v 0.006876130122691393 0.01672024093568325 0.13067983090877533
v 0.008208662271499634 0.014521620236337185 0.1275288462638855
v 0.0063713667914271355 0.016038382425904274 0.12801910936832428
v 0.004200178664177656 0.017166029661893845 0.12849916517734528
v 0.00456712581217289 0.01791377179324627 0.13096071779727936
v 0.004944528918713331 0.01867058500647545 0.1334197223186493
v 0.0020336301531642675 0.018684230744838715 0.13119053840637207
v 0.002251877449452877 0.01947677507996559 0.13353973627090454
v -0.000568343501072377 0.019807489588856697 0.13360102474689484
v 0.0018141715554520488 0.017881423234939575 0.12884898483753204
v -0.0006758131785318255 0.018190914765000343 0.12900985777378082
v -0.0006267319549806416 0.01899893954396248 0.13130033016204834
v 0.007380924187600613 0.017402954399585724 0.13334056735038757
v 0.008229972794651985 0.014550916850566864 0.07606089860200882
v 0.006461232900619507 0.01602487452328205 0.07580044865608215
v 0.006357441656291485 0.01590835489332676 0.0744011402130127
v 0.00435863109305501 0.01711057499051094 0.07552977651357651
v 0.00426481943577528 0.01701344922184944 0.07424026727676392
v 0.004241360351443291 0.017184313386678696 0.07287926226854324
v 0.006392308976501226 0.016057386994361877 0.07293033599853516
v 0.008199246600270271 0.014541707001626492 0.07298906147480011
v 0.008105941116809845 0.0144351189956069 0.07453902810811996
vn 0.2029837965965271 -0.19317004084587097 0.9599394202232361
vn 0.19772440195083618 -0.19855011999607086 0.9599394202232361
vn 0.22056256234645844 -0.14396606385707855 0.9646899104118347
vn 0.22056256234645844 -0.14396606385707855 0.9646899104118347
vn 0.23144568502902985 -0.09640738368034363 0.9680594801902771
vn 0.23144568502902985 -0.09640738368034363 0.9680594801902771
vn 0.23787465691566467 -0.045848164707422256 0.9702134728431702
vn 0.23787465691566467 -0.045848164707422256 0.9702134728431702
vn 0.242098867893219 -0.008633929304778576 0.9702134728431702
vn 0.242098867893219 -0.008633929304778576 0.9702134728431702
vn 0.24053634703159332 0.02878667786717415 0.9702134728431702
vn 0.24053634703159332 0.02878667786717415 0.9702134728431702
vn 0.24000242352485657 0.07252810150384903 0.9680594801902771
vn 0.23772530257701874 0.07967542111873627 0.9680594801902771
vn 0.23025766015052795 0.1278885453939438 0.9646899104118347
vn 0.23025766015052795 0.1278885453939438 0.9646899104118347
vn 0.2168697714805603 0.18398712575435638 0.9587059020996094
vn 0.2168697714805603 0.18398712575435638 0.9587059020996094
vn 0.01349328737705946 0.32572638988494873 0.9453682899475098
vn 0.01349328737705946 0.32572638988494873 0.9453682899475098
vn 0.09464878588914871 0.3119637072086334 0.9453682899475098
vn 0.09464878588914871 0.3119637072086334 0.9453682899475098
vn 0.1512841135263443 0.27940425276756287 0.9481810927391052
vn 0.1512841135263443 0.27940425276756287 0.9481810927391052
vn 0.18960236012935638 0.2392580658197403 0.9522643685340881
vn 0.18437421321868896 0.23806466162204742 0.953589141368866
vn 0.2168697714805603 0.18398712575435638 0.9587059020996094
vn 0.2168697714805603 0.18398712575435638 0.9587059020996094
vn 0.01349328737705946 0.32572638988494873 0.9453682899475098
vn 0.01349328737705946 0.32572638988494873 0.9453682899475098
vn -0.07583916187286377 0.31706175208091736 0.9453682899475098
vn -0.07583916187286377 0.31706175208091736 0.9453682899475098
vn -0.13099642097949982 0.2894711494445801 0.9481810927391052
vn -0.13099642097949982 0.2894711494445801 0.9481810927391052
vn -0.16895757615566254 0.2542573809623718 0.9522643685340881
vn -0.16895757615566254 0.2542573809623718 0.9522643685340881
vn -0.2054280787706375 0.20268626511096954 0.9574540853500366
vn -0.2054280787706375 0.20268626511096954 0.9574540853500366
vn -0.2054280787706375 0.20268626511096954 0.9574540853500366
vn -0.2054280787706375 0.20268626511096954 0.9574540853500366
vn -0.23296178877353668 0.1480250358581543 0.961154580116272
vn -0.23296178877353668 0.1480250358581543 0.961154580116272
vn -0.24475981295108795 0.09729700535535812 0.9646899104118347
vn -0.24475981295108795 0.09729700535535812 0.9646899104118347
vn -0.25426509976387024 0.05019315704703331 0.9658315181732178
vn -0.25426509976387024 0.05019315704703331 0.9658315181732178
vn -0.25462567806243896 0.012843240052461624 0.9669547080993652
vn -0.25462567806243896 0.012843240052461624 0.9669547080993652
vn -0.2571946680545807 -0.03195305913686752 0.9658315181732178
vn -0.2571946680545807 -0.03195305913686752 0.9658315181732178
vn -0.25106897950172424 -0.07961434870958328 0.9646899104118347
vn -0.25106897950172424 -0.07961434870958328 0.9646899104118347
vn -0.24291454255580902 -0.13105393946170807 0.961154580116272
vn -0.24291454255580902 -0.13105393946170807 0.961154580116272
vn -0.21934457123279572 -0.18753767013549805 0.9574540853500366
vn -0.21934457123279572 -0.18753767013549805 0.9574540853500366
vn -0.21934457123279572 -0.18753767013549805 0.9574540853500366
vn -0.21934457123279572 -0.18753767013549805 0.9574540853500366
vn -0.18437421321868896 -0.23806466162204742 0.953589141368866
vn -0.18437421321868896 -0.23806466162204742 0.953589141368866
vn -0.15124553442001343 -0.2747015655040741 0.949560284614563
vn -0.15124553442001343 -0.2747015655040741 0.949560284614563
vn -0.09822019189596176 -0.3065197169780731 0.946783721446991
vn -0.09822019189596176 -0.3065197169780731 0.946783721446991
vn -0.00959304254502058 -0.3217289447784424 0.946783721446991
vn -0.00959304254502058 -0.3217289447784424 0.946783721446991
vn 0.07247821986675262 -0.31360557675361633 0.946783721446991
vn 0.07247821986675262 -0.31360557675361633 0.946783721446991
vn 0.131292924284935 -0.2847776710987091 0.949560284614563
vn 0.131292924284935 -0.2847776710987091 0.949560284614563
vn 0.16694727540016174 -0.25059378147125244 0.953589141368866
vn 0.16694727540016174 -0.25059378147125244 0.953589141368866
vn 0.2029837965965271 -0.19317004084587097 0.9599394202232361
vn 0.19772440195083618 -0.19855011999607086 0.9599394202232361
vn -0.5496934056282043 -0.826086699962616 0.1242060661315918
vn -0.38885200023651123 -0.9140328764915466 0.11553031951189041
vn -0.5441888570785522 -0.8362345099449158 0.06767380982637405
vn -0.37531888484954834 -0.9252918362617493 0.05459024757146835
vn -0.366716206073761 -0.930314838886261 -0.006554040592163801
vn -0.20955687761306763 -0.976276159286499 0.05459024757146835
vn -0.2004234343767166 -0.9797117114067078 -0.002184694167226553
vn -0.03563956916332245 -0.9993479251861572 0.006554040592163801
vn -0.2313658595085144 -0.965987503528595 0.11553031951189041
vn -0.05989968031644821 -0.9915009140968323 0.11553031951189041
vn -0.045005474239587784 -0.9972504377365112 0.058952588587999344
vn 0.12647747993469238 -0.9896630644798279 0.06767380982637405
vn 0.13009962439537048 -0.991310715675354 0.01966099627315998
vn 0.11339092254638672 -0.986815333366394 0.11553031951189041
vn 0.29766151309013367 -0.9476600885391235 0.11553031951189041
vn 0.3031198978424072 -0.9502310156822205 0.07203252613544464
vn 0.4893534481525421 -0.868344783782959 0.08074574917554855
vn 0.3065519332885742 -0.9512947797775269 0.03276457265019417
vn 0.49140655994415283 -0.8694862127304077 0.05022686347365379
vn -0.5347791314125061 -0.8449268937110901 0.010923261754214764
vn -0.7174381017684937 -0.695117712020874 0.04586252197623253
vn -0.7230127453804016 -0.6861064434051514 0.08074574917554855
vn -0.8280638456344604 -0.5503666400909424 0.10684575140476227
vn 0.49127674102783203 -0.8638827800750732 0.1111890971660614
vn 0.6398380994796753 -0.6650054454803467 0.3852050006389618
vn 0.6766529083251953 -0.7308545112609863 0.08945280313491821
vn 0.6794014573097229 -0.7310364842414856 0.0633138045668602
vn 0.9205462336540222 -0.37317100167274475 0.11553031951189041
vn 0.9729533791542053 -0.20005927979946136 0.11553031951189041
vn 0.9794312119483948 -0.2003660500049591 0.024029340595006943
vn 0.9926775693893433 -0.035401683300733566 0.11553031951189041
vn 0.9990808367729187 -0.03563004359602928 0.024029340595006943
vn 0.9912160634994507 0.13008719682693481 0.024029340595006943
vn 0.9970782995223999 -0.03555862978100777 -0.06767380982637405
vn 0.9891772866249084 0.13022246956825256 -0.06767380982637405
vn 0.9773879647254944 -0.20035575330257416 -0.06767380982637405
vn 0.9255218505859375 -0.37337642908096313 -0.0633138045668602
vn 0.9272710084915161 -0.37363144755363464 0.024029340595006943
vn 0.8323091268539429 -0.553592324256897 0.028397228568792343
vn 0.8294078707695007 -0.5465753078460693 0.11553031951189041
vn 0.830607533454895 -0.5532556772232056 -0.0633138045668602
vn 0.6850926876068115 -0.7260729074478149 -0.058952588587999344
vn 0.6811845302581787 -0.7315672636032104 0.028397228568792343
vn 0.6789646744728088 -0.7250303030014038 0.11553031951189041
vn 0.9847328662872314 0.13024266064167023 0.11553031951189041
vn 0.9447905421257019 0.30664780735969543 0.11553031951189041
vn 0.9515309929847717 0.3066280484199524 0.024029340595006943
vn 0.8696298599243164 0.4928963780403137 0.028397228568792343
vn 0.9497681260108948 0.30649828910827637 -0.0633138045668602
vn 0.8679085969924927 0.4926818013191223 -0.0633138045668602
vn 0.86623615026474 0.4861038625240326 0.11553031951189041
vn 0.7288873791694641 0.6748223304748535 0.11553031951189041
vn 0.7315672636032104 0.6811845302581787 0.028397228568792343
vn 0.7350741028785706 0.6754257678985596 -0.058952588587999344
vn 0.8368015289306641 -0.5475106239318848 -0.002184694167226553
vn 0.6924334168434143 -0.7214849591255188 -0.002184694167226553
vn 0.8326429724693298 -0.5538143515586853 -0.002184694167226553
vn 0.6869520545005798 -0.7266796827316284 -0.006554040592163801
vn 0.6814447045326233 -0.7318466305732727 -0.006554040592163801
vn 0.8326429724693298 -0.5538143515586853 -0.002184694167226553
vn 0.9275366067886353 -0.37373843789100647 0.002184694167226553
vn 0.9275366067886353 -0.37373843789100647 0.002184694167226553
vn 0.9797117114067078 -0.2004234343767166 0.002184694167226553
vn 0.9275366067886353 -0.37373843789100647 0.002184694167226553
vn 0.9797117114067078 -0.2004234343767166 0.002184694167226553
vn 0.9797117114067078 -0.2004234343767166 0.002184694167226553
vn 0.9993669986724854 -0.03564025089144707 0.002184694167226553
vn 0.9993669986724854 -0.03564025089144707 0.002184694167226553
vn 0.9915000200271606 0.13012446463108063 0.002184694167226553
vn 0.9993669986724854 -0.03564025089144707 0.002184694167226553
vn 0.9915000200271606 0.13012446463108063 0.002184694167226553
vn 0.9915000200271606 0.13012446463108063 0.002184694167226553
vn 0.9518035650253296 0.30671587586402893 0.002184694167226553
vn 0.9518035650253296 0.30671587586402893 0.002184694167226553
vn 0.869978666305542 0.4930940568447113 -0.002184694167226553
vn 0.9518035650253296 0.30671587586402893 0.002184694167226553
vn 0.8736776113510132 0.48651009798049927 -0.002184694167226553
vn 0.869978666305542 0.4930940568447113 -0.002184694167226553
vn 0.7318466305732727 0.6814447045326233 -0.006554040592163801
vn 0.7369719743728638 0.6758984923362732 -0.006554040592163801
vn 0.7420693635940552 0.6703265309333801 -0.002184694167226553
vn -0.6958001852035522 0.7126497030258179 0.08945280313491821
vn -0.8374708890914917 0.5404922962188721 0.08074574917554855
vn -0.8367536067962646 0.5474792122840881 0.010923261754214764
vn -0.9273166656494141 0.3664119839668274 0.0763898640871048
vn -0.9274834394454956 0.3737170398235321 0.010923261754214764
vn -0.9796929955482483 0.2004196047782898 0.006554040592163801
vn -0.9271748661994934 0.3699738383293152 -0.058952588587999344
vn -0.9772059917449951 0.2039666324853897 -0.058952588587999344
vn -0.8329160213470459 0.5502588748931885 -0.058952588587999344
vn -0.6769822239875793 0.7339783906936646 -0.05459024757146835
vn -0.6868340373039246 0.726554811000824 0.01966099627315998
vn -0.9974896311759949 0.03934962674975395 -0.058952588587999344
vn -0.9993479251861572 0.03563956916332245 0.006554040592163801
vn -0.9914810657501221 -0.13012197613716125 0.006554040592163801
vn -0.9967733025550842 0.03554775193333626 0.07203252613544464
vn -0.9885532259941101 -0.13014031946659088 0.0763898640871048
vn -0.9767712950706482 0.20022933185100555 0.0763898640871048
vn -0.989253044128418 -0.13383716344833374 -0.058952588587999344
vn -0.9511745572090149 -0.30298659205436707 -0.058952588587999344
vn -0.9517490267753601 -0.3066983222961426 0.010923261754214764
vn -0.9510622024536133 -0.2994236946105957 0.0763898640871048
vn -0.8736276030540466 -0.486482173204422 0.010923261754214764
vn -0.8738453388214111 -0.4794619083404541 0.08074574917554855
vn -0.7447981834411621 -0.6612738966941833 0.08945280313491821
vn -0.8699977397918701 -0.48952817916870117 -0.058952588587999344
vn -0.7275473475456238 -0.6838889122009277 -0.05459024757146835
vn -0.7368453145027161 -0.6757823824882507 0.01966099627315998
vn -0.2296299785375595 -0.9678703546524048 0.10250037163496017
vn -0.05807245522737503 -0.9930410981178284 0.10250037163496017
vn -0.20773302018642426 -0.9777780771255493 0.028397228568792343
vn -0.04316897317767143 -0.9986688494682312 0.028397228568792343
vn -0.02052486129105091 -0.998932421207428 -0.04149730131030083
vn -0.18001817166805267 -0.9825983643531799 -0.04586252197623253
vn -0.35431697964668274 -0.9337805509567261 -0.05022686347365379
vn -0.38057976961135864 -0.9243170619010925 0.028397228568792343
vn -0.5599261522293091 -0.8281996846199036 0.024029340595006943
vn -0.40802520513534546 -0.9072036147117615 0.10250037163496017
vn -0.5781946778297424 -0.8099791407585144 0.0981530249118805
vn -0.5424970984458923 -0.8382875919342041 -0.05459024757146835
vn -0.7275473475456238 -0.6838889122009277 -0.05459024757146835
vn -0.7368453145027161 -0.6757823824882507 0.01966099627315998
vn -0.7447981834411621 -0.6612738966941833 0.08945280313491821
vn 0.028068047016859055 0.9987489581108093 0.04149730131030083
vn 0.03561575710773468 0.9986801743507385 0.03713129088282585
vn 0.2078123688697815 0.9781515002250671 0.006554040592163801
vn 0.05069499835371971 0.9980283975601196 0.03713129088282585
vn 0.22256192564964294 0.9749013185501099 0.006554040592163801
vn 0.39463213086128235 0.9187793731689453 -0.010923261754214764
vn 0.3807106018066406 0.9246348142623901 -0.010923261754214764
vn 0.3737170398235321 0.9274834394454956 -0.010923261754214764
vn 0.19300805032253265 0.9811411499977112 0.010923261754214764
vn -0.1601003259420395 0.9817692637443542 0.10250037163496017
vn -0.34236395359039307 0.9339646100997925 0.10250037163496017
vn -0.13755322992801666 0.9900919795036316 0.028397228568792343
vn -0.3137691617012024 0.9490795135498047 0.028397228568792343
vn -0.28689897060394287 0.9566481113433838 -0.05022686347365379
vn -0.4995068311691284 0.8659820556640625 0.024029340595006943
vn -0.4814034402370453 0.8748027682304382 -0.05459024757146835
vn -0.6769822239875793 0.7339783906936646 -0.05459024757146835
vn -0.5190269351005554 0.8491091728210449 0.0981530249118805
vn -0.6958001852035522 0.7126497030258179 0.08945280313491821
vn -0.6868340373039246 0.726554811000824 0.01966099627315998
vn -0.10956540703773499 0.9929257035255432 -0.04586252197623253
vn 0.05068628117442131 0.9978567957878113 -0.04149730131030083
vn 0.02808091789484024 0.9992069005966187 0.028397228568792343
vn 0.2003430724143982 0.9793189167976379 0.028397228568792343
vn 0.012814406305551529 0.9946551322937012 0.10250037163496017
vn 0.1852545589208603 0.976869523525238 0.10684575140476227
vn 0.36459362506866455 0.9245094656944275 0.1111890971660614
vn 0.37353867292404175 0.9270408153533936 0.03276457265019417
vn 0.5535183548927307 0.832197904586792 0.03276457265019417
vn 0.3789011240005493 0.9240782260894775 -0.05022686347365379
vn 0.5582449436187744 0.8278838992118835 -0.05459024757146835
vn 0.20595505833625793 0.9774909019470215 -0.04586252197623253
vn 0.5449989438056946 0.8304445743560791 0.11553031951189041
vn 0.7288873791694641 0.6748223304748535 0.11553031951189041
vn 0.7315672636032104 0.6811845302581787 0.028397228568792343
vn 0.7350741028785706 0.6754257678985596 -0.058952588587999344
vn 0.6811845302581787 -0.7315672636032104 0.028397228568792343
vn 0.6813276410102844 -0.7317209243774414 -0.01966099627315998
vn 0.49299997091293335 -0.869812548160553 -0.01966099627315998
vn 0.6849093437194824 -0.7258787155151367 -0.0633138045668602
vn 0.5029340982437134 -0.861676812171936 -0.06767380982637405
vn 0.32451438903808594 -0.942795991897583 -0.0763898640871048
vn 0.31380510330200195 -0.949188232421875 -0.024029340595006943
vn 0.3065519332885742 -0.9512947797775269 0.03276457265019417
vn 0.13755322992801666 -0.9900919795036316 -0.028397228568792343
vn 0.13005489110946655 -0.9909700155258179 0.03276457265019417
vn -0.03561575710773468 -0.9986801743507385 0.03713129088282585
vn 0.16199325025081635 -0.9831202626228333 -0.08510008454322815
vn -0.007115856744349003 -0.9942548274993896 -0.10684575140476227
vn -0.02807716466486454 -0.999073326587677 -0.03276457265019417
vn 0.4928963780403137 -0.8696298599243164 0.028397228568792343
vn 0.8323091268539429 -0.553592324256897 0.028397228568792343
vn 0.9271647930145264 -0.3735886514186859 0.028397228568792343
vn 0.8324839472770691 -0.5537086725234985 -0.01966099627315998
vn 0.9273595213890076 -0.3736670911312103 -0.01966099627315998
vn 0.9251000285148621 -0.37365707755088806 -0.06767380982637405
vn 0.9795246720314026 -0.2003851681947708 -0.01966099627315998
vn 0.9773879647254944 -0.20035575330257416 -0.06767380982637405
vn 0.9970782995223999 -0.03555862978100777 -0.06767380982637405
vn 0.9793189167976379 -0.2003430724143982 0.028397228568792343
vn 0.9989663362503052 -0.03562596067786217 0.028397228568792343
vn 0.9991762042045593 -0.03563344478607178 -0.01966099627315998
vn 0.991310715675354 0.13009962439537048 -0.01966099627315998
vn 0.9891772866249084 0.13022246956825256 -0.06767380982637405
vn 0.9911024570465088 0.13007228076457977 0.028397228568792343
vn 0.9514219760894775 0.3065929412841797 0.028397228568792343
vn 0.9516218304634094 0.3066573143005371 -0.01966099627315998
vn 0.869812548160553 0.49299997091293335 -0.01966099627315998
vn 0.949367344379425 0.3068082630634308 -0.06767380982637405
vn 0.8679085969924927 0.4926818013191223 -0.0633138045668602
vn 0.6811845302581787 -0.7315672636032104 0.028397228568792343
vn 0.6813276410102844 -0.7317209243774414 -0.01966099627315998
vn 0.6849093437194824 -0.7258787155151367 -0.0633138045668602
vn 0.830607533454895 -0.5532556772232056 -0.0633138045668602
vn 0.8696298599243164 0.4928963780403137 0.028397228568792343
vn 0.7315672636032104 0.6811845302581787 0.028397228568792343
vn 0.726554811000824 0.6868340373039246 -0.01966099627315998
vn 0.7340329885482788 0.6757404804229736 -0.06767380982637405
vn 0.4844576418399811 -0.8671579360961914 0.11553031951189041
vn 0.4928305149078369 -0.8695136308670044 0.03276457265019417
vn 0.2978099286556244 -0.9481326341629028 0.1111890971660614
vn 0.3065519332885742 -0.9512947797775269 0.03276457265019417
vn 0.13007228076457977 -0.9911024570465088 0.028397228568792343
vn 0.3121117949485779 -0.948721706867218 -0.05022686347365379
vn 0.13580022752285004 -0.9896788597106934 -0.04586252197623253
vn 0.4978524148464203 -0.8655473589897156 -0.05459024757146835
vn 0.6850926876068115 -0.7260729074478149 -0.058952588587999344
vn 0.6811845302581787 -0.7315672636032104 0.028397228568792343
vn 0.6789646744728088 -0.7250303030014038 0.11553031951189041
vn 0.1151965782046318 -0.9875844717025757 0.10684575140476227
vn -0.05807245522737503 -0.9930410981178284 0.10250037163496017
vn -0.04316897317767143 -0.9986688494682312 0.028397228568792343
vn -0.02052486129105091 -0.998932421207428 -0.04149730131030083
vn -0.49922075867652893 0.8654859662055969 0.04149730131030083
vn -0.6811845302581787 0.7315672636032104 0.028397228568792343
vn -0.5011210441589355 0.8636590838432312 -0.05459024757146835
vn -0.6937602758407593 0.7187507748603821 -0.04586252197623253
vn -0.7151830792427063 0.687819242477417 -0.1242060661315918
vn -0.5137939453125 0.844673216342926 -0.15017375349998474
vn -0.3105924427509308 0.9379091858863831 -0.15449213981628418
vn -0.30852290987968445 0.9498948454856873 -0.05022686347365379
vn -0.12252776324748993 0.991601824760437 -0.04149730131030083
vn -0.30852290987968445 0.9498948454856873 0.05022686347365379
vn -0.13203004002571106 0.9899771213531494 0.05022686347365379
vn -0.11350128054618835 0.9846174716949463 -0.1328723281621933
vn 0.06372801214456558 0.9922358989715576 -0.10684575140476227
vn 0.043163202702999115 0.9985353350639343 -0.03276457265019417
vn 0.20775681734085083 0.977890133857727 -0.024029340595006943
vn 0.03560963273048401 0.9985085129737854 0.04149730131030083
vn 0.20028570294380188 0.9790384769439697 0.03713129088282585
vn 0.23152568936347961 0.9687122106552124 -0.08945280313491821
vn 0.39085009694099426 0.9172840714454651 -0.0763898640871048
vn 0.37363144755363464 0.9272710084915161 -0.024029340595006943
vn 0.5537086725234985 0.8324839472770691 -0.01966099627315998
vn 0.37353867292404175 0.9270408153533936 0.03276457265019417
vn 0.553592324256897 0.8323091268539429 0.028397228568792343
vn 0.5630380511283875 0.823661208152771 -0.06767380982637405
vn 0.7340329885482788 0.6757404804229736 -0.06767380982637405
vn 0.726554811000824 0.6868340373039246 -0.01966099627315998
vn 0.7315672636032104 0.6811845302581787 0.028397228568792343
vn 0.11245787143707275 -0.962058961391449 0.24860523641109467
vn -0.03829413652420044 -0.9678521752357483 0.24860523641109467
vn 0.11268623918294907 -0.9514368772506714 0.2864931523799896
vn -0.032216768711805344 -0.9562832713127136 0.29067665338516235
vn -0.03555198386311531 -0.9439890384674072 0.3280687630176544
vn 0.10935905575752258 -0.9397410154342651 0.3239381015300751
vn 0.27534833550453186 -0.9080482721328735 0.31565824151039124
vn 0.27132537961006165 -0.9214369654655457 0.2781098484992981
vn 0.4558824598789215 -0.8481974601745605 0.26970529556274414
vn 0.27847349643707275 -0.9299452900886536 0.2401314377784729
vn 0.46271979808807373 -0.8557116985321045 0.23163928091526031
vn 0.4545130133628845 -0.8375560641288757 0.30319350957870483
vn 0.6444059014320374 -0.7072882652282715 0.29067665338516235
vn 0.6453359127044678 -0.7193541526794434 0.25706008076667786
vn 0.6503547430038452 -0.7261273264884949 0.22312943637371063
vn -0.18335221707820892 -0.9740308523178101 -0.1328723281621933
vn -0.3469688892364502 -0.9312673211097717 -0.1111890971660614
vn -0.2003660500049591 -0.9794312119483948 -0.024029340595006943
vn -0.3667231798171997 -0.930332601070404 0.002184694167226553
vn -0.4026954174041748 -0.908018946647644 0.11553031951189041
vn -0.5475106239318848 -0.8368015289306641 -0.002184694167226553
vn -0.5767823457717896 -0.812458872795105 0.08510008454322815
vn -0.7465969920158386 -0.6642466187477112 0.03713129088282585
vn -0.5213420987129211 -0.8471749424934387 -0.10250037163496017
vn -0.8353692293167114 -0.5443639755249023 -0.0763898640871048
vn -0.731818675994873 -0.6814186573028564 -0.010923261754214764
vn -0.02388950251042843 -0.9877097606658936 -0.15449213981628418
vn -0.029920494183897972 -0.9978169798851013 -0.058952588587999344
vn 0.13201451301574707 -0.9868040680885315 -0.09380380809307098
vn -0.05258047580718994 -0.9975676536560059 0.04586252197623253
vn 0.11512815952301025 -0.9932953119277954 -0.010923261754214764
vn -0.22973115742206573 -0.9682968854904175 0.0981530249118805
vn 0.13804411888122559 -0.97542804479599 -0.17173540592193604
vn 0.30529412627220154 -0.9358499646186829 -0.1760382205247879
vn 0.3032953441143036 -0.9453319907188416 -0.11986933648586273
vn 0.2904469072818756 -0.9553375840187073 -0.05459024757146835
vn 0.4749065935611725 -0.8706034421920776 -0.12854042649269104
vn 0.475055068731308 -0.8762488961219788 -0.08074574917554855
vn 0.664230465888977 -0.7410621643066406 -0.0981530249118805
vn 0.47953683137893677 -0.8605582118034363 -0.17173540592193604
vn 0.6690706610679626 -0.7241001129150391 -0.16742929816246033
vn 0.6649901270866394 -0.7349437475204468 -0.1328723281621933
vn -0.8696298599243164 -0.4928963780403137 0.028397228568792343
vn -0.7315672636032104 -0.6811845302581787 0.028397228568792343
vn -0.8803204298019409 -0.47293397784233093 -0.03713129088282585
vn -0.7430418729782104 -0.6673644781112671 -0.05022686347365379
vn -0.7623630166053772 -0.6351257562637329 -0.1242060661315918
vn -0.8927887678146362 -0.4396628439426422 -0.0981530249118805
vn -0.9617117047309875 -0.2632196545600891 -0.0763898640871048
vn -0.9560535550117493 -0.29222187399864197 -0.024029340595006943
vn -0.9923406839370728 -0.12261906266212463 -0.0152922747656703
vn -0.9512947797775269 -0.3065519332885742 0.03276457265019417
vn -0.9909700155258179 -0.13005489110946655 0.03276457265019417
vn -0.9918793439865112 -0.1077263131737709 -0.06767380982637405
vn -0.9974916577339172 0.03179804980754852 -0.0633138045668602
vn -0.9992524981498718 0.03563616797327995 -0.0152922747656703
vn -0.981084942817688 0.19299699366092682 -0.0152922747656703
vn -0.9986801743507385 0.03561575710773468 0.03713129088282585
vn -0.979188084602356 0.20031629502773285 0.03276457265019417
vn -0.9816856384277344 0.17810921370983124 -0.06767380982637405
vn -0.9388110637664795 0.3348480761051178 -0.08074574917554855
vn -0.9328082799911499 0.3595840334892273 -0.024029340595006943
vn -0.8443945646286011 0.5344421863555908 -0.03713129088282585
vn -0.9270408153533936 0.37353867292404175 0.03276457265019417
vn -0.8323091268539429 0.553592324256897 0.028397228568792343
vn -0.8592013120651245 0.5021438002586365 -0.0981530249118805
vn -0.7151830792427063 0.687819242477417 -0.1242060661315918
vn -0.6937602758407593 0.7187507748603821 -0.04586252197623253
vn -0.6811845302581787 0.7315672636032104 0.028397228568792343
vn 0.9081783294677734 -0.19760018587112427 0.3690181374549866
vn 0.9168238043785095 -0.04024852067232132 0.3972681760787964
vn 0.9739455580711365 -0.20005837082862854 0.10684575140476227
vn 0.9931725263595581 -0.03541933745145798 0.1111890971660614
vn 0.9957440495491028 -0.03551104664802551 0.08510008454322815
vn 0.9847328662872314 0.13024266064167023 0.11553031951189041
vn 0.9878274202346802 0.13024666905403137 0.08510008454322815
vn 0.9484416842460632 0.3065091371536255 0.08074574917554855
vn 0.9789987206459045 0.1379079818725586 0.15017375349998474
vn 0.9376389384269714 0.30697599053382874 0.16312000155448914
vn 0.9436644911766052 0.3067237436771393 0.1242060661315918
vn 0.8612777590751648 0.4927298426628113 0.1242060661315918
vn 0.8633100390434265 0.49951618909835815 0.07203252613544464
vn 0.8483080267906189 0.49939268827438354 0.1760382205247879
vn 0.6930944919586182 0.6956550478935242 0.18892620503902435
vn 0.717515230178833 0.686157763004303 0.11986933648586273
vn 0.7251229882240295 0.6867919564247131 0.05022686347365379
vn 0.8636811971664429 -0.3560253381729126 0.3568037748336792
vn 0.9220282435417175 -0.37331873178482056 0.10250037163496017
vn 0.8271536231040955 -0.5533463954925537 0.0981530249118805
vn 0.9241980314254761 -0.3732927441596985 0.08074574917554855
vn 0.8297474384307861 -0.5534797310829163 0.07203252613544464
vn 0.9760398268699646 -0.2002837210893631 0.08510008454322815
vn 0.7772613167762756 -0.5153999924659729 0.36088213324546814
vn 0.6398380994796753 -0.6650054454803467 0.3852050006389618
vn 0.6766529083251953 -0.7308545112609863 0.08945280313491821
vn 0.6794014573097229 -0.7310364842414856 0.0633138045668602
vn -0.17778950929641724 -0.9277769923210144 0.3280687630176544
vn -0.03555198386311531 -0.9439890384674072 0.3280687630176544
vn -0.17456014454364777 -0.9407680034637451 0.29067665338516235
vn -0.032216768711805344 -0.9562832713127136 0.29067665338516235
vn -0.03829413652420044 -0.9678521752357483 0.24860523641109467
vn -0.1807044893503189 -0.9516039490699768 0.24860523641109467
vn -0.33870264887809753 -0.9086101055145264 0.24437066912651062
vn -0.3379739224910736 -0.8978232741355896 0.28230419754981995
vn -0.508756160736084 -0.8175786733627319 0.26970529556274414
vn -0.33391743898391724 -0.8866987824440002 0.3198012113571167
vn -0.5098363161087036 -0.8050771355628967 0.30319350957870483
vn -0.5097081661224365 -0.8285829424858093 0.23163928091526031
vn -0.6958500146865845 -0.6840310096740723 0.21886809170246124
vn -0.6878218054771423 -0.6804296374320984 0.25283506512641907
vn -0.6884503364562988 -0.6680936217308044 0.28230419754981995
vn 0.13760575652122498 -0.9904701113700867 0.006554040592163801
vn -0.028084134683012962 -0.9993214011192322 0.024029340595006943
vn 0.13012197613716125 -0.9914810657501221 0.006554040592163801
vn -0.03563004359602928 -0.9990808367729187 0.024029340595006943
vn -0.05824717879295349 -0.9979029297828674 0.028397228568792343
vn -0.20767351984977722 -0.9774980545043945 0.03713129088282585
vn -0.22976425290107727 -0.9725425243377686 0.03713129088282585
vn -0.3943157494068146 -0.9180427193641663 0.04149730131030083
vn -0.20028570294380188 -0.9790384769439697 0.03713129088282585
vn -0.3734816312789917 -0.9268991947174072 0.03713129088282585
vn -0.38040536642074585 -0.9238934516906738 0.04149730131030083
vn -0.5533386468887329 -0.8319276571273804 0.04149730131030083
vn -0.5720429420471191 -0.8191789984703064 0.04149730131030083
vn -0.5470402836799622 -0.8360826969146729 0.04149730131030083
vn -0.7278672456741333 -0.6841895580291748 0.04586252197623253
vn -0.7330195307731628 -0.6786665916442871 0.04586252197623253
vn -0.7379748225212097 -0.6729634404182434 0.05022686347365379
vn 0.3138350546360016 -0.9492788314819336 -0.01966099627315998
vn 0.3066807687282562 -0.9516944885253906 -0.0152922747656703
vn 0.49807125329971313 -0.8659278750419617 -0.04586252197623253
vn 0.2994849681854248 -0.9539833664894104 -0.0152922747656703
vn 0.4849202334880829 -0.8733603954315186 -0.04586252197623253
vn 0.12262608110904694 -0.9923975467681885 0.010923261754214764
vn 0.5046042203903198 -0.8621371984481812 -0.04586252197623253
vn 0.6881667971611023 -0.7210519313812256 -0.08074574917554855
vn 0.6836002469062805 -0.7258544564247131 -0.0763898640871048
vn 0.6725326776504517 -0.7361207008361816 -0.0763898640871048
vn -0.5726590156555176 -0.8059272170066833 -0.15017375349998474
vn -0.5612313151359558 -0.8255624771118164 -0.058952588587999344
vn -0.3696226477622986 -0.9162534475326538 -0.15449213981628418
vn -0.37531888484954834 -0.9252918362617493 -0.05459024757146835
vn -0.19485585391521454 -0.9797638654708862 -0.04586252197623253
vn -0.3734174072742462 -0.9267398715019226 0.04149730131030083
vn -0.2002512663602829 -0.978870153427124 0.04149730131030083
vn -0.5597871541976929 -0.8279940485954285 0.03276457265019417
vn -0.7315672636032104 -0.6811845302581787 0.028397228568792343
vn -0.7430418729782104 -0.6673644781112671 -0.05022686347365379
vn -0.7623630166053772 -0.6351257562637329 -0.1242060661315918
vn -0.1778508871793747 -0.9744505882263184 -0.1372016966342926
vn -0.007115856744349003 -0.9942548274993896 -0.10684575140476227
vn -0.02807716466486454 -0.999073326587677 -0.03276457265019417
vn -0.03561575710773468 -0.9986801743507385 0.03713129088282585
vn 0.6809893846511841 -0.7313576936721802 -0.03713129088282585
vn 0.6814576983451843 -0.7318606376647949 0.002184694167226553
vn 0.8314015865325928 -0.5537846088409424 -0.04586252197623253
vn 0.8368015289306641 -0.5475106239318848 -0.002184694167226553
vn 0.9302260279655457 -0.36668118834495544 -0.0152922747656703
vn 0.6836002469062805 -0.7258544564247131 -0.0763898640871048
vn 0.8243033289909363 -0.5597242712974548 -0.08510008454322815
vn 0.9162564873695374 -0.387268602848053 -0.10250037163496017
vn 0.9257696270942688 -0.37347638607025146 -0.058952588587999344
vn 0.9770889282226562 -0.20029446482658386 -0.07203252613544464
vn 0.9809163808822632 -0.19296382367610931 -0.024029340595006943
vn 0.9989663362503052 -0.03562596067786217 -0.028397228568792343
vn 0.9961061477661133 -0.03552395850419998 -0.08074574917554855
vn 0.9905081391334534 -0.03532431647181511 -0.1328723281621933
vn 0.9888746738433838 0.1301826387643814 -0.07203252613544464
vn 0.9809654951095581 0.1527981460094452 -0.11986933648586273
vn 0.9419308304786682 0.32115668058395386 -0.0981530249118805
vn 0.9921702146530151 0.12259798496961594 -0.024029340595006943
vn 0.9539833664894104 0.2994849681854248 -0.0152922747656703
vn 0.9500223398208618 0.3065803349018097 -0.058952588587999344
vn 0.8687383532524109 0.4931528568267822 -0.04586252197623253
vn 0.8620812296867371 0.49958303570747375 -0.08510008454322815
vn 0.8736776113510132 0.48651009798049927 -0.002184694167226553
vn 0.7318466305732727 0.6814447045326233 0.006554040592163801
vn 0.7313576936721802 0.6809893846511841 -0.03713129088282585
vn 0.733569860458374 0.6753141283988953 -0.0763898640871048
vn 0.967069149017334 -0.2221696972846985 -0.1242060661315918
vn -0.38047221302986145 -0.9195739030838013 0.0981530249118805
vn -0.20939457416534424 -0.9714937806129456 0.1111890971660614
vn -0.19266200065612793 -0.9754355549812317 0.10684575140476227
vn -0.04869610071182251 -0.9948045611381531 0.08945280313491821
vn -0.03362423926591873 -0.9958095550537109 0.08510008454322815
vn 0.12828649580478668 -0.990469217300415 0.05022686347365379
vn -0.018526004627346992 -0.9962047934532166 0.08510008454322815
vn 0.1507500559091568 -0.9875122308731079 0.04586252197623253
vn -0.1852545589208603 -0.976869523525238 0.10684575140476227
vn -0.3594411611557007 -0.9279963970184326 0.0981530249118805
vn -0.3594411611557007 -0.9279963970184326 0.0981530249118805
vn -0.5440223217010498 -0.8359786868095398 0.07203252613544464
vn -0.5566164255142212 -0.8276465535163879 0.07203252613544464
vn -0.5441888570785522 -0.8362345099449158 0.06767380982637405
vn -0.7277142405509949 -0.6840457320213318 0.05022686347365379
vn -0.7277142405509949 -0.6840457320213318 0.05022686347365379
vn -0.7328654527664185 -0.6785240173339844 0.05022686347365379
vn 0.120766282081604 -0.9911835193634033 0.05459024757146835
vn 0.29943349957466125 -0.9538194537162781 0.024029340595006943
vn 0.3138350546360016 -0.9492788314819336 0.01966099627315998
vn 0.3281364440917969 -0.9444307088851929 0.01966099627315998
vn -0.24051909148693085 -0.9626695513725281 0.1242060661315918
vn -0.14089618623256683 -0.9899688363075256 -0.010923261754214764
vn -0.1334211826324463 -0.9910424947738647 -0.006554040592163801
vn -0.24252364039421082 -0.966017484664917 -0.08945280313491821
vn -0.14833424985408783 -0.9886500835418701 -0.024029340595006943
vn -0.03563820943236351 -0.9993097186088562 -0.010923261754214764
vn -0.03563820943236351 -0.9993097186088562 -0.010923261754214764
vn -0.03563820943236351 -0.9993097186088562 -0.010923261754214764
vn -0.14834842085838318 -0.9887444376945496 0.01966099627315998
vn 0.7313576936721802 0.6809893846511841 -0.03713129088282585
vn 0.7318466305732727 0.6814447045326233 0.006554040592163801
vn 0.5535183548927307 0.832197904586792 -0.03276457265019417
vn 0.5474792122840881 0.8367536067962646 0.010923261754214764
vn 0.36668118834495544 0.9302260279655457 0.0152922747656703
vn 0.733569860458374 0.6753141283988953 -0.0763898640871048
vn 0.5690829157829285 0.8191247582435608 -0.07203252613544464
vn 0.3977827727794647 0.9142990708351135 -0.0763898640871048
vn 0.38052889704704285 0.9241935014724731 -0.03276457265019417
vn 0.20770525932312012 0.9776473641395569 -0.03276457265019417
vn 0.19299699366092682 0.981084942817688 0.0152922747656703
vn 0.028084134683012962 0.9993214011192322 0.024029340595006943
vn 0.043163202702999115 0.9985353350639343 -0.03276457265019417
vn 0.06000249460339546 0.9941866993904114 -0.08945280313491821
vn -0.13009962439537048 0.991310715675354 -0.01966099627315998
vn -0.11338286101818085 0.9899048209190369 -0.08510008454322815
vn -0.29591795802116394 0.9524984359741211 -0.07203252613544464
vn -0.1374901831150055 0.9896382093429565 0.04149730131030083
vn -0.31756848096847534 0.9458223581314087 0.06767380982637405
vn -0.30671587586402893 0.9518035650253296 -0.002184694167226553
vn -0.4929528832435608 0.8697295188903809 0.024029340595006943
vn -0.4815138280391693 0.875003457069397 -0.05022686347365379
vn -0.499563992023468 0.8607038259506226 0.0981530249118805
vn -0.6843422055244446 0.7169588208198547 0.1328723281621933
vn -0.682668924331665 0.7290059924125671 0.05022686347365379
vn -0.6756404042243958 0.7366905808448792 -0.028397228568792343
vn 0.23161433637142181 0.9690831303596497 -0.08510008454322815
vn 0.19577854871749878 0.953926146030426 -0.22738653421401978
vn 0.36387887597084045 0.9093323349952698 -0.2017817199230194
vn 0.1983097493648529 0.973816990852356 -0.1111890971660614
vn 0.3664727509021759 0.9252421259880066 -0.0981530249118805
vn 0.3667021691799164 0.9302793145179749 0.010923261754214764
vn 0.5440223217010498 0.8359786868095398 -0.07203252613544464
vn 0.5473538041114807 0.836561918258667 0.024029340595006943
vn 0.7263050675392151 0.6865979433059692 0.03276457265019417
vn 0.5491567850112915 0.8204975128173828 -0.15880759060382843
vn 0.726434051990509 0.6751148700714111 -0.12854042649269104
vn 0.7252753973007202 0.6869363784790039 -0.04586252197623253
vn 0.044237665832042694 0.9757037162780762 -0.21460255980491638
vn 0.03736838325858116 0.9948938488960266 -0.09380380809307098
vn -0.1319669783115387 0.9895042181015015 -0.058952588587999344
vn 0.028068047016859055 0.9987489581108093 0.04149730131030083
vn -0.1468752771615982 0.9871314167976379 0.0633138045668602
vn 0.19299699366092682 0.981084942817688 0.0152922747656703
vn -0.11952321976423264 0.9763204455375671 -0.18033768236637115
vn -0.29441961646080017 0.9444857835769653 -0.1458524912595749
vn -0.3137272298336029 0.9489526152610779 -0.03276457265019417
vn -0.32440266013145447 0.9424713850021362 0.08074574917554855
vn 0.9992524981498718 -0.03563616797327995 0.0152922747656703
vn 0.9913864135742188 0.13010954856872559 0.0152922747656703
vn 0.9913864135742188 0.13010954856872559 0.0152922747656703
vn 0.9517853856086731 0.30671000480651855 0.006554040592163801
vn 0.9517853856086731 0.30671000480651855 0.006554040592163801
vn 0.9540744423866272 0.2995135486125946 0.006554040592163801
vn 0.9913864135742188 0.13010954856872559 0.0152922747656703
vn 0.9992524981498718 -0.03563616797327995 0.0152922747656703
vn 0.9992524981498718 -0.03563616797327995 0.0152922747656703
vn 0.29943349957466125 -0.9538194537162781 0.024029340595006943
vn 0.4865007996559143 -0.8736609220504761 0.006554040592163801
vn 0.49964040517807007 -0.8662135601043701 0.006554040592163801
vn 0.6759113669395447 -0.7369860410690308 0.002184694167226553
vn 0.6869651675224304 -0.7266935110092163 0.002184694167226553
vn 0.6978622674942017 -0.7162352204322815 0.002184694167226553
vn 0.5126660466194153 -0.858568549156189 0.006554040592163801
vn 0.3281364440917969 -0.9444307088851929 0.01966099627315998
vn 0.3138350546360016 -0.9492788314819336 0.01966099627315998
vn 0.19847120344638824 0.9785900712013245 0.05459024757146835
vn 0.033708613365888596 0.9981734752655029 0.05022686347365379
vn 0.205911785364151 0.9772855043411255 -0.05022686347365379
vn 0.04124530404806137 0.997661292552948 -0.05459024757146835
vn 0.06161203980445862 0.9860756993293762 -0.15449213981628418
vn -0.13199977576732635 0.9897500872612 -0.05459024757146835
vn -0.10982722043991089 0.9825451374053955 -0.15017375349998474
vn -0.2996196746826172 0.943507730960846 -0.1415284425020218
vn -0.13751381635665894 0.9898083806037903 0.03713129088282585
vn -0.3137691617012024 0.9490795135498047 0.028397228568792343
vn -0.3083755671977997 0.949441134929657 -0.058952588587999344
vn -0.4944537878036499 0.8672077655792236 -0.058952588587999344
vn -0.49111276865005493 0.8609079122543335 -0.1328723281621933
vn -0.49306583404541016 0.8699288368225098 0.010923261754214764
vn -0.6814576983451843 0.7318606376647949 -0.002184694167226553
vn -0.6840317845344543 0.7263126969337463 -0.06767380982637405
vn -0.6359589695930481 0.6733054518699646 -0.37712597846984863
vn 0.35776257514953613 0.9322205781936646 0.05459024757146835
vn 0.37198156118392944 0.9271114468574524 -0.04586252197623253
vn 0.5456624031066895 0.8362307548522949 -0.05459024757146835
vn 0.39237797260284424 0.9081716537475586 -0.1458524912595749
vn 0.5526449680328369 0.8213174939155579 -0.1415284425020218
vn 0.23488356173038483 0.9603575468063354 -0.15017375349998474
vn 0.5279594659805298 0.8482606410980225 0.04149730131030083
vn 0.7213472127914429 0.6923012733459473 0.01966099627315998
vn 0.7301276326179504 0.681133508682251 -0.05459024757146835
vn 0.8234395384788513 0.5572617053985596 -0.10684575140476227
vn -0.6969641447067261 0.7097492218017578 0.10250037163496017
vn -0.6869520545005798 0.7266796827316284 -0.006554040592163801
vn -0.49959272146224976 0.8661308288574219 -0.0152922747656703
vn -0.6709924936294556 0.7330861687660217 -0.1111890971660614
vn -0.4828707277774811 0.8668436408042908 -0.1242060661315918
vn -0.29441961646080017 0.9444857835769653 -0.1458524912595749
vn -0.3137272298336029 0.9489526152610779 -0.03276457265019417
vn -0.32440266013145447 0.9424713850021362 0.08074574917554855
vn -0.5105722546577454 0.854708194732666 0.09380380809307098
vn 0.2627885937690735 0.9624820947647095 0.06767380982637405
vn 0.18560020625591278 0.9826082587242126 0.006554040592163801
vn 0.14837390184402466 0.9889143705368042 0.006554040592163801
vn 0.26067835092544556 0.9608625769615173 -0.09380380809307098
vn 0.16328655183315277 0.9865229725837708 -0.010923261754214764
vn 0.03563820943236351 0.9993097186088562 0.010923261754214764
vn 0.03563820943236351 0.9993097186088562 0.010923261754214764
vn 0.03563820943236351 0.9993097186088562 0.010923261754214764
vn 0.15582291781902313 0.9876713752746582 0.0152922747656703
vn -0.9274834394454956 0.3737170398235321 -0.010923261754214764
vn -0.919580340385437 0.3768531084060669 -0.1111890971660614
vn -0.8367855548858643 0.5475001335144043 -0.006554040592163801
vn -0.823535680770874 0.5562690496444702 -0.1111890971660614
vn -0.6709924936294556 0.7330861687660217 -0.1111890971660614
vn -0.6869520545005798 0.7266796827316284 -0.006554040592163801
vn -0.6969641447067261 0.7097492218017578 0.10250037163496017
vn -0.8422492146492004 0.5308732390403748 0.09380380809307098
vn -0.9278922080993652 0.3630197048187256 0.08510008454322815
vn 0.8326270580291748 -0.5538037419319153 -0.006554040592163801
vn 0.9274303913116455 -0.37369564175605774 -0.0152922747656703
vn 0.8279940485954285 -0.5597871541976929 -0.03276457265019417
vn 0.9238934516906738 -0.38040536642074585 -0.04149730131030083
vn 0.9235544800758362 -0.3807271718978882 -0.04586252197623253
vn 0.9773299694061279 -0.20763783156871796 -0.04149730131030083
vn 0.9770998358726501 -0.2078023999929428 -0.04586252197623253
vn 0.9983177781105042 -0.03560283035039902 -0.04586252197623253
vn 0.9780581593513489 -0.20779253542423248 -0.0152922747656703
vn 0.9992524981498718 -0.03563616797327995 -0.0152922747656703
vn 0.9993669986724854 -0.03564025089144707 0.002184694167226553
vn 0.9903755784034729 0.1375926285982132 -0.0152922747656703
vn 0.9915000200271606 0.13012446463108063 0.002184694167226553
vn 0.9518035650253296 0.30671587586402893 -0.002184694167226553
vn 0.991310715675354 0.13009962439537048 -0.01966099627315998
vn 0.9515309929847717 0.3066280484199524 -0.024029340595006943
vn 0.9525498747825623 0.2994629442691803 -0.05459024757146835
vn 0.8770754933357239 0.47976094484329224 -0.024029340595006943
vn 0.8746981620788574 0.4799298048019409 -0.06767380982637405
vn 0.744805634021759 0.6586788296699524 -0.10684575140476227
vn 0.9904330372810364 0.13018585741519928 -0.04586252197623253
vn 0.9983177781105042 -0.03560283035039902 -0.04586252197623253
vn 0.9991762042045593 -0.03563344478607178 -0.01966099627315998
vn 0.9795246720314026 -0.2003851681947708 -0.01966099627315998
vn 0.9797117114067078 -0.2004234343767166 0.002184694167226553
vn 0.9275366067886353 -0.37373843789100647 0.002184694167226553
vn 0.9245818853378296 -0.38068878650665283 -0.0152922747656703
vn 0.8324839472770691 -0.5537086725234985 -0.01966099627315998
vn 0.8277252316474915 -0.5596054792404175 -0.04149730131030083
vn 0.6809893846511841 -0.7313576936721802 -0.03713129088282585
vn 0.6812626123428345 -0.7316510677337646 -0.024029340595006943
vn 0.9786431193351746 -0.2004086822271347 -0.04586252197623253
vn 0.9290106892585754 -0.36664116382598877 -0.05022686347365379
vn 0.9272710084915161 -0.37363144755363464 -0.024029340595006943
vn 0.8363542556762695 -0.5472179055213928 -0.03276457265019417
vn 0.8326429724693298 -0.5538143515586853 -0.002184694167226553
vn 0.6814186573028564 -0.731818675994873 -0.010923261754214764
vn 0.6813276410102844 -0.7317209243774414 -0.01966099627315998
vn 0.6759113669395447 -0.7369860410690308 0.002184694167226553
vn 0.9794312119483948 -0.2003660500049591 -0.024029340595006943
vn 0.9990808367729187 -0.03563004359602928 -0.024029340595006943
vn 0.9985085129737854 -0.03560963273048401 -0.04149730131030083
vn 0.9896382093429565 0.1374901831150055 -0.04149730131030083
vn 0.9894204139709473 0.13767074048519135 -0.04586252197623253
vn 0.9483293294906616 0.31397050619125366 -0.04586252197623253
vn 0.9493513703346252 0.3138590455055237 -0.0152922747656703
vn 0.8912506699562073 0.4530949592590332 -0.01966099627315998
vn 0.8843733668327332 0.4665396809577942 0.0152922747656703
vn 0.8309382796287537 0.5504825711250305 0.08074574917554855
vn 0.7420269250869751 0.6702881455421448 -0.010923261754214764
vn 0.9912160634994507 0.13008719682693481 -0.024029340595006943
vn 0.9516944885253906 0.3066807687282562 -0.0152922747656703
vn 0.9486445188522339 0.31362536549568176 -0.04149730131030083
vn 0.8692313432693481 0.49267053604125977 -0.04149730131030083
vn 0.8788598775863647 0.47286999225616455 -0.0633138045668602
vn 0.8234395384788513 0.5572617053985596 -0.10684575140476227
vn 0.925773024559021 0.37758058309555054 -0.01966099627315998
vn 0.7301276326179504 0.681133508682251 -0.05459024757146835
vn 0.7213472127914429 0.6923012733459473 0.01966099627315998
vn 0.8699620366096497 0.4930846393108368 -0.006554040592163801
vn 0.6910381317138672 -0.7213683724403381 -0.04586252197623253
vn 0.704382598400116 -0.705219566822052 -0.08074574917554855
vn 0.8429422378540039 -0.5342743396759033 -0.0633138045668602
vn -0.4928199052810669 -0.8443326354026794 -0.2103329300880432
vn -0.6918213963508606 -0.6867352724075317 -0.22312943637371063
vn -0.5264900326728821 -0.8459169864654541 -0.08510008454322815
vn -0.716639518737793 -0.689217746257782 -0.10684575140476227
vn -0.7266519069671631 -0.6869258284568787 0.010923261754214764
vn -0.5470402836799622 -0.8360826969146729 0.04149730131030083
vn -0.37522563338279724 -0.9250619411468506 0.058952588587999344
vn -0.3382244408130646 -0.9403376579284668 -0.03713129088282585
vn -0.18560020625591278 -0.9826082587242126 0.006554040592163801
vn -0.24252364039421082 -0.966017484664917 -0.08945280313491821
vn -0.14833424985408783 -0.9886500835418701 -0.024029340595006943
vn -0.21687854826450348 -0.9744216799736023 0.058952588587999344
vn -0.045026980340480804 -0.9977270364761353 0.05022686347365379
vn -0.03563344478607178 -0.9991762042045593 0.01966099627315998
vn -0.03563820943236351 -0.9993097186088562 -0.010923261754214764
vn -0.45931899547576904 -0.8334073424339294 0.30735430121421814
vn -0.24051909148693085 -0.9626695513725281 0.1242060661315918
vn -0.5077173113822937 -0.8490932583808899 0.1458524912595749
vn -0.3256751596927643 -0.9433643817901611 0.0633138045668602
vn -0.36812207102775574 -0.9276242852210999 -0.0633138045668602
vn -0.18556831777095795 -0.982439398765564 -0.01966099627315998
vn -0.19835801422595978 -0.9760438799858093 -0.08945280313491821
vn -0.02790800668299198 -0.994346022605896 -0.10250037163496017
vn -0.14834842085838318 -0.9887444376945496 0.01966099627315998
vn -0.03563820943236351 -0.9993097186088562 -0.010923261754214764
vn -0.03747336566448212 -0.9978101253509521 -0.05459024757146835
vn -0.6863402128219604 -0.6648356318473816 0.2948545813560486
vn -0.7108970880508423 -0.6851384043693542 0.15880759060382843
vn -0.7160984873771667 -0.6977289915084839 0.01966099627315998
vn -0.5346565842628479 -0.8447332978248596 -0.024029340595006943
vn -0.9764349460601807 0.20016039907932281 0.08074574917554855
vn -0.9961061477661133 0.03552395850419998 0.08074574917554855
vn -0.9795994758605957 0.2004004716873169 -0.0152922747656703
vn -0.9992524981498718 0.03563616797327995 -0.0152922747656703
vn -0.993030846118927 0.039191920310258865 -0.1111890971660614
vn -0.9726712107658386 0.2038554698228836 -0.1111890971660614
vn -0.919580340385437 0.3768531084060669 -0.1111890971660614
vn -0.9274834394454956 0.3737170398235321 -0.010923261754214764
vn -0.9278922080993652 0.3630197048187256 0.08510008454322815
vn 0.575080394744873 0.8145283460617065 0.0763898640871048
vn 0.3770405352115631 0.9233964681625366 0.07203252613544464
vn 0.5564354658126831 0.8273774981498718 0.0763898640871048
vn 0.3770405352115631 0.9233964681625366 0.07203252613544464
vn 0.37003961205482483 0.9262242317199707 0.07203252613544464
vn 0.19847120344638824 0.9785900712013245 0.05459024757146835
vn 0.19847120344638824 0.9785900712013245 0.05459024757146835
vn 0.02807716466486454 0.999073326587677 0.03276457265019417
vn 0.19106648862361908 0.9800626635551453 0.05459024757146835
vn 0.02053152769804001 0.9992569088935852 0.03276457265019417
vn 0.02807716466486454 0.999073326587677 0.03276457265019417
vn 0.7647439241409302 0.6412233710289001 0.0633138045668602
vn 0.7399618625640869 0.6696694493293762 0.0633138045668602
vn 0.7348774075508118 0.6752451062202454 0.0633138045668602
vn 0.5566164255142212 0.8276465535163879 0.07203252613544464
vn -0.7108970880508423 -0.6851384043693542 0.15880759060382843
vn -0.7160984873771667 -0.6977289915084839 0.01966099627315998
vn -0.8537775278091431 -0.5022437572479248 0.1372016966342926
vn -0.8616912961006165 -0.5057425498962402 0.04149730131030083
vn -0.9471356272697449 -0.31755343079566956 0.04586252197623253
vn -0.6863402128219604 -0.6648356318473816 0.2948545813560486
vn -0.846578061580658 -0.4792262315750122 0.23163928091526031
vn -0.9229524731636047 -0.3105848729610443 0.22738653421401978
vn -0.9383412003517151 -0.3173336982727051 0.1372016966342926
vn -0.9802901744842529 -0.13787688314914703 0.1415284425020218
vn -0.9899337887763977 -0.13392925262451172 0.04586252197623253
vn -0.9984452724456787 0.03182845190167427 0.04586252197623253
vn -0.9897769093513489 0.03907262533903122 0.1372016966342926
vn -0.9718900918960571 0.0422111451625824 0.23163928091526031
vn -0.9703370928764343 0.20743203163146973 0.1242060661315918
vn -0.9570713639259338 0.19945792853832245 0.2103329300880432
vn -0.8628014326095581 0.37375685572624207 0.34042292833328247
vn -0.9773299694061279 0.20763783156871796 0.04149730131030083
vn -0.9240522980690002 0.38047075271606445 0.03713129088282585
vn -0.9162337779998779 0.383637398481369 0.11553031951189041
vn -0.8192856311798096 0.5625098347663879 0.1111890971660614
vn -0.7563754320144653 0.5038162469863892 0.417220801115036
vn -0.8237429857254028 0.566024124622345 0.03276457265019417
vn -0.6701346039772034 0.7418568730354309 0.024029340595006943
vn -0.6692318916320801 0.7353379726409912 0.10684575140476227
vn -0.6049401760101318 0.6469172239303589 0.4642767012119293
vn -0.9623985290527344 -0.1347406953573227 0.23588760197162628
vn -0.9873268008232117 -0.13398921489715576 0.08510008454322815
vn -0.9510306119918823 -0.29588574171066284 0.08945280313491821
vn -0.9914432168006897 -0.1301169991493225 -0.010923261754214764
vn -0.9517853856086731 -0.30671000480651855 -0.006554040592163801
vn -0.9462792873382568 -0.30668962001800537 -0.10250037163496017
vn -0.9851937890052795 -0.13411356508731842 -0.10684575140476227
vn -0.993030846118927 0.039191920310258865 -0.1111890971660614
vn -0.9992524981498718 0.03563616797327995 -0.0152922747656703
vn -0.9961061477661133 0.03552395850419998 0.08074574917554855
vn -0.9273595213890076 0.3736670911312103 -0.01966099627315998
vn -0.9794312119483948 0.2003660500049591 -0.024029340595006943
vn -0.9752737879753113 0.20398110151290894 -0.08510008454322815
vn -0.9990808367729187 0.03563004359602928 -0.024029340595006943
vn -0.9952212572097778 0.039269234985113144 -0.08945280313491821
vn -0.986610472202301 -0.13028834760189056 -0.0981530249118805
vn -0.9202579855918884 0.04037947952747345 -0.3892335295677185
vn -0.8968603610992432 -0.1073523461818695 -0.42909738421440125
vn -0.9113858342170715 0.1978587657213211 -0.36088213324546814
vn -0.866856038570404 0.3564103841781616 -0.34862664341926575
vn -0.9245163202285767 0.373421311378479 -0.0763898640871048
vn -0.8297474384307861 0.5534797310829163 -0.07203252613544464
vn -0.8325952291488647 0.5537826418876648 -0.010923261754214764
vn -0.7802252769470215 0.5165718197822571 -0.3527185618877411
vn -0.6359589695930481 0.6733054518699646 -0.37712597846984863
vn -0.6840317845344543 0.7263126969337463 -0.06767380982637405
vn -0.6814576983451843 0.7318606376647949 -0.002184694167226553
vn -0.9912160634994507 -0.13008719682693481 -0.024029340595006943
vn -0.9515309929847717 -0.3066280484199524 -0.024029340595006943
vn -0.9462792873382568 -0.30668962001800537 -0.10250037163496017
vn -0.8648143410682678 -0.48963502049446106 -0.1111890971660614
vn -0.933633029460907 -0.30699968338012695 -0.18463370203971863
vn -0.8453652262687683 -0.49285510182380676 -0.2060592919588089
vn -0.8661308288574219 -0.49959272146224976 -0.0152922747656703
vn -0.7266519069671631 -0.6869258284568787 0.010923261754214764
vn -0.716639518737793 -0.689217746257782 -0.10684575140476227
vn -0.6918213963508606 -0.6867352724075317 -0.22312943637371063
vn -0.6833648681640625 0.7256044745445251 0.08074574917554855
vn -0.6814576983451843 0.7318606376647949 -0.002184694167226553
vn -0.4930846393108368 0.8699620366096497 -0.006554040592163801
vn -0.6791446208953857 0.7279922366142273 -0.09380380809307098
vn -0.49100780487060547 0.8660955429077148 -0.09380380809307098
vn -0.3068247437477112 0.9466962814331055 -0.0981530249118805
vn -0.30671000480651855 0.9517853856086731 -0.006554040592163801
vn -0.3120601177215576 0.945846676826477 0.08945280313491821
vn -0.13012197613716125 0.9914810657501221 -0.006554040592163801
vn -0.13580776751041412 0.9866933226585388 0.08945280313491821
vn 0.03738341107964516 0.995293915271759 0.08945280313491821
vn -0.13028834760189056 0.986610472202301 -0.0981530249118805
vn 0.03546823933720589 0.994543731212616 -0.0981530249118805
vn 0.03563956916332245 0.9993479251861572 -0.006554040592163801
vn 0.2004234343767166 0.9797117114067078 -0.002184694167226553
vn 0.20935726165771484 0.9733343124389648 0.09380380809307098
vn 0.20023861527442932 0.9748229384422302 -0.0981530249118805
vn 0.37348324060440063 0.9224345684051514 -0.0981530249118805
vn 0.37373843789100647 0.9275366067886353 -0.002184694167226553
vn 0.5538143515586853 0.8326429724693298 0.002184694167226553
vn 0.3819795250892639 0.9194029569625854 0.09380380809307098
vn 0.5608448386192322 0.8225954174995422 0.09380380809307098
vn -0.49794867634773254 0.8630263209342957 0.08510008454322815
vn 0.554594099521637 0.8268225193023682 -0.09380380809307098
vn 0.7321353554725647 0.6752668619155884 -0.08945280313491821
vn 0.7318606376647949 0.6814576983451843 0.002184694167226553
vn 0.7321353554725647 0.6752668619155884 0.08945280313491821
vn -0.5078599452972412 0.8602233529090881 0.04586252197623253
vn -0.6881614327430725 0.7238234877586365 0.05022686347365379
vn -0.4947940707206726 0.8678045868873596 0.04586252197623253
vn -0.682668924331665 0.7290059924125671 0.05022686347365379
vn -0.6771374940872192 0.7341467142105103 0.05022686347365379
vn -0.4882185459136963 0.8715208768844604 0.04586252197623253
vn -0.3064523935317993 0.9509859085083008 0.04149730131030083
vn -0.31362536549568176 0.9486445188522339 0.04149730131030083
vn -0.13751381635665894 0.9898083806037903 0.03713129088282585
vn -0.3350352346897125 0.9412962794303894 0.04149730131030083
vn -0.159901425242424 0.9864391088485718 0.03713129088282585
vn -0.13003504276275635 0.9908186197280884 0.03713129088282585
vn 0.04317392036318779 0.9987832307815552 0.024029340595006943
vn 0.03562596067786217 0.9989663362503052 0.028397228568792343
vn 0.012986455112695694 0.999517023563385 0.028397228568792343
vn 0.8285219073295593 -0.5534606575965881 -0.08510008454322815
vn 0.6821727752685547 -0.725705087184906 -0.08945280313491821
vn 0.8326429724693298 -0.5538143515586853 0.002184694167226553
vn 0.6814576983451843 -0.7318606376647949 0.002184694167226553
vn 0.6821727752685547 -0.725705087184906 0.08945280313491821
vn 0.8323742151260376 -0.5469558835029602 0.08945280313491821
vn 0.9233517050743103 -0.37340211868286133 0.08945280313491821
vn 0.9275366067886353 -0.37373843789100647 0.002184694167226553
vn 0.9797117114067078 -0.2004234343767166 0.002184694167226553
vn 0.9240411520004272 -0.3736809194087982 -0.08074574917554855
vn 0.976394772529602 -0.20035655796527863 -0.08074574917554855
vn 0.9756662249565125 -0.20020706951618195 0.08945280313491821
vn 0.9953629374504089 -0.035497453063726425 0.08945280313491821
vn 0.9993669986724854 -0.03564025089144707 0.002184694167226553
vn 0.9915000200271606 0.13012446463108063 0.002184694167226553
vn 0.9961061477661133 -0.03552395850419998 -0.08074574917554855
vn 0.9881867170333862 0.1302940398454666 -0.08074574917554855
vn 0.9483128786087036 0.3069074749946594 -0.08074574917554855
vn 0.9518035650253296 0.30671587586402893 0.002184694167226553
vn 0.869978666305542 0.4930940568447113 0.002184694167226553
vn 0.947605311870575 0.30667850375175476 0.08945280313491821
vn 0.8692220449447632 0.4862721264362335 0.08945280313491821
vn 0.9874494075775146 0.13019682466983795 0.08945280313491821
vn 0.865842878818512 0.49303483963012695 -0.08510008454322815
vn 0.7321353554725647 0.6752668619155884 -0.08945280313491821
vn 0.7318606376647949 0.6814576983451843 0.002184694167226553
vn 0.7321353554725647 0.6752668619155884 0.08945280313491821
vn -0.183610737323761 -0.9793131947517395 -0.08510008454322815
vn -0.3630174696445465 -0.9289988875389099 -0.07203252613544464
vn -0.2003851681947708 -0.9795246720314026 -0.01966099627315998
vn -0.37373843789100647 -0.9275366067886353 -0.002184694167226553
vn -0.38413742184638977 -0.9207975268363953 0.06767380982637405
vn -0.5536558032035828 -0.8324044942855835 0.024029340595006943
vn -0.5596071481704712 -0.8229308128356934 0.0981530249118805
vn -0.7336762547492981 -0.6663882732391357 0.1328723281621933
vn -0.5426214933395386 -0.8384798765182495 -0.05022686347365379
vn -0.7264021635055542 -0.6866897344589233 -0.028397228568792343
vn -0.7326974272727966 -0.6783684492111206 0.05459024757146835
vn -0.01097087562084198 -0.995935320854187 -0.08945280313491821
vn -0.02807716466486454 -0.999073326587677 -0.03276457265019417
vn -0.04316897317767143 -0.9986688494682312 0.028397228568792343
vn -0.2096489816904068 -0.9767053127288818 0.04586252197623253
vn 0.8314015865325928 -0.5537846088409424 0.04586252197623253
vn 0.9262120127677917 -0.37365487217903137 0.05022686347365379
vn 0.8323091268539429 -0.553592324256897 -0.028397228568792343
vn 0.9271647930145264 -0.3735886514186859 -0.028397228568792343
vn 0.9214467406272888 -0.37353602051734924 -0.10684575140476227
vn 0.979188084602356 -0.20031629502773285 -0.03276457265019417
vn 0.973438560962677 -0.20015904307365417 -0.1111890971660614
vn 0.9931725263595581 -0.03541933745145798 -0.1111890971660614
vn 0.9786431193351746 -0.2004086822271347 0.04586252197623253
vn 0.9983177781105042 -0.03560283035039902 0.04586252197623253
vn 0.9988328218460083 -0.03562119975686073 -0.03276457265019417
vn 0.9909700155258179 0.13005489110946655 -0.03276457265019417
vn 0.9852239489555359 0.1303076148033142 -0.1111890971660614
vn 0.9904330372810364 0.13018585741519928 0.04586252197623253
vn 0.9506761431694031 0.3067913055419922 0.04586252197623253
vn 0.9512947797775269 0.3065519332885742 -0.03276457265019417
vn 0.8693807721138 0.4927552044391632 -0.03713129088282585
vn 0.9447905421257019 0.30664780735969543 -0.11553031951189041
vn 0.8625180125236511 0.49267101287841797 -0.11553031951189041
vn 0.8260385990142822 -0.55340176820755 -0.10684575140476227
vn 0.6789646744728088 -0.7250303030014038 -0.11553031951189041
vn 0.6754468679428101 -0.7364795804023743 -0.03713129088282585
vn 0.6808723211288452 -0.7312319278717041 0.04149730131030083
vn 0.726434051990509 0.6751148700714111 -0.12854042649269104
vn 0.7252753973007202 0.6869363784790039 -0.04586252197623253
vn 0.7263050675392151 0.6865979433059692 0.03276457265019417
vn 0.8692313432693481 0.49267053604125977 0.04149730131030083
vn -0.033611368387937546 -0.9954284429550171 0.08945280313491821
vn -0.03563956916332245 -0.9993479251861572 -0.006554040592163801
vn -0.2004196047782898 -0.9796929955482483 -0.006554040592163801
vn -0.03546823933720589 -0.994543731212616 -0.0981530249118805
vn -0.20023861527442932 -0.9748229384422302 -0.0981530249118805
vn -0.37348324060440063 -0.9224345684051514 -0.0981530249118805
vn -0.3737313151359558 -0.927518904209137 -0.006554040592163801
vn -0.37864479422569275 -0.92121422290802 0.08945280313491821
vn -0.5538037419319153 -0.8326270580291748 -0.006554040592163801
vn -0.5581613779067993 -0.8253624439239502 0.08510008454322815
vn -0.7333172559738159 -0.6750816106796265 0.08074574917554855
vn -0.5514568090438843 -0.8289182782173157 -0.09380380809307098
vn -0.7292778491973877 -0.6777639389038086 -0.09380380809307098
vn -0.7318606376647949 -0.6814576983451843 -0.002184694167226553
vn -0.20574991405010223 -0.9745124578475952 0.08945280313491821
vn 0.8267892003059387 -0.5531026124954224 -0.10250037163496017
vn 0.9205462336540222 -0.37317100167274475 -0.11553031951189041
vn 0.8309625387191772 -0.5468127727508545 -0.10250037163496017
vn 0.9205462336540222 -0.37317100167274475 -0.11553031951189041
vn 0.9227252006530762 -0.36635875701904297 -0.11986933648586273
vn 0.9713054299354553 -0.20013068616390228 -0.12854042649269104
vn 0.9697531461715698 -0.20752225816249847 -0.12854042649269104
vn 0.9905081391334534 -0.03532431647181511 -0.1328723281621933
vn 0.9713054299354553 -0.20013068616390228 -0.12854042649269104
vn 0.9905081391334534 -0.03532431647181511 -0.1328723281621933
vn 0.9905081391334534 -0.03532431647181511 -0.1328723281621933
vn 0.9830942153930664 0.13043127954006195 -0.12854042649269104
vn 0.9830942153930664 0.13043127954006195 -0.12854042649269104
vn 0.9830942153930664 0.13043127954006195 -0.12854042649269104
vn 0.9441716074943542 0.30688855051994324 -0.11986933648586273
vn 0.9441716074943542 0.30688855051994324 -0.11986933648586273
vn 0.8678037524223328 0.4862299859523773 -0.10250037163496017
vn 0.9464786648750305 0.2996976673603058 -0.11986933648586273
vn 0.8707552552223206 0.47997763752937317 -0.10684575140476227
vn 0.6725326776504517 -0.7361207008361816 -0.0763898640871048
vn 0.6836002469062805 -0.7258544564247131 -0.0763898640871048
vn 0.6881667971611023 -0.7210519313812256 -0.08074574917554855
vn 0.8350880146026611 -0.5404914021492004 -0.10250037163496017
vn 0.8640891313552856 0.49280112981796265 -0.10250037163496017
vn 0.7223545908927917 0.6867993474006653 -0.08074574917554855
vn 0.7326820492744446 0.6757710576057434 -0.08074574917554855
vn 0.7377827167510986 0.6701985001564026 -0.08074574917554855
vn -0.8302955031394958 0.5501063466072083 -0.08945280313491821
vn -0.8326429724693298 0.5538143515586853 -0.002184694167226553
vn -0.9219300150871277 0.37689855694770813 -0.08945280313491821
vn -0.9275366067886353 0.37373843789100647 -0.002184694167226553
vn -0.9797117114067078 0.2004234343767166 -0.002184694167226553
vn -0.9241980314254761 0.3732927441596985 0.08074574917554855
vn -0.9764349460601807 0.20016039907932281 0.08074574917554855
vn -0.8291921019554138 0.553109347820282 0.08074574917554855
vn -0.6833648681640625 0.7256044745445251 0.08074574917554855
vn -0.6814576983451843 0.7318606376647949 -0.002184694167226553
vn -0.6791446208953857 0.7279922366142273 -0.09380380809307098
vn -0.9749005436897278 0.20390303432941437 -0.08945280313491821
vn -0.9952212572097778 0.039269234985113144 -0.08945280313491821
vn -0.9993669986724854 0.03564025089144707 -0.002184694167226553
vn -0.9961061477661133 0.03552395850419998 0.08074574917554855
vn -0.9915000200271606 -0.13012446463108063 -0.002184694167226553
vn -0.9882128238677979 -0.13009551167488098 0.08074574917554855
vn -0.9484416842460632 -0.3065091371536255 0.08074574917554855
vn -0.9869489073753357 -0.13393794000148773 -0.08945280313491821
vn -0.94643634557724 -0.3102673590183258 -0.08945280313491821
vn -0.9518035650253296 -0.30671587586402893 -0.002184694167226553
vn -0.869978666305542 -0.4930940568447113 -0.002184694167226553
vn -0.8664863705635071 -0.49263668060302734 0.08074574917554855
vn -0.7333172559738159 -0.6750816106796265 0.08074574917554855
vn -0.7318606376647949 -0.6814576983451843 -0.002184694167226553
vn -0.7292778491973877 -0.6777639389038086 -0.09380380809307098
vn -0.867372989654541 -0.48956266045570374 -0.08945280313491821
vn 0.9714053273200989 -0.20744551718235016 -0.11553031951189041
vn 0.9926775693893433 -0.035401683300733566 -0.11553031951189041
vn 0.9724091291427612 -0.20015248656272888 -0.11986933648586273
vn 0.9926775693893433 -0.035401683300733566 -0.11553031951189041
vn 0.9926775693893433 -0.035401683300733566 -0.11553031951189041
vn 0.9831764698028564 0.1378570944070816 -0.11986933648586273
vn 0.984196662902832 0.13037438690662384 -0.11986933648586273
vn 0.9441716074943542 0.30688855051994324 -0.11986933648586273
vn 0.9831764698028564 0.1378570944070816 -0.11986933648586273
vn 0.941809892654419 0.3140617311000824 -0.11986933648586273
vn 0.941809892654419 0.3140617311000824 -0.11986933648586273
vn 0.8561935424804688 0.4992862045764923 -0.1328723281621933
vn 0.8687863945960999 0.47322970628738403 -0.1458524912595749
vn 0.8510655760765076 0.5122004747390747 -0.11553031951189041
vn 0.7057420015335083 0.702238142490387 -0.09380380809307098
vn 0.709721028804779 0.6853444576263428 -0.16312000155448914
vn 0.7022280693054199 0.6732219457626343 -0.23163928091526031
vn 0.9181421399116516 -0.38034364581108093 -0.1111890971660614
vn 0.9187477827072144 -0.37334856390953064 -0.12854042649269104
vn 0.8175823092460632 -0.5592353343963623 -0.1372016966342926
vn 0.8732451796531677 -0.3712293207645416 -0.31565824151039124
vn 0.7520117163658142 -0.5070375204086304 -0.42118772864341736
vn 0.97481769323349 -0.1852365881204605 -0.1242060661315918
vn 0.8175345063209534 -0.5658891201019287 -0.10684575140476227
vn 0.664230465888977 -0.7410621643066406 -0.0981530249118805
vn 0.6649901270866394 -0.7349437475204468 -0.1328723281621933
vn 0.6690706610679626 -0.7241001129150391 -0.16742929816246033
vn -0.22049781680107117 -0.9712817668914795 0.08945280313491821
vn -0.04686373099684715 -0.9963054060935974 0.07203252613544464
vn -0.20775681734085083 -0.977890133857727 -0.024029340595006943
vn -0.03748195618391037 -0.9980388879776001 -0.05022686347365379
vn -0.027586786076426506 -0.9855027198791504 -0.16742929816246033
vn -0.19269044697284698 -0.971625030040741 -0.1372016966342926
vn -0.36791953444480896 -0.9226576685905457 -0.11553031951189041
vn -0.38072511553764343 -0.9246701002120972 -0.006554040592163801
vn -0.3943840265274048 -0.913693904876709 0.0981530249118805
vn -0.7369719743728638 -0.6758984923362732 0.006554040592163801
vn -0.724120020866394 -0.6832718253135681 -0.09380380809307098
vn -0.8736776113510132 -0.48651009798049927 0.002184694167226553
vn -0.8644699454307556 -0.4930182993412018 -0.0981530249118805
vn -0.9462792873382568 -0.30668962001800537 -0.10250037163496017
vn -0.9517853856086731 -0.30671000480651855 -0.006554040592163801
vn -0.9510306119918823 -0.29588574171066284 0.08945280313491821
vn -0.8750829696655273 -0.47300395369529724 0.10250037163496017
vn -0.7419424057006836 -0.6611865162849426 0.1111890971660614
vn 0.9517853856086731 0.30671000480651855 0.006554040592163801
vn 0.869978666305542 0.4930940568447113 -0.002184694167226553
vn 0.8736776113510132 0.48651009798049927 -0.002184694167226553
vn 0.7317768335342407 0.6813796758651733 -0.0152922747656703
vn 0.7369016408920288 0.6758340001106262 -0.0152922747656703
vn 0.7470248341560364 0.6646272540092468 -0.0152922747656703
vn 0.8773267269134521 0.4798983335494995 -0.002184694167226553
vn 0.9540744423866272 0.2995135486125946 0.006554040592163801
vn 0.9517853856086731 0.30671000480651855 0.006554040592163801
vn 0.033718548715114594 0.9454816579818726 0.3239381015300751
vn -0.10935905575752258 0.9397410154342651 0.3239381015300751
vn -0.11268623918294907 0.9514368772506714 0.2864931523799896
vn -0.27534833550453186 0.9080482721328735 0.31565824151039124
vn -0.27132537961006165 0.9214369654655457 0.2781098484992981
vn -0.4475459158420563 0.8539459109306335 0.26549527049064636
vn -0.2712337076663971 0.9320826530456543 0.2401314377784729
vn -0.4560681879520416 0.859275221824646 0.23163928091526031
vn -0.11052654683589935 0.9633668065071106 0.24437066912651062
vn 0.030748143792152405 0.9681212902069092 0.24860523641109467
vn 0.03037668764591217 0.9576051235198975 0.2864931523799896
vn 0.18208031356334686 0.9418915510177612 0.28230419754981995
vn 0.17795975506305695 0.930626630783081 0.3198012113571167
vn 0.18258002400398254 0.9523425698280334 0.24437066912651062
vn 0.34577643871307373 0.9081875085830688 0.23588760197162628
vn 0.33810099959373474 0.9003719687461853 0.27391019463539124
vn 0.5168277621269226 0.8138857483863831 0.26549527049064636
vn 0.34121522307395935 0.8868723511695862 0.31150925159454346
vn 0.5147808194160461 0.8034874796867371 0.2990269064903259
vn -0.4562365710735321 0.8381167054176331 0.2990269064903259
vn -0.6391096711158752 0.7154381275177002 0.28230419754981995
vn -0.6418949961662292 0.7253791689872742 0.24860523641109467
vn -0.6453552842140198 0.7318621873855591 0.21886809170246124
vn 0.5225009322166443 0.8205759525299072 0.23163928091526031
vn 0.705653190612793 0.6725144982337952 0.22312943637371063
vn 0.6957407593727112 0.6723302602767944 0.25283506512641907
vn 0.6947247385978699 0.6597634553909302 0.2864931523799896
vn 0.03563616797327995 0.9992524981498718 -0.0152922747656703
vn 0.02808896265923977 0.9994931221008301 -0.0152922747656703
vn -0.13010954856872559 0.9913864135742188 -0.0152922747656703
vn -0.1375926285982132 0.9903755784034729 -0.0152922747656703
vn -0.31387701630592346 0.9494057893753052 -0.010923261754214764
vn 0.043181341141462326 0.9989548921585083 -0.0152922747656703
vn -0.13010954856872559 0.9913864135742188 -0.0152922747656703
vn -0.3066983222961426 0.9517490267753601 -0.010923261754214764
vn -0.31387701630592346 0.9494057893753052 -0.010923261754214764
vn -0.49962130188941956 0.8661804795265198 -0.010923261754214764
vn -0.49962130188941956 0.8661804795265198 -0.010923261754214764
vn -0.6869520545005798 0.7266796827316284 -0.006554040592163801
vn -0.6869520545005798 0.7266796827316284 -0.006554040592163801
vn -0.6814447045326233 0.7318466305732727 -0.006554040592163801
vn -0.49306583404541016 0.8699288368225098 -0.010923261754214764
vn -0.9518035650253296 -0.30671587586402893 -0.002184694167226553
vn -0.9915000200271606 -0.13012446463108063 0.002184694167226553
vn -0.9915000200271606 -0.13012446463108063 0.002184694167226553
vn -0.9993669986724854 0.03564025089144707 0.002184694167226553
vn -0.9993669986724854 0.03564025089144707 0.002184694167226553
vn -0.9797117114067078 0.2004234343767166 0.002184694167226553
vn -0.9993669986724854 0.03564025089144707 0.002184694167226553
vn -0.9797117114067078 0.2004234343767166 0.002184694167226553
vn -0.9915000200271606 -0.13012446463108063 0.002184694167226553
vn -0.9518035650253296 -0.30671587586402893 -0.002184694167226553
vn -0.9518035650253296 -0.30671587586402893 -0.002184694167226553
vn -0.869978666305542 -0.4930940568447113 -0.002184694167226553
vn -0.869978666305542 -0.4930940568447113 -0.002184694167226553
vn -0.869978666305542 -0.4930940568447113 -0.002184694167226553
vn -0.7369719743728638 -0.6758984923362732 -0.006554040592163801
vn -0.7369719743728638 -0.6758984923362732 -0.006554040592163801
vn -0.7318466305732727 -0.6814447045326233 -0.006554040592163801
vn -0.9797117114067078 0.2004234343767166 0.002184694167226553
vn -0.9275366067886353 0.37373843789100647 -0.002184694167226553
vn -0.9275366067886353 0.37373843789100647 -0.002184694167226553
vn -0.8326429724693298 0.5538143515586853 -0.002184694167226553
vn -0.9275366067886353 0.37373843789100647 -0.002184694167226553
vn -0.8326429724693298 0.5538143515586853 -0.002184694167226553
vn -0.8326429724693298 0.5538143515586853 -0.002184694167226553
vn -0.6814447045326233 0.7318466305732727 -0.006554040592163801
vn -0.6869520545005798 0.7266796827316284 -0.006554040592163801
vn -0.6869520545005798 0.7266796827316284 -0.006554040592163801
vn -0.9307450652122498 -0.31046828627586365 0.19321508705615997
vn -0.9740883111953735 -0.13065792620182037 0.18463370203971863
vn -0.9673881530761719 -0.13459134101867676 0.21460255980491638
vn -0.9821876287460327 0.03502758592367172 0.18463370203971863
vn -0.977013349533081 0.03484305366873741 0.2103329300880432
vn -0.9553429484367371 0.20316137373447418 0.21460255980491638
vn -0.9701281785964966 0.03459751233458519 0.2401314377784729
vn -0.9500763416290283 0.19925053417682648 0.2401314377784729
vn -0.9618563055992126 -0.13106562197208405 0.2401314377784729
vn -0.9185367822647095 -0.3073994815349579 0.24860523641109467
vn -0.9261340498924255 -0.3072155714035034 0.21886809170246124
vn -0.8358979821205139 -0.4956212639808655 0.23588760197162628
vn -0.8399567008018494 -0.5020172595977783 0.2060592919588089
vn -0.8342874050140381 -0.48549556732177734 0.2612801790237427
vn -0.6884503364562988 -0.6680936217308044 0.28230419754981995
vn -0.6878218054771423 -0.6804296374320984 0.25283506512641907
vn -0.6958500146865845 -0.6840310096740723 0.21886809170246124
vn -0.9623062610626221 0.19971522688865662 0.18463370203971863
vn -0.9062643647193909 0.37598124146461487 0.19321508705615997
vn -0.9018967151641846 0.37240833044052124 0.21886809170246124
vn -0.7975442409515381 0.5570236444473267 0.23163928091526031
vn -0.8943057060241699 0.37205055356025696 0.24860523641109467
vn -0.7975836396217346 0.5436927080154419 0.2612801790237427
vn -0.802791953086853 0.5610867142677307 0.2017817199230194
vn -0.6453552842140198 0.7318621873855591 0.21886809170246124
vn -0.6418949961662292 0.7253791689872742 0.24860523641109467
vn -0.6391096711158752 0.7154381275177002 0.28230419754981995
vn 0.6759113669395447 -0.7369860410690308 0.002184694167226553
vn 0.6812626123428345 -0.7316510677337646 -0.024029340595006943
vn 0.493037611246109 -0.8698790073394775 -0.0152922747656703
vn 0.6809893846511841 -0.7313576936721802 -0.03713129088282585
vn 0.4994496703147888 -0.8658828139305115 -0.028397228568792343
vn 0.49299997091293335 -0.869812548160553 -0.01966099627315998
vn 0.31380510330200195 -0.949188232421875 -0.024029340595006943
vn 0.3138590455055237 -0.9493513703346252 -0.0152922747656703
vn 0.13760051131248474 -0.9904323220252991 -0.010923261754214764
vn 0.3138590455055237 -0.9493513703346252 -0.0152922747656703
vn 0.13010954856872559 -0.9913864135742188 -0.0152922747656703
vn 0.1356705278158188 -0.9887336492538452 -0.0633138045668602
vn -0.03563820943236351 -0.9993097186088562 -0.010923261754214764
vn -0.03747336566448212 -0.9978101253509521 -0.05459024757146835
vn 0.6813276410102844 -0.7317209243774414 -0.01966099627315998
vn 0.6814186573028564 -0.731818675994873 -0.010923261754214764
vn 0.49959272146224976 -0.8661308288574219 -0.0152922747656703
vn 0.5042572617530823 -0.8615443110466003 -0.058952588587999344
vn 0.31903818249702454 -0.9456295967102051 -0.0633138045668602
vn 0.3336038887500763 -0.9361382126808167 -0.1111890971660614
vn 0.14339499175548553 -0.9834043383598328 -0.1111890971660614
vn 0.4798433482646942 -0.8772262334823608 0.0152922747656703
vn 0.29943349957466125 -0.9538194537162781 0.024029340595006943
vn 0.30671587586402893 -0.9518035650253296 -0.002184694167226553
vn 0.13012197613716125 -0.9914810657501221 0.006554040592163801
vn 0.1375926285982132 -0.9903755784034729 -0.0152922747656703
vn -0.03563820943236351 -0.9993097186088562 -0.010923261754214764
vn -0.03563820943236351 -0.9993097186088562 -0.010923261754214764
vn 0.1225675567984581 -0.9919239282608032 0.03276457265019417
vn -0.045026980340480804 -0.9977270364761353 0.05022686347365379
vn -0.03563344478607178 -0.9991762042045593 0.01966099627315998
vn 0.5190269351005554 -0.8491091728210449 -0.0981530249118805
vn 0.704382598400116 -0.705219566822052 -0.08074574917554855
vn 0.6910381317138672 -0.7213683724403381 -0.04586252197623253
vn -0.02790800668299198 -0.994346022605896 -0.10250037163496017
vn 0.6453359127044678 -0.7193541526794434 0.25706008076667786
vn 0.6444059014320374 -0.7072882652282715 0.29067665338516235
vn 0.7981119155883789 -0.5507351160049438 0.24437066912651062
vn 0.7935419082641602 -0.5433904528617859 0.27391019463539124
vn 0.8925403952598572 -0.36454448103904724 0.26549527049064636
vn 0.6503547430038452 -0.7261273264884949 0.22312943637371063
vn 0.8062092065811157 -0.5513450503349304 0.21460255980491638
vn 0.904959499835968 -0.3722858726978302 0.2060592919588089
vn 0.8977331519126892 -0.3720768094062805 0.23588760197162628
vn 0.9532015919685364 -0.19927629828453064 0.22738653421401978
vn 0.9456971287727356 -0.19896167516708374 0.25706008076667786
vn 0.9657859802246094 -0.034442655742168427 0.25706008076667786
vn 0.9731904864311218 -0.0347067229449749 0.22738653421401978
vn 0.979684591293335 -0.03493832051753998 0.1975002884864807
vn 0.9649754762649536 0.13086868822574615 0.22738653421401978
vn 0.9715518355369568 0.1307273805141449 0.1975002884864807
vn 0.9300264120101929 0.30715468525886536 0.2017817199230194
vn 0.9574676752090454 0.13108943402767181 0.25706008076667786
vn 0.9174664616584778 0.2999946177005768 0.2612801790237427
vn 0.9230619668960571 0.30709728598594666 0.23163928091526031
vn 0.835316002368927 0.4924824833869934 0.24437066912651062
vn 0.8445793390274048 0.49239692091941833 0.2103329300880432
vn 0.8340169787406921 0.47895458340644836 0.27391019463539124
vn 0.6947247385978699 0.6597634553909302 0.2864931523799896
vn 0.6957407593727112 0.6723302602767944 0.25283506512641907
vn 0.705653190612793 0.6725144982337952 0.22312943637371063
vn 0.9597712755203247 -0.19960381090641022 0.1975002884864807
vn -0.7317209243774414 -0.6813276410102844 0.01966099627315998
vn -0.7317209243774414 -0.6813276410102844 0.01966099627315998
vn -0.869812548160553 -0.49299997091293335 0.01966099627315998
vn -0.869812548160553 -0.49299997091293335 0.01966099627315998
vn -0.9516218304634094 -0.3066573143005371 0.01966099627315998
vn -0.7368453145027161 -0.6757823824882507 0.01966099627315998
vn -0.869812548160553 -0.49299997091293335 0.01966099627315998
vn -0.9516218304634094 -0.3066573143005371 0.01966099627315998
vn -0.9516218304634094 -0.3066573143005371 0.01966099627315998
vn -0.991310715675354 -0.13009962439537048 0.01966099627315998
vn -0.991310715675354 -0.13009962439537048 0.01966099627315998
vn -0.9991762042045593 0.03563344478607178 0.01966099627315998
vn -0.9991762042045593 0.03563344478607178 0.01966099627315998
vn -0.9991762042045593 0.03563344478607178 0.01966099627315998
vn -0.9795246720314026 0.2003851681947708 0.01966099627315998
vn -0.9795246720314026 0.2003851681947708 0.01966099627315998
vn -0.9273595213890076 0.3736670911312103 0.01966099627315998
vn -0.9795246720314026 0.2003851681947708 0.01966099627315998
vn -0.9273595213890076 0.3736670911312103 0.01966099627315998
vn -0.9273595213890076 0.3736670911312103 0.01966099627315998
vn -0.8324839472770691 0.5537086725234985 0.01966099627315998
vn -0.8324839472770691 0.5537086725234985 0.01966099627315998
vn -0.8324839472770691 0.5537086725234985 0.01966099627315998
vn -0.6813276410102844 0.7317209243774414 0.01966099627315998
vn -0.6813276410102844 0.7317209243774414 0.01966099627315998
vn -0.6868340373039246 0.726554811000824 0.01966099627315998
vn -0.991310715675354 -0.13009962439537048 0.01966099627315998
vn -0.8297474384307861 0.5534797310829163 0.07203252613544464
vn -0.6766330003738403 0.7335997223854065 0.0633138045668602
vn -0.8257864117622375 0.5599164366722107 0.06767380982637405
vn -0.6825124621391296 0.7288388013839722 0.05459024757146835
vn -0.6809893846511841 0.7313576936721802 0.03713129088282585
vn -0.9213456511497498 0.38027825951576233 0.08074574917554855
vn -0.919055700302124 0.3875013291835785 0.07203252613544464
vn -0.9739445447921753 0.21506425738334656 0.07203252613544464
vn -0.92210853099823 0.38421595096588135 0.04586252197623253
vn -0.9763073325157166 0.2114948183298111 0.04586252197623253
vn -0.9780581593513489 0.20779253542423248 0.0152922747656703
vn -0.998176097869873 0.03937670588493347 0.04586252197623253
vn -0.9992524981498718 0.03563616797327995 0.0152922747656703
vn -0.9903755784034729 -0.1375926285982132 0.0152922747656703
vn -0.9993669986724854 0.03564025089144707 -0.002184694167226553
vn -0.9915000200271606 -0.13012446463108063 -0.002184694167226553
vn -0.9914432168006897 -0.1301169991493225 -0.010923261754214764
vn -0.9518035650253296 -0.30671587586402893 0.002184694167226553
vn -0.9517853856086731 -0.30671000480651855 -0.006554040592163801
vn -0.8736276030540466 -0.486482173204422 -0.010923261754214764
vn -0.9540380239486694 -0.29950210452079773 -0.010923261754214764
vn -0.8773267269134521 -0.4798983335494995 0.002184694167226553
vn -0.8843733668327332 -0.4665396809577942 -0.0152922747656703
vn -0.8912506699562073 -0.4530949592590332 0.01966099627315998
vn -0.9493513703346252 -0.3138590455055237 0.0152922747656703
vn -0.9471356272697449 -0.31755343079566956 0.04586252197623253
vn -0.9888929128646851 -0.141410231590271 0.04586252197623253
vn -0.9867904186248779 -0.1451389193534851 0.07203252613544464
vn -0.9964492321014404 0.03553619235754013 0.0763898640871048
vn -0.9956023693084717 0.039284270256757736 0.08510008454322815
vn -0.9748917818069458 0.20754630863666534 0.08074574917554855
vn -0.8277252316474915 0.5596054792404175 0.04149730131030083
vn -0.8324839472770691 0.5537086725234985 0.01966099627315998
vn -0.6813276410102844 0.7317209243774414 0.01966099627315998
vn -0.9245818853378296 0.38068878650665283 0.0152922747656703
vn -0.9275366067886353 0.37373843789100647 -0.002184694167226553
vn -0.9797117114067078 0.2004234343767166 -0.002184694167226553
vn -0.9795994758605957 0.2004004716873169 -0.0152922747656703
vn -0.9992524981498718 0.03563616797327995 -0.0152922747656703
vn -0.9991762042045593 0.03563344478607178 -0.01966099627315998
vn -0.9913864135742188 -0.13010954856872559 -0.0152922747656703
vn -0.8326429724693298 0.5538143515586853 0.002184694167226553
vn -0.8368015289306641 0.5475106239318848 -0.002184694167226553
vn -0.9274834394454956 0.3737170398235321 -0.010923261754214764
vn -0.9302260279655457 0.36668118834495544 -0.0152922747656703
vn -0.9795246720314026 0.2003851681947708 -0.01966099627315998
vn -0.6814186573028564 0.731818675994873 0.010923261754214764
vn -0.6869520545005798 0.7266796827316284 0.006554040592163801
vn -0.7032378315925598 0.710931122303009 0.006554040592163801
vn -0.8408963084220886 0.5411652326583862 -0.006554040592163801
vn -0.9443245530128479 -0.32104793190956116 0.07203252613544464
vn -0.9460941553115845 -0.31368008255958557 0.08074574917554855
vn -0.8630293607711792 -0.4993537664413452 0.0763898640871048
vn -0.8633100390434265 -0.49951618909835815 0.07203252613544464
vn -0.7174381017684937 -0.695117712020874 0.04586252197623253
vn -0.877065896987915 -0.47618916630744934 0.0633138045668602
vn -0.8280638456344604 -0.5503666400909424 0.10684575140476227
vn -0.9200350046157837 -0.39154958724975586 0.0152922747656703
vn -0.8353692293167114 -0.5443639755249023 -0.0763898640871048
vn -0.731818675994873 -0.6814186573028564 -0.010923261754214764
vn -0.7465969920158386 -0.6642466187477112 0.03713129088282585
vn -0.9871996641159058 -0.13757258653640747 0.08074574917554855
vn -0.7230127453804016 -0.6861064434051514 0.08074574917554855
vn 0.9940035343170166 0.10760930180549622 0.01966099627315998
vn 0.9621891975402832 0.27042150497436523 0.03276457265019417
vn 0.9922649264335632 0.1226096972823143 0.01966099627315998
vn 0.9558162093162537 0.2921493351459503 0.03276457265019417
vn 0.9512947797775269 0.3065519332885742 0.03276457265019417
vn 0.875912070274353 0.47985902428627014 0.05022686347365379
vn 0.8722588419914246 0.48646801710128784 0.05022686347365379
vn 0.7348774075508118 0.6752451062202454 0.0633138045668602
vn 0.8902091979980469 0.4532478153705597 0.04586252197623253
vn 0.7647439241409302 0.6412233710289001 0.0633138045668602
vn 0.7399618625640869 0.6696694493293762 0.0633138045668602
vn 0.9992524981498718 -0.03563616797327995 0.0152922747656703
vn 0.9992524981498718 -0.03563616797327995 0.0152922747656703
vn 0.9810100197792053 -0.1929822564125061 0.01966099627315998
vn 0.9992524981498718 -0.03563616797327995 0.0152922747656703
vn 0.9795246720314026 -0.2003851681947708 0.01966099627315998
vn 0.991310715675354 0.13009962439537048 0.01966099627315998
vn 0.9838127493858337 -0.17814381420612335 0.01966099627315998
vn 0.9404813647270203 -0.33827611804008484 0.03276457265019417
vn 0.9325767159461975 -0.35949477553367615 0.03276457265019417
vn 0.9270408153533936 -0.37353867292404175 0.03276457265019417
vn 0.8396804928779602 -0.5411493182182312 0.04586252197623253
vn 0.835564911365509 -0.5474826097488403 0.04586252197623253
vn 0.6849093437194824 -0.7258787155151367 0.0633138045668602
vn 0.8556604981422424 -0.5155104398727417 0.04586252197623253
vn 0.7118552327156067 -0.6994732022285461 0.0633138045668602
vn 0.6903781294822693 -0.7206794023513794 0.0633138045668602
vn -0.8336833715438843 -0.47953513264656067 -0.27391019463539124
vn -0.9161527156829834 -0.3039829730987549 -0.2612801790237427
vn -0.8298913836479187 -0.4860680103302002 -0.27391019463539124
vn -0.9161527156829834 -0.3039829730987549 -0.2612801790237427
vn -0.9161527156829834 -0.3039829730987549 -0.2612801790237427
vn -0.957439661026001 -0.13129392266273499 -0.25706008076667786
vn -0.957439661026001 -0.13129392266273499 -0.25706008076667786
vn -0.9657859802246094 0.034442655742168427 -0.25706008076667786
vn -0.957439661026001 -0.13129392266273499 -0.25706008076667786
vn -0.9657859802246094 0.034442655742168427 -0.25706008076667786
vn -0.9657859802246094 0.034442655742168427 -0.25706008076667786
vn -0.9456546306610107 0.19916364550590515 -0.25706008076667786
vn -0.9456546306610107 0.19916364550590515 -0.25706008076667786
vn -0.9456546306610107 0.19916364550590515 -0.25706008076667786
vn -0.8923802375793457 0.36493632197380066 -0.26549527049064636
vn -0.8894938230514526 0.3719162940979004 -0.26549527049064636
vn -0.7931580543518066 0.5439505577087402 -0.27391019463539124
vn -0.8921710252761841 0.3684729039669037 -0.2612801790237427
vn -0.7931580543518066 0.5439505577087402 -0.27391019463539124
vn -0.6914573311805725 -0.6631870865821838 -0.2864931523799896
vn -0.6862075924873352 -0.6686175465583801 -0.2864931523799896
vn -0.6914573311805725 -0.6631870865821838 -0.2864931523799896
vn -0.8298913836479187 -0.4860680103302002 -0.27391019463539124
vn -0.7974057197570801 0.537704348564148 -0.27391019463539124
vn -0.6436981558799744 0.7079324722290039 -0.29067665338516235
vn -0.6380900740623474 0.7129913568496704 -0.29067665338516235
vn -0.6368353366851807 0.7158010005950928 -0.2864931523799896
vn -0.5147808194160461 -0.8034874796867371 -0.2990269064903259
vn -0.6914573311805725 -0.6631870865821838 -0.2864931523799896
vn -0.5084065198898315 -0.8075359463691711 -0.2990269064903259
vn -0.6862075924873352 -0.6686175465583801 -0.2864931523799896
vn -0.6914573311805725 -0.6631870865821838 -0.2864931523799896
vn -0.5084065198898315 -0.8075359463691711 -0.2990269064903259
vn -0.33062416315078735 -0.8908749222755432 -0.31150925159454346
vn -0.33062416315078735 -0.8908749222755432 -0.31150925159454346
vn -0.17628540098667145 -0.9309452772140503 -0.3198012113571167
vn -0.33769017457962036 -0.8882206082344055 -0.31150925159454346
vn -0.17628540098667145 -0.9309452772140503 -0.3198012113571167
vn -0.17628540098667145 -0.9309452772140503 -0.3198012113571167
vn -0.03560559079051018 -0.9454124569892883 -0.3239381015300751
vn -0.03560559079051018 -0.9454124569892883 -0.3239381015300751
vn 0.10766413062810898 -0.939936637878418 -0.3239381015300751
vn -0.03560559079051018 -0.9454124569892883 -0.3239381015300751
vn 0.10766413062810898 -0.939936637878418 -0.3239381015300751
vn 0.10766413062810898 -0.939936637878418 -0.3239381015300751
vn 0.26269781589508057 -0.9132142663002014 -0.31150925159454346
vn 0.26667681336402893 -0.9106326699256897 -0.31565824151039124
vn 0.4429153800010681 -0.8452321290969849 -0.2990269064903259
vn 0.27392005920410156 -0.9084801077842712 -0.31565824151039124
vn 0.4562365710735321 -0.8381167054176331 -0.2990269064903259
vn 0.4429153800010681 -0.8452321290969849 -0.2990269064903259
vn 0.6371038556098938 -0.7188618183135986 -0.2781098484992981
vn 0.6314311623573303 -0.7238495945930481 -0.2781098484992981
vn 0.6412009000778198 -0.7135645151138306 -0.28230419754981995
vn 0.03563820943236351 0.9993097186088562 0.010923261754214764
vn 0.03563820943236351 0.9993097186088562 0.010923261754214764
vn -0.13760051131248474 0.9904323220252991 0.010923261754214764
vn -0.13010954856872559 0.9913864135742188 0.0152922747656703
vn -0.3138590455055237 0.9493513703346252 0.0152922747656703
vn -0.13758210837841034 0.9902999401092529 0.01966099627315998
vn -0.31380510330200195 0.949188232421875 0.024029340595006943
vn -0.3281051218509674 0.9443405270576477 0.024029340595006943
vn -0.49955451488494873 0.866064727306366 0.01966099627315998
vn -0.5190460085868835 0.8545256853103638 0.01966099627315998
vn -0.7032378315925598 0.710931122303009 0.006554040592163801
vn -0.6869520545005798 0.7266796827316284 0.006554040592163801
vn -0.6814186573028564 0.731818675994873 0.010923261754214764
vn -0.49959272146224976 0.8661308288574219 0.0152922747656703
vn -0.49955451488494873 0.866064727306366 0.01966099627315998
vn -0.3138590455055237 0.9493513703346252 0.0152922747656703
vn -0.31380510330200195 0.949188232421875 0.024029340595006943
vn -0.1375926285982132 0.9903755784034729 0.0152922747656703
vn -0.13758210837841034 0.9902999401092529 0.01966099627315998
vn 0.03563820943236351 0.9993097186088562 0.010923261754214764
vn 0.03563820943236351 0.9993097186088562 0.010923261754214764
vn -0.6813276410102844 0.7317209243774414 0.01966099627315998
vn -0.6809893846511841 0.7313576936721802 0.03713129088282585
vn -0.4994496703147888 0.8658828139305115 0.028397228568792343
vn -0.49922075867652893 0.8654859662055969 0.04149730131030083
vn -0.3137272298336029 0.9489526152610779 0.03276457265019417
vn -0.29935917258262634 0.9535827040672302 0.03276457265019417
vn -0.13009962439537048 0.991310715675354 0.01966099627315998
vn 0.03563820943236351 0.9993097186088562 0.010923261754214764
vn 0.028090571984648705 0.9995504021644592 0.010923261754214764
vn -0.14505678415298462 0.9892327189445496 0.01966099627315998
vn -0.4882185459136963 0.8715208768844604 0.04586252197623253
vn -0.6766330003738403 0.7335997223854065 0.0633138045668602
vn -0.6825124621391296 0.7288388013839722 0.05459024757146835
vn 0.043183814734220505 0.9990121126174927 0.010923261754214764
vn -0.9716978073120117 0.21865703165531158 0.08945280313491821
vn -0.994543731212616 0.03546823933720589 0.0981530249118805
vn -0.9749005436897278 0.20390303432941437 0.08945280313491821
vn -0.994543731212616 0.03546823933720589 0.0981530249118805
vn -0.994543731212616 0.03546823933720589 0.0981530249118805
vn -0.9869489073753357 -0.13393794000148773 0.08945280313491821
vn -0.9879357218742371 -0.12645383179187775 0.08945280313491821
vn -0.9513715505599976 -0.2995210886001587 0.07203252613544464
vn -0.9848052859306335 -0.14888261258602142 0.08945280313491821
vn -0.9443245530128479 -0.32104793190956116 0.07203252613544464
vn -0.9490768313407898 -0.30671441555023193 0.07203252613544464
vn -0.8699977397918701 -0.48952817916870117 0.058952588587999344
vn -0.8699977397918701 -0.48952817916870117 0.058952588587999344
vn -0.8662716150283813 -0.49609217047691345 0.058952588587999344
vn -0.7379748225212097 -0.6729634404182434 0.05022686347365379
vn -0.7330195307731628 -0.6786665916442871 0.04586252197623253
vn -0.7278672456741333 -0.6841895580291748 0.04586252197623253
vn -0.9764179587364197 0.1965082287788391 0.08945280313491821
vn -0.9276182651519775 0.3665311634540558 0.07203252613544464
vn -0.9248169660568237 0.37354275584220886 0.07203252613544464
vn -0.8329160213470459 0.5502588748931885 0.058952588587999344
vn -0.919055700302124 0.3875013291835785 0.07203252613544464
vn -0.8287317156791687 0.5565407872200012 0.058952588587999344
vn -0.6881614327430725 0.7238234877586365 0.05022686347365379
vn -0.682668924331665 0.7290059924125671 0.05022686347365379
vn -0.6771374940872192 0.7341467142105103 0.05022686347365379
vn -0.8329160213470459 0.5502588748931885 0.058952588587999344
vn 0.9500763416290283 -0.19925053417682648 -0.2401314377784729
vn 0.8943057060241699 -0.37205055356025696 -0.24860523641109467
vn 0.9500763416290283 -0.19925053417682648 -0.2401314377784729
vn 0.8943057060241699 -0.37205055356025696 -0.24860523641109467
vn 0.8943057060241699 -0.37205055356025696 -0.24860523641109467
vn 0.7929195165634155 -0.5504725575447083 -0.2612801790237427
vn 0.7929195165634155 -0.5504725575447083 -0.2612801790237427
vn 0.6371038556098938 -0.7188618183135986 -0.2781098484992981
vn 0.797202467918396 -0.5442514419555664 -0.2612801790237427
vn 0.6412009000778198 -0.7135645151138306 -0.28230419754981995
vn 0.6314311623573303 -0.7238495945930481 -0.2781098484992981
vn 0.9701281785964966 -0.03459751233458519 -0.2401314377784729
vn 0.9701281785964966 -0.03459751233458519 -0.2401314377784729
vn 0.9618563055992126 0.13106562197208405 -0.2401314377784729
vn 0.9701281785964966 -0.03459751233458519 -0.2401314377784729
vn 0.9618563055992126 0.13106562197208405 -0.2401314377784729
vn 0.9500763416290283 -0.19925053417682648 -0.2401314377784729
vn 0.9618563055992126 0.13106562197208405 -0.2401314377784729
vn 0.9185367822647095 0.3073994815349579 -0.24860523641109467
vn 0.9185367822647095 0.3073994815349579 -0.24860523641109467
vn 0.9185367822647095 0.3073994815349579 -0.24860523641109467
vn 0.8301181197166443 0.49259045720100403 -0.2612801790237427
vn 0.8301181197166443 0.49259045720100403 -0.2612801790237427
vn 0.6851369738578796 0.6714910864830017 -0.28230419754981995
vn 0.8339470028877258 0.4860800504684448 -0.2612801790237427
vn 0.6904027462005615 0.6660758256912231 -0.28230419754981995
vn 0.6798286437988281 0.6768648028373718 -0.28230419754981995
vn 0.04317392036318779 0.9987832307815552 0.024029340595006943
vn 0.2078123688697815 0.9781515002250671 0.006554040592163801
vn 0.2004196047782898 0.9796929955482483 0.006554040592163801
vn 0.38065969944000244 0.924511194229126 -0.01966099627315998
vn 0.3736670911312103 0.9273595213890076 -0.01966099627315998
vn 0.558372974395752 0.8280737996101379 -0.05022686347365379
vn 0.36668118834495544 0.9302260279655457 -0.0152922747656703
vn 0.5459021925926208 0.8365983366966248 -0.04586252197623253
vn 0.19300805032253265 0.9811411499977112 0.010923261754214764
vn 0.012986455112695694 0.999517023563385 0.028397228568792343
vn 0.03562596067786217 0.9989663362503052 0.028397228568792343
vn 0.5646179914474487 0.8238283395767212 -0.05022686347365379
vn 0.7377827167510986 0.6701985001564026 -0.08074574917554855
vn 0.7326820492744446 0.6757710576057434 -0.08074574917554855
vn 0.7223545908927917 0.6867993474006653 -0.08074574917554855
vn 0.9516944885253906 0.3066807687282562 -0.0152922747656703
vn 0.9913864135742188 0.13010954856872559 -0.0152922747656703
vn 0.9913864135742188 0.13010954856872559 -0.0152922747656703
vn 0.9992524981498718 -0.03563616797327995 -0.0152922747656703
vn 0.9992524981498718 -0.03563616797327995 -0.0152922747656703
vn 0.9795994758605957 -0.2004004716873169 -0.0152922747656703
vn 0.9992524981498718 -0.03563616797327995 -0.0152922747656703
vn 0.9795994758605957 -0.2004004716873169 -0.0152922747656703
vn 0.9913864135742188 0.13010954856872559 -0.0152922747656703
vn 0.9516944885253906 0.3066807687282562 -0.0152922747656703
vn 0.9516944885253906 0.3066807687282562 -0.0152922747656703
vn 0.8698790073394775 0.493037611246109 -0.0152922747656703
vn 0.8698790073394775 0.493037611246109 -0.0152922747656703
vn 0.8698790073394775 0.493037611246109 -0.0152922747656703
vn 0.7317768335342407 0.6813796758651733 -0.0152922747656703
vn 0.7317768335342407 0.6813796758651733 -0.0152922747656703
vn 0.7369016408920288 0.6758340001106262 -0.0152922747656703
vn 0.9795994758605957 -0.2004004716873169 -0.0152922747656703
vn 0.9274303913116455 -0.37369564175605774 -0.0152922747656703
vn 0.9274303913116455 -0.37369564175605774 -0.0152922747656703
vn 0.8325476050376892 -0.5537509322166443 -0.0152922747656703
vn 0.9274303913116455 -0.37369564175605774 -0.0152922747656703
vn 0.8325476050376892 -0.5537509322166443 -0.0152922747656703
vn 0.6813796758651733 -0.7317768335342407 -0.0152922747656703
vn 0.6813796758651733 -0.7317768335342407 -0.0152922747656703
vn 0.6868864893913269 -0.7266103029251099 -0.0152922747656703
vn 0.8325476050376892 -0.5537509322166443 -0.0152922747656703
vn 0.02807716466486454 0.999073326587677 0.03276457265019417
vn 0.02807716466486454 0.999073326587677 0.03276457265019417
vn -0.13756898045539856 0.9902054071426392 0.024029340595006943
vn 0.02053152769804001 0.9992569088935852 0.03276457265019417
vn -0.15250860154628754 0.9880147576332092 0.024029340595006943
vn -0.32099491357803345 0.9468817710876465 0.01966099627315998
vn -0.3066573143005371 0.9516218304634094 0.01966099627315998
vn -0.3138350546360016 0.9492788314819336 0.01966099627315998
vn -0.49299997091293335 0.869812548160553 0.01966099627315998
vn -0.49955451488494873 0.866064727306366 0.01966099627315998
vn -0.6813276410102844 0.7317209243774414 0.01966099627315998
vn -0.506080687046051 0.8622674345970154 0.01966099627315998
vn -0.6868340373039246 0.726554811000824 0.01966099627315998
vn -0.6813276410102844 0.7317209243774414 0.01966099627315998
vn -0.13756898045539856 0.9902054071426392 0.024029340595006943
vn 0.5757312178611755 0.8037353754043579 -0.15017375349998474
vn 0.744805634021759 0.6586788296699524 -0.10684575140476227
vn 0.5538143515586853 0.8326429724693298 0.002184694167226553
vn 0.7420269250869751 0.6702881455421448 -0.010923261754214764
vn 0.8309382796287537 0.5504825711250305 0.08074574917554855
vn 0.5159562230110168 0.8409460186958313 0.16312000155448914
vn 0.339093953371048 0.9207020401954651 0.19321508705615997
vn 0.366716206073761 0.930314838886261 0.006554040592163801
vn 0.2003430724143982 0.9793189167976379 0.028397228568792343
vn 0.40587499737739563 0.8968194723129272 -0.1760382205247879
vn 0.22385692596435547 0.9608793258666992 -0.16312000155448914
vn 0.17910417914390564 0.9601439237594604 0.21460255980491638
vn 0.023356962949037552 0.9725258350372314 0.23163928091526031
vn 0.026141049340367317 0.9976559281349182 0.0633138045668602
vn -0.13580776751041412 0.9866933226585388 0.08945280313491821
vn 0.04670153558254242 0.9916953444480896 -0.11986933648586273
vn -0.12643876671791077 0.9893603324890137 -0.07203252613544464
vn -0.12913252413272858 0.9631670117378235 0.23588760197162628
vn -0.301632285118103 0.9259169697761536 0.22738653421401978
vn -0.3065485954284668 0.9458442330360413 0.10684575140476227
vn -0.48600640892982483 0.8674047589302063 0.10684575140476227
vn -0.299399197101593 0.95371013879776 -0.028397228568792343
vn -0.4798983335494995 0.8773267269134521 0.002184694167226553
vn -0.47600817680358887 0.8539233803749084 0.2103329300880432
vn -0.6049401760101318 0.6469172239303589 0.4642767012119293
vn -0.6692318916320801 0.7353379726409912 0.10684575140476227
vn -0.6701346039772034 0.7418568730354309 0.024029340595006943
vn 0.028068047016859055 0.9987489581108093 0.04149730131030083
vn -0.1394074708223343 0.9882136583328247 0.0633138045668602
vn -0.12444833666086197 0.9902087450027466 0.0633138045668602
vn -0.31039944291114807 0.9481992125511169 0.06767380982637405
vn -0.29600849747657776 0.9527899026870728 0.06767380982637405
vn -0.4815138280391693 0.875003457069397 0.05022686347365379
vn -0.3011074960231781 0.9514909386634827 0.0633138045668602
vn -0.48811593651771545 0.8713377714157104 0.05022686347365379
vn -0.12444833666086197 0.9902087450027466 0.0633138045668602
vn 0.05069499835371971 0.9980283975601196 0.03713129088282585
vn 0.03561575710773468 0.9986801743507385 0.03713129088282585
vn -0.49469009041786194 0.8676221966743469 0.05022686347365379
vn -0.6809893846511841 0.7313576936721802 0.03713129088282585
vn -0.6754468679428101 0.7364795804023743 0.03713129088282585
vn -0.6809893846511841 0.7313576936721802 0.03713129088282585
vn 0.5537826418876648 0.8325952291488647 -0.010923261754214764
vn 0.3667021691799164 0.9302793145179749 -0.010923261754214764
vn 0.5600758790969849 0.8284210562705994 -0.006554040592163801
vn 0.3807106018066406 0.9246348142623901 -0.010923261754214764
vn 0.39463213086128235 0.9187793731689453 -0.010923261754214764
vn 0.20779253542423248 0.9780581593513489 -0.0152922747656703
vn 0.21517273783683777 0.9764610528945923 -0.0152922747656703
vn 0.043181341141462326 0.9989548921585083 -0.0152922747656703
vn 0.19299699366092682 0.981084942817688 -0.0152922747656703
vn 0.02808896265923977 0.9994931221008301 -0.0152922747656703
vn 0.03563616797327995 0.9992524981498718 -0.0152922747656703
vn 0.7318466305732727 0.6814447045326233 -0.006554040592163801
vn 0.7369719743728638 0.6758984923362732 -0.006554040592163801
vn 0.7420693635940552 0.6703265309333801 -0.002184694167226553
vn 0.572523832321167 0.8198676109313965 -0.006554040592163801
vn 0.9274303913116455 -0.37369564175605774 0.0152922747656703
vn 0.9302260279655457 -0.36668118834495544 0.0152922747656703
vn 0.8367855548858643 -0.5475001335144043 0.006554040592163801
vn 0.8449591398239136 -0.5347995162010193 0.006554040592163801
vn 0.6978622674942017 -0.7162352204322815 0.002184694167226553
vn 0.6869651675224304 -0.7266935110092163 0.002184694167226553
vn 0.6759113669395447 -0.7369860410690308 0.002184694167226553
vn 0.8326270580291748 -0.5538037419319153 0.006554040592163801
vn 0.9274303913116455 -0.37369564175605774 0.0152922747656703
vn -0.8639835715293884 -0.4763752520084381 0.16312000155448914
vn -0.7336762547492981 -0.6663882732391357 0.1328723281621933
vn -0.8664863705635071 -0.49263668060302734 0.08074574917554855
vn -0.7326974272727966 -0.6783684492111206 0.05459024757146835
vn -0.7264021635055542 -0.6866897344589233 -0.028397228568792343
vn -0.8662135601043701 -0.49964040517807007 -0.006554040592163801
vn -0.9494419693946838 -0.3138889968395233 0.006554040592163801
vn -0.9466962814331055 -0.3068247437477112 0.0981530249118805
vn -0.984721839427948 -0.13404931128025055 0.1111890971660614
vn -0.9359636306762695 -0.29981929063796997 0.18463370203971863
vn -0.9701487421989441 -0.1345534473657608 0.2017817199230194
vn -0.9903755784034729 -0.1375926285982132 0.0152922747656703
vn -0.9991762042045593 0.03563344478607178 0.01966099627315998
vn -0.9925359487533569 0.03917238488793373 0.11553031951189041
vn -0.9723993539810181 0.2074432224035263 0.10684575140476227
vn -0.9777807593345642 0.03864482045173645 0.2060592919588089
vn -0.9580991864204407 0.2033202201128006 0.2017817199230194
vn -0.9117133617401123 0.3691423535346985 0.18033768236637115
vn -0.9224345684051514 0.37348324060440063 0.0981530249118805
vn -0.8294776678085327 0.5532998442649841 0.0763898640871048
vn -0.9246701002120972 0.38072511553764343 0.006554040592163801
vn -0.8284210562705994 0.5600758790969849 -0.006554040592163801
vn -0.9780581593513489 0.20779253542423248 0.0152922747656703
vn -0.8267399072647095 0.5397133231163025 0.15880759060382843
vn -0.6843422055244446 0.7169588208198547 0.1328723281621933
vn -0.682668924331665 0.7290059924125671 0.05022686347365379
vn -0.6756404042243958 0.7366905808448792 -0.028397228568792343
vn 0.9992524981498718 -0.03563616797327995 0.0152922747656703
vn 0.9992524981498718 -0.03563616797327995 0.0152922747656703
vn 0.9795994758605957 -0.2004004716873169 0.0152922747656703
vn 0.9992524981498718 -0.03563616797327995 0.0152922747656703
vn 0.9795994758605957 -0.2004004716873169 0.0152922747656703
vn 0.9302260279655457 -0.36668118834495544 0.0152922747656703
vn 0.9274303913116455 -0.37369564175605774 0.0152922747656703
vn 0.9274303913116455 -0.37369564175605774 0.0152922747656703
vn 0.9795994758605957 -0.2004004716873169 0.0152922747656703
vn -0.20779253542423248 -0.9780581593513489 -0.0152922747656703
vn -0.043181341141462326 -0.9989548921585083 -0.0152922747656703
vn -0.2004004716873169 -0.9795994758605957 -0.0152922747656703
vn -0.03563616797327995 -0.9992524981498718 -0.0152922747656703
vn -0.02808896265923977 -0.9994931221008301 -0.0152922747656703
vn 0.1375926285982132 -0.9903755784034729 -0.0152922747656703
vn 0.14506785571575165 -0.98930823802948 -0.0152922747656703
vn 0.32818031311035156 -0.9445568919181824 -0.010923261754214764
vn 0.12261906266212463 -0.9923406839370728 -0.0152922747656703
vn 0.29950210452079773 -0.9540380239486694 -0.010923261754214764
vn 0.31387701630592346 -0.9494057893753052 -0.010923261754214764
vn 0.49964040517807007 -0.8662135601043701 -0.006554040592163801
vn 0.5126660466194153 -0.858568549156189 -0.006554040592163801
vn 0.49306583404541016 -0.8699288368225098 -0.010923261754214764
vn 0.6814447045326233 -0.7318466305732727 -0.006554040592163801
vn 0.6869520545005798 -0.7266796827316284 -0.006554040592163801
vn 0.6924334168434143 -0.7214849591255188 -0.002184694167226553
vn -0.2004004716873169 -0.9795994758605957 -0.0152922747656703
vn -0.3737170398235321 -0.9274834394454956 -0.010923261754214764
vn -0.3807106018066406 -0.9246348142623901 -0.010923261754214764
vn -0.5600544810295105 -0.8283894658088684 -0.010923261754214764
vn -0.3807106018066406 -0.9246348142623901 -0.010923261754214764
vn -0.5600544810295105 -0.8283894658088684 -0.010923261754214764
vn -0.5537826418876648 -0.8325952291488647 -0.010923261754214764
vn -0.7318466305732727 -0.6814447045326233 -0.006554040592163801
vn -0.7369719743728638 -0.6758984923362732 -0.006554040592163801
vn -0.7369719743728638 -0.6758984923362732 -0.006554040592163801
vn -0.03563956916332245 -0.9993479251861572 -0.006554040592163801
vn -0.033611368387937546 -0.9954284429550171 0.08945280313491821
vn 0.13012446463108063 -0.9915000200271606 -0.002184694167226553
vn 0.13948987424373627 -0.9857751727104187 0.09380380809307098
vn 0.315515398979187 -0.9442775845527649 0.09380380809307098
vn -0.03546823933720589 -0.994543731212616 -0.0981530249118805
vn 0.13028834760189056 -0.986610472202301 -0.0981530249118805
vn 0.3068247437477112 -0.9466962814331055 -0.0981530249118805
vn 0.30671587586402893 -0.9518035650253296 -0.002184694167226553
vn 0.4930940568447113 -0.869978666305542 0.002184694167226553
vn 0.5008224248886108 -0.8604574799537659 0.09380380809307098
vn 0.6821727752685547 -0.725705087184906 0.08945280313491821
vn 0.6814576983451843 -0.7318606376647949 0.002184694167226553
vn 0.6821727752685547 -0.725705087184906 -0.08945280313491821
vn 0.494286447763443 -0.8642285466194153 -0.09380380809307098
vn -0.9794312119483948 0.2003660500049591 -0.024029340595006943
vn -0.9990808367729187 0.03563004359602928 -0.024029340595006943
vn -0.9794312119483948 0.2003660500049591 -0.024029340595006943
vn -0.9990808367729187 0.03563004359602928 -0.024029340595006943
vn -0.9990808367729187 0.03563004359602928 -0.024029340595006943
vn -0.9912160634994507 -0.13008719682693481 -0.024029340595006943
vn -0.9912160634994507 -0.13008719682693481 -0.024029340595006943
vn -0.9515309929847717 -0.3066280484199524 -0.024029340595006943
vn -0.9912160634994507 -0.13008719682693481 -0.024029340595006943
vn -0.9515309929847717 -0.3066280484199524 -0.024029340595006943
vn -0.9515309929847717 -0.3066280484199524 -0.024029340595006943
vn -0.8697295188903809 -0.4929528832435608 -0.024029340595006943
vn -0.8697295188903809 -0.4929528832435608 -0.024029340595006943
vn -0.8697295188903809 -0.4929528832435608 -0.024029340595006943
vn -0.7316510677337646 -0.6812626123428345 -0.024029340595006943
vn -0.7316510677337646 -0.6812626123428345 -0.024029340595006943
vn -0.7367749810218811 -0.675717830657959 -0.024029340595006943
vn -0.9794312119483948 0.2003660500049591 -0.024029340595006943
vn -0.9272710084915161 0.37363144755363464 -0.024029340595006943
vn -0.9272710084915161 0.37363144755363464 -0.024029340595006943
vn -0.8324044942855835 0.5536558032035828 -0.024029340595006943
vn -0.9272710084915161 0.37363144755363464 -0.024029340595006943
vn -0.8324044942855835 0.5536558032035828 -0.024029340595006943
vn -0.8324044942855835 0.5536558032035828 -0.024029340595006943
vn -0.6867684125900269 0.7264854311943054 -0.024029340595006943
vn -0.6812626123428345 0.7316510677337646 -0.024029340595006943
vn -0.6812626123428345 0.7316510677337646 -0.024029340595006943
vn 0.12828649580478668 -0.990469217300415 0.05022686347365379
vn -0.03562119975686073 -0.9988328218460083 0.03276457265019417
vn 0.12828649580478668 -0.990469217300415 0.05022686347365379
vn -0.043163202702999115 -0.9985353350639343 0.03276457265019417
vn -0.050709523260593414 -0.9983143210411072 0.028397228568792343
vn -0.20775681734085083 -0.977890133857727 0.024029340595006943
vn -0.2225024402141571 -0.9746407866477966 0.024029340595006943
vn -0.3876306116580963 -0.9216101765632629 0.01966099627315998
vn -0.2003660500049591 -0.9794312119483948 0.024029340595006943
vn -0.3736670911312103 -0.9273595213890076 0.01966099627315998
vn -0.3736670911312103 -0.9273595213890076 0.01966099627315998
vn -0.5537086725234985 -0.8324839472770691 0.01966099627315998
vn -0.5599796175956726 -0.8282787203788757 0.01966099627315998
vn -0.5599796175956726 -0.8282787203788757 0.01966099627315998
vn -0.7317209243774414 -0.6813276410102844 0.01966099627315998
vn -0.7317209243774414 -0.6813276410102844 0.01966099627315998
vn -0.7368453145027161 -0.6757823824882507 0.01966099627315998
vn 0.12079397588968277 -0.9914108514785767 0.05022686347365379
vn 0.31039944291114807 -0.9481992125511169 0.06767380982637405
vn 0.31039944291114807 -0.9481992125511169 0.06767380982637405
vn 0.4962449073791504 -0.86519455909729 0.07203252613544464
vn 0.3032126724720001 -0.9505217671394348 0.06767380982637405
vn 0.4962449073791504 -0.86519455909729 0.07203252613544464
vn 0.5157641172409058 -0.8537025451660156 0.07203252613544464
vn 0.7118552327156067 -0.6994732022285461 0.0633138045668602
vn 0.6903781294822693 -0.7206794023513794 0.0633138045668602
vn 0.6849093437194824 -0.7258787155151367 0.0633138045668602
vn 0.7470248341560364 0.6646272540092468 -0.0152922747656703
vn 0.7369016408920288 0.6758340001106262 -0.0152922747656703
vn 0.5600224137306213 0.8283419609069824 -0.0152922747656703
vn 0.7317768335342407 0.6813796758651733 -0.0152922747656703
vn 0.5537509322166443 0.8325476050376892 -0.0152922747656703
vn 0.3737170398235321 0.9274834394454956 -0.010923261754214764
vn 0.3807106018066406 0.9246348142623901 -0.010923261754214764
vn 0.39463213086128235 0.9187793731689453 -0.010923261754214764
vn 0.572469174861908 0.8197893500328064 -0.0152922747656703
vn 0.16328655183315277 0.9865229725837708 -0.010923261754214764
vn 0.26067835092544556 0.9608625769615173 -0.09380380809307098
vn 0.18556831777095795 0.982439398765564 -0.01966099627315998
vn 0.33268630504608154 0.9383655786514282 -0.09380380809307098
vn 0.3666532039642334 0.9301549792289734 -0.01966099627315998
vn 0.5109623074531555 0.8448116779327393 -0.15880759060382843
vn 0.5329549908638 0.8443862795829773 -0.05459024757146835
vn 0.7057420015335083 0.702238142490387 -0.09380380809307098
vn 0.4737611413002014 0.8423058986663818 -0.25706008076667786
vn 0.7022280693054199 0.6732219457626343 -0.23163928091526031
vn 0.709721028804779 0.6853444576263428 -0.16312000155448914
vn 0.03563820943236351 0.9993097186088562 0.010923261754214764
vn 0.03563820943236351 0.9993097186088562 0.010923261754214764
vn 0.028090571984648705 0.9995504021644592 0.010923261754214764
vn 0.2004234343767166 0.9797117114067078 -0.002184694167226553
vn -0.7316510677337646 -0.6812626123428345 -0.024029340595006943
vn -0.7316510677337646 -0.6812626123428345 -0.024029340595006943
vn -0.5537086725234985 -0.8324839472770691 -0.01966099627315998
vn -0.5537086725234985 -0.8324839472770691 -0.01966099627315998
vn -0.3736670911312103 -0.9273595213890076 -0.01966099627315998
vn -0.7367749810218811 -0.675717830657959 -0.024029340595006943
vn -0.5599796175956726 -0.8282787203788757 -0.01966099627315998
vn -0.38065969944000244 -0.924511194229126 -0.01966099627315998
vn -0.3736670911312103 -0.9273595213890076 -0.01966099627315998
vn -0.20777666568756104 -0.9779834747314453 -0.01966099627315998
vn -0.2003851681947708 -0.9795246720314026 -0.01966099627315998
vn -0.03563616797327995 -0.9992524981498718 -0.0152922747656703
vn -0.03563616797327995 -0.9992524981498718 -0.0152922747656703
vn -0.03563616797327995 -0.9992524981498718 -0.0152922747656703
vn 0.13010954856872559 -0.9913864135742188 -0.0152922747656703
vn 0.13010954856872559 -0.9913864135742188 -0.0152922747656703
vn 0.3138590455055237 -0.9493513703346252 -0.0152922747656703
vn 0.13010954856872559 -0.9913864135742188 -0.0152922747656703
vn 0.3066807687282562 -0.9516944885253906 -0.0152922747656703
vn 0.3066807687282562 -0.9516944885253906 -0.0152922747656703
vn 0.493037611246109 -0.8698790073394775 -0.0152922747656703
vn 0.49959272146224976 -0.8661308288574219 -0.0152922747656703
vn 0.493037611246109 -0.8698790073394775 -0.0152922747656703
vn 0.6813796758651733 -0.7317768335342407 -0.0152922747656703
vn 0.6813796758651733 -0.7317768335342407 -0.0152922747656703
vn 0.6868864893913269 -0.7266103029251099 -0.0152922747656703
vn -0.20777666568756104 -0.9779834747314453 -0.01966099627315998
vn 0.7251229882240295 0.6867919564247131 0.05022686347365379
vn 0.717515230178833 0.686157763004303 0.11986933648586273
vn 0.529276430606842 0.8432536125183105 0.09380380809307098
vn 0.6930944919586182 0.6956550478935242 0.18892620503902435
vn 0.4896165728569031 0.8557173609733582 0.16742929816246033
vn 0.2627885937690735 0.9624820947647095 0.06767380982637405
vn 0.34362515807151794 0.9375238418579102 0.05459024757146835
vn 0.3807324171066284 0.9246878027915955 -0.002184694167226553
vn 0.18556831777095795 0.982439398765564 0.01966099627315998
vn 0.2151973992586136 0.9765729308128357 -0.002184694167226553
vn 0.043183814734220505 0.9990121126174927 0.010923261754214764
vn 0.15582291781902313 0.9876713752746582 0.0152922747656703
vn 0.03563820943236351 0.9993097186088562 0.010923261754214764
vn 0.03563820943236351 0.9993097186088562 0.010923261754214764
vn 0.5474478602409363 0.8367056250572205 0.0152922747656703
vn -0.9986801743507385 0.03561575710773468 0.03713129088282585
vn -0.9790384769439697 0.20028570294380188 0.03713129088282585
vn -0.9790384769439697 0.20028570294380188 0.03713129088282585
vn -0.9270408153533936 0.37353867292404175 0.03276457265019417
vn -0.9270408153533936 0.37353867292404175 0.03276457265019417
vn -0.832197904586792 0.5535183548927307 0.03276457265019417
vn -0.9270408153533936 0.37353867292404175 0.03276457265019417
vn -0.832197904586792 0.5535183548927307 0.03276457265019417
vn -0.9790384769439697 0.20028570294380188 0.03713129088282585
vn -0.9986801743507385 0.03561575710773468 0.03713129088282585
vn -0.9986801743507385 0.03561575710773468 0.03713129088282585
vn -0.9908186197280884 -0.13003504276275635 0.03713129088282585
vn -0.9908186197280884 -0.13003504276275635 0.03713129088282585
vn -0.9908186197280884 -0.13003504276275635 0.03713129088282585
vn -0.9511494636535645 -0.30650511384010315 0.03713129088282585
vn -0.9511494636535645 -0.30650511384010315 0.03713129088282585
vn -0.8692313432693481 -0.49267053604125977 0.04149730131030083
vn -0.9511494636535645 -0.30650511384010315 0.03713129088282585
vn -0.8692313432693481 -0.49267053604125977 0.04149730131030083
vn -0.8692313432693481 -0.49267053604125977 0.04149730131030083
vn -0.7328654527664185 -0.6785240173339844 0.05022686347365379
vn -0.7277142405509949 -0.6840457320213318 0.05022686347365379
vn -0.7277142405509949 -0.6840457320213318 0.05022686347365379
vn -0.832197904586792 0.5535183548927307 0.03276457265019417
vn -0.6809893846511841 0.7313576936721802 0.03713129088282585
vn -0.6754468679428101 0.7364795804023743 0.03713129088282585
vn -0.6809893846511841 0.7313576936721802 0.03713129088282585
vn 0.037440840154886246 0.9439160227775574 -0.3280687630176544
vn 0.037440840154886246 0.9439160227775574 -0.3280687630176544
vn -0.10391119122505188 0.9403589963912964 -0.3239381015300751
vn -0.10391119122505188 0.9403589963912964 -0.3239381015300751
vn -0.27030059695243835 0.9095636010169983 -0.31565824151039124
vn 0.037440840154886246 0.9439160227775574 -0.3280687630176544
vn -0.11141535639762878 0.9394993782043457 -0.3239381015300751
vn -0.27753522992134094 0.9073821902275085 -0.31565824151039124
vn -0.27030059695243835 0.9095636010169983 -0.31565824151039124
vn -0.45119136571884155 0.8393501043319702 -0.30319350957870483
vn -0.45119136571884155 0.8393501043319702 -0.30319350957870483
vn -0.6368353366851807 0.7158010005950928 -0.2864931523799896
vn -0.6380900740623474 0.7129913568496704 -0.29067665338516235
vn -0.6436981558799744 0.7079324722290039 -0.29067665338516235
vn -0.45782753825187683 0.8357488512992859 -0.30319350957870483
vn 0.03563616797327995 0.9992524981498718 -0.0152922747656703
vn 0.2004004716873169 0.9795994758605957 -0.0152922747656703
vn 0.2004004716873169 0.9795994758605957 -0.0152922747656703
vn 0.38068878650665283 0.9245818853378296 -0.0152922747656703
vn 0.37369564175605774 0.9274303913116455 -0.0152922747656703
vn 0.5537509322166443 0.8325476050376892 -0.0152922747656703
vn 0.37369564175605774 0.9274303913116455 -0.0152922747656703
vn 0.5537509322166443 0.8325476050376892 -0.0152922747656703
vn 0.2004004716873169 0.9795994758605957 -0.0152922747656703
vn 0.03563616797327995 0.9992524981498718 -0.0152922747656703
vn 0.03563616797327995 0.9992524981498718 -0.0152922747656703
vn 0.5600224137306213 0.8283419609069824 -0.0152922747656703
vn 0.7369016408920288 0.6758340001106262 -0.0152922747656703
vn 0.7317768335342407 0.6813796758651733 -0.0152922747656703
vn 0.7317768335342407 0.6813796758651733 -0.0152922747656703
vn -0.03748195618391037 -0.9980388879776001 -0.05022686347365379
vn -0.04686373099684715 -0.9963054060935974 0.07203252613544464
vn 0.12643876671791077 -0.9893603324890137 -0.07203252613544464
vn 0.12831348180770874 -0.9906773567199707 0.04586252197623253
vn 0.3065519332885742 -0.9512947797775269 0.03276457265019417
vn -0.027586786076426506 -0.9855027198791504 -0.16742929816246033
vn 0.12701888382434845 -0.9753735661506653 -0.18033768236637115
vn 0.2997407913208008 -0.9384409785270691 -0.17173540592193604
vn 0.3031198978424072 -0.9502310156822205 -0.07203252613544464
vn 0.484707236289978 -0.8729766011238098 -0.05459024757146835
vn 0.4928305149078369 -0.8695136308670044 0.03276457265019417
vn 0.6808723211288452 -0.7312319278717041 0.04149730131030083
vn 0.6754468679428101 -0.7364795804023743 -0.03713129088282585
vn 0.6789646744728088 -0.7250303030014038 -0.11553031951189041
vn 0.4927343726158142 -0.8585987091064453 -0.1415284425020218
vn 0.03563616797327995 0.9992524981498718 -0.0152922747656703
vn -0.13009962439537048 0.991310715675354 -0.01966099627315998
vn -0.13758210837841034 0.9902999401092529 -0.01966099627315998
vn -0.3066573143005371 0.9516218304634094 -0.01966099627315998
vn -0.3066573143005371 0.9516218304634094 -0.01966099627315998
vn -0.49299997091293335 0.869812548160553 -0.01966099627315998
vn -0.3138350546360016 0.9492788314819336 -0.01966099627315998
vn -0.49955451488494873 0.866064727306366 -0.01966099627315998
vn -0.13758210837841034 0.9902999401092529 -0.01966099627315998
vn 0.03563616797327995 0.9992524981498718 -0.0152922747656703
vn 0.03563616797327995 0.9992524981498718 -0.0152922747656703
vn -0.49299997091293335 0.869812548160553 -0.01966099627315998
vn -0.6812626123428345 0.7316510677337646 -0.024029340595006943
vn -0.6812626123428345 0.7316510677337646 -0.024029340595006943
vn -0.6867684125900269 0.7264854311943054 -0.024029340595006943
vn 0.12261906266212463 -0.9923406839370728 0.0152922747656703
vn 0.29950210452079773 -0.9540380239486694 0.010923261754214764
vn 0.13753482699394226 -0.9899595975875854 -0.03276457265019417
vn 0.3137272298336029 -0.9489526152610779 -0.03276457265019417
vn 0.3316420912742615 -0.9403124451637268 -0.0763898640871048
vn 0.4928305149078369 -0.8695136308670044 -0.03276457265019417
vn 0.5092868208885193 -0.8575824499130249 -0.07203252613544464
vn 0.6836002469062805 -0.7258544564247131 -0.0763898640871048
vn 0.486482173204422 -0.8736276030540466 0.010923261754214764
vn 0.6814576983451843 -0.7318606376647949 0.002184694167226553
vn 0.6809893846511841 -0.7313576936721802 -0.03713129088282585
vn -0.04316897317767143 -0.9986688494682312 0.028397228568792343
vn -0.02807716466486454 -0.999073326587677 -0.03276457265019417
vn -0.01097087562084198 -0.995935320854187 -0.08945280313491821
vn 0.16199325025081635 -0.9831202626228333 -0.08510008454322815
vn 0.6904027462005615 0.6660758256912231 -0.28230419754981995
vn 0.6798286437988281 0.6768648028373718 -0.28230419754981995
vn 0.5002322196960449 0.8110795021057129 -0.30319350957870483
vn 0.6851369738578796 0.6714910864830017 -0.28230419754981995
vn 0.5020003318786621 0.8115338087081909 -0.2990269064903259
vn 0.3237757682800293 0.8919291496276855 -0.31565824151039124
vn 0.32897481322288513 0.8885443806648254 -0.3198012113571167
vn 0.3360491693019867 0.8858931064605713 -0.3198012113571167
vn 0.17240555584430695 0.9287925362586975 -0.3280687630176544
vn 0.1798246204853058 0.9273846745491028 -0.3280687630176544
vn 0.037440840154886246 0.9439160227775574 -0.3280687630176544
vn 0.17240555584430695 0.9287925362586975 -0.3280687630176544
vn 0.037440840154886246 0.9439160227775574 -0.3280687630176544
vn 0.037440840154886246 0.9439160227775574 -0.3280687630176544
vn 0.51302170753479 0.8030510544776917 -0.30319350957870483
vn -0.7419424057006836 -0.6611865162849426 0.1111890971660614
vn -0.5653263330459595 -0.8179237842559814 0.10684575140476227
vn -0.5600865483283997 -0.8284368515014648 0.002184694167226553
vn -0.3943840265274048 -0.913693904876709 0.0981530249118805
vn -0.38072511553764343 -0.9246701002120972 -0.006554040592163801
vn -0.36791953444480896 -0.9226576685905457 -0.11553031951189041
vn -0.5470537543296814 -0.8313287496566772 -0.0981530249118805
vn -0.724120020866394 -0.6832718253135681 -0.09380380809307098
vn -0.7369719743728638 -0.6758984923362732 0.006554040592163801
vt 0.7985327243804932 0.3398660123348236
vt 0.7985327243804932 0.3398660123348236
vt 0.7922046184539795 0.3162221610546112
vt 0.7922046184539795 0.3162221610546112
vt 0.7868934869766235 0.2960263788700104
vt 0.7868934869766235 0.2960263788700104
vt 0.7814694046974182 0.2757074534893036
vt 0.7814694046974182 0.2757074534893036
vt 0.7760453224182129 0.25526538491249084
vt 0.7760453224182129 0.25526538491249084
vt 0.7706212401390076 0.2348233163356781
vt 0.7706212401390076 0.2348233163356781
vt 0.7651970982551575 0.2145043909549713
vt 0.7651970982551575 0.2145043909549713
vt 0.7598860263824463 0.1945548951625824
vt 0.7598860263824463 0.1945548951625824
vt 0.7537839412689209 0.17128048837184906
vt 0.7537839412689209 0.17128048837184906
vt 0.7179622650146484 0.03643672168254852
vt 0.7179622650146484 0.03643672168254852
vt 0.7273414731025696 0.07177933305501938
vt 0.7273414731025696 0.07177933305501938
vt 0.7366076111793518 0.10675251483917236
vt 0.7366076111793518 0.10675251483917236
vt 0.7456477880477905 0.140986829996109
vt 0.7456477880477905 0.140986829996109
vt 0.7537839412689209 0.17128048837184906
vt 0.7537839412689209 0.17128048837184906
vt 0.9497293829917908 0.9091653227806091
vt 0.9497293829917908 0.9091653227806091
vt 0.9402372241020203 0.8733301162719727
vt 0.9402372241020203 0.8733301162719727
vt 0.9308580756187439 0.8381106853485107
vt 0.9308580756187439 0.8381106853485107
vt 0.921704888343811 0.8038763403892517
vt 0.921704888343811 0.8038763403892517
vt 0.913794755935669 0.7738289833068848
vt 0.913794755935669 0.7738289833068848
vt 0.913794755935669 0.7738289833068848
vt 0.913794755935669 0.7738289833068848
vt 0.9076926112174988 0.7510471343994141
vt 0.9076926112174988 0.7510471343994141
vt 0.9026075601577759 0.7318365573883057
vt 0.9026075601577759 0.7318365573883057
vt 0.8974094390869141 0.7123796343803406
vt 0.8974094390869141 0.7123796343803406
vt 0.892211377620697 0.6926764249801636
vt 0.892211377620697 0.6926764249801636
vt 0.8869002461433411 0.6726037859916687
vt 0.8869002461433411 0.6726037859916687
vt 0.8815891742706299 0.6526542901992798
vt 0.8815891742706299 0.6526542901992798
vt 0.8763911128044128 0.6330742239952087
vt 0.8763911128044128 0.6330742239952087
vt 0.8702889680862427 0.6101692914962769
vt 0.8702889680862427 0.6101692914962769
vt 0.8702889680862427 0.6101692914962769
vt 0.8702889680862427 0.6101692914962769
vt 0.8622658252716064 0.5799987316131592
vt 0.8622658252716064 0.5799987316131592
vt 0.8532256484031677 0.5458875894546509
vt 0.8532256484031677 0.5458875894546509
vt 0.8438464999198914 0.5105449557304382
vt 0.8438464999198914 0.5105449557304382
vt 0.8343543410301208 0.4748329222202301
vt 0.8343543410301208 0.4748329222202301
vt 0.8249751925468445 0.43949031829833984
vt 0.8249751925468445 0.43949031829833984
vt 0.8157089948654175 0.40451711416244507
vt 0.8157089948654175 0.40451711416244507
vt 0.8065558671951294 0.3702828288078308
vt 0.8065558671951294 0.3702828288078308
vt 0.7985327243804932 0.3398660123348236
vt 0.7985327243804932 0.3398660123348236
vt 0.7499418258666992 0.4026699364185333
vt 0.744630753993988 0.43382564187049866
vt 0.7195442914962769 0.4030393958091736
vt 0.7137811779975891 0.43419507145881653
vt 0.6830446720123291 0.43444135785102844
vt 0.7081311345100403 0.46596649289131165
vt 0.6792026162147522 0.46621277928352356
vt 0.6760385632514954 0.4982304573059082
vt 0.7369466423988342 0.4655970335006714
vt 0.7293754816055298 0.4977378845214844
vt 0.7027069926261902 0.4979841709136963
vt 0.6977348923683167 0.5301250219345093
vt 0.6717444658279419 0.5302481651306152
vt 0.7237253785133362 0.5298787355422974
vt 0.7201093435287476 0.5617733001708984
vt 0.6937798261642456 0.5618964433670044
vt 0.691406786441803 0.5930521488189697
vt 0.6674503684043884 0.5620195865631104
vt 0.6643993258476257 0.5930521488189697
vt 0.6891467571258545 0.40340882539749146
vt 0.6936668753623962 0.37274572253227234
vt 0.722934365272522 0.3722531497478485
vt 0.7593210339546204 0.3793955445289612
vt 0.7183012962341309 0.5930521488189697
vt 0.7175102829933167 0.6239615082740784
vt 0.6898247599601746 0.6239615082740784
vt 0.6620262861251831 0.6238383650779724
vt 0.661913275718689 0.2627772390842438
vt 0.6674503684043884 0.2821109890937805
vt 0.6990909576416016 0.27299827337265015
vt 0.6729874610900879 0.30169105529785156
vt 0.704628050327301 0.2925783097743988
vt 0.7102781534194946 0.31240466237068176
vt 0.7363815903663635 0.2833424508571625
vt 0.7420316934585571 0.3032919466495514
vt 0.7308444976806641 0.26376238465309143
vt 0.7253074049949646 0.2444286197423935
vt 0.6936668753623962 0.253664493560791
vt 0.6882427334785461 0.2345770299434662
vt 0.6564891934394836 0.24368976056575775
vt 0.7198833227157593 0.22534115612506866
vt 0.7135552167892456 0.20280560851097107
vt 0.6818016171455383 0.21191833913326263
vt 0.6500480771064758 0.22115421295166016
vt 0.6786375641822815 0.3216405510902405
vt 0.6842876672744751 0.34146687388420105
vt 0.7159282565116882 0.3322310149669647
vt 0.7214653491973877 0.3516879081726074
vt 0.7476817965507507 0.32311826944351196
vt 0.7532188892364502 0.3424520492553711
vt 0.6898247599601746 0.3608006536960602
vt 0.6962658762931824 0.3835824728012085
vt 0.7279064655303955 0.3744697570800781
vt 0.759660005569458 0.3652338683605194
vt 0.7790963649749756 0.6751898527145386
vt 0.7724292278289795 0.6517922878265381
vt 0.810736894607544 0.6660770773887634
vt 0.8041828274726868 0.6426795721054077
vt 0.8358233571052551 0.6334436535835266
vt 0.8424904942512512 0.6568412184715271
vt 0.8481405973434448 0.676913857460022
vt 0.8165000081062317 0.6860265731811523
vt 0.8222631216049194 0.7062223553657532
vt 0.7847464680671692 0.6952624917030334
vt 0.7905095815658569 0.7154582738876343
vt 0.8539037108421326 0.6971096396446228
vt 0.8596667647361755 0.7173054218292236
vt 0.827913224697113 0.72654128074646
vt 0.8337893486022949 0.7468602061271667
vt 0.7962726950645447 0.7356540560722351
vt 0.8020357489585876 0.7559729814529419
vt 0.8654298782348633 0.7376243472099304
vt 0.871192991733551 0.7578201293945312
vt 0.8394394516944885 0.7670559883117676
vt 0.8450895547866821 0.7867591977119446
vt 0.8077988624572754 0.7761687636375427
vt 0.8133359551429749 0.7959950566291809
vt 0.8768430948257446 0.7776464819908142
vt 0.8833972215652466 0.8006746172904968
vt 0.8516436219215393 0.8099104762077332
vt 0.8198900818824768 0.8190231919288635
vt 0.7724292278289795 0.6517922878265381
vt 0.7790963649749756 0.6751898527145386
vt 0.810736894607544 0.6660770773887634
vt 0.7847464680671692 0.6952624917030334
vt 0.8165000081062317 0.6860265731811523
vt 0.8222631216049194 0.7062223553657532
vt 0.8481405973434448 0.676913857460022
vt 0.8539037108421326 0.6971096396446228
vt 0.8424904942512512 0.6568412184715271
vt 0.8358233571052551 0.6334436535835266
vt 0.8041828274726868 0.6426795721054077
vt 0.8596667647361755 0.7173054218292236
vt 0.827913224697113 0.72654128074646
vt 0.8337893486022949 0.7468602061271667
vt 0.7962726950645447 0.7356540560722351
vt 0.8020357489585876 0.7559729814529419
vt 0.7905095815658569 0.7154582738876343
vt 0.8654298782348633 0.7376243472099304
vt 0.871192991733551 0.7578201293945312
vt 0.8394394516944885 0.7670559883117676
vt 0.8077988624572754 0.7761687636375427
vt 0.8450895547866821 0.7867591977119446
vt 0.8133359551429749 0.7959950566291809
vt 0.8198900818824768 0.8190231919288635
vt 0.8768430948257446 0.7776464819908142
vt 0.8833972215652466 0.8006746172904968
vt 0.8516436219215393 0.8099104762077332
vt 0.8480275869369507 0.9177854657173157
vt 0.8579717874526978 0.9527586698532104
vt 0.879668116569519 0.9086727499961853
vt 0.8896123170852661 0.9436459541320801
vt 0.9213658571243286 0.9345331788063049
vt 0.9114217162132263 0.899436891078949
vt 0.9015905261039734 0.8648331165313721
vt 0.8698369860649109 0.8739458918571472
vt 0.8602318167686462 0.8399578332901001
vt 0.8380833864212036 0.8831817507743835
vt 0.828478217124939 0.8491936922073364
vt 0.8918723464012146 0.8308451175689697
vt 0.8833972215652466 0.8006746172904968
vt 0.8516436219215393 0.8099104762077332
vt 0.8198900818824768 0.8190231919288635
vt 0.5379500985145569 0.14406545460224152
vt 0.5840548872947693 0.12559370696544647
vt 0.5959201455116272 0.15576422214508057
vt 0.6301597356796265 0.10699880868196487
vt 0.6420249342918396 0.13716933131217957
vt 0.6540031433105469 0.16733986139297485
vt 0.6078983545303345 0.1858116090297699
vt 0.5617935061454773 0.2044064998626709
vt 0.54981529712677 0.1742359697818756
vt 0.7442917227745056 0.55290687084198
vt 0.7542359232902527 0.5876337289810181
vt 0.7760453224182129 0.5437940955162048
vt 0.785876452922821 0.5783978700637817
vt 0.8176300525665283 0.5692851543426514
vt 0.7955946326255798 0.6123858690261841
vt 0.827235221862793 0.6032731533050537
vt 0.8358233571052551 0.6334436535835266
vt 0.7638410925865173 0.6216217875480652
vt 0.7724292278289795 0.6517922878265381
vt 0.8041828274726868 0.6426795721054077
vt 0.8077988624572754 0.5345582365989685
vt 0.797741711139679 0.49946191906929016
vt 0.7661011219024658 0.5085746645927429
vt 0.7560439705848694 0.4732320308685303
vt 0.7343475818634033 0.5178105235099792
vt 0.7242903709411621 0.48234477639198303
vt 0.7143462300300598 0.44737157225608826
vt 0.7460997700691223 0.4382588565349579
vt 0.7363815903663635 0.40427082777023315
vt 0.7777403593063354 0.42902296781539917
vt 0.7681351900100708 0.3951581120491028
vt 0.7876845002174377 0.46399617195129395
vt 0.7047410607337952 0.41350671648979187
vt 0.6962658762931824 0.3835824728012085
vt 0.7279064655303955 0.3744697570800781
vt 0.759660005569458 0.3652338683605194
vt 0.1805247664451599 0.723462700843811
vt 0.11826066672801971 0.7069612741470337
vt 0.11125454306602478 0.7342994213104248
vt 0.05599656328558922 0.6905829310417175
vt 0.048990439623594284 0.7177979946136475
vt 0.04085429757833481 0.7489537000656128
vt 0.103118397295475 0.7653319835662842
vt 0.1653825044631958 0.7818334102630615
vt 0.09486924856901169 0.7973496913909912
vt 0.15713335573673248 0.8138511180877686
vt 0.14865820109844208 0.8463613986968994
vt 0.03260514885187149 0.7809714078903198
vt 0.024129999801516533 0.8134816884994507
vt 0.08639410138130188 0.829983115196228
vt 0.17351864278316498 0.7506777048110962
vt 0.18594886362552643 0.7027742862701416
vt 0.1904689371585846 0.6852877140045166
vt 0.12368476390838623 0.6862728595733643
vt 0.1282048374414444 0.6689094305038452
vt 0.0659407377243042 0.6524080038070679
vt 0.13272492587566376 0.6511765718460083
vt 0.0705738216638565 0.634675145149231
vt 0.07520690560340881 0.6168190836906433
vt 0.19498902559280396 0.6675548553466797
vt 0.1997351050376892 0.649698793888092
vt 0.137471005320549 0.6331973671913147
vt 0.14210408926010132 0.6150950789451599
vt 0.07995298504829407 0.5985936522483826
vt 0.20436818897724152 0.6314733624458313
vt 0.20911426842212677 0.6133710741996765
vt 0.14685016870498657 0.5968695878982544
vt 0.15148325264453888 0.5791367292404175
vt 0.08458606898784637 0.580491304397583
vt 0.08921915292739868 0.5626353025436401
vt 0.1805247664451599 0.723462700843811
vt 0.11826066672801971 0.7069612741470337
vt 0.05599656328558922 0.6905829310417175
vt 0.061420660465955734 0.6698945760726929
vt 0.21374735236167908 0.5955150127410889
vt 0.2191714495420456 0.5747035145759583
vt 0.1569073498249054 0.5582020878791809
vt 0.0946432501077652 0.5418238043785095
vt 0.6415729522705078 0.19135312736034393
vt 0.6733264923095703 0.1821172535419464
vt 0.6319677829742432 0.1573651134967804
vt 0.6637213230133057 0.14825238287448883
vt 0.6537771224975586 0.11327920109033585
vt 0.695361852645874 0.1390165090560913
vt 0.6854177117347717 0.10404332727193832
vt 0.7050800323486328 0.17300452291965485
vt 0.7135552167892456 0.20280560851097107
vt 0.6818016171455383 0.21191833913326263
vt 0.6500480771064758 0.22115421295166016
vt 0.6220235824584961 0.12239193171262741
vt 0.6119664311408997 0.08680302649736404
vt 0.643606960773468 0.07769029587507248
vt 0.6753605008125305 0.06845442205667496
vt 0.27567246556282043 0.3568600118160248
vt 0.28290456533432007 0.329152375459671
vt 0.21340835094451904 0.34035858511924744
vt 0.22064048051834106 0.3126509487628937
vt 0.15837638080120087 0.2962726652622223
vt 0.15114425122737885 0.32398030161857605
vt 0.14312110841274261 0.35501283407211304
vt 0.2053852081298828 0.3715142607688904
vt 0.1971360594034195 0.40316253900527954
vt 0.2676493227481842 0.38789254426956177
vt 0.2594001591205597 0.4196639657020569
vt 0.1348719596862793 0.38678425550460815
vt 0.12650981545448303 0.41892507672309875
vt 0.18877391517162323 0.4354265332221985
vt 0.18041177093982697 0.467813640832901
vt 0.2510380148887634 0.4518048167228699
vt 0.24267587065696716 0.48431509733200073
vt 0.11814766377210617 0.4514353573322296
vt 0.1097855195403099 0.48345306515693665
vt 0.1720496118068695 0.49983134865760803
vt 0.16402646899223328 0.530987024307251
vt 0.2343137264251709 0.5163328051567078
vt 0.22629058361053467 0.5473653078079224
vt 0.10176237672567368 0.5144855976104736
vt 0.0946432501077652 0.5418238043785095
vt 0.1569073498249054 0.5582020878791809
vt 0.2191714495420456 0.5747035145759583
vt 0.806216835975647 0.909534752368927
vt 0.8157089948654175 0.9453699588775635
vt 0.8732270002365112 0.8914324641227722
vt 0.8827192187309265 0.9272676706314087
vt 0.9497293829917908 0.9091653227806091
vt 0.9402372241020203 0.8733301162719727
vt 0.9308580756187439 0.8381106853485107
vt 0.8638478517532349 0.8562129735946655
vt 0.8548076748847961 0.8219786882400513
vt 0.7968376874923706 0.8743153214454651
vt 0.7877975106239319 0.840080976486206
vt 0.921704888343811 0.8038763403892517
vt 0.913794755935669 0.7738289833068848
vt 0.8467845320701599 0.7919312715530396
vt 0.7797743678092957 0.8100336194038391
vt 0.8061038255691528 0.4652276039123535
vt 0.8046348094940186 0.43333306908607483
vt 0.8343543410301208 0.46596649289131165
vt 0.8316422700881958 0.4343182146549225
vt 0.8585367798805237 0.4354265332221985
vt 0.8303992748260498 0.4032856822013855
vt 0.856728732585907 0.4043939709663391
vt 0.8562767505645752 0.37360772490501404
vt 0.8040698170661926 0.40205422043800354
vt 0.797741711139679 0.37890297174453735
vt 0.8297212719917297 0.3724994361400604
vt 0.808250904083252 0.4973684549331665
vt 0.8387613892555237 0.49786102771759033
vt 0.8445245027542114 0.5295093059539795
vt 0.8692719340324402 0.4982304573059082
vt 0.878425121307373 0.5295093059539795
vt 0.862717866897583 0.4667053520679474
vt 0.810736894607544 0.5295093059539795
vt 0.8133359551429749 0.5612807273864746
vt 0.8513046503067017 0.5607881546020508
vt 0.8892732858657837 0.5602955222129822
vt 0.8585367798805237 0.5914512276649475
vt 0.901251494884491 0.5904660820960999
vt 0.9124387502670288 0.6205134391784668
vt 0.8157089948654175 0.5923132300376892
vt 0.8178560733795166 0.6232226490974426
vt 0.865203857421875 0.6218680739402771
vt 0.3171441853046417 0.19714094698429108
vt 0.32256826758384705 0.17608314752578735
vt 0.25488007068634033 0.1807626634836197
vt 0.26030418276786804 0.15958172082901
vt 0.1981530785560608 0.14320343732833862
vt 0.19261598587036133 0.16426123678684235
vt 0.18786989152431488 0.18236353993415833
vt 0.2501339912414551 0.19886498153209686
vt 0.24538791179656982 0.2173367291688919
vt 0.31239810585975647 0.21524326503276825
vt 0.3076520264148712 0.2337150126695633
vt 0.18312381207942963 0.20083528757095337
vt 0.17826472222805023 0.21943019330501556
vt 0.24052883684635162 0.2359316200017929
vt 0.23578274250030518 0.2545265257358551
vt 0.3027929365634918 0.2523099184036255
vt 0.2979338467121124 0.2709048092365265
vt 0.17351864278316498 0.23802508413791656
vt 0.16865955293178558 0.2564968466758728
vt 0.23092365264892578 0.27299827337265015
vt 0.22617757320404053 0.29134687781333923
vt 0.2931877672672272 0.28937655687332153
vt 0.2884416878223419 0.3077251613140106
vt 0.16391347348690033 0.2748454511165619
vt 0.15837638080120087 0.2962726652622223
vt 0.22064048051834106 0.3126509487628937
vt 0.28290456533432007 0.329152375459671
vt 0.7154762148857117 0.7182905673980713
vt 0.7149112224578857 0.7505545616149902
vt 0.6865476965904236 0.7179211378097534
vt 0.6859827041625977 0.7501851320266724
vt 0.6570541858673096 0.7498157024383545
vt 0.68564373254776 0.7824491262435913
vt 0.6568282246589661 0.7819565534591675
vt 0.6570541858673096 0.8138511180877686
vt 0.7145721912384033 0.7829416990280151
vt 0.7143462300300598 0.8148362636566162
vt 0.68564373254776 0.8143436908721924
vt 0.6859827041625977 0.8456225395202637
vt 0.6576192378997803 0.8450067639350891
vt 0.7142332196235657 0.8462382555007935
vt 0.7142332196235657 0.8771476149559021
vt 0.6864347457885742 0.8765318989753723
vt 0.6587492227554321 0.8759161829948425
vt 0.7160412669181824 0.6862728595733643
vt 0.6873387098312378 0.6860265731811523
vt 0.6884687542915344 0.6547477841377258
vt 0.6587492227554321 0.6857802867889404
vt 0.6602182388305664 0.6546246409416199
vt 0.6576192378997803 0.7176748514175415
vt 0.7167192697525024 0.6549940705299377
vt 0.7175102829933167 0.6239615082740784
vt 0.6898247599601746 0.6239615082740784
vt 0.6620262861251831 0.6238383650779724
vt 0.7273414731025696 0.07177933305501938
vt 0.7179622650146484 0.03643672168254852
vt 0.6603312492370605 0.08988165110349655
vt 0.6509521007537842 0.0545390360057354
vt 0.5839419364929199 0.07276449352502823
vt 0.5933210849761963 0.10798396170139313
vt 0.6025872230529785 0.1429571509361267
vt 0.6695974469184875 0.12485483288764954
vt 0.6786375641822815 0.159089133143425
vt 0.7366076111793518 0.10675251483917236
vt 0.7456477880477905 0.140986829996109
vt 0.6116273999214172 0.17719145119190216
vt 0.6197635531425476 0.2074851244688034
vt 0.6867737174034119 0.18938280642032623
vt 0.7537839412689209 0.17128048837184906
vt 0.13860101997852325 0.5245835185050964
vt 0.14526814222335815 0.4855465292930603
vt 0.20335116982460022 0.535912811756134
vt 0.21001829206943512 0.4967527389526367
vt 0.2747684419155121 0.5080820918083191
vt 0.21679840981960297 0.45746946334838867
vt 0.28154855966567993 0.4686756730079651
vt 0.28821566700935364 0.4297618567943573
vt 0.15193526446819305 0.4461401402950287
vt 0.15860238671302795 0.4072263240814209
vt 0.22346553206443787 0.4184325039386749
vt 0.22990664839744568 0.3807501494884491
vt 0.29465678334236145 0.3919563293457031
vt 0.16504348814487457 0.3694207966327667
vt 0.17080660164356232 0.3362948000431061
vt 0.2355567365884781 0.3475009799003601
vt 0.30030688643455505 0.3588303327560425
vt 0.13193391263484955 0.563127875328064
vt 0.19679705798625946 0.5744572281837463
vt 0.19035594165325165 0.6122627258300781
vt 0.2615472078323364 0.5856634378433228
vt 0.2551060914993286 0.6234689354896545
vt 0.268101304769516 0.5471190214157104
vt 0.12549279630184174 0.6009333729743958
vt 0.11984269320964813 0.634552001953125
vt 0.1845928430557251 0.6458812952041626
vt 0.24934299290180206 0.657087504863739
vt 0.20527221262454987 0.11561895161867142
vt 0.26753631234169006 0.1319972425699234
vt 0.2132953554391861 0.08446326851844788
vt 0.2755594551563263 0.10096470266580582
vt 0.2838085889816284 0.0691932886838913
vt 0.3378235399723053 0.1173429861664772
vt 0.3460727035999298 0.08557157218456268
vt 0.32980039715766907 0.14849866926670074
vt 0.32256826758384705 0.17608314752578735
vt 0.26030418276786804 0.15958172082901
vt 0.1981530785560608 0.14320343732833862
vt 0.22154448926448822 0.052691858261823654
vt 0.22990664839744568 0.02067415975034237
vt 0.2921707332134247 0.03717558830976486
vt 0.3544348478317261 0.05355387553572655
vt 0.2664062976837158 0.16684727370738983
vt 0.20165614783763885 0.15551793575286865
vt 0.26211220026016235 0.1919688582420349
vt 0.19736206531524658 0.18063952028751373
vt 0.19374600052833557 0.20194360613822937
vt 0.3311564326286316 0.17805346846580505
vt 0.3268623650074005 0.20317505300045013
vt 0.3232463002204895 0.22447913885116577
vt 0.25849613547325134 0.2131498008966446
vt 0.25488007068634033 0.23470017313957214
vt 0.1900169402360916 0.22337083518505096
vt 0.18628786504268646 0.24516749382019043
vt 0.25115102529525757 0.2564968466758728
vt 0.31590116024017334 0.26770302653312683
vt 0.24730895459651947 0.278539776802063
vt 0.31205910444259644 0.28986912965774536
vt 0.3083300292491913 0.31191208958625793
vt 0.1825588047504425 0.26733359694480896
vt 0.17882974445819855 0.28937655687332153
vt 0.24357987940311432 0.30058273673057556
vt 0.23985081911087036 0.32225626707077026
vt 0.30460095405578613 0.3334624469280243
vt 0.1751006692647934 0.3109269142150879
vt 0.17080660164356232 0.3362948000431061
vt 0.2355567365884781 0.3475009799003601
vt 0.30030688643455505 0.3588303327560425
vt 0.3196302354335785 0.24590636789798737
vt 0.7099391222000122 0.5796293020248413
vt 0.6980739235877991 0.5494588017463684
vt 0.7441787719726562 0.530863881111145
vt 0.6859827041625977 0.5189188122749329
vt 0.7320875525474548 0.5003239512443542
vt 0.7201093435287476 0.470030277967453
vt 0.7781923413276672 0.4818521738052368
vt 0.76621413230896 0.45155850052833557
vt 0.7902835607528687 0.5123921632766724
vt 0.8021487593650818 0.5425626635551453
vt 0.7560439705848694 0.5610344409942627
vt 0.7675701379776001 0.5902197957038879
vt 0.7214653491973877 0.6088146567344666
vt 0.8136749863624573 0.5717480182647705
vt 0.8238451480865479 0.597485363483429
vt 0.7777403593063354 0.6159570813179016
vt 0.7316355109214783 0.634552001953125
vt 0.6740044951438904 0.488625168800354
vt 0.6621392965316772 0.4584546387195587
vt 0.7082440853118896 0.43998289108276367
vt 0.7543489336967468 0.42138800024986267
vt 0.5929820537567139 -0.004939999897032976
vt 0.5929820537567139 0.028062859550118446
vt 0.6248486042022705 0.028062859550118446
vt 0.5929820537567139 0.06118886545300484
vt 0.6248486042022705 0.06118886545300484
vt 0.6567152142524719 0.06118886545300484
vt 0.6567152142524719 0.028062859550118446
vt 0.6567152142524719 -0.004939999897032976
vt 0.6248486042022705 -0.004939999897032976
vt 0.2355567365884781 0.3475009799003601
vt 0.17080660164356232 0.3362948000431061
vt 0.22990664839744568 0.3807501494884491
vt 0.16504348814487457 0.3694207966327667
vt 0.15860238671302795 0.4072263240814209
vt 0.30030688643455505 0.3588303327560425
vt 0.29465678334236145 0.3919563293457031
vt 0.28821566700935364 0.4297618567943573
vt 0.22346553206443787 0.4184325039386749
vt 0.21679840981960297 0.45746946334838867
vt 0.15193526446819305 0.4461401402950287
vt 0.14526814222335815 0.4855465292930603
vt 0.21001829206943512 0.4967527389526367
vt 0.2747684419155121 0.5080820918083191
vt 0.20335116982460022 0.535912811756134
vt 0.268101304769516 0.5471190214157104
vt 0.2615472078323364 0.5856634378433228
vt 0.13860101997852325 0.5245835185050964
vt 0.13193391263484955 0.563127875328064
vt 0.19679705798625946 0.5744572281837463
vt 0.19035594165325165 0.6122627258300781
vt 0.2551060914993286 0.6234689354896545
vt 0.12549279630184174 0.6009333729743958
vt 0.11984269320964813 0.634552001953125
vt 0.1845928430557251 0.6458812952041626
vt 0.24934299290180206 0.657087504863739
vt 0.28154855966567993 0.4686756730079651
vt 0.6980739235877991 0.5494588017463684
vt 0.7099391222000122 0.5796293020248413
vt 0.7441787719726562 0.530863881111145
vt 0.7560439705848694 0.5610344409942627
vt 0.8021487593650818 0.5425626635551453
vt 0.7675701379776001 0.5902197957038879
vt 0.8136749863624573 0.5717480182647705
vt 0.8238451480865479 0.597485363483429
vt 0.7214653491973877 0.6088146567344666
vt 0.7316355109214783 0.634552001953125
vt 0.7777403593063354 0.6159570813179016
vt 0.6859827041625977 0.5189188122749329
vt 0.7320875525474548 0.5003239512443542
vt 0.7201093435287476 0.470030277967453
vt 0.7781923413276672 0.4818521738052368
vt 0.76621413230896 0.45155850052833557
vt 0.7902835607528687 0.5123921632766724
vt 0.6740044951438904 0.488625168800354
vt 0.6621392965316772 0.4584546387195587
vt 0.7082440853118896 0.43998289108276367
vt 0.7543489336967468 0.42138800024986267
vt 0.5042755007743835 0.6719880700111389
vt 0.5040494799613953 0.691321849822998
vt 0.5011114478111267 0.6910755634307861
vt 0.5039364695549011 0.7105324268341064
vt 0.5009984374046326 0.7104092836380005
vt 0.4980603754520416 0.7102861404418945
vt 0.49817338585853577 0.6909524202346802
vt 0.4982863962650299 0.671618640422821
vt 0.5012244582176208 0.671864926815033
vt 0.4867601990699768 0.6712492108345032
vt 0.48664718866348267 0.6905829310417175
vt 0.48382213711738586 0.6905829310417175
vt 0.48664718866348267 0.7099167108535767
vt 0.48382213711738586 0.7099167108535767
vt 0.48099708557128906 0.7097935676574707
vt 0.48099708557128906 0.6904597878456116
vt 0.48099708557128906 0.6712492108345032
vt 0.48393514752388 0.6712492108345032
vt 0.6792026162147522 0.46621277928352356
vt 0.6760385632514954 0.4982304573059082
vt 0.7081311345100403 0.46596649289131165
vt 0.7027069926261902 0.4979841709136963
vt 0.7293754816055298 0.4977378845214844
vt 0.6977348923683167 0.5301250219345093
vt 0.7237253785133362 0.5298787355422974
vt 0.7201093435287476 0.5617733001708984
vt 0.6717444658279419 0.5302481651306152
vt 0.6674503684043884 0.5620195865631104
vt 0.6937798261642456 0.5618964433670044
vt 0.691406786441803 0.5930521488189697
vt 0.7183012962341309 0.5930521488189697
vt 0.6643993258476257 0.5930521488189697
vt 0.6620262861251831 0.6238383650779724
vt 0.6898247599601746 0.6239615082740784
vt 0.7175102829933167 0.6239615082740784
vt 0.6830446720123291 0.43444135785102844
vt 0.7137811779975891 0.43419507145881653
vt 0.7195442914962769 0.4030393958091736
vt 0.744630753993988 0.43382564187049866
vt 0.7499418258666992 0.4026699364185333
vt 0.7369466423988342 0.4655970335006714
vt 0.6891467571258545 0.40340882539749146
vt 0.6936668753623962 0.37274572253227234
vt 0.722934365272522 0.3722531497478485
vt 0.7593210339546204 0.3793955445289612
vt 0.48099708557128906 0.7097935676574707
vt 0.48382213711738586 0.7099167108535767
vt 0.48382213711738586 0.6905829310417175
vt 0.48664718866348267 0.7099167108535767
vt 0.48664718866348267 0.6905829310417175
vt 0.4867601990699768 0.6712492108345032
vt 0.48393514752388 0.6712492108345032
vt 0.48099708557128906 0.6712492108345032
vt 0.48099708557128906 0.6904597878456116
vt 0.5929820537567139 0.06118886545300484
vt 0.5929820537567139 0.028062859550118446
vt 0.6248486042022705 0.028062859550118446
vt 0.5929820537567139 -0.004939999897032976
vt 0.6248486042022705 -0.004939999897032976
vt 0.6567152142524719 -0.004939999897032976
vt 0.6567152142524719 0.028062859550118446
vt 0.6567152142524719 0.06118886545300484
vt 0.6248486042022705 0.06118886545300484
vt 0.48947224020957947 0.7099167108535767
vt 0.49218428134918213 0.7100398540496826
vt 0.48947224020957947 0.6907061338424683
vt 0.49229729175567627 0.6907061338424683
vt 0.4924103021621704 0.6713723540306091
vt 0.4895852506160736 0.6713723540306091
vt 0.4867601990699768 0.6712492108345032
vt 0.48664718866348267 0.6905829310417175
vt 0.48664718866348267 0.7099167108535767
vt 0.693440854549408 0.15194672346115112
vt 0.6874517202377319 0.1829792708158493
vt 0.7220303416252136 0.15293188393115997
vt 0.71638023853302 0.18359500169754028
vt 0.7447437644004822 0.18421071767807007
vt 0.7081311345100403 0.2151201218366623
vt 0.7376246452331543 0.2153664082288742
vt 0.733443558216095 0.24701467156410217
vt 0.7671181559562683 0.21561269462108612
vt 0.7646321058273315 0.24713781476020813
vt 0.7955946326255798 0.24713781476020813
vt 0.7671181559562683 0.27866294980049133
vt 0.7966116666793823 0.27866294980049133
vt 0.798984706401825 0.3100649118423462
vt 0.8258792161941528 0.2790323793888092
vt 0.8270092010498047 0.310680627822876
vt 0.8555986881256104 0.31154265999794006
vt 0.828478217124939 0.34171316027641296
vt 0.8560507297515869 0.34282147884368896
vt 0.8562767505645752 0.37360772490501404
vt 0.8548076748847961 0.2794018089771271
vt 0.8543556928634644 0.24701467156410217
vt 0.825201153755188 0.24701467156410217
vt 0.8257662057876587 0.2151201218366623
vt 0.7966116666793823 0.21561269462108612
vt 0.7987586855888367 0.18445700407028198
vt 0.7717512249946594 0.18458016216754913
vt 0.7755932807922363 0.15416334569454193
vt 0.7497158646583557 0.1536707580089569
vt 0.7519758939743042 0.12337709218263626
vt 0.724177360534668 0.12239193171262741
vt 0.8546947240829468 0.2145043909549713
vt 0.8552597165107727 0.18236353993415833
vt 0.8267831802368164 0.18359500169754028
vt 0.827913224697113 0.15268559753894806
vt 0.8012447357177734 0.15391704440116882
vt 0.8027137517929077 0.12374652177095413
vt 0.7776273488998413 0.12399281561374664
vt 0.695361852645874 0.1212836280465126
vt 0.6787505745887756 0.21462753415107727
vt 0.6735525131225586 0.24676838517189026
vt 0.7032720446586609 0.24689152836799622
vt 0.707905113697052 0.2787860929965973
vt 0.737398624420166 0.27866294980049133
vt 0.7444047331809998 0.31018805503845215
vt 0.7717512249946594 0.30994176864624023
vt 0.7755932807922363 0.34085115790367126
vt 0.8014707565307617 0.3409743010997772
vt 0.797741711139679 0.37890297174453735
vt 0.8297212719917297 0.3724994361400604
vt 0.678411602973938 0.27890923619270325
vt 0.686886727809906 0.310680627822876
vt 0.7159282565116882 0.31043434143066406
vt 0.7213523387908936 0.34146687388420105
vt 0.7492638230323792 0.3410974442958832
vt 0.7593210339546204 0.3793955445289612
vt 0.7790963649749756 0.3713911175727844
vt 0.722934365272522 0.3722531497478485
vt 0.6936668753623962 0.37274572253227234
vt 0.6924238204956055 0.34195947647094727
vt 0.828478217124939 0.12226878851652145
vt 0.8545817136764526 0.1201753169298172
vt 0.8551467061042786 0.15108472108840942
vt 0.7142332196235657 0.9081801772117615
vt 0.7142332196235657 0.8771476149559021
vt 0.6872257590293884 0.9074413180351257
vt 0.6864347457885742 0.8765318989753723
vt 0.6587492227554321 0.8759161829948425
vt 0.6602182388305664 0.90670245885849
vt 0.6624783277511597 0.9378581047058105
vt 0.6888077855110168 0.9385969638824463
vt 0.6918588280677795 0.9704915285110474
vt 0.715137243270874 0.9394590258598328
vt 0.7178492546081543 0.9714767336845398
vt 0.6659813523292542 0.9696295261383057
vt 0.6699364185333252 1.0017703771591187
vt 0.6958138942718506 1.0027555227279663
vt 0.7215783596038818 1.003740668296814
vt 0.8249751925468445 0.9062098264694214
vt 0.8244101405143738 0.9374886751174927
vt 0.8676899075508118 0.904608964920044
vt 0.8623788356781006 0.9356415271759033
vt 0.9003475308418274 0.9339174628257751
vt 0.857406735420227 0.9672897458076477
vt 0.8911943435668945 0.9653194546699524
vt 0.8826062083244324 0.9969677329063416
vt 0.8236191272735596 0.9693832397460938
vt 0.8228281140327454 1.0015240907669067
vt 0.8527736663818359 0.9993074536323547
vt 0.825201153755188 0.8754236102104187
vt 0.8725489974021912 0.8739458918571472
vt 0.9198968410491943 0.872344970703125
vt 0.9104046821594238 0.9030081033706665
vt 0.49229729175567627 0.6907061338424683
vt 0.49218428134918213 0.7100398540496826
vt 0.4952353239059448 0.6908292770385742
vt 0.49512234330177307 0.7101629972457886
vt 0.4980603754520416 0.7102861404418945
vt 0.49817338585853577 0.6909524202346802
vt 0.4982863962650299 0.671618640422821
vt 0.49534833431243896 0.6714954972267151
vt 0.4924103021621704 0.6713723540306091
vt 0.20527221262454987 0.11561895161867142
vt 0.2132953554391861 0.08446326851844788
vt 0.26753631234169006 0.1319972425699234
vt 0.2755594551563263 0.10096470266580582
vt 0.3378235399723053 0.1173429861664772
vt 0.2838085889816284 0.0691932886838913
vt 0.3460727035999298 0.08557157218456268
vt 0.3544348478317261 0.05355387553572655
vt 0.22154448926448822 0.052691858261823654
vt 0.22990664839744568 0.02067415975034237
vt 0.2921707332134247 0.03717558830976486
vt 0.1981530785560608 0.14320343732833862
vt 0.26030418276786804 0.15958172082901
vt 0.32256826758384705 0.17608314752578735
vt 0.32980039715766907 0.14849866926670074
vt 0.8725489974021912 0.8739458918571472
vt 0.9198968410491943 0.872344970703125
vt 0.8760520815849304 0.8430364727973938
vt 0.9267899990081787 0.8415587544441223
vt 0.9310840368270874 0.810279905796051
vt 0.825201153755188 0.8754236102104187
vt 0.825201153755188 0.8445141911506653
vt 0.8249751925468445 0.8132354021072388
vt 0.8779731392860413 0.8117576241493225
vt 0.878425121307373 0.7798630595207214
vt 0.9325530529022217 0.778262197971344
vt 0.932214081287384 0.745998203754425
vt 0.8778601288795471 0.7475990653038025
vt 0.8235061764717102 0.7491999864578247
vt 0.8766170740127563 0.7153351306915283
vt 0.8224891424179077 0.7170591354370117
vt 0.8211330771446228 0.6851645708084106
vt 0.9307450652122498 0.7137342095375061
vt 0.9273549914360046 0.681839644908905
vt 0.8742440342903137 0.6835637092590332
vt 0.8704019784927368 0.6524080038070679
vt 0.8196640610694885 0.6540088653564453
vt 0.9211398959159851 0.6509302854537964
vt 0.9124387502670288 0.6205134391784668
vt 0.865203857421875 0.6218680739402771
vt 0.8178560733795166 0.6232226490974426
vt 0.8242971897125244 0.7814639806747437
vt 0.49817338585853577 0.6909524202346802
vt 0.4980603754520416 0.7102861404418945
vt 0.5011114478111267 0.6910755634307861
vt 0.5009984374046326 0.7104092836380005
vt 0.5039364695549011 0.7105324268341064
vt 0.5040494799613953 0.691321849822998
vt 0.5042755007743835 0.6719880700111389
vt 0.5012244582176208 0.671864926815033
vt 0.4982863962650299 0.671618640422821
vt 0.6587492227554321 0.6857802867889404
vt 0.6576192378997803 0.7176748514175415
vt 0.6865476965904236 0.7179211378097534
vt 0.6570541858673096 0.7498157024383545
vt 0.6859827041625977 0.7501851320266724
vt 0.68564373254776 0.7824491262435913
vt 0.7149112224578857 0.7505545616149902
vt 0.7145721912384033 0.7829416990280151
vt 0.7154762148857117 0.7182905673980713
vt 0.7160412669181824 0.6862728595733643
vt 0.6873387098312378 0.6860265731811523
vt 0.6884687542915344 0.6547477841377258
vt 0.6602182388305664 0.6546246409416199
vt 0.7167192697525024 0.6549940705299377
vt 0.7175102829933167 0.6239615082740784
vt 0.6898247599601746 0.6239615082740784
vt 0.6620262861251831 0.6238383650779724
vt 0.6568282246589661 0.7819565534591675
vt 0.6570541858673096 0.8138511180877686
vt 0.68564373254776 0.8143436908721924
vt 0.6859827041625977 0.8456225395202637
vt 0.7143462300300598 0.8148362636566162
vt 0.7142332196235657 0.8462382555007935
vt 0.6576192378997803 0.8450067639350891
vt 0.6587492227554321 0.8759161829948425
vt 0.6864347457885742 0.8765318989753723
vt 0.7142332196235657 0.8771476149559021
vt 0.7227083444595337 0.37693265080451965
vt 0.7084701061248779 0.380996435880661
vt 0.7169452905654907 0.4106743633747101
vt 0.6943448781967163 0.3851833641529083
vt 0.7028200030326843 0.41473814845085144
vt 0.7121991515159607 0.44798731803894043
vt 0.7263244390487671 0.4439235329627991
vt 0.7405626773834229 0.4398597478866577
vt 0.7360426187515259 0.47778838872909546
vt 0.7501678466796875 0.4737246036529541
vt 0.7598860263824463 0.5080820918083191
vt 0.7219173312187195 0.4818521738052368
vt 0.7316355109214783 0.5163328051567078
vt 0.7457607984542847 0.5121458768844604
vt 0.7555919289588928 0.5468727350234985
vt 0.7697172164916992 0.5428089499473572
vt 0.7414667010307312 0.5509365200996399
vt 0.75118488073349 0.5851708650588989
vt 0.7653101086616516 0.5811070799827576
vt 0.7748022675514221 0.6143562197685242
vt 0.7795483469963074 0.5770432949066162
vt 0.7889275550842285 0.6102924346923828
vt 0.7310705184936523 0.40648743510246277
vt 0.7606770396232605 0.6184200048446655
vt 0.768926203250885 0.6476053595542908
vt 0.7830514311790466 0.6435415744781494
vt 0.7971766591072083 0.6394777894020081
vt 0.3368065357208252 0.1449274718761444
vt 0.3311564326286316 0.17805346846580505
vt 0.2720564007759094 0.1337212771177292
vt 0.2664062976837158 0.16684727370738983
vt 0.20165614783763885 0.15551793575286865
vt 0.20730623602867126 0.12239193171262741
vt 0.21374735236167908 0.08470956236124039
vt 0.27849748730659485 0.09591575711965561
vt 0.28516462445259094 0.057001933455467224
vt 0.34336066246032715 0.10724509507417679
vt 0.3499147593975067 0.0683312714099884
vt 0.22041447460651398 0.045795738697052
vt 0.22719459235668182 0.00614304980263114
vt 0.2919447422027588 0.017472390085458755
vt 0.35669487714767456 0.028678584843873978
vt 0.8077988624572754 0.7845426201820374
vt 0.8141269683837891 0.8065855503082275
vt 0.821924090385437 0.780478835105896
vt 0.8282522559165955 0.8025217652320862
vt 0.8423774838447571 0.7984579801559448
vt 0.8361623883247375 0.7764150500297546
vt 0.8308512568473816 0.7576969861984253
vt 0.8166130185127258 0.7617607712745667
vt 0.8113019466400146 0.7427964210510254
vt 0.8024877905845642 0.765824556350708
vt 0.7971766591072083 0.7469833493232727
vt 0.8254271745681763 0.738732635974884
vt 0.820003092288971 0.7196452021598816
vt 0.8058778643608093 0.723708987236023
vt 0.8003407120704651 0.7042520642280579
vt 0.7917525768280029 0.7277727723121643
vt 0.7862154841423035 0.7083158493041992
vt 0.780678391456604 0.6888589262962341
vt 0.7948036193847656 0.6847951412200928
vt 0.7893795371055603 0.6658307909965515
vt 0.808928906917572 0.6807313561439514
vt 0.8035047650337219 0.6617670059204102
vt 0.8144659996032715 0.7001882791519165
vt 0.7752543091773987 0.6698945760726929
vt 0.768926203250885 0.6476053595542908
vt 0.7830514311790466 0.6435415744781494
vt 0.7971766591072083 0.6394777894020081
vt 0.19883109629154205 0.9530049562454224
vt 0.2053852081298828 0.9144605994224548
vt 0.13396795094013214 0.94167560338974
vt 0.14063505828380585 0.9031312465667725
vt 0.07577191293239594 0.891925036907196
vt 0.14707617461681366 0.8653256893157959
vt 0.08232603222131729 0.8541195392608643
vt 0.0879761278629303 0.820624053478241
vt 0.21182632446289062 0.8766550421714783
vt 0.21758942306041718 0.8431596159934998
vt 0.15272627770900726 0.8318302631378174
vt 0.19216397404670715 0.9919188022613525
vt 0.1274138242006302 0.9805894494056702
vt 0.06255067884922028 0.9693832397460938
vt 0.06921780109405518 0.9304693937301636
vt 0.8715320229530334 0.7180442810058594
vt 0.8649778962135315 0.701542854309082
vt 0.8253141641616821 0.7365160584449768
vt 0.8188730478286743 0.7201377749443054
vt 0.7727682590484619 0.7386094927787781
vt 0.8123189210891724 0.7033900618553162
vt 0.76621413230896 0.7219849228858948
vt 0.7595469951629639 0.7051140666007996
vt 0.8584237694740295 0.6849182844161987
vt 0.8517566323280334 0.6680474281311035
vt 0.805651843547821 0.6865191459655762
vt 0.7988716959953308 0.669402003288269
vt 0.7527669072151184 0.6879969239234924
vt 0.844976544380188 0.6509302854537964
vt 0.8381963968276978 0.6338131427764893
vt 0.7920916080474854 0.6524080038070679
vt 0.7855374813079834 0.6356602907180786
vt 0.7459867596626282 0.6708797812461853
vt 0.7394326329231262 0.654132068157196
vt 0.7792093753814697 0.7551109194755554
vt 0.7868934869766235 0.7745678424835205
vt 0.8329983353614807 0.7559729814529419
vt 0.8792161345481873 0.7375012040138245
vt 0.7316355109214783 0.634552001953125
vt 0.7777403593063354 0.6159570813179016
vt 0.8238451480865479 0.597485363483429
vt 0.8316422700881958 0.6170653700828552
vt 0.6389738917350769 0.08236980438232422
vt 0.6248486042022705 0.08643358945846558
vt 0.6345667839050293 0.12079104781150818
vt 0.6107233762741089 0.09062051773071289
vt 0.6204415559768677 0.12485483288764954
vt 0.6300467252731323 0.15871970355510712
vt 0.644171953201294 0.15465591847896576
vt 0.6582972407341003 0.1505921334028244
vt 0.6536641716957092 0.18790507316589355
vt 0.6677893996238708 0.1838412880897522
vt 0.6761515140533447 0.21327294409275055
vt 0.6395388841629028 0.1919688582420349
vt 0.6479010581970215 0.22152365744113922
vt 0.6620262861251831 0.2173367291688919
vt 0.6486920714378357 0.11660411208868027
vt 0.24493591487407684 0.6831942796707153
vt 0.24109384417533875 0.7054834961891174
vt 0.18007275462150574 0.671864926815033
vt 0.17634369432926178 0.6941541433334351
vt 0.11148054897785187 0.6829479932785034
vt 0.17250162363052368 0.7165665626525879
vt 0.10775148123502731 0.7053603529930115
vt 0.10379640758037567 0.7278959155082703
vt 0.23725177347660065 0.7278959155082703
vt 0.23340970277786255 0.7504314184188843
vt 0.16865955293178558 0.7391020655632019
vt 0.16470448672771454 0.7617607712745667
vt 0.09995434433221817 0.7505545616149902
vt 0.22956763207912445 0.773090124130249
vt 0.22572556138038635 0.7955024838447571
vt 0.16097542643547058 0.7841731309890747
vt 0.15713335573673248 0.8062161207199097
vt 0.09611227363348007 0.7729669809341431
vt 0.09238320589065552 0.7948867678642273
vt 0.24934299290180206 0.657087504863739
vt 0.1845928430557251 0.6458812952041626
vt 0.11984269320964813 0.634552001953125
vt 0.11532261222600937 0.6606587171554565
vt 0.22188350558280945 0.8174223303794861
vt 0.21758942306041718 0.8431596159934998
vt 0.15272627770900726 0.8318302631378174
vt 0.0879761278629303 0.820624053478241
vt 0.6879037618637085 0.36227840185165405
vt 0.7020289897918701 0.3582146167755127
vt 0.6822536587715149 0.34257519245147705
vt 0.6964918971061707 0.3385114073753357
vt 0.690841794013977 0.3188081979751587
vt 0.7106171250343323 0.33444762229919434
vt 0.7049670219421387 0.31474441289901733
vt 0.7161542773246765 0.3540276885032654
vt 0.7227083444595337 0.37693265080451965
vt 0.7084701061248779 0.380996435880661
vt 0.6943448781967163 0.3851833641529083
vt 0.6767165660858154 0.32287198305130005
vt 0.6710664629936218 0.3030456304550171
vt 0.6851916909217834 0.29898184537887573
vt 0.6993169784545898 0.2949180603027344
vt 0.6795415878295898 0.2790323793888092
vt 0.6936668753623962 0.27496859431266785
vt 0.688129723072052 0.25526538491249084
vt 0.6654163599014282 0.2832193076610565
vt 0.6597662568092346 0.26339295506477356
vt 0.6740044951438904 0.2593291699886322
vt 0.6684674024581909 0.23999540507793427
vt 0.6825926303863525 0.2359316200017929
vt 0.6761515140533447 0.21327294409275055
vt 0.6620262861251831 0.2173367291688919
vt 0.6479010581970215 0.22152365744113922
vt 0.6543421745300293 0.24405919015407562
vt 0.9307450652122498 0.7137342095375061
vt 0.932214081287384 0.745998203754425
vt 0.8766170740127563 0.7153351306915283
vt 0.8778601288795471 0.7475990653038025
vt 0.8235061764717102 0.7491999864578247
vt 0.878425121307373 0.7798630595207214
vt 0.8242971897125244 0.7814639806747437
vt 0.8249751925468445 0.8132354021072388
vt 0.9325530529022217 0.778262197971344
vt 0.9310840368270874 0.810279905796051
vt 0.8779731392860413 0.8117576241493225
vt 0.8760520815849304 0.8430364727973938
vt 0.825201153755188 0.8445141911506653
vt 0.9267899990081787 0.8415587544441223
vt 0.9198968410491943 0.872344970703125
vt 0.8725489974021912 0.8739458918571472
vt 0.825201153755188 0.8754236102104187
vt 0.9273549914360046 0.681839644908905
vt 0.8742440342903137 0.6835637092590332
vt 0.8704019784927368 0.6524080038070679
vt 0.8211330771446228 0.6851645708084106
vt 0.8196640610694885 0.6540088653564453
vt 0.8224891424179077 0.7170591354370117
vt 0.9211398959159851 0.6509302854537964
vt 0.9124387502670288 0.6205134391784668
vt 0.865203857421875 0.6218680739402771
vt 0.8178560733795166 0.6232226490974426
vt 0.6420249342918396 0.13716933131217957
vt 0.6301597356796265 0.10699880868196487
vt 0.5959201455116272 0.15576422214508057
vt 0.5840548872947693 0.12559370696544647
vt 0.5379500985145569 0.14406545460224152
vt 0.54981529712677 0.1742359697818756
vt 0.5617935061454773 0.2044064998626709
vt 0.6078983545303345 0.1858116090297699
vt 0.6540031433105469 0.16733986139297485
vt 0.5067615509033203 0.7106555700302124
vt 0.5094735622406006 0.7109018564224243
vt 0.5068745613098145 0.691444993019104
vt 0.5096995830535889 0.69156813621521
vt 0.5099256038665771 0.6723574995994568
vt 0.5069875717163086 0.6722343564033508
vt 0.5042755007743835 0.6719880700111389
vt 0.5040494799613953 0.691321849822998
vt 0.5039364695549011 0.7105324268341064
vt 0.5099256038665771 0.6723574995994568
vt 0.5096995830535889 0.69156813621521
vt 0.5068745613098145 0.691444993019104
vt 0.5094735622406006 0.7109018564224243
vt 0.5067615509033203 0.7106555700302124
vt 0.5039364695549011 0.7105324268341064
vt 0.5040494799613953 0.691321849822998
vt 0.5042755007743835 0.6719880700111389
vt 0.5069875717163086 0.6722343564033508
vt 0.8343543410301208 0.4748329222202301
vt 0.8249751925468445 0.43949031829833984
vt 0.7579649686813354 0.45759260654449463
vt 0.8157089948654175 0.40451711416244507
vt 0.7486988306045532 0.42261943221092224
vt 0.7395456433296204 0.3883851170539856
vt 0.681688666343689 0.4407217502593994
vt 0.6725354790687561 0.40648743510246277
vt 0.6909548044204712 0.4756949245929718
vt 0.7003339529037476 0.511160671710968
vt 0.7673441767692566 0.4929352402687073
vt 0.7768363356590271 0.5286473035812378
vt 0.8438464999198914 0.5105449557304382
vt 0.7098261117935181 0.5467495918273926
vt 0.7192053198814392 0.5820922255516052
vt 0.7862154841423035 0.5639898777008057
vt 0.7952556610107422 0.5981010794639587
vt 0.8532256484031677 0.5458875894546509
vt 0.8622658252716064 0.5799987316131592
vt 0.8065558671951294 0.3702828288078308
vt 0.7985327243804932 0.3398660123348236
vt 0.7315225005149841 0.3579683005809784
vt 0.6645123362541199 0.37607061862945557
vt 0.7282454371452332 0.6163265109062195
vt 0.7362685799598694 0.6463739275932312
vt 0.8032788038253784 0.6282715797424316
vt 0.8702889680862427 0.6101692914962769
vt 0.643606960773468 0.07769029587507248
vt 0.6753605008125305 0.06845442205667496
vt 0.6537771224975586 0.11327920109033585
vt 0.6854177117347717 0.10404332727193832
vt 0.695361852645874 0.1390165090560913
vt 0.6119664311408997 0.08680302649736404
vt 0.6220235824584961 0.12239193171262741
vt 0.6319677829742432 0.1573651134967804
vt 0.6637213230133057 0.14825238287448883
vt 0.6733264923095703 0.1821172535419464
vt 0.7050800323486328 0.17300452291965485
vt 0.7135552167892456 0.20280560851097107
vt 0.6818016171455383 0.21191833913326263
vt 0.6500480771064758 0.22115421295166016
vt 0.6415729522705078 0.19135312736034393
vt 0.6842876672744751 0.34146687388420105
vt 0.6786375641822815 0.3216405510902405
vt 0.7102781534194946 0.31240466237068176
vt 0.6729874610900879 0.30169105529785156
vt 0.704628050327301 0.2925783097743988
vt 0.6990909576416016 0.27299827337265015
vt 0.7363815903663635 0.2833424508571625
vt 0.7308444976806641 0.26376238465309143
vt 0.7420316934585571 0.3032919466495514
vt 0.7476817965507507 0.32311826944351196
vt 0.7159282565116882 0.3322310149669647
vt 0.7214653491973877 0.3516879081726074
vt 0.6898247599601746 0.3608006536960602
vt 0.7532188892364502 0.3424520492553711
vt 0.759660005569458 0.3652338683605194
vt 0.7279064655303955 0.3744697570800781
vt 0.6962658762931824 0.3835824728012085
vt 0.6674503684043884 0.2821109890937805
vt 0.661913275718689 0.2627772390842438
vt 0.6936668753623962 0.253664493560791
vt 0.6882427334785461 0.2345770299434662
vt 0.7253074049949646 0.2444286197423935
vt 0.7198833227157593 0.22534115612506866
vt 0.6564891934394836 0.24368976056575775
vt 0.6500480771064758 0.22115421295166016
vt 0.6818016171455383 0.21191833913326263
vt 0.7135552167892456 0.20280560851097107
vt 0.631176769733429 0.25070902705192566
vt 0.6366008520126343 0.27102795243263245
vt 0.7036110162734985 0.2529256343841553
vt 0.6420249342918396 0.2914700210094452
vt 0.7090350985527039 0.273367702960968
vt 0.714459240436554 0.29380977153778076
vt 0.7760453224182129 0.25526538491249084
vt 0.7814694046974182 0.2757074534893036
vt 0.7706212401390076 0.2348233163356781
vt 0.7651970982551575 0.2145043909549713
vt 0.6981869339942932 0.2326067090034485
vt 0.692875862121582 0.21265721321105957
vt 0.625865638256073 0.23075953125953674
vt 0.7598860263824463 0.1945548951625824
vt 0.7537839412689209 0.17128048837184906
vt 0.6867737174034119 0.18938280642032623
vt 0.6197635531425476 0.2074851244688034
vt 0.6474490165710449 0.31191208958625793
vt 0.6528730988502502 0.3322310149669647
vt 0.7198833227157593 0.31412869691848755
vt 0.7251943945884705 0.3343244791030884
vt 0.7868934869766235 0.2960263788700104
vt 0.7922046184539795 0.3162221610546112
vt 0.6581842303276062 0.35242679715156555
vt 0.6645123362541199 0.37607061862945557
vt 0.7315225005149841 0.3579683005809784
vt 0.7985327243804932 0.3398660123348236
vt 0.695361852645874 0.1212836280465126
vt 0.724177360534668 0.12239193171262741
vt 0.7218043208122253 0.09185197204351425
vt 0.7519758939743042 0.12337709218263626
vt 0.7505068778991699 0.09296027570962906
vt 0.7768363356590271 0.0936991423368454
vt 0.7466647624969482 0.06217402592301369
vt 0.774124264717102 0.06291289627552032
vt 0.7707341909408569 0.03126462921500206
vt 0.8006797432899475 0.06266660243272781
vt 0.7997757196426392 0.031018339097499847
vt 0.8281392455101013 0.02929431013762951
vt 0.7990977168083191 -0.0009993599960580468
vt 0.8297212719917297 -0.0026002449449151754
vt 0.7776273488998413 0.12399281561374664
vt 0.8027137517929077 0.12374652177095413
vt 0.8020357489585876 0.09345285594463348
vt 0.8278002142906189 0.0917288213968277
vt 0.8273482322692871 0.06081942841410637
vt 0.8539037108421326 0.05835653096437454
vt 0.8562767505645752 0.026831410825252533
vt 0.6917458176612854 0.09049737453460693
vt 0.6867737174034119 0.05946483463048935
vt 0.7171712517738342 0.060942575335502625
vt 0.7128772139549255 0.02929431013762951
vt 0.7415797114372253 0.03052576072514057
vt 0.7360426187515259 -0.0014919399982318282
vt 0.7670051455497742 -0.0007530699949711561
vt 0.684174656867981 0.027816569432616234
vt 0.682931661605835 -0.00407798495143652
vt 0.7085831165313721 -0.0027233900036662817
vt 0.8537907004356384 0.08938907086849213
vt 0.8545817136764526 0.1201753169298172
vt 0.828478217124939 0.12226878851652145
vt 0.8595538139343262 -0.004939999897032976
vt 0.8467845320701599 0.7919312715530396
vt 0.913794755935669 0.7738289833068848
vt 0.8407954573631287 0.7692726254463196
vt 0.9076926112174988 0.7510471343994141
vt 0.9026075601577759 0.7318365573883057
vt 0.7797743678092957 0.8100336194038391
vt 0.7737852931022644 0.7873749136924744
vt 0.7685871720314026 0.76804119348526
vt 0.8355973362922668 0.7499388456344604
vt 0.830512285232544 0.7304819226264954
vt 0.8974094390869141 0.7123796343803406
vt 0.892211377620697 0.6926764249801636
vt 0.825201153755188 0.7107787132263184
vt 0.7581909894943237 0.7288810610771179
vt 0.8198900818824768 0.6907061338424683
vt 0.7528799176216125 0.708808422088623
vt 0.7475687861442566 0.6888589262962341
vt 0.8869002461433411 0.6726037859916687
vt 0.8815891742706299 0.6526542901992798
vt 0.8145790100097656 0.6707566380500793
vt 0.8093808889389038 0.6511765718460083
vt 0.7423707246780396 0.6692788600921631
vt 0.8763911128044128 0.6330742239952087
vt 0.8702889680862427 0.6101692914962769
vt 0.8032788038253784 0.6282715797424316
vt 0.7362685799598694 0.6463739275932312
vt 0.7635020613670349 0.7485842704772949
vt 0.1569073498249054 0.5582020878791809
vt 0.2191714495420456 0.5747035145759583
vt 0.15148325264453888 0.5791367292404175
vt 0.21374735236167908 0.5955150127410889
vt 0.20911426842212677 0.6133710741996765
vt 0.0946432501077652 0.5418238043785095
vt 0.08921915292739868 0.5626353025436401
vt 0.08458606898784637 0.580491304397583
vt 0.14685016870498657 0.5968695878982544
vt 0.14210408926010132 0.6150950789451599
vt 0.20436818897724152 0.6314733624458313
vt 0.1997351050376892 0.649698793888092
vt 0.137471005320549 0.6331973671913147
vt 0.07520690560340881 0.6168190836906433
vt 0.13272492587566376 0.6511765718460083
vt 0.0705738216638565 0.634675145149231
vt 0.0659407377243042 0.6524080038070679
vt 0.19498902559280396 0.6675548553466797
vt 0.1904689371585846 0.6852877140045166
vt 0.1282048374414444 0.6689094305038452
vt 0.12368476390838623 0.6862728595733643
vt 0.061420660465955734 0.6698945760726929
vt 0.18594886362552643 0.7027742862701416
vt 0.1805247664451599 0.723462700843811
vt 0.11826066672801971 0.7069612741470337
vt 0.05599656328558922 0.6905829310417175
vt 0.07995298504829407 0.5985936522483826
vt 0.693440854549408 0.15194672346115112
vt 0.695361852645874 0.1212836280465126
vt 0.7220303416252136 0.15293188393115997
vt 0.724177360534668 0.12239193171262741
vt 0.7519758939743042 0.12337709218263626
vt 0.6874517202377319 0.1829792708158493
vt 0.71638023853302 0.18359500169754028
vt 0.7081311345100403 0.2151201218366623
vt 0.7447437644004822 0.18421071767807007
vt 0.7376246452331543 0.2153664082288742
vt 0.7671181559562683 0.21561269462108612
vt 0.733443558216095 0.24701467156410217
vt 0.7646321058273315 0.24713781476020813
vt 0.7671181559562683 0.27866294980049133
vt 0.7955946326255798 0.24713781476020813
vt 0.7966116666793823 0.27866294980049133
vt 0.8258792161941528 0.2790323793888092
vt 0.798984706401825 0.3100649118423462
vt 0.8270092010498047 0.310680627822876
vt 0.828478217124939 0.34171316027641296
vt 0.8555986881256104 0.31154265999794006
vt 0.8560507297515869 0.34282147884368896
vt 0.8014707565307617 0.3409743010997772
vt 0.7755932807922363 0.34085115790367126
vt 0.7717512249946594 0.30994176864624023
vt 0.7444047331809998 0.31018805503845215
vt 0.737398624420166 0.27866294980049133
vt 0.707905113697052 0.2787860929965973
vt 0.7032720446586609 0.24689152836799622
vt 0.6735525131225586 0.24676838517189026
vt 0.6787505745887756 0.21462753415107727
vt 0.7497158646583557 0.1536707580089569
vt 0.7755932807922363 0.15416334569454193
vt 0.7776273488998413 0.12399281561374664
vt 0.7717512249946594 0.18458016216754913
vt 0.7987586855888367 0.18445700407028198
vt 0.7966116666793823 0.21561269462108612
vt 0.8257662057876587 0.2151201218366623
vt 0.825201153755188 0.24701467156410217
vt 0.8543556928634644 0.24701467156410217
vt 0.8548076748847961 0.2794018089771271
vt 0.8012447357177734 0.15391704440116882
vt 0.827913224697113 0.15268559753894806
vt 0.8267831802368164 0.18359500169754028
vt 0.8552597165107727 0.18236353993415833
vt 0.8546947240829468 0.2145043909549713
vt 0.8027137517929077 0.12374652177095413
vt 0.828478217124939 0.12226878851652145
vt 0.8545817136764526 0.1201753169298172
vt 0.8551467061042786 0.15108472108840942
vt 0.7159282565116882 0.31043434143066406
vt 0.686886727809906 0.310680627822876
vt 0.7213523387908936 0.34146687388420105
vt 0.6924238204956055 0.34195947647094727
vt 0.6936668753623962 0.37274572253227234
vt 0.7492638230323792 0.3410974442958832
vt 0.7593210339546204 0.3793955445289612
vt 0.7790963649749756 0.3713911175727844
vt 0.797741711139679 0.37890297174453735
vt 0.8297212719917297 0.3724994361400604
vt 0.8562767505645752 0.37360772490501404
vt 0.678411602973938 0.27890923619270325
vt 0.722934365272522 0.3722531497478485
vt 0.18312381207942963 0.20083528757095337
vt 0.18786989152431488 0.18236353993415833
vt 0.24538791179656982 0.2173367291688919
vt 0.2501339912414551 0.19886498153209686
vt 0.31239810585975647 0.21524326503276825
vt 0.25488007068634033 0.1807626634836197
vt 0.3171441853046417 0.19714094698429108
vt 0.32256826758384705 0.17608314752578735
vt 0.19261598587036133 0.16426123678684235
vt 0.1981530785560608 0.14320343732833862
vt 0.26030418276786804 0.15958172082901
vt 0.17826472222805023 0.21943019330501556
vt 0.24052883684635162 0.2359316200017929
vt 0.23578274250030518 0.2545265257358551
vt 0.3027929365634918 0.2523099184036255
vt 0.2979338467121124 0.2709048092365265
vt 0.3076520264148712 0.2337150126695633
vt 0.17351864278316498 0.23802508413791656
vt 0.16865955293178558 0.2564968466758728
vt 0.23092365264892578 0.27299827337265015
vt 0.2931877672672272 0.28937655687332153
vt 0.22617757320404053 0.29134687781333923
vt 0.2884416878223419 0.3077251613140106
vt 0.28290456533432007 0.329152375459671
vt 0.16391347348690033 0.2748454511165619
vt 0.15837638080120087 0.2962726652622223
vt 0.22064048051834106 0.3126509487628937
vt 0.8763911128044128 0.6330742239952087
vt 0.8815891742706299 0.6526542901992798
vt 0.8093808889389038 0.6511765718460083
vt 0.8145790100097656 0.6707566380500793
vt 0.7475687861442566 0.6888589262962341
vt 0.8198900818824768 0.6907061338424683
vt 0.7528799176216125 0.708808422088623
vt 0.7581909894943237 0.7288810610771179
vt 0.8869002461433411 0.6726037859916687
vt 0.892211377620697 0.6926764249801636
vt 0.825201153755188 0.7107787132263184
vt 0.830512285232544 0.7304819226264954
vt 0.7635020613670349 0.7485842704772949
vt 0.8974094390869141 0.7123796343803406
vt 0.9026075601577759 0.7318365573883057
vt 0.8355973362922668 0.7499388456344604
vt 0.8407954573631287 0.7692726254463196
vt 0.7685871720314026 0.76804119348526
vt 0.7737852931022644 0.7873749136924744
vt 0.8702889680862427 0.6101692914962769
vt 0.8032788038253784 0.6282715797424316
vt 0.7362685799598694 0.6463739275932312
vt 0.7423707246780396 0.6692788600921631
vt 0.9076926112174988 0.7510471343994141
vt 0.913794755935669 0.7738289833068848
vt 0.8467845320701599 0.7919312715530396
vt 0.7797743678092957 0.8100336194038391
vt 0.8622658252716064 0.5799987316131592
vt 0.8702889680862427 0.6101692914962769
vt 0.7952556610107422 0.5981010794639587
vt 0.8032788038253784 0.6282715797424316
vt 0.7362685799598694 0.6463739275932312
vt 0.7282454371452332 0.6163265109062195
vt 0.7192053198814392 0.5820922255516052
vt 0.7862154841423035 0.5639898777008057
vt 0.7768363356590271 0.5286473035812378
vt 0.8532256484031677 0.5458875894546509
vt 0.8438464999198914 0.5105449557304382
vt 0.7098261117935181 0.5467495918273926
vt 0.7003339529037476 0.511160671710968
vt 0.7673441767692566 0.4929352402687073
vt 0.7579649686813354 0.45759260654449463
vt 0.8343543410301208 0.4748329222202301
vt 0.8249751925468445 0.43949031829833984
vt 0.6909548044204712 0.4756949245929718
vt 0.681688666343689 0.4407217502593994
vt 0.7486988306045532 0.42261943221092224
vt 0.7395456433296204 0.3883851170539856
vt 0.8157089948654175 0.40451711416244507
vt 0.8065558671951294 0.3702828288078308
vt 0.6725354790687561 0.40648743510246277
vt 0.6645123362541199 0.37607061862945557
vt 0.7315225005149841 0.3579683005809784
vt 0.7985327243804932 0.3398660123348236
vt 0.7670051455497742 -0.0007530699949711561
vt 0.7990977168083191 -0.0009993599960580468
vt 0.7707341909408569 0.03126462921500206
vt 0.7997757196426392 0.031018339097499847
vt 0.8006797432899475 0.06266660243272781
vt 0.8281392455101013 0.02929431013762951
vt 0.8273482322692871 0.06081942841410637
vt 0.8539037108421326 0.05835653096437454
vt 0.8278002142906189 0.0917288213968277
vt 0.8537907004356384 0.08938907086849213
vt 0.8545817136764526 0.1201753169298172
vt 0.828478217124939 0.12226878851652145
vt 0.8027137517929077 0.12374652177095413
vt 0.8020357489585876 0.09345285594463348
vt 0.7768363356590271 0.0936991423368454
vt 0.774124264717102 0.06291289627552032
vt 0.7466647624969482 0.06217402592301369
vt 0.7415797114372253 0.03052576072514057
vt 0.7128772139549255 0.02929431013762951
vt 0.7360426187515259 -0.0014919399982318282
vt 0.7085831165313721 -0.0027233900036662817
vt 0.7776273488998413 0.12399281561374664
vt 0.7519758939743042 0.12337709218263626
vt 0.7505068778991699 0.09296027570962906
vt 0.7218043208122253 0.09185197204351425
vt 0.7171712517738342 0.060942575335502625
vt 0.6867737174034119 0.05946483463048935
vt 0.684174656867981 0.027816569432616234
vt 0.8297212719917297 -0.0026002449449151754
vt 0.8595538139343262 -0.004939999897032976
vt 0.8562767505645752 0.026831410825252533
vt 0.6917458176612854 0.09049737453460693
vt 0.695361852645874 0.1212836280465126
vt 0.724177360534668 0.12239193171262741
vt 0.682931661605835 -0.00407798495143652
vt 0.3196302354335785 0.24590636789798737
vt 0.31590116024017334 0.26770302653312683
vt 0.25488007068634033 0.23470017313957214
vt 0.25115102529525757 0.2564968466758728
vt 0.18628786504268646 0.24516749382019043
vt 0.24730895459651947 0.278539776802063
vt 0.1825588047504425 0.26733359694480896
vt 0.17882974445819855 0.28937655687332153
vt 0.31205910444259644 0.28986912965774536
vt 0.3083300292491913 0.31191208958625793
vt 0.24357987940311432 0.30058273673057556
vt 0.23985081911087036 0.32225626707077026
vt 0.1751006692647934 0.3109269142150879
vt 0.30460095405578613 0.3334624469280243
vt 0.30030688643455505 0.3588303327560425
vt 0.2355567365884781 0.3475009799003601
vt 0.17080660164356232 0.3362948000431061
vt 0.1900169402360916 0.22337083518505096
vt 0.19374600052833557 0.20194360613822937
vt 0.25849613547325134 0.2131498008966446
vt 0.26211220026016235 0.1919688582420349
vt 0.3232463002204895 0.22447913885116577
vt 0.3268623650074005 0.20317505300045013
vt 0.3311564326286316 0.17805346846580505
vt 0.2664062976837158 0.16684727370738983
vt 0.20165614783763885 0.15551793575286865
vt 0.19736206531524658 0.18063952028751373
vt 0.7814694046974182 0.2757074534893036
vt 0.7868934869766235 0.2960263788700104
vt 0.714459240436554 0.29380977153778076
vt 0.7198833227157593 0.31412869691848755
vt 0.6528730988502502 0.3322310149669647
vt 0.7251943945884705 0.3343244791030884
vt 0.6581842303276062 0.35242679715156555
vt 0.6645123362541199 0.37607061862945557
vt 0.7922046184539795 0.3162221610546112
vt 0.7985327243804932 0.3398660123348236
vt 0.7315225005149841 0.3579683005809784
vt 0.7760453224182129 0.25526538491249084
vt 0.7090350985527039 0.273367702960968
vt 0.7036110162734985 0.2529256343841553
vt 0.6420249342918396 0.2914700210094452
vt 0.6366008520126343 0.27102795243263245
vt 0.6474490165710449 0.31191208958625793
vt 0.7706212401390076 0.2348233163356781
vt 0.7651970982551575 0.2145043909549713
vt 0.6981869339942932 0.2326067090034485
vt 0.631176769733429 0.25070902705192566
vt 0.692875862121582 0.21265721321105957
vt 0.625865638256073 0.23075953125953674
vt 0.6197635531425476 0.2074851244688034
vt 0.7598860263824463 0.1945548951625824
vt 0.7537839412689209 0.17128048837184906
vt 0.6867737174034119 0.18938280642032623
vt 0.06255067884922028 0.9693832397460938
vt 0.06921780109405518 0.9304693937301636
vt 0.13396795094013214 0.94167560338974
vt 0.07577191293239594 0.891925036907196
vt 0.14063505828380585 0.9031312465667725
vt 0.14707617461681366 0.8653256893157959
vt 0.2053852081298828 0.9144605994224548
vt 0.21182632446289062 0.8766550421714783
vt 0.19883109629154205 0.9530049562454224
vt 0.19216397404670715 0.9919188022613525
vt 0.1274138242006302 0.9805894494056702
vt 0.08232603222131729 0.8541195392608643
vt 0.0879761278629303 0.820624053478241
vt 0.15272627770900726 0.8318302631378174
vt 0.21758942306041718 0.8431596159934998
vt 0.688129723072052 0.25526538491249084
vt 0.6936668753623962 0.27496859431266785
vt 0.6795415878295898 0.2790323793888092
vt 0.6993169784545898 0.2949180603027344
vt 0.6851916909217834 0.29898184537887573
vt 0.690841794013977 0.3188081979751587
vt 0.6710664629936218 0.3030456304550171
vt 0.6767165660858154 0.32287198305130005
vt 0.6654163599014282 0.2832193076610565
vt 0.6597662568092346 0.26339295506477356
vt 0.6740044951438904 0.2593291699886322
vt 0.6684674024581909 0.23999540507793427
vt 0.6825926303863525 0.2359316200017929
vt 0.6543421745300293 0.24405919015407562
vt 0.6479010581970215 0.22152365744113922
vt 0.6620262861251831 0.2173367291688919
vt 0.6761515140533447 0.21327294409275055
vt 0.7049670219421387 0.31474441289901733
vt 0.7106171250343323 0.33444762229919434
vt 0.6964918971061707 0.3385114073753357
vt 0.7020289897918701 0.3582146167755127
vt 0.6822536587715149 0.34257519245147705
vt 0.6879037618637085 0.36227840185165405
vt 0.6943448781967163 0.3851833641529083
vt 0.7084701061248779 0.380996435880661
vt 0.7227083444595337 0.37693265080451965
vt 0.7161542773246765 0.3540276885032654
vt 0.14865820109844208 0.8463613986968994
vt 0.08639410138130188 0.829983115196228
vt 0.09486924856901169 0.7973496913909912
vt 0.024129999801516533 0.8134816884994507
vt 0.03260514885187149 0.7809714078903198
vt 0.04085429757833481 0.7489537000656128
vt 0.103118397295475 0.7653319835662842
vt 0.1653825044631958 0.7818334102630615
vt 0.11125454306602478 0.7342994213104248
vt 0.17351864278316498 0.7506777048110962
vt 0.1805247664451599 0.723462700843811
vt 0.048990439623594284 0.7177979946136475
vt 0.05599656328558922 0.6905829310417175
vt 0.11826066672801971 0.7069612741470337
vt 0.15713335573673248 0.8138511180877686
vt 0.856728732585907 0.4043939709663391
vt 0.8562767505645752 0.37360772490501404
vt 0.8303992748260498 0.4032856822013855
vt 0.8297212719917297 0.3724994361400604
vt 0.797741711139679 0.37890297174453735
vt 0.8040698170661926 0.40205422043800354
vt 0.8046348094940186 0.43333306908607483
vt 0.8316422700881958 0.4343182146549225
vt 0.8343543410301208 0.46596649289131165
vt 0.8585367798805237 0.4354265332221985
vt 0.862717866897583 0.4667053520679474
vt 0.8061038255691528 0.4652276039123535
vt 0.808250904083252 0.4973684549331665
vt 0.8387613892555237 0.49786102771759033
vt 0.8445245027542114 0.5295093059539795
vt 0.8692719340324402 0.4982304573059082
vt 0.878425121307373 0.5295093059539795
vt 0.810736894607544 0.5295093059539795
vt 0.8133359551429749 0.5612807273864746
vt 0.8513046503067017 0.5607881546020508
vt 0.8585367798805237 0.5914512276649475
vt 0.8892732858657837 0.5602955222129822
vt 0.901251494884491 0.5904660820960999
vt 0.8157089948654175 0.5923132300376892
vt 0.8178560733795166 0.6232226490974426
vt 0.865203857421875 0.6218680739402771
vt 0.9124387502670288 0.6205134391784668
vt 0.8326593041419983 0.8902010321617126
vt 0.8205680847167969 0.8596610426902771
vt 0.866672933101654 0.8410661220550537
vt 0.8085898756980896 0.8294905424118042
vt 0.8546947240829468 0.8108956217765808
vt 0.8431684970855713 0.7817102670669556
vt 0.9007995128631592 0.7923007011413574
vt 0.8892732858657837 0.7631153464317322
vt 0.9127777218818665 0.8224712610244751
vt 0.9248689413070679 0.8531343340873718
vt 0.8787641525268555 0.8717292547225952
vt 0.7970637083053589 0.8001819849014282
vt 0.7868934869766235 0.7745678424835205
vt 0.8329983353614807 0.7559729814529419
vt 0.8792161345481873 0.7375012040138245
vt 0.8918723464012146 0.8308451175689697
vt 0.9015905261039734 0.8648331165313721
vt 0.8602318167686462 0.8399578332901001
vt 0.8698369860649109 0.8739458918571472
vt 0.8380833864212036 0.8831817507743835
vt 0.879668116569519 0.9086727499961853
vt 0.8480275869369507 0.9177854657173157
vt 0.8579717874526978 0.9527586698532104
vt 0.9114217162132263 0.899436891078949
vt 0.9213658571243286 0.9345331788063049
vt 0.8896123170852661 0.9436459541320801
vt 0.8833972215652466 0.8006746172904968
vt 0.8516436219215393 0.8099104762077332
vt 0.8198900818824768 0.8190231919288635
vt 0.828478217124939 0.8491936922073364
vt 0.48947224020957947 0.7099167108535767
vt 0.48664718866348267 0.7099167108535767
vt 0.48947224020957947 0.6907061338424683
vt 0.48664718866348267 0.6905829310417175
vt 0.4867601990699768 0.6712492108345032
vt 0.4895852506160736 0.6713723540306091
vt 0.4924103021621704 0.6713723540306091
vt 0.49229729175567627 0.6907061338424683
vt 0.49218428134918213 0.7100398540496826
vt 0.09238320589065552 0.7948867678642273
vt 0.0879761278629303 0.820624053478241
vt 0.15713335573673248 0.8062161207199097
vt 0.15272627770900726 0.8318302631378174
vt 0.21758942306041718 0.8431596159934998
vt 0.22188350558280945 0.8174223303794861
vt 0.22572556138038635 0.7955024838447571
vt 0.16097542643547058 0.7841731309890747
vt 0.16470448672771454 0.7617607712745667
vt 0.09611227363348007 0.7729669809341431
vt 0.09995434433221817 0.7505545616149902
vt 0.22956763207912445 0.773090124130249
vt 0.23340970277786255 0.7504314184188843
vt 0.16865955293178558 0.7391020655632019
vt 0.17250162363052368 0.7165665626525879
vt 0.10379640758037567 0.7278959155082703
vt 0.10775148123502731 0.7053603529930115
vt 0.11148054897785187 0.6829479932785034
vt 0.17634369432926178 0.6941541433334351
vt 0.18007275462150574 0.671864926815033
vt 0.24109384417533875 0.7054834961891174
vt 0.24493591487407684 0.6831942796707153
vt 0.23725177347660065 0.7278959155082703
vt 0.11532261222600937 0.6606587171554565
vt 0.11984269320964813 0.634552001953125
vt 0.1845928430557251 0.6458812952041626
vt 0.24934299290180206 0.657087504863739
vt 0.4980603754520416 0.7102861404418945
vt 0.49512234330177307 0.7101629972457886
vt 0.4952353239059448 0.6908292770385742
vt 0.49218428134918213 0.7100398540496826
vt 0.49229729175567627 0.6907061338424683
vt 0.4924103021621704 0.6713723540306091
vt 0.49534833431243896 0.6714954972267151
vt 0.4982863962650299 0.671618640422821
vt 0.49817338585853577 0.6909524202346802
vt 0.7876845002174377 0.46399617195129395
vt 0.797741711139679 0.49946191906929016
vt 0.7560439705848694 0.4732320308685303
vt 0.7661011219024658 0.5085746645927429
vt 0.7343475818634033 0.5178105235099792
vt 0.7760453224182129 0.5437940955162048
vt 0.7442917227745056 0.55290687084198
vt 0.7542359232902527 0.5876337289810181
vt 0.8077988624572754 0.5345582365989685
vt 0.8176300525665283 0.5692851543426514
vt 0.785876452922821 0.5783978700637817
vt 0.7955946326255798 0.6123858690261841
vt 0.7638410925865173 0.6216217875480652
vt 0.827235221862793 0.6032731533050537
vt 0.8358233571052551 0.6334436535835266
vt 0.8041828274726868 0.6426795721054077
vt 0.7724292278289795 0.6517922878265381
vt 0.7242903709411621 0.48234477639198303
vt 0.7143462300300598 0.44737157225608826
vt 0.7460997700691223 0.4382588565349579
vt 0.7363815903663635 0.40427082777023315
vt 0.7777403593063354 0.42902296781539917
vt 0.7681351900100708 0.3951581120491028
vt 0.7047410607337952 0.41350671648979187
vt 0.6962658762931824 0.3835824728012085
vt 0.7279064655303955 0.3744697570800781
vt 0.759660005569458 0.3652338683605194
vt 0.8655428886413574 0.9339174628257751
vt 0.879668116569519 0.9298536777496338
vt 0.8557116985321045 0.8991906046867371
vt 0.8698369860649109 0.8951268196105957
vt 0.8601188063621521 0.8607693314552307
vt 0.8514176607131958 0.9381043910980225
vt 0.8415864706039429 0.9032543897628784
vt 0.8318682909011841 0.8690200448036194
vt 0.8459935188293457 0.864956259727478
vt 0.8365013599395752 0.8317071199417114
vt 0.8506266474723816 0.8276433348655701
vt 0.8423774838447571 0.7984579801559448
vt 0.8282522559165955 0.8025217652320862
vt 0.8141269683837891 0.8065855503082275
vt 0.8223761320114136 0.8357709050178528
vt 0.7971766591072083 0.7469833493232727
vt 0.7917525768280029 0.7277727723121643
vt 0.8113019466400146 0.7427964210510254
vt 0.8058778643608093 0.723708987236023
vt 0.820003092288971 0.7196452021598816
vt 0.8003407120704651 0.7042520642280579
vt 0.8144659996032715 0.7001882791519165
vt 0.808928906917572 0.6807313561439514
vt 0.7862154841423035 0.7083158493041992
vt 0.780678391456604 0.6888589262962341
vt 0.7948036193847656 0.6847951412200928
vt 0.7893795371055603 0.6658307909965515
vt 0.8035047650337219 0.6617670059204102
vt 0.7752543091773987 0.6698945760726929
vt 0.768926203250885 0.6476053595542908
vt 0.7830514311790466 0.6435415744781494
vt 0.7971766591072083 0.6394777894020081
vt 0.8254271745681763 0.738732635974884
vt 0.8308512568473816 0.7576969861984253
vt 0.8166130185127258 0.7617607712745667
vt 0.821924090385437 0.780478835105896
vt 0.8024877905845642 0.765824556350708
vt 0.8077988624572754 0.7845426201820374
vt 0.8361623883247375 0.7764150500297546
vt 0.8423774838447571 0.7984579801559448
vt 0.8282522559165955 0.8025217652320862
vt 0.8141269683837891 0.8065855503082275
vt 0.2594001591205597 0.4196639657020569
vt 0.2510380148887634 0.4518048167228699
vt 0.1971360594034195 0.40316253900527954
vt 0.18877391517162323 0.4354265332221985
vt 0.12650981545448303 0.41892507672309875
vt 0.18041177093982697 0.467813640832901
vt 0.11814766377210617 0.4514353573322296
vt 0.1097855195403099 0.48345306515693665
vt 0.24267587065696716 0.48431509733200073
vt 0.2343137264251709 0.5163328051567078
vt 0.1720496118068695 0.49983134865760803
vt 0.16402646899223328 0.530987024307251
vt 0.10176237672567368 0.5144855976104736
vt 0.22629058361053467 0.5473653078079224
vt 0.2191714495420456 0.5747035145759583
vt 0.1569073498249054 0.5582020878791809
vt 0.0946432501077652 0.5418238043785095
vt 0.1348719596862793 0.38678425550460815
vt 0.14312110841274261 0.35501283407211304
vt 0.2053852081298828 0.3715142607688904
vt 0.21340835094451904 0.34035858511924744
vt 0.2676493227481842 0.38789254426956177
vt 0.27567246556282043 0.3568600118160248
vt 0.15114425122737885 0.32398030161857605
vt 0.15837638080120087 0.2962726652622223
vt 0.22064048051834106 0.3126509487628937
vt 0.28290456533432007 0.329152375459671
vt 0.5099256038665771 0.6723574995994568
vt 0.5126376748085022 0.6726037859916687
vt 0.5125246644020081 0.6918144226074219
vt 0.5154626965522766 0.6728500723838806
vt 0.5153496861457825 0.6920607089996338
vt 0.5151236653327942 0.711271345615387
vt 0.5122986435890198 0.711025059223175
vt 0.5094735622406006 0.7109018564224243
vt 0.5096995830535889 0.69156813621521
vt 0.8236191272735596 0.9693832397460938
vt 0.8244101405143738 0.9374886751174927
vt 0.857406735420227 0.9672897458076477
vt 0.8623788356781006 0.9356415271759033
vt 0.9003475308418274 0.9339174628257751
vt 0.8676899075508118 0.904608964920044
vt 0.9104046821594238 0.9030081033706665
vt 0.9198968410491943 0.872344970703125
vt 0.8249751925468445 0.9062098264694214
vt 0.825201153755188 0.8754236102104187
vt 0.8725489974021912 0.8739458918571472
vt 0.8228281140327454 1.0015240907669067
vt 0.8527736663818359 0.9993074536323547
vt 0.8826062083244324 0.9969677329063416
vt 0.8911943435668945 0.9653194546699524
vt 0.7830514311790466 0.6435415744781494
vt 0.768926203250885 0.6476053595542908
vt 0.7748022675514221 0.6143562197685242
vt 0.7606770396232605 0.6184200048446655
vt 0.75118488073349 0.5851708650588989
vt 0.7971766591072083 0.6394777894020081
vt 0.7889275550842285 0.6102924346923828
vt 0.7795483469963074 0.5770432949066162
vt 0.7653101086616516 0.5811070799827576
vt 0.7555919289588928 0.5468727350234985
vt 0.7414667010307312 0.5509365200996399
vt 0.7316355109214783 0.5163328051567078
vt 0.7457607984542847 0.5121458768844604
vt 0.7598860263824463 0.5080820918083191
vt 0.7360426187515259 0.47778838872909546
vt 0.7501678466796875 0.4737246036529541
vt 0.7405626773834229 0.4398597478866577
vt 0.7219173312187195 0.4818521738052368
vt 0.7121991515159607 0.44798731803894043
vt 0.7263244390487671 0.4439235329627991
vt 0.7169452905654907 0.4106743633747101
vt 0.7310705184936523 0.40648743510246277
vt 0.7028200030326843 0.41473814845085144
vt 0.6943448781967163 0.3851833641529083
vt 0.7084701061248779 0.380996435880661
vt 0.7227083444595337 0.37693265080451965
vt 0.7697172164916992 0.5428089499473572
vt 0.6587492227554321 0.8759161829948425
vt 0.6864347457885742 0.8765318989753723
vt 0.6872257590293884 0.9074413180351257
vt 0.7142332196235657 0.8771476149559021
vt 0.7142332196235657 0.9081801772117615
vt 0.715137243270874 0.9394590258598328
vt 0.6888077855110168 0.9385969638824463
vt 0.6624783277511597 0.9378581047058105
vt 0.6918588280677795 0.9704915285110474
vt 0.6659813523292542 0.9696295261383057
vt 0.6699364185333252 1.0017703771591187
vt 0.7178492546081543 0.9714767336845398
vt 0.7215783596038818 1.003740668296814
vt 0.6958138942718506 1.0027555227279663
vt 0.6602182388305664 0.90670245885849
vt 0.8517566323280334 0.6680474281311035
vt 0.8584237694740295 0.6849182844161987
vt 0.8123189210891724 0.7033900618553162
vt 0.8649778962135315 0.701542854309082
vt 0.8188730478286743 0.7201377749443054
vt 0.8253141641616821 0.7365160584449768
vt 0.7727682590484619 0.7386094927787781
vt 0.7792093753814697 0.7551109194755554
vt 0.76621413230896 0.7219849228858948
vt 0.7595469951629639 0.7051140666007996
vt 0.805651843547821 0.6865191459655762
vt 0.7988716959953308 0.669402003288269
vt 0.844976544380188 0.6509302854537964
vt 0.7527669072151184 0.6879969239234924
vt 0.7459867596626282 0.6708797812461853
vt 0.7920916080474854 0.6524080038070679
vt 0.7855374813079834 0.6356602907180786
vt 0.8381963968276978 0.6338131427764893
vt 0.8316422700881958 0.6170653700828552
vt 0.7394326329231262 0.654132068157196
vt 0.7316355109214783 0.634552001953125
vt 0.7777403593063354 0.6159570813179016
vt 0.8238451480865479 0.597485363483429
vt 0.8715320229530334 0.7180442810058594
vt 0.8792161345481873 0.7375012040138245
vt 0.8329983353614807 0.7559729814529419
vt 0.7868934869766235 0.7745678424835205
vt 0.8827192187309265 0.9272676706314087
vt 0.8157089948654175 0.9453699588775635
vt 0.8732270002365112 0.8914324641227722
vt 0.806216835975647 0.909534752368927
vt 0.7968376874923706 0.8743153214454651
vt 0.9497293829917908 0.9091653227806091
vt 0.9402372241020203 0.8733301162719727
vt 0.9308580756187439 0.8381106853485107
vt 0.8638478517532349 0.8562129735946655
vt 0.8548076748847961 0.8219786882400513
vt 0.7877975106239319 0.840080976486206
vt 0.7797743678092957 0.8100336194038391
vt 0.8467845320701599 0.7919312715530396
vt 0.913794755935669 0.7738289833068848
vt 0.921704888343811 0.8038763403892517
vt 0.6389738917350769 0.08236980438232422
vt 0.6486920714378357 0.11660411208868027
vt 0.6345667839050293 0.12079104781150818
vt 0.6582972407341003 0.1505921334028244
vt 0.644171953201294 0.15465591847896576
vt 0.6536641716957092 0.18790507316589355
vt 0.6300467252731323 0.15871970355510712
vt 0.6395388841629028 0.1919688582420349
vt 0.6204415559768677 0.12485483288764954
vt 0.6107233762741089 0.09062051773071289
vt 0.6248486042022705 0.08643358945846558
vt 0.6677893996238708 0.1838412880897522
vt 0.6761515140533447 0.21327294409275055
vt 0.6620262861251831 0.2173367291688919
vt 0.6479010581970215 0.22152365744113922
vt 0.8787641525268555 0.8717292547225952
vt 0.9248689413070679 0.8531343340873718
vt 0.866672933101654 0.8410661220550537
vt 0.9127777218818665 0.8224712610244751
vt 0.9007995128631592 0.7923007011413574
vt 0.8326593041419983 0.8902010321617126
vt 0.8205680847167969 0.8596610426902771
vt 0.8085898756980896 0.8294905424118042
vt 0.8546947240829468 0.8108956217765808
vt 0.8431684970855713 0.7817102670669556
vt 0.8892732858657837 0.7631153464317322
vt 0.8792161345481873 0.7375012040138245
vt 0.8329983353614807 0.7559729814529419
vt 0.7868934869766235 0.7745678424835205
vt 0.7970637083053589 0.8001819849014282
vt 0.8514176607131958 0.9381043910980225
vt 0.8415864706039429 0.9032543897628784
vt 0.8557116985321045 0.8991906046867371
vt 0.8318682909011841 0.8690200448036194
vt 0.8459935188293457 0.864956259727478
vt 0.8365013599395752 0.8317071199417114
vt 0.8601188063621521 0.8607693314552307
vt 0.8506266474723816 0.8276433348655701
vt 0.8698369860649109 0.8951268196105957
vt 0.879668116569519 0.9298536777496338
vt 0.8655428886413574 0.9339174628257751
vt 0.8223761320114136 0.8357709050178528
vt 0.8141269683837891 0.8065855503082275
vt 0.8282522559165955 0.8025217652320862
vt 0.8423774838447571 0.7984579801559448
vt 0.22041447460651398 0.045795738697052
vt 0.21374735236167908 0.08470956236124039
vt 0.28516462445259094 0.057001933455467224
vt 0.27849748730659485 0.09591575711965561
vt 0.34336066246032715 0.10724509507417679
vt 0.2720564007759094 0.1337212771177292
vt 0.3368065357208252 0.1449274718761444
vt 0.3311564326286316 0.17805346846580505
vt 0.20730623602867126 0.12239193171262741
vt 0.20165614783763885 0.15551793575286865
vt 0.2664062976837158 0.16684727370738983
vt 0.22719459235668182 0.00614304980263114
vt 0.2919447422027588 0.017472390085458755
vt 0.35669487714767456 0.028678584843873978
vt 0.3499147593975067 0.0683312714099884
vt 0.7537839412689209 0.17128048837184906
vt 0.6867737174034119 0.18938280642032623
vt 0.6786375641822815 0.159089133143425
vt 0.6197635531425476 0.2074851244688034
vt 0.6116273999214172 0.17719145119190216
vt 0.6025872230529785 0.1429571509361267
vt 0.6695974469184875 0.12485483288764954
vt 0.7366076111793518 0.10675251483917236
vt 0.6603312492370605 0.08988165110349655
vt 0.7273414731025696 0.07177933305501938
vt 0.7179622650146484 0.03643672168254852
vt 0.5933210849761963 0.10798396170139313
vt 0.5839419364929199 0.07276449352502823
vt 0.6509521007537842 0.0545390360057354
vt 0.7456477880477905 0.140986829996109
vt 0.5099256038665771 0.6723574995994568
vt 0.5096995830535889 0.69156813621521
vt 0.5125246644020081 0.6918144226074219
vt 0.5094735622406006 0.7109018564224243
vt 0.5122986435890198 0.711025059223175
vt 0.5151236653327942 0.711271345615387
vt 0.5153496861457825 0.6920607089996338
vt 0.5154626965522766 0.6728500723838806
vt 0.5126376748085022 0.6726037859916687
s on
f 1/1/1 2/2/2 3/3/3
f 2/2/2 4/4/4 3/3/3
f 3/3/3 4/4/4 5/5/5
f 4/4/4 6/6/6 5/5/5
f 5/5/5 6/6/6 7/7/7
f 6/6/6 8/8/8 7/7/7
f 7/7/7 8/8/8 9/9/9
f 8/8/8 10/10/10 9/9/9
f 9/9/9 10/10/10 11/11/11
f 10/10/10 12/12/12 11/11/11
f 11/11/11 12/12/12 13/13/13
f 12/12/12 14/14/14 13/13/13
f 13/13/13 14/14/14 15/15/15
f 14/14/14 16/16/16 15/15/15
f 15/15/15 16/16/16 17/17/17
f 16/16/16 18/18/18 17/17/17
f 19/19/19 20/20/20 21/21/21
f 20/20/20 22/22/22 21/21/21
f 21/21/21 22/22/22 23/23/23
f 22/22/22 24/24/24 23/23/23
f 23/23/23 24/24/24 25/25/25
f 24/24/24 26/26/26 25/25/25
f 25/25/25 26/26/26 27/27/27
f 26/26/26 28/28/28 27/27/27
f 29/29/29 30/30/30 31/31/31
f 30/30/30 32/32/32 31/31/31
f 31/31/31 32/32/32 33/33/33
f 32/32/32 34/34/34 33/33/33
f 33/33/33 34/34/34 35/35/35
f 34/34/34 36/36/36 35/35/35
f 35/35/35 36/36/36 37/37/37
f 36/36/36 38/38/38 37/37/37
f 39/39/39 40/40/40 41/41/41
f 40/40/40 42/42/42 41/41/41
f 41/41/41 42/42/42 43/43/43
f 42/42/42 44/44/44 43/43/43
f 43/43/43 44/44/44 45/45/45
f 44/44/44 46/46/46 45/45/45
f 45/45/45 46/46/46 47/47/47
f 46/46/46 48/48/48 47/47/47
f 47/47/47 48/48/48 49/49/49
f 48/48/48 50/50/50 49/49/49
f 49/49/49 50/50/50 51/51/51
f 50/50/50 52/52/52 51/51/51
f 51/51/51 52/52/52 53/53/53
f 52/52/52 54/54/54 53/53/53
f 53/53/53 54/54/54 55/55/55
f 54/54/54 56/56/56 55/55/55
f 57/57/57 58/58/58 59/59/59
f 58/58/58 60/60/60 59/59/59
f 59/59/59 60/60/60 61/61/61
f 60/60/60 62/62/62 61/61/61
f 61/61/61 62/62/62 63/63/63
f 62/62/62 64/64/64 63/63/63
f 63/63/63 64/64/64 65/65/65
f 64/64/64 66/66/66 65/65/65
f 65/65/65 66/66/66 67/67/67
f 66/66/66 68/68/68 67/67/67
f 67/67/67 68/68/68 69/69/69
f 68/68/68 70/70/70 69/69/69
f 69/69/69 70/70/70 71/71/71
f 70/70/70 72/72/72 71/71/71
f 71/71/71 72/72/72 73/73/73
f 72/72/72 74/74/74 73/73/73
f 75/75/75 76/76/76 77/77/77
f 76/76/76 78/78/78 77/77/77
f 77/77/77 78/78/78 79/79/79
f 78/78/78 80/80/80 79/79/79
f 79/79/79 80/80/80 81/81/81
f 80/80/80 82/82/82 81/81/81
f 78/78/78 76/76/76 80/80/80
f 76/76/76 83/83/83 80/80/80
f 80/80/80 83/83/83 84/84/84
f 80/80/80 84/84/84 85/85/85
f 84/84/84 86/86/86 85/85/85
f 85/85/85 86/86/86 82/82/82
f 86/86/86 87/87/87 82/82/82
f 84/84/84 88/88/88 86/86/86
f 88/88/88 89/89/89 86/86/86
f 86/86/86 89/89/89 90/90/90
f 89/89/89 91/91/91 90/90/90
f 90/90/90 91/91/91 92/92/92
f 91/91/91 93/93/93 92/92/92
f 90/90/90 92/92/92 86/86/86
f 92/92/92 87/87/87 86/86/86
f 79/79/79 94/94/94 77/77/77
f 94/94/94 95/95/95 77/77/77
f 77/77/77 95/95/95 96/96/96
f 96/96/96 97/97/97 77/77/77
f 97/97/97 75/75/75 77/77/77
f 89/89/89 98/98/98 91/91/91
f 98/98/98 99/99/99 91/91/91
f 91/91/91 99/99/99 100/100/100
f 100/100/100 101/101/101 91/91/91
f 101/101/101 93/93/93 91/91/91
f 102/102/102 103/103/103 104/104/104
f 103/103/103 105/105/105 104/104/104
f 104/104/104 105/105/105 106/106/106
f 105/105/105 107/107/107 106/106/106
f 106/106/106 107/107/107 108/108/108
f 107/107/107 109/109/109 108/108/108
f 106/106/106 108/108/108 104/104/104
f 108/108/108 110/110/110 104/104/104
f 104/104/104 110/110/110 111/111/111
f 104/104/104 111/111/111 112/112/112
f 111/111/111 113/113/113 112/112/112
f 112/112/112 113/113/113 102/102/102
f 113/113/113 114/114/114 102/102/102
f 111/111/111 115/115/115 113/113/113
f 115/115/115 116/116/116 113/113/113
f 113/113/113 116/116/116 117/117/117
f 117/117/117 118/118/118 113/113/113
f 118/118/118 114/114/114 113/113/113
f 105/105/105 119/119/119 107/107/107
f 119/119/119 120/120/120 107/107/107
f 107/107/107 120/120/120 121/121/121
f 120/120/120 122/122/122 121/121/121
f 121/121/121 122/122/122 123/123/123
f 122/122/122 124/124/124 123/123/123
f 121/121/121 123/123/123 107/107/107
f 123/123/123 109/109/109 107/107/107
f 120/120/120 125/125/125 122/122/122
f 125/125/125 126/126/126 122/122/122
f 122/122/122 126/126/126 127/127/127
f 127/127/127 128/128/128 122/122/122
f 128/128/128 124/124/124 122/122/122
f 129/129/129 130/130/130 131/131/131
f 130/130/130 132/132/132 131/131/131
f 131/131/131 132/132/132 133/133/133
f 133/133/133 134/134/134 131/131/131
f 134/134/134 135/135/135 131/131/131
f 131/131/131 135/135/135 136/136/136
f 135/135/135 137/137/137 136/136/136
f 136/136/136 137/137/137 138/138/138
f 137/137/137 139/139/139 138/138/138
f 136/136/136 138/138/138 131/131/131
f 138/138/138 129/129/129 131/131/131
f 135/135/135 140/140/140 137/137/137
f 140/140/140 141/141/141 137/137/137
f 137/137/137 141/141/141 142/142/142
f 141/141/141 143/143/143 142/142/142
f 142/142/142 143/143/143 144/144/144
f 143/143/143 145/145/145 144/144/144
f 142/142/142 144/144/144 137/137/137
f 144/144/144 139/139/139 137/137/137
f 141/141/141 146/146/146 143/143/143
f 146/146/146 147/147/147 143/143/143
f 143/143/143 147/147/147 148/148/148
f 147/147/147 149/149/149 148/148/148
f 148/148/148 149/149/149 150/150/150
f 149/149/149 151/151/151 150/150/150
f 148/148/148 150/150/150 143/143/143
f 150/150/150 145/145/145 143/143/143
f 147/147/147 152/152/152 149/149/149
f 152/152/152 153/153/153 149/149/149
f 149/149/149 153/153/153 154/154/154
f 154/154/154 155/155/155 149/149/149
f 155/155/155 151/151/151 149/149/149
f 156/156/156 157/157/157 158/158/158
f 157/157/157 159/159/159 158/158/158
f 158/158/158 159/159/159 160/160/160
f 159/159/159 161/161/161 160/160/160
f 160/160/160 161/161/161 162/162/162
f 161/161/161 163/163/163 162/162/162
f 160/160/160 162/162/162 158/158/158
f 162/162/162 164/164/164 158/158/158
f 158/158/158 164/164/164 165/165/165
f 165/165/165 166/166/166 158/158/158
f 166/166/166 156/156/156 158/158/158
f 163/163/163 161/161/161 167/167/167
f 161/161/161 168/168/168 167/167/167
f 167/167/167 168/168/168 169/169/169
f 168/168/168 170/170/170 169/169/169
f 169/169/169 170/170/170 171/171/171
f 168/168/168 161/161/161 170/170/170
f 161/161/161 172/172/172 170/170/170
f 167/167/167 169/169/169 173/173/173
f 169/169/169 174/174/174 173/173/173
f 174/174/174 169/169/169 175/175/175
f 169/169/169 176/176/176 175/175/175
f 175/175/175 176/176/176 177/177/177
f 176/176/176 178/178/178 177/177/177
f 177/177/177 178/178/178 179/179/179
f 175/175/175 177/177/177 174/174/174
f 177/177/177 180/180/180 174/174/174
f 180/180/180 177/177/177 181/181/181
f 177/177/177 182/182/182 181/181/181
f 183/183/183 184/184/184 185/185/185
f 184/184/184 186/186/186 185/185/185
f 185/185/185 186/186/186 187/187/187
f 187/187/187 188/188/188 185/185/185
f 188/188/188 189/189/189 185/185/185
f 185/185/185 189/189/189 190/190/190
f 189/189/189 191/191/191 190/190/190
f 190/190/190 191/191/191 192/192/192
f 191/191/191 193/193/193 192/192/192
f 190/190/190 192/192/192 185/185/185
f 192/192/192 183/183/183 185/185/185
f 189/189/189 194/194/194 191/191/191
f 194/194/194 195/195/195 191/191/191
f 191/191/191 195/195/195 196/196/196
f 196/196/196 197/197/197 191/191/191
f 197/197/197 193/193/193 191/191/191
f 198/198/198 199/199/199 200/200/200
f 199/199/199 201/201/201 200/200/200
f 200/200/200 201/201/201 202/202/202
f 202/202/202 203/203/203 200/200/200
f 203/203/203 204/204/204 200/200/200
f 200/200/200 204/204/204 205/205/205
f 205/205/205 206/206/206 200/200/200
f 206/206/206 198/198/198 200/200/200
f 207/207/207 208/208/208 209/209/209
f 208/208/208 210/210/210 209/209/209
f 209/209/209 210/210/210 211/211/211
f 210/210/210 212/212/212 211/211/211
f 211/211/211 212/212/212 213/213/213
f 212/212/212 214/214/214 213/213/213
f 210/210/210 208/208/208 212/212/212
f 208/208/208 215/215/215 212/212/212
f 212/212/212 215/215/215 216/216/216
f 216/216/216 217/217/217 212/212/212
f 217/217/217 214/214/214 212/212/212
f 211/211/211 218/218/218 209/209/209
f 218/218/218 219/219/219 209/209/209
f 209/209/209 219/219/219 220/220/220
f 219/219/219 221/221/221 220/220/220
f 220/220/220 221/221/221 222/222/222
f 221/221/221 223/223/223 222/222/222
f 220/220/220 222/222/222 209/209/209
f 222/222/222 207/207/207 209/209/209
f 223/223/223 221/221/221 224/224/224
f 221/221/221 225/225/225 224/224/224
f 224/224/224 225/225/225 226/226/226
f 225/225/225 227/227/227 226/226/226
f 226/226/226 227/227/227 228/228/228
f 225/225/225 221/221/221 227/227/227
f 221/221/221 229/229/229 227/227/227
f 224/224/224 226/226/226 230/230/230
f 226/226/226 231/231/231 230/230/230
f 231/231/231 226/226/226 232/232/232
f 226/226/226 233/233/233 232/232/232
f 234/234/234 235/235/235 236/236/236
f 235/235/235 237/237/237 236/236/236
f 236/236/236 237/237/237 238/238/238
f 238/238/238 239/239/239 236/236/236
f 239/239/239 240/240/240 236/236/236
f 236/236/236 240/240/240 241/241/241
f 240/240/240 242/242/242 241/241/241
f 241/241/241 242/242/242 243/243/243
f 242/242/242 244/244/244 243/243/243
f 240/240/240 239/239/239 242/242/242
f 239/239/239 245/245/245 242/242/242
f 242/242/242 245/245/245 246/246/246
f 246/246/246 247/247/247 242/242/242
f 247/247/247 244/244/244 242/242/242
f 241/241/241 248/248/248 236/236/236
f 248/248/248 234/234/234 236/236/236
f 249/249/249 250/250/250 251/251/251
f 250/250/250 252/252/252 251/251/251
f 251/251/251 252/252/252 253/253/253
f 252/252/252 254/254/254 253/253/253
f 253/253/253 254/254/254 255/255/255
f 254/254/254 256/256/256 255/255/255
f 252/252/252 250/250/250 254/254/254
f 250/250/250 257/257/257 254/254/254
f 254/254/254 257/257/257 258/258/258
f 254/254/254 258/258/258 259/259/259
f 258/258/258 260/260/260 259/259/259
f 259/259/259 260/260/260 256/256/256
f 260/260/260 261/261/261 256/256/256
f 258/258/258 262/262/262 260/260/260
f 262/262/262 263/263/263 260/260/260
f 260/260/260 263/263/263 264/264/264
f 263/263/263 265/265/265 264/264/264
f 264/264/264 265/265/265 266/266/266
f 265/265/265 267/267/267 266/266/266
f 264/264/264 266/266/266 260/260/260
f 266/266/266 261/261/261 260/260/260
f 249/249/249 251/251/251 268/268/268
f 251/251/251 269/269/269 268/268/268
f 269/269/269 251/251/251 270/270/270
f 251/251/251 271/271/271 270/270/270
f 263/263/263 272/272/272 265/265/265
f 272/272/272 273/273/273 265/265/265
f 265/265/265 273/273/273 274/274/274
f 274/274/274 275/275/275 265/265/265
f 275/275/275 267/267/267 265/265/265
f 276/276/276 277/277/277 278/278/278
f 277/277/277 279/279/279 278/278/278
f 278/278/278 279/279/279 280/280/280
f 279/279/279 281/281/281 280/280/280
f 280/280/280 281/281/281 282/282/282
f 279/279/279 277/277/277 281/281/281
f 277/277/277 283/283/283 281/281/281
f 283/283/283 277/277/277 284/284/284
f 277/277/277 285/285/285 284/284/284
f 285/285/285 277/277/277 286/286/286
f 277/277/277 276/276/276 286/286/286
f 278/278/278 280/280/280 287/287/287
f 280/280/280 288/288/288 287/287/287
f 288/288/288 280/280/280 289/289/289
f 280/280/280 290/290/290 289/289/289
f 291/291/291 292/292/292 293/293/293
f 292/292/292 294/294/294 293/293/293
f 293/293/293 294/294/294 295/295/295
f 295/295/295 296/296/296 293/293/293
f 296/296/296 297/297/297 293/293/293
f 293/293/293 297/297/297 298/298/298
f 297/297/297 299/299/299 298/298/298
f 298/298/298 299/299/299 300/300/300
f 299/299/299 301/301/301 300/300/300
f 298/298/298 300/300/300 293/293/293
f 300/300/300 291/291/291 293/293/293
f 297/297/297 302/302/302 299/299/299
f 302/302/302 303/303/303 299/299/299
f 299/299/299 303/303/303 304/304/304
f 303/303/303 305/305/305 304/304/304
f 304/304/304 305/305/305 306/306/306
f 305/305/305 307/307/307 306/306/306
f 304/304/304 306/306/306 299/299/299
f 306/306/306 301/301/301 299/299/299
f 303/303/303 308/308/308 305/305/305
f 308/308/308 309/309/309 305/305/305
f 305/305/305 309/309/309 310/310/310
f 309/309/309 311/311/311 310/310/310
f 310/310/310 311/311/311 312/312/312
f 311/311/311 313/313/313 312/312/312
f 310/310/310 312/312/312 305/305/305
f 312/312/312 307/307/307 305/305/305
f 309/309/309 314/314/314 311/311/311
f 314/314/314 315/315/315 311/311/311
f 311/311/311 315/315/315 316/316/316
f 316/316/316 317/317/317 311/311/311
f 317/317/317 313/313/313 311/311/311
f 318/318/318 319/319/319 320/320/320
f 319/319/319 321/321/321 320/320/320
f 320/320/320 321/321/321 322/322/322
f 322/322/322 323/323/323 320/320/320
f 323/323/323 324/324/324 320/320/320
f 320/320/320 324/324/324 325/325/325
f 324/324/324 326/326/326 325/325/325
f 325/325/325 326/326/326 327/327/327
f 326/326/326 328/328/328 327/327/327
f 325/325/325 327/327/327 320/320/320
f 327/327/327 318/318/318 320/320/320
f 324/324/324 329/329/329 326/326/326
f 329/329/329 330/330/330 326/326/326
f 326/326/326 330/330/330 331/331/331
f 331/331/331 332/332/332 326/326/326
f 332/332/332 328/328/328 326/326/326
f 333/333/333 334/334/334 335/335/335
f 334/334/334 336/336/336 335/335/335
f 335/335/335 336/336/336 337/337/337
f 336/336/336 338/338/338 337/337/337
f 337/337/337 338/338/338 339/339/339
f 338/338/338 340/340/340 339/339/339
f 336/336/336 334/334/334 338/338/338
f 334/334/334 341/341/341 338/338/338
f 338/338/338 341/341/341 342/342/342
f 342/342/342 343/343/343 338/338/338
f 343/343/343 340/340/340 338/338/338
f 333/333/333 335/335/335 344/344/344
f 335/335/335 345/345/345 344/344/344
f 344/344/344 345/345/345 346/346/346
f 345/345/345 347/347/347 346/346/346
f 346/346/346 347/347/347 348/348/348
f 345/345/345 335/335/335 347/347/347
f 335/335/335 349/349/349 347/347/347
f 344/344/344 346/346/346 350/350/350
f 346/346/346 351/351/351 350/350/350
f 351/351/351 346/346/346 352/352/352
f 346/346/346 353/353/353 352/352/352
f 352/352/352 353/353/353 354/354/354
f 353/353/353 355/355/355 354/354/354
f 354/354/354 355/355/355 356/356/356
f 352/352/352 354/354/354 351/351/351
f 354/354/354 357/357/357 351/351/351
f 357/357/357 354/354/354 358/358/358
f 354/354/354 359/359/359 358/358/358
f 360/360/360 361/361/361 362/362/362
f 361/361/361 363/363/363 362/362/362
f 362/362/362 363/363/363 364/364/364
f 364/364/364 365/365/365 362/362/362
f 365/365/365 366/366/366 362/362/362
f 362/362/362 366/366/366 367/367/367
f 366/366/366 368/368/368 367/367/367
f 367/367/367 368/368/368 369/369/369
f 368/368/368 370/370/370 369/369/369
f 367/367/367 369/369/369 362/362/362
f 369/369/369 360/360/360 362/362/362
f 366/366/366 371/371/371 368/368/368
f 371/371/371 372/372/372 368/368/368
f 368/368/368 372/372/372 373/373/373
f 372/372/372 374/374/374 373/373/373
f 373/373/373 374/374/374 375/375/375
f 374/374/374 376/376/376 375/375/375
f 373/373/373 375/375/375 368/368/368
f 375/375/375 370/370/370 368/368/368
f 372/372/372 377/377/377 374/374/374
f 377/377/377 378/378/378 374/374/374
f 374/374/374 378/378/378 379/379/379
f 378/378/378 380/380/380 379/379/379
f 379/379/379 380/380/380 381/381/381
f 380/380/380 382/382/382 381/381/381
f 379/379/379 381/381/381 374/374/374
f 381/381/381 376/376/376 374/374/374
f 378/378/378 383/383/383 380/380/380
f 383/383/383 384/384/384 380/380/380
f 380/380/380 384/384/384 385/385/385
f 385/385/385 386/386/386 380/380/380
f 386/386/386 382/382/382 380/380/380
f 387/387/387 388/388/388 389/389/389
f 388/388/388 390/390/390 389/389/389
f 389/389/389 390/390/390 391/391/391
f 390/390/390 392/392/392 391/391/391
f 391/391/391 392/392/392 393/393/393
f 392/392/392 394/394/394 393/393/393
f 390/390/390 388/388/388 392/392/392
f 388/388/388 395/395/395 392/392/392
f 392/392/392 395/395/395 396/396/396
f 392/392/392 396/396/396 397/397/397
f 396/396/396 398/398/398 397/397/397
f 397/397/397 398/398/398 394/394/394
f 398/398/398 399/399/399 394/394/394
f 396/396/396 400/400/400 398/398/398
f 400/400/400 401/401/401 398/398/398
f 398/398/398 401/401/401 402/402/402
f 402/402/402 403/403/403 398/398/398
f 403/403/403 399/399/399 398/398/398
f 387/387/387 389/389/389 404/404/404
f 389/389/389 405/405/405 404/404/404
f 404/404/404 405/405/405 406/406/406
f 405/405/405 407/407/407 406/406/406
f 406/406/406 407/407/407 408/408/408
f 405/405/405 389/389/389 407/407/407
f 389/389/389 409/409/409 407/407/407
f 404/404/404 406/406/406 410/410/410
f 406/406/406 411/411/411 410/410/410
f 411/411/411 406/406/406 412/412/412
f 406/406/406 413/413/413 412/412/412
f 414/414/414 415/415/415 416/416/416
f 415/415/415 417/417/417 416/416/416
f 416/416/416 417/417/417 418/418/418
f 418/418/418 419/419/419 416/416/416
f 419/419/419 420/420/420 416/416/416
f 416/416/416 420/420/420 421/421/421
f 420/420/420 422/422/422 421/421/421
f 421/421/421 422/422/422 423/423/423
f 422/422/422 424/424/424 423/423/423
f 421/421/421 423/423/423 416/416/416
f 423/423/423 414/414/414 416/416/416
f 420/420/420 425/425/425 422/422/422
f 425/425/425 426/426/426 422/422/422
f 422/422/422 426/426/426 427/427/427
f 427/427/427 428/428/428 422/422/422
f 428/428/428 424/424/424 422/422/422
f 429/429/429 430/430/430 431/431/431
f 430/430/430 432/432/432 431/431/431
f 431/431/431 432/432/432 433/433/433
f 432/432/432 434/434/434 433/433/433
f 433/433/433 434/434/434 435/435/435
f 434/434/434 436/436/436 435/435/435
f 432/432/432 430/430/430 434/434/434
f 430/430/430 437/437/437 434/434/434
f 434/434/434 437/437/437 438/438/438
f 434/434/434 438/438/438 439/439/439
f 438/438/438 440/440/440 439/439/439
f 439/439/439 440/440/440 436/436/436
f 440/440/440 441/441/441 436/436/436
f 438/438/438 442/442/442 440/440/440
f 442/442/442 443/443/443 440/440/440
f 440/440/440 443/443/443 444/444/444
f 444/444/444 445/445/445 440/440/440
f 445/445/445 441/441/441 440/440/440
f 429/429/429 431/431/431 446/446/446
f 431/431/431 447/447/447 446/446/446
f 446/446/446 447/447/447 448/448/448
f 447/447/447 449/449/449 448/448/448
f 448/448/448 449/449/449 450/450/450
f 447/447/447 431/431/431 449/449/449
f 431/431/431 451/451/451 449/449/449
f 446/446/446 448/448/448 452/452/452
f 448/448/448 453/453/453 452/452/452
f 453/453/453 448/448/448 454/454/454
f 448/448/448 455/455/455 454/454/454
f 456/456/456 457/457/457 458/458/458
f 457/457/457 459/459/459 458/458/458
f 458/458/458 459/459/459 460/460/460
f 459/459/459 461/461/461 460/460/460
f 460/460/460 461/461/461 462/462/462
f 459/459/459 457/457/457 461/461/461
f 457/457/457 463/463/463 461/461/461
f 463/463/463 457/457/457 464/464/464
f 457/457/457 465/465/465 464/464/464
f 465/465/465 457/457/457 466/466/466
f 457/457/457 456/456/456 466/466/466
f 458/458/458 460/460/460 467/467/467
f 460/460/460 468/468/468 467/467/467
f 468/468/468 460/460/460 469/469/469
f 460/460/460 470/470/470 469/469/469
f 471/471/471 472/472/472 473/473/473
f 472/472/472 474/474/474 473/473/473
f 473/473/473 474/474/474 475/475/475
f 471/471/471 473/473/473 476/476/476
f 473/473/473 477/477/477 476/476/476
f 477/477/477 473/473/473 478/478/478
f 473/473/473 479/479/479 478/478/478
f 478/478/478 479/479/479 480/480/480
f 479/479/479 475/475/475 480/480/480
f 480/480/480 475/475/475 481/481/481
f 481/481/481 482/482/482 480/480/480
f 482/482/482 483/483/483 480/480/480
f 480/480/480 483/483/483 484/484/484
f 483/483/483 485/485/485 484/484/484
f 484/484/484 485/485/485 486/486/486
f 485/485/485 487/487/487 486/486/486
f 483/483/483 482/482/482 485/485/485
f 482/482/482 488/488/488 485/485/485
f 485/485/485 488/488/488 489/489/489
f 485/485/485 489/489/489 490/490/490
f 489/489/489 491/491/491 490/490/490
f 490/490/490 491/491/491 487/487/487
f 491/491/491 492/492/492 487/487/487
f 489/489/489 493/493/493 491/491/491
f 493/493/493 494/494/494 491/491/491
f 491/491/491 494/494/494 495/495/495
f 495/495/495 496/496/496 491/491/491
f 496/496/496 492/492/492 491/491/491
f 478/478/478 480/480/480 497/497/497
f 480/480/480 484/484/484 497/497/497
f 498/498/498 499/499/499 500/500/500
f 499/499/499 501/501/501 500/500/500
f 500/500/500 501/501/501 502/502/502
f 501/501/501 503/503/503 502/502/502
f 502/502/502 503/503/503 504/504/504
f 503/503/503 505/505/505 504/504/504
f 502/502/502 504/504/504 500/500/500
f 504/504/504 506/506/506 500/500/500
f 500/500/500 506/506/506 507/507/507
f 500/500/500 507/507/507 508/508/508
f 507/507/507 509/509/509 508/508/508
f 508/508/508 509/509/509 498/498/498
f 509/509/509 510/510/510 498/498/498
f 507/507/507 511/511/511 509/509/509
f 511/511/511 512/512/512 509/509/509
f 509/509/509 512/512/512 513/513/513
f 513/513/513 514/514/514 509/509/509
f 514/514/514 510/510/510 509/509/509
f 501/501/501 515/515/515 503/503/503
f 515/515/515 516/516/516 503/503/503
f 503/503/503 516/516/516 517/517/517
f 517/517/517 518/518/518 503/503/503
f 518/518/518 505/505/505 503/503/503
f 519/519/519 520/520/520 521/521/521
f 520/520/520 522/522/522 521/521/521
f 521/521/521 522/522/522 523/523/523
f 523/523/523 524/524/524 521/521/521
f 524/524/524 525/525/525 521/521/521
f 521/521/521 525/525/525 526/526/526
f 526/526/526 527/527/527 521/521/521
f 527/527/527 519/519/519 521/521/521
f 528/528/528 529/529/529 530/530/530
f 529/529/529 531/531/531 530/530/530
f 530/530/530 531/531/531 532/532/532
f 528/528/528 530/530/530 533/533/533
f 530/530/530 534/534/534 533/533/533
f 534/534/534 530/530/530 535/535/535
f 530/530/530 536/536/536 535/535/535
f 535/535/535 536/536/536 537/537/537
f 536/536/536 532/532/532 537/537/537
f 537/537/537 532/532/532 538/538/538
f 538/538/538 539/539/539 537/537/537
f 539/539/539 540/540/540 537/537/537
f 537/537/537 540/540/540 541/541/541
f 540/540/540 542/542/542 541/541/541
f 541/541/541 542/542/542 543/543/543
f 542/542/542 544/544/544 543/543/543
f 540/540/540 539/539/539 542/542/542
f 539/539/539 545/545/545 542/542/542
f 542/542/542 545/545/545 546/546/546
f 542/542/542 546/546/546 547/547/547
f 546/546/546 548/548/548 547/547/547
f 547/547/547 548/548/548 544/544/544
f 548/548/548 549/549/549 544/544/544
f 546/546/546 550/550/550 548/548/548
f 550/550/550 551/551/551 548/548/548
f 548/548/548 551/551/551 552/552/552
f 552/552/552 553/553/553 548/548/548
f 553/553/553 549/549/549 548/548/548
f 535/535/535 537/537/537 554/554/554
f 537/537/537 541/541/541 554/554/554
f 555/555/555 556/556/556 557/557/557
f 556/556/556 558/558/558 557/557/557
f 557/557/557 558/558/558 559/559/559
f 558/558/558 560/560/560 559/559/559
f 559/559/559 560/560/560 561/561/561
f 560/560/560 562/562/562 561/561/561
f 558/558/558 556/556/556 560/560/560
f 556/556/556 563/563/563 560/560/560
f 560/560/560 563/563/563 564/564/564
f 564/564/564 565/565/565 560/560/560
f 565/565/565 562/562/562 560/560/560
f 555/555/555 557/557/557 566/566/566
f 557/557/557 567/567/567 566/566/566
f 566/566/566 567/567/567 568/568/568
f 567/567/567 569/569/569 568/568/568
f 568/568/568 569/569/569 570/570/570
f 567/567/567 557/557/557 569/569/569
f 557/557/557 571/571/571 569/569/569
f 566/566/566 568/568/568 572/572/572
f 568/568/568 573/573/573 572/572/572
f 573/573/573 568/568/568 574/574/574
f 568/568/568 575/575/575 574/574/574
f 576/576/576 577/577/577 578/578/578
f 577/577/577 579/579/579 578/578/578
f 578/578/578 579/579/579 580/580/580
f 580/580/580 581/581/581 578/578/578
f 581/581/581 582/582/582 578/578/578
f 578/578/578 582/582/582 583/583/583
f 583/583/583 584/584/584 578/578/578
f 584/584/584 576/576/576 578/578/578
f 585/585/585 586/586/586 587/587/587
f 586/586/586 588/588/588 587/587/587
f 587/587/587 588/588/588 589/589/589
f 589/589/589 590/590/590 587/587/587
f 590/590/590 591/591/591 587/587/587
f 587/587/587 591/591/591 592/592/592
f 592/592/592 593/593/593 587/587/587
f 593/593/593 585/585/585 587/587/587
f 594/594/594 595/595/595 596/596/596
f 595/595/595 597/597/597 596/596/596
f 596/596/596 597/597/597 598/598/598
f 597/597/597 599/599/599 598/598/598
f 598/598/598 599/599/599 600/600/600
f 599/599/599 601/601/601 600/600/600
f 597/597/597 595/595/595 599/599/599
f 595/595/595 602/602/602 599/599/599
f 599/599/599 602/602/602 603/603/603
f 599/599/599 603/603/603 604/604/604
f 603/603/603 605/605/605 604/604/604
f 604/604/604 605/605/605 601/601/601
f 605/605/605 606/606/606 601/601/601
f 603/603/603 607/607/607 605/605/605
f 607/607/607 608/608/608 605/605/605
f 605/605/605 608/608/608 609/609/609
f 609/609/609 610/610/610 605/605/605
f 610/610/610 606/606/606 605/605/605
f 594/594/594 596/596/596 611/611/611
f 596/596/596 612/612/612 611/611/611
f 611/611/611 612/612/612 613/613/613
f 612/612/612 614/614/614 613/613/613
f 613/613/613 614/614/614 615/615/615
f 612/612/612 596/596/596 614/614/614
f 596/596/596 616/616/616 614/614/614
f 611/611/611 613/613/613 617/617/617
f 613/613/613 618/618/618 617/617/617
f 618/618/618 613/613/613 619/619/619
f 613/613/613 620/620/620 619/619/619
f 621/621/621 622/622/622 623/623/623
f 622/622/622 624/624/624 623/623/623
f 623/623/623 624/624/624 625/625/625
f 625/625/625 626/626/626 623/623/623
f 626/626/626 627/627/627 623/623/623
f 623/623/623 627/627/627 628/628/628
f 628/628/628 629/629/629 623/623/623
f 629/629/629 621/621/621 623/623/623
f 630/630/630 631/631/631 632/632/632
f 631/631/631 633/633/633 632/632/632
f 632/632/632 633/633/633 634/634/634
f 634/634/634 635/635/635 632/632/632
f 635/635/635 636/636/636 632/632/632
f 632/632/632 636/636/636 637/637/637
f 637/637/637 638/638/638 632/632/632
f 638/638/638 630/630/630 632/632/632
f 639/639/639 640/640/640 641/641/641
f 640/640/640 642/642/642 641/641/641
f 641/641/641 642/642/642 643/643/643
f 643/643/643 644/644/644 641/641/641
f 644/644/644 645/645/645 641/641/641
f 641/641/641 645/645/645 646/646/646
f 646/646/646 647/647/647 641/641/641
f 647/647/647 639/639/639 641/641/641
f 648/648/648 649/649/649 650/650/650
f 649/649/649 651/651/651 650/650/650
f 650/650/650 651/651/651 652/652/652
f 651/651/651 653/653/653 652/652/652
f 652/652/652 653/653/653 654/654/654
f 653/653/653 655/655/655 654/654/654
f 654/654/654 655/655/655 656/656/656
f 655/655/655 657/657/657 656/656/656
f 656/656/656 657/657/657 658/658/658
f 657/657/657 659/659/659 658/658/658
f 658/658/658 659/659/659 660/660/660
f 659/659/659 661/661/661 660/660/660
f 660/660/660 661/661/661 662/662/662
f 661/661/661 663/663/663 662/662/662
f 662/662/662 663/663/663 664/664/664
f 663/663/663 665/665/665 664/664/664
f 664/664/664 665/665/665 666/666/666
f 665/665/665 667/667/667 666/666/666
f 664/664/664 668/668/668 662/662/662
f 668/668/668 669/669/669 662/662/662
f 662/662/662 669/669/669 670/670/670
f 669/669/669 671/671/671 670/670/670
f 670/670/670 671/671/671 658/658/658
f 671/671/671 672/672/672 658/658/658
f 658/658/658 672/672/672 656/656/656
f 672/672/672 673/673/673 656/656/656
f 656/656/656 673/673/673 674/674/674
f 673/673/673 675/675/675 674/674/674
f 674/674/674 675/675/675 652/652/652
f 675/675/675 676/676/676 652/652/652
f 652/652/652 676/676/676 650/650/650
f 676/676/676 677/677/677 650/650/650
f 650/650/650 677/677/677 678/678/678
f 669/669/669 679/679/679 671/671/671
f 679/679/679 680/680/680 671/671/671
f 671/671/671 680/680/680 681/681/681
f 680/680/680 682/682/682 681/681/681
f 681/681/681 682/682/682 673/673/673
f 682/682/682 683/683/683 673/673/673
f 673/673/673 683/683/683 675/675/675
f 683/683/683 684/684/684 675/675/675
f 675/675/675 684/684/684 685/685/685
f 685/685/685 677/677/677 675/675/675
f 677/677/677 676/676/676 675/675/675
f 648/648/648 650/650/650 686/686/686
f 650/650/650 678/678/678 686/686/686
f 651/651/651 649/649/649 653/653/653
f 649/649/649 687/687/687 653/653/653
f 653/653/653 687/687/687 688/688/688
f 653/653/653 688/688/688 689/689/689
f 688/688/688 690/690/690 689/689/689
f 689/689/689 690/690/690 655/655/655
f 690/690/690 691/691/691 655/655/655
f 655/655/655 691/691/691 659/659/659
f 691/691/691 692/692/692 659/659/659
f 659/659/659 692/692/692 693/693/693
f 692/692/692 694/694/694 693/693/693
f 693/693/693 694/694/694 661/661/661
f 694/694/694 695/695/695 661/661/661
f 661/661/661 695/695/695 665/665/665
f 695/695/695 696/696/696 665/665/665
f 665/665/665 696/696/696 697/697/697
f 688/688/688 698/698/698 690/690/690
f 698/698/698 699/699/699 690/690/690
f 690/690/690 699/699/699 700/700/700
f 699/699/699 701/701/701 700/700/700
f 700/700/700 701/701/701 692/692/692
f 701/701/701 702/702/702 692/692/692
f 692/692/692 702/702/702 694/694/694
f 702/702/702 703/703/703 694/694/694
f 694/694/694 703/703/703 704/704/704
f 704/704/704 696/696/696 694/694/694
f 696/696/696 695/695/695 694/694/694
f 674/674/674 652/652/652 656/656/656
f 652/652/652 654/654/654 656/656/656
f 702/702/702 701/701/701 703/703/703
f 701/701/701 705/705/705 703/703/703
f 705/705/705 701/701/701 706/706/706
f 701/701/701 707/707/707 706/706/706
f 700/700/700 692/692/692 690/690/690
f 692/692/692 691/691/691 690/690/690
f 683/683/683 682/682/682 684/684/684
f 682/682/682 708/708/708 684/684/684
f 708/708/708 682/682/682 709/709/709
f 682/682/682 710/710/710 709/709/709
f 660/660/660 662/662/662 658/658/658
f 662/662/662 670/670/670 658/658/658
f 672/672/672 671/671/671 673/673/673
f 671/671/671 681/681/681 673/673/673
f 711/711/711 712/712/712 713/713/713
f 712/712/712 714/714/714 713/713/713
f 713/713/713 714/714/714 715/715/715
f 715/715/715 716/716/716 713/713/713
f 716/716/716 717/717/717 713/713/713
f 713/713/713 717/717/717 718/718/718
f 717/717/717 719/719/719 718/718/718
f 718/718/718 719/719/719 720/720/720
f 719/719/719 721/721/721 720/720/720
f 718/718/718 720/720/720 713/713/713
f 720/720/720 711/711/711 713/713/713
f 717/717/717 722/722/722 719/719/719
f 722/722/722 723/723/723 719/719/719
f 719/719/719 723/723/723 724/724/724
f 724/724/724 725/725/725 719/719/719
f 725/725/725 721/721/721 719/719/719
f 726/726/726 727/727/727 728/728/728
f 727/727/727 729/729/729 728/728/728
f 728/728/728 729/729/729 730/730/730
f 729/729/729 731/731/731 730/730/730
f 730/730/730 731/731/731 732/732/732
f 731/731/731 733/733/733 732/732/732
f 729/729/729 727/727/727 731/731/731
f 727/727/727 734/734/734 731/731/731
f 731/731/731 734/734/734 735/735/735
f 735/735/735 736/736/736 731/731/731
f 736/736/736 733/733/733 731/731/731
f 726/726/726 728/728/728 737/737/737
f 728/728/728 738/738/738 737/737/737
f 738/738/738 728/728/728 739/739/739
f 728/728/728 740/740/740 739/739/739
f 741/741/741 742/742/742 743/743/743
f 742/742/742 744/744/744 743/743/743
f 743/743/743 744/744/744 745/745/745
f 745/745/745 746/746/746 743/743/743
f 746/746/746 747/747/747 743/743/743
f 743/743/743 747/747/747 748/748/748
f 748/748/748 749/749/749 743/743/743
f 749/749/749 741/741/741 743/743/743
f 750/750/750 751/751/751 752/752/752
f 751/751/751 753/753/753 752/752/752
f 752/752/752 753/753/753 754/754/754
f 753/753/753 755/755/755 754/754/754
f 754/754/754 755/755/755 756/756/756
f 755/755/755 757/757/757 756/756/756
f 753/753/753 751/751/751 755/755/755
f 751/751/751 758/758/758 755/755/755
f 755/755/755 758/758/758 759/759/759
f 759/759/759 760/760/760 755/755/755
f 760/760/760 757/757/757 755/755/755
f 750/750/750 752/752/752 761/761/761
f 752/752/752 762/762/762 761/761/761
f 762/762/762 752/752/752 763/763/763
f 752/752/752 764/764/764 763/763/763
f 765/765/765 766/766/766 767/767/767
f 766/766/766 768/768/768 767/767/767
f 767/767/767 768/768/768 769/769/769
f 765/765/765 767/767/767 770/770/770
f 767/767/767 771/771/771 770/770/770
f 771/771/771 767/767/767 772/772/772
f 767/767/767 773/773/773 772/772/772
f 772/772/772 773/773/773 774/774/774
f 773/773/773 769/769/769 774/774/774
f 774/774/774 769/769/769 775/775/775
f 775/775/775 776/776/776 774/774/774
f 776/776/776 777/777/777 774/774/774
f 774/774/774 777/777/777 778/778/778
f 777/777/777 779/779/779 778/778/778
f 778/778/778 779/779/779 780/780/780
f 779/779/779 781/781/781 780/780/780
f 777/777/777 776/776/776 779/779/779
f 776/776/776 782/782/782 779/779/779
f 779/779/779 782/782/782 783/783/783
f 779/779/779 783/783/783 784/784/784
f 783/783/783 785/785/785 784/784/784
f 784/784/784 785/785/785 781/781/781
f 785/785/785 786/786/786 781/781/781
f 783/783/783 787/787/787 785/785/785
f 787/787/787 788/788/788 785/785/785
f 785/785/785 788/788/788 789/789/789
f 789/789/789 790/790/790 785/785/785
f 790/790/790 786/786/786 785/785/785
f 772/772/772 774/774/774 791/791/791
f 774/774/774 778/778/778 791/791/791
f 792/792/792 793/793/793 794/794/794
f 793/793/793 795/795/795 794/794/794
f 794/794/794 795/795/795 796/796/796
f 796/796/796 797/797/797 794/794/794
f 797/797/797 798/798/798 794/794/794
f 794/794/794 798/798/798 799/799/799
f 799/799/799 800/800/800 794/794/794
f 800/800/800 792/792/792 794/794/794
f 801/801/801 802/802/802 803/803/803
f 802/802/802 804/804/804 803/803/803
f 803/803/803 804/804/804 805/805/805
f 804/804/804 806/806/806 805/805/805
f 805/805/805 806/806/806 807/807/807
f 806/806/806 808/808/808 807/807/807
f 805/805/805 807/807/807 803/803/803
f 807/807/807 809/809/809 803/803/803
f 803/803/803 809/809/809 810/810/810
f 803/803/803 810/810/810 811/811/811
f 810/810/810 812/812/812 811/811/811
f 811/811/811 812/812/812 801/801/801
f 812/812/812 813/813/813 801/801/801
f 810/810/810 814/814/814 812/812/812
f 814/814/814 815/815/815 812/812/812
f 812/812/812 815/815/815 816/816/816
f 816/816/816 817/817/817 812/812/812
f 817/817/817 813/813/813 812/812/812
f 804/804/804 818/818/818 806/806/806
f 818/818/818 819/819/819 806/806/806
f 806/806/806 819/819/819 820/820/820
f 819/819/819 821/821/821 820/820/820
f 820/820/820 821/821/821 822/822/822
f 821/821/821 823/823/823 822/822/822
f 820/820/820 822/822/822 806/806/806
f 822/822/822 808/808/808 806/806/806
f 819/819/819 824/824/824 821/821/821
f 824/824/824 825/825/825 821/821/821
f 821/821/821 825/825/825 826/826/826
f 826/826/826 827/827/827 821/821/821
f 827/827/827 823/823/823 821/821/821
f 828/828/828 829/829/829 830/830/830
f 829/829/829 831/831/831 830/830/830
f 830/830/830 831/831/831 832/832/832
f 832/832/832 833/833/833 830/830/830
f 833/833/833 834/834/834 830/830/830
f 830/830/830 834/834/834 835/835/835
f 834/834/834 836/836/836 835/835/835
f 835/835/835 836/836/836 837/837/837
f 836/836/836 838/838/838 837/837/837
f 834/834/834 833/833/833 836/836/836
f 833/833/833 839/839/839 836/836/836
f 836/836/836 839/839/839 840/840/840
f 836/836/836 840/840/840 841/841/841
f 840/840/840 842/842/842 841/841/841
f 841/841/841 842/842/842 838/838/838
f 842/842/842 843/843/843 838/838/838
f 840/840/840 844/844/844 842/842/842
f 844/844/844 845/845/845 842/842/842
f 842/842/842 845/845/845 846/846/846
f 845/845/845 847/847/847 846/846/846
f 846/846/846 847/847/847 848/848/848
f 847/847/847 849/849/849 848/848/848
f 846/846/846 848/848/848 842/842/842
f 848/848/848 843/843/843 842/842/842
f 835/835/835 850/850/850 830/830/830
f 850/850/850 828/828/828 830/830/830
f 845/845/845 851/851/851 847/847/847
f 851/851/851 852/852/852 847/847/847
f 847/847/847 852/852/852 853/853/853
f 853/853/853 854/854/854 847/847/847
f 854/854/854 849/849/849 847/847/847
f 855/855/855 856/856/856 857/857/857
f 856/856/856 858/858/858 857/857/857
f 857/857/857 858/858/858 859/859/859
f 859/859/859 860/860/860 857/857/857
f 860/860/860 861/861/861 857/857/857
f 857/857/857 861/861/861 862/862/862
f 861/861/861 863/863/863 862/862/862
f 862/862/862 863/863/863 864/864/864
f 863/863/863 865/865/865 864/864/864
f 862/862/862 864/864/864 857/857/857
f 864/864/864 855/855/855 857/857/857
f 861/861/861 866/866/866 863/863/863
f 866/866/866 867/867/867 863/863/863
f 863/863/863 867/867/867 868/868/868
f 868/868/868 869/869/869 863/863/863
f 869/869/869 865/865/865 863/863/863
f 870/870/870 871/871/871 872/872/872
f 871/871/871 873/873/873 872/872/872
f 872/872/872 873/873/873 874/874/874
f 874/874/874 875/875/875 872/872/872
f 875/875/875 876/876/876 872/872/872
f 872/872/872 876/876/876 877/877/877
f 876/876/876 878/878/878 877/877/877
f 877/877/877 878/878/878 879/879/879
f 878/878/878 880/880/880 879/879/879
f 877/877/877 879/879/879 872/872/872
f 879/879/879 870/870/870 872/872/872
f 876/876/876 881/881/881 878/878/878
f 881/881/881 882/882/882 878/878/878
f 878/878/878 882/882/882 883/883/883
f 882/882/882 884/884/884 883/883/883
f 883/883/883 884/884/884 885/885/885
f 884/884/884 886/886/886 885/885/885
f 883/883/883 885/885/885 878/878/878
f 885/885/885 880/880/880 878/878/878
f 886/886/886 884/884/884 887/887/887
f 884/884/884 888/888/888 887/887/887
f 887/887/887 888/888/888 889/889/889
f 888/888/888 890/890/890 889/889/889
f 889/889/889 890/890/890 891/891/891
f 888/888/888 884/884/884 890/890/890
f 884/884/884 892/892/892 890/890/890
f 887/887/887 889/889/889 893/893/893
f 889/889/889 894/894/894 893/893/893
f 894/894/894 889/889/889 895/895/895
f 889/889/889 896/896/896 895/895/895
f 897/897/897 898/898/898 899/899/899
f 898/898/898 900/900/900 899/899/899
f 899/899/899 900/900/900 901/901/901
f 900/900/900 902/902/902 901/901/901
f 901/901/901 902/902/902 903/903/903
f 902/902/902 904/904/904 903/903/903
f 900/900/900 898/898/898 902/902/902
f 898/898/898 905/905/905 902/902/902
f 902/902/902 905/905/905 906/906/906
f 906/906/906 907/907/907 902/902/902
f 907/907/907 904/904/904 902/902/902
f 897/897/897 899/899/899 908/908/908
f 899/899/899 909/909/909 908/908/908
f 909/909/909 899/899/899 910/910/910
f 899/899/899 911/911/911 910/910/910
f 912/912/912 913/913/913 914/914/914
f 913/913/913 915/915/915 914/914/914
f 914/914/914 915/915/915 916/916/916
f 915/915/915 917/917/917 916/916/916
f 916/916/916 917/917/917 918/918/918
f 917/917/917 919/919/919 918/918/918
f 915/915/915 913/913/913 917/917/917
f 913/913/913 920/920/920 917/917/917
f 917/917/917 920/920/920 921/921/921
f 917/917/917 921/921/921 922/922/922
f 921/921/921 923/923/923 922/922/922
f 922/922/922 923/923/923 919/919/919
f 923/923/923 924/924/924 919/919/919
f 921/921/921 925/925/925 923/923/923
f 925/925/925 926/926/926 923/923/923
f 923/923/923 926/926/926 927/927/927
f 926/926/926 928/928/928 927/927/927
f 927/927/927 928/928/928 929/929/929
f 928/928/928 930/930/930 929/929/929
f 927/927/927 929/929/929 923/923/923
f 929/929/929 924/924/924 923/923/923
f 916/916/916 931/931/931 914/914/914
f 931/931/931 932/932/932 914/914/914
f 914/914/914 932/932/932 933/933/933
f 933/933/933 934/934/934 914/914/914
f 934/934/934 912/912/912 914/914/914
f 930/930/930 928/928/928 935/935/935
f 928/928/928 936/936/936 935/935/935
f 936/936/936 928/928/928 937/937/937
f 928/928/928 938/938/938 937/937/937
f 939/939/939 940/940/940 941/941/941
f 940/940/940 942/942/942 941/941/941
f 941/941/941 942/942/942 943/943/943
f 943/943/943 944/944/944 941/941/941
f 944/944/944 945/945/945 941/941/941
f 941/941/941 945/945/945 946/946/946
f 945/945/945 947/947/947 946/946/946
f 946/946/946 947/947/947 948/948/948
f 947/947/947 949/949/949 948/948/948
f 945/945/945 944/944/944 947/947/947
f 944/944/944 950/950/950 947/947/947
f 947/947/947 950/950/950 951/951/951
f 951/951/951 952/952/952 947/947/947
f 952/952/952 949/949/949 947/947/947
f 939/939/939 941/941/941 953/953/953
f 941/941/941 946/946/946 953/953/953
f 954/954/954 955/955/955 956/956/956
f 955/955/955 957/957/957 956/956/956
f 956/956/956 957/957/957 958/958/958
f 957/957/957 959/959/959 958/958/958
f 958/958/958 959/959/959 960/960/960
f 959/959/959 961/961/961 960/960/960
f 957/957/957 955/955/955 959/959/959
f 955/955/955 962/962/962 959/959/959
f 959/959/959 962/962/962 963/963/963
f 959/959/959 963/963/963 964/964/964
f 963/963/963 965/965/965 964/964/964
f 964/964/964 965/965/965 961/961/961
f 965/965/965 966/966/966 961/961/961
f 963/963/963 967/967/967 965/965/965
f 967/967/967 968/968/968 965/965/965
f 965/965/965 968/968/968 969/969/969
f 968/968/968 970/970/970 969/969/969
f 969/969/969 970/970/970 971/971/971
f 970/970/970 972/972/972 971/971/971
f 969/969/969 971/971/971 965/965/965
f 971/971/971 966/966/966 965/965/965
f 954/954/954 956/956/956 973/973/973
f 956/956/956 974/974/974 973/973/973
f 974/974/974 956/956/956 975/975/975
f 956/956/956 976/976/976 975/975/975
f 968/968/968 977/977/977 970/970/970
f 977/977/977 978/978/978 970/970/970
f 970/970/970 978/978/978 979/979/979
f 979/979/979 980/980/980 970/970/970
f 980/980/980 972/972/972 970/970/970
f 981/981/981 982/982/982 983/983/983
f 982/982/982 984/984/984 983/983/983
f 983/983/983 984/984/984 985/985/985
f 984/984/984 986/986/986 985/985/985
f 985/985/985 986/986/986 987/987/987
f 984/984/984 982/982/982 986/986/986
f 982/982/982 988/988/988 986/986/986
f 988/988/988 982/982/982 989/989/989
f 982/982/982 990/990/990 989/989/989
f 990/990/990 982/982/982 991/991/991
f 982/982/982 981/981/981 991/991/991
f 983/983/983 985/985/985 992/992/992
f 985/985/985 993/993/993 992/992/992
f 993/993/993 985/985/985 994/994/994
f 985/985/985 995/995/995 994/994/994
f 994/994/994 995/995/995 996/996/996
f 995/995/995 997/997/997 996/996/996
f 996/996/996 997/997/997 998/998/998
f 994/994/994 996/996/996 993/993/993
f 996/996/996 999/999/999 993/993/993
f 999/999/999 996/996/996 1000/1000/1000
f 996/996/996 1001/1001/1001 1000/1000/1000
f 1000/1000/1000 1001/1001/1001 1002/1002/1002
f 1001/1001/1001 998/998/998 1002/1002/1002
f 1002/1002/1002 998/998/998 1003/1003/1003
f 1003/1003/1003 1004/1004/1004 1002/1002/1002
f 1004/1004/1004 1005/1005/1005 1002/1002/1002
f 1002/1002/1002 1005/1005/1005 1006/1006/1006
f 1006/1006/1006 1007/1007/1007 1002/1002/1002
f 1007/1007/1007 1000/1000/1000 1002/1002/1002
f 1008/1008/1008 1009/1009/1009 1010/1010/1010
f 1009/1009/1009 1011/1011/1011 1010/1010/1010
f 1010/1010/1010 1011/1011/1011 1012/1012/1012
f 1011/1011/1011 1013/1013/1013 1012/1012/1012
f 1012/1012/1012 1013/1013/1013 1014/1014/1014
f 1013/1013/1013 1015/1015/1015 1014/1014/1014
f 1011/1011/1011 1009/1009/1009 1013/1013/1013
f 1009/1009/1009 1016/1016/1016 1013/1013/1013
f 1013/1013/1013 1016/1016/1016 1017/1017/1017
f 1013/1013/1013 1017/1017/1017 1018/1018/1018
f 1017/1017/1017 1019/1019/1019 1018/1018/1018
f 1018/1018/1018 1019/1019/1019 1015/1015/1015
f 1019/1019/1019 1020/1020/1020 1015/1015/1015
f 1017/1017/1017 1021/1021/1021 1019/1019/1019
f 1021/1021/1021 1022/1022/1022 1019/1019/1019
f 1019/1019/1019 1022/1022/1022 1023/1023/1023
f 1023/1023/1023 1024/1024/1024 1019/1019/1019
f 1024/1024/1024 1020/1020/1020 1019/1019/1019
f 1008/1008/1008 1010/1010/1010 1025/1025/1025
f 1010/1010/1010 1026/1026/1026 1025/1025/1025
f 1025/1025/1025 1026/1026/1026 1027/1027/1027
f 1026/1026/1026 1028/1028/1028 1027/1027/1027
f 1027/1027/1027 1028/1028/1028 1029/1029/1029
f 1026/1026/1026 1010/1010/1010 1028/1028/1028
f 1010/1010/1010 1030/1030/1030 1028/1028/1028
f 1025/1025/1025 1027/1027/1027 1031/1031/1031
f 1027/1027/1027 1032/1032/1032 1031/1031/1031
f 1032/1032/1032 1027/1027/1027 1033/1033/1033
f 1027/1027/1027 1034/1034/1034 1033/1033/1033
f 1035/1035/1035 1036/1036/1036 1037/1037/1037
f 1036/1036/1036 1038/1038/1038 1037/1037/1037
f 1037/1037/1037 1038/1038/1038 1039/1039/1039
f 1039/1039/1039 1040/1040/1040 1037/1037/1037
f 1040/1040/1040 1041/1041/1041 1037/1037/1037
f 1037/1037/1037 1041/1041/1041 1042/1042/1042
f 1042/1042/1042 1043/1043/1043 1037/1037/1037
f 1043/1043/1043 1035/1035/1035 1037/1037/1037
f 1044/1044/1044 1045/1045/1045 1046/1046/1046
f 1045/1045/1045 1047/1047/1047 1046/1046/1046
f 1046/1046/1046 1047/1047/1047 1048/1048/1048
f 1048/1048/1048 1049/1049/1049 1046/1046/1046
f 1049/1049/1049 1050/1050/1050 1046/1046/1046
f 1046/1046/1046 1050/1050/1050 1051/1051/1051
f 1051/1051/1051 1052/1052/1052 1046/1046/1046
f 1052/1052/1052 1044/1044/1044 1046/1046/1046
f 1053/1053/1053 1054/1054/1054 1055/1055/1055
f 1054/1054/1054 1056/1056/1056 1055/1055/1055
f 1055/1055/1055 1056/1056/1056 1057/1057/1057
f 1057/1057/1057 1058/1058/1058 1055/1055/1055
f 1058/1058/1058 1059/1059/1059 1055/1055/1055
f 1055/1055/1055 1059/1059/1059 1060/1060/1060
f 1060/1060/1060 1061/1061/1061 1055/1055/1055
f 1061/1061/1061 1053/1053/1053 1055/1055/1055
f 1062/1062/1062 1063/1063/1063 1064/1064/1064
f 1063/1063/1063 1065/1065/1065 1064/1064/1064
f 1064/1064/1064 1065/1065/1065 1066/1066/1066
f 1065/1065/1065 1067/1067/1067 1066/1066/1066
f 1066/1066/1066 1067/1067/1067 1068/1068/1068
f 1067/1067/1067 1069/1069/1069 1068/1068/1068
f 1066/1066/1066 1068/1068/1068 1064/1064/1064
f 1068/1068/1068 1070/1070/1070 1064/1064/1064
f 1064/1064/1064 1070/1070/1070 1071/1071/1071
f 1064/1064/1064 1071/1071/1071 1072/1072/1072
f 1071/1071/1071 1073/1073/1073 1072/1072/1072
f 1072/1072/1072 1073/1073/1073 1062/1062/1062
f 1073/1073/1073 1074/1074/1074 1062/1062/1062
f 1071/1071/1071 1075/1075/1075 1073/1073/1073
f 1075/1075/1075 1076/1076/1076 1073/1073/1073
f 1073/1073/1073 1076/1076/1076 1077/1077/1077
f 1076/1076/1076 1078/1078/1078 1077/1077/1077
f 1077/1077/1077 1078/1078/1078 1079/1079/1079
f 1078/1078/1078 1080/1080/1080 1079/1079/1079
f 1077/1077/1077 1079/1079/1079 1073/1073/1073
f 1079/1079/1079 1074/1074/1074 1073/1073/1073
f 1065/1065/1065 1081/1081/1081 1067/1067/1067
f 1081/1081/1081 1082/1082/1082 1067/1067/1067
f 1067/1067/1067 1082/1082/1082 1083/1083/1083
f 1083/1083/1083 1084/1084/1084 1067/1067/1067
f 1084/1084/1084 1069/1069/1069 1067/1067/1067
f 1076/1076/1076 1085/1085/1085 1078/1078/1078
f 1085/1085/1085 1086/1086/1086 1078/1078/1078
f 1078/1078/1078 1086/1086/1086 1087/1087/1087
f 1087/1087/1087 1088/1088/1088 1078/1078/1078
f 1088/1088/1088 1080/1080/1080 1078/1078/1078
f 1089/1089/1089 1090/1090/1090 1091/1091/1091
f 1090/1090/1090 1092/1092/1092 1091/1091/1091
f 1091/1091/1091 1092/1092/1092 1093/1093/1093
f 1089/1089/1089 1091/1091/1091 1094/1094/1094
f 1091/1091/1091 1095/1095/1095 1094/1094/1094
f 1095/1095/1095 1091/1091/1091 1096/1096/1096
f 1091/1091/1091 1097/1097/1097 1096/1096/1096
f 1096/1096/1096 1097/1097/1097 1098/1098/1098
f 1097/1097/1097 1093/1093/1093 1098/1098/1098
f 1098/1098/1098 1093/1093/1093 1099/1099/1099
f 1099/1099/1099 1100/1100/1100 1098/1098/1098
f 1100/1100/1100 1101/1101/1101 1098/1098/1098
f 1098/1098/1098 1101/1101/1101 1102/1102/1102
f 1102/1102/1102 1103/1103/1103 1098/1098/1098
f 1103/1103/1103 1096/1096/1096 1098/1098/1098
f 1104/1104/1104 1105/1105/1105 1106/1106/1106
f 1105/1105/1105 1107/1107/1107 1106/1106/1106
f 1106/1106/1106 1107/1107/1107 1108/1108/1108
f 1107/1107/1107 1109/1109/1109 1108/1108/1108
f 1108/1108/1108 1109/1109/1109 1110/1110/1110
f 1109/1109/1109 1111/1111/1111 1110/1110/1110
f 1108/1108/1108 1110/1110/1110 1106/1106/1106
f 1110/1110/1110 1112/1112/1112 1106/1106/1106
f 1106/1106/1106 1112/1112/1112 1113/1113/1113
f 1106/1106/1106 1113/1113/1113 1114/1114/1114
f 1113/1113/1113 1115/1115/1115 1114/1114/1114
f 1114/1114/1114 1115/1115/1115 1104/1104/1104
f 1115/1115/1115 1116/1116/1116 1104/1104/1104
f 1113/1113/1113 1117/1117/1117 1115/1115/1115
f 1117/1117/1117 1118/1118/1118 1115/1115/1115
f 1115/1115/1115 1118/1118/1118 1119/1119/1119
f 1119/1119/1119 1120/1120/1120 1115/1115/1115
f 1120/1120/1120 1116/1116/1116 1115/1115/1115
f 1107/1107/1107 1121/1121/1121 1109/1109/1109
f 1121/1121/1121 1122/1122/1122 1109/1109/1109
f 1109/1109/1109 1122/1122/1122 1123/1123/1123
f 1122/1122/1122 1124/1124/1124 1123/1123/1123
f 1123/1123/1123 1124/1124/1124 1125/1125/1125
f 1124/1124/1124 1126/1126/1126 1125/1125/1125
f 1123/1123/1123 1125/1125/1125 1109/1109/1109
f 1125/1125/1125 1111/1111/1111 1109/1109/1109
f 1122/1122/1122 1127/1127/1127 1124/1124/1124
f 1127/1127/1127 1128/1128/1128 1124/1124/1124
f 1124/1124/1124 1128/1128/1128 1129/1129/1129
f 1129/1129/1129 1130/1130/1130 1124/1124/1124
f 1130/1130/1130 1126/1126/1126 1124/1124/1124
f 1131/1131/1131 1132/1132/1132 1133/1133/1133
f 1132/1132/1132 1134/1134/1134 1133/1133/1133
f 1133/1133/1133 1134/1134/1134 1135/1135/1135
f 1134/1134/1134 1136/1136/1136 1135/1135/1135
f 1135/1135/1135 1136/1136/1136 1137/1137/1137
f 1136/1136/1136 1138/1138/1138 1137/1137/1137
f 1135/1135/1135 1137/1137/1137 1133/1133/1133
f 1137/1137/1137 1139/1139/1139 1133/1133/1133
f 1133/1133/1133 1139/1139/1139 1140/1140/1140
f 1133/1133/1133 1140/1140/1140 1141/1141/1141
f 1140/1140/1140 1142/1142/1142 1141/1141/1141
f 1141/1141/1141 1142/1142/1142 1131/1131/1131
f 1142/1142/1142 1143/1143/1143 1131/1131/1131
f 1140/1140/1140 1144/1144/1144 1142/1142/1142
f 1144/1144/1144 1145/1145/1145 1142/1142/1142
f 1142/1142/1142 1145/1145/1145 1146/1146/1146
f 1146/1146/1146 1147/1147/1147 1142/1142/1142
f 1147/1147/1147 1143/1143/1143 1142/1142/1142
f 1134/1134/1134 1148/1148/1148 1136/1136/1136
f 1148/1148/1148 1149/1149/1149 1136/1136/1136
f 1136/1136/1136 1149/1149/1149 1150/1150/1150
f 1149/1149/1149 1151/1151/1151 1150/1150/1150
f 1150/1150/1150 1151/1151/1151 1152/1152/1152
f 1151/1151/1151 1153/1153/1153 1152/1152/1152
f 1150/1150/1150 1152/1152/1152 1136/1136/1136
f 1152/1152/1152 1138/1138/1138 1136/1136/1136
f 1149/1149/1149 1154/1154/1154 1151/1151/1151
f 1154/1154/1154 1155/1155/1155 1151/1151/1151
f 1151/1151/1151 1155/1155/1155 1156/1156/1156
f 1156/1156/1156 1157/1157/1157 1151/1151/1151
f 1157/1157/1157 1153/1153/1153 1151/1151/1151
f 1158/1158/1158 1159/1159/1159 1160/1160/1160
f 1159/1159/1159 1161/1161/1161 1160/1160/1160
f 1160/1160/1160 1161/1161/1161 1162/1162/1162
f 1161/1161/1161 1163/1163/1163 1162/1162/1162
f 1162/1162/1162 1163/1163/1163 1164/1164/1164
f 1163/1163/1163 1165/1165/1165 1164/1164/1164
f 1164/1164/1164 1165/1165/1165 1166/1166/1166
f 1165/1165/1165 1167/1167/1167 1166/1166/1166
f 1166/1166/1166 1167/1167/1167 1168/1168/1168
f 1167/1167/1167 1169/1169/1169 1168/1168/1168
f 1168/1168/1168 1169/1169/1169 1170/1170/1170
f 1169/1169/1169 1171/1171/1171 1170/1170/1170
f 1161/1161/1161 1172/1172/1172 1163/1163/1163
f 1172/1172/1172 1173/1173/1173 1163/1163/1163
f 1163/1163/1163 1173/1173/1173 1174/1174/1174
f 1173/1173/1173 1175/1175/1175 1174/1174/1174
f 1174/1174/1174 1175/1175/1175 1167/1167/1167
f 1175/1175/1175 1176/1176/1176 1167/1167/1167
f 1167/1167/1167 1176/1176/1176 1169/1169/1169
f 1176/1176/1176 1177/1177/1177 1169/1169/1169
f 1169/1169/1169 1177/1177/1177 1178/1178/1178
f 1174/1174/1174 1167/1167/1167 1163/1163/1163
f 1167/1167/1167 1165/1165/1165 1163/1163/1163
f 1158/1158/1158 1160/1160/1160 1179/1179/1179
f 1160/1160/1160 1180/1180/1180 1179/1179/1179
f 1180/1180/1180 1160/1160/1160 1181/1181/1181
f 1160/1160/1160 1164/1164/1164 1181/1181/1181
f 1181/1181/1181 1164/1164/1164 1182/1182/1182
f 1164/1164/1164 1183/1183/1183 1182/1182/1182
f 1182/1182/1182 1183/1183/1183 1184/1184/1184
f 1183/1183/1183 1166/1166/1166 1184/1184/1184
f 1184/1184/1184 1166/1166/1166 1185/1185/1185
f 1166/1166/1166 1170/1170/1170 1185/1185/1185
f 1181/1181/1181 1182/1182/1182 1180/1180/1180
f 1182/1182/1182 1186/1186/1186 1180/1180/1180
f 1186/1186/1186 1182/1182/1182 1187/1187/1187
f 1182/1182/1182 1188/1188/1188 1187/1187/1187
f 1176/1176/1176 1175/1175/1175 1177/1177/1177
f 1175/1175/1175 1189/1189/1189 1177/1177/1177
f 1189/1189/1189 1175/1175/1175 1190/1190/1190
f 1175/1175/1175 1191/1191/1191 1190/1190/1190
f 1178/1178/1178 1192/1192/1192 1169/1169/1169
f 1192/1192/1192 1171/1171/1171 1169/1169/1169
f 1193/1193/1193 1194/1194/1194 1195/1195/1195
f 1194/1194/1194 1196/1196/1196 1195/1195/1195
f 1195/1195/1195 1196/1196/1196 1197/1197/1197
f 1193/1193/1193 1195/1195/1195 1198/1198/1198
f 1195/1195/1195 1199/1199/1199 1198/1198/1198
f 1199/1199/1199 1195/1195/1195 1200/1200/1200
f 1195/1195/1195 1201/1201/1201 1200/1200/1200
f 1200/1200/1200 1201/1201/1201 1202/1202/1202
f 1201/1201/1201 1197/1197/1197 1202/1202/1202
f 1202/1202/1202 1197/1197/1197 1203/1203/1203
f 1203/1203/1203 1204/1204/1204 1202/1202/1202
f 1204/1204/1204 1205/1205/1205 1202/1202/1202
f 1202/1202/1202 1205/1205/1205 1206/1206/1206
f 1205/1205/1205 1207/1207/1207 1206/1206/1206
f 1206/1206/1206 1207/1207/1207 1208/1208/1208
f 1207/1207/1207 1209/1209/1209 1208/1208/1208
f 1205/1205/1205 1204/1204/1204 1207/1207/1207
f 1204/1204/1204 1210/1210/1210 1207/1207/1207
f 1207/1207/1207 1210/1210/1210 1211/1211/1211
f 1207/1207/1207 1211/1211/1211 1212/1212/1212
f 1211/1211/1211 1213/1213/1213 1212/1212/1212
f 1212/1212/1212 1213/1213/1213 1209/1209/1209
f 1213/1213/1213 1214/1214/1214 1209/1209/1209
f 1211/1211/1211 1215/1215/1215 1213/1213/1213
f 1215/1215/1215 1216/1216/1216 1213/1213/1213
f 1213/1213/1213 1216/1216/1216 1217/1217/1217
f 1217/1217/1217 1218/1218/1218 1213/1213/1213
f 1218/1218/1218 1214/1214/1214 1213/1213/1213
f 1200/1200/1200 1202/1202/1202 1219/1219/1219
f 1202/1202/1202 1206/1206/1206 1219/1219/1219
f 1220/1220/1220 1221/1221/1221 1222/1222/1222
f 1221/1221/1221 1223/1223/1223 1222/1222/1222
f 1222/1222/1222 1223/1223/1223 1224/1224/1224
f 1220/1220/1220 1222/1222/1222 1225/1225/1225
f 1222/1222/1222 1226/1226/1226 1225/1225/1225
f 1226/1226/1226 1222/1222/1222 1227/1227/1227
f 1222/1222/1222 1228/1228/1228 1227/1227/1227
f 1227/1227/1227 1228/1228/1228 1229/1229/1229
f 1228/1228/1228 1224/1224/1224 1229/1229/1229
f 1229/1229/1229 1224/1224/1224 1230/1230/1230
f 1230/1230/1230 1231/1231/1231 1229/1229/1229
f 1231/1231/1231 1232/1232/1232 1229/1229/1229
f 1229/1229/1229 1232/1232/1232 1233/1233/1233
f 1232/1232/1232 1234/1234/1234 1233/1233/1233
f 1233/1233/1233 1234/1234/1234 1235/1235/1235
f 1234/1234/1234 1236/1236/1236 1235/1235/1235
f 1232/1232/1232 1231/1231/1231 1234/1234/1234
f 1231/1231/1231 1237/1237/1237 1234/1234/1234
f 1234/1234/1234 1237/1237/1237 1238/1238/1238
f 1234/1234/1234 1238/1238/1238 1239/1239/1239
f 1238/1238/1238 1240/1240/1240 1239/1239/1239
f 1239/1239/1239 1240/1240/1240 1236/1236/1236
f 1240/1240/1240 1241/1241/1241 1236/1236/1236
f 1238/1238/1238 1242/1242/1242 1240/1240/1240
f 1242/1242/1242 1243/1243/1243 1240/1240/1240
f 1240/1240/1240 1243/1243/1243 1244/1244/1244
f 1244/1244/1244 1245/1245/1245 1240/1240/1240
f 1245/1245/1245 1241/1241/1241 1240/1240/1240
f 1227/1227/1227 1229/1229/1229 1246/1246/1246
f 1229/1229/1229 1233/1233/1233 1246/1246/1246
f 1247/1247/1247 1248/1248/1248 1249/1249/1249
f 1248/1248/1248 1250/1250/1250 1249/1249/1249
f 1249/1249/1249 1250/1250/1250 1251/1251/1251
f 1247/1247/1247 1249/1249/1249 1252/1252/1252
f 1249/1249/1249 1253/1253/1253 1252/1252/1252
f 1252/1252/1252 1253/1253/1253 1254/1254/1254
f 1253/1253/1253 1255/1255/1255 1254/1254/1254
f 1254/1254/1254 1255/1255/1255 1256/1256/1256
f 1255/1255/1255 1257/1257/1257 1256/1256/1256
f 1256/1256/1256 1257/1257/1257 1258/1258/1258
f 1257/1257/1257 1259/1259/1259 1258/1258/1258
f 1258/1258/1258 1259/1259/1259 1260/1260/1260
f 1259/1259/1259 1261/1261/1261 1260/1260/1260
f 1260/1260/1260 1261/1261/1261 1262/1262/1262
f 1261/1261/1261 1263/1263/1263 1262/1262/1262
f 1262/1262/1262 1263/1263/1263 1264/1264/1264
f 1263/1263/1263 1265/1265/1265 1264/1264/1264
f 1264/1264/1264 1265/1265/1265 1266/1266/1266
f 1265/1265/1265 1267/1267/1267 1266/1266/1266
f 1266/1266/1266 1267/1267/1267 1268/1268/1268
f 1266/1266/1266 1269/1269/1269 1264/1264/1264
f 1269/1269/1269 1270/1270/1270 1264/1264/1264
f 1264/1264/1264 1270/1270/1270 1271/1271/1271
f 1270/1270/1270 1272/1272/1272 1271/1271/1271
f 1271/1271/1271 1272/1272/1272 1260/1260/1260
f 1272/1272/1272 1273/1273/1273 1260/1260/1260
f 1260/1260/1260 1273/1273/1273 1258/1258/1258
f 1273/1273/1273 1274/1274/1274 1258/1258/1258
f 1258/1258/1258 1274/1274/1274 1275/1275/1275
f 1274/1274/1274 1276/1276/1276 1275/1275/1275
f 1275/1275/1275 1276/1276/1276 1254/1254/1254
f 1276/1276/1276 1277/1277/1277 1254/1254/1254
f 1254/1254/1254 1277/1277/1277 1252/1252/1252
f 1271/1271/1271 1260/1260/1260 1264/1264/1264
f 1260/1260/1260 1262/1262/1262 1264/1264/1264
f 1253/1253/1253 1249/1249/1249 1255/1255/1255
f 1249/1249/1249 1278/1278/1278 1255/1255/1255
f 1255/1255/1255 1278/1278/1278 1279/1279/1279
f 1278/1278/1278 1251/1251/1251 1279/1279/1279
f 1279/1279/1279 1251/1251/1251 1280/1280/1280
f 1255/1255/1255 1279/1279/1279 1281/1281/1281
f 1279/1279/1279 1282/1282/1282 1281/1281/1281
f 1281/1281/1281 1282/1282/1282 1257/1257/1257
f 1282/1282/1282 1283/1283/1283 1257/1257/1257
f 1257/1257/1257 1283/1283/1283 1261/1261/1261
f 1283/1283/1283 1284/1284/1284 1261/1261/1261
f 1261/1261/1261 1284/1284/1284 1285/1285/1285
f 1284/1284/1284 1286/1286/1286 1285/1285/1285
f 1285/1285/1285 1286/1286/1286 1263/1263/1263
f 1286/1286/1286 1287/1287/1287 1263/1263/1263
f 1263/1263/1263 1287/1287/1287 1267/1267/1267
f 1279/1279/1279 1288/1288/1288 1282/1282/1282
f 1288/1288/1288 1289/1289/1289 1282/1282/1282
f 1282/1282/1282 1289/1289/1289 1290/1290/1290
f 1289/1289/1289 1291/1291/1291 1290/1290/1290
f 1290/1290/1290 1291/1291/1291 1284/1284/1284
f 1291/1291/1291 1292/1292/1292 1284/1284/1284
f 1284/1284/1284 1292/1292/1292 1286/1286/1286
f 1289/1289/1289 1288/1288/1288 1293/1293/1293
f 1288/1288/1288 1279/1279/1279 1293/1293/1293
f 1293/1293/1293 1279/1279/1279 1280/1280/1280
f 1293/1293/1293 1294/1294/1294 1289/1289/1289
f 1294/1294/1294 1295/1295/1295 1289/1289/1289
f 1289/1289/1289 1295/1295/1295 1296/1296/1296
f 1275/1275/1275 1254/1254/1254 1258/1258/1258
f 1254/1254/1254 1256/1256/1256 1258/1258/1258
f 1273/1273/1273 1272/1272/1272 1274/1274/1274
f 1272/1272/1272 1297/1297/1297 1274/1274/1274
f 1274/1274/1274 1297/1297/1297 1298/1298/1298
f 1297/1297/1297 1299/1299/1299 1298/1298/1298
f 1298/1298/1298 1299/1299/1299 1300/1300/1300
f 1299/1299/1299 1301/1301/1301 1300/1300/1300
f 1297/1297/1297 1272/1272/1272 1299/1299/1299
f 1272/1272/1272 1302/1302/1302 1299/1299/1299
f 1299/1299/1299 1302/1302/1302 1303/1303/1303
f 1302/1302/1302 1270/1270/1270 1303/1303/1303
f 1303/1303/1303 1270/1270/1270 1304/1304/1304
f 1270/1270/1270 1305/1305/1305 1304/1304/1304
f 1270/1270/1270 1269/1269/1269 1305/1305/1305
f 1269/1269/1269 1266/1266/1266 1305/1305/1305
f 1305/1305/1305 1266/1266/1266 1306/1306/1306
f 1266/1266/1266 1307/1307/1307 1306/1306/1306
f 1290/1290/1290 1284/1284/1284 1282/1282/1282
f 1284/1284/1284 1283/1283/1283 1282/1282/1282
f 1276/1276/1276 1274/1274/1274 1308/1308/1308
f 1274/1274/1274 1298/1298/1298 1308/1308/1308
f 1301/1301/1301 1299/1299/1299 1309/1309/1309
f 1299/1299/1299 1303/1303/1303 1309/1309/1309
f 1310/1310/1310 1311/1311/1311 1312/1312/1312
f 1311/1311/1311 1313/1313/1313 1312/1312/1312
f 1312/1312/1312 1313/1313/1313 1314/1314/1314
f 1313/1313/1313 1315/1315/1315 1314/1314/1314
f 1314/1314/1314 1315/1315/1315 1316/1316/1316
f 1315/1315/1315 1317/1317/1317 1316/1316/1316
f 1313/1313/1313 1311/1311/1311 1315/1315/1315
f 1311/1311/1311 1318/1318/1318 1315/1315/1315
f 1315/1315/1315 1318/1318/1318 1319/1319/1319
f 1319/1319/1319 1320/1320/1320 1315/1315/1315
f 1320/1320/1320 1317/1317/1317 1315/1315/1315
f 1310/1310/1310 1312/1312/1312 1321/1321/1321
f 1312/1312/1312 1322/1322/1322 1321/1321/1321
f 1321/1321/1321 1322/1322/1322 1323/1323/1323
f 1322/1322/1322 1324/1324/1324 1323/1323/1323
f 1323/1323/1323 1324/1324/1324 1325/1325/1325
f 1322/1322/1322 1312/1312/1312 1324/1324/1324
f 1312/1312/1312 1326/1326/1326 1324/1324/1324
f 1321/1321/1321 1323/1323/1323 1327/1327/1327
f 1323/1323/1323 1328/1328/1328 1327/1327/1327
f 1328/1328/1328 1323/1323/1323 1329/1329/1329
f 1323/1323/1323 1330/1330/1330 1329/1329/1329
f 1329/1329/1329 1330/1330/1330 1331/1331/1331
f 1330/1330/1330 1332/1332/1332 1331/1331/1331
f 1331/1331/1331 1332/1332/1332 1333/1333/1333
f 1329/1329/1329 1331/1331/1331 1328/1328/1328
f 1331/1331/1331 1334/1334/1334 1328/1328/1328
f 1334/1334/1334 1331/1331/1331 1335/1335/1335
f 1331/1331/1331 1336/1336/1336 1335/1335/1335
f 1337/1337/1337 1338/1338/1338 1339/1339/1339
f 1338/1338/1338 1340/1340/1340 1339/1339/1339
f 1339/1339/1339 1340/1340/1340 1341/1341/1341
f 1340/1340/1340 1342/1342/1342 1341/1341/1341
f 1341/1341/1341 1342/1342/1342 1343/1343/1343
f 1342/1342/1342 1344/1344/1344 1343/1343/1343
f 1340/1340/1340 1338/1338/1338 1342/1342/1342
f 1338/1338/1338 1345/1345/1345 1342/1342/1342
f 1342/1342/1342 1345/1345/1345 1346/1346/1346
f 1342/1342/1342 1346/1346/1346 1347/1347/1347
f 1346/1346/1346 1348/1348/1348 1347/1347/1347
f 1347/1347/1347 1348/1348/1348 1344/1344/1344
f 1348/1348/1348 1349/1349/1349 1344/1344/1344
f 1346/1346/1346 1350/1350/1350 1348/1348/1348
f 1350/1350/1350 1351/1351/1351 1348/1348/1348
f 1348/1348/1348 1351/1351/1351 1352/1352/1352
f 1351/1351/1351 1353/1353/1353 1352/1352/1352
f 1352/1352/1352 1353/1353/1353 1354/1354/1354
f 1353/1353/1353 1355/1355/1355 1354/1354/1354
f 1352/1352/1352 1354/1354/1354 1348/1348/1348
f 1354/1354/1354 1349/1349/1349 1348/1348/1348
f 1337/1337/1337 1339/1339/1339 1356/1356/1356
f 1339/1339/1339 1357/1357/1357 1356/1356/1356
f 1357/1357/1357 1339/1339/1339 1358/1358/1358
f 1339/1339/1339 1359/1359/1359 1358/1358/1358
f 1351/1351/1351 1360/1360/1360 1353/1353/1353
f 1360/1360/1360 1361/1361/1361 1353/1353/1353
f 1353/1353/1353 1361/1361/1361 1362/1362/1362
f 1362/1362/1362 1363/1363/1363 1353/1353/1353
f 1363/1363/1363 1355/1355/1355 1353/1353/1353
f 1364/1364/1364 1365/1365/1365 1366/1366/1366
f 1365/1365/1365 1367/1367/1367 1366/1366/1366
f 1366/1366/1366 1367/1367/1367 1368/1368/1368
f 1368/1368/1368 1369/1369/1369 1366/1366/1366
f 1369/1369/1369 1370/1370/1370 1366/1366/1366
f 1366/1366/1366 1370/1370/1370 1371/1371/1371
f 1370/1370/1370 1372/1372/1372 1371/1371/1371
f 1371/1371/1371 1372/1372/1372 1373/1373/1373
f 1372/1372/1372 1374/1374/1374 1373/1373/1373
f 1371/1371/1371 1373/1373/1373 1366/1366/1366
f 1373/1373/1373 1364/1364/1364 1366/1366/1366
f 1370/1370/1370 1375/1375/1375 1372/1372/1372
f 1375/1375/1375 1376/1376/1376 1372/1372/1372
f 1372/1372/1372 1376/1376/1376 1377/1377/1377
f 1376/1376/1376 1378/1378/1378 1377/1377/1377
f 1377/1377/1377 1378/1378/1378 1379/1379/1379
f 1378/1378/1378 1380/1380/1380 1379/1379/1379
f 1377/1377/1377 1379/1379/1379 1372/1372/1372
f 1379/1379/1379 1374/1374/1374 1372/1372/1372
f 1376/1376/1376 1381/1381/1381 1378/1378/1378
f 1381/1381/1381 1382/1382/1382 1378/1378/1378
f 1378/1378/1378 1382/1382/1382 1383/1383/1383
f 1382/1382/1382 1384/1384/1384 1383/1383/1383
f 1383/1383/1383 1384/1384/1384 1385/1385/1385
f 1384/1384/1384 1386/1386/1386 1385/1385/1385
f 1383/1383/1383 1385/1385/1385 1378/1378/1378
f 1385/1385/1385 1380/1380/1380 1378/1378/1378
f 1382/1382/1382 1387/1387/1387 1384/1384/1384
f 1387/1387/1387 1388/1388/1388 1384/1384/1384
f 1384/1384/1384 1388/1388/1388 1389/1389/1389
f 1389/1389/1389 1390/1390/1390 1384/1384/1384
f 1390/1390/1390 1386/1386/1386 1384/1384/1384
f 1391/1391/1391 1392/1392/1392 1393/1393/1393
f 1392/1392/1392 1394/1394/1394 1393/1393/1393
f 1393/1393/1393 1394/1394/1394 1395/1395/1395
f 1394/1394/1394 1396/1396/1396 1395/1395/1395
f 1395/1395/1395 1396/1396/1396 1397/1397/1397
f 1396/1396/1396 1398/1398/1398 1397/1397/1397
f 1397/1397/1397 1398/1398/1398 1399/1399/1399
f 1398/1398/1398 1400/1400/1400 1399/1399/1399
f 1399/1399/1399 1400/1400/1400 1401/1401/1401
f 1401/1401/1401 1402/1402/1402 1399/1399/1399
f 1402/1402/1402 1403/1403/1403 1399/1399/1399
f 1399/1399/1399 1403/1403/1403 1404/1404/1404
f 1403/1403/1403 1405/1405/1405 1404/1404/1404
f 1404/1404/1404 1405/1405/1405 1395/1395/1395
f 1405/1405/1405 1406/1406/1406 1395/1395/1395
f 1395/1395/1395 1406/1406/1406 1393/1393/1393
f 1406/1406/1406 1407/1407/1407 1393/1393/1393
f 1393/1393/1393 1407/1407/1407 1408/1408/1408
f 1407/1407/1407 1409/1409/1409 1408/1408/1408
f 1408/1408/1408 1409/1409/1409 1410/1410/1410
f 1409/1409/1409 1411/1411/1411 1410/1410/1410
f 1403/1403/1403 1412/1412/1412 1405/1405/1405
f 1412/1412/1412 1413/1413/1413 1405/1405/1405
f 1405/1405/1405 1413/1413/1413 1414/1414/1414
f 1413/1413/1413 1415/1415/1415 1414/1414/1414
f 1414/1414/1414 1415/1415/1415 1407/1407/1407
f 1415/1415/1415 1416/1416/1416 1407/1407/1407
f 1407/1407/1407 1416/1416/1416 1409/1409/1409
f 1416/1416/1416 1417/1417/1417 1409/1409/1409
f 1409/1409/1409 1417/1417/1417 1418/1418/1418
f 1414/1414/1414 1407/1407/1407 1405/1405/1405
f 1407/1407/1407 1406/1406/1406 1405/1405/1405
f 1394/1394/1394 1392/1392/1392 1396/1396/1396
f 1392/1392/1392 1419/1419/1419 1396/1396/1396
f 1396/1396/1396 1419/1419/1419 1420/1420/1420
f 1420/1420/1420 1421/1421/1421 1396/1396/1396
f 1421/1421/1421 1398/1398/1398 1396/1396/1396
f 1397/1397/1397 1399/1399/1399 1395/1395/1395
f 1399/1399/1399 1404/1404/1404 1395/1395/1395
f 1416/1416/1416 1415/1415/1415 1417/1417/1417
f 1415/1415/1415 1422/1422/1422 1417/1417/1417
f 1422/1422/1422 1415/1415/1415 1423/1423/1423
f 1415/1415/1415 1424/1424/1424 1423/1423/1423
f 1411/1411/1411 1409/1409/1409 1425/1425/1425
f 1409/1409/1409 1418/1418/1418 1425/1425/1425
f 1391/1391/1391 1393/1393/1393 1410/1410/1410
f 1393/1393/1393 1408/1408/1408 1410/1410/1410
f 1426/1426/1426 1427/1427/1427 1428/1428/1428
f 1427/1427/1427 1429/1429/1429 1428/1428/1428
f 1428/1428/1428 1429/1429/1429 1430/1430/1430
f 1429/1429/1429 1431/1431/1431 1430/1430/1430
f 1430/1430/1430 1431/1431/1431 1432/1432/1432
f 1431/1431/1431 1433/1433/1433 1432/1432/1432
f 1429/1429/1429 1427/1427/1427 1431/1431/1431
f 1427/1427/1427 1434/1434/1434 1431/1431/1431
f 1431/1431/1431 1434/1434/1434 1435/1435/1435
f 1431/1431/1431 1435/1435/1435 1436/1436/1436
f 1435/1435/1435 1437/1437/1437 1436/1436/1436
f 1436/1436/1436 1437/1437/1437 1433/1433/1433
f 1437/1437/1437 1438/1438/1438 1433/1433/1433
f 1435/1435/1435 1439/1439/1439 1437/1437/1437
f 1439/1439/1439 1440/1440/1440 1437/1437/1437
f 1437/1437/1437 1440/1440/1440 1441/1441/1441
f 1441/1441/1441 1442/1442/1442 1437/1437/1437
f 1442/1442/1442 1438/1438/1438 1437/1437/1437
f 1430/1430/1430 1443/1443/1443 1428/1428/1428
f 1443/1443/1443 1444/1444/1444 1428/1428/1428
f 1428/1428/1428 1444/1444/1444 1445/1445/1445
f 1444/1444/1444 1446/1446/1446 1445/1445/1445
f 1445/1445/1445 1446/1446/1446 1447/1447/1447
f 1446/1446/1446 1448/1448/1448 1447/1447/1447
f 1445/1445/1445 1447/1447/1447 1428/1428/1428
f 1447/1447/1447 1426/1426/1426 1428/1428/1428
f 1448/1448/1448 1446/1446/1446 1449/1449/1449
f 1446/1446/1446 1450/1450/1450 1449/1449/1449
f 1450/1450/1450 1446/1446/1446 1451/1451/1451
f 1446/1446/1446 1452/1452/1452 1451/1451/1451
f 1453/1453/1453 1454/1454/1454 1455/1455/1455
f 1454/1454/1454 1456/1456/1456 1455/1455/1455
f 1455/1455/1455 1456/1456/1456 1457/1457/1457
f 1456/1456/1456 1458/1458/1458 1457/1457/1457
f 1457/1457/1457 1458/1458/1458 1459/1459/1459
f 1458/1458/1458 1460/1460/1460 1459/1459/1459
f 1456/1456/1456 1454/1454/1454 1458/1458/1458
f 1454/1454/1454 1461/1461/1461 1458/1458/1458
f 1458/1458/1458 1461/1461/1461 1462/1462/1462
f 1462/1462/1462 1463/1463/1463 1458/1458/1458
f 1463/1463/1463 1460/1460/1460 1458/1458/1458
f 1453/1453/1453 1455/1455/1455 1464/1464/1464
f 1455/1455/1455 1465/1465/1465 1464/1464/1464
f 1464/1464/1464 1465/1465/1465 1466/1466/1466
f 1465/1465/1465 1467/1467/1467 1466/1466/1466
f 1466/1466/1466 1467/1467/1467 1468/1468/1468
f 1465/1465/1465 1455/1455/1455 1467/1467/1467
f 1455/1455/1455 1469/1469/1469 1467/1467/1467
f 1464/1464/1464 1466/1466/1466 1470/1470/1470
f 1466/1466/1466 1471/1471/1471 1470/1470/1470
f 1471/1471/1471 1466/1466/1466 1472/1472/1472
f 1466/1466/1466 1473/1473/1473 1472/1472/1472
f 1472/1472/1472 1473/1473/1473 1474/1474/1474
f 1473/1473/1473 1475/1475/1475 1474/1474/1474
f 1474/1474/1474 1475/1475/1475 1476/1476/1476
f 1472/1472/1472 1474/1474/1474 1471/1471/1471
f 1474/1474/1474 1477/1477/1477 1471/1471/1471
f 1477/1477/1477 1474/1474/1474 1478/1478/1478
f 1474/1474/1474 1479/1479/1479 1478/1478/1478
f 1480/1480/1480 1481/1481/1481 1482/1482/1482
f 1481/1481/1481 1483/1483/1483 1482/1482/1482
f 1482/1482/1482 1483/1483/1483 1484/1484/1484
f 1483/1483/1483 1485/1485/1485 1484/1484/1484
f 1484/1484/1484 1485/1485/1485 1486/1486/1486
f 1485/1485/1485 1487/1487/1487 1486/1486/1486
f 1484/1484/1484 1486/1486/1486 1482/1482/1482
f 1486/1486/1486 1488/1488/1488 1482/1482/1482
f 1482/1482/1482 1488/1488/1488 1489/1489/1489
f 1489/1489/1489 1490/1490/1490 1482/1482/1482
f 1490/1490/1490 1480/1480/1480 1482/1482/1482
f 1483/1483/1483 1491/1491/1491 1485/1485/1485
f 1491/1491/1491 1492/1492/1492 1485/1485/1485
f 1485/1485/1485 1492/1492/1492 1493/1493/1493
f 1493/1493/1493 1494/1494/1494 1485/1485/1485
f 1494/1494/1494 1487/1487/1487 1485/1485/1485
f 1495/1495/1495 1496/1496/1496 1497/1497/1497
f 1496/1496/1496 1498/1498/1498 1497/1497/1497
f 1497/1497/1497 1498/1498/1498 1499/1499/1499
f 1498/1498/1498 1500/1500/1500 1499/1499/1499
f 1499/1499/1499 1500/1500/1500 1501/1501/1501
f 1500/1500/1500 1502/1502/1502 1501/1501/1501
f 1499/1499/1499 1501/1501/1501 1497/1497/1497
f 1501/1501/1501 1503/1503/1503 1497/1497/1497
f 1497/1497/1497 1503/1503/1503 1504/1504/1504
f 1497/1497/1497 1504/1504/1504 1505/1505/1505
f 1504/1504/1504 1506/1506/1506 1505/1505/1505
f 1505/1505/1505 1506/1506/1506 1495/1495/1495
f 1506/1506/1506 1507/1507/1507 1495/1495/1495
f 1504/1504/1504 1508/1508/1508 1506/1506/1506
f 1508/1508/1508 1509/1509/1509 1506/1506/1506
f 1506/1506/1506 1509/1509/1509 1510/1510/1510
f 1510/1510/1510 1511/1511/1511 1506/1506/1506
f 1511/1511/1511 1507/1507/1507 1506/1506/1506
f 1498/1498/1498 1512/1512/1512 1500/1500/1500
f 1512/1512/1512 1513/1513/1513 1500/1500/1500
f 1500/1500/1500 1513/1513/1513 1514/1514/1514
f 1513/1513/1513 1515/1515/1515 1514/1514/1514
f 1514/1514/1514 1515/1515/1515 1516/1516/1516
f 1515/1515/1515 1517/1517/1517 1516/1516/1516
f 1514/1514/1514 1516/1516/1516 1500/1500/1500
f 1516/1516/1516 1502/1502/1502 1500/1500/1500
f 1517/1517/1517 1515/1515/1515 1518/1518/1518
f 1515/1515/1515 1519/1519/1519 1518/1518/1518
f 1519/1519/1519 1515/1515/1515 1520/1520/1520
f 1515/1515/1515 1521/1521/1521 1520/1520/1520
f 1522/1522/1522 1523/1523/1523 1524/1524/1524
f 1523/1523/1523 1525/1525/1525 1524/1524/1524
f 1524/1524/1524 1525/1525/1525 1526/1526/1526
f 1526/1526/1526 1527/1527/1527 1524/1524/1524
f 1527/1527/1527 1528/1528/1528 1524/1524/1524
f 1524/1524/1524 1528/1528/1528 1529/1529/1529
f 1528/1528/1528 1530/1530/1530 1529/1529/1529
f 1529/1529/1529 1530/1530/1530 1531/1531/1531
f 1530/1530/1530 1532/1532/1532 1531/1531/1531
f 1528/1528/1528 1527/1527/1527 1530/1530/1530
f 1527/1527/1527 1533/1533/1533 1530/1530/1530
f 1530/1530/1530 1533/1533/1533 1534/1534/1534
f 1534/1534/1534 1535/1535/1535 1530/1530/1530
f 1535/1535/1535 1532/1532/1532 1530/1530/1530
f 1522/1522/1522 1524/1524/1524 1536/1536/1536
f 1524/1524/1524 1529/1529/1529 1536/1536/1536
f 1537/1537/1537 1538/1538/1538 1539/1539/1539
f 1538/1538/1538 1540/1540/1540 1539/1539/1539
f 1539/1539/1539 1540/1540/1540 1541/1541/1541
f 1541/1541/1541 1542/1542/1542 1539/1539/1539
f 1542/1542/1542 1543/1543/1543 1539/1539/1539
f 1539/1539/1539 1543/1543/1543 1544/1544/1544
f 1543/1543/1543 1545/1545/1545 1544/1544/1544
f 1544/1544/1544 1545/1545/1545 1546/1546/1546
f 1545/1545/1545 1547/1547/1547 1546/1546/1546
f 1544/1544/1544 1546/1546/1546 1539/1539/1539
f 1546/1546/1546 1537/1537/1537 1539/1539/1539
f 1543/1543/1543 1548/1548/1548 1545/1545/1545
f 1548/1548/1548 1549/1549/1549 1545/1545/1545
f 1545/1545/1545 1549/1549/1549 1550/1550/1550
f 1549/1549/1549 1551/1551/1551 1550/1550/1550
f 1550/1550/1550 1551/1551/1551 1552/1552/1552
f 1551/1551/1551 1553/1553/1553 1552/1552/1552
f 1550/1550/1550 1552/1552/1552 1545/1545/1545
f 1552/1552/1552 1547/1547/1547 1545/1545/1545
f 1549/1549/1549 1554/1554/1554 1551/1551/1551
f 1554/1554/1554 1555/1555/1555 1551/1551/1551
f 1551/1551/1551 1555/1555/1555 1556/1556/1556
f 1555/1555/1555 1557/1557/1557 1556/1556/1556
f 1556/1556/1556 1557/1557/1557 1558/1558/1558
f 1557/1557/1557 1559/1559/1559 1558/1558/1558
f 1556/1556/1556 1558/1558/1558 1551/1551/1551
f 1558/1558/1558 1553/1553/1553 1551/1551/1551
f 1555/1555/1555 1560/1560/1560 1557/1557/1557
f 1560/1560/1560 1561/1561/1561 1557/1557/1557
f 1557/1557/1557 1561/1561/1561 1562/1562/1562
f 1562/1562/1562 1563/1563/1563 1557/1557/1557
f 1563/1563/1563 1559/1559/1559 1557/1557/1557
f 1564/1564/1564 1565/1565/1565 1566/1566/1566
f 1565/1565/1565 1567/1567/1567 1566/1566/1566
f 1566/1566/1566 1567/1567/1567 1568/1568/1568
f 1567/1567/1567 1569/1569/1569 1568/1568/1568
f 1568/1568/1568 1569/1569/1569 1570/1570/1570
f 1569/1569/1569 1571/1571/1571 1570/1570/1570
f 1568/1568/1568 1570/1570/1570 1566/1566/1566
f 1570/1570/1570 1572/1572/1572 1566/1566/1566
f 1566/1566/1566 1572/1572/1572 1573/1573/1573
f 1573/1573/1573 1574/1574/1574 1566/1566/1566
f 1574/1574/1574 1564/1564/1564 1566/1566/1566
f 1567/1567/1567 1575/1575/1575 1569/1569/1569
f 1575/1575/1575 1576/1576/1576 1569/1569/1569
f 1569/1569/1569 1576/1576/1576 1577/1577/1577
f 1577/1577/1577 1578/1578/1578 1569/1569/1569
f 1578/1578/1578 1571/1571/1571 1569/1569/1569
f 1579/1579/1579 1580/1580/1580 1581/1581/1581
f 1580/1580/1580 1582/1582/1582 1581/1581/1581
f 1581/1581/1581 1582/1582/1582 1583/1583/1583
f 1582/1582/1582 1584/1584/1584 1583/1583/1583
f 1583/1583/1583 1584/1584/1584 1585/1585/1585
f 1584/1584/1584 1586/1586/1586 1585/1585/1585
f 1582/1582/1582 1580/1580/1580 1584/1584/1584
f 1580/1580/1580 1587/1587/1587 1584/1584/1584
f 1584/1584/1584 1587/1587/1587 1588/1588/1588
f 1588/1588/1588 1589/1589/1589 1584/1584/1584
f 1589/1589/1589 1586/1586/1586 1584/1584/1584
f 1579/1579/1579 1581/1581/1581 1590/1590/1590
f 1581/1581/1581 1591/1591/1591 1590/1590/1590
f 1591/1591/1591 1581/1581/1581 1592/1592/1592
f 1581/1581/1581 1593/1593/1593 1592/1592/1592
f 1594/1594/1594 1595/1595/1595 1596/1596/1596
f 1595/1595/1595 1597/1597/1597 1596/1596/1596
f 1596/1596/1596 1597/1597/1597 1598/1598/1598
f 1598/1598/1598 1599/1599/1599 1596/1596/1596
f 1599/1599/1599 1600/1600/1600 1596/1596/1596
f 1596/1596/1596 1600/1600/1600 1601/1601/1601
f 1601/1601/1601 1602/1602/1602 1596/1596/1596
f 1602/1602/1602 1594/1594/1594 1596/1596/1596
f 1603/1603/1603 1604/1604/1604 1605/1605/1605
f 1604/1604/1604 1606/1606/1606 1605/1605/1605
f 1605/1605/1605 1606/1606/1606 1607/1607/1607
f 1607/1607/1607 1608/1608/1608 1605/1605/1605
f 1608/1608/1608 1609/1609/1609 1605/1605/1605
f 1605/1605/1605 1609/1609/1609 1610/1610/1610
f 1609/1609/1609 1611/1611/1611 1610/1610/1610
f 1610/1610/1610 1611/1611/1611 1612/1612/1612
f 1611/1611/1611 1613/1613/1613 1612/1612/1612
f 1610/1610/1610 1612/1612/1612 1605/1605/1605
f 1612/1612/1612 1603/1603/1603 1605/1605/1605
f 1609/1609/1609 1614/1614/1614 1611/1611/1611
f 1614/1614/1614 1615/1615/1615 1611/1611/1611
f 1611/1611/1611 1615/1615/1615 1616/1616/1616
f 1615/1615/1615 1617/1617/1617 1616/1616/1616
f 1616/1616/1616 1617/1617/1617 1618/1618/1618
f 1617/1617/1617 1619/1619/1619 1618/1618/1618
f 1616/1616/1616 1618/1618/1618 1611/1611/1611
f 1618/1618/1618 1613/1613/1613 1611/1611/1611
f 1619/1619/1619 1617/1617/1617 1620/1620/1620
f 1617/1617/1617 1621/1621/1621 1620/1620/1620
f 1620/1620/1620 1621/1621/1621 1622/1622/1622
f 1621/1621/1621 1623/1623/1623 1622/1622/1622
f 1622/1622/1622 1623/1623/1623 1624/1624/1624
f 1621/1621/1621 1617/1617/1617 1623/1623/1623
f 1617/1617/1617 1625/1625/1625 1623/1623/1623
f 1620/1620/1620 1622/1622/1622 1626/1626/1626
f 1622/1622/1622 1627/1627/1627 1626/1626/1626
f 1627/1627/1627 1622/1622/1622 1628/1628/1628
f 1622/1622/1622 1629/1629/1629 1628/1628/1628
f 1630/1630/1630 1631/1631/1631 1632/1632/1632
f 1631/1631/1631 1633/1633/1633 1632/1632/1632
f 1632/1632/1632 1633/1633/1633 1634/1634/1634
f 1634/1634/1634 1635/1635/1635 1632/1632/1632
f 1635/1635/1635 1636/1636/1636 1632/1632/1632
f 1632/1632/1632 1636/1636/1636 1637/1637/1637
f 1637/1637/1637 1638/1638/1638 1632/1632/1632
f 1638/1638/1638 1630/1630/1630 1632/1632/1632
f 1639/1639/1639 1640/1640/1640 1641/1641/1641
f 1640/1640/1640 1642/1642/1642 1641/1641/1641
f 1641/1641/1641 1642/1642/1642 1643/1643/1643
f 1642/1642/1642 1644/1644/1644 1643/1643/1643
f 1643/1643/1643 1644/1644/1644 1645/1645/1645
f 1644/1644/1644 1646/1646/1646 1645/1645/1645
f 1642/1642/1642 1640/1640/1640 1644/1644/1644
f 1640/1640/1640 1647/1647/1647 1644/1644/1644
f 1644/1644/1644 1647/1647/1647 1648/1648/1648
f 1644/1644/1644 1648/1648/1648 1649/1649/1649
f 1648/1648/1648 1650/1650/1650 1649/1649/1649
f 1649/1649/1649 1650/1650/1650 1646/1646/1646
f 1650/1650/1650 1651/1651/1651 1646/1646/1646
f 1648/1648/1648 1652/1652/1652 1650/1650/1650
f 1652/1652/1652 1653/1653/1653 1650/1650/1650
f 1650/1650/1650 1653/1653/1653 1654/1654/1654
f 1654/1654/1654 1655/1655/1655 1650/1650/1650
f 1655/1655/1655 1651/1651/1651 1650/1650/1650
f 1643/1643/1643 1656/1656/1656 1641/1641/1641
f 1656/1656/1656 1657/1657/1657 1641/1641/1641
f 1641/1641/1641 1657/1657/1657 1658/1658/1658
f 1657/1657/1657 1659/1659/1659 1658/1658/1658
f 1658/1658/1658 1659/1659/1659 1660/1660/1660
f 1659/1659/1659 1661/1661/1661 1660/1660/1660
f 1658/1658/1658 1660/1660/1660 1641/1641/1641
f 1660/1660/1660 1639/1639/1639 1641/1641/1641
f 1657/1657/1657 1662/1662/1662 1659/1659/1659
f 1662/1662/1662 1663/1663/1663 1659/1659/1659
f 1659/1659/1659 1663/1663/1663 1664/1664/1664
f 1664/1664/1664 1665/1665/1665 1659/1659/1659
f 1665/1665/1665 1661/1661/1661 1659/1659/1659
f 1666/1666/1666 1667/1667/1667 1668/1668/1668
f 1667/1667/1667 1669/1669/1669 1668/1668/1668
f 1668/1668/1668 1669/1669/1669 1670/1670/1670
f 1666/1666/1666 1668/1668/1668 1671/1671/1671
f 1668/1668/1668 1672/1672/1672 1671/1671/1671
f 1672/1672/1672 1668/1668/1668 1673/1673/1673
f 1668/1668/1668 1674/1674/1674 1673/1673/1673
f 1673/1673/1673 1674/1674/1674 1675/1675/1675
f 1674/1674/1674 1670/1670/1670 1675/1675/1675
f 1675/1675/1675 1670/1670/1670 1676/1676/1676
f 1676/1676/1676 1677/1677/1677 1675/1675/1675
f 1677/1677/1677 1678/1678/1678 1675/1675/1675
f 1675/1675/1675 1678/1678/1678 1679/1679/1679
f 1679/1679/1679 1680/1680/1680 1675/1675/1675
f 1680/1680/1680 1673/1673/1673 1675/1675/1675
f 1681/1681/1681 1682/1682/1682 1683/1683/1683
f 1682/1682/1682 1684/1684/1684 1683/1683/1683
f 1683/1683/1683 1684/1684/1684 1685/1685/1685
f 1684/1684/1684 1686/1686/1686 1685/1685/1685
f 1685/1685/1685 1686/1686/1686 1687/1687/1687
f 1686/1686/1686 1688/1688/1688 1687/1687/1687
f 1684/1684/1684 1682/1682/1682 1686/1686/1686
f 1682/1682/1682 1689/1689/1689 1686/1686/1686
f 1686/1686/1686 1689/1689/1689 1690/1690/1690
f 1686/1686/1686 1690/1690/1690 1691/1691/1691
f 1690/1690/1690 1692/1692/1692 1691/1691/1691
f 1691/1691/1691 1692/1692/1692 1688/1688/1688
f 1692/1692/1692 1693/1693/1693 1688/1688/1688
f 1690/1690/1690 1694/1694/1694 1692/1692/1692
f 1694/1694/1694 1695/1695/1695 1692/1692/1692
f 1692/1692/1692 1695/1695/1695 1696/1696/1696
f 1696/1696/1696 1697/1697/1697 1692/1692/1692
f 1697/1697/1697 1693/1693/1693 1692/1692/1692
f 1685/1685/1685 1698/1698/1698 1683/1683/1683
f 1698/1698/1698 1699/1699/1699 1683/1683/1683
f 1683/1683/1683 1699/1699/1699 1700/1700/1700
f 1699/1699/1699 1701/1701/1701 1700/1700/1700
f 1700/1700/1700 1701/1701/1701 1702/1702/1702
f 1701/1701/1701 1703/1703/1703 1702/1702/1702
f 1700/1700/1700 1702/1702/1702 1683/1683/1683
f 1702/1702/1702 1681/1681/1681 1683/1683/1683
f 1699/1699/1699 1704/1704/1704 1701/1701/1701
f 1704/1704/1704 1705/1705/1705 1701/1701/1701
f 1701/1701/1701 1705/1705/1705 1706/1706/1706
f 1706/1706/1706 1707/1707/1707 1701/1701/1701
f 1707/1707/1707 1703/1703/1703 1701/1701/1701
f 1708/1708/1708 1709/1709/1709 1710/1710/1710
f 1709/1709/1709 1711/1711/1711 1710/1710/1710
f 1710/1710/1710 1711/1711/1711 1712/1712/1712
f 1711/1711/1711 1713/1713/1713 1712/1712/1712
f 1712/1712/1712 1713/1713/1713 1714/1714/1714
f 1713/1713/1713 1715/1715/1715 1714/1714/1714
f 1711/1711/1711 1709/1709/1709 1713/1713/1713
f 1709/1709/1709 1716/1716/1716 1713/1713/1713
f 1713/1713/1713 1716/1716/1716 1717/1717/1717
f 1713/1713/1713 1717/1717/1717 1718/1718/1718
f 1717/1717/1717 1719/1719/1719 1718/1718/1718
f 1718/1718/1718 1719/1719/1719 1715/1715/1715
f 1719/1719/1719 1720/1720/1720 1715/1715/1715
f 1717/1717/1717 1721/1721/1721 1719/1719/1719
f 1721/1721/1721 1722/1722/1722 1719/1719/1719
f 1719/1719/1719 1722/1722/1722 1723/1723/1723
f 1723/1723/1723 1724/1724/1724 1719/1719/1719
f 1724/1724/1724 1720/1720/1720 1719/1719/1719
f 1712/1712/1712 1725/1725/1725 1710/1710/1710
f 1725/1725/1725 1726/1726/1726 1710/1710/1710
f 1710/1710/1710 1726/1726/1726 1727/1727/1727
f 1726/1726/1726 1728/1728/1728 1727/1727/1727
f 1727/1727/1727 1728/1728/1728 1729/1729/1729
f 1728/1728/1728 1730/1730/1730 1729/1729/1729
f 1727/1727/1727 1729/1729/1729 1710/1710/1710
f 1729/1729/1729 1708/1708/1708 1710/1710/1710
f 1726/1726/1726 1731/1731/1731 1728/1728/1728
f 1731/1731/1731 1732/1732/1732 1728/1728/1728
f 1728/1728/1728 1732/1732/1732 1733/1733/1733
f 1733/1733/1733 1734/1734/1734 1728/1728/1728
f 1734/1734/1734 1730/1730/1730 1728/1728/1728
f 1735/1735/1735 1736/1736/1736 1737/1737/1737
f 1736/1736/1736 1738/1738/1738 1737/1737/1737
f 1737/1737/1737 1738/1738/1738 1739/1739/1739
f 1739/1739/1739 1740/1740/1740 1737/1737/1737
f 1740/1740/1740 1741/1741/1741 1737/1737/1737
f 1737/1737/1737 1741/1741/1741 1742/1742/1742
f 1742/1742/1742 1743/1743/1743 1737/1737/1737
f 1743/1743/1743 1735/1735/1735 1737/1737/1737
f 1744/1744/1744 1745/1745/1745 1746/1746/1746
f 1745/1745/1745 1747/1747/1747 1746/1746/1746
f 1746/1746/1746 1747/1747/1747 1748/1748/1748
f 1747/1747/1747 1749/1749/1749 1748/1748/1748
f 1748/1748/1748 1749/1749/1749 1750/1750/1750
f 1749/1749/1749 1751/1751/1751 1750/1750/1750
f 1747/1747/1747 1745/1745/1745 1749/1749/1749
f 1745/1745/1745 1752/1752/1752 1749/1749/1749
f 1749/1749/1749 1752/1752/1752 1753/1753/1753
f 1753/1753/1753 1754/1754/1754 1749/1749/1749
f 1754/1754/1754 1751/1751/1751 1749/1749/1749
f 1744/1744/1744 1746/1746/1746 1755/1755/1755
f 1746/1746/1746 1756/1756/1756 1755/1755/1755
f 1756/1756/1756 1746/1746/1746 1757/1757/1757
f 1746/1746/1746 1758/1758/1758 1757/1757/1757
f 1759/1759/1759 1760/1760/1760 1761/1761/1761
f 1760/1760/1760 1762/1762/1762 1761/1761/1761
f 1761/1761/1761 1762/1762/1762 1763/1763/1763
f 1759/1759/1759 1761/1761/1761 1764/1764/1764
f 1761/1761/1761 1765/1765/1765 1764/1764/1764
f 1765/1765/1765 1761/1761/1761 1766/1766/1766
f 1761/1761/1761 1767/1767/1767 1766/1766/1766
f 1766/1766/1766 1767/1767/1767 1768/1768/1768
f 1767/1767/1767 1763/1763/1763 1768/1768/1768
f 1768/1768/1768 1763/1763/1763 1769/1769/1769
f 1769/1769/1769 1770/1770/1770 1768/1768/1768
f 1770/1770/1770 1771/1771/1771 1768/1768/1768
f 1768/1768/1768 1771/1771/1771 1772/1772/1772
f 1771/1771/1771 1773/1773/1773 1772/1772/1772
f 1772/1772/1772 1773/1773/1773 1774/1774/1774
f 1773/1773/1773 1775/1775/1775 1774/1774/1774
f 1771/1771/1771 1770/1770/1770 1773/1773/1773
f 1770/1770/1770 1776/1776/1776 1773/1773/1773
f 1773/1773/1773 1776/1776/1776 1777/1777/1777
f 1773/1773/1773 1777/1777/1777 1778/1778/1778
f 1777/1777/1777 1779/1779/1779 1778/1778/1778
f 1778/1778/1778 1779/1779/1779 1775/1775/1775
f 1779/1779/1779 1780/1780/1780 1775/1775/1775
f 1777/1777/1777 1781/1781/1781 1779/1779/1779
f 1781/1781/1781 1782/1782/1782 1779/1779/1779
f 1779/1779/1779 1782/1782/1782 1783/1783/1783
f 1783/1783/1783 1784/1784/1784 1779/1779/1779
f 1784/1784/1784 1780/1780/1780 1779/1779/1779
f 1772/1772/1772 1785/1785/1785 1768/1768/1768
f 1785/1785/1785 1766/1766/1766 1768/1768/1768
f 1786/1786/1786 1787/1787/1787 1788/1788/1788
f 1787/1787/1787 1789/1789/1789 1788/1788/1788
f 1788/1788/1788 1789/1789/1789 1790/1790/1790
f 1790/1790/1790 1791/1791/1791 1788/1788/1788
f 1791/1791/1791 1792/1792/1792 1788/1788/1788
f 1788/1788/1788 1792/1792/1792 1793/1793/1793
f 1792/1792/1792 1794/1794/1794 1793/1793/1793
f 1793/1793/1793 1794/1794/1794 1795/1795/1795
f 1794/1794/1794 1796/1796/1796 1795/1795/1795
f 1792/1792/1792 1791/1791/1791 1794/1794/1794
f 1791/1791/1791 1797/1797/1797 1794/1794/1794
f 1794/1794/1794 1797/1797/1797 1798/1798/1798
f 1798/1798/1798 1799/1799/1799 1794/1794/1794
f 1799/1799/1799 1796/1796/1796 1794/1794/1794
f 1793/1793/1793 1800/1800/1800 1788/1788/1788
f 1800/1800/1800 1786/1786/1786 1788/1788/1788
f 1801/1801/1801 1802/1802/1802 1803/1803/1803
f 1802/1802/1802 1804/1804/1804 1803/1803/1803
f 1803/1803/1803 1804/1804/1804 1805/1805/1805
f 1804/1804/1804 1806/1806/1806 1805/1805/1805
f 1805/1805/1805 1806/1806/1806 1807/1807/1807
f 1806/1806/1806 1808/1808/1808 1807/1807/1807
f 1805/1805/1805 1807/1807/1807 1803/1803/1803
f 1807/1807/1807 1809/1809/1809 1803/1803/1803
f 1803/1803/1803 1809/1809/1809 1810/1810/1810
f 1803/1803/1803 1810/1810/1810 1811/1811/1811
f 1810/1810/1810 1812/1812/1812 1811/1811/1811
f 1811/1811/1811 1812/1812/1812 1801/1801/1801
f 1812/1812/1812 1813/1813/1813 1801/1801/1801
f 1810/1810/1810 1814/1814/1814 1812/1812/1812
f 1814/1814/1814 1815/1815/1815 1812/1812/1812
f 1812/1812/1812 1815/1815/1815 1816/1816/1816
f 1815/1815/1815 1817/1817/1817 1816/1816/1816
f 1816/1816/1816 1817/1817/1817 1818/1818/1818
f 1817/1817/1817 1819/1819/1819 1818/1818/1818
f 1816/1816/1816 1818/1818/1818 1812/1812/1812
f 1818/1818/1818 1813/1813/1813 1812/1812/1812
f 1815/1815/1815 1820/1820/1820 1817/1817/1817
f 1820/1820/1820 1821/1821/1821 1817/1817/1817
f 1817/1817/1817 1821/1821/1821 1822/1822/1822
f 1822/1822/1822 1823/1823/1823 1817/1817/1817
f 1823/1823/1823 1819/1819/1819 1817/1817/1817
f 1804/1804/1804 1824/1824/1824 1806/1806/1806
f 1824/1824/1824 1825/1825/1825 1806/1806/1806
f 1806/1806/1806 1825/1825/1825 1826/1826/1826
f 1826/1826/1826 1827/1827/1827 1806/1806/1806
f 1827/1827/1827 1808/1808/1808 1806/1806/1806
f 1828/1828/1828 1829/1829/1829 1830/1830/1830
f 1829/1829/1829 1831/1831/1831 1830/1830/1830
f 1830/1830/1830 1831/1831/1831 1832/1832/1832
f 1828/1828/1828 1830/1830/1830 1833/1833/1833
f 1830/1830/1830 1834/1834/1834 1833/1833/1833
f 1834/1834/1834 1830/1830/1830 1835/1835/1835
f 1830/1830/1830 1836/1836/1836 1835/1835/1835
f 1835/1835/1835 1836/1836/1836 1837/1837/1837
f 1836/1836/1836 1832/1832/1832 1837/1837/1837
f 1837/1837/1837 1832/1832/1832 1838/1838/1838
f 1838/1838/1838 1839/1839/1839 1837/1837/1837
f 1839/1839/1839 1840/1840/1840 1837/1837/1837
f 1837/1837/1837 1840/1840/1840 1841/1841/1841
f 1841/1841/1841 1842/1842/1842 1837/1837/1837
f 1842/1842/1842 1835/1835/1835 1837/1837/1837
f 1843/1843/1843 1844/1844/1844 1845/1845/1845
f 1844/1844/1844 1846/1846/1846 1845/1845/1845
f 1845/1845/1845 1846/1846/1846 1847/1847/1847
f 1846/1846/1846 1848/1848/1848 1847/1847/1847
f 1847/1847/1847 1848/1848/1848 1849/1849/1849
f 1848/1848/1848 1850/1850/1850 1849/1849/1849
f 1847/1847/1847 1849/1849/1849 1845/1845/1845
f 1849/1849/1849 1851/1851/1851 1845/1845/1845
f 1845/1845/1845 1851/1851/1851 1852/1852/1852
f 1852/1852/1852 1853/1853/1853 1845/1845/1845
f 1853/1853/1853 1843/1843/1843 1845/1845/1845
f 1846/1846/1846 1854/1854/1854 1848/1848/1848
f 1854/1854/1854 1855/1855/1855 1848/1848/1848
f 1848/1848/1848 1855/1855/1855 1856/1856/1856
f 1856/1856/1856 1857/1857/1857 1848/1848/1848
f 1857/1857/1857 1850/1850/1850 1848/1848/1848
f 1858/1858/1858 1859/1859/1859 1860/1860/1860
f 1859/1859/1859 1861/1861/1861 1860/1860/1860
f 1860/1860/1860 1861/1861/1861 1862/1862/1862
f 1858/1858/1858 1860/1860/1860 1863/1863/1863
f 1860/1860/1860 1864/1864/1864 1863/1863/1863
f 1864/1864/1864 1860/1860/1860 1865/1865/1865
f 1860/1860/1860 1866/1866/1866 1865/1865/1865
f 1865/1865/1865 1866/1866/1866 1867/1867/1867
f 1866/1866/1866 1862/1862/1862 1867/1867/1867
f 1867/1867/1867 1862/1862/1862 1868/1868/1868
f 1868/1868/1868 1869/1869/1869 1867/1867/1867
f 1869/1869/1869 1870/1870/1870 1867/1867/1867
f 1867/1867/1867 1870/1870/1870 1871/1871/1871
f 1871/1871/1871 1872/1872/1872 1867/1867/1867
f 1872/1872/1872 1865/1865/1865 1867/1867/1867
f 1873/1873/1873 1874/1874/1874 1875/1875/1875
f 1874/1874/1874 1876/1876/1876 1875/1875/1875
f 1875/1875/1875 1876/1876/1876 1877/1877/1877
f 1876/1876/1876 1878/1878/1878 1877/1877/1877
f 1877/1877/1877 1878/1878/1878 1879/1879/1879
f 1878/1878/1878 1880/1880/1880 1879/1879/1879
f 1877/1877/1877 1879/1879/1879 1875/1875/1875
f 1879/1879/1879 1881/1881/1881 1875/1875/1875
f 1875/1875/1875 1881/1881/1881 1882/1882/1882
f 1882/1882/1882 1883/1883/1883 1875/1875/1875
f 1883/1883/1883 1873/1873/1873 1875/1875/1875
f 1876/1876/1876 1884/1884/1884 1878/1878/1878
f 1884/1884/1884 1885/1885/1885 1878/1878/1878
f 1878/1878/1878 1885/1885/1885 1886/1886/1886
f 1886/1886/1886 1887/1887/1887 1878/1878/1878
f 1887/1887/1887 1880/1880/1880 1878/1878/1878
f 1888/1888/1888 1889/1889/1889 1890/1890/1890
f 1889/1889/1889 1891/1891/1891 1890/1890/1890
f 1890/1890/1890 1891/1891/1891 1892/1892/1892
f 1891/1891/1891 1893/1893/1893 1892/1892/1892
f 1892/1892/1892 1893/1893/1893 1894/1894/1894
f 1893/1893/1893 1895/1895/1895 1894/1894/1894
f 1891/1891/1891 1889/1889/1889 1893/1893/1893
f 1889/1889/1889 1896/1896/1896 1893/1893/1893
f 1893/1893/1893 1896/1896/1896 1897/1897/1897
f 1897/1897/1897 1898/1898/1898 1893/1893/1893
f 1898/1898/1898 1895/1895/1895 1893/1893/1893
f 1888/1888/1888 1890/1890/1890 1899/1899/1899
f 1890/1890/1890 1900/1900/1900 1899/1899/1899
f 1900/1900/1900 1890/1890/1890 1901/1901/1901
f 1890/1890/1890 1902/1902/1902 1901/1901/1901
f 1903/1903/1903 1904/1904/1904 1905/1905/1905
f 1904/1904/1904 1906/1906/1906 1905/1905/1905
f 1905/1905/1905 1906/1906/1906 1907/1907/1907
f 1907/1907/1907 1908/1908/1908 1905/1905/1905
f 1908/1908/1908 1909/1909/1909 1905/1905/1905
f 1905/1905/1905 1909/1909/1909 1910/1910/1910
f 1909/1909/1909 1911/1911/1911 1910/1910/1910
f 1910/1910/1910 1911/1911/1911 1912/1912/1912
f 1911/1911/1911 1913/1913/1913 1912/1912/1912
f 1909/1909/1909 1908/1908/1908 1911/1911/1911
f 1908/1908/1908 1914/1914/1914 1911/1911/1911
f 1911/1911/1911 1914/1914/1914 1915/1915/1915
f 1915/1915/1915 1916/1916/1916 1911/1911/1911
f 1916/1916/1916 1913/1913/1913 1911/1911/1911
f 1903/1903/1903 1905/1905/1905 1917/1917/1917
f 1905/1905/1905 1910/1910/1910 1917/1917/1917
f 1918/1918/1918 1919/1919/1919 1920/1920/1920
f 1919/1919/1919 1921/1921/1921 1920/1920/1920
f 1920/1920/1920 1921/1921/1921 1922/1922/1922
f 1922/1922/1922 1923/1923/1923 1920/1920/1920
f 1923/1923/1923 1924/1924/1924 1920/1920/1920
f 1920/1920/1920 1924/1924/1924 1925/1925/1925
f 1925/1925/1925 1926/1926/1926 1920/1920/1920
f 1926/1926/1926 1918/1918/1918 1920/1920/1920
f 1515/1515/1515 1513/1513/1513 1521/1521/1521
f 1497/1497/1497 1505/1505/1505 1495/1495/1495
f 1803/1803/1803 1811/1811/1811 1801/1801/1801
f 1686/1686/1686 1691/1691/1691 1688/1688/1688
f 1761/1761/1761 1763/1763/1763 1767/1767/1767
f 1773/1773/1773 1778/1778/1778 1775/1775/1775
f 392/392/392 397/397/397 394/394/394
f 389/389/389 391/391/391 409/409/409
f 406/406/406 408/408/408 413/413/413
f 1010/1010/1010 1012/1012/1012 1030/1030/1030
f 1027/1027/1027 1029/1029/1029 1034/1034/1034
f 1013/1013/1013 1018/1018/1018 1015/1015/1015
f 1415/1415/1415 1413/1413/1413 1424/1424/1424
f 1746/1746/1746 1748/1748/1748 1758/1758/1758
f 1270/1270/1270 1302/1302/1302 1272/1272/1272
f 1257/1257/1257 1261/1261/1261 1259/1259/1259
f 1257/1257/1257 1255/1255/1255 1281/1281/1281
f 1249/1249/1249 1251/1251/1251 1278/1278/1278
f 1289/1289/1289 1296/1296/1296 1291/1291/1291
f 1263/1263/1263 1261/1261/1261 1285/1285/1285
f 1263/1263/1263 1267/1267/1267 1265/1265/1265
f 1266/1266/1266 1268/1268/1268 1307/1307/1307
f 80/80/80 85/85/85 82/82/82
f 335/335/335 337/337/337 349/349/349
f 346/346/346 348/348/348 353/353/353
f 354/354/354 356/356/356 359/359/359
f 956/956/956 958/958/958 976/976/976
f 959/959/959 964/964/964 961/961/961
f 448/448/448 450/450/450 455/455/455
f 1713/1713/1713 1718/1718/1718 1715/1715/1715
f 1431/1431/1431 1436/1436/1436 1433/1433/1433
f 434/434/434 439/439/439 436/436/436
f 1446/1446/1446 1444/1444/1444 1452/1452/1452
f 1455/1455/1455 1457/1457/1457 1469/1469/1469
f 1312/1312/1312 1314/1314/1314 1326/1326/1326
f 1323/1323/1323 1325/1325/1325 1330/1330/1330
f 1331/1331/1331 1333/1333/1333 1336/1336/1336
f 1474/1474/1474 1476/1476/1476 1479/1479/1479
f 1339/1339/1339 1341/1341/1341 1359/1359/1359
f 1222/1222/1222 1224/1224/1224 1228/1228/1228
f 1234/1234/1234 1239/1239/1239 1236/1236/1236
f 1342/1342/1342 1347/1347/1347 1344/1344/1344
f 1830/1830/1830 1832/1832/1832 1836/1836/1836
f 1466/1466/1466 1468/1468/1468 1473/1473/1473
f 752/752/752 754/754/754 764/764/764
f 1644/1644/1644 1649/1649/1649 1646/1646/1646
f 1106/1106/1106 1114/1114/1114 1104/1104/1104
f 1581/1581/1581 1583/1583/1583 1593/1593/1593
f 1091/1091/1091 1093/1093/1093 1097/1097/1097
f 431/431/431 433/433/433 451/451/451
f 500/500/500 508/508/508 498/498/498
f 985/985/985 987/987/987 995/995/995
f 996/996/996 998/998/998 1001/1001/1001
f 928/928/928 926/926/926 938/938/938
f 568/568/568 570/570/570 575/575/575
f 1668/1668/1668 1670/1670/1670 1674/1674/1674
f 917/917/917 922/922/922 919/919/919
f 884/884/884 882/882/882 892/892/892
f 889/889/889 891/891/891 896/896/896
f 1860/1860/1860 1862/1862/1862 1866/1866/1866
f 836/836/836 841/841/841 838/838/838
f 803/803/803 811/811/811 801/801/801
f 779/779/779 784/784/784 781/781/781
f 767/767/767 769/769/769 773/773/773
f 1166/1166/1166 1168/1168/1168 1170/1170/1170
f 1166/1166/1166 1183/1183/1183 1164/1164/1164
f 1182/1182/1182 1184/1184/1184 1188/1188/1188
f 1160/1160/1160 1162/1162/1162 1164/1164/1164
f 728/728/728 730/730/730 740/740/740
f 1175/1175/1175 1173/1173/1173 1191/1191/1191
f 659/659/659 693/693/693 661/661/661
f 659/659/659 657/657/657 655/655/655
f 701/701/701 699/699/699 707/707/707
f 653/653/653 689/689/689 655/655/655
f 682/682/682 680/680/680 710/710/710
f 665/665/665 663/663/663 661/661/661
f 665/665/665 697/697/697 667/667/667
f 599/599/599 604/604/604 601/601/601
f 596/596/596 598/598/598 616/616/616
f 613/613/613 615/615/615 620/620/620
f 1622/1622/1622 1624/1624/1624 1629/1629/1629
f 1617/1617/1617 1615/1615/1615 1625/1625/1625
f 530/530/530 532/532/532 536/536/536
f 485/485/485 490/490/490 487/487/487
f 899/899/899 901/901/901 911/911/911
f 1890/1890/1890 1892/1892/1892 1902/1902/1902
f 473/473/473 475/475/475 479/479/479
f 1064/1064/1064 1072/1072/1072 1062/1062/1062
f 460/460/460 462/462/462 470/470/470
f 1195/1195/1195 1197/1197/1197 1201/1201/1201
f 254/254/254 259/259/259 256/256/256
f 1207/1207/1207 1212/1212/1212 1209/1209/1209
f 1133/1133/1133 1141/1141/1141 1131/1131/1131
f 251/251/251 253/253/253 271/271/271
f 226/226/226 228/228/228 233/233/233
f 221/221/221 219/219/219 229/229/229
f 104/104/104 112/112/112 102/102/102
f 280/280/280 282/282/282 290/290/290
f 161/161/161 159/159/159 172/172/172
f 177/177/177 179/179/179 182/182/182
f 169/169/169 171/171/171 176/176/176
f 542/542/542 547/547/547 544/544/544
f 557/557/557 559/559/559 571/571/571

