# Exported by Sketchfab Model Ripper robust edition
o model_12
v -66.5588150024414 142.22366333007812 33.66150665283203
v -66.622802734375 142.1253662109375 33.7286262512207
v -66.49055480957031 141.98487854003906 33.647377014160156
v -66.7678451538086 142.08587646484375 33.725093841552734
v -66.77637481689453 142.6803436279297 34.27971649169922
v -66.90009307861328 142.6625518798828 34.286781311035156
v -66.97261047363281 143.43040466308594 34.86613082885742
v -67.09632873535156 143.4025421142578 34.86259841918945
v -67.22856903076172 144.03958129882812 35.13814163208008
v -67.1987075805664 143.42189025878906 34.788414001464844
v -66.95555114746094 142.5286407470703 34.07482147216797
v -66.93848419189453 142.2534637451172 33.799278259277344
v -66.90009307861328 142.1040802001953 33.68623733520508
v -66.85316467285156 142.13272094726562 33.65797424316406
v -66.65692901611328 141.53863525390625 33.5484619140625
v -66.53748321533203 141.53903198242188 33.58379364013672
v -66.42656707763672 141.56417846679688 33.53433609008789
v -66.40524291992188 141.63926696777344 33.41775894165039
v -66.49909210205078 142.22752380371094 33.36830139160156
v -66.43936920166016 141.56533813476562 33.30471420288086
v -66.56734466552734 141.6094512939453 33.26585388183594
v -66.65692901611328 142.3018341064453 33.25172424316406
v -66.78917694091797 142.34054565429688 33.23052978515625
v -67.1859130859375 143.8394775390625 33.025638580322266
v -66.59294128417969 142.37188720703125 33.347103118896484
v -66.85742950439453 143.31661987304688 34.68596649169922
v -66.784912109375 142.0166015625 33.269386291503906
v -66.67399597167969 141.5487060546875 33.315311431884766
v -66.83183288574219 141.94656372070312 33.491943359375
v -66.703857421875 141.51966857910156 33.435420989990234
v -66.85316467285156 142.2267608642578 33.44248580932617
v -66.8616943359375 142.2964324951172 33.3117790222168
v -67.32242584228516 143.80154418945312 33.075096130371094
v -67.26270294189453 143.816650390625 33.01857376098633
v -67.62530517578125 145.01834106445312 32.77482223510742
v -67.58264923095703 145.06015014648438 32.83134078979492
v -67.60397338867188 145.10350036621094 32.912593841552734
v -66.6100082397461 142.3819580078125 33.44955062866211
v -66.541748046875 142.37110900878906 33.59438705444336
v -66.67826080322266 142.2971954345703 33.604984283447266
v -66.60147857666016 142.48219299316406 33.682701110839844
v -66.67399597167969 142.64320373535156 33.940582275390625
v -66.72518920898438 142.50193786621094 33.67564010620117
v -66.99820709228516 143.50045776367188 34.555259704589844
v -66.88729858398438 142.63507080078125 33.859336853027344
v -66.88729858398438 142.51315307617188 33.62971496582031
v -66.91288757324219 142.3858184814453 33.73922348022461
v -67.19017791748047 143.3739013671875 34.622379302978516
v -67.13898468017578 143.54922485351562 34.597652435302734
v -67.13898468017578 144.19322204589844 34.855533599853516
v -66.91288757324219 143.55772399902344 34.671836853027344
v -67.09205627441406 144.44517517089844 35.0074348449707
v -67.2669677734375 144.18431091308594 34.86259841918945
v -67.24563598632812 144.62979125976562 34.933250427246094
v -67.36934661865234 144.6487579345703 34.93678283691406
v -67.45893096923828 145.02841186523438 34.94384765625
v -67.51438903808594 144.91075134277344 35.01803207397461
v -67.39920806884766 144.41421508789062 35.03923034667969
v -67.1219253540039 144.94056701660156 35.08161926269531
v -67.09632873535156 144.51251220703125 35.191131591796875
v -67.17737579345703 144.49664306640625 35.28651428222656
v -67.3608169555664 144.51910400390625 35.27944564819336
v -67.40774536132812 144.4521484375 35.194664001464844
v -67.53998565673828 144.83065795898438 35.26884841918945
v -67.36934661865234 144.8836669921875 35.544395446777344
v -67.23709869384766 144.83993530273438 35.54085922241211
v -67.1219253540039 144.88792419433594 35.526729583740234
v -67.0877914428711 144.98971557617188 35.44194412231445
v -67.13471984863281 145.11007690429688 35.39249038696289
v -67.29682922363281 145.19134521484375 35.04275894165039
v -67.26270294189453 144.9541015625 34.96857833862305
v -67.57411193847656 145.51568603515625 34.84846878051758
v -66.95555114746094 145.3140411376953 36.307437896728516
v -67.00674438476562 145.4285888671875 36.27211380004883
v -67.13471984863281 145.4572296142578 36.24738311767578
v -67.23709869384766 145.1766357421875 35.434879302978516
v -67.32242584228516 145.21766662597656 35.177001953125
v -67.48452758789062 145.62559509277344 34.89792251586914
v -66.99394226074219 145.1990966796875 36.349830627441406
v -67.10912322998047 145.16310119628906 36.395755767822266
v -67.23284149169922 145.20179748535156 36.39221954345703
v -67.00674438476562 145.7811737060547 37.39548110961914
v -66.88729858398438 145.82064819335938 37.353092193603516
v -66.85742950439453 145.91818237304688 37.27537536621094
v -66.91288757324219 146.0006103515625 37.19059371948242
v -67.03660583496094 146.0265350341797 37.17293167114258
v -66.98114776611328 146.75840759277344 37.98189926147461
v -66.95555114746094 146.8052215576172 37.9006462097168
v -66.99394226074219 146.838134765625 37.81939697265625
v -67.19017791748047 147.81651306152344 38.21858215332031
v -67.0877914428711 146.85400390625 37.79820251464844
v -67.28402709960938 147.82272338867188 38.253910064697266
v -67.17737579345703 146.81993103027344 37.82646179199219
v -67.13898468017578 147.78131103515625 38.328094482421875
v -67.07073211669922 146.74021911621094 38.020755767822266
v -67.26270294189453 147.75033569335938 38.36342239379883
v -67.30109405517578 147.72171020507812 38.27510452270508
v -67.2029800415039 146.7692413330078 37.904178619384766
v -67.16458129882812 146.74407958984375 37.98896408081055
v -67.13045501708984 145.8105926513672 37.3778190612793
v -67.28402709960938 145.31558227539062 36.36042785644531
v -67.15178680419922 145.9855194091797 37.211788177490234
v -67.2499008178711 145.4204559326172 36.29330825805664
v -67.35228729248047 145.17005920410156 35.58678436279297
v -67.39920806884766 145.17005920410156 35.32537078857422
v -67.1859130859375 145.8922576904297 37.29303741455078
v -67.41627502441406 145.0048065185547 35.494937896728516
v -67.53572082519531 145.17161560058594 35.25471878051758
v -67.55278778076172 145.52032470703125 35.187599182128906
v -67.51438903808594 145.7176971435547 35.0604248046875
v -67.45466613769531 145.99209594726562 34.671836853027344
v -67.55278778076172 145.9626922607422 34.58705520629883
v -67.82154083251953 145.6654510498047 34.75661849975586
v -67.67223358154297 145.44369506835938 34.855533599853516
v -67.72342681884766 145.35621643066406 34.98624038696289
v -67.66796875 145.24591064453125 35.13460922241211
v -67.78314971923828 145.70570373535156 35.20526123046875
v -67.89833068847656 145.6108856201172 35.10634994506836
v -67.99217987060547 145.75021362304688 35.01096725463867
v -68.03483581542969 145.923583984375 35.12754440307617
v -68.09030151367188 146.21192932128906 35.18053436279297
v -67.98365020751953 146.25682067871094 35.1240119934082
v -67.63383483886719 145.91082763671875 35.13460922241211
v -67.46319580078125 145.9808807373047 34.80607604980469
v -67.45893096923828 146.5625762939453 34.505802154541016
v -67.55278778076172 146.53431701660156 34.41748809814453
v -67.67223358154297 146.00990295410156 34.55879211425781
v -67.77887725830078 145.88682556152344 34.724822998046875
v -67.94525146484375 145.94256591796875 34.841400146484375
v -68.01777648925781 145.85626220703125 34.8908576965332
v -68.65766906738281 146.75375366210938 35.13107681274414
v -68.74725341796875 147.07769775390625 35.311241149902344
v -67.68502807617188 146.54786682128906 34.41748809814453
v -67.87699890136719 147.5297393798828 34.47047805786133
v -67.76608276367188 146.52076721191406 34.51287078857422
v -68.65766906738281 146.82846069335938 35.01803207397461
v -68.90936279296875 147.5366973876953 35.27944564819336
v -68.91790008544922 147.50303649902344 35.36423110961914
v -69.03307342529297 148.0889892578125 35.569122314453125
v -68.97335052490234 148.06886291503906 35.65037155151367
v -68.20974731445312 146.33694458007812 34.86966323852539
v -68.59368133544922 146.96315002441406 34.98624038696289
v -68.84111022949219 147.5792694091797 35.2405891418457
v -68.95629119873047 148.1458740234375 35.537330627441406
v -68.59794616699219 147.2096710205078 35.071022033691406
v -67.83434295654297 145.99365234375 34.855533599853516
v -67.76608276367188 146.01377868652344 34.79547882080078
v -67.77034759521484 146.54786682128906 34.636512756347656
v -67.93245697021484 147.50845336914062 34.53759765625
v -68.18841552734375 148.74925231933594 34.625911712646484
v -67.78741455078125 147.5614776611328 34.4740104675293
v -67.71915435791016 147.5614776611328 34.534061431884766
v -67.49305725097656 146.75531005859375 34.6011848449707
v -68.09883117675781 148.79026794433594 34.664772033691406
v -68.12016296386719 148.7217559814453 34.61885070800781
v -68.20974731445312 148.72796630859375 34.742488861083984
v -68.2140121459961 148.69235229492188 34.66123962402344
v -67.93672180175781 147.51812744140625 34.63297653198242
v -67.86846923828125 147.53013610839844 34.69303512573242
v -68.12442016601562 148.7534942626953 34.760154724121094
v -68.07749938964844 148.72447204589844 34.71775817871094
v -67.77887725830078 147.54212951660156 34.69303512573242
v -67.6807632446289 146.5838623046875 34.72129440307617
v -67.55278778076172 146.57998657226562 34.724822998046875
v -67.55278778076172 146.0265350341797 34.89439392089844
v -67.67649841308594 146.02345275878906 34.883792877197266
v -67.78314971923828 146.04319763183594 35.000370025634766
v -68.35905456542969 146.91282653808594 35.099281311035156
v -68.70033264160156 147.58856201171875 35.32890319824219
v -68.89229583740234 148.1106719970703 35.60797882080078
v -68.77711486816406 147.5146484375 35.456077575683594
v -68.52969360351562 146.9167022705078 35.304176330566406
v -68.43584442138672 146.98443603515625 35.24765396118164
v -68.7088623046875 147.5591583251953 35.41721725463867
v 53.66899108886719 142.00772094726562 -77.26618957519531
v 53.553810119628906 142.14083862304688 -77.25911712646484
v 53.75857925415039 142.0382843017578 -77.35449981689453
v 53.51115036010742 142.2608184814453 -77.33683776855469
v 53.76710510253906 142.20587158203125 -77.38982391357422
v 53.66899108886719 142.0398406982422 -77.14960479736328
v 53.498348236083984 142.27166748046875 -77.10015106201172
v 52.88404846191406 142.81582641601562 -77.21319580078125
v 52.918182373046875 142.8487091064453 -77.09308624267578
v 52.252685546875 143.73500061035156 -77.01183319091797
v 53.01629638671875 142.91140747070312 -77.05068969726562
v 53.58367156982422 142.36842346191406 -77.0577621459961
v 53.71165084838867 142.16445922851562 -77.00476837158203
v 53.83109664916992 142.44931030273438 -77.0188980102539
v 53.92921447753906 142.42918395996094 -76.9977035522461
v 53.87802505493164 142.0649871826172 -77.06482696533203
v 53.754310607910156 142.05531311035156 -77.0577621459961
v 53.64765930175781 142.46595764160156 -77.10721588134766
v 53.79697036743164 142.58863830566406 -77.09661865234375
v 54.22783660888672 143.7226104736328 -76.84226989746094
v 54.901859283447266 145.48472595214844 -76.62324523925781
v 54.80800247192383 145.46575927734375 -76.64443969726562
v 54.17237091064453 143.74659729003906 -76.90939331054688
v 54.77387619018555 145.51840209960938 -76.69390106201172
v 54.782405853271484 145.50369262695312 -76.78927612304688
v 54.325950622558594 144.1614990234375 -76.93412017822266
v 53.7799072265625 142.52284240722656 -77.22026062011719
v 55.04689407348633 145.6666259765625 -76.55259704589844
v 54.957313537597656 145.44525146484375 -76.67976379394531
v 54.50511932373047 144.111572265625 -76.82814025878906
v 54.0102653503418 142.32081604003906 -77.08955383300781
v 53.96760559082031 142.05763244628906 -77.14607238769531
v 54.02732849121094 142.24960327148438 -77.22026062011719
v 53.96334457397461 142.0429229736328 -77.26618957519531
v 54.49232482910156 144.0283660888672 -76.91999053955078
v 54.957313537597656 145.4134979248047 -76.7645492553711
v 55.14501953125 145.67088317871094 -76.63384246826172
v 55.41376876831055 145.9429473876953 -76.3830337524414
v 55.46923065185547 145.9224395751953 -76.4395523071289
v 55.82330322265625 146.654296875 -76.17107391357422
v 55.883026123046875 146.64695739746094 -76.22406005859375
v 55.89155960083008 146.64346313476562 -76.30531311035156
v 55.477760314941406 145.93482971191406 -76.52079772949219
v 55.08955383300781 145.61669921875 -76.75041961669922
v 54.876258850097656 145.34307861328125 -76.83872985839844
v 54.47099304199219 144.13711547851562 -76.97296905517578
v 53.954811096191406 142.32855224609375 -77.3085708618164
v 53.86949157714844 142.49342346191406 -77.301513671875
v 53.87802505493164 142.05299377441406 -77.36156463623047
v 54.45819091796875 144.36468505859375 -76.9517822265625
v 54.863460540771484 145.6031494140625 -76.83872985839844
v 53.481285095214844 142.57818603515625 -77.34036254882812
v 53.61353302001953 142.55032348632812 -77.22379302978516
v 53.1357421875 143.02171325683594 -77.21319580078125
v 53.101619720458984 142.99383544921875 -77.09661865234375
v 52.431861877441406 143.67074584960938 -76.98710632324219
v 52.534244537353516 143.73422241210938 -77.03303527832031
v 52.559837341308594 143.7764129638672 -77.14960479736328
v 52.28681945800781 144.43588256835938 -76.8811264038086
v 52.128971099853516 144.67584228515625 -76.75748443603516
v 51.98392868041992 144.83529663085938 -76.73275756835938
v 52.000999450683594 144.37124633789062 -76.98357391357422
v 52.274017333984375 143.6099853515625 -77.14607238769531
v 52.89258575439453 142.87464904785156 -77.32976531982422
v 52.990699768066406 142.9388885498047 -77.37216186523438
v 52.512916564941406 143.75938415527344 -77.26971435546875
v 52.312408447265625 144.48464965820312 -76.9977035522461
v 52.23135757446289 145.18360900878906 -76.6479721069336
v 51.97966766357422 144.9390106201172 -76.63031005859375
v 51.9242057800293 144.88600158691406 -76.84226989746094
v 52.026588439941406 144.4149932861328 -77.10015106201172
v 52.30814743041992 143.64443969726562 -77.26618957519531
v 52.40199661254883 143.71371459960938 -77.3121109008789
v 52.22282791137695 144.64682006835938 -77.068359375
v 52.274017333984375 145.01873779296875 -76.87759399414062
v 52.312408447265625 145.2799835205078 -76.77161407470703
v 52.24415969848633 145.19639587402344 -76.9517822265625
v 52.06924819946289 145.03810119628906 -77.00123596191406
v 52.13323974609375 144.4672393798828 -77.14960479736328
v 51.919944763183594 144.9711456298828 -76.9411849975586
v 51.62132263183594 145.17123413085938 -76.79634857177734
v 51.65971755981445 145.1209259033203 -76.6727066040039
v 51.74503707885742 145.15536499023438 -76.56319427490234
v 51.873016357421875 145.2656707763672 -76.54199981689453
v 50.75959777832031 145.57334899902344 -76.33357238769531
v 50.695613861083984 145.464599609375 -76.36536407470703
v 50.67428207397461 145.4169921875 -76.4854736328125
v 50.652950286865234 145.46575927734375 -76.60205078125
v 49.47127914428711 146.18600463867188 -76.22052764892578
v 49.5267333984375 146.22625732421875 -76.10748291015625
v 49.629119873046875 146.3001708984375 -76.08275604248047
v 48.85271072387695 147.593994140625 -75.9061279296875
v 48.75885772705078 147.57154846191406 -75.9167251586914
v 48.33226013183594 149.14053344726562 -75.75422668457031
v 48.25547409057617 149.17420959472656 -75.76128387451172
v 48.70766830444336 147.56341552734375 -75.99797058105469
v 48.22987747192383 149.1157684326172 -75.82134246826172
v 48.21708297729492 149.2012939453125 -75.87432861328125
v 48.37491989135742 149.21484375 -75.81427764892578
v 48.92097091674805 147.6446990966797 -75.95558166503906
v 49.701637268066406 146.38609313964844 -76.14634704589844
v 50.810791015625 145.68055725097656 -76.39009094238281
v 50.789459228515625 145.7270050048828 -76.50667572021484
v 49.70590591430664 146.42092895507812 -76.26998901367188
v 48.92949676513672 147.6636505126953 -76.05096435546875
v 48.33226013183594 149.2163848876953 -75.9061279296875
v 48.882568359375 147.6431427001953 -76.13220977783203
v 49.646183013916016 146.3961639404297 -76.3794937133789
v 50.74253463745117 145.68673706054688 -76.61971282958984
v 51.79196548461914 145.44757080078125 -76.69390106201172
v 51.770633697509766 145.41738891601562 -76.57379150390625
v 52.14604187011719 145.4518280029297 -76.59851837158203
v 52.035125732421875 145.49981689453125 -76.64443969726562
v 51.992462158203125 145.50677490234375 -76.7645492553711
v 51.736507415771484 145.40113830566406 -76.82814025878906
v 51.71091079711914 145.2571563720703 -76.87759399414062
v 50.687076568603516 145.57568359375 -76.65503692626953
v 49.548065185546875 146.31178283691406 -76.40422821044922
v 48.79298782348633 147.605224609375 -76.14634704589844
v 48.28960037231445 149.14710998535156 -75.92378997802734
v 48.71620178222656 147.57656860351562 -76.09335327148438
v 49.47554016113281 146.220458984375 -76.34416961669922
v 52.052188873291016 145.4746551513672 -76.89525604248047
v 52.14604187011719 145.91934204101562 -76.77161407470703
v 52.19723129272461 145.88412475585938 -76.6479721069336
v 52.320945739746094 145.8597412109375 -76.6126480102539
v 52.431861877441406 145.80401611328125 -76.67623901367188
v 52.47451400756836 145.81137084960938 -76.78575134277344
v 52.333740234375 145.61399841308594 -76.90939331054688
v 52.16310501098633 145.41195678710938 -76.9482421875
v 52.28681945800781 145.94798278808594 -76.96944427490234
v 52.20576477050781 146.12252807617188 -76.9482421875
v 52.278282165527344 146.37294006347656 -77.01536560058594
v 52.22282791137695 146.38803100585938 -76.9023208618164
v 52.28255081176758 146.33656311035156 -76.62324523925781
v 52.47451400756836 146.12136840820312 -76.48194122314453
v 52.61103057861328 146.08035278320312 -76.53846740722656
v 52.64088821411133 146.05674743652344 -76.81400299072266
v 52.51717758178711 146.03854370117188 -76.95884704589844
v 52.41053009033203 146.39268493652344 -77.07542419433594
v 52.534244537353516 146.3667449951172 -77.00476837158203
v 52.58543395996094 146.38145446777344 -76.8917236328125
v 52.72194290161133 146.3953857421875 -76.65503692626953
v 52.922447204589844 146.38919067382812 -76.41482543945312
v 52.87552261352539 146.38919067382812 -76.29118347167969
v 52.75607681274414 146.39732360839844 -76.24525451660156
v 52.53850555419922 146.3067626953125 -76.4183578491211
v 52.576900482177734 146.4762725830078 -76.4360122680664
v 52.89258575439453 146.98675537109375 -75.98737335205078
v 53.003501892089844 146.96856689453125 -75.92732238769531
v 53.122947692871094 146.97630310058594 -75.96971130371094
v 53.18267059326172 146.98715209960938 -76.08275604248047
v 53.25092315673828 148.0630645751953 -75.7966079711914
v 53.122947692871094 146.89541625976562 -76.2417221069336
v 52.50864791870117 146.881103515625 -77.1707992553711
v 53.11867904663086 148.03945922851562 -75.69063568115234
v 53.20826721191406 148.05494689941406 -75.7188949584961
v 53.157073974609375 149.35842895507812 -75.4892807006836
v 53.2253303527832 149.39210510253906 -75.58112335205078
v 53.221065521240234 148.07815551757812 -75.88492584228516
v 53.140010833740234 148.08782958984375 -75.92732238769531
v 53.02909469604492 147.05101013183594 -76.25585174560547
v 52.918182373046875 147.09202575683594 -76.19580078125
v 52.61956024169922 146.47007751464844 -76.56319427490234
v 52.54277420043945 146.4453125 -76.79634857177734
v 52.512916564941406 147.48910522460938 -77.19552612304688
v 52.440391540527344 147.5727081298828 -77.31916809082031
v 52.32521057128906 147.53749084472656 -77.36156463623047
v 52.21855926513672 147.46665954589844 -77.3085708618164
v 52.1844367980957 147.4229278564453 -77.17433166503906
v 52.23135757446289 147.45428466796875 -77.06128692626953
v 52.26548767089844 146.43292236328125 -76.77867889404297
v 52.40199661254883 146.46543884277344 -76.73982238769531
v 52.854190826416016 147.04287719726562 -76.09688568115234
v 53.037628173828125 148.05377197265625 -75.7330322265625
v 53.00776290893555 148.0851287841797 -75.81427764892578
v 53.054691314697266 148.1009979248047 -75.89199829101562
v 53.15280532836914 149.40719604492188 -75.63411712646484
v 53.101619720458984 149.41183471679688 -75.5069351196289
v 53.076019287109375 149.39480590820312 -75.56346130371094
v 53.101619720458984 149.35726928710938 -75.62351989746094
v 52.34654235839844 147.47557067871094 -77.0188980102539
v 52.158836364746094 148.23684692382812 -77.08955383300781
v 52.073516845703125 148.2174835205078 -77.11781311035156
v 52.039390563964844 148.20626831054688 -77.20259857177734
v 52.06498718261719 148.22019958496094 -77.2873764038086
v 52.14604187011719 148.24612426757812 -77.32624053955078
v 51.868751525878906 148.82240295410156 -77.16373443603516
v 51.907142639160156 148.82395935058594 -77.068359375
v 51.98392868041992 148.87852478027344 -77.10368347167969
v 52.39773178100586 147.8424530029297 -77.12841033935547
v 52.26548767089844 148.27786254882812 -77.21319580078125
v 52.23135757446289 148.26934814453125 -77.2979736328125
v 51.95833969116211 148.85916137695312 -77.19906616210938
v -66.80623626708984 142.34982299804688 33.51313781738281
v -66.72518920898438 142.48219299316406 33.506072998046875
v -67.65516662597656 145.0640106201172 32.9691162109375
v -67.68502807617188 144.9502410888672 32.979713439941406
v -67.33522033691406 143.8151092529297 33.156341552734375
v -67.74901580810547 144.94752502441406 32.82781219482422
v -67.69783020019531 144.96726989746094 32.77482223510742
v -67.72769165039062 145.20567321777344 32.60879135131836
v -67.62530517578125 145.29507446289062 32.64057922363281
v -67.65516662597656 145.39260864257812 32.84900665283203
v -67.83007049560547 145.36976623535156 32.54520034790039
v -67.79594421386719 145.46498107910156 32.389766693115234
v -67.9708480834961 146.07220458984375 32.16014862060547
v -67.89833068847656 146.08885192871094 32.12128829956055
v -68.388916015625 147.2975311279297 32.02943801879883
v -68.34198760986328 147.3253936767578 32.00117874145508
v -67.67649841308594 145.5040740966797 32.39683151245117
v -67.6509017944336 145.55050659179688 32.460418701171875
v -67.6636962890625 145.45608520507812 32.60879135131836
v -68.4017105102539 147.30101013183594 32.085960388183594
v -67.99644470214844 146.0876922607422 32.23786163330078
v -67.81727600097656 145.5094757080078 32.56639862060547
v -67.9708480834961 146.12290954589844 32.30498123168945
v -68.38037872314453 147.32151794433594 32.13541793823242
v -68.97335052490234 148.851806640625 31.979982376098633
v -68.91790008544922 148.87193298339844 31.951723098754883
v -68.28652954101562 147.34629821777344 32.011775970458984
v -67.83007049560547 146.13182067871094 32.13895034790039
v -67.80020904541016 146.15386962890625 32.20960235595703
v -68.26519775390625 147.3594512939453 32.06476593017578
v -68.89656829833984 148.89979553222656 32.01531219482422
v -68.94776153564453 148.86573791503906 32.04357147216797
v -68.32919311523438 147.34320068359375 32.14955139160156
v -68.27373504638672 147.35055541992188 32.124820709228516
v -67.82154083251953 146.15542602539062 32.290855407714844
v -67.7447509765625 145.49903869628906 32.605255126953125
v -67.8940658569336 146.15310668945312 32.32264709472656
v -67.82154083251953 145.47116088867188 32.753623962402344
v -67.7447509765625 145.4769744873047 32.79955291748047
v -67.74901580810547 145.5926971435547 32.90199661254883
v -67.77462005615234 145.5040740966797 32.95498275756836
v -68.25240325927734 147.6183624267578 33.30471420288086
v -68.18841552734375 147.2762451171875 33.15281295776367
v -68.23960876464844 147.19651794433594 33.0892219543457
v -67.89833068847656 145.47891235351562 32.78541946411133
v -67.91112518310547 145.25985717773438 32.7889518737793
v -67.77034759521484 144.97152709960938 32.909061431884766
v -67.8258056640625 145.3999481201172 32.97264862060547
v -67.8940658569336 145.3566131591797 32.9161262512207
v -68.23533630371094 147.03086853027344 33.27998733520508
v -67.95378875732422 145.52304077148438 32.85960388183594
v -68.31639099121094 147.17715454101562 33.11395263671875
v -68.64060974121094 148.9949951171875 33.55906295776367
v -68.34198760986328 147.17483520507812 33.26232147216797
v -68.41877746582031 147.4298858642578 33.23759460449219
v -68.66619873046875 148.9404296875 33.5555305480957
v -68.68753051757812 148.9729461669922 33.622650146484375
v -68.6278076171875 149.0008087158203 33.64384460449219
v -68.64913940429688 148.9427490234375 33.64384460449219
v -68.59794616699219 148.99732971191406 33.59791946411133
v -73.58059692382812 144.0980224609375 21.38213348388672
v -73.64031982421875 143.83290100097656 21.251426696777344
v -73.62326049804688 144.05039978027344 21.14191436767578
v -73.5848617553711 143.841796875 21.14191436767578
v -73.46541595458984 144.15065002441406 20.9405574798584
v -73.363037109375 144.08213806152344 20.96881675720215
v -73.46968841552734 143.83831787109375 21.099523544311523
v -73.3587646484375 143.83213806152344 21.15604591369629
v -73.20519256591797 143.9853973388672 21.187841415405273
v -73.31610870361328 143.82322692871094 21.269088745117188
v -73.1881332397461 144.0360870361328 21.385665893554688
v -73.37156677246094 143.81936645507812 21.378599166870117
v -72.87671661376953 144.65415954589844 21.876699447631836
v -72.97909545898438 144.69403076171875 21.94028663635254
v -73.48674774169922 143.82594299316406 21.424524307250977
v -73.48674774169922 144.06124877929688 21.49164390563965
v -73.48674774169922 144.21141052246094 21.431591033935547
v -73.52941131591797 144.2628936767578 21.11365509033203
v -73.46115112304688 144.4432373046875 20.86284065246582
v -73.09427642822266 145.57334899902344 20.057401657104492
v -73.07294464111328 144.76834106445312 21.904958724975586
v -73.1369400024414 145.65809631347656 20.07859992980957
v -73.09001159667969 145.8860626220703 20.02560806274414
v -72.95349884033203 146.73594665527344 19.365009307861328
v -72.8937759399414 146.75840759277344 19.273160934448242
v -72.79566192626953 146.75840759277344 19.280227661132812
v -72.80845642089844 146.94223022460938 19.01881217956543
v -72.91084289550781 146.92947387695312 19.10359764099121
v -72.8169937133789 147.1117706298828 18.601964950561523
v -72.85111999511719 147.17523193359375 18.64082145690918
v -72.94070434570312 147.0076446533203 19.2554988861084
v -72.74020385742188 147.08349609375 18.605497360229492
v -72.68901062011719 147.01307678222656 19.011749267578125
v -72.66341400146484 147.1113739013672 18.623159408569336
v -72.53543853759766 147.5456085205078 18.216909408569336
v -72.51410675048828 147.6721649169922 18.01201820373535
v -72.58663177490234 147.6501007080078 17.9766902923584
v -72.74446868896484 146.7959442138672 19.304956436157227
v -72.6548843383789 146.9894561767578 19.195444107055664
v -72.65061950683594 147.1891632080078 19.107128143310547
v -72.7188720703125 147.1636199951172 19.068267822265625
v -72.67195129394531 147.2491455078125 18.697345733642578
v -73.01322174072266 145.2641143798828 20.315282821655273
v -73.26065063476562 144.14097595214844 21.021806716918945
v -73.20519256591797 144.1595458984375 21.311479568481445
v -73.24785614013672 144.19361877441406 21.127782821655273
v -72.84258270263672 146.16819763183594 19.82071876525879
v -72.74020385742188 146.86019897460938 19.3720760345459
v -72.62075805664062 147.23251342773438 19.184844970703125
v -71.00395202636719 150.7029266357422 18.34761619567871
v -71.0210189819336 150.67274475097656 18.31935691833496
v -71.04234313964844 150.70448303222656 18.291093826293945
v -71.88700866699219 148.98068237304688 18.623159408569336
v -71.0210189819336 150.72964477539062 18.372344970703125
v -72.67195129394531 147.246826171875 19.251964569091797
v -72.8681869506836 146.8911590576172 19.428598403930664
v -72.7828598022461 146.8532257080078 19.435659408569336
v -73.30331420898438 144.33642578125 21.14191436767578
v -73.29904174804688 144.24624633789062 21.283220291137695
v -72.85111999511719 144.75440979003906 21.66827392578125
v -72.8127212524414 144.69247436523438 21.774253845214844
v -72.3861312866211 145.47813415527344 22.208765029907227
v -72.48851013183594 145.5238037109375 22.272354125976562
v -72.59089660644531 145.5911407470703 22.23702621459961
v -72.06617736816406 146.24908447265625 22.2758846282959
v -72.1728286743164 146.3102264404297 22.23702621459961
v -72.56956481933594 145.76414489746094 22.155776977539062
v -73.09427642822266 144.86431884765625 21.8166446685791
v -73.05162048339844 144.86083984375 21.696537017822266
v -73.40142822265625 144.27682495117188 21.3468074798584
v -73.43555450439453 144.2857208251953 21.184307098388672
v -73.06867980957031 145.7250518798828 20.195175170898438
v -72.85964965820312 147.16903686523438 19.237836837768555
v -72.75726318359375 147.24644470214844 19.269630432128906
v -72.03205108642578 148.98300170898438 18.78919219970703
v -71.95953369140625 148.9938507080078 18.83864974975586
v -71.07220458984375 150.7017822265625 18.386476516723633
v -71.08500671386719 150.73583984375 18.344085693359375
v -71.84861755371094 149.36074829101562 18.61962890625
v -71.88700866699219 149.16799926757812 18.598430633544922
v -72.79139709472656 147.1984405517578 19.071802139282227
v -72.8639144897461 147.1953582763672 19.1389217376709
v -72.82978820800781 147.23095703125 18.697345733642578
v -72.75299835205078 147.27120971679688 18.700876235961914
v -72.53543853759766 147.75885009765625 18.135658264160156
v -72.26667785644531 148.9083251953125 17.404407501220703
v -72.27521514892578 148.88548278808594 17.351417541503906
v -72.32213592529297 148.88548278808594 17.319625854492188
v -71.96806335449219 150.48814392089844 16.651960372924805
v -72.01925659179688 150.47845458984375 16.63076400756836
v -72.3818588256836 148.89825439453125 17.323156356811523
v -72.66341400146484 147.68145751953125 17.980224609375
v -72.70181274414062 147.7213134765625 18.036746978759766
v -72.4117202758789 148.9191436767578 17.36907958984375
v -72.0619125366211 150.4703369140625 16.680221557617188
v -72.04058837890625 150.5113525390625 16.71201515197754
v -71.96806335449219 150.49472045898438 16.70848274230957
v -72.29227447509766 148.93850708007812 17.44679832458496
v -72.68474578857422 147.76776123046875 18.100332260131836
v -72.40319061279297 148.94546508789062 17.422069549560547
v -72.61222839355469 147.78866577148438 18.135658264160156
v -72.35199737548828 148.95436096191406 17.45033073425293
v 64.27418518066406 142.78135681152344 5.499489784240723
v 64.22726440429688 142.8223876953125 5.6125335693359375
v 64.2869873046875 143.01242065429688 5.442967414855957
v 64.23152923583984 143.04299926757812 5.820957660675049
v 64.26565551757812 143.1575469970703 5.746772766113281
v 64.38937377929688 142.76046752929688 5.464162826538086
v 64.39790344238281 143.1324005126953 5.379380702972412
v 64.52587890625 142.98687744140625 5.43943452835083
v 64.50028228759766 142.74693298339844 5.510087013244629
v 64.58133697509766 142.93618774414062 5.552477836608887
v 64.5386734008789 142.75775146484375 5.6301960945129395
v 64.49175262451172 142.7724609375 5.739706993103027
v 64.57707214355469 142.99771118164062 5.785630702972412
v 64.52587890625 142.95204162597656 5.884544372558594
v 64.41497039794922 142.91798400878906 5.92693567276001
v 64.37230682373047 142.767822265625 5.778566837310791
v 64.26139068603516 142.78717041015625 5.729109764099121
v 64.31258392333984 143.56857299804688 6.523947715759277
v 64.26565551757812 143.6614532470703 6.446231365203857
v 64.3040542602539 143.71331787109375 6.336719036102295
v 64.38937377929688 144.48233032226562 6.923133850097656
v 64.41922760009766 143.73770141601562 6.294327735900879
v 64.50454711914062 144.49122619628906 6.866611480712891
v 64.5386734008789 143.716796875 6.326121807098389
v 64.50454711914062 143.1892852783203 5.782097816467285
v 64.38937377929688 143.27288818359375 5.820957660675049
v 64.38510131835938 143.24424743652344 5.651391506195068
v 64.32965087890625 143.3475799560547 5.524218559265137
v 64.32111358642578 143.19935607910156 5.450033187866211
v 64.65812683105469 144.75827026367188 4.9272050857543945
v 64.74344635009766 144.7664031982422 4.937803268432617
v 64.87569427490234 146.16819763183594 4.457367897033691
v 64.93968200683594 146.20574951171875 4.520954608917236
v 64.73918151855469 144.39950561523438 5.206281661987305
v 64.58560180664062 143.17071533203125 5.594869136810303
v 64.50881958007812 143.30848693847656 5.633728981018066
v 64.58987426757812 143.63397216796875 6.407371520996094
v 64.67945861816406 144.39369201660156 6.990253448486328
v 64.62826538085938 144.45718383789062 6.8878068923950195
v 64.79036712646484 145.15884399414062 7.131558418273926
v 64.6709213256836 145.20761108398438 7.110363006591797
v 64.60266876220703 145.36978149414062 7.205743789672852
v 64.35523986816406 144.43704223632812 7.036177635192871
v 64.40216827392578 144.3673858642578 7.128025531768799
v 64.52587890625 144.3329315185547 7.152753829956055
v 64.4320297241211 143.53915405273438 6.548676013946533
v 64.54721069335938 143.5716552734375 6.513350963592529
v 64.66239166259766 144.45794677734375 7.170416831970215
v 64.70079040527344 145.09420776367188 7.421232223510742
v 64.58133697509766 145.137939453125 7.400036811828613
v 64.52587890625 145.19056701660156 7.297591686248779
v 64.67945861816406 145.7614288330078 7.35411262512207
v 64.74344635009766 145.694091796875 7.498950481414795
v 64.84156799316406 145.60934448242188 7.491884708404541
v 64.95247650146484 145.5586395263672 7.424765110015869
v 64.91835021972656 145.39918518066406 7.2834601402282715
v 65.0250015258789 145.9065704345703 7.177482604980469
v 64.79463958740234 145.74169921875 7.145688056945801
v 64.72211456298828 145.91934204101562 7.177482604980469
v 64.89701843261719 146.00332641601562 7.099764347076416
v 64.98661041259766 146.52734375 6.976123809814453
v 64.87569427490234 146.53433227539062 6.940796852111816
v 64.76051330566406 146.33694458007812 7.085634708404541
v 64.70079040527344 146.76150512695312 6.905471324920654
v 64.70079040527344 146.67132568359375 7.13862419128418
v 64.72637939453125 146.13490295410156 7.258731842041016
v 64.83729553222656 146.77969360351562 6.774763584136963
v 65.11885070800781 146.80368041992188 6.792428016662598
v 65.05486297607422 146.5830841064453 7.085634708404541
v 65.08045959472656 146.17478942871094 7.258731842041016
v 65.0250015258789 146.60708618164062 7.212808132171631
v 65.17857360839844 146.84471130371094 6.93019962310791
v 65.04633331298828 147.05950927734375 7.128025531768799
v 65.24256134033203 147.0297088623047 6.8630805015563965
v 65.22123718261719 147.19921875 6.824220180511475
v 65.65636444091797 147.70970153808594 6.488622665405273
v 65.40467071533203 147.12026977539062 6.636991500854492
v 65.71182250976562 147.69151306152344 6.375578880310059
v 65.35348510742188 147.11253356933594 6.516883850097656
v 65.22976684570312 147.1121368408203 6.474491119384766
v 65.54971313476562 147.71009826660156 6.202479839324951
v 65.6648941040039 147.69964599609375 6.259002685546875
v 65.82699584960938 148.77401733398438 6.124763488769531
v 65.91232299804688 148.7686004638672 6.16362190246582
v 65.94644927978516 148.76821899414062 6.248404026031494
v 65.39187622070312 147.6183624267578 6.269599437713623
v 64.9951400756836 147.11834716796875 6.686448574066162
v 65.7459487915039 148.8076934814453 6.156556129455566
v 65.70755004882812 148.81581115722656 6.237807273864746
v 65.99764251708984 150.12548828125 6.237807273864746
v 65.74168395996094 148.82394409179688 6.326122283935547
v 65.44733428955078 147.81497192382812 6.4709601402282715
v 65.38333892822266 147.77395629882812 6.361447811126709
v 65.0889892578125 147.19342041015625 6.785362243652344
v 66.05736541748047 150.1138916015625 6.1388936042785645
v 66.07442474365234 150.13983154296875 6.283731460571289
v 66.14268493652344 150.09762573242188 6.188350200653076
v 66.1128158569336 150.0608673095703 6.269599914550781
v 65.90379333496094 148.77711486816406 6.333188056945801
v 65.82273864746094 148.8049774169922 6.364980697631836
v 65.54971313476562 147.76620483398438 6.534546852111816
v 64.92261505126953 147.1884002685547 7.007916450500488
v 64.85862731933594 147.16748046875 6.870144367218018
v 64.7647705078125 147.1044158935547 6.8348188400268555
v 64.65386199951172 147.08970642089844 6.8913397789001465
v 64.58987426757812 147.11563110351562 7.014982223510742
v 64.48748779296875 147.6044464111328 6.9196014404296875
v 64.46615600585938 148.21206665039062 6.9196014404296875
v 64.34244537353516 148.295654296875 6.993786811828613
v 64.30831909179688 148.26043701171875 7.113895893096924
v 64.37657165527344 148.9923095703125 7.205743789672852
v 64.45762634277344 149.00120544433594 7.170416831970215
v 64.5386734008789 148.59056091308594 7.039710521697998
v 64.57707214355469 149.60147094726562 7.445960998535156
v 64.58560180664062 148.96017456054688 7.2693305015563965
v 64.64959716796875 148.19891357421875 7.078568935394287
v 64.48322296142578 149.58212280273438 7.474222183227539
v 64.3509750366211 148.96946716308594 7.290526390075684
v 64.36377716064453 148.1896209716797 7.216341018676758
v 64.65386199951172 147.09588623046875 7.145688533782959
v 64.72211456298828 146.84548950195312 7.216341018676758
v 64.78610229492188 146.19761657714844 7.364711284637451
v 64.81597137451172 145.98049926757812 7.7073750495910645
v 64.90129089355469 145.8945770263672 7.792157173156738
v 65.02073669433594 145.8438720703125 7.749765872955322
v 65.05486297607422 145.66197204589844 7.428297996520996
v 65.12738800048828 145.87831115722656 7.6579179763793945
v 65.14444732666016 145.98861694335938 7.530744552612305
v 65.37054443359375 146.18600463867188 8.692974090576172
v 65.2510986328125 146.1399383544922 8.72476863861084
v 65.56678009033203 146.9070281982422 9.91525936126709
v 65.13591003417969 146.18870544433594 8.753029823303223
v 65.44306182861328 146.9438018798828 9.91525936126709
v 65.08045959472656 146.29901123046875 8.721235275268555
v 65.11458587646484 146.40969848632812 8.664714813232422
v 64.86715698242188 146.1244659423828 7.679113388061523
v 64.91835021972656 146.23013305664062 7.421232223510742
v 64.90554809570312 146.64268493652344 7.2693305015563965
v 64.76904296875 147.11099243164062 7.195145130157471
v 64.50028228759766 148.14588928222656 7.248135089874268
v 64.47895050048828 148.91604614257812 7.389440059661865
v 64.38937377929688 148.94354248046875 7.368244171142578
v 64.5301513671875 149.54302978515625 7.566070079803467
v 64.6197280883789 149.5472869873047 7.520146369934082
v 64.56000518798828 148.94082641601562 7.3541131019592285
v 64.61119842529297 148.17762756347656 7.195145130157471
v 64.89275360107422 147.15626525878906 7.145688533782959
v 65.03353118896484 146.2227783203125 7.371777057647705
v 65.11885070800781 146.1403350830078 7.636722564697266
v 64.99940490722656 146.17051696777344 7.6190595626831055
v 65.34068298339844 146.40350341796875 8.586997032165527
v 65.40040588378906 146.29669189453125 8.636453628540039
v 65.67769622802734 146.94456481933594 9.855205535888672
v 65.81847381591797 148.28211975097656 10.67124080657959
v 65.72461700439453 148.29837036132812 10.664175033569336
v 65.37907409667969 147.03668212890625 9.848139762878418
v 65.40467071533203 147.11911010742188 9.749228477478027
v 65.51132202148438 147.1438751220703 9.685639381408691
v 65.22550201416016 146.45034790039062 8.611724853515625
v 65.68195343017578 148.37034606933594 10.505208015441895
v 65.66915893554688 148.33746337890625 10.593523025512695
v 65.95071411132812 149.84878540039062 11.134014129638672
v 66.02323913574219 149.91921997070312 11.1552095413208
v 65.91232299804688 149.87045288085938 11.084556579589844
v 65.92938232421875 149.93972778320312 11.042165756225586
v 65.76300811767578 148.38661193847656 10.452218055725098
v 65.85260009765625 148.35641479492188 10.448684692382812
v 65.63076782226562 147.1090545654297 9.682106971740723
v 65.69475555419922 147.0231170654297 9.752758979797363
v 65.90805053710938 148.3212127685547 10.522870063781738
v 65.89952087402344 148.28636169433594 10.611185073852539
v 66.07869720458984 149.89599609375 11.11281681060791
v 66.04457092285156 149.9362335205078 11.00330638885498
v 65.97631072998047 149.8967742919922 10.982110023498535
v 66.08296203613281 149.86387634277344 11.035099983215332
v 65.75447845458984 150.4823455810547 4.934270858764648
v 65.68622589111328 150.49819946289062 4.9307379722595215
v 65.76727294921875 150.50323486328125 4.891880035400391
v 65.72461700439453 150.50595092773438 4.853021621704102
v 65.6648941040039 150.45407104492188 4.8706841468811035
v 65.16151428222656 148.55882263183594 4.694054126739502
v 65.2340316772461 148.61380004882812 4.761173725128174
v 64.83729553222656 146.63494873046875 4.581009387969971
v 64.92261505126953 146.6597137451172 4.584542274475098
v 65.51558685302734 149.53567504882812 4.849488735198975
v 64.97380828857422 146.63417053222656 4.520954608917236
v 65.39187622070312 148.67184448242188 4.630466461181641
v 65.31935119628906 148.61727905273438 4.566878795623779
v 65.26815795898438 148.7709197998047 4.581009387969971
v 65.1828384399414 148.6420440673828 4.623400688171387
v 64.78184509277344 146.66822814941406 4.439704418182373
v 64.85009002685547 146.7235870361328 4.386715412139893
v 64.91835021972656 146.64617919921875 4.383183002471924
v 64.97380828857422 146.6101837158203 4.439704418182373
v 64.83729553222656 146.5877227783203 4.301932334899902
v 64.98661041259766 146.6573944091797 4.2772040367126465
v 64.71784973144531 146.38107299804688 4.482095718383789
v 64.7562484741211 146.55096435546875 4.531552314758301
v 64.87995910644531 146.2668914794922 4.633998394012451
v 65.00366973876953 146.3899688720703 4.361987113952637
v 65.08045959472656 146.6314697265625 4.178291320800781
v 65.03353118896484 146.81607055664062 4.0581817626953125
v 64.97807312011719 146.8005828857422 4.001660346984863
v 64.96527862548828 146.71815490722656 3.9592690467834473
v 65.14871215820312 147.42254638671875 3.634268283843994
v 65.1529769897461 147.39466857910156 3.5600829124450684
v 65.31935119628906 148.76202392578125 3.29160475730896
v 65.32361602783203 148.75079345703125 3.2350821495056152
v 65.46439361572266 150.4869842529297 3.008995294570923
v 65.36200714111328 148.7709197998047 3.333995819091797
v 65.51985168457031 150.48892211914062 3.0231258869171143
v 65.41746520996094 148.75852966308594 3.3410608768463135
v 65.20843505859375 147.44769287109375 3.6872570514678955
v 65.28522491455078 147.42562866210938 3.701387882232666
v 65.16577911376953 146.7518310546875 4.029921531677246
v 65.3449478149414 147.40975952148438 3.6448659896850586
v 65.46012878417969 148.76278686523438 3.2986698150634766
v 65.54971313476562 150.468017578125 2.9701361656188965
v 65.52411651611328 150.4908447265625 2.941875696182251
v 65.47718811035156 150.47535705566406 2.938342809677124
v 65.4260025024414 148.7391815185547 3.199755907058716
v 65.46439361572266 148.74267578125 3.242147922515869
v 65.34921264648438 147.38034057617188 3.570680618286133
v 65.1529769897461 146.66590881347656 3.9875295162200928
v 65.09325408935547 146.64578247070312 3.9345405101776123
v 64.9140853881836 146.39422607421875 4.266606330871582
v 65.29375457763672 147.37222290039062 3.510626792907715
v 65.36627960205078 148.73260498046875 3.1962239742279053
v 65.21269989013672 147.36448669433594 3.507093906402588
v 65.01219940185547 146.65817260742188 3.9274747371673584
v 64.79890441894531 146.3400421142578 4.326661109924316
v 64.79036712646484 146.1387939453125 4.457367897033691
v 64.91835021972656 146.1852264404297 4.6022047996521
v 64.79463958740234 145.43052673339844 4.920140743255615
v 64.64959716796875 144.87709045410156 5.100304126739502
v 64.62826538085938 145.1186065673828 4.955466270446777
v 64.77757263183594 146.22354125976562 4.637531280517578
v 64.60693359375 144.86819458007812 4.95193338394165
v 64.72211456298828 146.06988525390625 4.542150497436523
v 54.51365661621094 149.78298950195312 -75.87786865234375
v 54.50511932373047 149.76751708984375 -75.81781005859375
v 54.43686294555664 149.7733154296875 -75.82487487792969
v 54.581905364990234 148.8177490234375 -76.0085678100586
v 54.76961135864258 147.87110900878906 -76.18872833251953
v 54.884788513183594 145.89613342285156 -76.58792114257812
v 54.97010803222656 145.8868408203125 -76.58084869384766
v 54.81653594970703 147.98681640625 -76.22406005859375
v 54.43686294555664 149.7566680908203 -75.86727142333984
v 54.462459564208984 149.7810516357422 -75.89905548095703
v 54.63736343383789 147.89007568359375 -76.33357238769531
v 54.82506561279297 145.9224395751953 -76.64091491699219
v 55.13221740722656 145.8883819580078 -76.50313568115234
v 55.02983093261719 145.9232177734375 -76.63384246826172
v 55.02556610107422 146.00062561035156 -76.7044906616211
v 54.820804595947266 148.0170135498047 -76.29824829101562
v 54.77387619018555 147.9922332763672 -76.368896484375
v 54.70561981201172 147.830078125 -76.40776062011719
v 54.83359909057617 145.90890502929688 -76.72569274902344
v 54.88905715942383 145.95457458496094 -76.77515411376953
v 54.98291015625 145.82028198242188 -76.80340576171875
v 55.11515426635742 145.86477661132812 -76.71509552001953
v 55.298587799072266 146.02423095703125 -76.53140258789062
v 55.33271408081055 146.07957458496094 -76.42542266845703
v 55.37111282348633 146.0288848876953 -76.37242889404297
v 55.69532775878906 146.70460510253906 -76.23818969726562
v 55.746517181396484 146.68331909179688 -76.17813110351562
v 55.70812225341797 146.71817016601562 -76.31591033935547
v 56.049400329589844 148.04061889648438 -76.09335327148438
v 56.087791442871094 148.02822875976562 -76.04743194580078
v 56.143253326416016 148.0185546875 -76.04036712646484
v 56.1859130859375 148.00424194335938 -76.0792236328125
v 56.19444274902344 148.0108184814453 -76.13927459716797
v 56.44186782836914 149.7218475341797 -75.9732437133789
v 56.446136474609375 149.7528076171875 -76.022705078125
v 56.42053985595703 149.76829528808594 -75.94851684570312
v 56.365081787109375 149.7605438232422 -75.962646484375
v 56.37788009643555 149.76402282714844 -76.03329467773438
v 56.15604782104492 148.02784729003906 -76.18167114257812
v 55.84463119506836 146.67752075195312 -76.36183166503906
v 56.10059356689453 148.03712463378906 -76.18872833251953
v 56.05793380737305 148.04293823242188 -76.1498794555664
v 55.763580322265625 146.70114135742188 -76.37242889404297
v 55.41376876831055 145.9626922607422 -76.58438873291016
v 55.40523910522461 146.07763671875 -76.56319427490234
v 17.13523292541504 146.3628692626953 -65.18110656738281
v 17.229082107543945 146.36752319335938 -65.19170379638672
v 17.18215560913086 146.35281372070312 -65.15283966064453
v 17.463714599609375 144.53419494628906 -65.5167007446289
v 17.531965255737305 144.4749755859375 -65.58735656738281
v 17.5191707611084 144.6417999267578 -65.6332778930664
v 17.207752227783203 146.3257293701172 -65.25175476074219
v 17.148029327392578 146.36016845703125 -65.23408508300781
v 17.31867027282715 144.64952087402344 -65.56262969970703
v 17.59595489501953 142.50929260253906 -65.92648315429688
v 17.672740936279297 142.4725341796875 -65.92648315429688
v 17.732463836669922 142.5089111328125 -65.97947692871094
v 17.72820472717285 142.5882568359375 -66.04659271240234
v 17.493572235107422 144.40879821777344 -65.74632263183594
v 17.395456314086914 144.5694122314453 -65.71806335449219
v 17.33573341369629 144.556640625 -65.66153717041016
v 17.536231994628906 142.4945831298828 -66.06778717041016
v 17.527698516845703 142.48916625976562 -65.98654174804688
v 17.502107620239258 142.10951232910156 -66.00067138671875
v 17.749534606933594 142.2523193359375 -65.89468383789062
v 17.92870330810547 142.49420166015625 -65.80990600585938
v 17.834848403930664 142.51974487304688 -65.90882110595703
v 18.05241584777832 142.6784210205078 -65.84876251220703
v 17.817785263061523 142.45046997070312 -66.05718994140625
v 18.107872009277344 142.663330078125 -65.90528869628906
v 17.668479919433594 142.38815307617188 -66.1561050415039
v 18.11640739440918 142.54800415039062 -65.93002319335938
v 18.470478057861328 143.28875732421875 -65.71452331542969
v 18.415021896362305 143.30810546875 -65.66153717041016
v 18.397960662841797 143.2891387939453 -65.58028411865234
v 17.59168815612793 142.4191131591797 -66.1455078125
v 17.47224235534668 142.10060119628906 -66.04659271240234
v 17.485044479370117 142.08937072753906 -66.13137817382812
v 17.15229606628418 140.92095947265625 -66.30094146728516
v 17.587421417236328 141.9446258544922 -66.18083190917969
v 17.79218864440918 142.202392578125 -66.0960464477539
v 18.180391311645508 142.52052307128906 -65.8664321899414
v 18.589923858642578 143.22218322753906 -65.65093994140625
v 18.547264099121094 143.2628173828125 -65.70746612548828
v 18.803226470947266 144.62359619140625 -65.53436279296875
v 18.76056480407715 144.63095092773438 -65.4919662475586
v 18.790430068969727 144.74899291992188 -65.40365600585938
v 17.028583526611328 140.74757385253906 -66.27621459960938
v 19.063447952270508 146.35165405273438 -65.32240295410156
v 19.08051109313965 146.34971618652344 -65.37539672851562
v 18.86294937133789 144.6166229248047 -65.52376556396484
v 18.89707374572754 144.59457397460938 -65.48137664794922
v 19.14876937866211 146.33810424804688 -65.36126708984375
v 19.123170852661133 146.3535919189453 -65.29061126708984
v 19.08051109313965 146.31642150878906 -65.29767608642578
v 18.84588623046875 144.59689331054688 -65.38599395751953
v 18.449148178100586 143.26515197753906 -65.52023315429688
v 18.073747634887695 142.6134033203125 -65.71806335449219
v 18.11640739440918 142.52825927734375 -65.7251205444336
v 18.888545989990234 144.5937957763672 -65.42485046386719
v 19.144500732421875 146.30752563476562 -65.31534576416016
v 18.52593994140625 143.239990234375 -65.51316833496094
v 18.577129364013672 143.21136474609375 -65.56968688964844
v 18.163328170776367 142.50233459472656 -65.78871154785156
v 17.8476505279541 142.25656127929688 -65.97594451904297
v 17.65994644165039 142.0313262939453 -66.02539825439453
v 17.59168815612793 142.06808471679688 -65.96180725097656
v 17.258947372436523 141.31068420410156 -66.06072235107422
v 16.495336532592773 139.16775512695312 -66.42811584472656
v 16.559326171875 139.1278839111328 -66.35392761230469
v 16.62758445739746 138.96261596679688 -66.34687042236328
v 17.1992244720459 140.6670684814453 -66.17376708984375
v 17.664213180541992 142.00112915039062 -66.11018371582031
v 17.173625946044922 140.72743225097656 -66.31507110595703
v 17.224815368652344 140.70770263671875 -66.25148010253906
v 16.789690017700195 139.13987731933594 -66.51290130615234
v 16.74276351928711 138.96649169921875 -66.43871307373047
v 16.69156837463379 138.27333068847656 -66.38219451904297
v 16.74703025817871 138.2443084716797 -66.49170684814453
v 16.755558013916016 138.5756072998047 -66.58354949951172
v 16.700103759765625 138.20213317871094 -66.6012191772461
v 16.516666412353516 138.70758056640625 -66.72486114501953
v 16.6446475982666 138.8941192626953 -66.6541976928711
v 16.559326171875 139.04080200195312 -66.6541976928711
v 16.175390243530273 139.17471313476562 -66.68599700927734
v 15.697599411010742 139.52420043945312 -66.71778869628906
v 15.215544700622559 140.3446807861328 -66.61534881591797
v 15.10889720916748 140.2924346923828 -66.6541976928711
v 15.629344940185547 139.41815185546875 -66.67539978027344
v 16.205249786376953 138.84071350097656 -66.67539978027344
v 16.384418487548828 138.4173126220703 -66.6541976928711
v 16.495336532592773 138.0542755126953 -66.58354949951172
v 16.42281723022461 138.19515991210938 -66.49170684814453
v 16.469738006591797 138.21372985839844 -66.378662109375
v 16.16685676574707 138.8186492919922 -66.55529022216797
v 15.586685180664062 139.4019012451172 -66.55529022216797
v 16.20098114013672 138.8538818359375 -66.43871307373047
v 16.418550491333008 138.6328887939453 -66.3327407836914
v 16.580656051635742 138.25514221191406 -66.3292007446289
v 16.482540130615234 139.1046600341797 -66.56588745117188
v 16.350292205810547 139.0516357421875 -66.44931030273438
v 16.346025466918945 138.9049530029297 -66.3857192993164
v 16.3204345703125 139.13523864746094 -66.56588745117188
v 15.842642784118652 139.6000518798828 -66.55529022216797
v 15.80424976348877 139.5795440673828 -66.43871307373047
v 15.266736030578613 140.3539581298828 -66.49523162841797
v 15.723196983337402 139.49594116210938 -66.39632415771484
v 15.620813369750977 139.4344024658203 -66.43871307373047
v 14.955322265625 140.3206787109375 -66.35392761230469
v 14.980916023254395 140.19529724121094 -66.48816680908203
v 15.010777473449707 140.23011779785156 -66.6082763671875
v 14.729225158691406 141.00067138671875 -66.4457778930664
v 14.840139389038086 141.0463409423828 -66.49523162841797
v 14.925459861755371 141.23251342773438 -66.41045379638672
v 15.015045166015625 141.07034301757812 -66.33979797363281
v 14.976652145385742 141.6040496826172 -66.21968841552734
v 14.989450454711914 141.02159118652344 -66.22322845458984
v 15.241141319274902 140.31951904296875 -66.3751220703125
v 15.134490966796875 140.25643920898438 -66.3292007446289
v 14.831608772277832 141.26153564453125 -66.0995864868164
v 14.933991432189941 141.76931762695312 -65.99007415771484
v 15.019311904907227 141.8656768798828 -66.11371612548828
v 14.951054573059082 141.78207397460938 -66.29387664794922
v 14.77188491821289 141.623779296875 -66.34333038330078
v 14.62684154510498 141.55682373046875 -66.28681182861328
v 14.62684154510498 141.47169494628906 -66.18436431884766
v 14.703630447387695 140.95655822753906 -66.32566833496094
v 14.690832138061523 141.42098999023438 -66.0748519897461
v 14.682300567626953 141.52471923828125 -65.97240447998047
v 14.362351417541504 141.7066192626953 -66.0183334350586
v 14.323959350585938 141.75692749023438 -66.13844299316406
v 14.413543701171875 141.8428497314453 -66.22322845458984
v 14.759086608886719 142.05995178222656 -66.23735046386719
v 14.865736961364746 141.99765014648438 -66.29387664794922
v 14.989450454711914 142.53367614746094 -66.31507110595703
v 15.040642738342285 142.19967651367188 -66.25148010253906
v 14.43913745880127 141.98681640625 -66.17023468017578
v 14.695096015930176 142.09246826171875 -66.10664367675781
v 14.494596481323242 142.0332489013672 -66.03599548339844
v 14.737756729125977 142.08551025390625 -65.99007415771484
v 14.4732666015625 142.00306701660156 -65.91941833496094
v 14.848670959472656 142.50503540039062 -66.11371612548828
v 14.908393859863281 142.70822143554688 -66.29387664794922
v 14.899863243103027 142.46981811523438 -65.99359893798828
v 14.848670959472656 142.0375213623047 -65.94061279296875
v 15.027843475341797 142.4454345703125 -65.95475006103516
v 15.177151679992676 142.70706176757812 -65.82403564453125
v 14.985183715820312 142.92185974121094 -65.96534729003906
v 14.925459861755371 142.97332763671875 -66.24442291259766
v 14.980916023254395 142.9586181640625 -66.36099243164062
v 15.113161087036133 142.87193298339844 -66.38219451904297
v 15.21981143951416 142.62423706054688 -66.30094146728516
v 15.177151679992676 142.39706420898438 -66.12783813476562
v 15.134490966796875 142.38970947265625 -66.0183334350586
v 14.579916954040527 141.85096740722656 -65.88409423828125
v 14.451936721801758 141.7406768798828 -65.90528869628906
v 13.39824104309082 142.05027770996094 -65.71099090576172
v 13.381178855895996 142.002685546875 -65.82756805419922
v 13.355584144592285 142.05145263671875 -65.94767761230469
v 12.178175926208496 142.76937866210938 -65.56262969970703
v 12.22936725616455 142.8119354248047 -65.4495849609375
v 12.331750869750977 142.88587951660156 -65.42838287353516
v 11.555344581604004 144.17967224121094 -65.24822235107422
v 12.40427303314209 142.97140502929688 -65.48844146728516
v 13.462231636047363 142.15904235839844 -65.67566680908203
v 13.513422966003418 142.2662353515625 -65.73219299316406
v 13.496360778808594 142.31268310546875 -65.85230255126953
v 12.408536911010742 143.00662231445312 -65.61207580566406
v 12.353080749511719 142.9752655029297 -65.72159576416016
v 13.462231636047363 142.26663208007812 -65.9688720703125
v 13.38970947265625 142.16136169433594 -66.00067138671875
v 12.182442665100098 142.80613708496094 -65.68626403808594
v 12.254961967468262 142.89747619628906 -65.74632263183594
v 11.580938339233398 144.23619079589844 -65.47431182861328
v 11.495620727539062 144.1970977783203 -65.48844146728516
v 11.423099517822266 144.1607208251953 -65.4389877319336
v 11.410300254821777 144.1448516845703 -65.34359741210938
v 11.461492538452148 144.15452575683594 -65.2623519897461
v 11.034895896911621 145.72622680664062 -65.09984588623047
v 10.958109855651855 145.75912475585938 -65.10338592529297
v 10.919713973999023 145.7815704345703 -65.16343688964844
v 10.941043853759766 145.71112060546875 -65.23056030273438
v 11.013566017150879 145.78932189941406 -65.2623519897461
v 11.069025039672852 145.7993621826172 -65.13164520263672
v 11.6278657913208 144.227294921875 -65.29767608642578
v 11.632129669189453 144.24818420410156 -65.39305877685547
v 11.094618797302246 145.75872802734375 -65.20230102539062
v 14.60977840423584 145.40963745117188 -66.41044616699219
v 14.686564445495605 145.46420288085938 -66.44931030273438
v 14.567118644714355 145.40538024902344 -66.50230407714844
v 14.660970687866211 145.44485473632812 -66.5411605834961
v 14.968120574951172 144.86355590820312 -66.55529022216797
v 14.933991432189941 144.85504150390625 -66.64007568359375
v 14.848670959472656 144.83181762695312 -66.6683349609375
v 14.767618179321289 144.80587768554688 -66.63300323486328
v 14.74628734588623 144.77841186523438 -66.54468536376953
v 14.925459861755371 144.05235290527344 -66.6541976928711
v 15.027843475341797 144.132080078125 -66.70365905761719
v 15.147290229797363 144.1580047607422 -66.66127014160156
v 15.215544700622559 144.07479858398438 -66.53762817382812
v 15.104629516601562 144.42816162109375 -66.47050476074219
v 14.861470222473145 144.82252502441406 -66.4351806640625
v 14.77614974975586 144.8031768798828 -66.46343994140625
v 14.933991432189941 144.03997802734375 -66.40338897705078
v 14.887067794799805 144.0086212158203 -66.51995849609375
v 14.972384452819824 143.01861572265625 -66.12078094482422
v 15.10889720916748 143.05113220214844 -66.08544921875
v 15.049173355102539 144.06124877929688 -66.36099243164062
v 15.245406150817871 143.031005859375 -66.14197540283203
v 15.326462745666504 143.05577087402344 -65.90882110595703
v 15.279534339904785 143.0619659423828 -65.78164672851562
v 15.241141319274902 142.8924560546875 -65.76044464111328
v 15.595215797424316 143.57244873046875 -65.32947540283203
v 15.458706855773926 142.98301696777344 -65.59088134765625
v 15.556822776794434 143.62855529785156 -65.4389877319336
v 15.620813369750977 143.6773223876953 -65.53789520263672
v 15.735992431640625 143.63668823242188 -65.59795379638672
v 15.428842544555664 142.9810791015625 -65.99713897705078
v 15.288065910339355 142.96714782714844 -66.23735046386719
v 15.215544700622559 143.46678161621094 -66.51643371582031
v 15.096097946166992 143.43504333496094 -66.5517578125
v 15.2368745803833 142.9524383544922 -66.35039520263672
v 15.343524932861328 142.6420440673828 -66.15963745117188
v 15.313663482666016 142.66603088378906 -65.88056182861328
v 15.582417488098145 142.97488403320312 -65.6332778930664
v 15.706130981445312 143.55426025390625 -65.27294921875
v 15.825580596923828 144.63055419921875 -65.03273010253906
v 15.744526863098145 144.6437225341797 -65.07511901855469
v 15.714662551879883 144.6746826171875 -65.1563720703125
v 15.825580596923828 143.56199645996094 -65.31534576416016
v 15.885303497314453 143.5728302001953 -65.42485046386719
v 15.629344940185547 142.97488403320312 -65.75691986083984
v 15.825580596923828 143.48110961914062 -65.58735656738281
v 15.953557968139648 144.6510772705078 -65.14224243164062
v 15.910897254943848 144.63868713378906 -65.06098937988281
v 15.868237495422363 145.96075439453125 -64.83136749267578
v 15.927963256835938 145.977783203125 -64.92322540283203
v 15.923696517944336 144.67042541503906 -65.2270278930664
v 15.842642784118652 144.67352294921875 -65.27294921875
v 15.757322311401367 144.6866912841797 -65.23762512207031
v 15.859705924987793 146.01455688476562 -64.96914672851562
v 15.778653144836426 145.9708251953125 -64.88082885742188
v 15.80424976348877 145.9429473876953 -64.96914672851562
v -11.43396282196045 147.65126037597656 -50.55960464477539
v -11.442495346069336 147.6454620361328 -50.47481918334961
v -11.395569801330566 147.6342315673828 -50.485416412353516
v -11.493685722351074 145.84580993652344 -50.891666412353516
v -11.438228607177734 145.81948852539062 -50.95525360107422
v -11.387036323547363 147.58702087402344 -50.55253601074219
v -11.459558486938477 145.6016082763672 -51.09302520751953
v -11.497952461242676 145.82260131835938 -51.10009002685547
v -11.660058975219727 143.76556396484375 -51.506343841552734
v -11.625931739807129 143.8197479248047 -51.414493560791016
v -11.694186210632324 143.74583435058594 -51.37563705444336
v -11.762442588806152 143.7856903076172 -51.361507415771484
v -11.553410530090332 146.6883544921875 -50.73976516723633
v -11.480888366699219 147.64044189453125 -50.51014709472656
v -11.617399215698242 146.02267456054688 -50.983516693115234
v -11.57900619506836 145.87562561035156 -51.078895568847656
v -11.779505729675293 143.75241088867188 -51.573463439941406
v -11.711251258850098 143.76673889160156 -51.56639862060547
v -11.583271980285645 143.72608947753906 -51.54166793823242
v -11.79656982421875 143.448974609375 -51.619388580322266
v -11.945878982543945 143.34873962402344 -51.63351821899414
v -11.962944030761719 143.43272399902344 -51.56993103027344
v -12.628434181213379 142.17257690429688 -51.82781219482422
v -12.568710327148438 142.10911560058594 -51.83134460449219
v -11.834964752197266 143.7764129638672 -51.506343841552734
v -11.822165489196777 143.76324462890625 -51.42509078979492
v -11.625931739807129 143.62973022460938 -51.33324432373047
v -11.617399215698242 143.70480346679688 -51.3827018737793
v -11.544877052307129 143.5658721923828 -51.47101974487305
v -11.719782829284668 143.40951538085938 -51.56993103027344
v -11.583271980285645 143.52406311035156 -51.414493560791016
v -11.817899703979492 143.28488159179688 -51.4992790222168
v -11.85202693939209 143.35183715820312 -51.42156219482422
v -12.491923332214355 142.1207275390625 -51.68650817871094
v -13.268329620361328 140.57766723632812 -51.99031066894531
v -12.3980712890625 142.29177856445312 -51.73242950439453
v -13.255531311035156 140.5989532470703 -52.10688781738281
v -13.366447448730469 140.5478515625 -52.216400146484375
v -13.490159034729004 140.6008758544922 -52.22699737548828
v -13.524288177490234 140.70382690429688 -52.10688781738281
v -12.658295631408691 142.22250366210938 -51.76069259643555
v -12.368209838867188 142.7349395751953 -51.58406066894531
v -13.490159034729004 140.75570678710938 -51.97618103027344
v -12.794807434082031 141.85716247558594 -51.679443359375
v -11.89468765258789 143.42189025878906 -51.42509078979492
v -11.962944030761719 143.4215087890625 -51.48868179321289
v -11.877623558044434 143.67384338378906 -51.418025970458984
v -11.706985473632812 143.49891662597656 -51.34384536743164
v -11.600336074829102 143.5635528564453 -51.347373962402344
v -11.216398239135742 143.68235778808594 -51.22726821899414
v -11.195068359375 143.70364379882812 -51.301448822021484
v -11.502218246459961 143.6475372314453 -51.48868179321289
v -11.540611267089844 143.74351501464844 -51.44982147216797
v -11.335844993591309 143.837158203125 -51.20254135131836
v -11.301717758178711 143.78065490722656 -51.15308380126953
v -11.246259689331055 143.7202911376953 -51.156612396240234
v -10.789802551269531 144.35655212402344 -50.9234619140625
v -10.666089057922363 144.29539489746094 -50.979984283447266
v -10.713013648986816 144.3259735107422 -50.91992950439453
v -10.653289794921875 144.3128204345703 -51.057701110839844
v -11.18653678894043 143.80271911621094 -51.33324432373047
v -11.25905704498291 143.84490966796875 -51.3367805480957
v -11.310249328613281 143.8650360107422 -51.2767219543457
v -10.832462310791016 144.40184020996094 -50.97644805908203
v -10.819664001464844 144.4219512939453 -51.054168701171875
v -10.764204978942871 144.40802001953125 -51.11422348022461
v -10.700214385986328 144.35423278808594 -51.11422348022461
v -10.12857437133789 145.6089630126953 -50.88460159301758
v -10.218162536621094 145.6441650390625 -50.84574508666992
v -10.179766654968262 145.6356658935547 -50.88460159301758
v -10.226694107055664 145.63449096679688 -50.78569030761719
v -10.188301086425781 145.61785888671875 -50.746829986572266
v -10.132842063903809 145.59771728515625 -50.7432975769043
v -10.094449043273926 145.58689880371094 -50.78215789794922
v -10.090181350708008 145.5872802734375 -50.84220886230469
v -9.497211456298828 147.237548828125 -50.64085006713867
v -9.531340599060059 147.2216796875 -50.679710388183594
v -9.574000358581543 147.26463317871094 -50.66911315917969
v -9.582531929016113 147.2661895751953 -50.61612319946289
v -9.539872169494629 147.26193237304688 -50.584327697753906
v -14.014873504638672 146.64268493652344 -52.06096649169922
v -13.925288200378418 146.65159606933594 -52.03976821899414
v -14.125789642333984 147.2704315185547 -51.912593841552734
v -14.027671813964844 147.28167724609375 -51.88786697387695
v -14.057533264160156 147.28359985351562 -51.792484283447266
v -14.151385307312012 147.25148010253906 -51.81721115112305
v -14.066064834594727 146.19142150878906 -52.06449508666992
v -13.98501205444336 145.84310913085938 -52.11395263671875
v -13.861299514770508 145.92709350585938 -52.08922576904297
v -13.784512519836426 145.93405151367188 -51.98678207397461
v -13.942353248596191 145.1460723876953 -51.94438934326172
v -13.869831085205078 146.65235900878906 -51.96558380126953
v -13.810108184814453 146.17710876464844 -51.89846420288086
v -13.9636812210083 146.6283721923828 -51.82427978515625
v -14.053267478942871 146.62411499023438 -51.84547424316406
v -14.104459762573242 146.6276092529297 -51.9161262512207
v -13.865565299987793 145.1573028564453 -51.841941833496094
v -14.117256164550781 145.85626220703125 -51.909061431884766
v -14.0404691696167 145.95689392089844 -51.81721115112305
v -13.916757583618164 145.94412231445312 -51.78541946411133
v -13.89969253540039 145.15342712402344 -51.70770263671875
v -13.938087463378906 144.7187957763672 -51.647647857666016
v -14.0404691696167 144.65301513671875 -51.77835464477539
v -14.155651092529297 144.7602081298828 -51.84547424316406
v -14.202577590942383 144.98623657226562 -51.84547424316406
v -14.270832061767578 144.87709045410156 -51.66884231567383
v -14.125789642333984 145.20452880859375 -51.66884231567383
v -14.006341934204102 145.18206787109375 -51.63705062866211
v -13.976480484008789 144.8004608154297 -51.52047348022461
v -14.304960250854492 144.615478515625 -51.792484283447266
v -14.24096965789795 144.3704833984375 -51.7960205078125
v -14.104459762573242 144.77105712890625 -51.428627014160156
v -14.317757606506348 144.6533966064453 -51.485145568847656
v -14.424407005310059 144.49588012695312 -51.63351821899414
v -14.432939529418945 144.30584716796875 -51.718299865722656
v -13.857032775878906 144.82601928710938 -51.32264709472656
v -13.767447471618652 144.77957153320312 -51.39683151245117
v -13.83570384979248 144.55624389648438 -51.52754211425781
v -14.087394714355469 144.2559356689453 -51.675907135009766
v -13.609606742858887 144.65069580078125 -51.22726821899414
v -13.28965950012207 145.21844482421875 -50.97644805908203
v -13.392043113708496 145.2846221923828 -51.01530838012695
v -13.502958297729492 145.3148193359375 -50.951725006103516
v -13.92102336883545 144.79156494140625 -51.20960235595703
v -13.54561710357666 145.31597900390625 -50.83161163330078
v -13.520020484924316 145.21728515625 -50.74330139160156
v -14.023406028747559 144.59649658203125 -51.24846267700195
v -13.165946006774902 146.2812042236328 -50.61259078979492
v -13.204339027404785 146.27114868164062 -50.531341552734375
v -13.174477577209473 146.229736328125 -50.4536247253418
v -12.875861167907715 147.55567932128906 -50.23813247680664
v -12.875861167907715 147.47401428222656 -50.20280838012695
v -12.79054069519043 147.4964599609375 -50.17808151245117
v -13.08915901184082 146.2084503173828 -50.418296813964844
v -13.008105278015137 146.20111083984375 -50.457157135009766
v -12.743616104125977 147.50885009765625 -50.27699279785156
v -12.816136360168457 147.53787231445312 -50.31938552856445
v -12.875861167907715 147.4972381591797 -50.30878448486328
v -13.084893226623535 146.27346801757812 -50.65498352050781
v -13.003840446472168 146.2394256591797 -50.62318801879883
v -12.969711303710938 146.21038818359375 -50.54193878173828
v -13.2427339553833 145.17897033691406 -50.866939544677734
v -13.293925285339355 145.16929626464844 -50.750362396240234
v -13.417637825012207 145.15188598632812 -50.70444107055664
v -13.959415435791016 144.488525390625 -51.23786544799805
v -13.660799026489258 144.62823486328125 -51.11069107055664
v -14.002076148986816 144.38519287109375 -51.35090637207031
v -14.322023391723633 144.25979614257812 -51.418025970458984
v -14.484131813049316 144.1897430419922 -51.485145568847656
v -14.671833992004395 143.9989471435547 -51.594661712646484
v -14.671833992004395 143.900634765625 -51.74656295776367
v -14.522523880004883 143.86077880859375 -51.77482223510742
v -14.386013984680176 143.8890380859375 -51.71123504638672
v -14.147119522094727 144.18898010253906 -51.58406066894531
v -14.202577590942383 144.19012451171875 -51.47101593017578
v -14.420141220092773 143.69009399414062 -51.59112548828125
v -14.513993263244629 143.5995330810547 -51.7995491027832
v -14.710227012634277 143.6475372314453 -51.81721115112305
v -14.974716186523438 143.9196014404297 -51.6723747253418
v -14.927791595458984 143.975341796875 -51.55580139160156
v -14.859536170959473 143.9331512451172 -51.435691833496094
v -15.815113067626953 144.3697052001953 -51.23432922363281
v -14.761418342590332 143.7493133544922 -51.389766693115234
v -15.819378852844238 144.4122772216797 -51.35444259643555
v -15.887633323669434 144.384033203125 -51.463951110839844
v -15.064302444458008 143.77523803710938 -51.70063781738281
v -14.851004600524902 143.4617462158203 -51.792484283447266
v -14.872333526611328 142.9071502685547 -51.954986572265625
v -14.87660026550293 143.37815856933594 -51.679443359375
v -14.513993263244629 143.63475036621094 -51.463951110839844
v -14.518259048461914 143.39944458007812 -51.721832275390625
v -14.637704849243164 143.11033630371094 -51.91966247558594
v -14.757152557373047 142.93309020996094 -52.007972717285156
v -15.000311851501465 143.68621826171875 -51.3932991027832
v -15.874836921691895 144.27256774902344 -51.174278259277344
v -16.851743698120117 145.20181274414062 -50.912864685058594
v -16.76642417907715 145.2753448486328 -50.97644805908203
v -16.762157440185547 145.30746459960938 -51.10009002685547
v -16.834680557250977 145.29315185546875 -51.20606994628906
v -15.964421272277832 144.28611755371094 -51.492210388183594
v -15.124025344848633 143.71371459960938 -51.62644958496094
v -15.089898109436035 143.65953063964844 -51.502811431884766
v -15.998550415039062 144.13671875 -51.315582275390625
v -16.015613555908203 144.18626403808594 -51.435691833496094
v -17.026647567749023 145.1522674560547 -51.16368103027344
v -16.945594787597656 145.2300567626953 -51.22726821899414
v -17.512968063354492 146.6299285888672 -50.88106918334961
v -17.436180114746094 146.65353393554688 -50.937591552734375
v -17.342329025268555 146.66824340820312 -50.92699432373047
v -17.035181045532227 145.1205291748047 -51.0400390625
v -15.968688011169434 144.18394470214844 -51.199005126953125
v -17.628149032592773 148.24652099609375 -50.66911315917969
v -17.6964054107666 148.2759246826172 -50.591392517089844
v -17.56842613220215 148.3061065673828 -50.65498352050781
v -17.517234802246094 146.61444091796875 -50.78569030761719
v -17.461776733398438 146.61134338378906 -50.707969665527344
v -17.649478912353516 148.30186462402344 -50.50661087036133
v -17.363658905029297 146.62295532226562 -50.69737243652344
v -16.971189498901367 145.15110778808594 -50.93052673339844
v -14.748620986938477 143.3638458251953 -51.49574661254883
v -14.607843399047852 142.8889617919922 -51.735965728759766
v -14.573716163635254 142.91798400878906 -51.85960388183594
v -14.518259048461914 142.1745147705078 -52.15281295776367
v -14.467066764831543 142.1721954345703 -52.03623580932617
v -14.496928215026855 142.14239501953125 -51.9161262512207
v -14.607843399047852 142.0990447998047 -51.866668701171875
v -14.083128929138184 141.29946899414062 -51.997379302978516
v -14.044736862182617 141.32113647460938 -52.11395263671875
v -14.718759536743164 142.86109924316406 -51.68650817871094
v -14.821141242980957 143.31430053710938 -51.573463439941406
v -14.902195930480957 142.86573791503906 -51.834877014160156
v -14.769950866699219 142.19503784179688 -51.88433074951172
v -14.181246757507324 141.2398681640625 -51.94792175292969
v -13.74611759185791 140.597412109375 -51.96558380126953
v -13.64799976348877 140.68215942382812 -52.007972717285156
v -13.673596382141113 140.7723388671875 -52.12808609008789
v -13.814373970031738 140.84432983398438 -52.25172424316406
v -14.279364585876465 141.1748504638672 -51.99031066894531
v -13.451766014099121 140.6337890625 -51.9161262512207
v -13.366447448730469 140.55947875976562 -51.9161262512207
v -13.43896770477295 140.30828857421875 -51.912593841552734
v -13.387776374816895 139.89263916015625 -52.085689544677734
v -13.396308898925781 139.8520050048828 -52.20580291748047
v -13.507224082946777 140.00758361816406 -52.27998733520508
v -13.724787712097168 140.31060791015625 -52.30118179321289
v -13.622404098510742 139.85122680664062 -52.2658576965332
v -13.694926261901855 139.850830078125 -52.16694259643555
v -13.848501205444336 140.5052947998047 -52.23406219482422
v -13.733320236206055 140.56683349609375 -52.28351974487305
v -14.211108207702637 141.27586364746094 -52.269386291503906
v -14.637704849243164 142.14393615722656 -52.19166946411133
v -14.744355201721191 142.10060119628906 -52.1386833190918
v -14.778482437133789 142.07080078125 -52.0221061706543
v -14.296427726745605 141.18296813964844 -52.22699737548828
v -14.334821701049805 141.17173767089844 -52.10688781738281
v -13.874096870422363 140.4824676513672 -52.11395263671875
v -13.822905540466309 140.49562072753906 -51.99384307861328
v -13.69919204711914 140.05789184570312 -51.97618103027344
v -13.460297584533691 139.88644409179688 -51.983245849609375
v -13.579745292663574 139.82374572753906 -51.97264862060547
v -13.68212890625 139.82064819335938 -52.04330062866211
v -17.534297943115234 148.29527282714844 -50.54193878173828
v -17.517234802246094 148.25115966796875 -50.60905838012695
v -17.2911376953125 146.6527557373047 -50.7538948059082
v -17.28260612487793 146.66860961914062 -50.84927749633789
v -17.57695770263672 148.22909545898438 -50.503082275390625
v -70.56455993652344 146.36209106445312 -38.559303283691406
v -70.52616882324219 146.2533416748047 -38.54164123535156
v -69.75829315185547 147.982177734375 -38.605224609375
v -70.2147445678711 146.87916564941406 -38.51337814331055
v -69.72416687011719 147.98373413085938 -38.55223846435547
v -70.12090301513672 147.1187286376953 -38.46392059326172
v -69.77961730957031 147.9972686767578 -38.51691436767578
v -69.81375122070312 148.01004028320312 -38.56990051269531
v -70.59015655517578 146.47703552246094 -38.520442962646484
v -71.40068817138672 144.38519287109375 -38.39680099487305
v -71.4390869140625 144.4761505126953 -38.35794448852539
v -70.67974090576172 146.31951904296875 -38.43212890625
v -70.60295104980469 146.3787384033203 -38.3685417175293
v -70.58162689208984 146.2266387939453 -38.343814849853516
v -71.28550720214844 144.37977600097656 -38.23783493041992
v -71.2897720336914 144.33642578125 -38.31201934814453
v -71.32816314697266 144.35617065429688 -38.38267517089844
v -71.37935638427734 144.38055419921875 -38.52751159667969
v -71.515869140625 144.3236541748047 -38.442726135253906
v -71.58412170410156 144.1707763671875 -38.259033203125
v -71.434814453125 144.40841674804688 -38.202510833740234
v -71.35802459716797 144.38209533691406 -38.188377380371094
v -71.38362884521484 143.97030639648438 -38.131858825683594
v -71.31110382080078 144.12974548339844 -38.26609802246094
v -71.33670043945312 144.20291137695312 -38.50984573364258
v -71.29403686523438 144.3921661376953 -38.77125930786133
v -71.30683898925781 144.3577117919922 -38.84897994995117
v -71.38362884521484 144.32559204101562 -38.866641998291016
v -71.49880981445312 144.13092041015625 -38.492183685302734
v -71.42628479003906 143.91844177246094 -38.26609802246094
v -71.52439880371094 143.8952178955078 -38.2625617980957
v -71.6097183227539 142.63197326660156 -37.67967987060547
v -71.37935638427734 143.93740844726562 -38.213104248046875
v -71.5798568725586 143.99041748046875 -38.2625617980957
v -71.59265899658203 143.9087677001953 -38.11419677734375
v -71.71210479736328 142.8541259765625 -37.71854019165039
v -71.6907730102539 142.64010620117188 -37.69028091430664
v -72.0149917602539 141.07034301757812 -37.0332145690918
v -71.90834045410156 141.02235412597656 -37.00495529174805
v -71.61825561523438 142.21670532226562 -37.43593215942383
v -71.62678527832031 142.22134399414062 -37.340553283691406
v -71.43054962158203 143.95831298828125 -38.07533645629883
v -71.52867126464844 144.0345458984375 -38.10712814331055
v -71.75049591064453 142.71170043945312 -37.5666389465332
v -72.12590026855469 141.03472900390625 -36.79652786254883
v -72.09603881835938 141.11097717285156 -36.95903015136719
v -72.07044982910156 140.765380859375 -36.93429946899414
v -71.84435272216797 140.41783142089844 -36.923702239990234
v -71.70357513427734 140.4282684326172 -36.88131332397461
v -71.8230209350586 141.03976440429688 -36.923702239990234
v -71.66517639160156 140.48593139648438 -36.76473617553711
v -71.9296646118164 140.318359375 -36.83892059326172
v -71.82728576660156 141.09510803222656 -36.83185577392578
v -71.78035736083984 140.9844207763672 -36.634029388427734
v -71.90834045410156 141.1098175048828 -36.736473083496094
v -71.75049591064453 140.90740966796875 -36.54571533203125
v -71.70357513427734 140.50413513183594 -36.634029388427734
v -71.8230209350586 140.84471130371094 -36.467994689941406
v -71.78889465332031 140.41201782226562 -36.563377380371094
v -72.00218963623047 140.7324676513672 -36.467994689941406
v -71.9339370727539 140.40504455566406 -36.588104248046875
v -72.10457611083984 140.9766845703125 -36.616363525390625
v -71.95526885986328 140.31060791015625 -36.708213806152344
v -72.03205108642578 141.1322784423828 -36.7541389465332
v -71.6907730102539 142.72369384765625 -37.51011657714844
v -71.96379852294922 141.11988830566406 -36.61283493041992
v -71.8230209350586 141.1365203857422 -36.61283493041992
v -71.62678527832031 141.64004516601562 -36.181854248046875
v -71.51160430908203 141.61488342285156 -36.2207145690918
v -71.43054962158203 141.52780151367188 -36.18538284301758
v -71.41349029541016 141.44691467285156 -36.090003967285156
v -71.48600769042969 141.4202117919922 -35.991092681884766
v -70.89730834960938 142.29527282714844 -35.60250473022461
v -70.98689270019531 142.2534637451172 -35.7544059753418
v -71.08074188232422 142.32623291015625 -35.803863525390625
v -71.19165802001953 142.3695831298828 -35.74734115600586
v -70.70960235595703 142.99151611328125 -35.701416015625
v -70.60721588134766 142.93695068359375 -35.65196228027344
v -70.28300476074219 143.5337371826172 -35.7544059753418
v -70.32139587402344 143.34410095214844 -35.588375091552734
v -70.61575317382812 142.91024780273438 -35.41880798339844
v -71.01248168945312 142.19967651367188 -35.5283203125
v -71.596923828125 141.455810546875 -35.94163513183594
v -71.93820190429688 140.879150390625 -36.40793991088867
v -72.01925659179688 140.9979705810547 -36.43267059326172
v -71.68650817871094 141.63616943359375 -36.065277099609375
v -71.20018768310547 142.45123291015625 -35.59897232055664
v -70.77359008789062 143.1180877685547 -35.644893646240234
v -70.40245056152344 143.6154022216797 -35.83919143676758
v -70.18062591552734 143.65603637695312 -35.74734115600586
v -71.66517639160156 141.56109619140625 -35.96636199951172
v -70.5517578125 143.56741333007812 -35.77913284301758
v -70.4749755859375 143.91456604003906 -35.84625244140625
v -70.34272766113281 144.1467742919922 -35.96636199951172
v -70.63707733154297 143.50355529785156 -35.574241638183594
v -70.57308959960938 143.78143310546875 -35.69788360595703
v -70.50910186767578 144.27488708496094 -35.85685348510742
v -70.47924041748047 144.33139038085938 -36.019351959228516
v -70.54322814941406 144.60617065429688 -36.07587432861328
v -70.40672302246094 144.4741973876953 -36.210113525390625
v -70.22328186035156 144.29461669921875 -36.01228713989258
v -70.20621490478516 144.50555419921875 -36.256038665771484
v -70.18915557861328 144.74317932128906 -36.60929870605469
v -70.34699249267578 144.708740234375 -36.37968063354492
v -70.4749755859375 144.8631591796875 -36.13239669799805
v -70.59442138671875 145.4185333251953 -35.98402404785156
v -70.58162689208984 145.38409423828125 -35.85685348510742
v -70.53469848632812 144.79388427734375 -35.878047943115234
v -70.4749755859375 144.37088012695312 -35.757938385009766
v -70.51763153076172 143.8642578125 -35.538917541503906
v -70.56455993652344 143.512451171875 -35.454132080078125
v -70.82051849365234 143.0213165283203 -35.41527557373047
v -71.21725463867188 142.30648803710938 -35.5283203125
v -71.12339782714844 142.23489379882812 -35.48239517211914
v -70.72240447998047 142.9597930908203 -35.36228561401367
v -70.3768539428711 143.36228942871094 -35.457664489746094
v -70.43658447265625 143.45362854003906 -35.38701248168945
v -70.24034881591797 143.73692321777344 -35.21744918823242
v -70.2318115234375 143.87315368652344 -35.27043914794922
v -70.3299331665039 144.01287841796875 -35.570709228515625
v -70.41525268554688 144.54270935058594 -35.72967529296875
v -70.4579086303711 144.92971801757812 -35.800331115722656
v -70.56455993652344 146.09466552734375 -35.79326629638672
v -70.57308959960938 146.12136840820312 -35.91690444946289
v -70.50910186767578 146.0195770263672 -36.02641677856445
v -70.33846282958984 146.8002166748047 -35.79679870605469
v -70.27873992919922 146.79208374023438 -35.86391830444336
v -70.02704620361328 147.35906982421875 -35.641361236572266
v -70.3299331665039 146.7827911376953 -35.70494842529297
v -70.470703125 146.07763671875 -35.70848083496094
v -70.35125732421875 145.1936798095703 -35.79679870605469
v -70.27873992919922 144.70912170410156 -35.76853561401367
v -70.18062591552734 144.59031677246094 -35.81446075439453
v -70.22328186035156 144.13363647460938 -35.67315673828125
v -70.06117248535156 143.8936767578125 -35.44000244140625
v -70.11663055419922 143.93663024902344 -35.32342529296875
v -69.48100280761719 144.16419982910156 -34.58510971069336
v -69.37861633300781 144.12472534179688 -34.64869689941406
v -69.32316589355469 144.0035858154297 -34.65222930908203
v -68.58515167236328 144.74667358398438 -33.84679412841797
v -68.49983215332031 144.656494140625 -33.814998626708984
v -67.85566711425781 145.92669677734375 -33.334564208984375
v -68.68753051757812 144.78846740722656 -33.7796745300293
v -69.54499053955078 144.13246154785156 -34.47560119628906
v -69.58765411376953 143.99700927734375 -34.450870513916016
v -70.16355895996094 143.63397216796875 -35.21391677856445
v -70.12516021728516 143.50587463378906 -35.425872802734375
v -69.99718475341797 143.63978576660156 -35.39054489135742
v -70.0569076538086 143.59837341308594 -35.277503967285156
v -69.4298095703125 143.83871459960938 -34.521522521972656
v -69.5236587524414 143.88438415527344 -34.44733810424805
v -68.64060974121094 144.58140563964844 -33.550052642822266
v -68.72592163085938 144.67430114746094 -33.57831573486328
v -68.74725341796875 144.76174926757812 -33.670162200927734
v -67.9708480834961 145.95301818847656 -33.19679260253906
v -67.93245697021484 145.9603729248047 -33.28510665893555
v -67.17737579345703 147.43338012695312 -33.0342903137207
v -67.77462005615234 145.88258361816406 -33.302772521972656
v -68.46996307373047 144.5756072998047 -33.71961975097656
v -69.3359603881836 143.8855438232422 -34.595706939697266
v -69.98439025878906 143.7675018310547 -35.43293762207031
v -70.12516021728516 143.8627166748047 -35.67668914794922
v -70.17635345458984 144.32713317871094 -35.878047943115234
v -68.5339584350586 144.53961181640625 -33.61363983154297
v -67.85566711425781 145.86399841308594 -33.08374786376953
v -67.93245697021484 145.91470336914062 -33.115543365478516
v -67.74048614501953 145.83963012695312 -33.221519470214844
v -67.77034759521484 145.84620666503906 -33.12967300415039
v -67.16031646728516 147.42408752441406 -32.86472702026367
v -67.2499008178711 147.3815155029297 -32.89298629760742
v -67.2499008178711 147.45040893554688 -32.93891143798828
v -67.25416564941406 147.40357971191406 -33.01309585571289
v -67.09205627441406 147.3838348388672 -32.960105895996094
v -67.13898468017578 147.3339080810547 -32.90358352661133
v -67.13898468017578 147.35519409179688 -33.0236930847168
v -70.7266616821289 147.96514892578125 -40.27615737915039
v -70.69253540039062 148.00772094726562 -40.26555633544922
v -70.76932525634766 148.002685546875 -40.26908874511719
v -70.75652313232422 148.0193328857422 -40.19843673706055
v -71.08927154541016 146.36016845703125 -39.74626159667969
v -71.09780883789062 146.34158325195312 -39.80278396606445
v -71.06794738769531 146.32183837890625 -39.84870910644531
v -71.32389831542969 145.0040283203125 -39.38946533203125
v -71.01248168945312 146.30404663085938 -39.85577392578125
v -71.24711608886719 144.98159790039062 -39.39653396606445
v -70.96129608154297 146.31101989746094 -39.82398223876953
v -71.46041107177734 144.34764099121094 -38.86310577392578
v -71.17459106445312 145.001708984375 -39.3576774597168
v -71.15753173828125 145.0326690673828 -39.28702163696289
v -70.9527587890625 146.32958984375 -39.770992279052734
v -70.69253540039062 148.00462341308594 -40.20903778076172
v -70.98262023925781 146.3477783203125 -39.721534729003906
v -71.0380859375 146.36016845703125 -39.7144660949707
v -71.34523010253906 145.0795135498047 -39.25876235961914
v -71.20018768310547 145.06790161132812 -39.22343826293945
v -71.2769775390625 145.09536743164062 -39.21990203857422
v -71.31963348388672 144.4939422607422 -38.76772689819336
v -71.39642333984375 144.51446533203125 -38.76066207885742
v -71.50733947753906 144.39718627929688 -38.750064849853516
v -71.36229705810547 145.04273986816406 -39.32941436767578
v -69.95879364013672 147.31224060058594 -35.574241638183594
v -69.89480590820312 147.29869079589844 -35.6484260559082
v -69.95025634765625 147.3594512939453 -35.70494842529297
v -70.12943267822266 146.72784423828125 -35.8179931640625
v -70.12090301513672 146.7142791748047 -35.72614669799805
v -70.25740814208984 146.06874084472656 -35.81446075439453
v -70.18915557861328 146.70655822753906 -35.66255569458008
v -70.34699249267578 146.0536346435547 -35.72261428833008
v -70.29580688476562 145.86903381347656 -35.96636199951172
v -70.33846282958984 146.3477783203125 -35.98402404785156
v -70.27021026611328 146.75027465820312 -35.6484260559082
v -70.26593780517578 145.18246459960938 -35.88864517211914
v -70.24034881591797 144.91696166992188 -36.04054641723633
v -70.36405944824219 145.0346221923828 -36.12179946899414
v -70.29153442382812 144.89451599121094 -36.210113525390625
v -70.18062591552734 144.87013244628906 -35.9345703125
v -70.0910415649414 144.81788635253906 -36.14652633666992
v -70.12090301513672 144.49200439453125 -36.13239669799805
v -69.97158813476562 144.7451171875 -36.513919830322266
v -70.03131103515625 144.74549865722656 -36.29842758178711
v -70.03131103515625 144.940185546875 -36.37968063354492
v -69.70283508300781 145.2974090576172 -36.821258544921875
v -69.6857681274414 145.26141357421875 -36.94136428833008
v -70.06117248535156 144.72576904296875 -36.60929870605469
v -69.76255798339844 145.2679901123047 -37.0438117980957
v -69.89906311035156 145.26527404785156 -37.05794143676758
v -69.3359603881836 146.2668914794922 -37.24517059326172
v -69.39141845703125 146.27462768554688 -37.31935501098633
v -69.47673797607422 146.29901123046875 -37.340553283691406
v -69.98011779785156 145.34036254882812 -36.994354248046875
v -70.28300476074219 144.87709045410156 -36.3938102722168
v -70.1379623413086 144.9947509765625 -36.42913818359375
v -69.78388977050781 145.37442016601562 -36.757667541503906
v -69.3487548828125 146.2924346923828 -37.16038513183594
v -69.992919921875 145.3929901123047 -36.877777099609375
v -69.89480590820312 145.43324279785156 -36.79652786254883
v -69.41275024414062 146.33926391601562 -37.110931396484375
v -68.96055603027344 147.55296325683594 -37.39353942871094
v -68.94348907470703 147.52859497070312 -37.4959831237793
v -69.03734588623047 147.55877685546875 -37.52424621582031
v -69.54072570800781 146.3373260498047 -37.29109573364258
v -69.05014038085938 147.6075439453125 -37.4500617980957
v -69.05440521240234 147.54058837890625 -37.39000701904297
v -69.4980697631836 146.3628692626953 -37.12859344482422
v -69.55779266357422 146.3590087890625 -37.20277786254883
v -42.780303955078125 146.27928161621094 -70.36698913574219
v -42.82296371459961 146.30482482910156 -70.34578704833984
v -42.77603530883789 146.3001708984375 -70.28219604492188
v -42.85708999633789 146.2622528076172 -70.31399536132812
v -42.83576202392578 146.2645721435547 -70.28219604492188
v -43.71028518676758 144.57366943359375 -70.18682098388672
v -43.706016540527344 144.49200439453125 -70.11263275146484
v -43.496986389160156 144.75674438476562 -70.12676239013672
v -42.75897216796875 146.28160095214844 -70.29986572265625
v -43.63349533081055 144.7176513671875 -70.27867126464844
v -44.601871490478516 142.47213745117188 -70.01371765136719
v -44.45256423950195 142.7008819580078 -69.96073150634766
v -44.37577438354492 142.67919921875 -69.94660186767578
v -44.307518005371094 142.66990661621094 -69.99606323242188
v -44.46109390258789 142.77130126953125 -70.11970520019531
v -44.401371002197266 142.7345428466797 -70.1620864868164
v -43.5951042175293 144.6336669921875 -70.3175277709961
v -43.565242767333984 144.49935913085938 -70.29632568359375
v -42.763240814208984 146.2463836669922 -70.33165740966797
v -44.307518005371094 142.6397247314453 -70.0843734741211
v -44.35871124267578 142.33590698242188 -70.01019287109375
v -44.405635833740234 142.2879180908203 -69.89360809326172
v -44.4909553527832 141.53553771972656 -69.56507873535156
v -44.44829559326172 142.2554168701172 -69.83355712890625
v -44.54641342163086 142.33126831054688 -69.86888122558594
v -44.73411560058594 141.20619201660156 -69.42024230957031
v -44.71278762817383 141.02081298828125 -69.2718734741211
v -45.04979705810547 139.4313201904297 -68.5158920288086
v -44.91328811645508 139.50831604003906 -68.54768371582031
v -44.84929656982422 139.38369750976562 -68.5830078125
v -44.4909553527832 141.45040893554688 -69.61454010009766
v -44.44403076171875 142.21554565429688 -70.02784729003906
v -44.35871124267578 142.49961853027344 -70.26807403564453
v -44.34591293334961 142.6532745361328 -70.1444320678711
v -44.44829559326172 142.65521240234375 -70.2115478515625
v -44.53361511230469 142.620361328125 -70.20448303222656
v -44.51655197143555 142.7055206298828 -70.57894134521484
v -44.486690521240234 142.79840087890625 -70.55774688720703
v -44.418434143066406 142.81117248535156 -70.51888275146484
v -44.37150955200195 142.6474609375 -70.28219604492188
v -44.31178665161133 142.68887329101562 -70.53301239013672
v -44.33738327026367 142.7906494140625 -70.52595520019531
v -44.217933654785156 143.36190795898438 -70.98519134521484
v -44.29472351074219 143.39208984375 -70.98165893554688
v -44.36297607421875 143.38125610351562 -71.02051544189453
v -44.380043029785156 143.3410186767578 -71.0911636352539
v -44.06009292602539 144.6510772705078 -71.47622680664062
v -44.107017517089844 144.65611267089844 -71.50801849365234
v -44.119815826416016 144.63095092773438 -71.56100463867188
v -44.000370025634766 144.64024353027344 -71.48328399658203
v -44.179542541503906 143.32630920410156 -71.04524230957031
v -44.32884979248047 142.65443420410156 -70.61073303222656
v -44.401371002197266 142.622314453125 -70.6283950805664
v -44.51655197143555 142.4280242919922 -70.25394439697266
v -44.54214859008789 142.19154357910156 -70.0243148803711
v -44.601871490478516 142.2875213623047 -70.0243148803711
v -44.72985076904297 141.15664672851562 -69.48383331298828
v -45.13085174560547 139.41505432128906 -68.5971450805664
v -44.70852279663086 140.93605041503906 -69.45203399658203
v -45.09672546386719 139.49981689453125 -68.75611114501953
v -44.65732955932617 140.73170471191406 -69.35665130615234
v -44.85356521606445 139.29197692871094 -68.66779327392578
v -44.7981071472168 139.2776641845703 -68.39578247070312
v -44.89622497558594 139.380615234375 -68.43463897705078
v -44.985809326171875 139.41815185546875 -68.37105560302734
v -45.071128845214844 139.3604736328125 -68.29686737060547
v -44.64879608154297 139.9371337890625 -67.94007873535156
v -44.52935028076172 139.9119873046875 -67.98246765136719
v -44.44829559326172 139.8245086669922 -67.9471435546875
v -44.785308837890625 139.18051147460938 -68.3074722290039
v -44.802371978759766 139.03382873535156 -68.44876861572266
v -44.985809326171875 139.0887908935547 -68.68192291259766
v -45.088191986083984 139.15304565429688 -68.70664978027344
v -45.271629333496094 139.1387176513672 -68.43463897705078
v -45.04126739501953 139.2954559326172 -68.19442749023438
v -44.704254150390625 139.9332733154297 -67.82703399658203
v -44.217933654785156 140.74835205078125 -67.36072540283203
v -44.20940399169922 140.66629028320312 -67.50910186767578
v -44.098487854003906 140.62294006347656 -67.56562042236328
v -44.004634857177734 140.55018615722656 -67.51615905761719
v -44.687191009521484 139.85781860351562 -67.72811889648438
v -44.61466979980469 139.75291442871094 -67.7033920288086
v -44.97727584838867 139.1847686767578 -68.1661605834961
v -45.24176788330078 138.76600646972656 -68.2226791381836
v -45.31855392456055 138.72576904296875 -68.31452941894531
v -45.24176788330078 138.87283325195312 -68.51235961914062
v -45.190574645996094 138.64488220214844 -68.49469757080078
v -45.06259536743164 138.6665496826172 -68.47350311279297
v -45.01140594482422 138.61160278320312 -68.3427963256836
v -45.0369987487793 138.65997314453125 -68.23328399658203
v -44.87489318847656 139.1437530517578 -68.21562194824219
v -45.1265869140625 138.7427978515625 -68.1873550415039
v -44.43123245239258 139.7440185546875 -67.85176086425781
v -43.9150505065918 140.59197998046875 -67.36426544189453
v -44.503753662109375 139.71731567382812 -67.75284576416016
v -44.03449630737305 140.4878692626953 -67.2936019897461
v -44.23926544189453 140.6035919189453 -67.29007720947266
v -44.14541244506836 140.53160095214844 -67.2406234741211
v -43.74014663696289 141.2568817138672 -67.12403869628906
v -43.83826446533203 141.3180389404297 -67.17350006103516
v -43.65482711791992 141.8006591796875 -67.33599853515625
v -43.79133605957031 141.414794921875 -67.40664672851562
v -43.72734832763672 141.28823852539062 -67.46317291259766
v -43.62496566772461 141.2340545654297 -67.41371154785156
v -43.33914566040039 141.64120483398438 -67.34659576416016
v -43.63349533081055 141.2069549560547 -67.1805648803711
v -43.39460372924805 141.6590118408203 -67.21942138671875
v -43.45859146118164 141.75035095214844 -67.14876556396484
v -43.14291000366211 141.80259704589844 -67.18762969970703
v -43.198368072509766 141.9527587890625 -67.50910186767578
v -43.300750732421875 141.83045959472656 -67.51615905761719
v -43.420196533203125 141.91212463378906 -67.60094451904297
v -43.56950759887695 141.8641357421875 -67.54088592529297
v -43.59083557128906 142.07855224609375 -67.45964050292969
v -43.49272155761719 142.21128845214844 -67.6080093383789
v -43.3604736328125 142.44349670410156 -67.7245864868164
v -43.582305908203125 141.80955505371094 -67.21588897705078
v -43.535377502441406 142.16136169433594 -67.30067443847656
v -43.52684783935547 142.5716094970703 -67.61507415771484
v -43.496986389160156 142.6284942626953 -67.77757263183594
v -43.26235580444336 142.0336456298828 -66.97920227050781
v -43.181304931640625 141.93069458007812 -66.9721450805664
v -43.07465362548828 141.89547729492188 -67.03572082519531
v -43.014930725097656 141.93650817871094 -67.15230560302734
v -42.35370635986328 142.1822509765625 -66.35746765136719
v -43.002132415771484 142.06460571289062 -67.19469451904297
v -42.43049240112305 142.14279174804688 -66.26207733154297
v -42.54140853881836 142.18148803710938 -66.20909118652344
v -42.60539627075195 142.29373168945312 -66.2126235961914
v -41.65835189819336 142.87852478027344 -65.31180572509766
v -41.54743957519531 142.85025024414062 -65.36832427978516
v -41.48771286010742 142.872314453125 -65.48137664794922
v -43.25382614135742 142.17025756835938 -67.0286636352539
v -42.562740325927734 142.43150329589844 -66.23382568359375
v -41.74367141723633 142.97140502929688 -65.34007263183594
v -40.86914825439453 144.17039489746094 -64.84196472167969
v -40.7880973815918 144.1448516845703 -64.89142608642578
v -40.75823211669922 144.13671875 -64.9832763671875
v -41.517574310302734 142.9532012939453 -65.57675170898438
v -42.34090805053711 142.30030822753906 -66.41398620605469
v -43.078922271728516 142.1903839111328 -67.2017593383789
v -43.14291000366211 142.15982055664062 -67.43843841552734
v -43.24102783203125 142.4303436279297 -67.4349136352539
v -43.1941032409668 142.6238555908203 -67.63980102539062
v -43.24529266357422 142.59133911132812 -67.77404022216797
v -43.42446517944336 142.77130126953125 -67.97187042236328
v -43.565242767333984 142.9032745361328 -67.83763122558594
v -43.55670928955078 143.09060668945312 -67.63980102539062
v -43.49272155761719 142.66758728027344 -67.51969146728516
v -43.34767532348633 142.30958557128906 -67.33246612548828
v -43.43726348876953 142.83981323242188 -67.4914321899414
v -41.6028938293457 143.0437774658203 -65.60855102539062
v -42.396366119384766 142.4218292236328 -66.41045379638672
v -42.498748779296875 142.4613037109375 -66.34687042236328
v -43.13864517211914 142.23373413085938 -67.0851821899414
v -41.70528030395508 143.08517456054688 -65.54142761230469
v -41.7650032043457 143.06350708007812 -65.42838287353516
v -40.98432922363281 144.2532196044922 -64.95501708984375
v -40.95020294189453 144.21954345703125 -64.87376403808594
v -40.16526412963867 145.68365478515625 -64.633544921875
v -40.10554122924805 145.70494079589844 -64.71479797363281
v -40.1609992980957 145.65191650390625 -64.78544616699219
v -40.796627044677734 144.1738739013672 -65.06806182861328
v -40.8734130859375 144.22341918945312 -65.09632110595703
v -40.95020294189453 144.2559356689453 -65.04686737060547
v -40.27191162109375 145.70030212402344 -64.77484893798828
v -40.27191162109375 145.73667907714844 -64.67594146728516
v -40.195125579833984 145.73048400878906 -64.7960433959961
v -43.778541564941406 146.31605529785156 -71.9637222290039
v -43.71028518676758 146.30172729492188 -71.97079467773438
v -43.71028518676758 146.30404663085938 -72.02731323242188
v -43.97050857543945 144.61741638183594 -71.52921295166016
v -43.799869537353516 146.2804412841797 -72.0025863647461
v -44.0899543762207 144.6143035888672 -71.61046600341797
v -44.34164810180664 143.30270385742188 -71.15122985839844
v -44.482425689697266 142.6466827392578 -70.62486267089844
v -44.264862060546875 143.2771453857422 -71.15475463867188
v -44.03023147583008 144.60385131835938 -71.61752319335938
v -43.761474609375 146.2963104248047 -72.04850769042969
v -43.983306884765625 144.60076904296875 -71.58219909667969
v -44.19233703613281 143.29689025878906 -71.11943054199219
v -42.916812896728516 145.59579467773438 -67.41018676757812
v -42.97227096557617 145.6561737060547 -67.46670532226562
v -42.97653579711914 145.60934448242188 -67.33246612548828
v -43.0490608215332 145.65577697753906 -67.40311431884766
v -43.14291000366211 145.01138305664062 -67.48789978027344
v -43.15144348144531 145.0249481201172 -67.57975006103516
v -43.279422760009766 144.3658447265625 -67.57621765136719
v -43.20690155029297 145.00326538085938 -67.42431640625
v -43.2879524230957 145.0469970703125 -67.41018676757812
v -43.34767532348633 145.07989501953125 -67.46670532226562
v -43.49272155761719 144.37474060058594 -67.46670532226562
v -43.364742279052734 144.35035705566406 -67.48436737060547
v -43.2879524230957 143.4795684814453 -67.65039825439453
v -43.31354904174805 144.1661376953125 -67.72811889648438
v -43.34767532348633 144.6688690185547 -67.73871612548828
v -43.296485900878906 145.0891876220703 -67.62567138671875
v -43.35620880126953 145.096923828125 -67.55502319335938
v -43.3690071105957 143.49078369140625 -67.55855560302734
v -43.53111267089844 144.31668090820312 -67.78816986083984
v -43.386070251464844 143.3363494873047 -67.88002014160156
v -43.25809097290039 143.21368408203125 -67.79876708984375
v -43.202632904052734 143.16683959960938 -67.69279479980469
v -43.296485900878906 143.00584411621094 -67.53028869628906
v -43.47565460205078 143.2264404296875 -67.56208038330078
v -43.582305908203125 144.3917694091797 -67.55502319335938
v -43.59083557128906 144.41847229003906 -67.67866516113281
v -43.616432189941406 143.71563720703125 -67.74578094482422
v -43.599369049072266 143.68081665039062 -67.61860656738281
v -43.198368072509766 142.88702392578125 -67.57621765136719
v -43.1130485534668 143.114990234375 -67.90827941894531
v -43.30928421020508 143.19122314453125 -67.97187042236328
v -43.49272155761719 143.15988159179688 -67.89414978027344
v -43.364742279052734 143.00546264648438 -68.14143371582031
v -43.21116638183594 143.040283203125 -68.36752319335938
v -43.22396469116211 142.8026580810547 -68.01779174804688
v -43.13864517211914 142.7891082763672 -67.89414978027344
v -43.05332565307617 143.04261779785156 -68.06018829345703
v -43.05332565307617 143.23728942871094 -68.14143371582031
v -43.15570831298828 143.29185485839844 -68.19088745117188
v -43.305015563964844 143.1741943359375 -68.15556335449219
v -43.00640106201172 143.69435119628906 -68.64306640625
v -42.997867584228516 143.6370849609375 -68.75611114501953
v -42.916812896728516 143.5623779296875 -68.8197021484375
v -43.078922271728516 143.02247619628906 -68.37105560302734
v -42.99360275268555 143.04222106933594 -68.27567291259766
v -42.72484588623047 143.59451293945312 -68.5830078125
v -42.703514099121094 143.5585174560547 -68.70311737060547
v -42.780303955078125 143.56509399414062 -68.8055648803711
v -42.498748779296875 144.5876007080078 -69.10231018066406
v -42.562740325927734 144.63327026367188 -69.04931640625
v -42.57553482055664 144.65919494628906 -68.96453094482422
v -42.91254806518555 143.7303466796875 -68.55828094482422
v -42.80590057373047 143.671142578125 -68.51942443847656
v -42.37076950073242 144.5852813720703 -68.91860961914062
v -42.43049240112305 144.635986328125 -68.86915588378906
v -41.978302001953125 145.84890747070312 -69.15882873535156
v -42.515811920166016 144.6654052734375 -68.89035034179688
v -42.080684661865234 145.88258361816406 -69.18002319335938
v -42.063621520996094 145.8922576904297 -69.26127624511719
v -42.02522659301758 145.81407165527344 -69.2930679321289
v -41.95697021484375 145.8311004638672 -69.2365493774414
v -42.35797119140625 144.5620574951172 -69.00691986083984
v -42.413429260253906 144.56399536132812 -69.08110809326172
v -71.17032623291016 150.50865173339844 21.304414749145508
v -71.2129898071289 150.50323486328125 21.392730712890625
v -71.29830169677734 150.54812622070312 21.34327507019043
v -71.596923828125 149.97454833984375 21.37506866455078
v -71.25138092041016 150.52915954589844 21.251426696777344
v -71.4390869140625 149.9075927734375 21.216100692749023
v -71.40495300292969 149.89947509765625 21.30088233947754
v -71.515869140625 149.9358673095703 21.173709869384766
v -71.59265899658203 149.97146606445312 21.209035873413086
v -71.63105010986328 149.98190307617188 21.290287017822266
v -71.83155059814453 149.28683471679688 21.173709869384766
v -71.72917175292969 149.1935577392578 21.124252319335938
v -71.61825561523438 149.1265869140625 21.187841415405273
v -71.57132720947266 149.13356018066406 21.304414749145508
v -71.60545349121094 148.19891357421875 21.247894287109375
v -71.71636962890625 148.07272338867188 21.19137191772461
v -71.86567687988281 148.57740783691406 21.21963119506836
v -71.92113494873047 148.5897979736328 21.332677841186523
v -71.88700866699219 149.2999725341797 21.290287017822266
v -71.85714721679688 149.23341369628906 21.406862258911133
v -71.52439880371094 149.9339141845703 21.41745948791504
v -71.44335174560547 149.9064483642578 21.38213348388672
v -71.6097183227539 149.2682342529297 21.413928985595703
v -71.75476837158203 149.12388610839844 21.473981857299805
v -71.84861755371094 148.0200958251953 21.505775451660156
v -71.88700866699219 148.0127410888672 21.378599166870117
v -71.8358154296875 148.0301513671875 21.254961013793945
v -71.6609115600586 147.8544464111328 20.9405574798584
v -71.8998031616211 147.74647521972656 21.385665893554688
v -71.76329803466797 147.6411895751953 21.216100692749023
v -71.52439880371094 147.83511352539062 20.74626350402832
v -71.29830169677734 148.36764526367188 20.290555953979492
v -71.21725463867188 148.2879180908203 20.230501174926758
v -71.29403686523438 148.45318603515625 20.385934829711914
v -71.6097183227539 147.998046875 20.929960250854492
v -71.57559204101562 148.0444793701172 21.166643142700195
v -71.52867126464844 148.0812530517578 21.360937118530273
v -71.63105010986328 148.25192260742188 21.481048583984375
v -71.72063446044922 148.09400939941406 21.55876350402832
v -71.72917175292969 147.7642822265625 21.67534065246582
v -71.81875610351562 147.5789031982422 21.671810150146484
v -71.87421417236328 147.1663360595703 21.767189025878906
v -71.81449127197266 147.48097229003906 21.442188262939453
v -71.69503784179688 147.494140625 21.353870391845703
v -71.48600769042969 147.619140625 21.251426696777344
v -71.40495300292969 147.8022003173828 20.767457962036133
v -71.09353637695312 148.26121520996094 20.255229949951172
v -70.78638458251953 149.22605895996094 19.80658721923828
v -70.85037994384766 149.2725067138672 19.856042861938477
v -70.8589096069336 149.31236267089844 19.937294006347656
v -71.21725463867188 148.44931030273438 20.491914749145508
v -71.46894836425781 148.09092712402344 20.922893524169922
v -71.39642333984375 148.0019073486328 21.04653549194336
v -71.61398315429688 147.87457275390625 21.618818283081055
v -71.1020736694336 148.4055633544922 20.52370834350586
v -70.79918670654297 149.3185577392578 20.007946014404297
v -70.33419799804688 150.47499084472656 19.534574508666992
v -70.32566833496094 150.4339599609375 19.43212890625
v -70.7010726928711 149.20167541503906 19.827781677246094
v -70.26167297363281 150.36700439453125 19.449790954589844
v -70.21048736572266 150.43240356445312 19.474519729614258
v -70.23607635498047 150.44285583496094 19.555770874023438
v -70.7138671875 149.29611206054688 20.029142379760742
v -70.65414428710938 149.23883056640625 19.983217239379883
v -70.64561462402344 149.1935577392578 19.905500411987305
v -71.01675415039062 148.26585388183594 20.354143142700195
v -71.30257415771484 147.83975219726562 20.84517478942871
v -71.02528381347656 148.31732177734375 20.470720291137695
v -71.36229705810547 147.8703155517578 21.064199447631836
v -71.515869140625 147.75498962402344 21.572895050048828
v -71.57559204101562 147.36912536621094 21.79191780090332
v -71.52013397216797 147.51620483398438 21.56229591369629
v -71.56279754638672 147.4728546142578 21.435121536254883
v -71.71210479736328 146.99951171875 21.650611877441406
v -71.56279754638672 147.09742736816406 21.671810150146484
v -71.49027252197266 147.1438751220703 21.802515029907227
v -71.46894836425781 146.8714141845703 21.8731689453125
v -71.69931030273438 146.71002197265625 21.809579849243164
v -71.9040756225586 146.60784912109375 21.83077621459961
v -71.9168701171875 146.8079376220703 21.777786254882812
v -72.15576171875 146.39266967773438 21.993276596069336
v -71.99365997314453 146.76654052734375 22.01447296142578
v -71.83155059814453 147.0924072265625 21.661209106445312
v -72.13870239257812 146.2041778564453 21.940288543701172
v -72.00218963623047 146.19915771484375 21.97561264038086
v -71.69503784179688 146.586181640625 21.972082138061523
v -72.27521514892578 145.5884246826172 22.113384246826172
v -72.39039611816406 145.5245819091797 21.98267936706543
v -72.4927749633789 145.59231567382812 21.940288543701172
v -72.59516143798828 145.63836669921875 22.01093864440918
v -72.93643951416016 144.84690856933594 21.64354705810547
v -71.97232818603516 146.1918182373047 22.208765029907227
v -71.72490692138672 146.62371826171875 22.102787017822266
v -71.48174285888672 146.76304626464844 22.09218978881836
v -71.3409652709961 146.92173767089844 22.134580612182617
v -71.34523010253906 147.03977966308594 22.06393051147461
v -71.42628479003906 147.16555786132812 22.060396194458008
v -71.68650817871094 147.26927185058594 21.90142822265625
v -71.83155059814453 147.21780395507812 21.887296676635742
v -71.89553833007812 147.04673767089844 22.028600692749023
v -71.60118865966797 147.14891052246094 22.23702621459961
v -71.48174285888672 147.21315002441406 22.180505752563477
v -70.73519897460938 147.478271484375 22.805776596069336
v -70.67547607421875 147.36526489257812 22.809310913085938
v -70.68400573730469 147.2483673095703 22.865833282470703
v -71.40068817138672 146.88380432128906 22.24762535095215
v -71.50733947753906 146.91748046875 22.31474494934082
v -71.57132720947266 146.99642944335938 22.31827735900879
v -71.79315948486328 146.7193145751953 22.17344093322754
v -71.90834045410156 146.78395080566406 22.12044906616211
v -70.92716979980469 147.3594512939453 23.02480125427246
v -70.86744689941406 147.246826171875 23.02480125427246
v -70.76932525634766 147.20347595214844 22.954147338867188
v -69.98011779785156 147.87960815429688 23.77724838256836
v -69.89480590820312 147.82464599609375 23.69246482849121
v -69.83934020996094 147.85328674316406 23.57942008972168
v -69.86494445800781 147.94540405273438 23.491106033325195
v -69.95025634765625 148.0390625 23.47344398498535
v -69.14825439453125 148.75350952148438 23.91501808166504
v -69.13545989990234 148.74227905273438 23.81610679626465
v -69.1738510131836 148.79220581054688 23.74192237854004
v -69.19944763183594 148.81155395507812 23.971540451049805
v -69.2847671508789 148.8564453125 23.95387840270996
v -70.06543731689453 147.97674560546875 23.75605010986328
v -70.91010284423828 147.48097229003906 22.975343704223633
v -70.82904815673828 147.5251007080078 22.879961013793945
v -70.04411315917969 148.0843505859375 23.547626495361328
v -70.0910415649414 148.06576538085938 23.664201736450195
v -69.33169555664062 148.89361572265625 23.87969207763672
v -69.31462860107422 148.8889617919922 23.784313201904297
v -69.24637603759766 148.85374450683594 23.724260330200195
v -68.64060974121094 149.80813598632812 23.706594467163086
v -68.64913940429688 149.82594299316406 23.83730125427246
v -68.55955505371094 149.80233764648438 23.85849952697754
v -68.5339584350586 149.74118041992188 23.7348575592041
v -68.55529022216797 149.70944213867188 23.830236434936523
vn 0.017314407974481583 0.002601501066237688 0.005596613977104425
vn 0.00849366094917059 -0.00640827277675271 0.014989009127020836
vn 0.013756071217358112 0.0003613971930462867 0.012186816893517971
vn -0.004175451118499041 -0.010784858837723732 0.014287443831562996
vn 0.010435333475470543 -0.0084628751501441 0.012544408440589905
vn -0.004334535915404558 -0.01222381740808487 0.013025693595409393
vn 0.00900705810636282 -0.006106202024966478 0.014814378693699837
vn -0.004450196400284767 -0.009854712523519993 0.01486468967050314
vn -0.0048281471244990826 -0.007302375975996256 0.016163010150194168
vn -0.015270332805812359 -0.007522860541939735 0.006935568992048502
vn -0.014987223781645298 -0.009027966298162937 0.005635385401546955
vn -0.012268777936697006 -0.00992241594940424 0.009428752586245537
vn -0.003916762303560972 -0.017039326950907707 0.005674408748745918
vn -0.01666899584233761 -0.007596069481223822 0.0015241177752614021
vn -0.012056310661137104 -0.0048801954835653305 0.012988751754164696
vn 0.001316890469752252 -0.002283091889694333 0.018191533163189888
vn 0.014082449488341808 0.0011638002470135689 0.011756223626434803
vn 0.018151085823774338 0.0026809838600456715 -0.0011086240410804749
vn 0.01646251603960991 0.005573144182562828 -0.005983660463243723
vn 0.011954225599765778 0.00260150246322155 -0.013718864880502224
vn -0.00013879760808777064 -0.00028109317645430565 -0.01837880164384842
vn 0.008324017748236656 0.0015642662765458226 -0.01631387136876583
vn -0.004997878335416317 -0.0029191162902861834 -0.017446449026465416
vn 0.003685249015688896 -0.0021236161701381207 -0.017882611602544785
vn 0.016017625108361244 0.007080636452883482 -0.005583804566413164
vn 0.016903847455978394 -0.0009232443408109248 0.00716143473982811
vn -0.012809092178940773 -0.00331487157382071 -0.01275999192148447
vn -0.01328958384692669 -0.00331487157382071 -0.012258760631084442
vn -0.017824048176407814 -0.004491893108934164 -0.00006938842125236988
vn -0.017830153927206993 -0.004413969814777374 0.0006936051649972796
vn -0.01828344725072384 -0.00148422596976161 0.0011795156169682741
vn -0.016199328005313873 -0.0046474807895720005 -0.007339026313275099
vn -0.015223590657114983 -0.006633545272052288 -0.00788143277168274
vn -0.004664613399654627 -0.004725141916424036 -0.01714039035141468
vn 0.01054701954126358 -0.003944710362702608 -0.014528530649840832
vn 0.017612216994166374 0.002680984092876315 -0.004527774639427662
vn 0.015175288543105125 0.0055731432512402534 0.008748102933168411
vn 0.014539896510541439 0.009375589899718761 0.006210339721292257
vn 0.018238607794046402 -0.002283090725541115 0.0001387392549077049
vn 0.002239476889371872 0.01359361782670021 0.012168685905635357
vn 0.01642168127000332 0.00824826117604971 0.00041613992652855814
vn 0.015969831496477127 0.00824826117604971 -0.003848283551633358
vn 0.0033321413211524487 0.015185332857072353 -0.009807196445763111
vn 0.004467768594622612 0.010784858837723732 -0.014198748394846916
vn -0.010103726759552956 0.00937559176236391 -0.012161067686975002
vn -0.01037677563726902 0.013375302776694298 -0.007162570022046566
vn -0.01798226125538349 0.0018841081764549017 -0.0033116480335593224
vn -0.017729798331856728 -0.0013240636326372623 -0.00466686999425292
vn -0.009222080931067467 0.0056496262550354 -0.014863160438835621
vn 0.004391937982290983 0.00640827277675271 -0.01665903627872467
vn 0.015855686739087105 0.006783097982406616 -0.006361239589750767
vn 0.01627868227660656 0.004257872235029936 -0.007399568799883127
vn -0.008129728958010674 0.003472743323072791 -0.01611602120101452
vn 0.0055629657581448555 0.0027604163624346256 -0.017300639301538467
vn -0.008070817217230797 -0.0011637997813522816 -0.01647379994392395
vn -0.004533552564680576 -0.003551576752215624 -0.017455995082855225
vn -0.015183399431407452 -0.004802714101970196 -0.009180244989693165
vn -0.01741652935743332 -0.0033938393462449312 -0.0047984314151108265
vn 0.01591440662741661 0.004491894040256739 -0.008027025498449802
vn 0.017427358776330948 -0.001163801527582109 0.0057281204499304295
vn 0.007381734438240528 -0.00685768062248826 0.01537403091788292
vn -0.008070576936006546 -0.00817640870809555 0.0143488934263587
vn -0.015588369220495224 -0.006633546203374863 0.007132841274142265
vn -0.017065392807126045 -0.004725143779069185 0.0049319337122142315
vn -0.012131718918681145 -0.009650477208197117 0.009877665899693966
vn 0.0014899895759299397 -0.014424711465835571 0.011295407079160213
vn 0.014293273910880089 -0.010057252831757069 0.005694960243999958
vn 0.018315784633159637 0.0009232438751496375 -0.0012482970487326384
vn 0.014332223683595657 0.010849792510271072 -0.00384030700661242
vn 0.015080619603395462 0.008176407776772976 -0.006603018846362829
vn 0.008343999274075031 0.0029191188514232635 -0.016116296872496605
vn 0.006411085370928049 -0.004647479858249426 -0.016588475555181503
vn 0.0182463638484478 -0.00020078549277968705 -0.00221550976857543
vn 0.01231373567134142 0.011550144292414188 -0.007269435562193394
vn -0.0010696015087887645 0.01665455661714077 -0.0077045634388923645
vn 0.0035242203157395124 0.01787218637764454 -0.002458342118188739
vn 0.011996475979685783 0.01343026664108038 0.0036866115406155586
vn 0.017368996515870094 -0.0005219824961386621 -0.005993669852614403
vn 0.013524395413696766 -0.011798284947872162 0.003971119876950979
vn 0.0013831420801579952 -0.016480660066008568 0.008022054098546505
vn -0.011631288565695286 -0.012103386223316193 0.007489979267120361
vn 0.0019043306820094585 -0.013096670620143414 0.012756540440022945
vn 0.013969923369586468 -0.008676033467054367 0.008212568238377571
vn 0.01834901235997677 0.0008430208545178175 -0.0006940143648535013
vn 0.01239271741360426 0.009989929385483265 -0.00919241365045309
vn -0.0015197007451206446 0.01353942696005106 -0.012339086271822453
vn 0.013646385632455349 -0.004101448692381382 0.011611755937337875
vn 0.018195921555161476 0.0026015015318989754 0.00013875088188797235
vn 0.012237362563610077 0.008176407776772976 -0.011012351140379906
vn 0.006008938420563936 0.014523722231388092 -0.009530620649456978
vn -0.0013513470767065883 0.009027967229485512 -0.01595456898212433
vn -0.011123280972242355 0.014374791644513607 -0.002741641364991665
vn -0.014269515872001648 0.005034874193370342 -0.010435974225401878
vn 0.012588909827172756 0.0088876998052001 0.010020317509770393
vn 0.0015595096629112959 -0.007814822718501091 0.016564270481467247
vn -0.006767339538782835 0.003630345221608877 0.016700368374586105
vn -0.01830250769853592 -0.0003613982116803527 0.0016631812322884798
vn -0.018240073695778847 -0.0018041974399238825 0.0013867903035134077
vn -0.01169667299836874 -0.007080636918544769 0.012285399250686169
vn -0.011155249550938606 -0.010191323235630989 0.01046785432845354
vn -0.018162451684474945 -0.0006022613379172981 0.002764274599030614
vn -0.014485052786767483 0.00860514398664236 -0.007349377032369375
vn -0.013934203423559666 0.011424744501709938 -0.0036320528015494347
vn -0.013178030960261822 0.012754072435200214 -0.0012456896947696805
vn -0.004149173852056265 0.014766380190849304 0.010130003094673157
vn -0.018199406564235687 -0.0013240642147138715 0.0022151852026581764
vn -0.01703602820634842 0.0013240635162219405 0.006774894427508116
vn -0.01107644010335207 0.002362761413678527 0.014477859251201153
vn 0.007135589141398668 0.00541986059397459 0.016049519181251526
vn 0.016151944175362587 0.004725142847746611 0.007393667474389076
vn 0.01685141958296299 -0.0033938391134142876 -0.006510768085718155
vn 0.006941759493201971 -0.007154684979468584 -0.015443479642271996
vn -0.009206198155879974 -0.007887441664934158 -0.013817117549479008
vn -0.004687463399022818 -0.008104396052658558 -0.015818502753973007
vn -0.014413363300263882 -0.009650476276874542 -0.006082917097955942
vn -0.01602676697075367 -0.006483487784862518 0.006243853364139795
vn -0.0027646441012620926 -0.0005219843005761504 0.018164880573749542
vn -0.013969975523650646 -0.008319959044456482 0.008573019877076149
vn -0.015718325972557068 -0.00951339676976204 -0.0005550692440010607
vn -0.01097431406378746 -0.007080636918544769 0.012934745289385319
vn 0.0029027408454567194 -0.00020078702073078603 0.01814972050487995
vn 0.011370792984962463 0.006932130549103022 0.01267001312226057
vn 0.009461609646677971 0.008462873287498951 0.0132942209020257
vn 0.017540499567985535 0.0013240636326372623 0.005334449000656605
vn 0.01705801673233509 0.0010034497827291489 -0.006774642039090395
vn 0.006967900786548853 -0.0013240627013146877 -0.016958002001047134
vn -0.006402884144335985 -0.005725997965782881 -0.016250988468527794
vn -0.014665530063211918 0.002362763276323676 -0.010826734825968742
vn -0.006093427073210478 0.0015642662765458226 -0.017271416261792183
vn -0.01329797226935625 -0.006783096585422754 -0.010725303553044796
vn -0.015867451205849648 -0.009027966298162937 0.002144390484318137
vn -0.011343562044203281 -0.007449507247656584 0.01239786483347416
vn -0.006710137240588665 -0.0022033739369362593 -0.016970498487353325
vn -0.007416750770062208 -0.0002007843868341297 -0.016817552968859673
vn -0.01661507971584797 -0.0024423887953162193 -0.007473451551049948
vn -0.013751140795648098 -0.0038662285078316927 -0.011568794026970863
vn -0.015584174543619156 -0.00020078492525499314 -0.009745347313582897
vn -0.01712094061076641 -0.005649625323712826 0.0035824207589030266
vn -0.01708189956843853 0.006783097516745329 0.0002773601154331118
vn -0.005233848467469215 0.003235840704292059 0.017320934683084488
vn -0.0029004134703427553 0.0007627829327248037 -0.01813516952097416
vn -0.003551245667040348 0.0034727435559034348 -0.017697663977742195
vn -0.0048246439546346664 0.006483488250523806 -0.016509566456079483
vn -0.0009635750902816653 0.01715722493827343 -0.006525316275656223
vn 0.0060905711725354195 0.008746757172048092 -0.014975907281041145
vn -0.0006236699409782887 0.013647551648318768 -0.012297721579670906
vn -0.0160356555134058 0.008817312307655811 0.0017295575235038996
vn -0.017180046066641808 -0.0005219834274612367 0.006515531800687313
vn -0.01683882065117359 -0.002919117221608758 -0.006768415216356516
vn -0.009959902614355087 0.010258066467940807 -0.011552100069820881
vn 0.006120938807725906 0.003156751161441207 -0.017042525112628937
vn 0.016418786719441414 0.005266167223453522 -0.006369418930262327
vn 0.01728253811597824 0.004179699346423149 0.004660753067582846
vn 0.007251800037920475 0.01644493266940117 -0.003854108043015003
vn 0.005393880419433117 0.005496556870639324 -0.016690492630004883
vn -0.013773000799119473 0.006408270914107561 0.010349739342927933
vn -0.017661431804299355 -0.000521982554346323 -0.005067541729658842
vn -0.01648404635488987 -0.0036303470842540264 0.00727841816842556
vn -0.00634953984990716 -0.0017242536414414644 0.01716359332203865
vn 0.002450056839734316 0.01052306778728962 0.014870806597173214
vn 0.016097187995910645 0.006181896198540926 0.00636736024171114
vn 0.006321194116026163 0.0013240627013146877 0.017209531739354134
vn -0.006866889540106058 0.0017242509638890624 0.016963236033916473
vn 0.008002862334251404 0.0037090443074703217 0.01612686552107334
vn 0.008317027240991592 0.009650475345551968 0.013250432908535004
vn -0.003369585145264864 0.014766380190849304 0.010415302589535713
vn 0.010970856994390488 0.01462162472307682 -0.001930547645315528
vn 0.015336915850639343 0.009786819107830524 -0.002622172236442566
vn 0.016309672966599464 0.008104396983981133 -0.0024883595760911703
vn 0.011912507936358452 0.011424743570387363 0.008089869283139706
vn 0.005498621612787247 -0.0034727435559034348 0.017192550003528595
vn 0.00300343194976449 -0.0021236189641058445 0.018009670078754425
vn 0.013776724226772785 0.004569729790091515 0.011278210207819939
vn 0.014770939946174622 0.0025219686795026064 0.010646013543009758
vn -0.015654895454645157 -0.006106200162321329 -0.0074509866535663605
vn -0.013273577205836773 -0.012223816476762295 -0.003502721432596445
vn -0.005497361067682505 -0.004101446829736233 -0.017053907737135887
vn -0.008381678722798824 -0.007887441664934158 -0.014332282356917858
vn 0.001109821954742074 -0.00012047154450556263 -0.018347544595599174
vn -0.015157269313931465 -0.006558579858392477 0.008069747127592564
vn -0.010289251804351807 -0.008605144917964935 0.012568267993628979
vn -0.013727785088121891 -0.012223816476762295 -0.00006944935739738867
vn -0.0095512131229043 -0.009027967229485512 0.012851021252572536
vn -0.012040762230753899 -0.007449507247656584 0.011721923016011715
vn 0.0002774707099888474 -0.0006022625602781773 0.018369510769844055
vn -0.003036967245861888 0.001963981194421649 0.01802215911448002
vn -0.004328843671828508 -0.005189168732613325 0.017094217240810394
vn -0.005990173667669296 0.0031567486003041267 0.01708892546594143
vn 0.003688008524477482 -0.0026809852570295334 0.0178070068359375
vn 0.00731441006064415 -0.0017242535250261426 0.01677512936294079
vn -0.0061173695139586926 -0.004413971211761236 0.016762256622314453
vn -0.00010402758925920352 0.012343312613666058 0.013620221056044102
vn -0.015624191612005234 0.007302374113351107 0.0063591329380869865
vn -0.008043570443987846 0.0005219816812314093 0.016519900411367416
vn 5.603122522570723e-15 -0.0035515795461833477 0.018035100772976875
vn -0.00777435302734375 0.004101446829736233 0.016143610700964928
vn -0.016921700909733772 0.0049575804732739925 0.0051920125260949135
vn -0.016306135803461075 0.0049575804732739925 0.006885556969791651
vn -0.015468236990272999 0.007522860541939735 -0.0064821927808225155
vn -0.015056940726935863 0.006408272311091423 -0.00837264396250248
vn -0.006669304799288511 0.01640889421105385 -0.0049139768816530704
vn 0.000416471651988104 -0.00766913453117013 0.016699984669685364
vn 0.012549345381557941 -0.00930641870945692 0.009684166871011257
vn 0.01526457630097866 -0.00587841821834445 0.0083854328840971
vn 0.01443453412503004 -0.0048801954835653305 0.010281367227435112
vn 0.01680641807615757 -0.002043819986283779 0.007158610969781876
vn 0.01747225970029831 -0.003472741926088929 -0.00453197630122304
vn 0.016632091253995895 -0.0015642644139006734 -0.0076684546656906605
vn 0.01729743182659149 -0.004257871303707361 -0.004532990977168083
vn 0.016080869361758232 -0.008319958113133907 -0.00317215034738183
vn 0.01073857955634594 -0.01401772815734148 0.0051053715869784355
vn 0.0020436146296560764 -0.00937559176236391 0.015678025782108307
vn 0.011595753952860832 -0.01281178742647171 0.0062669916078448296
vn 0.004864984657615423 -0.005189168732613325 0.016949426382780075
vn 0.014827189967036247 -0.007080636452883482 0.008240001276135445
vn 0.016702884808182716 -0.0056496248580515385 -0.005193648859858513
vn 0.014324153773486614 -0.00916754174977541 -0.006975200492888689
vn 0.01271873340010643 -0.005954458843916655 -0.011859883554279804
vn 0.009289993904531002 -0.0017242510803043842 -0.015767104923725128
vn 0.0096227852627635 -0.0006022599991410971 -0.01564985327422619
vn 0.009739208035171032 0.0006825290620326996 -0.01557435654103756
vn 0.0005550234345719218 0.006408273242413998 -0.017219308763742447
vn 0.007192701566964388 -0.0015642637154087424 -0.016843298450112343
vn -0.00452960841357708 0.0036303477827459574 -0.017440808936953545
vn -0.005496884696185589 0.0027604163624346256 -0.017321746796369553
vn 0.007601049263030291 0.009650477208197117 -0.013673732057213783
vn 0.007654848974198103 0.01644493266940117 0.002974232193082571
vn 0.013945408165454865 0.011859760619699955 0.0016583949327468872
vn 0.010108803398907185 0.008176405914127827 0.01299373246729374
vn 0.0009014476090669632 -0.002283091889694333 0.018216846510767937
vn 0.012225679121911526 0.004725142382085323 0.012887373566627502
vn 0.01614559441804886 0.008746756240725517 -0.0008322579087689519
vn 0.015014437027275562 0.0010836346773430705 0.010548507794737816
vn 0.0018362444825470448 -0.005266167689114809 0.017514973878860474
vn -0.013644779101014137 -0.007959913462400436 0.009398849681019783
vn -0.01752113737165928 -0.005034873262047768 0.0023533825296908617
vn -0.015851320698857307 -0.00930641870945692 0.00006945356290088966
vn -0.010256655514240265 -0.008176405914127827 -0.012877346016466618
vn -0.0005551112699322402 0.00028109594131819904 -0.018370939418673515
vn 0.00966850109398365 0.007449507247656584 -0.013744217343628407
vn 0.017828287556767464 0.004335962235927582 -0.0011091497726738453
vn 0.011379259638488293 -0.003709046635776758 0.013951130211353302
vn -0.0028980604838579893 -0.009513397701084614 0.015458819456398487
vn -0.01633302867412567 -0.00839149672538042 0.0008328019757755101
vn -0.014196832664310932 -0.000762780720833689 -0.011651039123535156
vn -0.012598365545272827 -0.005034872330725193 -0.012402010150253773
vn -0.0021793909836560488 0.0017242536414414644 -0.01817019097507
vn 0.01030057668685913 0.0047251442447304726 -0.01447237841784954
vn 0.018306003883481026 0.000040158025512937456 -0.0016634988132864237
vn 0.017827626317739487 -0.0042578717693686485 0.001387392170727253
vn 0.011759940534830093 0.0006825289456173778 -0.01411086693406105
vn -0.0025934071745723486 0.0029983874410390854 -0.01794888637959957
vn -0.0022825454361736774 0.0038662306033074856 -0.017824726179242134
vn -0.011628029868006706 -0.0031567488331347704 -0.01388173084706068
vn -0.009037954732775688 -0.011921008117496967 -0.010680990293622017
vn -0.008178669027984142 -0.01610935665667057 0.0033877145033329725
vn -0.0022145831026136875 -0.00992241594940424 0.015314041636884212
vn 0.0026273871771991253 -0.0005219843005761504 0.018185241147875786
vn 0.003448407631367445 -0.0005219843005761504 0.01804756559431553
vn -0.003132087178528309 -0.01222381740808487 0.01336588617414236
vn -0.007233007345348597 -0.016852732747793198 0.001244031242094934
vn -0.008007509633898735 -0.012103385291993618 -0.011281244456768036
vn -0.012889022007584572 -0.01281178742647171 0.0027585867792367935
vn -0.006756423506885767 -0.009237069636583328 0.014384223148226738
vn 0.003310499247163534 -0.0007627829327248037 0.01806480996310711
vn 0.003721372690051794 -0.00036139946314506233 0.01799720525741577
vn -0.008865760639309883 -0.0056496262550354 0.015078416094183922
vn 0.004561812616884708 0.0030775959603488445 0.017538439482450485
vn -0.009205724112689495 0.007376010064035654 0.014097082428634167
vn -0.01642112247645855 -0.007376011461019516 0.0037174993194639683
vn -0.017486117780208588 -0.004023118410259485 0.003991091623902321
vn -0.01442051213234663 0.010258065536618233 -0.0049698613584041595
vn 0.010682640597224236 0.014017727226018906 0.005221410188823938
vn 0.014177127741277218 0.005419861059635878 0.010368835180997849
vn 0.011434182524681091 0.008676031604409218 0.011483227834105492
vn 0.00744202034547925 0.011612512171268463 0.012150906026363373
vn 0.007228019181638956 0.016820503398776054 -0.00164468411821872
vn 0.012571367435157299 0.013152902014553547 -0.002615437377244234
vn 0.016032548621296883 0.00824826117604971 -0.003578012343496084
vn 0.00455826660618186 0.014017729088664055 -0.010981990024447441
vn 0.007883226498961449 0.00640827277675271 -0.01531885750591755
vn 0.005433823447674513 0.009097842499613762 -0.015019368380308151
vn 0.0022790362127125263 0.01148755382746458 -0.014167592860758305
vn -0.001238768920302391 0.018336573615670204 -0.0003378242254257202
vn 0.0031574140302836895 0.01275407150387764 0.012854686938226223
vn 0.0021455863025039434 0.0014041569083929062 0.018201742321252823
vn -0.007377011235803366 0.01167465839534998 0.0121309794485569
vn -0.011621600016951561 0.01406954787671566 -0.002205644268542528
vn -0.0025489397812634706 0.012520790100097656 -0.013214057311415672
vn -0.005860652308911085 0.0006825291784480214 -0.01740877702832222
vn -0.00412725517526269 -0.0005219815648160875 -0.01790452189743519
vn -0.004802144132554531 -0.0000401565594074782 -0.0177430659532547
vn -0.004836232401430607 0.0008430221350863576 -0.017713801935315132
vn -0.005428284872323275 0.0025219707749783993 -0.0173796433955431
vn -0.01481271255761385 -0.004802714101970196 -0.009767092764377594
vn -0.012181020341813564 -0.009027965366840363 -0.01039216946810484
vn -0.009092121385037899 0.006181897595524788 -0.014730785973370075
vn -0.017606249079108238 0.004413969814777374 0.0029009440913796425
vn -0.011946644634008408 0.002680982695892453 0.01371016539633274
vn 0.00010408179514342919 -0.004491894505918026 0.017823878675699234
vn 0.011874420568346977 -0.007814822718501091 0.011653551831841469
vn 0.016269546002149582 -0.008462873287498951 -0.0012490873923525214
vn 0.011379259638488293 -0.0037090445403009653 -0.013951131142675877
vn -0.0016634456114843488 0.0018041987204924226 -0.018216926604509354
vn -0.0016968591371551156 -0.0021236161701381207 -0.01817937009036541
vn -0.014544752426445484 0.0006825287127867341 -0.011218864470720291
vn -0.012378488667309284 -0.0018841068958863616 -0.013457405380904675
vn -0.01826733909547329 0.0015642651123926044 -0.0013175758067518473
vn -0.013312342576682568 0.0074495053850114346 0.01025499776005745
vn -0.004925391636788845 -0.006181898061186075 0.016595277935266495
vn 0.008843469433486462 -0.013152902014553547 0.00930982455611229
vn 0.015807554125785828 -0.0070064496248960495 -0.006237747147679329
vn 0.009720680303871632 -0.005573142785578966 -0.014571445994079113
vn 0.000866740825586021 -0.0043359603732824326 -0.01784171536564827
vn 0.013192938640713692 -0.0023627616465091705 -0.01257944107055664
vn 0.017149562016129494 0.0030775978229939938 -0.005856581497937441
vn 0.01152821909636259 0.007742052432149649 -0.01204323023557663
vn 0.016117215156555176 -0.00824826117604971 -0.0031749310437589884
vn 0.009608971886336803 -0.012103387154638767 0.009952601976692677
vn -0.002728607039898634 -0.009167543612420559 0.015696797519922256
vn -0.01186956837773323 0.000521981855854392 0.01402567233890295
vn -0.015168613754212856 0.00998992845416069 0.0028272061608731747
vn -0.013235000893473625 -0.0012439453275874257 0.012695115990936756
vn -0.0010752053931355476 -0.0063329352997243404 0.017222557216882706
vn 0.011494096368551254 -0.007080636918544769 0.012475132010877132
vn 0.017865508794784546 -0.004179699812084436 0.0011100898263975978
vn 0.01830230839550495 -0.0007627817103639245 0.00152389716822654
vn 0.015279224142432213 -0.00044169393368065357 -0.010209251195192337
vn 0.012264898978173733 -0.002601500367745757 -0.013441839255392551
vn -0.001318152528256178 -0.0033148739021271467 0.01803199015557766
vn 0.011975886300206184 -0.0029983872082084417 0.013618606142699718
vn 0.005528886336833239 0.0029191162902861834 0.017285509034991264
vn 0.015457804314792156 0.009922415018081665 -0.0006932183750905097
vn 0.014199288561940193 0.0023627635091543198 -0.011431367136538029
vn 0.0018338366644456983 0.00472514471039176 -0.017668861895799637
vn 0.0029666314367204905 0.006783098913729191 -0.01682460308074951
vn -0.011152553372085094 0.008104397915303707 -0.012158038094639778
vn -0.0049477932043373585 0.016335874795913696 -0.00682181166484952
vn 0.011953254230320454 0.01353942509740591 0.003417935920879245
vn 0.018170533701777458 0.0026015015318989754 -0.0009708027937449515
vn 0.012378488667309284 0.0018841089913621545 -0.013457405380904675
vn 0.00003471562740742229 -0.001484224572777748 -0.01832142099738121
vn -0.01225243415683508 -0.003551577217876911 -0.013234150595963001
vn -0.01827295497059822 -0.0019639823585748672 0.0003471164673101157
vn -0.012791049666702747 0.0006825268501415849 0.013183391653001308
vn -0.014195271767675877 0.006558578927069902 0.009662187658250332
vn -0.002344030886888504 0.01275407150387764 0.01302757766097784
vn -0.017629634588956833 0.005112069193273783 0.000970217923168093
vn -0.013766445219516754 -0.0011638019932433963 0.012124733999371529
vn -0.01824522577226162 0.002043819520622492 -0.0009017582633532584
vn -0.01180853508412838 0.004413970746099949 -0.01337736751884222
vn 0.001279685297049582 0.013430267572402954 -0.012484747916460037
vn -0.006955026648938656 0.012461868114769459 0.011584819294512272
vn -0.01569378562271595 0.00951339676976204 -0.0010387522634118795
vn -0.011927581392228603 0.005266167689114809 -0.012956807389855385
vn -0.0005200527957640588 0.003551576752215624 0.01802760176360607
vn 0.0006936310091987252 0.0005219815648160875 0.018360964953899384
vn -0.012131430208683014 -0.0029983872082084417 0.0134802320972085
vn -0.017891347408294678 -0.004179699812084436 0.0005553119699470699
vn -0.013196113519370556 -0.0020438185892999172 -0.012631863355636597
vn -0.0012477892450988293 0.00188410934060812 -0.018242033198475838
vn -0.016671374440193176 0.006030387710779905 -0.004855751991271973
vn -0.009065899066627026 0.005878416821360588 0.014870516955852509
vn 0.006848068907856941 0.01562326867133379 0.006848069839179516
vn 0.014882025308907032 0.005189166869968176 0.00945920217782259
vn 0.017010092735290527 0.006932131480425596 -0.000693493289873004
vn 0.011304276064038277 0.005496556404978037 -0.013411927968263626
vn 0.0015196643071249127 0.013208881951868534 -0.01269230805337429
vn -0.01161139365285635 0.004023117013275623 0.013669990934431553
vn 0.005024027545005083 0.006483485922217369 0.01644998975098133
vn 0.0065095997415483 0.004023117013275623 0.016712816432118416
vn -0.007670343387871981 -0.00004015916056232527 0.01670457422733307
vn -0.017274318262934685 -0.005112069193273783 0.0036528429482132196
vn -0.014410866424441338 -0.008391495794057846 -0.007732291240245104
vn -0.003411593148484826 -0.007814819924533367 -0.01628398522734642
vn 0.0007985187694430351 -0.010849791578948498 -0.01481630839407444
vn 0.017168868333101273 -0.002362762112170458 -0.00612583989277482
vn 0.016305403783917427 0.007006450090557337 0.004787698853760958
vn -0.016186213120818138 -0.0055731432512402534 -0.0066951606422662735
vn -0.0057600815780460835 -0.009989927522838116 -0.014314377680420876
vn -0.012696129269897938 -0.006633544806391001 -0.01151880994439125
vn -0.00027763316757045686 -0.004725141916424036 -0.017761602997779846
vn -0.013293505646288395 -0.005573142785578966 -0.011406200006604195
vn -0.001801633508875966 -0.0018041959265246987 -0.01820378005504608
vn 0.011999794282019138 -0.005573142785578966 -0.012760236859321594
vn 0.018153617158532143 0.0026015015318989754 -0.001247788080945611
vn 0.014976626262068748 0.00916754174977541 0.005434652324765921
vn -0.01729174330830574 -0.005878417752683163 0.0020780761260539293
vn -0.01772455871105194 -0.004647481255233288 0.0014558695256710052
vn -0.014418668113648891 0.005419861059635878 0.010030240751802921
vn -0.012291994877159595 0.00020078461966477334 0.013665472157299519
vn -0.011212175711989403 -0.0025219705421477556 0.014345918782055378
vn -0.01716214418411255 0.003866229671984911 -0.0053283823654055595
vn 0.0013505560345947742 0.009989929385483265 -0.015370617620646954
vn 0.010842316783964634 0.0032358430325984955 -0.014486271888017654
vn 0.01187206245958805 0.00036139917210675776 -0.014028619043529034
vn 0.0175477247685194 0.00480271503329277 -0.002624861430376768
vn 0.016990475356578827 0.006558579858392477 -0.0024874398950487375
vn 0.007136180996894836 0.016372540965676308 0.0043466584756970406
vn -0.009183487854897976 0.007302373647689819 0.014149823226034641
vn 0.0015581193147227168 0.002521968213841319 0.018140852451324463
vn 0.013209022581577301 0.006332933437079191 0.011103796772658825
vn 0.013339194469153881 0.007154685445129871 0.010428566485643387
vn 0.001862524077296257 0.014670155942440033 0.01091769803315401
vn 0.0009355757501907647 0.005189165938645601 0.017608970403671265
vn -0.002469060942530632 0.015094240196049213 -0.010195404291152954
vn 0.011544564738869667 0.013040189631283283 -0.0058783576823771
vn 0.017518969252705574 0.004569730721414089 0.003175194375216961
vn 0.010947366245090961 0.0012439433485269547 0.014713475480675697
vn 0.017798487097024918 0.003944711294025183 0.002351962262764573
vn 0.014191709458827972 0.00580226443707943 -0.010139413177967072
vn 0.0020766244269907475 0.004413971211761236 -0.017722390592098236
vn -0.012853522785007954 0.0031567509286105633 -0.012755409814417362
vn -0.017511319369077682 -0.005266166292130947 -0.0018707613926380873
vn -0.01610284112393856 -0.0059544602409005165 0.0065666986629366875
vn -0.002181358402594924 -0.002362763974815607 0.018098000437021255
vn -0.01415608823299408 -0.0047251442447304726 0.010731112211942673
vn -0.002490073209628463 -0.00402311934158206 0.017762113362550735
vn -0.01778426021337509 -0.0033938393462449312 -0.0031749852932989597
vn -0.011551213450729847 0.00036139917210675776 -0.014293965883553028
vn -0.0025476666633039713 0.013320082798600197 -0.012408197857439518
vn -0.014344858005642891 -0.005266167223453522 0.010216218419373035
vn -0.017877811565995216 -0.0025219691451638937 -0.0034499503672122955
vn -0.013588306494057178 0.0022830916568636894 -0.012166512198746204
vn -0.01615738496184349 0.006408271379768848 0.005979264620691538
vn 0.0031917309388518333 0.012637912295758724 0.012960502877831459
vn -0.0032793013378977776 -0.002362763974815607 0.01793159544467926
vn 0.01333131268620491 0.012579471804201603 -0.0013826070353388786
vn -0.016015298664569855 0.004569730255752802 0.0077785830944776535
vn -0.018366890028119087 0.0006022611632943153 -0.0004161862307228148
vn -0.017614372074604034 0.0018041976727545261 -0.004935315810143948
vn -0.012564633972942829 -0.001564264064654708 -0.013325226493179798
vn -0.008274930529296398 -0.006708384957164526 -0.014980043284595013
vn 0.004583061207085848 -0.009854709729552269 -0.014824265614151955
vn -1.8587521811026493e-15 -0.004023117013275623 -0.017935805022716522
vn 0.012593105435371399 -0.006030386779457331 -0.011955196037888527
vn 0.016483984887599945 -0.006030387245118618 -0.005458136089146137
vn 0.016879955306649208 -0.0072285993956029415 0.0008325157104991376
vn 0.016496341675519943 -0.008032231591641903 0.0011102226562798023
vn 0.011156010441482067 -0.007302375975996256 0.012652957811951637
vn 0.010013549588620663 -0.011235013604164124 0.010553761385381222
vn -0.0016987789422273636 -0.007302375975996256 0.0167829692363739
vn -0.003140313783660531 -0.003944712691009045 0.01767643354833126
vn -0.012229260057210922 -0.0014041593531146646 0.013651086017489433
vn -0.014922797679901123 0.009097840636968613 0.005693682003766298
vn -0.015005666762590408 0.009922415018081665 0.003775479504838586
vn -0.016980282962322235 0.0002810950973071158 -0.007033463101834059
vn -0.011535954661667347 -0.005802263040095568 -0.013081822544336319
vn -0.012623283080756664 0.0008430197485722601 0.013334940187633038
vn -0.01702575944364071 -0.0006022606394253671 -0.0069021303206682205
vn -0.016053849831223488 0.006783097051084042 0.005843123886734247
vn -0.0164331067353487 -0.0033148720394819975 -0.0075394464656710625
vn -0.006545937154442072 -0.011736582964658737 -0.0125412093475461
vn 0.007128594908863306 -0.012343313544988632 -0.011606220155954361
vn 0.0016249194741249084 -0.01626160740852356 -0.008414175361394882
vn -0.01499008759856224 -0.007669133134186268 -0.007372943218797445
vn -0.011243234388530254 -0.011235012672841549 -0.009232701733708382
vn -0.018000297248363495 -0.00012047265045111999 -0.0037220122758299112
vn -0.017370205372571945 0.004880194086581469 0.0035125860013067722
vn 0.0013848403468728065 -0.01610935665667057 -0.008743539452552795
vn 0.01586691103875637 -0.008104396983981133 -0.004520891699939966
vn 0.013148227706551552 -0.011982030235230923 -0.004629650618880987
vn 0.018056899309158325 -0.00283979345113039 0.001939730835147202
vn 0.014542730525135994 -0.008605143055319786 -0.007234576623886824
vn 0.0022827815264463425 -0.01167465839534998 -0.014013202860951424
vn 0.016269633546471596 -0.007887442596256733 -0.003311473410576582
vn 0.01765412837266922 -0.005112069193273783 0.0002776799665298313
vn 0.015264728106558323 -0.004413969349116087 -0.009240321815013885
vn 0.011708543635904789 0.006257476285099983 -0.012713479809463024
vn 0.0076027074828743935 0.013754632323980331 0.009533494710922241
vn 0.016478240489959717 -0.006483486853539944 -0.004930576775223017
vn 0.015502674505114555 -0.006106200162321329 -0.007762730587273836
vn 0.01625671423971653 0.0029983867425471544 -0.008037880063056946
vn 0.017868082970380783 0.004257871303707361 0.0006933632539585233
vn 0.01715424470603466 0.001083635026589036 0.006514307577162981
vn 0.01586078479886055 0.00164427375420928 0.00914387684315443
vn 0.01716776005923748 -0.004179700277745724 0.0050672199577093124
vn 0.018085896968841553 0.003235842101275921 0.0005551783833652735
vn 0.01476187352091074 -0.005725998431444168 -0.00933694839477539
vn 0.002829956356436014 0.006783098913729191 -0.016848132014274597
vn 0.0045946440659463406 -0.006030386313796043 -0.01674521714448929
vn 0.009773681871592999 0.012811786495149136 0.008843746967613697
vn 0.009504602290689945 0.0018041961593553424 0.01562965102493763
vn -0.004009850788861513 0.010124382562935352 0.01480866502970457
vn 0.00929882749915123 0.010914520360529423 0.011501463130116463
vn 0.008831954561173916 0.009854709729552269 0.012757738120853901
vn 0.007962189614772797 0.015230445191264153 -0.006520405411720276
vn 0.012773706577718258 -0.0008430198067799211 -0.01319091860204935
vn 0.01615745946764946 -0.008605143055319786 -0.0016633137129247189
vn 0.011086558923125267 -0.009027967229485512 0.011552602052688599
vn 0.0002428852312732488 -0.003709046868607402 0.018001738935709
vn -0.010977762751281261 0.0031567488331347704 0.014401468448340893
vn 0.0027646441012620926 0.0005219815648160875 0.018164880573749542
vn -0.009529764764010906 0.007302373647689819 0.013918962329626083
vn -0.015612944029271603 0.008817312307655811 0.004045936278998852
vn -0.016110068187117577 0.008534089662134647 0.0023481042589992285
vn -0.010313489474356174 0.011298472993075848 -0.010190929286181927
vn -0.00770613132044673 0.016186101362109184 -0.0040625459514558315
vn -0.004881872329860926 0.015952182933688164 0.007718406617641449
vn -0.015304839238524437 0.008104396052658558 0.006161106750369072
vn -0.014001059345901012 0.008746755309402943 0.008083515800535679
vn -0.0037800136487931013 0.007228598464280367 0.01647232472896576
vn -0.014911140315234661 0.008676031604409218 0.006345310714095831
vn -0.003340822644531727 0.006030386313796043 0.017039716243743896
vn -0.003983012866228819 0.008248260244727135 0.01593676209449768
vn -0.009308508597314358 0.015748871490359306 -0.0017897923244163394
vn -0.015862829983234406 0.007522860076278448 -0.005445715971291065
vn -0.009058665484189987 0.0009232450393028557 -0.015967680141329765
vn -0.004079537466168404 0.015048259869217873 -0.009735802188515663
vn -0.016017282381653786 0.008957918733358383 -0.0010396905709058046
vn -0.0144829535856843 0.011043351143598557 0.0024833527859300375
vn -0.0018876403337344527 0.01626160740852356 0.008359158411622047
vn 0.009790503419935703 0.007814820855855942 0.013451884500682354
vn 0.017857156693935394 -0.0014041586546227336 0.004126604646444321
vn 0.014791670255362988 -0.0070064496248960495 -0.008366286754608154
vn 0.00330963428132236 -0.008391494862735271 -0.016015859320759773
vn 0.013112572953104973 0.007080636452883482 -0.010761209763586521
vn -0.0027620557229965925 0.005112070590257645 -0.01743893325328827
vn -0.010197465308010578 -0.0048027136363089085 -0.014519787393510342
vn -0.010679580271244049 -0.007302373647689819 -0.013057583943009377
vn -0.01776660792529583 0.0006825282471254468 -0.004664806183427572
vn -0.017687244340777397 0.0018041976727545261 -0.004667427856475115
vn -0.016368992626667023 0.0053430660627782345 -0.006433221977204084
vn -0.006817023269832134 0.015912126749753952 0.006181507837027311
vn 0.013300317339599133 0.01045711524784565 0.007185325492173433
vn 0.010429834015667439 0.0052661653608083725 0.014190301299095154
vn -0.014814963564276695 0.0088876998052001 0.006277280393987894
vn -0.014815634116530418 0.0075228591449558735 0.007860164158046246
vn -0.0026168699841946363 0.01167465839534998 0.013954674825072289
vn -0.003067590529099107 0.008957917802035809 0.01575513370335102
vn -0.012892212718725204 -0.0006022601737640798 -0.013088420033454895
vn -0.018308252096176147 0.0006022612797096372 -0.0015243921661749482
vn -0.013941224664449692 0.000040158804040402174 -0.011979952454566956
vn -0.018347544595599174 -0.0001204730142490007 0.001109821954742074
vn -0.016486849635839462 0.007669133599847555 -0.0026919799856841564
vn 0.0004508969432208687 -0.0024423878639936447 -0.018212908878922462
vn -0.0046979403123259544 -0.0027604135684669018 -0.01755528710782528
vn 0.01022474654018879 -0.004880193620920181 -0.014474697411060333
vn 0.013421260751783848 -0.003551577217876911 -0.012047184631228447
vn 0.017645271494984627 -0.003944711294025183 -0.0033109281212091446
vn 0.018139714375138283 -0.002362762810662389 0.0018018638947978616
vn 0.013488211669027805 -0.0056496262550354 0.011136806569993496
vn 0.0180075503885746 -0.0024423894938081503 0.0027643153443932533
vn 0.012992152944207191 -0.009375590831041336 0.009010041132569313
vn 0.0012487344210967422 -0.012811788357794285 0.01312163658440113
vn -0.0016629848396405578 -0.006857681088149548 0.01697307638823986
vn -0.014811377972364426 -0.0031567506957799196 0.010418090038001537
vn -0.012458384968340397 -0.00839149672538042 0.010594811290502548
vn -0.018314547836780548 0.00036139797884970903 0.001524916384369135
vn -0.013639375567436218 0.008817313238978386 -0.008608194999396801
vn -0.014153667725622654 0.007376011461019516 -0.009118483401834965
vn -0.0006585908704437315 0.012343315407633781 -0.013604683801531792
vn -0.0014886572025716305 0.00888770166784525 -0.016020962968468666
vn 0.012601356022059917 0.008176407776772976 -0.010593904182314873
vn 0.014345825649797916 0.011424744501709938 -0.0012454375391826034
vn -0.00010385081259300932 0.015139930881559849 -0.01042354665696621
vn -0.00433860719203949 0.014861476607620716 0.00990916695445776
vn -0.01722307875752449 0.005189166869968176 0.003783742431551218
vn -0.01622806489467621 0.0016442750347778201 -0.008474954403936863
vn -0.005196330603212118 -0.004413968417793512 -0.017070256173610687
vn 0.007679203990846872 -0.00580226257443428 -0.015660209581255913
vn 0.009153563529253006 -0.009306417778134346 -0.012941463850438595
vn 0.018103597685694695 -0.0031567499972879887 -0.00041622575372457504
vn 0.016318021342158318 0.0008430201560258865 0.008419624529778957
vn 0.01744878850877285 0.0018841075943782926 0.005465210881084204
vn 0.006900336593389511 0.0074495053850114346 0.015322167426347733
vn 0.018340539187192917 -0.0005219828453846276 -0.001109398202970624
vn 0.018163202330470085 -0.002283090492710471 -0.0016625783173367381
vn 0.012225679121911526 0.0047251442447304726 -0.012887372635304928
vn 0.009944353252649307 0.0010836366564035416 -0.015421224758028984
vn -0.0019039551261812449 0.004335963167250156 -0.017760995775461197
vn -0.014844236895442009 0.0047251442447304726 -0.00975706148892641
vn -0.018057988956570625 0.0017242521280422807 0.002968939021229744
vn -0.011897838674485683 -0.005034874193370342 0.013075553812086582
vn 0.0007290148641914129 -0.009306419640779495 0.01583469845354557
vn 0.0006246348493732512 -0.012103387154638767 0.013820147141814232
vn 0.013154588639736176 -0.009027967229485512 0.00912859383970499
vn 0.012185007333755493 -0.007449507247656584 0.011571907438337803
vn 0.0031761289574205875 -0.0050348746590316296 0.01739082671701908
vn -0.010996022261679173 -0.00076278269989416 0.014710006304085255
vn -0.017711792141199112 0.0038662292063236237 0.0030369919259101152
vn -0.017842773348093033 0.00299838581122458 0.0032440314535051584
vn -0.013332657516002655 -0.0031567509286105633 0.012253724038600922
vn 0.0015252456068992615 -0.008391497656702995 0.01628296636044979
vn 0.009906446561217308 -0.007959914393723011 0.01328083872795105
vn 0.017413772642612457 -0.005266166292130947 -0.0026280470192432404
vn 0.013479260727763176 -0.0037090445403009653 -0.011934451758861542
vn -0.002353374846279621 0.000040159276977647096 -0.01823015697300434
vn -0.01462906040251255 0.0006825287127867341 -0.011108705773949623
vn 0.000590127834584564 -0.004257870372384787 -0.017871791496872902
vn 0.011070635169744492 -0.007814820855855942 -0.012419670820236206
vn -0.002009275369346142 -0.008462872356176376 -0.016193244606256485
vn -0.014400148764252663 -0.003709044773131609 -0.010805428959429264
vn -0.014926886186003685 -0.0055731432512402534 -0.00916551984846592
vn -0.018097246065735817 -0.0021236177999526262 0.0024204414803534746
vn -0.018122337758541107 0.001804197090677917 0.00249085808172822
vn -0.006846391595900059 -0.007006449159234762 -0.015553622506558895
vn 0.008943630382418633 -0.013152901083230972 -0.009213647805154324
vn 0.017804736271500587 -0.004491893108934164 -0.0008323566289618611
vn 0.01809666119515896 0.0014041585382074118 -0.002901347354054451
vn 0.014242202043533325 0.002680982928723097 0.011307104490697384
vn 0.01677927002310753 -0.006181897129863501 0.004256620071828365
vn 0.010769066400825977 0.0074495053850114346 0.012900027446448803
vn 0.014463757164776325 0.0005219820886850357 0.011331630870699883
vn 0.003404480405151844 0.009989927522838116 0.015049567446112633
vn 0.013235000893473625 -0.0012439453275874257 0.012695115990936756
vn 0.015796268358826637 -0.009167542681097984 0.0020766998641192913
vn 0.017253853380680084 -0.0063329339027404785 0.00027763977413997054
vn 0.009508595801889896 -0.012103385291993618 -0.010048546828329563
vn -0.003887117374688387 -0.008248260244727135 -0.01596042327582836
vn 0.0003471041563898325 -0.0041796984151005745 -0.01789659820497036
vn 0.011994648724794388 -0.00708063505589962 -0.011994649656116962
vn 0.0007980553200468421 -0.0008430193993262947 -0.018344782292842865
vn 0.013057294301688671 -0.003077596426010132 -0.01256638579070568
vn 0.018071573227643967 -0.003314872505143285 0.0005554167437367141
vn -0.010778773576021194 -0.0004416935844346881 -0.014882927760481834
vn -0.012535258196294308 0.007742052432149649 -0.010991202667355537
vn -0.012035086750984192 0.002442390425130725 -0.013677353039383888
vn -0.017724692821502686 0.004725143313407898 -0.001177658443339169
vn -0.013689796440303326 0.011921009048819542 0.002890955423936248
vn -0.01288574282079935 0.00433596083894372 0.012370758689939976
vn -0.011653861030936241 0.008104396052658558 0.011678393930196762
vn -0.016940247267484665 0.006783097516745329 -0.0022127400152385235
vn -0.006548443343490362 0.016335874795913696 0.005304308608174324
vn -0.002039034850895405 0.010457116179168224 -0.01497897319495678
vn 0.002546562347561121 0.013647549785673618 0.012047323398292065
vn 0.015918834134936333 0.007302375044673681 -0.00558073865249753
vn 0.013561374507844448 0.0007627806626260281 0.01238490641117096
vn 0.012661500833928585 -0.0011638021096587181 0.01327443215996027
vn -0.00017348298570141196 0.00204381812363863 0.018266672268509865
vn 0.001661605783738196 0.005112067796289921 0.01757795363664627
vn 0.013058153912425041 0.01281178742647171 0.0017948029562830925
vn 0.0028828084468841553 0.013375303708016872 -0.01227474119514227
vn -0.006605338770896196 0.0030775985214859247 -0.01687532104551792
vn -0.01314494013786316 -0.0023627616465091705 -0.012629589065909386
vn -0.017861543223261833 -0.0043359617702662945 -0.00020809512352570891
vn -0.01389957033097744 -0.0026015006005764008 -0.01174362562596798
vn -0.0016616472275927663 0.0026809852570295334 -0.018108833581209183
vn -0.013917271047830582 0.0018841088749468327 -0.011859102174639702
vn -0.018305538222193718 -0.00148422596976161 0.0007635229849256575
vn -0.013805885799229145 0.005496556404978037 -0.010819611139595509
vn -0.001420402666553855 0.006932132877409458 -0.016964862123131752
vn 0.00907580740749836 0.005189168732613325 -0.015118890441954136
vn 0.006548504810780287 0.015623269602656364 -0.007135065272450447
vn 0.018308252096176147 0.0006022612797096372 -0.0015243921661749482
vn 0.01805044710636139 0.003472742158919573 2.621846073580514e-10
vn -0.012813623994588852 0.013152901083230972 -0.0008311656420119107
vn -0.01816633529961109 0.0018841078272089362 0.0020767750684171915
vn -0.012654170393943787 -0.0035515790805220604 0.012850559316575527
vn -0.012880058027803898 -0.0018841089913621545 0.012978168204426765
vn -0.010661795735359192 0.000682526733726263 0.014957903884351254
vn -0.01427672803401947 0.006181895732879639 0.009789679199457169
vn -0.0171254463493824 0.0006825273740105331 0.006643183995038271
vn -0.010243149474263191 -0.011921009980142117 0.009531318210065365
vn 0.0036429420579224825 -0.01610935665667057 0.008068220689892769
vn 0.015551467426121235 -0.00951339676976204 0.0023506898432970047
vn 0.01538366824388504 -0.009922415018081665 0.0016634390922263265
vn 0.018045153468847275 -0.0006022608722560108 -0.0034479466266930103
vn 0.013500924222171307 -0.012223816476762295 0.002486355369910598
vn 0.001516849035397172 -0.016852732747793198 0.0071807499043643475
vn 0.0032290350645780563 -0.012869258411228657 0.012721404433250427
vn -0.010908189229667187 -0.012103387154638767 0.008508704602718353
vn -0.009772513061761856 -0.009027967229485512 0.012683548964560032
vn -0.017735952511429787 -0.0005219833110459149 0.004800219088792801
vn -0.014253295958042145 0.011487552896142006 -0.0016607982106506824
vn -0.013113600201904774 0.012520789168775082 0.00302356225438416
vn -0.0017956681549549103 0.014069546945393085 0.011691965162754059
vn 0.0035831290297210217 0.004413968417793512 0.01748017966747284
vn -0.0005204753833822906 0.0015642635989934206 0.01830739714205265
vn 0.001075504464097321 -0.001963983755558729 0.018244579434394836
vn 0.001352201565168798 -0.004101449158042669 0.017866959795355797
vn -0.012095599435269833 -0.00204382068477571 0.013689333572983742
vn -0.003513176692649722 0.00580226257443428 0.01708420179784298
vn 0.015373500995337963 0.005954459309577942 0.00812886655330658
vn 0.013980928808450699 -0.003077598288655281 0.011529986746609211
vn 0.013656863942742348 0.0006825269665569067 0.012284250929951668
vn 0.010282982140779495 0.006558578461408615 0.013752234168350697
vn 0.012476272881031036 0.011674659326672554 0.006776691880077124
vn 0.012711191549897194 0.012754072435200214 -0.00369294174015522
vn -0.0003047292120754719 0.018336573615670204 0.0012473243987187743
vn 0.011813648045063019 0.011612513102591038 -0.007966548204421997
vn 0.017902128398418427 -0.0006022608140483499 -0.00412670336663723
vn 0.014536388218402863 -0.009375590831041336 0.006218546070158482
vn 0.004421813413500786 -0.007449507713317871 0.016212062910199165
vn -0.009150526486337185 -0.004802715964615345 0.015201328322291374
vn -0.017507337033748627 -0.00004015832382719964 0.005600904114544392
vn -0.015240943059325218 0.009097841568291187 -0.004777189344167709
vn -0.003222845960408449 0.013152902014553547 -0.012429523281753063
vn -0.002012958750128746 0.016820503398776054 -0.007134229876101017
vn -0.015623859129846096 0.006408272311091423 -0.007260004058480263
vn -0.017507921904325485 0.0008430203306488693 0.005535390693694353
vn -0.00866494607180357 0.000040156675822800025 0.016210975125432014
vn 0.0023816749453544617 0.009513395838439465 0.015546753071248531
vn -0.016361480578780174 0.004569730255752802 0.007021264173090458
vn -0.011331634595990181 0.014324598014354706 -0.002068465808406472
vn -0.0043166750110685825 0.00817640870809555 -0.015886826440691948
vn 0.009835828095674515 0.005573144648224115 -0.014493968337774277
vn 0.010932368226349354 0.008676033467054367 -0.011961954645812511
vn 0.017896316945552826 -0.0007627812447026372 -0.0041253636591136456
vn 0.017842188477516174 -0.0004416943702381104 -0.004397704731673002
vn 0.015456213615834713 -0.00572599982842803 0.008136153221130371
vn 0.015429905615746975 0.00503487279638648 0.008628249168395996
vn 0.008416511118412018 0.013701222836971283 -0.008906031958758831
vn -0.0045517501421272755 0.0084628751501441 -0.01566971279680729
vn 0.017764810472726822 0.001724252593703568 -0.004395115654915571
vn 0.01119911577552557 0.00433596083894372 0.013916099444031715
vn -0.009149312041699886 0.011736582964658737 0.010789869353175163
vn 0.014792310073971748 0.010784857906401157 -0.0016592225292697549
vn 0.0014867277350276709 0.012869258411228657 -0.013040338642895222
vn -0.01521186251193285 0.007154686842113733 -0.007435610052198172
vn -0.016887929290533066 0.003077596891671419 0.006573040038347244
vn -0.00716217840090394 0.00012047165364492685 0.01692829839885235
vn -0.0064199925400316715 0.0009232425363734365 0.01719912514090538
vn 0.007226050365716219 -0.0012439456768333912 0.016855722293257713
vn 0.006058923434466124 -0.0028397946152836084 0.017120270058512688
vn 0.016860321164131165 -0.002043819986283779 0.00703071802854538
vn 0.01664341799914837 -0.0024423887953162193 -0.007410127203911543
vn 0.0071614948101341724 0.0002810958249028772 -0.016926681622862816
vn -0.006475933827459812 0.003944712691009045 -0.016744554042816162
vn -0.01619281806051731 0.0045697311870753765 -0.007401947397738695
vn -0.01690039224922657 0.004413970280438662 -0.0057246992364525795
vn -0.006499722134321928 0.005112070124596357 -0.01641642302274704
vn 0.006825292482972145 0.012696114368736744 -0.011406254023313522
vn 0.018133152276277542 0.0029983860440552235 -0.00027757068164646626
vn -0.014502353966236115 0.009718740358948708 -0.00575381750240922
vn 0.003055993467569351 0.01672189310193062 0.0069941263645887375
vn -0.01832873560488224 0.0011638011783361435 -0.0007626485312357545
vn -0.01603560708463192 0.002998385578393936 0.008470394648611546
vn 0.008523648604750633 0.004023117013275623 0.015781018882989883
vn 0.016725031659007072 -0.007522859610617161 -0.001248396118171513
vn 0.015578918159008026 0.004023117478936911 0.008887656033039093
vn -0.005460938438773155 0.01222381554543972 0.012595042586326599
vn -0.01617593504488468 0.008462873287498951 0.0021441790740936995
vn -0.016221484169363976 -0.0008430200978182256 -0.008604150265455246
vn -0.01704826019704342 0.00534306513145566 0.004322852473706007
vn -0.016275016590952873 -0.0002007850125664845 -0.008541787974536419
vn -0.01727110892534256 0.00299838581122458 0.005531460978090763
vn -0.016465285792946815 0.000040158516640076414 -0.008171373046934605
vn -0.012409564107656479 0.011674659326672554 0.006898092105984688
vn -0.007838747464120388 0.004257870372384787 0.01607181318104267
vn 0.006547919940203428 0.012163716368377209 0.012126308865845203
vn 0.00631618220359087 0.0033938384149223566 0.01692531444132328
vn -0.007273907773196697 0.007376009598374367 0.01518431305885315
vn 0.007173065561801195 0.005573142319917679 0.01598016917705536
vn 0.016936687752604485 -0.0012439449783414602 0.0070341890677809715
vn 0.016818517819046974 0.00004015734157292172 0.0074171749874949455
vn 0.016697878018021584 0.0005219823797233403 0.0076672681607306
vn 0.01762792281806469 0.004647481255233288 -0.0023528446909040213
vn 0.006531966384500265 0.011674660257995129 -0.012606121599674225
vn -0.01012544333934784 0.007154687307775021 -0.013570720329880714
vn 0.007782593835145235 -0.003630345221608877 -0.01625208929181099
vn 0.017215024679899216 -0.002362762112170458 -0.005994906183332205
vn 0.016722923144698143 -0.005189166869968176 -0.005594192072749138
vn 0.0155907878652215 -0.009375589899718761 -0.002627591136842966
vn 0.005772584583610296 -0.012811786495149136 -0.011849640868604183
vn 0.004662282764911652 -0.014017727226018906 -0.01093823928385973
vn 0.007538197096437216 -0.007006449159234762 -0.015230359509587288
vn -0.0060232109390199184 -0.0027604138012975454 -0.017145834863185883
vn -0.0058519355952739716 -0.005649623926728964 -0.016483785584568977
vn -0.007398346439003944 -0.009582027792930603 -0.01383213046938181
vn -0.011681031435728073 -0.005954458843916655 -0.012883187271654606
vn -0.003986384719610214 -0.008391494862735271 -0.015860963612794876
vn 0.016596058383584023 0.002362761879339814 0.0075410096906125546
vn 0.0071406289935112 0.0048027136363089085 0.016242658719420433
vn -0.00781556311994791 0.006332932971417904 0.015384717844426632
vn -0.017250316217541695 0.0035515776835381985 0.005262268241494894
vn -0.008865760639309883 0.005649623926728964 0.015078417025506496
vn -0.015930915251374245 -0.0006825271993875504 -0.009144325740635395
vn -0.015015761367976665 -0.0026809831615537405 -0.010257575660943985
vn 0.011461381800472736 0.01343026664108038 -0.005113048013299704
vn 0.0083667216822505 0.008032230660319328 0.014260428957641125
vn -0.01172719057649374 0.0088876998052001 0.011016370728611946
vn -0.007656781002879143 -0.00402311934158206 0.016219334676861763
vn 0.006223228760063648 -0.0026809850241988897 0.017086906358599663
vn -0.007697459310293198 -0.00204382068477571 0.016566548496484756
vn -0.0003467810165602714 0.0029191162902861834 0.018144892528653145
vn 0.016517693176865578 0.0006022605230100453 0.00804249569773674
vn -0.017532553523778915 0.0031567502301186323 -0.0045302449725568295
vn -0.005759290419518948 0.01292648259550333 -0.011730951257050037
vn -0.016402168199419975 0.00020078627858310938 -0.008295007981359959
vn -0.01712491177022457 -0.001163801527582109 0.006577351596206427
vn -0.00900022592395544 0.006030386313796043 0.014849544502794743
vn 0.009854436852037907 0.013040188699960709 0.008409646339714527
vn 0.016650233417749405 0.004647481720894575 -0.006248936988413334
vn 0.01729304902255535 0.0036303468514233828 -0.0050645507872104645
vn 0.007769691292196512 0.004802715964615345 -0.015951313078403473
vn -0.006054726429283619 0.0029191188514232635 -0.017108408734202385
vn -0.016647960990667343 0.0017242528265342116 -0.007599403616040945
vn -0.0068678786046803 0.0029983874410390854 -0.016784531995654106
vn 0.004867748823016882 0.0028397946152836084 -0.0174962617456913
vn 0.0007947715348564088 0.016755083575844765 -0.007517585530877113
vn -0.010818323120474815 0.014274130575358868 -0.004134206101298332
vn -0.014760356396436691 0.008391495794057846 0.0070422496646642685
vn -0.008045259863138199 -0.0003613993467297405 0.016523370519280434
vn -0.01634116657078266 0.005496555007994175 0.006374382879585028
vn -0.008046796545386314 0.00004015665399492718 0.01652652584016323
vn -0.01470909733325243 0.0076691340655088425 -0.007918676361441612
vn -0.017171474173665047 0.0033148720394819975 0.0056595648638904095
vn -0.00841574463993311 0.0005219816812314093 0.01633344404399395
vn 0.005265491548925638 -0.002283091889694333 0.017462551593780518
vn 0.015856042504310608 -0.003709046170115471 0.008526870049536228
vn 0.017384780570864677 -0.002680983394384384 -0.005334821064025164
vn 0.016750503331422806 -0.0006825284217484295 0.0075387898832559586
vn 0.013381830416619778 0.008676033467054367 -0.009139565750956535
vn 0.00600401870906353 0.011798284016549587 0.012752681039273739
vn -0.012283137068152428 0.010390963405370712 0.008889940567314625
vn -0.007457421626895666 0.012042824178934097 -0.011714770458638668
vn 0.008787121623754501 0.00004015912054455839 -0.016145076602697372
vn 0.009149565361440182 -0.0002810933510772884 -0.015940044075250626
vn -0.004900102037936449 0.0029983874410390854 -0.017460735514760017
vn -0.01573408581316471 0.004335962701588869 -0.008456745184957981
vn -0.003681567031890154 0.005343066994100809 -0.017198149114847183
vn 0.009269680827856064 -0.0002810933510772884 -0.01587049476802349
vn -0.0021775993518531322 0.00766913453117013 -0.01656263880431652
vn -0.013975201174616814 0.00992241408675909 0.006642140913754702
vn 0.012772219255566597 0.012869256548583508 0.0030217969324439764
vn 5.3371499419681365e-15 0.006408270448446274 0.017228253185749054
vn 0.006931834388524294 -0.0024423906579613686 0.016848234459757805
vn 0.01658492349088192 0.000281093962257728 0.007920853793621063
vn 0.016935324296355247 0.004101448692381382 -0.005852480418980122
vn 0.007239556405693293 0.007887443527579308 -0.014941742643713951
vn -0.009873508475720882 0.01148755382746458 -0.010412901639938354
vn -0.017581896856427193 -0.002760415431112051 0.004597343970090151
vn -0.006999973673373461 -0.0023627637419849634 0.0168314091861248
vn 0.00024272914743050933 0.003314871108159423 0.018078476190567017
vn 0.011092917993664742 0.01269611343741417 0.007323557045310736
vn 0.01642811857163906 0.004725143779069185 -0.0067578512243926525
vn 0.008363361470401287 0.004179700743407011 -0.015826018527150154
vn -0.0053302519954741 0.0036303477827459574 -0.01721300557255745
vn -0.016586823388934135 0.00004015849845018238 -0.007921761833131313
vn -0.016916988417506218 0.0006825284217484295 -0.007157393265515566
vn -0.017071852460503578 -0.0007627821178175509 0.006771158427000046
vn -0.01224881038069725 0.0017242513131350279 0.013596771284937859
vn 0.0007980228983797133 -0.007522861007601023 0.016752561554312706
vn -0.009483595378696918 0.004023117013275623 0.015223486348986626
vn -0.007112791296094656 0.01672189310193062 0.00276858895085752
vn -0.012333877384662628 0.01222381740808487 -0.00602763332426548
vn 0.0018546001520007849 0.0159121286123991 -0.009013504721224308
vn -0.0017646397463977337 0.008391497656702995 -0.016258765012025833
vn 0.0035157455131411552 0.002283091889694333 -0.01789708435535431
vn 0.009269680827856064 -0.0002810933510772884 -0.01587049476802349
vn -0.003647961188107729 0.005266167689114809 -0.017229000106453896
vn -0.014750146307051182 0.007522860541939735 -0.007982378825545311
vn -0.0162902120500803 0.005496555007994175 0.006503495387732983
vn -0.008105000481009483 0.002203376265242696 -0.016350312158465385
vn -0.017504556104540825 0.004802714567631483 0.002898797858506441
vn -0.014649579301476479 0.00572599982842803 -0.009512169286608696
vn -0.00452960841357708 0.0036303477827459574 -0.017440808936953545
vn 0.009476696141064167 -0.001963981194421649 -0.015627335757017136
vn 0.012968877330422401 -0.006030386779457331 -0.0115464823320508
vn 0.014428853988647461 -0.009097840636968613 -0.006849531549960375
vn 0.01666902005672455 -0.005496555007994175 -0.005459877196699381
vn 0.009269680827856064 -0.0002810933510772884 -0.01587049476802349
vn -0.004900102037936449 0.0029983874410390854 -0.017460735514760017
vn -0.01607545092701912 0.0045697311870753765 -0.00765350041911006
vn -0.014264210127294064 0.0019639816600829363 0.011426009237766266
vn -0.015024431049823761 0.006332934834063053 -0.008487580344080925
vn -0.012769414111971855 0.012461869046092033 0.004418427590280771
vn -0.006097536068409681 0.011921009980142117 -0.012593179009854794
vn 0.008787121623754501 0.00004015912054455839 -0.016145076602697372
vn 0.017384780570864677 -0.002680983394384384 -0.005334821064025164
vn 0.013732092455029488 0.00860514398664236 -0.008675235323607922
vn 0.006186756305396557 0.01185975968837738 0.012607487849891186
vn -0.00819728896021843 0.0020438183564692736 0.016325008124113083
vn 0.0036870865151286125 -0.0020438209176063538 0.017891528084874153
vn -0.008046796545386314 -0.00004015914601041004 0.01652652584016323
vn -0.0077330581843853 -0.0012439456768333912 0.01662922278046608
vn 0.0021813074126839638 -0.00937559176236391 0.01565946266055107
vn 0.01587532088160515 -0.0036303470842540264 0.00852486677467823
vn 0.01674058847129345 -0.0008430213201791048 0.007544574793428183
vn 0.004865509923547506 -0.004880195949226618 0.017040807753801346
vn 0.014678261242806911 -0.007522860541939735 0.008113804273307323
vn 0.011410935781896114 -0.013040189631283283 0.00613372540101409
vn 0.01073857955634594 -0.01401772815734148 0.0051053715869784355
vn 0.012583855539560318 -0.009375590831041336 0.009572015143930912
vn -0.00013878432218916714 -0.004023119807243347 0.017935268580913544
vn -0.009058665484189987 0.0009232425945810974 0.015967680141329765
vn -0.015199034474790096 0.008104396052658558 0.006417687516659498
vn -0.007287838030606508 0.0018041960429400206 0.016778286546468735
vn 0.0043649072758853436 -0.0009232451557181776 0.017831819131970406
vn 0.015325011685490608 -0.00572599982842803 0.008380663581192493
vn 0.01603149063885212 -0.00824826117604971 -0.003582751378417015
vn 0.009626094251871109 -0.0003613969311118126 -0.015655232593417168
vn 0.017124760895967484 -0.0046474807895720005 -0.0047981333918869495
vn 0.017222095280885696 -0.0031567495316267014 -0.005595798138529062
vn 0.015081004239618778 -0.002521970309317112 0.01020203810185194
vn 0.012632600963115692 0.0014842249220237136 0.013270006515085697
vn 0.0183632243424654 0.0006022611050866544 0.0005548781482502818
vn 0.01627284102141857 -0.0003613974549807608 -0.00854064617305994
vn 0.012890242971479893 -0.0006825269083492458 -0.013086420483887196
vn 0.0027638522442430258 -0.0006825265008956194 -0.01815967634320259
vn 0.008597557432949543 0.0014041595859453082 -0.016186073422431946
vn 0.0014897006331011653 0.005726000759750605 -0.01740322634577751
vn 0.0073756561614573 0.00888770166784525 -0.014299897477030754
vn -0.0005550158675760031 0.00044169608736410737 -0.018367784097790718
vn 0.009721677750349045 0.007376011926680803 -0.013746346347033978
vn -0.0020424346439540386 0.001644275733269751 -0.018193500116467476
vn -0.010056517086923122 -0.008391494862735271 -0.012896816246211529
vn -0.010009093210101128 -0.007522858679294586 -0.013457461260259151
vn -0.01151880994439125 -0.006633544806391001 -0.012696129269897938
vn -0.012509554624557495 -0.003944710362702608 -0.012877456843852997
vn -0.018149670213460922 -0.001963982591405511 0.0021472810767591
vn -0.01335386373102665 -0.0014842269010841846 0.012543922290205956
vn -0.015291892923414707 -0.010191322304308414 0.00041664185118861496
vn -0.013886313885450363 -0.012042823247611523 0.00013893729192204773
vn -0.010874884203076363 -0.0063329352997243404 0.01339811272919178
vn -0.005199283827096224 -0.0006825291784480214 0.017617611214518547
vn 0.0002774707099888474 0.0006022597663104534 0.018369510769844055
vn -0.006550396792590618 0.015665436163544655 -0.007040244061499834
vn 0.00034664853592403233 0.01222381554543972 0.0137235838919878
vn -0.003888801671564579 0.0021236161701381207 0.017839454114437103
vn 0.00767216831445694 0.016335874795913696 0.0034864924382418394
vn 0.013908660039305687 0.011921009048819542 0.001522278180345893
vn 0.010108803398907185 0.008176405914127827 0.01299373246729374
vn 0.016068467870354652 0.008887700736522675 -0.0008316969033330679
vn 0.0002774707099888474 -0.0006022625602781773 0.018369510769844055
vn -0.009646778926253319 -0.008957919664680958 0.012828636914491653
vn -0.012040762230753899 -0.007449507247656584 0.011721923016011715
vn -0.015851320698857307 -0.00930641870945692 0.00006945356290088966
vn -0.012598365545272827 -0.005034872330725193 -0.012402010150253773
vn -0.014196832664310932 -0.000762780720833689 -0.011651039123535156
vn -0.002385004423558712 0.003787674941122532 -0.01782817579805851
vn 0.01030057668685913 0.0047251442447304726 -0.01447237841784954
vn 0.017828287556767464 0.004335962235927582 -0.0011091497726738453
vn 0.018306003883481026 0.000040158025512937456 -0.0016634988132864237
vn 0.015014437027275562 0.0010836346773430705 0.010548507794737816
vn 0.01232589315623045 0.004725142382085323 0.012791558168828487
vn 0.0009014476090669632 -0.002283091889694333 0.018216846510767937
vn 0.0018362444825470448 -0.005266167689114809 0.017514973878860474
vn 0.011379259638488293 -0.003709046635776758 0.013951130211353302
vn 0.017827626317739487 -0.0042578717693686485 0.001387392170727253
vn 0.011759940534830093 0.0006825289456173778 -0.01411086693406105
vn -0.0025934071745723486 0.0029983874410390854 -0.01794888637959957
vn -0.011628029868006706 -0.0031567488331347704 -0.01388173084706068
vn -0.01633302867412567 -0.00839149672538042 0.0008328019757755101
vn -0.01752113737165928 -0.005034873262047768 0.0023533825296908617
vn -0.013644779101014137 -0.007959913462400436 0.009398849681019783
vn -0.0028980604838579893 -0.009513397701084614 0.015458819456398487
vn -0.008178669027984142 -0.01610935665667057 0.0033877145033329725
vn -0.009037954732775688 -0.011921008117496967 -0.010680990293622017
vn -0.005860652308911085 0.0006825291784480214 -0.01740877702832222
vn -0.009092121385037899 0.006181897595524788 -0.014730785973370075
vn -0.0016634456114843488 0.0018041987204924226 -0.018216926604509354
vn -0.00156021723523736 -0.0019639809615910053 -0.018209533765912056
vn 0.011379259638488293 -0.0037090445403009653 -0.013951131142675877
vn -0.0025489397812634706 0.012520790100097656 -0.013214057311415672
vn -0.011621600016951561 0.01406954787671566 -0.002205644268542528
vn -0.0013219324173405766 0.018330788239836693 -0.00033660393091849983
vn -0.007377011235803366 0.01167465839534998 0.0121309794485569
vn 0.0031574140302836895 0.01275407150387764 0.012854686938226223
vn -0.017606249079108238 0.004413969814777374 0.0029009440913796425
vn -0.014544752426445484 0.0006825287127867341 -0.011218864470720291
vn -0.011946644634008408 0.002680982695892453 0.01371016539633274
vn 0.0021455863025039434 0.0014041569083929062 0.018201742321252823
vn 0.00010408179514342919 -0.004491894505918026 0.017823878675699234
vn -0.004925391636788845 -0.006181898061186075 0.016595277935266495
vn -0.013312342576682568 0.0074495053850114346 0.01025499776005745
vn -0.01826733909547329 0.0015642651123926044 -0.0013175758067518473
vn -0.011825366877019405 -0.002442388329654932 -0.013859078288078308
vn 0.0010750273941084743 -0.003709044074639678 -0.017971253022551537
vn 0.009667828679084778 -0.005419861059635878 -0.014664133079349995
vn 0.016269546002149582 -0.008462873287498951 -0.0012490873923525214
vn 0.011874420568346977 -0.007814822718501091 0.011653551831841469
vn 0.0026270358357578516 -0.0006022625020705163 0.01818281039595604
vn -0.0022145831026136875 -0.00992241594940424 0.015314041636884212
vn -0.003132087178528309 -0.01222381740808487 0.01336588617414236
vn -0.007233007345348597 -0.016852732747793198 0.001244031242094934
vn -0.008007509633898735 -0.012103385291993618 -0.011281244456768036
vn -0.012832206673920155 -0.012869257479906082 0.002755955094471574
vn -0.0068818642757833 -0.009237069636583328 0.014324632473289967
vn 0.003310499247163534 -0.0007627829327248037 0.01806480996310711
vn 0.003721372690051794 -0.00036139946314506233 0.01799720525741577
vn 0.011434182524681091 0.008676031604409218 0.011483227834105492
vn 0.003448407631367445 -0.0005219843005761504 0.01804756559431553
vn 0.00744202034547925 0.011612512171268463 0.012150906026363373
vn 0.0074065327644348145 0.016755083575844765 -0.0015129591338336468
vn 0.012601467780768871 0.013096669688820839 -0.0027493357192724943
vn 0.005303276237100363 0.009097842499613762 -0.01506595965474844
vn 0.0021399855613708496 0.011612514033913612 -0.014087178744375706
vn -0.00412670336663723 -0.0006022598245181143 -0.017902128398418427
vn -0.012270624749362469 -0.009027965366840363 -0.010286214761435986
vn -0.004802144132554531 -0.0000401565594074782 -0.0177430659532547
vn 0.007938922382891178 0.0063329352997243404 -0.01532142423093319
vn -0.004931760020554066 0.0007627829327248037 -0.01769108511507511
vn -0.01481271255761385 -0.004802714101970196 -0.009767092764377594
vn -0.016403643414378166 -0.0074495067819952965 0.0036474554799497128
vn -0.008865760639309883 -0.0056496262550354 0.015078416094183922
vn 0.003752848831936717 0.0017242509638890624 0.01791149564087391
vn -0.009225397370755672 0.005112067796289921 0.01505448017269373
vn -0.015539480373263359 0.009582028724253178 0.0021419369149953127
vn -0.015349728986620903 -0.0006825270829722285 -0.010089526884257793
vn -0.0005192432436160743 0.012461869977414608 -0.013502251356840134
vn 0.008601008914411068 0.014172379858791828 0.007940081879496574
vn 0.014141389168798923 0.005496554542332888 0.010377263650298119
vn 0.016032548621296883 0.00824826117604971 -0.003578012343496084
vn 0.014898448251187801 0.009444584138691425 -0.005168622825294733
vn -0.008735154755413532 0.005954458843916655 0.015037290751934052
vn 0.006848068907856941 0.01562326867133379 0.006848069839179516
vn -0.016914227977395058 0.00580226443707943 -0.004256903193891048
vn 0.001314627006649971 0.013152902014553547 -0.012773077934980392
vn 0.017010092735290527 0.006932131480425596 -0.000693493289873004
vn 0.011304276064038277 0.005496556404978037 -0.013411927968263626
vn -0.0013861795887351036 0.00188410934060812 -0.018232040107250214
vn -0.013196113519370556 -0.0020438185892999172 -0.012631863355636597
vn -0.017907168716192245 -0.004101448226720095 0.0006245601107366383
vn -0.012299730442464352 -0.0033938386477530003 -0.0132316704839468
vn 0.0000693939218763262 -0.0013240627013146877 -0.018333593383431435
vn 0.012383944354951382 0.001804198371246457 -0.013463336043059826
vn 0.018170533701777458 0.0026015015318989754 -0.0009708027937449515
vn 0.014882025308907032 0.005189166869968176 0.00945920217782259
vn 0.0006936310091987252 0.0005219815648160875 0.018360964953899384
vn -0.01205703429877758 -0.003077598288655281 0.013529039919376373
vn -0.012791049666702747 0.0006825268501415849 0.013183391653001308
vn -0.01827506348490715 -0.0019639823585748672 0.00020827782282140106
vn -0.014195271767675877 0.006558578927069902 0.009662187658250332
vn -0.002344030886888504 0.01275407150387764 0.01302757766097784
vn -0.0005200527957640588 0.003551576752215624 0.01802760176360607
vn 0.011953254230320454 0.01353942509740591 0.003417935920879245
vn -0.0049477932043373585 0.016335874795913696 -0.00682181166484952
vn -0.015168613754212856 0.00998992845416069 0.0028272061608731747
vn -0.01186956837773323 0.000521981855854392 0.01402567233890295
vn -0.013235000893473625 -0.0012439453275874257 0.012695115990936756
vn -0.002728607039898634 -0.009167543612420559 0.015696797519922256
vn -0.017629634588956833 0.005112069193273783 0.000970217923168093
vn -0.011152553372085094 0.008104397915303707 -0.012158038094639778
vn 0.0029666314367204905 0.006783098913729191 -0.01682460308074951
vn 0.01152821909636259 0.007742052432149649 -0.01204323023557663
vn 0.017149562016129494 0.0030775978229939938 -0.005856581497937441
vn 0.013185340911149979 -0.002442388329654932 -0.012572197243571281
vn -0.00027763316757045686 -0.004725141916424036 -0.017761602997779846
vn 0.012548263184726238 -0.002680982928723097 -0.013161764480173588
vn 0.015807554125785828 -0.0070064496248960495 -0.006237747147679329
vn 0.008843469433486462 -0.013152902014553547 0.00930982455611229
vn 0.009608971886336803 -0.012103387154638767 0.009952601976692677
vn -0.0010752053931355476 -0.0063329352997243404 0.017222557216882706
vn -0.001318152528256178 -0.0033148739021271467 0.01803199015557766
vn -0.013766445219516754 -0.0011638019932433963 0.012124733999371529
vn -0.018250472843647003 0.001963982591405511 -0.000970354420132935
vn 0.011494096368551254 -0.007080636918544769 0.012475132010877132
vn 0.017865508794784546 -0.004179699812084436 0.0011100898263975978
vn 0.016117215156555176 -0.00824826117604971 -0.0031749310437589884
vn 0.015279224142432213 -0.00044169393368065357 -0.010209251195192337
vn 0.01830230839550495 -0.0007627817103639245 0.00152389716822654
vn 0.011953016743063927 -0.003077598288655281 0.013621027581393719
vn 0.0036807176657021046 0.007154684979468584 0.01652698963880539
vn 0.01584601029753685 0.00930641870945692 -0.0004160980461165309
vn 0.014199288561940193 0.0023627635091543198 -0.011431367136538029
vn 0.0018338366644456983 0.00472514471039176 -0.017668861895799637
vn -0.01180853508412838 0.004413970746099949 -0.01337736751884222
vn 0.0007266603643074632 0.01570730283856392 -0.00952004175633192
vn -0.014343870803713799 0.009237068705260754 0.006841676309704781
vn -0.012758156284689903 0.005419862922281027 -0.012071996927261353
vn 0.00031182431848719716 0.014274131506681442 -0.011577155441045761
vn -0.0032006416004151106 0.010258063673973083 0.014913303777575493
vn 0.013079429976642132 0.007959912531077862 0.010170885361731052
vn 0.007313228212296963 -0.004257872700691223 0.01631765253841877
vn 0.01736859604716301 -0.002203375566750765 0.005599610973149538
vn 0.016465667635202408 0.003709046170115471 -0.00728034321218729
vn 0.01687372848391533 0.000120473479910288 -0.007289813831448555
vn 0.007435079198330641 0.003944712691009045 -0.016341280192136765
vn 0.015067745931446552 0.00951339676976204 -0.004509646911174059
vn 0.017189864069223404 -0.005343065597116947 0.0037200520746409893
vn 0.004498575814068317 0.0010034479200839996 0.017794227227568626
vn -0.006399192847311497 -0.007302375975996256 0.01560782641172409
vn -0.017085552215576172 -0.00020078616216778755 0.0067765917629003525
vn -0.015539480373263359 0.009582028724253178 0.0021419369149953127
vn -0.016892865300178528 0.003314872970804572 -0.006443704944103956
vn -0.007924833334982395 0.004880195949226618 -0.015851160511374474
vn -0.005555197596549988 0.00472514471039176 -0.016872800886631012
vn 0.005528251174837351 0.004569732118397951 -0.016924379393458366
vn 0.01355616096407175 0.008887700736522675 -0.008667057380080223
vn 0.004802144132554531 0.000040159240597859025 -0.0177430659532547
vn -0.005720981862396002 0.0056496262550354 -0.016529690474271774
vn -0.015184013172984123 0.008032232522964478 -0.006542750634253025
vn -0.005253244657069445 0.0063329352997243404 -0.016437029466032982
vn 0.006905689835548401 0.00012047421478200704 -0.017034539952874184
vn -0.0164386834949255 0.005573144182562828 -0.006048832554370165
vn -0.014544128440320492 0.0028397925198078156 0.01087577547878027
vn -0.005334996152669191 0.0018041960429400206 0.017497465014457703
vn -0.00027653304277919233 0.016585946083068848 0.007918871007859707
vn 0.01128512341529131 -0.009027965366840363 -0.01135871559381485
vn 0.012892572209239006 -0.007814820855855942 -0.010516119189560413
vn 0.009400539100170135 -0.015364033170044422 0.0036681003402918577
vn 0.012950743548572063 -0.010457116179168224 0.007797791622579098
vn 0.002076871460303664 -0.006857681088149548 0.016927415505051613
vn 0.016002940014004707 -0.0070064496248960495 -0.005717879626899958
vn 0.015409613028168678 -0.006483487784862518 0.0076411268673837185
vn 0.015241495333611965 -0.0075228591449558735 -0.00699871638789773
vn 0.016477208584547043 -0.004725142847746611 -0.006637261249125004
vn 0.007917527109384537 0.0006022623856551945 -0.016577957198023796
vn 0.0025240383110940456 0.005573145113885403 -0.017333433032035828
vn -0.004435878247022629 0.01672189310193062 -0.006211267784237862
vn -0.01447119377553463 0.009444584138691425 -0.006266018841415644
vn -0.014658919535577297 0.0070064496248960495 0.00859676394611597
vn -0.013175052590668201 0.009237067773938179 0.008886685594916344
vn -0.006771158427000046 0.0007627803133800626 0.017071852460503578
vn -0.00866494607180357 0.000040156675822800025 0.016210975125432014
vn -0.01577216014266014 0.006106200162321329 0.007199437357485294
vn -0.013905364088714123 0.005573142785578966 0.01065173838287592
vn 0.001075832056812942 -0.007302375975996256 0.016834383830428123
vn 0.0017306039808318019 -0.010784858837723732 0.014784128405153751
vn 0.008649313822388649 -0.015494981780648232 0.004793067462742329
vn 0.011982612311840057 -0.011424743570387363 -0.007985664531588554
vn 0.0015243921661749482 -0.0006022597663104534 -0.018308252096176147
vn -0.007101659197360277 0.01185976155102253 -0.012115738354623318
vn -0.012416588142514229 0.010324612259864807 0.008781191892921925
vn -0.00804249569773674 -0.0006022623856551945 0.01651769131422043
vn 0.001178244361653924 -0.010784858837723732 0.014838367700576782
vn -0.0071614948101341724 0.0002810932928696275 0.016926681622862816
vn 0.013323917984962463 -0.010588821023702621 0.006944687571376562
vn 0.004427291918545961 -0.006783098913729191 0.016500523313879967
vn 0.015282287262380123 -0.007887441664934158 -0.006489880848675966
vn 0.008413334377110004 -0.0006825266173109412 -0.01632876507937908
vn -0.0003812808427028358 0.010457116179168224 -0.015112310647964478
vn -0.00956812035292387 0.015094239264726639 -0.004300420172512531
vn -0.014731794595718384 0.007814820855855942 0.007731843274086714
vn -0.013444716110825539 0.010719716548919678 -0.006496606860309839
vn -0.0035435387399047613 0.006857681088149548 -0.016682149842381477
vn 0.00828835740685463 -0.0007627803715877235 -0.016389017924666405
vn 0.007916317321360111 -0.0006825266173109412 -0.016575424000620842
vn -0.01502496749162674 0.0076691340655088425 -0.007301597390323877
vn -0.005059211514890194 0.004802716430276632 -0.01700637862086296
vn -0.01588483341038227 0.006181896198540926 0.006880028638988733
vn -0.007315420545637608 0.0011637997813522816 0.01682286523282528
vn 0.0056312549859285355 -0.004257872700691223 0.016971684992313385
vn 0.01530655287206173 -0.007006451021879911 0.007382255047559738
vn 0.016264639794826508 -0.0055731432512402534 -0.006502319592982531
vn 0.01762508414685726 0.005189167335629463 -0.0005545838503167033
vn 0.008063063025474548 0.0030775985214859247 -0.01622941717505455
vn -0.0045907581225037575 0.01406954787671566 -0.010901897214353085
vn -0.010835294611752033 0.013701221905648708 0.005722892004996538
vn 0.0050688269548118114 0.01019132137298584 0.01443338394165039
vn -0.0036859859246760607 0.0024423906579613686 -0.01784171722829342
vn 0.00963907316327095 0.003472743323072791 -0.015261288732290268
vn -0.009247762151062489 0.011235013604164124 -0.011230848729610443
vn 0.011222750879824162 0.013152902014553547 -0.0062393625266849995
vn 0.004720736760646105 0.012103385291993618 0.013003896921873093
vn -0.014584860764443874 0.006932131014764309 0.008781003765761852
vn -0.013567592017352581 0.000521983893122524 -0.01239058468490839
vn -0.0034495273139327765 -0.0018041959265246987 -0.017964527010917664
vn 0.010092416778206825 -0.0005219817976467311 -0.015354128554463387
vn 0.018045153468847275 -0.0006022608722560108 -0.0034479466266930103
vn 0.008299837820231915 -0.0052661653608083725 -0.015532507561147213
vn 0.017832739278674126 0.0037876737769693136 -0.002350638387724757
vn 0.016658412292599678 0.001884107361547649 0.007538307458162308
vn 0.003039721632376313 0.0002007842849707231 0.018127283081412315
vn -0.009775540791451931 -0.0008430219604633749 0.01554370392113924
vn -0.017863739281892776 -0.0010836358414962888 0.004194177687168121
vn 0.017720747739076614 -0.003314872272312641 -0.0035868247505277395
vn -0.01796814613044262 0.002123617334291339 0.0032426114194095135
vn -0.009970173239707947 0.0018841067794710398 0.015327244065701962
vn 0.004600147251039743 0.0022033737041056156 0.0176596250385046
vn 0.015696948394179344 0.0010836347937583923 0.009503166191279888
vn 0.016575424000620842 0.0006825284799560905 -0.007916317321360111
vn 0.010425224900245667 -0.004647480323910713 -0.014408130198717117
vn -0.0007979434449225664 -0.003472740761935711 -0.018032802268862724
vn -0.014469558373093605 -0.00004015704325865954 -0.011336174793541431
vn -0.017436718568205833 0.005802263971418142 0.00041612295899540186
vn -0.008372986689209938 0.005954458843916655 0.01524192001670599
vn 0.00425516115501523 0.00541986059397459 0.017041048035025597
vn 0.010847336612641811 0.014069546945393085 0.004718237090855837
vn -0.011880275793373585 0.002123618731275201 -0.013864626176655293
vn 0.0014550056075677276 -0.0029191162902861834 -0.018089784309267998
vn -0.006509573198854923 0.011424742639064789 0.012844426557421684
vn -0.013541829772293568 0.006558578461408615 0.010558527894318104
vn -0.01722227968275547 0.006257475353777409 -0.0014545455342158675
vn -0.01117175817489624 0.004413970746099949 -0.013913564383983612
vn -0.004963486921042204 0.016884639859199524 -0.005305783357471228
vn 0.005983609706163406 0.011171340011060238 -0.013314509764313698
vn 0.014462987892329693 -0.0036303456872701645 -0.010748076252639294
vn 0.012980274856090546 -0.009513395838439465 -0.008881799876689911
vn 0.014640976674854755 -0.010523068718612194 -0.0035756761208176613
vn 0.0134787792339921 -0.0001204719883389771 -0.012497462332248688
vn 0.002316409256309271 0.007742052897810936 -0.016509799286723137
vn -0.010316673666238785 0.011043352074921131 -0.010463709942996502
vn -0.01407974399626255 0.010784856975078583 0.004829727578908205
vn -0.01679919846355915 0.007080635521560907 0.0023516309447586536
vn -0.012185652740299702 -0.0004416957381181419 0.013754758052527905
vn -0.011022506281733513 0.0011638000141829252 0.014663850888609886
vn -0.01220331434160471 0.007154686842113733 -0.011737468652427197
vn -0.017639199271798134 0.005034873262047768 0.0011778486659750342
vn -0.012495315633714199 0.0003613970766309649 0.013476463966071606
vn -0.00914761982858181 0.015407976694405079 0.004098036792129278
vn -0.011269167996942997 0.002203374169766903 0.014353730715811253
vn 0.007833054289221764 0.0054965540766716 0.015694258734583855
vn -0.00003470480805845 -0.004101449158042669 0.017918022349476814
vn 0.012588233686983585 -0.005802264902740717 0.012072643265128136
vn 0.016609307378530502 0.007596069481223822 -0.0020758667960762978
vn 0.0029536918736994267 0.013320082798600197 -0.012317860499024391
vn -0.012421253137290478 0.007449507247656584 -0.011317946948111057
vn 0.0007277262629941106 0.005343066994100809 -0.01757272519171238
vn 0.013084170408546925 0.0007627825834788382 -0.012888027355074883
vn 0.017982175573706627 -0.00378767354413867 -0.00041648265323601663
vn 0.016872547566890717 -0.0072285993956029415 -0.0009711275342851877
vn 0.011465055868029594 -0.009444585070014 0.01082732155919075
vn -0.00048574700485914946 -0.007959914393723011 0.01656147465109825
vn -0.0031711237970739603 -0.009650477208197117 0.015319623053073883
vn 0.006849559023976326 -0.014223392121493816 0.00941579882055521
vn 0.006575780920684338 -0.01500199269503355 0.008341336622834206
vn -0.0036532680969685316 -0.0013240653788670897 0.017966054379940033
vn -0.01136825792491436 0.008176405914127827 0.011907464824616909
vn -0.010144408792257309 0.01432459894567728 -0.0054566883482038975
vn -0.0049462346360087395 0.008319959044456482 -0.015626633539795876
vn 0.0022155430633574724 0.0018041987204924226 -0.01815805211663246
vn 0.012338672764599323 -0.005725998431444168 -0.012363200075924397
vn 0.01410764455795288 -0.011487552896142006 0.002624704735353589
vn 0.008982273750007153 -0.00992241594940424 0.01259932667016983
vn 0.01666899584233761 -0.007596069481223822 0.0015241177752614021
vn 0.011551213450729847 -0.00036139701842330396 -0.014293965883553028
vn -0.0019738636910915375 0.003709046868607402 -0.017894843593239784
vn -0.0009010010398924351 0.010914522223174572 -0.014762790873646736
vn 0.0030721286311745644 0.017926974222064018 -0.002657864009961486
vn 0.0029532776679843664 0.012983458116650581 0.012672275304794312
vn 0.00977878924459219 0.01052306778728962 0.011468171142041683
vn 0.0021796184591948986 -0.0021236189641058445 0.01812782697379589
vn 0.010023340582847595 0.015230445191264153 -0.0023334112484008074
vn 0.00394112803041935 0.010390965268015862 -0.014641514979302883
vn -0.006809866055846214 -0.0008430195157416165 -0.017052672803401947
vn -0.012694762088358402 0.0005219839513301849 -0.01328341756016016
vn -0.014546969905495644 0.0020438204519450665 -0.01104930229485035
vn -0.01764359511435032 -0.005034873262047768 0.001110040582716465
vn 0.009674946777522564 -0.006181897595524788 0.014354725368320942
vn 0.017975667491555214 -0.003314872272312641 -0.001940520596690476
vn 0.0108916275203228 0.0030775985214859247 -0.01448376476764679
vn -0.002111372770741582 0.004491894505918026 -0.01769869029521942
vn -0.003071730025112629 -0.00937559176236391 0.015509395860135555
vn 0.0037200937513262033 -0.0006022625020705163 0.017991019412875175
vn 0.003926049452275038 -0.001243945793248713 0.017914164811372757
vn 0.013369527645409107 0.006558578461408615 0.010775870643556118
vn 0.014627230353653431 0.010588820092380047 -0.0034350568894296885
vn 0.006323789246380329 0.007742052432149649 -0.01542559266090393
vn -0.004532753024250269 -0.00036139675648882985 -0.017810169607400894
vn -0.011201776564121246 -0.011043351143598557 -0.009510164149105549
vn -0.010748393833637238 -0.01432459894567728 0.004142040852457285
vn -0.010175388306379318 -0.015185332857072353 0.0019353952957317233
vn -0.010410329326987267 -0.010719715617597103 -0.010704735293984413
vn -0.01408575288951397 -0.006708385422825813 -0.009719451889395714
vn -0.005464773625135422 0.0006825291784480214 -0.0175370741635561
vn -0.015971900895237923 -0.001884107245132327 -0.008900961838662624
vn -0.005594886839389801 0.001963983755558729 -0.017398810014128685
vn 0.008078987710177898 0.004957582335919142 -0.015748998150229454
vn -0.014873270876705647 -0.010191322304308414 0.00357789802365005
vn -0.004869603086262941 -0.011043353006243706 0.01386397983878851
vn -0.007139216642826796 0.005112070124596357 -0.016148589551448822
vn -0.016446826979517937 0.007959913462400436 -0.0020050618331879377
vn 0.004397082142531872 0.013965640217065811 -0.011113286949694157
vn -0.017261553555727005 -0.004335962235927582 0.004595296923071146
vn -0.009039055556058884 -0.004101449158042669 0.015471011400222778
vn -0.0077043380588293076 0.011043351143598557 0.01251264102756977
vn 0.004601135849952698 -0.001243945793248713 0.017752766609191895
vn -0.0077688912861049175 -0.007742052432149649 0.014750713482499123
vn -0.0028324646409600973 -0.007376012392342091 0.01659669168293476
vn 0.014108167961239815 -0.00291911861859262 0.01141564454883337
vn 0.01828681118786335 0.001243944512680173 -0.0013869807589799166
vn 0.01051349751651287 0.005573144648224115 -0.014010176062583923
vn 0.017411794513463974 0.005725999362766743 -0.0013859946047887206
vn 0.013426952064037323 0.002123616635799408 0.012372785247862339
vn 0.0011093278881162405 -0.0026015029288828373 0.018162604421377182
vn 0.011771970428526402 0.006106199696660042 0.012728458270430565
vn 0.016012640669941902 0.008957918733358383 0.0011088976170867682
vn 0.00259377621114254 -0.004802716430276632 0.017552345991134644
vn -0.01396154798567295 -0.0008430216694250703 0.011926569975912571
vn -0.01807997189462185 -0.0017242524772882462 0.002831988735124469
vn -0.012851138599216938 -0.005266167689114809 0.012041358277201653
vn 0.0006934323464520276 -0.0006825292366556823 0.018355704843997955
vn -0.0013866702793166041 0.00028109317645430565 0.01832694001495838
vn 0.0018294750479981303 0.012461868114769459 0.013387811370193958
vn 0.011025898158550262 0.0144743537530303 0.002607915550470352
vn 0.008720722049474716 0.007080636918544769 -0.014549645595252514
vn -0.010849345475435257 -0.007006451021879911 0.013079753145575523
vn -0.004327614791691303 0.001484224572777748 0.017803017050027847
vn 0.0057319034822285175 -0.0030775987543165684 0.017191633582115173
vn 0.004701244179159403 -0.002362763974815607 0.017612332478165627
vn 0.017566807568073273 -0.0014842263190075755 0.0052041285671293736
vn 0.015728682279586792 -0.00028109384584240615 -0.009508319199085236
vn 0.004800769034773111 -0.0004416933807078749 -0.017737984657287598
vn -0.005833049304783344 -0.001484224572777748 -0.01736810989677906
vn -0.008631621487438679 -0.0015642638318240643 -0.016153229400515556
vn -0.017588334158062935 -0.002601501066237688 -0.004664897918701172
vn -0.012653321959078312 -0.004880193620920181 -0.012407890520989895
vn -0.0005547933396883309 0.0006825292366556823 -0.01836041919887066
vn -0.0008320317720063031 0.0006825292366556823 -0.018349943682551384
vn -0.002284443937242031 0.0022033764980733395 -0.018105387687683105
vn -0.013708137907087803 -0.0023627616465091705 -0.01201594341546297
vn -0.01733081229031086 -0.006106200627982616 0.00048563547898083925
vn -0.011796971783041954 -0.006257474422454834 -0.012631473131477833
vn -0.015964709222316742 -0.009097841568291187 0.0004857401072513312
vn -0.016719721257686615 -0.007522860076278448 0.001317610964179039
vn -0.010028306394815445 -0.004335963167250156 0.01478212047368288
vn -0.011137004941701889 -0.0037876747082918882 0.01412442047148943
vn 0.008658992126584053 -0.0006825291202403605 0.016199834644794464
vn -0.003990781959146261 -0.0006825292366556823 0.0179300419986248
vn -0.016109609976410866 -0.0021236182656139135 0.008593562059104443
vn 0.011946973390877247 0.01155014242976904 0.00785764865577221
vn 0.01693551428616047 0.0054198624566197395 -0.004657467361539602
vn 0.015449411235749722 0.0026015008334070444 0.009613869711756706
vn 0.01701982505619526 0.005266166757792234 -0.004524559713900089
vn 0.004667925648391247 0.00012047158816130832 0.017778486013412476
vn -0.0037200937513262033 0.0006022625020705163 -0.017991019412875175
vn 0.009029902517795563 -0.004957580007612705 -0.015223726630210876
vn 0.006810752209275961 0.006558580789715052 -0.015763161703944206
vn 0.016423329710960388 -0.0072285993956029415 -0.003987503703683615
vn 0.01724291779100895 0.005802263505756855 0.002625673543661833
vn 0.014113711193203926 -0.0053430660627782345 0.010494447313249111
vn 0.0012123023625463247 0.011235011741518974 0.01449770387262106
vn -0.009216413833200932 0.015494981780648232 -0.003583550686016679
vn -0.013812320306897163 0.006332934834063053 -0.010343709029257298
vn -0.0003466228663455695 0.011921009980142117 -0.013987421989440918
vn -0.01404585037380457 0.00663354666903615 -0.00982795748859644
vn -0.01651942916214466 0.007522859610617161 0.0028971778228878975
vn -0.008865760639309883 0.005649623926728964 0.015078417025506496
vn 0.003586039412766695 0.000040156537579605356 0.01802823692560196
vn 0.015149700455367565 -0.0033938405103981495 0.009841088205575943
vn 0.017822571098804474 -0.003314872272312641 -0.003040754236280918
vn 0.01443981658667326 0.002521970309317112 -0.011090985499322414
vn 0.009774621576070786 0.014718408696353436 0.0050698937848210335
vn -0.013829915784299374 0.012103386223316193 0.0003465483896434307
vn -0.017756564542651176 0.0038662292063236237 0.002763209631666541
vn -0.009392524138092995 0.00580226257443428 0.014696694910526276
vn 0.003958514425903559 0.00204381812363863 0.017833439633250237
vn 0.016737069934606552 -0.0009232443990185857 0.007542989682406187
vn 0.017695410177111626 -0.00495758093893528 0.00041649426566436887
vn 0.015417177230119705 -0.008032231591641903 -0.00597264664247632
vn 0.018140101805329323 -0.001083635725080967 0.0027642459608614445
vn 0.013521094806492329 -0.010654369369149208 -0.006445387378334999
vn 0.0019023234490305185 -0.014424709603190422 -0.011233321391046047
vn -0.008499151095747948 -0.012163716368377209 -0.010848365724086761
vn 0.009154072031378746 -0.009854709729552269 -0.012528616935014725
vn -0.004786817356944084 -0.008887698873877525 -0.015361437574028969
vn 0.007621080614626408 -0.007669132202863693 -0.014865468256175518
vn 0.016852304339408875 -0.005878417287021875 -0.004395755939185619
vn -0.01685626618564129 -0.0032358416356146336 -0.006578315515071154
vn -0.017028754577040672 0.004335961304605007 0.00539440056309104
vn -0.01664249412715435 -0.0010836349101737142 -0.00772863021120429
vn -0.0062148659490048885 -0.00580226257443428 -0.016296865418553352
vn -0.006738580297678709 -0.004257870372384787 -0.016563232988119125
vn 0.007568334694951773 -0.0038662280421704054 -0.01629881002008915
vn 0.01691977120935917 -0.0049575804732739925 -0.0051983012817800045
vn 0.01622377336025238 0.0013240633998066187 0.008539007045328617
vn 0.0075176917016506195 0.005112067796289921 0.015975909307599068
vn -0.008425169624388218 0.006558578461408615 0.014962625689804554
vn -0.016702884808182716 0.0056496248580515385 0.005193648859858513
vn -0.018056899309158325 0.0028397932182997465 0.0019397311843931675
vn -0.01670425571501255 -0.00012047235213685781 -0.007670196704566479
vn -0.014735836535692215 -0.004802714101970196 -0.009882695972919464
vn -0.002353923162445426 -0.0030775959603488445 -0.017968473955988884
vn 0.010678109712898731 0.004257872700691223 -0.01434318907558918
vn 0.01713395118713379 -0.0003613976004999131 -0.006646482739597559
vn 0.016961494460701942 0.006633545737713575 -0.0024864384904503822
vn -0.013913363218307495 -0.007228598929941654 -0.009593971073627472
vn 0.01708678901195526 0.0046474807895720005 0.0049316477961838245
vn 0.01691582426428795 0.004179700277745724 -0.005853511858731508
vn 0.00803452730178833 0.0151399290189147 0.006641348823904991
vn 0.0180603489279747 -0.003235842101275921 0.001109833363443613
vn 0.014950308948755264 0.0032358411699533463 0.010192948393523693
vn 0.009569569490849972 -0.007959914393723011 0.01352559495717287
vn 0.003037284594029188 -0.0007627829327248037 0.018112748861312866
vn -0.010395084507763386 -0.005954461172223091 0.013941492885351181
vn -0.011701156385242939 -0.00603038864210248 0.012829496525228024
vn -0.017711175605654716 0.002680983627215028 0.004123734310269356
vn -0.016497332602739334 -0.007669133599847555 0.002626977162435651
vn -0.009017571806907654 0.012042822316288948 0.010560891591012478
vn -0.016378121450543404 0.005954459309577942 0.005846379324793816
vn -0.00817931815981865 0.016070522367954254 -0.003565901890397072
vn 0.006465395446866751 0.010719717480242252 -0.013459752313792706
vn -0.008122440427541733 0.012579472735524178 -0.010661210864782333
vn 0.004348136950284243 0.008319959044456482 -0.015803499147295952
vn 0.014284414239227772 -0.000762780720833689 -0.011543495580554008
vn 0.015725674107670784 -0.00951339676976204 -0.00027757821953855455
vn 0.008061081171035767 -0.012520790100097656 0.010776241309940815
vn 0.015831341966986656 -0.009237068705260754 0.0013869984541088343
vn 0.013384165242314339 -0.0029191167559474707 -0.01225648820400238
vn 0.00231602368876338 0.004880195949226618 -0.017569812014698982
vn -0.009796107187867165 0.010324614122509956 -0.011632593348622322
vn -0.00013880555343348533 0.00020078704983461648 -0.018379854038357735
vn 0.009783421643078327 -0.005419861059635878 -0.01458726730197668
vn 0.010148677043616772 -0.008248260244727135 -0.012917010113596916
vn 0.01453491672873497 -0.011107451282441616 -0.0017998135881498456
vn 0.011911128647625446 -0.00685768062248826 0.012205565348267555
vn 0.009088577702641487 -0.010057252831757069 0.01241483073681593
vn -0.004522670526057482 -0.008391497656702995 0.015716450288891792
vn -0.003002936253324151 -0.007814822718501091 0.01636427454650402
vn -0.014884348958730698 -0.00036139891017228365 0.01077980175614357
vn -0.01595044881105423 0.009097840636968613 0.0008313015569001436
vn -0.016091560944914818 0.008605143055319786 0.0022117348853498697
vn -0.010880392976105213 0.0049575818702578545 -0.013961304910480976
vn 0.000866740825586021 -0.0043359603732824326 -0.01784171536564827
vn 0.012688271701335907 -0.006030386779457331 -0.011854146607220173
vn -0.014199273660779 0.0006825269665569067 0.011653042398393154
vn -0.012394133023917675 0.00028109559207223356 -0.013571479357779026
vn -0.01201713364571333 -0.002203374169766903 -0.013733617961406708
vn -0.00038151376065798104 -0.007449504919350147 -0.016799937933683395
vn -0.017162039875984192 0.0063329339027404785 0.0017991564236581326
vn -0.017904609441757202 0.00283979345113039 -0.003039600793272257
vn -0.0183773972094059 -0.00036139809526503086 -0.00013878702884539962
vn -0.014063872396945953 -0.007154685445129871 -0.009428498335182667
vn -0.01741785742342472 -0.0019639821257442236 -0.005535305477678776
vn -0.00892273522913456 -0.009989927522838116 -0.012588278390467167
vn 0.011463532224297523 -0.009306417778134346 -0.010947905480861664
vn 0.004095729440450668 -0.015048258937895298 -0.00972900353372097
vn -0.009367349557578564 -0.0088876998052001 -0.013082054443657398
vn -0.015732763335108757 0.0010836361907422543 -0.009443755261600018
vn -0.011529330164194107 0.0037876747082918882 -0.013806038536131382
vn -0.017282430082559586 0.0002007861330639571 -0.006257465109229088
vn -0.016086140647530556 -0.0009232444572262466 0.00884659867733717
vn -0.016753064468503 -0.0006022617453709245 0.007539941929280758
vn -0.015017599798738956 0.0018841071287170053 0.010430744849145412
vn -0.014100254513323307 0.006857678759843111 0.00959341786801815
vn -0.012343396432697773 0.004491892177611589 0.012858540751039982
vn -0.011497927829623222 0.005802263040095568 0.013115258887410164
vn -0.012754153460264206 0.0023627616465091705 0.01302411314100027
vn -0.002353382995352149 -0.0050348746590316296 0.01752113550901413
vn 0.00013869426038581878 -0.0007627829909324646 0.01836511678993702
vn 0.009991221129894257 -0.009513397701084614 0.012146989814937115
vn -0.0020429217256605625 -0.00464748265221715 0.017666520550847054
vn -0.012188910506665707 -0.00012047396739944816 0.013758435845375061
vn -0.010984701104462147 0.011043351143598557 0.009760089218616486
vn -0.002585429698228836 0.011736582964658737 0.013908513821661472
vn -0.004730591084808111 0.0029191162902861834 0.017520813271403313
vn -0.00728995306417346 0.000040156624891096726 0.016874050721526146
vn -0.016421958804130554 0.001884107361547649 0.00804039929062128
vn -0.016945362091064453 0.004491893574595451 -0.0055277687497437
vn -0.008315213024616241 0.002760416129603982 -0.01615908183157444
vn -0.015764661133289337 0.008032231591641903 -0.004983706399798393
vn -0.006905358284711838 0.006932132877409458 -0.015560854226350784
vn -0.009500432759523392 0.015407976694405079 0.003196032950654626
vn -0.015164682641625404 0.005419861059635878 0.008862060494720936
vn -0.006514661014080048 -0.0006022624438628554 0.017177749425172806
vn 0.008418155834078789 -0.00028109579579904675 0.016338123008608818
vn 0.007278052158653736 0.0026809824630618095 0.016664959490299225
vn 0.014205356128513813 0.0017242514295503497 0.011537479236721992
vn 0.011976937763392925 0.007302374113351107 0.011878842487931252
vn 0.01147208921611309 0.013320082798600197 -0.005370770581066608
vn -0.0016624565469101071 0.01830414868891239 0.0002701768826227635
vn -0.004371035844087601 0.017214210703969002 -0.004737467505037785
vn 0.006898091174662113 0.011674660257995129 -0.012409563176333904
vn 0.013838458806276321 -0.0007627806626260281 -0.01207451056689024
vn 0.003779631806537509 0.008676033467054367 -0.015758154913783073
vn 0.013104014098644257 -0.0016442734049633145 -0.012785139493644238
vn 0.0006931835669092834 0.005112070590257645 -0.01764269918203354
vn -0.008326091803610325 0.013860667124390602 -0.008742809295654297
vn -0.01299116387963295 0.01185975968837738 0.005334262270480394
vn -0.013476463966071606 -0.00036139905569143593 0.012495315633714199
vn -0.004981190897524357 -0.012520790100097656 0.012501845136284828
vn 0.010798108763992786 -0.014766381122171879 0.0017981772543862462
vn 0.013953076675534248 -0.01045711524784565 -0.005817130673676729
vn 0.004692497663199902 -0.017128240317106247 0.004741566255688667
vn 0.0040658204816281796 -0.01715722493827343 0.005193971563130617
vn -0.00628126785159111 -0.012163718231022358 0.012266549281775951
vn -0.002695977222174406 -0.008957919664680958 0.01582295633852482
vn -0.012076587416231632 0.0006825268501415849 0.013840838335454464
vn -0.014799564145505428 0.010124383494257927 0.004043310880661011
vn -0.016174523159861565 0.008391495794057846 0.002417883602902293
vn -0.011279577389359474 0.009513397701084614 -0.010961067862808704
vn 0.00402088463306427 0.01298345997929573 -0.01237500924617052
vn 0.012224671430885792 -0.002203374169766903 -0.01354921143501997
vn 0.014886816963553429 -0.010523068718612194 -0.002350812079384923
vn 0.01256893202662468 -0.012637913227081299 -0.004492627922445536
vn 0.015257113613188267 0.0009232445736415684 -0.010210128501057625
vn 0.01704265922307968 0.001804197789169848 -0.0066461446695029736
vn 0.018279921263456345 -0.001884107943624258 0.0004162171680945903
vn 0.008347726427018642 -0.013593618758022785 0.009132775478065014
vn 0.00010408179514342919 -0.004491894505918026 0.017823878675699234
vn -0.011314279399812222 0.002601500367745757 0.014251241460442543
vn 0.016545142978429794 -0.007887442596256733 -0.0013874764554202557
vn 0.01162178535014391 -0.008534091524779797 0.011400965042412281
vn 0.0058500985614955425 0.009786817245185375 0.014417806640267372
vn -0.010426204651594162 0.004491892177611589 0.01445668563246727
vn -0.009128403849899769 0.01570730283856392 0.002798480447381735
vn -0.01121462695300579 0.009718741290271282 -0.010846972465515137
vn 0.017872923985123634 0.0042578717693686485 -0.000554740137886256
vn 0.01290738396346569 -0.005496556404978037 0.011877117678523064
vn 0.012289179489016533 -0.00044169367174617946 -0.013662341982126236
vn 0.0027315642219036818 -0.0026809824630618095 -0.01797858439385891
vn 0.012212000787258148 0.00930641870945692 -0.010106245055794716
vn -0.0111384941264987 0.009444585070014 -0.01116299070417881
vn -0.007008632645010948 0.014172379858791828 0.009375570341944695
vn -0.01503056287765503 0.005878417287021875 0.00879801157861948
vn -0.017704607918858528 0.00212361803278327 -0.004462703596800566
vn -0.009998139925301075 -0.002680982695892453 -0.01518973708152771
vn -0.010506591759622097 -0.005725998431444168 -0.013953604735434055
vn 0.0034118695184588432 -0.005725997965782881 -0.017130402848124504
vn 0.0027981670573353767 -0.009306416846811771 -0.015602546744048595
vn 0.014923489652574062 -0.00526616582646966 -0.009350698441267014
vn -0.012028943747282028 -0.009237067773938179 -0.010385552421212196
vn 0.01443801261484623 -0.007302374113351107 -0.008723401464521885
vn 0.0180191770195961 -0.0014842262025922537 0.0033143535256385803
vn 0.017903920263051987 -0.001564265345223248 0.0038576305378228426
vn 0.01352431159466505 0.00916754174977541 0.008421863429248333
vn 0.010392740368843079 0.0032358409371227026 0.01481211930513382
vn -0.0033100072760134935 0.006408270448446274 0.01690729148685932
vn -0.014904677867889404 0.007596068549901247 0.007617671508342028
vn 0.011212718673050404 0.005725998431444168 0.013392777182161808
vn -0.0028971778228878975 0.009375588968396187 0.015542949549853802
vn 0.01214357279241085 0.008746755309402943 0.010672700591385365
vn -0.0037778462283313274 0.013913284987211227 0.011402937583625317
vn -0.017993243411183357 0.003630346618592739 -0.000970773515291512
vn -0.01780269853770733 0.0010034495498985052 -0.0044649322517216206
vn 0.004624553956091404 0.006483485922217369 0.016566729173064232
vn 0.01812223345041275 0.0029191176872700453 0.0009705828852020204
vn 0.005804616957902908 0.01401772815734148 -0.01037729810923338
vn 0.016051197424530983 -0.0030775966588407755 -0.0084122559055686
vn 0.016635403037071228 -0.00572599982842803 0.0053249322809278965
vn 0.016959471628069878 -0.0030775978229939938 0.00638618366792798
vn 0.007721795234829187 -0.004179701209068298 0.01614876464009285
vn 0.00769865931943059 -0.0023627637419849634 0.016523515805602074
vn 0.016462143510580063 0.00036139870644547045 -0.008169813081622124
vn 0.002731144428253174 0.003235843498259783 -0.017887111753225327
vn -0.005730658303946257 0.0005219816230237484 0.017457539215683937
vn 0.016984254121780396 0.0013240635162219405 0.006903664208948612
vn 0.015790536999702454 0.006558579858392477 -0.006747043691575527
vn 0.0048294770531356335 0.004335963167250156 -0.01719750463962555
vn -0.0022323154844343662 0.017269881442189217 -0.005886131431907415
vn 0.016582859680056572 0.006106200162321329 0.005059812217950821
vn 0.01497590821236372 0.008746755309402943 0.006090571638196707
vn 0.016313176602125168 -0.008176406845450401 -0.002214774489402771
vn 0.014663354493677616 -0.010979040525853634 -0.0015248901909217238
vn 0.017211230471730232 -0.0009232442826032639 0.006387470755726099
vn 0.008224875666201115 0.01052306778728962 0.012629136443138123
vn 0.015997013077139854 -0.0022033757995814085 0.00878175999969244
vn 0.01568656787276268 -0.0088876998052001 -0.0035803576465696096
vn 0.004367944784462452 -0.014324597083032131 -0.01065859105437994
vn 0.007336421869695187 -0.009650475345551968 -0.013817518949508667
vn -0.005556595046073198 -0.006558578461408615 -0.0162477046251297
vn 0.016792794689536095 -0.006483486853539944 -0.003720897017046809
vn 0.00861530564725399 -0.006181895732879639 -0.015014635398983955
vn -0.004296506755053997 -0.00204381812363863 -0.017755040898919106
vn -0.015239208936691284 0.001644275151193142 -0.010146007873117924
vn -0.015737053006887436 0.009375590831041336 -0.00152382324449718
vn -0.004149173852056265 0.014766380190849304 0.010130003094673157
vn 0.006880028173327446 0.006181895267218351 0.01588483527302742
vn 0.015449411235749722 -0.0026015022303909063 0.009613868780434132
vn -0.015971777960658073 0.008957918733358383 0.001592685584910214
vn -0.006968537345528603 0.01052306778728962 0.013363500125706196
vn 0.005065400619059801 0.0031567486003041267 0.017385490238666534
vn 0.012378271669149399 0.008391495794057846 0.010688302107155323
vn 0.015637926757335663 0.003472742857411504 -0.009015203453600407
vn -0.003743743058294058 0.008319959044456482 -0.015957482159137726
vn -0.01472646463662386 0.0037090464029461145 -0.010356293991208076
vn -0.006066736299544573 0.01735091395676136 0.0001381354231853038
vn -0.0073493774980306625 0.008605142123997211 0.014485053718090057
vn -0.00822516717016697 0.007522858679294586 0.01461615040898323
vn -0.016429482027888298 0.007742051035165787 0.0028304338920861483
vn 0.008425169624388218 0.006558580789715052 -0.01496262475848198
vn -0.0065862261690199375 0.015451626852154732 -0.007466420531272888
vn 0.006741351913660765 0.012579470872879028 0.011584027670323849
vn -0.014829733408987522 0.010588820092380047 0.0024154691491276026
vn -0.008082066662609577 0.009582027792930603 0.013444089330732822
vn -0.016414714977145195 0.007669133134186268 0.0031016322318464518
vn -0.00904455129057169 0.0052661653608083725 0.015110994689166546
vn 0.003039025468751788 0.00044169335160404444 0.01812312938272953
vn 0.017301516607403755 0.004101447761058807 0.004659851081669331
vn -0.01409927848726511 0.006408272311091423 -0.009900656528770924
vn -0.017621779814362526 0.004257871303707361 0.0030367723666131496
vn -0.00898510217666626 0.005649623926728964 0.015007607638835907
vn 0.003989547491073608 0.001963981194421649 0.017835494130849838
vn 0.015478139743208885 -0.0035515788476914167 0.009257000871002674
vn -0.014222783967852592 0.007596069946885109 -0.00882557313889265
vn -0.0006240730290301144 0.0038662308361381292 -0.017959438264369965
vn -0.0035841225180774927 0.0006022625020705163 -0.018018599599599838
vn 0.009029902517795563 -0.004957580007612705 -0.015223726630210876
vn 0.01746022142469883 -0.004491893108934164 -0.003583597019314766
vn 0.017591988667845726 -0.003944711294025183 -0.0035832608118653297
vn 0.017513519152998924 -0.005496555473655462 -0.0009711259626783431
vn 0.015788273885846138 0.0007627808954566717 0.009382277727127075
vn 0.016003688797354698 0.0015642642974853516 0.008905818685889244
vn 0.007008682005107403 0.00541986059397459 0.016105342656373978
vn -0.008030956611037254 0.006708384957164526 0.01511224266141653
vn -0.01725328341126442 0.004569730255752802 0.004395499359816313
vn -0.016040217131376266 0.006332933437079191 0.006362701300531626
vn -0.006393455434590578 0.014374790713191032 0.009506193920969963
vn 0.006830725818872452 0.008104396052658558 0.015017940662801266
vn 0.01781555451452732 0.003472741926088929 0.0029025222174823284
vn 0.01698245480656624 -0.004880194086581469 -0.00506542669609189
vn 0.00829103123396635 -0.00992241408675909 -0.013064575381577015
vn 0.015255353413522243 -0.008605143055319786 -0.005577122792601585
vn 0.013822794891893864 0.002998386975377798 -0.011739617213606834
vn -0.0007563928957097232 0.01762242801487446 -0.005172667559236288
vn -0.014645270071923733 0.011107451282441616 0.00013858771126251668
vn -0.01802479475736618 -0.00036139783333055675 -0.003585354657843709
vn -0.014507289975881577 0.00978681817650795 0.005624528508633375
vn -0.0015182015486061573 0.014374790713191032 0.011355133727192879
vn 0.014943701215088367 0.009989927522838116 0.003842619014903903
vn 0.018204975873231888 -0.0012439446290954947 0.002215862972661853
vn 0.012003718875348568 0.008957917802035809 0.010655752383172512
vn 0.011181753128767014 0.005802263040095568 0.013385841622948647
vn -0.0028971778228878975 0.009375588968396187 0.015542949549853802
vn -0.01494585070759058 0.007449505850672722 0.007681471295654774
vn -0.01776401698589325 0.0010836358414962888 -0.0045982664451003075
vn -0.0033100072760134935 0.006408270448446274 0.01690729148685932
vn -0.015023372136056423 0.005802263040095568 0.008860623463988304
vn -0.017704607918858528 0.00212361803278327 -0.004462703596800566
vn 0.010392740368843079 0.0032358409371227026 0.01481211930513382
vn 0.0180191770195961 -0.0014842262025922537 0.0033143535256385803
vn 0.013521094806492329 -0.010654369369149208 -0.006445387378334999
vn 0.0019370190566405654 -0.0144743537530303 -0.011163316667079926
vn -0.008582494221627712 -0.01222381554543972 -0.010714370757341385
vn -0.004786817356944084 -0.008887698873877525 -0.015361437574028969
vn -0.016408508643507957 -0.0031567492987960577 -0.00765991909429431
vn -0.016975419595837593 -0.0005219823797233403 -0.007031449116766453
vn -0.015206506475806236 0.00944458320736885 0.004176192916929722
vn -0.006473626010119915 -0.00580226257443428 -0.016195816919207573
vn -0.016639500856399536 0.0005219835438765585 -0.007793149445205927
vn 0.007867112755775452 -0.007669132202863693 -0.014736741781234741
vn 0.016037467867136 -0.004491892643272877 -0.007778248284012079
vn 0.017134008929133415 0.0018841084092855453 -0.006383923813700676
vn 0.009503156878054142 0.015364033170044422 -0.00339339068159461
vn -0.0055726259015500546 0.017009038478136063 -0.004185340367257595
vn -0.014414111152291298 0.010390963405370712 0.004705301485955715
vn -0.008095762692391872 0.012637914158403873 -0.010612274520099163
vn 0.004348136950284243 0.008319959044456482 -0.015803499147295952
vn 0.014272241853177547 -0.0008430199231952429 -0.011552967131137848
vn 0.016592223197221756 -0.007669133599847555 0.0019393522525206208
vn 0.017066186293959618 -0.006181896664202213 -0.0028996621258556843
vn 0.006585645489394665 -0.007887441664934158 -0.01524126436561346
vn -0.008488452062010765 -0.004647480323910713 -0.015627723187208176
vn -0.01781756617128849 0.004491893108934164 0.00048565800534561276
vn -0.013799252919852734 0.0023627616465091705 0.011911195702850819
vn -0.015910480171442032 0.009167542681097984 0.0008315195445902646
vn -0.016091560944914818 0.008605143055319786 0.0022117348853498697
vn -0.009796107187867165 0.010324614122509956 -0.011632593348622322
vn 0.00231602368876338 0.004880195949226618 -0.017569812014698982
vn 0.013384165242314339 -0.0029191167559474707 -0.01225648820400238
vn -0.014199273660779 0.0006825269665569067 0.011653042398393154
vn -0.004389064386487007 -0.008391497656702995 0.01575428433716297
vn -0.002558804349973798 -0.004569732118397951 0.017619553953409195
vn -0.010617096908390522 0.005725998431444168 0.013869707472622395
vn -0.017710715532302856 0.004491893108934164 0.0020079880487173796
vn -0.014667445793747902 -0.001324063166975975 -0.01099961344152689
vn -0.0037175845354795456 -0.006408270448446274 -0.016822373494505882
vn 0.009179143235087395 -0.008676031604409218 -0.013354714028537273
vn 0.016957323998212814 -0.006783097516745329 -0.0020778230391442776
vn 0.014341359958052635 -0.001963983289897442 0.01132902316749096
vn 0.010251069441437721 -0.009306419640779495 0.012090688571333885
vn 0.0018363987328484654 0.0023627611808478832 0.018136251717805862
vn 0.01568394899368286 -0.009582028724253178 -0.00027762172976508737
vn 0.015831341966986656 -0.009237068705260754 0.0013869984541088343
vn 0.008061081171035767 -0.012520790100097656 0.010776241309940815
vn 0.009029005654156208 -0.010124385356903076 0.012403729371726513
vn -0.012754153460264206 0.0023627616465091705 0.01302411314100027
vn -0.0024565320927649736 -0.004957582335919142 0.017529016360640526
vn 0.00010412641131551936 -0.0008430221350863576 0.018361836671829224
vn -0.011497927829623222 0.005802263040095568 0.013115258887410164
vn -0.01714702881872654 0.0063329339027404785 0.0019369898363947868
vn -0.010880392976105213 0.0049575818702578545 -0.013961304910480976
vn -0.00013880555343348533 0.00020078704983461648 -0.018379854038357735
vn 0.009783421643078327 -0.005419861059635878 -0.01458726730197668
vn 0.01453491672873497 -0.011107451282441616 -0.0017998135881498456
vn 0.011911128647625446 -0.00685768062248826 0.012205565348267555
vn 0.009991221129894257 -0.009513397701084614 0.012146989814937115
vn -0.0020429217256605625 -0.00464748265221715 0.017666520550847054
vn 0.010732557624578476 -0.014814071357250214 0.00179836165625602
vn 0.012688271701335907 -0.006030386779457331 -0.011854146607220173
vn 0.010148677043616772 -0.008248260244727135 -0.012917010113596916
vn 0.000866740825586021 -0.0043359603732824326 -0.01784171536564827
vn -0.012394133023917675 0.00028109559207223356 -0.013571479357779026
vn -0.017904609441757202 0.00283979345113039 -0.003039600793272257
vn -0.01201713364571333 -0.002203374169766903 -0.013733617961406708
vn -0.00038151376065798104 -0.007449504919350147 -0.016799937933683395
vn -0.012343396432697773 0.004491892177611589 0.012858540751039982
vn -0.014100254513323307 0.006857678759843111 0.00959341786801815
vn -0.0183773972094059 -0.00036139809526503086 -0.00013878702884539962
vn -0.014063872396945953 -0.007154685445129871 -0.009428498335182667
vn -0.012188910506665707 -0.00012047396739944816 0.013758435845375061
vn -0.004981190897524357 -0.012520790100097656 0.012501845136284828
vn 0.004692497663199902 -0.017128240317106247 0.004741566255688667
vn 0.013953076675534248 -0.01045711524784565 -0.005817130673676729
vn 0.012529955245554447 -0.012579471804201603 -0.004757702350616455
vn 0.015257113613188267 0.0009232445736415684 -0.010210128501057625
vn 0.004252228420227766 -0.017039326950907707 0.005427567288279533
vn -0.006594017148017883 -0.012103387154638767 0.012161643244326115
vn -0.013476463966071606 -0.00036139905569143593 0.012495315633714199
vn -0.002591714495792985 -0.009167543612420559 0.015719980001449585
vn 0.008619413711130619 -0.013320082798600197 0.00928222481161356
vn 0.014767241664230824 -0.010719715617597103 -0.00221243710257113
vn -0.010984701104462147 0.011043351143598557 0.009760089218616486
vn -0.013045495375990868 0.011798284947872162 0.005337989889085293
vn -0.012076587416231632 0.0006825268501415849 0.013840838335454464
vn 0.00013875466538593173 -0.004413971211761236 0.017843099310994148
vn 0.011668038554489613 -0.00860514398664236 0.011299865320324898
vn 0.016545142978429794 -0.007887442596256733 -0.0013874764554202557
vn 0.013104014098644257 -0.0016442734049633145 -0.012785139493644238
vn 0.013838458806276321 -0.0007627806626260281 -0.01207451056689024
vn 0.01147208921611309 0.013320082798600197 -0.005370770581066608
vn 0.01704265922307968 0.001804197789169848 -0.0066461446695029736
vn 0.011976937763392925 0.007302374113351107 0.011878842487931252
vn 0.018279921263456345 -0.001884107943624258 0.0004162171680945903
vn 0.011463532224297523 -0.009306417778134346 -0.010947905480861664
vn -0.00892273522913456 -0.009989927522838116 -0.012588278390467167
vn -0.01741785742342472 -0.0019639821257442236 -0.005535305477678776
vn -0.016753064468503 -0.0006022617453709245 0.007539941929280758
vn -0.015017599798738956 0.0018841071287170053 0.010430744849145412
vn -0.002585429698228836 0.011736582964658737 0.013908513821661472
vn -0.004730591084808111 0.0029191162902861834 0.017520813271403313
vn 0.003779631806537509 0.008676033467054367 -0.015758154913783073
vn 0.006898091174662113 0.011674660257995129 -0.012409563176333904
vn -0.004330710973590612 0.01724220998585224 -0.004672226961702108
vn -0.0016624565469101071 0.01830414868891239 0.0002701768826227635
vn -0.00825835857540369 0.013913285918533802 -0.008723449893295765
vn -0.014835512265563011 0.010124383494257927 0.0039093513041734695
vn -0.016190582886338234 0.008319958113133907 0.0025538115296512842
vn -0.011314279399812222 0.002601500367745757 0.014251241460442543
vn 0.00727103790268302 0.004101446829736233 0.016376469284296036
vn 0.016864096745848656 0.0072285993956029415 0.0011082261335104704
vn 0.012366379611194134 -0.0009232427692040801 -0.013568302616477013
vn 0.012244713492691517 -0.002123616635799408 -0.013543848879635334
vn 0.0006931835669092834 0.005112070590257645 -0.01764269918203354
vn -0.011279577389359474 0.009513397701084614 -0.010961067862808704
vn -0.01155809499323368 0.010654370300471783 -0.009527508169412613
vn -0.008620715700089931 0.013965639285743237 0.008277848362922668
vn 0.0028828084468841553 0.013375303708016872 -0.01227474119514227
vn -0.006797274108976126 0.014621623791754246 0.008825180120766163
vn 0.01319075096398592 0.00944458320736885 0.008641907013952732
vn 0.012843765318393707 0.008887700736522675 -0.009691494517028332
vn 0.017903920263051987 -0.001564265345223248 0.0038576305378228426
vn -0.016642410308122635 0.006106201093643904 -0.004860355984419584
vn -0.010113813914358616 -0.002680982695892453 -0.015112964436411858
vn -0.010346248745918274 -0.005573142785578966 -0.014134136959910393
vn -0.011225023306906223 -0.009989927522838116 -0.010586727410554886
vn 0.0027981670573353767 -0.009306416846811771 -0.015602546744048595
vn 0.0034118695184588432 -0.005725997965782881 -0.017130402848124504
vn -0.0036786189302802086 0.00766913453117013 -0.016295114532113075
vn 0.014923489652574062 -0.00526616582646966 -0.009350698441267014
vn 0.01443801261484623 -0.007302374113351107 -0.008723401464521885
vn 0.01812223345041275 0.0029191176872700453 0.0009705828852020204
vn 0.005804616957902908 0.01401772815734148 -0.01037729810923338
vn 0.004624553956091404 0.006483485922217369 0.016566729173064232
vn -0.009500432759523392 0.015407976694405079 0.003196032950654626
vn 0.016635403037071228 -0.00572599982842803 0.0053249322809278965
vn 0.01598626933991909 -0.0030775966588407755 -0.008534998632967472
vn 0.016959471628069878 -0.0030775978229939938 0.00638618366792798
vn 0.007721795234829187 -0.004179701209068298 0.01614876464009285
vn -0.005730658303946257 0.0005219816230237484 0.017457539215683937
vn -0.015164682641625404 0.005419861059635878 0.008862060494720936
vn -0.006514661014080048 -0.0006022624438628554 0.017177749425172806
vn 0.00769865931943059 -0.0023627637419849634 0.016523515805602074
vn 0.016984254121780396 0.0013240635162219405 0.006903664208948612
vn 0.016524633392691612 0.0002810951555147767 -0.008045874536037445
vn 0.0030052638612687588 0.003235843498259783 -0.017843103036284447
vn -0.006905358284711838 0.006932132877409458 -0.015560854226350784
vn -0.015764661133289337 0.008032231591641903 -0.004983706399798393
vn 0.008418155834078789 -0.00028109579579904675 0.016338123008608818
vn -0.008191606029868126 0.002760416129603982 -0.016222093254327774
vn 0.004761095158755779 0.004179701209068298 -0.017255162820219994
vn 0.015790536999702454 0.006558579858392477 -0.006747043691575527
vn 0.016582859680056572 0.006106200162321329 0.005059812217950821
vn 0.007278052158653736 0.0026809824630618095 0.016664959490299225
vn -0.00728995306417346 0.000040156624891096726 0.016874050721526146
vn -0.016421958804130554 0.001884107361547649 0.00804039929062128
vn -0.016945362091064453 0.004491893574595451 -0.0055277687497437
vn -0.017282430082559586 0.0002007861330639571 -0.006257465109229088
vn -0.016086140647530556 -0.0009232444572262466 0.00884659867733717
vn 0.014205356128513813 0.0017242514295503497 0.011537479236721992
vn 0.014923078007996082 0.008746755309402943 0.006218892987817526
vn -0.0022292418871074915 0.01724220998585224 -0.0059678503312170506
vn -0.011529330164194107 0.0037876747082918882 -0.013806038536131382
vn -0.015732763335108757 0.0010836361907422543 -0.009443755261600018
vn -0.009367349557578564 -0.0088876998052001 -0.013082054443657398
vn 0.004095729440450668 -0.015048258937895298 -0.00972900353372097
vn 0.016313176602125168 -0.008176406845450401 -0.002214774489402771
vn 0.017207283526659012 -0.001003449666313827 0.006386005785316229
vn 0.008224875666201115 0.01052306778728962 0.012629136443138123
vn -0.004149173852056265 0.014766380190849304 0.010130003094673157
vn -0.015737053006887436 0.009375590831041336 -0.00152382324449718
vn -0.015971777960658073 0.008957918733358383 0.001592685584910214
vn -0.015239208936691284 0.001644275151193142 -0.010146007873117924
vn -0.005556595046073198 -0.006558578461408615 -0.0162477046251297
vn 0.00440013175830245 -0.014374790713191032 -0.010577468201518059
vn 0.014663354493677616 -0.010979040525853634 -0.0015248901909217238
vn 0.015997013077139854 -0.0022033757995814085 0.00878175999969244
vn 0.01568656787276268 -0.0088876998052001 -0.0035803576465696096
vn 0.007336421869695187 -0.009650475345551968 -0.013817518949508667
vn -0.004429067950695753 -0.0021236161701381207 -0.01771305315196514
vn -0.014713067561388016 0.0037876744754612446 -0.010346872732043266
vn -0.016429482027888298 0.007742051035165787 0.0028304338920861483
vn -0.007027351763099432 0.010588819161057472 0.013280506245791912
vn 0.006880028173327446 0.006181895267218351 0.01588483527302742
vn 0.015458914451301098 -0.002521970309317112 0.009619783610105515
vn 0.005034183152019978 0.003235840704292059 0.017380015924572945
vn 0.01123591884970665 0.008676031604409218 0.011677293106913567
vn -0.00822516717016697 0.007522858679294586 0.01461615040898323
vn -0.008103050291538239 0.014274129644036293 0.008274562656879425
vn -0.004930722992867231 0.014908602461218834 -0.009555112570524216
vn 0.003245339263230562 0.001243945793248713 -0.018049901351332664
vn 0.017008760944008827 0.004491893574595451 -0.005329495295882225
vn 0.016791880130767822 -0.006408271379768848 -0.0038529732264578342
vn 0.008681854233145714 -0.006257474422454834 -0.014944832772016525
vn 0.01690729148685932 0.006408271845430136 -0.0033100068103522062
vn 0.008425169624388218 0.006558578461408615 0.014962625689804554
vn -0.008127080276608467 0.015748869627714157 0.004878755658864975
vn -0.01224768627434969 0.005954458843916655 0.012345735915005207
vn 0.0007276906981132925 0.011736584827303886 -0.014128044247627258
vn 0.012928937561810017 -0.0032358411699533463 -0.012659008614718914
vn 0.017574090510606766 -0.005343065597116947 0.0006939608720131218
vn 0.0010400139726698399 0.00140415970236063 -0.018298232927918434
vn -0.011140785180032253 0.00603038864210248 -0.013319006189703941
vn -0.016616731882095337 0.007814821787178516 -0.0008315093582496047
vn -0.012468459084630013 0.00260150246322155 -0.013253237120807171
vn -0.00041636114474385977 -0.00028109317645430565 -0.0183746088296175
vn 0.01321039441972971 -0.0014842249220237136 -0.012694927863776684
vn 0.018321454524993896 -0.00148422596976161 -1.1205588540397216e-10
vn 0.012556465342640877 0.0020438204519450665 -0.013267877511680126
vn -0.005611359607428312 0.007742052432149649 -0.015698786824941635
vn -0.012721072882413864 -0.000923242827411741 -0.013236332684755325
vn -0.01838090643286705 -0.00004015790909761563 0.00013881351333111525
vn -0.017901450395584106 0.004023118410259485 -0.0011095763184130192
vn -0.013777771033346653 0.0029983853455632925 0.011792425997555256
vn -0.0009014660026878119 0.0014041569083929062 0.01830558106303215
vn 0.011863389052450657 -0.003472743323072791 0.013604361563920975
vn 0.012206772342324257 -0.001564266043715179 0.01365380547940731
vn -0.0017317011952400208 0.0014041569083929062 0.018245771527290344
vn -0.014546969905495644 0.002043818822130561 0.01104930229485035
vn -0.018346844241023064 -0.0002007855655392632 -0.0011097796959802508
vn -0.014904087409377098 0.0008430216112174094 -0.01072548795491457
vn -0.015790989622473717 -0.0006825271411798894 -0.00938389077782631
vn -0.018082449212670326 -0.001804197090677917 -0.0027655994053930044
vn -0.009909250773489475 -0.010979040525853634 -0.010915402323007584
vn -0.009337468072772026 -0.010914520360529423 -0.011470114812254906
vn -0.015435862354934216 0.0011638018768280745 -0.00991253275424242
vn -0.006292406469583511 -0.007959911599755287 -0.015327231027185917
vn -0.015503723174333572 0.00978681817650795 0.0013158005895093083
vn -0.014283299446105957 0.010914521291851997 -0.0038391640409827232
vn 0.003703828202560544 0.017039326950907707 -0.005815633572638035
vn 0.017093274742364883 0.006106200627982616 0.002900494495406747
vn 0.012597278691828251 0.002442388329654932 0.013161379843950272
vn -0.001697435975074768 0.004491891711950302 0.017743173986673355
vn -0.0025570825673639774 0.00580226257443428 0.017253221943974495
vn -0.014371348544955254 0.004569729790091515 0.010510019958019257
vn -0.01814357377588749 0.0026015015318989754 -0.0013861758634448051
vn -0.012533391825854778 -0.007887441664934158 -0.010889487341046333
vn -0.0012132489355280995 -0.012520788237452507 -0.013402853161096573
vn 0.012256359681487083 -0.013152901083230972 -0.0038290272932499647
vn 0.0031937698367983103 -0.01599193550646305 -0.008481536991894245
vn 0.006132842041552067 -0.011982029303908348 -0.012517900206148624
vn -0.005063432734459639 -0.004413968417793512 -0.017110148444771767
vn -0.015005944296717644 0.0027604158967733383 -0.010250870138406754
vn -0.016033807769417763 0.008676032535731792 0.002349905902519822
vn -0.005466577131301165 0.013096668757498264 0.01168214064091444
vn -0.004240098409354687 0.016224009916186333 0.007528725545853376
vn 0.011761665344238281 0.011235012672841549 0.008562495931982994
vn 0.007932880893349648 0.00433596083894372 0.01600460708141327
vn 0.00770261324942112 0.008104396052658558 0.014589966274797916
vn -0.007354550529271364 0.009854709729552269 0.013662864454090595
vn -0.007768169976770878 0.01610935665667057 0.004245325457304716
vn -0.005736315622925758 0.0084628751501441 -0.015275896526873112
vn 0.007878338918089867 -0.008534089662134647 -0.01424709428101778
vn 0.007708616554737091 -0.0054965540766716 -0.015755752101540565
vn 0.015696082264184952 0.006783097982406616 -0.006745455786585808
vn 0.011111956089735031 0.00978681817650795 0.01089133694767952
vn 0.005847825203090906 0.00541986059397459 0.01656220480799675
vn 0.015701325610280037 -0.0018041980220004916 0.009385725483298302
vn 0.016408389434218407 -0.007596069015562534 -0.0033080403227359056
vn 0.015135939233005047 -0.010057251900434494 -0.002762902295216918
vn 0.014343677088618279 -0.011487552896142006 -0.00041671577491797507
vn 0.016189321875572205 -0.0017242529429495335 0.008532960899174213
vn 0.017177749425172806 -0.0006022616289556026 0.006514661014080048
vn 0.015317244455218315 0.0025219686795026064 0.00984379556030035
vn 0.012193157337605953 0.008676031604409218 0.010673893615603447
vn 0.018267812207341194 -0.001963982591405511 0.0005553343216888607
vn 0.01239614188671112 -0.010390963405370712 -0.008731676265597343
vn 0.0014213828835636377 -0.008176405914127827 -0.01640136167407036
vn 0.012425057590007782 -0.006408270914107561 -0.011934429407119751
vn 0.017236512154340744 0.001804197789169848 -0.006125857587903738
vn 0.013721845112740993 -0.0075228591449558735 -0.009643450379371643
vn 0.007518789730966091 -0.009718739427626133 -0.013670863583683968
vn -0.0026266067288815975 -0.005649623926728964 -0.01729338802397251
vn -0.0129135986790061 -0.0010836345609277487 -0.013036229647696018
vn -0.012925731018185616 0.0049575818702578545 -0.012092414312064648
vn -0.016650358214974403 0.0072285993956029415 0.0028968064580112696
vn -0.012997702695429325 -0.003944710362702608 -0.012384571135044098
vn -0.0023532400373369455 -0.0002007842849707231 -0.018229112029075623
vn 0.007097781170159578 -0.006708384957164526 -0.015572337433695793
vn 0.013743625022470951 -0.011921009048819542 -0.002623151522129774
vn 0.015922514721751213 -0.009167542681097984 -0.0005552553338930011
vn 0.011331622488796711 -0.003472741227596998 -0.014050372876226902
vn -0.00045103905722498894 0.003709046868607402 -0.017997726798057556
vn -0.011622661724686623 0.009237069636583328 -0.01083830650895834
vn 0.0015918549615889788 0.0072286007925868034 -0.01682533510029316
vn 0.013230076991021633 -0.006257476285099983 0.011121495626866817
vn 0.010776771232485771 -0.009444585070014 0.01151258498430252
vn 0.011108867824077606 -0.014172380790114403 0.003689891891553998
vn 0.014440629631280899 -0.010258064605295658 -0.0049111018888652325
vn 0.015326551161706448 0.001083636307157576 -0.01008965726941824
vn 0.010835284367203712 0.013539426028728485 -0.0060958294197916985
vn -0.0027830067556351423 0.013860665261745453 0.011747997254133224
vn -0.013131581246852875 0.009989927522838116 0.008101943880319595
vn -0.014602666720747948 0.007742051035165787 0.008043716661632061
vn -0.010927213355898857 0.011107450351119041 0.009751878678798676
vn -0.002443463308736682 0.018190722912549973 -0.0010028360411524773
vn 0.005947493482381105 0.011424745433032513 -0.013114157132804394
vn 0.013069604523479939 -0.0008430198067799211 -0.012897804379463196
vn 0.012540015392005444 -0.012520789168775082 -0.004884305875748396
vn 0.005853583104908466 -0.016480660066008568 0.005657032132148743
vn -0.007718093693256378 -0.013320082798600197 0.010044153779745102
vn -0.011034166440367699 -0.0029191188514232635 0.014408488757908344
vn -0.0005895490176044405 -0.0027604163624346256 0.01816345565021038
vn -0.010786798782646656 0.005343064200133085 0.01389155350625515
vn -0.012799845077097416 0.00004015690501546487 0.01319245807826519
vn -0.005609328858554363 -0.011674660257995129 0.013042865321040154
vn 0.004714360926300287 -0.016820503398776054 0.005720493849366903
vn -0.0010402656625956297 -0.008319959044456482 0.01635771058499813
vn 0.008449913002550602 -0.01406954787671566 0.008278006687760353
vn 0.01375877857208252 -0.011612512171268463 -0.0037046167999505997
vn 0.011205282062292099 -0.002601500367745757 -0.01433709915727377
vn 0.002004703041166067 0.008534091524779797 -0.01615639217197895
vn 0.0123271644115448 -0.009375590831041336 0.009900398552417755
vn 0.014931248500943184 -0.010057251900434494 -0.0037132357247173786
vn 0.00894222967326641 -0.004569729790091515 -0.015395866706967354
vn 0.0032770908437669277 -0.0027604163624346256 0.017875105142593384
vn -0.007581565994769335 0.004957580007612705 0.015994401648640633
vn -0.01031174324452877 0.001963981194421649 0.015089377760887146
vn -0.012712396681308746 0.01185975968837738 0.0059682223945856094
vn -0.00510322256013751 0.016852732747793198 -0.005274572875350714
vn -0.00844983384013176 0.014424711465835571 -0.007642422337085009
vn -0.013372063636779785 0.011298472061753273 0.005604553502053022
vn -0.01395872887223959 0.010849792510271072 0.005031350534409285
vn -0.011931984685361385 0.010719716548919678 -0.008977416902780533
vn -0.002317568985745311 0.003944712691009045 -0.017802996560931206
vn -0.002002495341002941 0.012520790100097656 -0.013307832181453705
vn -0.006022810470312834 0.015623267740011215 0.007584053557366133
vn 0.010637997649610043 0.010124383494257927 0.011054794304072857
vn 0.015748724341392517 0.0013240647967904806 -0.009386328049004078
vn 0.015257959254086018 -0.00572599982842803 0.008502130396664143
s on
f 1//1 2//2 3//3
f 3//3 2//2 4//4
f 2//2 5//5 4//4
f 4//4 5//5 6//6
f 5//5 7//7 6//6
f 6//6 7//7 8//8
f 7//7 9//9 8//8
f 9//9 10//10 8//8
f 8//8 10//10 6//6
f 10//10 11//11 6//6
f 6//6 11//11 4//4
f 11//11 12//12 4//4
f 12//12 13//13 4//4
f 13//13 14//14 4//4
f 14//14 15//15 4//4
f 15//15 16//16 4//4
f 4//4 16//16 3//3
f 16//16 17//17 3//3
f 17//17 18//18 3//3
f 3//3 18//18 19//19
f 18//18 20//20 19//19
f 20//20 21//21 19//19
f 19//19 21//21 22//22
f 21//21 23//23 22//22
f 23//23 24//24 22//22
f 24//24 25//25 22//22
f 22//22 25//25 19//19
f 2//2 1//1 5//5
f 1//1 26//26 5//5
f 5//5 26//26 7//7
f 23//23 21//21 27//27
f 21//21 28//28 27//27
f 27//27 28//28 29//29
f 28//28 30//30 29//29
f 30//30 15//15 29//29
f 15//15 14//14 29//29
f 14//14 31//31 29//29
f 29//29 31//31 27//27
f 31//31 32//32 27//27
f 27//27 32//32 23//23
f 32//32 33//33 23//23
f 33//33 34//34 23//23
f 23//23 34//34 24//24
f 34//34 35//35 24//24
f 24//24 35//35 25//25
f 35//35 36//36 25//25
f 36//36 37//37 25//25
f 37//37 38//38 25//25
f 25//25 38//38 19//19
f 38//38 1//1 19//19
f 19//19 1//1 3//3
f 39//39 1//1 40//40
f 40//40 1//1 38//38
f 39//39 41//41 1//1
f 1//1 41//41 42//42
f 41//41 43//43 42//42
f 42//42 43//43 44//44
f 44//44 43//43 45//45
f 43//43 46//46 45//45
f 46//46 47//47 45//45
f 47//47 48//48 45//45
f 48//48 49//49 45//45
f 45//45 49//49 44//44
f 49//49 50//50 44//44
f 44//44 50//50 51//51
f 50//50 52//52 51//51
f 52//52 26//26 51//51
f 51//51 26//26 42//42
f 26//26 1//1 42//42
f 51//51 42//42 44//44
f 49//49 53//53 50//50
f 50//50 53//53 54//54
f 53//53 55//55 54//54
f 54//54 55//55 56//56
f 56//56 55//55 57//57
f 57//57 55//55 58//58
f 55//55 53//53 58//58
f 58//58 53//53 48//48
f 53//53 49//49 48//48
f 50//50 54//54 52//52
f 54//54 59//59 52//52
f 59//59 60//60 52//52
f 52//52 60//60 26//26
f 60//60 61//61 26//26
f 26//26 61//61 7//7
f 7//7 61//61 9//9
f 61//61 62//62 9//9
f 62//62 63//63 9//9
f 9//9 63//63 10//10
f 63//63 48//48 10//10
f 10//10 48//48 11//11
f 48//48 47//47 11//11
f 11//11 47//47 12//12
f 48//48 63//63 58//58
f 58//58 63//63 64//64
f 63//63 62//62 64//64
f 64//64 62//62 65//65
f 65//65 62//62 66//66
f 62//62 61//61 66//66
f 61//61 60//60 66//66
f 66//66 60//60 67//67
f 67//67 60//60 68//68
f 60//60 59//59 68//68
f 68//68 59//59 69//69
f 69//69 59//59 70//70
f 59//59 71//71 70//70
f 70//70 71//71 72//72
f 72//72 71//71 56//56
f 56//56 71//71 54//54
f 71//71 59//59 54//54
f 57//57 58//58 64//64
f 68//68 69//69 73//73
f 73//73 69//69 74//74
f 74//74 69//69 75//75
f 75//75 69//69 76//76
f 76//76 69//69 77//77
f 69//69 70//70 77//77
f 77//77 70//70 78//78
f 70//70 72//72 78//78
f 68//68 73//73 67//67
f 73//73 79//79 67//67
f 67//67 79//79 66//66
f 79//79 80//80 66//66
f 66//66 80//80 81//81
f 81//81 80//80 82//82
f 80//80 79//79 82//82
f 82//82 79//79 83//83
f 79//79 73//73 83//83
f 83//83 73//73 84//84
f 84//84 73//73 85//85
f 73//73 74//74 85//85
f 85//85 74//74 86//86
f 74//74 75//75 86//86
f 81//81 65//65 66//66
f 82//82 83//83 87//87
f 83//83 84//84 87//87
f 87//87 84//84 88//88
f 84//84 89//89 88//88
f 88//88 89//89 90//90
f 89//89 91//91 90//90
f 90//90 91//91 92//92
f 92//92 91//91 93//93
f 93//93 91//91 86//86
f 91//91 89//89 86//86
f 86//86 89//89 85//85
f 89//89 84//84 85//85
f 92//92 94//94 90//90
f 90//90 94//94 88//88
f 88//88 94//94 87//87
f 94//94 95//95 87//87
f 87//87 95//95 82//82
f 95//95 94//94 96//96
f 94//94 92//92 96//96
f 96//96 92//92 97//97
f 92//92 98//98 97//97
f 97//97 98//98 96//96
f 98//98 99//99 96//96
f 96//96 99//99 95//95
f 99//99 100//100 95//95
f 95//95 100//100 82//82
f 82//82 100//100 81//81
f 100//100 101//101 81//81
f 81//81 101//101 65//65
f 92//92 93//93 98//98
f 98//98 93//93 102//102
f 93//93 86//86 102//102
f 86//86 75//75 102//102
f 102//102 75//75 103//103
f 103//103 75//75 104//104
f 75//75 76//76 104//104
f 104//104 76//76 105//105
f 76//76 77//77 105//105
f 99//99 98//98 100//100
f 98//98 106//106 100//100
f 100//100 106//106 101//101
f 106//106 102//102 101//101
f 102//102 103//103 101//101
f 101//101 103//103 107//107
f 103//103 104//104 107//107
f 104//104 105//105 107//107
f 107//107 105//105 108//108
f 108//108 105//105 109//109
f 105//105 77//77 109//109
f 109//109 77//77 110//110
f 77//77 78//78 110//110
f 110//110 78//78 111//111
f 78//78 72//72 111//111
f 111//111 72//72 112//112
f 112//112 72//72 113//113
f 72//72 114//114 113//113
f 113//113 114//114 115//115
f 114//114 56//56 115//115
f 56//56 57//57 115//115
f 115//115 57//57 116//116
f 57//57 64//64 116//116
f 116//116 64//64 108//108
f 108//108 64//64 107//107
f 64//64 65//65 107//107
f 107//107 65//65 101//101
f 98//98 102//102 106//106
f 114//114 72//72 56//56
f 116//116 108//108 117//117
f 117//117 108//108 109//109
f 117//117 118//118 116//116
f 116//116 118//118 115//115
f 118//118 119//119 115//115
f 115//115 119//119 113//113
f 119//119 118//118 120//120
f 118//118 117//117 120//120
f 120//120 117//117 121//121
f 121//121 117//117 122//122
f 122//122 117//117 123//123
f 117//117 109//109 123//123
f 109//109 110//110 123//123
f 123//123 110//110 124//124
f 110//110 111//111 124//124
f 124//124 111//111 125//125
f 125//125 111//111 126//126
f 111//111 112//112 126//126
f 126//126 112//112 127//127
f 112//112 113//113 127//127
f 127//127 113//113 128//128
f 128//128 113//113 129//129
f 129//129 113//113 130//130
f 113//113 119//119 130//130
f 130//130 119//119 131//131
f 119//119 120//120 131//131
f 131//131 120//120 132//132
f 120//120 121//121 132//132
f 127//127 133//133 126//126
f 133//133 134//134 126//126
f 133//133 127//127 135//135
f 127//127 128//128 135//135
f 130//130 131//131 136//136
f 136//136 131//131 137//137
f 131//131 138//138 137//137
f 137//137 138//138 139//139
f 139//139 138//138 140//140
f 140//140 138//138 132//132
f 138//138 131//131 132//132
f 136//136 141//141 130//130
f 141//141 129//129 130//130
f 141//141 136//136 142//142
f 136//136 137//137 142//142
f 142//142 137//137 143//143
f 137//137 139//139 143//143
f 143//143 139//139 144//144
f 139//139 140//140 144//144
f 144//144 145//145 143//143
f 143//143 145//145 142//142
f 142//142 145//145 141//141
f 145//145 146//146 141//141
f 141//141 146//146 129//129
f 129//129 146//146 128//128
f 146//146 147//147 128//128
f 128//128 147//147 135//135
f 147//147 148//148 135//135
f 148//148 149//149 135//135
f 135//135 149//149 133//133
f 133//133 149//149 134//134
f 149//149 150//150 134//134
f 150//150 151//151 134//134
f 134//134 151//151 126//126
f 151//151 152//152 126//126
f 126//126 152//152 125//125
f 152//152 153//153 125//125
f 125//125 153//153 124//124
f 153//153 152//152 154//154
f 152//152 151//151 154//154
f 154//154 151//151 155//155
f 151//151 150//150 155//155
f 155//155 150//150 154//154
f 154//154 150//150 156//156
f 150//150 157//157 156//156
f 156//156 157//157 158//158
f 157//157 149//149 158//158
f 149//149 148//148 158//158
f 148//148 159//159 158//158
f 158//158 159//159 156//156
f 159//159 160//160 156//156
f 156//156 160//160 154//154
f 160//160 161//161 154//154
f 154//154 161//161 153//153
f 161//161 160//160 153//153
f 153//153 160//160 162//162
f 160//160 159//159 162//162
f 162//162 159//159 163//163
f 159//159 148//148 163//163
f 150//150 149//149 157//157
f 163//163 164//164 162//162
f 162//162 164//164 153//153
f 153//153 164//164 124//124
f 164//164 165//165 124//124
f 124//124 165//165 123//123
f 165//165 166//166 123//123
f 123//123 166//166 167//167
f 167//167 166//166 146//146
f 146//146 166//166 147//147
f 147//147 166//166 148//148
f 148//148 166//166 163//163
f 163//163 166//166 164//164
f 166//166 165//165 164//164
f 123//123 167//167 122//122
f 122//122 167//167 168//168
f 167//167 146//146 168//168
f 146//146 145//145 168//168
f 168//168 145//145 169//169
f 145//145 144//144 169//169
f 169//169 144//144 170//170
f 144//144 140//140 170//170
f 170//170 140//140 171//171
f 140//140 132//132 171//171
f 171//171 132//132 172//172
f 132//132 121//121 172//172
f 172//172 121//121 173//173
f 121//121 122//122 173//173
f 122//122 168//168 173//173
f 168//168 169//169 173//173
f 173//173 169//169 174//174
f 169//169 170//170 174//174
f 170//170 171//171 174//174
f 174//174 171//171 173//173
f 171//171 172//172 173//173
f 175//175 176//176 177//177
f 176//176 178//178 177//177
f 177//177 178//178 179//179
f 175//175 180//180 176//176
f 180//180 181//181 176//176
f 176//176 181//181 182//182
f 181//181 183//183 182//182
f 182//182 183//183 184//184
f 184//184 183//183 185//185
f 183//183 181//181 185//185
f 185//185 181//181 186//186
f 181//181 187//187 186//186
f 186//186 187//187 188//188
f 188//188 187//187 189//189
f 189//189 187//187 190//190
f 190//190 187//187 191//191
f 191//191 187//187 180//180
f 187//187 181//181 180//180
f 178//178 176//176 182//182
f 188//188 192//192 186//186
f 186//186 192//192 185//185
f 192//192 188//188 193//193
f 193//193 188//188 194//194
f 188//188 189//189 194//194
f 189//189 195//195 194//194
f 195//195 196//196 194//194
f 194//194 196//196 197//197
f 196//196 198//198 197//197
f 198//198 199//199 197//197
f 199//199 200//200 197//197
f 200//200 201//201 197//197
f 197//197 201//201 193//193
f 201//201 192//192 193//193
f 194//194 197//197 193//193
f 196//196 195//195 198//198
f 198//198 195//195 202//202
f 202//202 195//195 203//203
f 203//203 195//195 204//204
f 195//195 189//189 204//204
f 204//204 189//189 205//205
f 189//189 190//190 205//205
f 190//190 206//206 205//205
f 205//205 206//206 207//207
f 206//206 208//208 207//207
f 207//207 209//209 205//205
f 205//205 209//209 204//204
f 209//209 210//210 204//204
f 204//204 210//210 203//203
f 210//210 211//211 203//203
f 203//203 211//211 202//202
f 202//202 211//211 212//212
f 211//211 213//213 212//212
f 212//212 213//213 214//214
f 214//214 213//213 215//215
f 215//215 213//213 216//216
f 216//216 213//213 217//217
f 213//213 211//211 217//217
f 217//217 211//211 218//218
f 211//211 210//210 218//218
f 218//218 210//210 219//219
f 210//210 209//209 219//219
f 219//219 209//209 220//220
f 209//209 221//221 220//220
f 220//220 221//221 222//222
f 222//222 221//221 179//179
f 221//221 223//223 179//179
f 179//179 223//223 177//177
f 209//209 207//207 221//221
f 207//207 208//208 221//221
f 221//221 208//208 223//223
f 222//222 224//224 220//220
f 220//220 224//224 219//219
f 224//224 225//225 219//219
f 219//219 225//225 218//218
f 225//225 224//224 199//199
f 199//199 224//224 200//200
f 224//224 222//222 200//200
f 200//200 222//222 201//201
f 222//222 226//226 201//201
f 201//201 226//226 227//227
f 226//226 228//228 227//227
f 227//227 228//228 192//192
f 228//228 229//229 192//192
f 192//192 229//229 185//185
f 229//229 230//230 185//185
f 185//185 230//230 184//184
f 226//226 222//222 179//179
f 227//227 192//192 201//201
f 230//230 229//229 231//231
f 229//229 228//228 231//231
f 228//228 232//232 231//231
f 232//232 233//233 231//231
f 231//231 233//233 230//230
f 233//233 234//234 230//230
f 230//230 234//234 184//184
f 234//234 235//235 184//184
f 235//235 236//236 184//184
f 236//236 237//237 184//184
f 184//184 237//237 182//182
f 237//237 238//238 182//182
f 182//182 238//238 178//178
f 238//238 239//239 178//178
f 178//178 239//239 179//179
f 179//179 239//239 226//226
f 239//239 240//240 226//226
f 226//226 240//240 228//228
f 228//228 240//240 232//232
f 240//240 241//241 232//232
f 232//232 241//241 233//233
f 241//241 242//242 233//233
f 233//233 242//242 234//234
f 242//242 243//243 234//234
f 234//234 243//243 235//235
f 243//243 244//244 235//235
f 235//235 244//244 236//236
f 244//244 245//245 236//236
f 236//236 245//245 237//237
f 245//245 246//246 237//237
f 237//237 246//246 238//238
f 246//246 247//247 238//238
f 238//238 247//247 239//239
f 239//239 247//247 240//240
f 247//247 248//248 240//240
f 240//240 248//248 241//241
f 248//248 249//249 241//241
f 241//241 249//249 242//242
f 242//242 249//249 250//250
f 250//250 249//249 251//251
f 249//249 248//248 251//251
f 251//251 248//248 252//252
f 248//248 253//253 252//252
f 252//252 253//253 245//245
f 253//253 247//247 245//245
f 245//245 247//247 246//246
f 248//248 247//247 253//253
f 252//252 245//245 254//254
f 245//245 244//244 254//254
f 254//254 244//244 255//255
f 255//255 244//244 256//256
f 244//244 243//243 256//256
f 256//256 243//243 257//257
f 243//243 258//258 257//257
f 258//258 259//259 257//257
f 259//259 260//260 257//257
f 257//257 260//260 256//256
f 260//260 261//261 256//256
f 256//256 261//261 255//255
f 255//255 261//261 262//262
f 262//262 261//261 263//263
f 261//261 260//260 263//263
f 263//263 260//260 264//264
f 260//260 265//265 264//264
f 265//265 266//266 264//264
f 264//264 266//266 267//267
f 266//266 268//268 267//267
f 268//268 269//269 267//267
f 267//267 269//269 270//270
f 269//269 271//271 270//270
f 270//270 271//271 272//272
f 271//271 269//269 272//272
f 272//272 269//269 273//273
f 269//269 268//268 273//273
f 273//273 268//268 274//274
f 268//268 266//266 274//274
f 274//274 266//266 275//275
f 266//266 265//265 275//275
f 275//275 265//265 259//259
f 265//265 260//260 259//259
f 243//243 242//242 258//258
f 264//264 267//267 263//263
f 263//263 267//267 270//270
f 275//275 259//259 276//276
f 276//276 259//259 258//258
f 276//276 277//277 275//275
f 277//277 278//278 275//275
f 275//275 278//278 274//274
f 278//278 279//279 274//274
f 274//274 279//279 273//273
f 279//279 280//280 273//273
f 273//273 280//280 272//272
f 280//280 279//279 281//281
f 279//279 278//278 281//281
f 281//281 278//278 282//282
f 282//282 278//278 283//283
f 278//278 277//277 283//283
f 283//283 277//277 284//284
f 277//277 276//276 284//284
f 284//284 276//276 285//285
f 276//276 258//258 285//285
f 285//285 258//258 286//286
f 258//258 242//242 286//286
f 286//286 287//287 285//285
f 285//285 287//287 284//284
f 287//287 288//288 284//284
f 288//288 289//289 284//284
f 284//284 289//289 283//283
f 289//289 290//290 283//283
f 290//290 291//291 283//283
f 283//283 291//291 282//282
f 291//291 292//292 282//282
f 282//282 292//292 281//281
f 292//292 293//293 281//281
f 281//281 293//293 280//280
f 293//293 294//294 280//280
f 280//280 294//294 272//272
f 294//294 295//295 272//272
f 272//272 295//295 270//270
f 270//270 295//295 263//263
f 295//295 296//296 263//263
f 263//263 296//296 262//262
f 296//296 291//291 262//262
f 262//262 291//291 255//255
f 291//291 290//290 255//255
f 255//255 290//290 254//254
f 254//254 290//290 252//252
f 252//252 290//290 297//297
f 290//290 289//289 297//297
f 289//289 288//288 297//297
f 297//297 288//288 298//298
f 288//288 287//287 298//298
f 298//298 287//287 299//299
f 287//287 286//286 299//299
f 299//299 286//286 300//300
f 300//300 286//286 301//301
f 286//286 242//242 301//301
f 242//242 250//250 301//301
f 301//301 250//250 302//302
f 302//302 250//250 303//303
f 250//250 251//251 303//303
f 303//303 251//251 304//304
f 251//251 252//252 304//304
f 252//252 297//297 304//304
f 304//304 297//297 305//305
f 297//297 306//306 305//305
f 305//305 306//306 307//307
f 307//307 306//306 308//308
f 306//306 298//298 308//308
f 308//308 298//298 309//309
f 298//298 299//299 309//309
f 309//309 299//299 310//310
f 299//299 300//300 310//310
f 310//310 300//300 311//311
f 300//300 301//301 311//311
f 301//301 302//302 311//311
f 311//311 302//302 312//312
f 312//312 302//302 313//313
f 302//302 303//303 313//313
f 313//313 303//303 305//305
f 303//303 304//304 305//305
f 294//294 293//293 295//295
f 295//295 293//293 296//296
f 293//293 292//292 296//296
f 296//296 292//292 291//291
f 298//298 306//306 297//297
f 313//313 305//305 314//314
f 305//305 307//307 314//314
f 314//314 315//315 313//313
f 313//313 315//315 312//312
f 315//315 316//316 312//312
f 316//316 317//317 312//312
f 317//317 318//318 312//312
f 312//312 318//318 311//311
f 318//318 319//319 311//311
f 319//319 320//320 311//311
f 311//311 320//320 310//310
f 320//320 321//321 310//310
f 310//310 321//321 309//309
f 309//309 321//321 322//322
f 322//322 321//321 323//323
f 321//321 320//320 323//323
f 323//323 320//320 324//324
f 320//320 319//319 324//324
f 324//324 319//319 325//325
f 319//319 326//326 325//325
f 325//325 326//326 327//327
f 327//327 326//326 328//328
f 326//326 318//318 328//328
f 328//328 318//318 317//317
f 326//326 319//319 318//318
f 314//314 329//329 315//315
f 329//329 316//316 315//315
f 324//324 325//325 330//330
f 325//325 331//331 330//330
f 330//330 331//331 332//332
f 332//332 331//331 333//333
f 331//331 327//327 333//333
f 333//333 327//327 334//334
f 327//327 328//328 334//334
f 334//334 328//328 335//335
f 328//328 336//336 335//335
f 335//335 336//336 337//337
f 337//337 336//336 338//338
f 336//336 317//317 338//338
f 338//338 317//317 339//339
f 317//317 316//316 339//339
f 339//339 316//316 340//340
f 316//316 329//329 340//340
f 340//340 329//329 341//341
f 341//341 329//329 342//342
f 329//329 314//314 342//342
f 342//342 314//314 343//343
f 314//314 307//307 343//343
f 343//343 307//307 344//344
f 307//307 308//308 344//344
f 344//344 308//308 345//345
f 345//345 308//308 346//346
f 308//308 309//309 346//346
f 346//346 309//309 347//347
f 347//347 309//309 338//338
f 309//309 322//322 338//338
f 338//338 322//322 348//348
f 322//322 323//323 348//348
f 348//348 323//323 349//349
f 323//323 330//330 349//349
f 349//349 330//330 332//332
f 327//327 331//331 325//325
f 330//330 323//323 324//324
f 328//328 317//317 336//336
f 345//345 346//346 347//347
f 338//338 348//348 337//337
f 337//337 348//348 350//350
f 348//348 349//349 350//350
f 350//350 351//351 337//337
f 337//337 351//351 335//335
f 351//351 352//352 335//335
f 335//335 352//352 334//334
f 334//334 352//352 333//333
f 352//352 353//353 333//333
f 333//333 353//353 332//332
f 332//332 353//353 349//349
f 349//349 353//353 350//350
f 353//353 354//354 350//350
f 350//350 354//354 355//355
f 354//354 352//352 355//355
f 352//352 351//351 355//355
f 355//355 351//351 350//350
f 354//354 353//353 352//352
f 338//338 339//339 347//347
f 339//339 356//356 347//347
f 347//347 356//356 345//345
f 356//356 357//357 345//345
f 357//357 358//358 345//345
f 358//358 359//359 345//345
f 345//345 359//359 344//344
f 344//344 359//359 343//343
f 359//359 360//360 343//343
f 343//343 360//360 361//361
f 361//361 360//360 362//362
f 360//360 359//359 362//362
f 362//362 359//359 363//363
f 359//359 358//358 363//363
f 358//358 357//357 363//363
f 363//363 357//357 364//364
f 364//364 357//357 365//365
f 357//357 356//356 365//365
f 356//356 339//339 365//365
f 339//339 340//340 365//365
f 365//365 340//340 366//366
f 340//340 367//367 366//366
f 366//366 367//367 368//368
f 367//367 361//361 368//368
f 361//361 362//362 368//368
f 368//368 362//362 364//364
f 362//362 363//363 364//364
f 343//343 361//361 342//342
f 361//361 367//367 342//342
f 342//342 367//367 341//341
f 367//367 340//340 341//341
f 368//368 364//364 366//366
f 364//364 365//365 366//366
f 31//31 14//14 369//369
f 14//14 40//40 369//369
f 369//369 40//40 370//370
f 40//40 38//38 370//370
f 38//38 37//37 370//370
f 37//37 371//371 370//370
f 371//371 372//372 370//370
f 370//370 372//372 369//369
f 372//372 373//373 369//369
f 369//369 373//373 31//31
f 31//31 373//373 32//32
f 32//32 373//373 33//33
f 373//373 374//374 33//33
f 33//33 374//374 34//34
f 374//374 375//375 34//34
f 34//34 375//375 35//35
f 375//375 376//376 35//35
f 376//376 377//377 35//35
f 35//35 377//377 36//36
f 377//377 378//378 36//36
f 36//36 378//378 37//37
f 375//375 374//374 376//376
f 374//374 379//379 376//376
f 376//376 379//379 380//380
f 379//379 381//381 380//380
f 380//380 381//381 382//382
f 381//381 383//383 382//382
f 382//382 383//383 384//384
f 376//376 385//385 377//377
f 385//385 386//386 377//377
f 386//386 387//387 377//377
f 377//377 387//387 378//378
f 376//376 380//380 385//385
f 385//385 380//380 382//382
f 383//383 381//381 388//388
f 388//388 381//381 389//389
f 381//381 379//379 389//389
f 379//379 390//390 389//389
f 390//390 391//391 389//389
f 389//389 391//391 388//388
f 391//391 392//392 388//388
f 392//392 393//393 388//388
f 388//388 393//393 383//383
f 383//383 393//393 384//384
f 393//393 394//394 384//384
f 394//394 395//395 384//384
f 384//384 395//395 382//382
f 395//395 396//396 382//382
f 382//382 396//396 385//385
f 396//396 397//397 385//385
f 385//385 397//397 386//386
f 396//396 395//395 397//397
f 397//397 395//395 398//398
f 395//395 394//394 398//398
f 398//398 394//394 399//399
f 394//394 393//393 399//399
f 399//399 393//393 400//400
f 393//393 392//392 400//400
f 392//392 401//401 400//400
f 400//400 401//401 399//399
f 401//401 402//402 399//399
f 399//399 402//402 398//398
f 398//398 402//402 397//397
f 402//402 403//403 397//397
f 397//397 403//403 386//386
f 386//386 403//403 387//387
f 387//387 403//403 404//404
f 403//403 405//405 404//404
f 404//404 405//405 391//391
f 391//391 405//405 392//392
f 392//392 405//405 401//401
f 401//401 405//405 402//402
f 405//405 403//403 402//402
f 391//391 390//390 404//404
f 390//390 406//406 404//404
f 406//406 407//407 404//404
f 404//404 407//407 387//387
f 387//387 407//407 378//378
f 407//407 408//408 378//378
f 378//378 408//408 409//409
f 409//409 408//408 410//410
f 408//408 407//407 410//410
f 410//410 407//407 411//411
f 411//411 407//407 412//412
f 407//407 406//406 412//412
f 412//412 406//406 413//413
f 406//406 379//379 413//413
f 413//413 379//379 414//414
f 379//379 374//374 414//414
f 414//414 374//374 415//415
f 374//374 373//373 415//415
f 373//373 372//372 415//415
f 415//415 372//372 416//416
f 372//372 371//371 416//416
f 371//371 37//37 416//416
f 416//416 37//37 409//409
f 37//37 378//378 409//409
f 390//390 379//379 406//406
f 415//415 416//416 417//417
f 417//417 416//416 418//418
f 416//416 409//409 418//418
f 415//415 417//417 414//414
f 417//417 419//419 414//414
f 414//414 419//419 413//413
f 419//419 420//420 413//413
f 413//413 420//420 412//412
f 420//420 421//421 412//412
f 412//412 421//421 411//411
f 419//419 417//417 422//422
f 422//422 417//417 418//418
f 422//422 423//423 419//419
f 419//419 423//423 420//420
f 423//423 424//424 420//420
f 420//420 424//424 421//421
f 424//424 425//425 421//421
f 421//421 425//425 426//426
f 425//425 427//427 426//426
f 426//426 427//427 418//418
f 418//418 427//427 422//422
f 427//427 425//425 422//422
f 422//422 425//425 423//423
f 425//425 424//424 423//423
f 418//418 409//409 426//426
f 409//409 410//410 426//426
f 426//426 410//410 428//428
f 410//410 411//411 428//428
f 411//411 421//421 428//428
f 428//428 421//421 426//426
f 429//429 431//431 430//430
f 430//430 431//431 432//432
f 431//431 433//433 432//432
f 433//433 434//434 432//432
f 432//432 434//434 435//435
f 435//435 434//434 436//436
f 434//434 437//437 436//436
f 436//436 437//437 438//438
f 437//437 439//439 438//438
f 438//438 439//439 440//440
f 439//439 441//441 440//440
f 441//441 442//442 440//440
f 440//440 442//442 443//443
f 442//442 444//444 443//443
f 443//443 444//444 429//429
f 444//444 445//445 429//429
f 445//445 446//446 429//429
f 429//429 446//446 431//431
f 446//446 447//447 431//431
f 431//431 447//447 433//433
f 447//447 448//448 433//433
f 433//433 448//448 434//434
f 442//442 449//449 444//444
f 444//444 449//449 445//445
f 448//448 447//447 450//450
f 450//450 447//447 451//451
f 447//447 446//446 451//451
f 451//451 452//452 450//450
f 450//450 452//452 448//448
f 452//452 453//453 448//448
f 448//448 453//453 454//454
f 454//454 453//453 455//455
f 453//453 456//456 455//455
f 455//455 456//456 457//457
f 457//457 456//456 458//458
f 458//458 456//456 459//459
f 456//456 452//452 459//459
f 459//459 452//452 451//451
f 448//448 454//454 434//434
f 453//453 452//452 456//456
f 457//457 460//460 455//455
f 455//455 460//460 461//461
f 460//460 462//462 461//461
f 461//461 462//462 463//463
f 463//463 462//462 464//464
f 464//464 462//462 465//465
f 462//462 460//460 465//465
f 465//465 460//460 457//457
f 455//455 461//461 454//454
f 454//454 461//461 466//466
f 466//466 461//461 467//467
f 467//467 461//461 468//468
f 468//468 461//461 469//469
f 469//469 461//461 470//470
f 461//461 463//463 470//470
f 466//466 471//471 454//454
f 454//454 471//471 434//434
f 471//471 472//472 434//434
f 434//434 472//472 437//437
f 472//472 473//473 437//437
f 437//437 473//473 439//439
f 473//473 472//472 474//474
f 472//472 471//471 474//474
f 474//474 471//471 475//475
f 471//471 466//466 475//475
f 475//475 466//466 476//476
f 466//466 467//467 476//476
f 476//476 467//467 477//477
f 467//467 468//468 477//477
f 477//477 468//468 478//478
f 468//468 479//479 478//478
f 478//478 479//479 480//480
f 480//480 479//479 481//481
f 479//479 468//468 481//481
f 481//481 468//468 469//469
f 480//480 482//482 478//478
f 478//478 482//482 477//477
f 482//482 483//483 477//477
f 477//477 483//483 476//476
f 483//483 484//484 476//476
f 484//484 485//485 476//476
f 476//476 485//485 475//475
f 475//475 485//485 474//474
f 485//485 486//486 474//474
f 486//486 487//487 474//474
f 474//474 487//487 473//473
f 487//487 488//488 473//473
f 473//473 488//488 439//439
f 488//488 489//489 439//439
f 439//439 489//489 441//441
f 489//489 490//490 441//441
f 441//441 490//490 442//442
f 490//490 491//491 442//442
f 442//442 491//491 492//492
f 491//491 493//493 492//492
f 493//493 494//494 492//492
f 494//494 495//495 492//492
f 492//492 495//495 449//449
f 495//495 496//496 449//449
f 449//449 496//496 445//445
f 496//496 497//497 445//445
f 497//497 498//498 445//445
f 445//445 498//498 446//446
f 498//498 499//499 446//446
f 446//446 499//499 451//451
f 492//492 449//449 442//442
f 493//493 491//491 490//490
f 499//499 498//498 487//487
f 487//487 498//498 497//497
f 487//487 486//486 499//499
f 486//486 485//485 499//499
f 499//499 485//485 500//500
f 485//485 484//484 500//500
f 500//500 484//484 451//451
f 451//451 484//484 459//459
f 459//459 484//484 501//501
f 484//484 502//502 501//501
f 501//501 502//502 503//503
f 502//502 504//504 503//503
f 503//503 504//504 505//505
f 504//504 482//482 505//505
f 505//505 482//482 506//506
f 482//482 480//480 506//506
f 506//506 480//480 507//507
f 507//507 480//480 508//508
f 480//480 481//481 508//508
f 508//508 481//481 509//509
f 481//481 469//469 509//509
f 482//482 504//504 483//483
f 504//504 502//502 483//483
f 483//483 502//502 484//484
f 451//451 499//499 500//500
f 505//505 506//506 503//503
f 506//506 507//507 503//503
f 503//503 507//507 510//510
f 507//507 508//508 510//510
f 508//508 509//509 510//510
f 510//510 509//509 511//511
f 511//511 509//509 512//512
f 509//509 469//469 512//512
f 469//469 470//470 512//512
f 512//512 470//470 513//513
f 470//470 463//463 513//513
f 513//513 463//463 514//514
f 463//463 464//464 514//514
f 514//514 464//464 515//515
f 464//464 465//465 515//515
f 465//465 516//516 515//515
f 515//515 516//516 517//517
f 517//517 516//516 518//518
f 518//518 516//516 519//519
f 516//516 465//465 519//519
f 519//519 465//465 520//520
f 465//465 457//457 520//520
f 520//520 457//457 521//521
f 457//457 458//458 521//521
f 521//521 458//458 511//511
f 458//458 459//459 511//511
f 511//511 459//459 510//510
f 459//459 501//501 510//510
f 510//510 501//501 503//503
f 517//517 514//514 515//515
f 520//520 521//521 519//519
f 521//521 522//522 519//519
f 522//522 523//523 519//519
f 519//519 523//523 518//518
f 523//523 524//524 518//518
f 518//518 524//524 517//517
f 524//524 525//525 517//517
f 517//517 525//525 514//514
f 525//525 526//526 514//514
f 514//514 526//526 513//513
f 521//521 511//511 527//527
f 527//527 511//511 512//512
f 521//521 527//527 522//522
f 522//522 527//527 528//528
f 527//527 529//529 528//528
f 528//528 529//529 530//530
f 529//529 526//526 530//530
f 526//526 525//525 530//530
f 525//525 524//524 530//530
f 530//530 524//524 528//528
f 524//524 523//523 528//528
f 528//528 523//523 522//522
f 526//526 529//529 513//513
f 513//513 529//529 512//512
f 529//529 527//527 512//512
f 531//531 532//532 533//533
f 532//532 534//534 533//533
f 533//533 534//534 535//535
f 531//531 533//533 536//536
f 533//533 537//537 536//536
f 537//537 538//538 536//536
f 536//536 538//538 539//539
f 538//538 540//540 539//539
f 539//539 540//540 541//541
f 541//541 540//540 542//542
f 540//540 543//543 542//542
f 543//543 544//544 542//542
f 544//544 545//545 542//542
f 542//542 545//545 546//546
f 546//546 545//545 547//547
f 545//545 548//548 547//547
f 547//547 548//548 534//534
f 548//548 549//549 534//534
f 534//534 549//549 550//550
f 549//549 551//551 550//550
f 550//550 551//551 552//552
f 551//551 553//553 552//552
f 553//553 554//554 552//552
f 554//554 555//555 552//552
f 552//552 555//555 556//556
f 555//555 557//557 556//556
f 556//556 557//557 535//535
f 557//557 558//558 535//535
f 558//558 559//559 535//535
f 535//535 559//559 533//533
f 533//533 559//559 537//537
f 559//559 560//560 537//537
f 537//537 560//560 538//538
f 560//560 561//561 538//538
f 538//538 561//561 540//540
f 547//547 534//534 532//532
f 534//534 550//550 535//535
f 550//550 552//552 535//535
f 535//535 552//552 556//556
f 560//560 562//562 561//561
f 562//562 563//563 561//561
f 561//561 563//563 540//540
f 563//563 564//564 540//540
f 540//540 564//564 565//565
f 564//564 566//566 565//565
f 566//566 555//555 565//565
f 565//565 555//555 543//543
f 555//555 567//567 543//543
f 543//543 567//567 544//544
f 540//540 565//565 543//543
f 555//555 554//554 567//567
f 567//567 554//554 568//568
f 554//554 569//569 568//568
f 568//568 569//569 570//570
f 569//569 553//553 570//570
f 570//570 553//553 571//571
f 553//553 551//551 571//571
f 571//571 551//551 572//572
f 572//572 551//551 573//573
f 551//551 549//549 573//573
f 549//549 548//548 573//573
f 573//573 548//548 574//574
f 574//574 548//548 575//575
f 575//575 548//548 576//576
f 548//548 545//545 576//576
f 545//545 544//544 576//576
f 576//576 544//544 577//577
f 544//544 567//567 577//577
f 567//567 578//578 577//577
f 577//577 578//578 576//576
f 576//576 578//578 575//575
f 578//578 579//579 575//575
f 579//579 580//580 575//575
f 575//575 580//580 574//574
f 574//574 580//580 573//573
f 580//580 581//581 573//573
f 573//573 581//581 572//572
f 572//572 581//581 582//582
f 581//581 580//580 582//582
f 582//582 580//580 583//583
f 583//583 580//580 584//584
f 580//580 579//579 584//584
f 584//584 579//579 585//585
f 579//579 578//578 585//585
f 585//585 578//578 586//586
f 578//578 568//568 586//586
f 568//568 570//570 586//586
f 586//586 570//570 587//587
f 570//570 571//571 587//587
f 587//587 571//571 588//588
f 571//571 572//572 588//588
f 588//588 572//572 589//589
f 572//572 582//582 589//589
f 569//569 554//554 553//553
f 578//578 567//567 568//568
f 589//589 590//590 588//588
f 588//588 590//590 587//587
f 587//587 590//590 591//591
f 591//591 590//590 592//592
f 590//590 593//593 592//592
f 592//592 593//593 594//594
f 594//594 593//593 595//595
f 595//595 593//593 596//596
f 593//593 589//589 596//596
f 596//596 589//589 582//582
f 593//593 590//590 589//589
f 594//594 597//597 592//592
f 597//597 598//598 592//592
f 592//592 598//598 591//591
f 598//598 599//599 591//591
f 591//591 599//599 600//600
f 600//600 599//599 601//601
f 599//599 602//602 601//601
f 601//601 602//602 603//603
f 602//602 604//604 603//603
f 603//603 604//604 605//605
f 605//605 604//604 606//606
f 604//604 607//607 606//606
f 606//606 607//607 608//608
f 608//608 607//607 609//609
f 607//607 598//598 609//609
f 609//609 598//598 610//610
f 598//598 597//597 610//610
f 600//600 587//587 591//591
f 599//599 598//598 602//602
f 598//598 607//607 602//602
f 602//602 607//607 604//604
f 610//610 611//611 609//609
f 609//609 611//611 612//612
f 611//611 613//613 612//612
f 613//613 614//614 612//612
f 614//614 615//615 612//612
f 612//612 615//615 608//608
f 615//615 606//606 608//608
f 608//608 609//609 612//612
f 613//613 611//611 616//616
f 611//611 610//610 616//616
f 616//616 610//610 617//617
f 610//610 597//597 617//617
f 613//613 616//616 618//618
f 616//616 619//619 618//618
f 618//618 619//619 620//620
f 620//620 619//619 621//621
f 621//621 619//619 622//622
f 619//619 623//623 622//622
f 622//622 623//623 624//624
f 624//624 623//623 617//617
f 617//617 623//623 616//616
f 623//623 619//619 616//616
f 618//618 625//625 613//613
f 625//625 614//614 613//613
f 618//618 620//620 625//625
f 620//620 626//626 625//625
f 626//626 627//627 625//625
f 625//625 627//627 614//614
f 614//614 627//627 615//615
f 615//615 627//627 628//628
f 627//627 626//626 628//628
f 628//628 626//626 629//629
f 626//626 630//630 629//629
f 629//629 630//630 631//631
f 630//630 622//622 631//631
f 631//631 622//622 624//624
f 622//622 630//630 621//621
f 630//630 626//626 621//621
f 621//621 626//626 620//620
f 628//628 629//629 615//615
f 615//615 629//629 606//606
f 629//629 631//631 606//606
f 606//606 631//631 605//605
f 631//631 624//624 605//605
f 605//605 624//624 603//603
f 603//603 624//624 632//632
f 632//632 624//624 633//633
f 624//624 617//617 633//633
f 633//633 617//617 634//634
f 617//617 597//597 634//634
f 634//634 597//597 635//635
f 597//597 594//594 635//635
f 635//635 594//594 636//636
f 594//594 595//595 636//636
f 636//636 637//637 635//635
f 635//635 637//637 634//634
f 637//637 638//638 634//634
f 634//634 638//638 633//633
f 638//638 637//637 639//639
f 639//639 637//637 640//640
f 637//637 636//636 640//640
f 640//640 641//641 639//639
f 639//639 641//641 638//638
f 641//641 642//642 638//638
f 638//638 642//642 643//643
f 642//642 644//644 643//643
f 644//644 645//645 643//643
f 645//645 646//646 643//643
f 643//643 646//646 633//633
f 646//646 632//632 633//633
f 643//643 633//633 638//638
f 644//644 642//642 647//647
f 642//642 641//641 647//647
f 647//647 641//641 648//648
f 641//641 640//640 648//648
f 648//648 640//640 649//649
f 640//640 636//636 649//649
f 649//649 636//636 650//650
f 636//636 595//595 650//650
f 650//650 595//595 651//651
f 651//651 595//595 652//652
f 595//595 596//596 652//652
f 596//596 582//582 652//652
f 652//652 582//582 653//653
f 582//582 583//583 653//653
f 653//653 583//583 654//654
f 583//583 584//584 654//654
f 654//654 584//584 655//655
f 584//584 656//656 655//655
f 655//655 656//656 657//657
f 657//657 656//656 658//658
f 656//656 587//587 658//658
f 658//658 587//587 600//600
f 584//584 585//585 656//656
f 585//585 586//586 656//656
f 656//656 586//586 587//587
f 657//657 659//659 655//655
f 655//655 659//659 660//660
f 659//659 661//661 660//660
f 660//660 661//661 662//662
f 661//661 663//663 662//662
f 663//663 664//664 662//662
f 662//662 664//664 654//654
f 654//654 664//664 653//653
f 664//664 665//665 653//653
f 665//665 666//666 653//653
f 653//653 666//666 652//652
f 666//666 667//667 652//652
f 667//667 668//668 652//652
f 652//652 668//668 651//651
f 668//668 669//669 651//651
f 651//651 669//669 650//650
f 669//669 670//670 650//650
f 650//650 670//670 649//649
f 670//670 671//671 649//649
f 649//649 671//671 672//672
f 671//671 673//673 672//672
f 672//672 673//673 648//648
f 648//648 673//673 647//647
f 647//647 673//673 644//644
f 673//673 674//674 644//644
f 644//644 674//674 645//645
f 674//674 675//675 645//645
f 645//645 675//675 676//676
f 675//675 671//671 676//676
f 671//671 670//670 676//676
f 676//676 670//670 669//669
f 655//655 660//660 654//654
f 654//654 660//660 662//662
f 672//672 648//648 649//649
f 674//674 673//673 675//675
f 673//673 671//671 675//675
f 645//645 676//676 646//646
f 646//646 676//676 632//632
f 676//676 677//677 632//632
f 632//632 677//677 603//603
f 677//677 669//669 603//603
f 669//669 668//668 603//603
f 603//603 668//668 601//601
f 668//668 678//678 601//601
f 601//601 678//678 600//600
f 678//678 679//679 600//600
f 600//600 679//679 658//658
f 676//676 669//669 677//677
f 668//668 667//667 678//678
f 667//667 680//680 678//678
f 678//678 680//680 679//679
f 680//680 681//681 679//679
f 679//679 681//681 658//658
f 681//681 682//682 658//658
f 658//658 682//682 657//657
f 657//657 682//682 659//659
f 682//682 683//683 659//659
f 659//659 683//683 661//661
f 683//683 684//684 661//661
f 661//661 684//684 663//663
f 684//684 685//685 663//663
f 685//685 686//686 663//663
f 663//663 686//686 664//664
f 686//686 687//687 664//664
f 664//664 687//687 665//665
f 687//687 688//688 665//665
f 688//688 689//689 665//665
f 665//665 689//689 680//680
f 689//689 681//681 680//680
f 667//667 666//666 680//680
f 666//666 665//665 680//680
f 688//688 687//687 690//690
f 687//687 686//686 690//690
f 690//690 686//686 691//691
f 686//686 685//685 691//691
f 691//691 685//685 692//692
f 685//685 684//684 692//692
f 684//684 693//693 692//692
f 692//692 693//693 694//694
f 693//693 695//695 694//694
f 694//694 695//695 691//691
f 691//691 695//695 690//690
f 695//695 696//696 690//690
f 690//690 696//696 688//688
f 696//696 697//697 688//688
f 697//697 698//698 688//688
f 688//688 698//698 689//689
f 689//689 698//698 681//681
f 681//681 698//698 682//682
f 698//698 699//699 682//682
f 682//682 699//699 683//683
f 699//699 700//700 683//683
f 683//683 700//700 701//701
f 700//700 702//702 701//701
f 701//701 702//702 684//684
f 684//684 702//702 693//693
f 702//702 703//703 693//693
f 693//693 703//703 695//695
f 692//692 694//694 691//691
f 699//699 698//698 700//700
f 698//698 697//697 700//700
f 700//700 697//697 703//703
f 697//697 696//696 703//703
f 703//703 696//696 704//704
f 696//696 695//695 704//704
f 704//704 695//695 703//703
f 701//701 684//684 683//683
f 703//703 702//702 705//705
f 702//702 700//700 705//705
f 705//705 700//700 703//703
f 706//706 708//708 707//707
f 708//708 709//709 707//707
f 709//709 710//710 707//707
f 710//710 711//711 707//707
f 707//707 711//711 712//712
f 711//711 713//713 712//712
f 713//713 714//714 712//712
f 712//712 714//714 715//715
f 714//714 716//716 715//715
f 715//715 716//716 708//708
f 716//716 717//717 708//708
f 708//708 717//717 709//709
f 717//717 718//718 709//709
f 718//718 719//719 709//709
f 709//709 719//719 710//710
f 719//719 720//720 710//710
f 710//710 720//720 711//711
f 711//711 720//720 721//721
f 720//720 719//719 721//721
f 721//721 719//719 722//722
f 719//719 718//718 722//722
f 722//722 718//718 723//723
f 718//718 717//717 723//723
f 723//723 717//717 724//724
f 717//717 716//716 724//724
f 708//708 706//706 715//715
f 706//706 707//707 715//715
f 715//715 707//707 712//712
f 722//722 723//723 725//725
f 725//725 723//723 726//726
f 723//723 724//724 726//726
f 722//722 725//725 721//721
f 725//725 727//727 721//721
f 727//727 728//728 721//721
f 721//721 728//728 711//711
f 711//711 728//728 713//713
f 728//728 729//729 713//713
f 713//713 729//729 714//714
f 714//714 729//729 716//716
f 729//729 730//730 716//716
f 716//716 730//730 724//724
f 730//730 731//731 724//724
f 724//724 731//731 726//726
f 731//731 732//732 726//726
f 726//726 732//732 725//725
f 732//732 733//733 725//725
f 725//725 733//733 734//734
f 733//733 735//735 734//734
f 734//734 735//735 736//736
f 735//735 737//737 736//736
f 736//736 737//737 738//738
f 738//738 737//737 739//739
f 737//737 740//740 739//739
f 739//739 740//740 741//741
f 741//741 740//740 742//742
f 740//740 743//743 742//742
f 742//742 743//743 744//744
f 743//743 732//732 744//744
f 732//732 731//731 744//744
f 731//731 745//745 744//744
f 745//745 746//746 744//744
f 744//744 746//746 742//742
f 746//746 747//747 742//742
f 742//742 747//747 741//741
f 747//747 748//748 741//741
f 748//748 749//749 741//741
f 741//741 749//749 739//739
f 749//749 750//750 739//739
f 739//739 750//750 738//738
f 725//725 734//734 727//727
f 733//733 732//732 735//735
f 732//732 743//743 735//735
f 735//735 743//743 737//737
f 743//743 740//740 737//737
f 750//750 749//749 751//751
f 749//749 748//748 751//751
f 751//751 748//748 752//752
f 748//748 747//747 752//752
f 747//747 746//746 752//752
f 752//752 746//746 753//753
f 746//746 754//754 753//753
f 753//753 754//754 755//755
f 755//755 754//754 756//756
f 756//756 754//754 730//730
f 730//730 754//754 731//731
f 731//731 754//754 745//745
f 754//754 746//746 745//745
f 752//752 753//753 751//751
f 753//753 757//757 751//751
f 751//751 757//757 758//758
f 757//757 759//759 758//758
f 758//758 759//759 738//738
f 738//738 759//759 736//736
f 736//736 759//759 734//734
f 759//759 760//760 734//734
f 734//734 760//760 727//727
f 727//727 760//760 761//761
f 760//760 756//756 761//761
f 761//761 756//756 762//762
f 762//762 756//756 562//562
f 756//756 730//730 562//562
f 562//562 730//730 563//563
f 730//730 729//729 563//563
f 729//729 763//763 563//563
f 563//563 763//763 564//564
f 564//564 763//763 764//764
f 763//763 729//729 764//764
f 753//753 755//755 757//757
f 757//757 755//755 759//759
f 759//759 755//755 760//760
f 755//755 756//756 760//760
f 751//751 758//758 750//750
f 758//758 738//738 750//750
f 564//564 764//764 566//566
f 764//764 765//765 566//566
f 765//765 557//557 566//566
f 566//566 557//557 555//555
f 557//557 765//765 558//558
f 558//558 765//765 766//766
f 765//765 767//767 766//766
f 766//766 767//767 727//727
f 727//727 767//767 728//728
f 728//728 767//767 729//729
f 729//729 767//767 764//764
f 767//767 765//765 764//764
f 558//558 766//766 559//559
f 766//766 768//768 559//559
f 559//559 768//768 560//560
f 768//768 769//769 560//560
f 560//560 769//769 762//762
f 762//762 769//769 761//761
f 761//761 769//769 727//727
f 727//727 769//769 766//766
f 769//769 768//768 766//766
f 762//762 562//562 560//560
f 770//770 772//772 771//771
f 772//772 773//773 771//771
f 771//771 773//773 774//774
f 773//773 775//775 774//774
f 775//775 776//776 774//774
f 776//776 777//777 774//774
f 774//774 777//777 771//771
f 777//777 770//770 771//771
f 775//775 773//773 778//778
f 773//773 772//772 778//778
f 778//778 772//772 779//779
f 772//772 770//770 779//779
f 779//779 780//780 778//778
f 780//780 781//781 778//778
f 778//778 781//781 775//775
f 781//781 198//198 775//775
f 198//198 202//202 775//775
f 775//775 202//202 776//776
f 202//202 782//782 776//776
f 782//782 783//783 776//776
f 776//776 783//783 777//777
f 783//783 784//784 777//777
f 777//777 784//784 785//785
f 784//784 786//786 785//785
f 785//785 786//786 770//770
f 770//770 786//786 779//779
f 786//786 787//787 779//779
f 779//779 787//787 780//780
f 787//787 788//788 780//780
f 780//780 788//788 781//781
f 781//781 788//788 198//198
f 788//788 225//225 198//198
f 198//198 225//225 199//199
f 212//212 782//782 202//202
f 770//770 777//777 785//785
f 225//225 788//788 789//789
f 788//788 787//787 789//789
f 787//787 786//786 789//789
f 789//789 786//786 790//790
f 786//786 784//784 790//790
f 790//790 784//784 791//791
f 784//784 783//783 791//791
f 791//791 783//783 792//792
f 783//783 782//782 792//792
f 792//792 782//782 793//793
f 782//782 794//794 793//793
f 793//793 794//794 795//795
f 795//795 794//794 796//796
f 794//794 212//212 796//796
f 796//796 212//212 214//214
f 789//789 790//790 225//225
f 225//225 790//790 218//218
f 794//794 782//782 212//212
f 795//795 797//797 793//793
f 797//797 792//792 793//793
f 797//797 795//795 798//798
f 795//795 796//796 798//798
f 798//798 796//796 799//799
f 799//799 796//796 800//800
f 796//796 214//214 800//800
f 214//214 215//215 800//800
f 800//800 215//215 801//801
f 215//215 216//216 801//801
f 216//216 802//802 801//801
f 801//801 802//802 803//803
f 802//802 804//804 803//803
f 804//804 805//805 803//803
f 803//803 805//805 800//800
f 805//805 806//806 800//800
f 800//800 806//806 799//799
f 799//799 806//806 798//798
f 798//798 806//806 807//807
f 806//806 805//805 807//807
f 805//805 804//804 807//807
f 807//807 804//804 808//808
f 804//804 802//802 808//808
f 808//808 802//802 809//809
f 802//802 216//216 809//809
f 800//800 801//801 803//803
f 809//809 810//810 808//808
f 808//808 810//810 807//807
f 810//810 811//811 807//807
f 807//807 811//811 798//798
f 798//798 811//811 797//797
f 811//811 810//810 797//797
f 797//797 810//810 812//812
f 810//810 809//809 812//812
f 812//812 809//809 813//813
f 809//809 216//216 813//813
f 216//216 217//217 813//813
f 217//217 218//218 813//813
f 218//218 790//790 813//813
f 790//790 791//791 813//813
f 813//813 791//791 814//814
f 791//791 792//792 814//814
f 814//814 792//792 812//812
f 792//792 797//797 812//812
f 813//813 814//814 812//812
f 815//815 817//817 816//816
f 817//817 818//818 816//816
f 818//818 819//819 816//816
f 819//819 820//820 816//816
f 820//820 821//821 816//816
f 821//821 822//822 816//816
f 816//816 822//822 815//815
f 822//822 823//823 815//815
f 815//815 823//823 817//817
f 823//823 824//824 817//817
f 817//817 824//824 818//818
f 824//824 825//825 818//818
f 818//818 825//825 819//819
f 825//825 826//826 819//819
f 819//819 826//826 820//820
f 826//826 827//827 820//820
f 827//827 828//828 820//820
f 820//820 828//828 821//821
f 828//828 829//829 821//821
f 821//821 829//829 822//822
f 829//829 830//830 822//822
f 822//822 830//830 823//823
f 830//830 831//831 823//823
f 823//823 831//831 832//832
f 831//831 833//833 832//832
f 832//832 833//833 824//824
f 833//833 834//834 824//824
f 824//824 834//834 825//825
f 834//834 835//835 825//825
f 825//825 835//835 836//836
f 835//835 837//837 836//836
f 836//836 837//837 838//838
f 837//837 839//839 838//838
f 829//829 831//831 830//830
f 823//823 832//832 824//824
f 825//825 836//836 826//826
f 836//836 838//838 826//826
f 826//826 838//838 827//827
f 827//827 838//838 840//840
f 840//840 838//838 841//841
f 838//838 839//839 841//841
f 841//841 839//839 842//842
f 839//839 837//837 842//842
f 842//842 837//837 843//843
f 843//843 837//837 844//844
f 837//837 835//835 844//844
f 827//827 840//840 828//828
f 840//840 845//845 828//828
f 828//828 845//845 829//829
f 829//829 845//845 831//831
f 845//845 846//846 831//831
f 831//831 846//846 833//833
f 846//846 845//845 847//847
f 845//845 840//840 847//847
f 847//847 840//840 848//848
f 848//848 840//840 849//849
f 849//849 840//840 850//850
f 840//840 841//841 850//850
f 850//850 841//841 851//851
f 851//851 841//841 852//852
f 852//852 841//841 853//853
f 841//841 842//842 853//853
f 853//853 842//842 854//854
f 854//854 842//842 855//855
f 842//842 843//843 855//855
f 855//855 843//843 856//856
f 843//843 844//844 856//856
f 846//846 847//847 857//857
f 847//847 848//848 857//857
f 856//856 858//858 855//855
f 858//858 859//859 855//855
f 855//855 859//859 854//854
f 859//859 860//860 854//854
f 854//854 860//860 853//853
f 860//860 861//861 853//853
f 853//853 861//861 852//852
f 861//861 860//860 862//862
f 860//860 859//859 862//862
f 862//862 859//859 863//863
f 859//859 858//858 863//863
f 863//863 858//858 864//864
f 858//858 856//856 864//864
f 864//864 856//856 865//865
f 865//865 856//856 866//866
f 856//856 844//844 866//866
f 866//866 844//844 867//867
f 844//844 835//835 867//867
f 867//867 835//835 868//868
f 835//835 834//834 868//868
f 864//864 865//865 863//863
f 865//865 869//869 863//863
f 863//863 869//869 870//870
f 869//869 862//862 870//870
f 870//870 862//862 863//863
f 867//867 868//868 866//866
f 866//866 868//868 871//871
f 868//868 872//872 871//871
f 871//871 872//872 869//869
f 872//872 861//861 869//869
f 869//869 861//861 862//862
f 866//866 871//871 865//865
f 865//865 871//871 869//869
f 861//861 872//872 852//852
f 852//852 872//872 851//851
f 872//872 873//873 851//851
f 851//851 873//873 874//874
f 873//873 868//868 874//874
f 868//868 834//834 874//874
f 874//874 834//834 875//875
f 875//875 834//834 876//876
f 834//834 833//833 876//876
f 876//876 833//833 877//877
f 833//833 846//846 877//877
f 877//877 846//846 878//878
f 846//846 857//857 878//878
f 872//872 868//868 873//873
f 878//878 879//879 877//877
f 877//877 879//879 876//876
f 879//879 880//880 876//876
f 880//880 881//881 876//876
f 876//876 881//881 875//875
f 881//881 882//882 875//875
f 875//875 882//882 874//874
f 882//882 850//850 874//874
f 874//874 850//850 851//851
f 850//850 882//882 849//849
f 849//849 882//882 883//883
f 882//882 884//884 883//883
f 883//883 884//884 885//885
f 884//884 881//881 885//885
f 885//885 881//881 886//886
f 881//881 880//880 886//886
f 880//880 887//887 886//886
f 887//887 888//888 886//886
f 886//886 888//888 889//889
f 888//888 890//890 889//889
f 890//890 891//891 889//889
f 891//891 892//892 889//889
f 889//889 892//892 885//885
f 885//885 892//892 883//883
f 892//892 848//848 883//883
f 883//883 848//848 849//849
f 882//882 881//881 884//884
f 885//885 886//886 889//889
f 848//848 892//892 893//893
f 892//892 891//891 893//893
f 893//893 891//891 894//894
f 891//891 895//895 894//894
f 894//894 895//895 896//896
f 896//896 895//895 897//897
f 897//897 895//895 898//898
f 895//895 891//891 898//898
f 898//898 891//891 899//899
f 899//899 891//891 900//900
f 891//891 901//901 900//900
f 901//901 902//902 900//900
f 902//902 903//903 900//900
f 903//903 904//904 900//900
f 900//900 904//904 899//899
f 899//899 904//904 898//898
f 898//898 904//904 905//905
f 905//905 904//904 906//906
f 904//904 903//903 906//906
f 906//906 903//903 907//907
f 903//903 908//908 907//907
f 907//907 908//908 880//880
f 908//908 887//887 880//880
f 848//848 893//893 857//857
f 893//893 909//909 857//857
f 857//857 909//909 878//878
f 909//909 910//910 878//878
f 910//910 911//911 878//878
f 878//878 911//911 879//879
f 879//879 911//911 880//880
f 880//880 911//911 907//907
f 911//911 906//906 907//907
f 893//893 894//894 909//909
f 894//894 912//912 909//909
f 909//909 912//912 910//910
f 912//912 913//913 910//910
f 910//910 913//913 914//914
f 914//914 913//913 915//915
f 915//915 913//913 896//896
f 896//896 913//913 894//894
f 913//913 912//912 894//894
f 914//914 916//916 910//910
f 910//910 916//916 911//911
f 911//911 916//916 906//906
f 916//916 917//917 906//906
f 906//906 917//917 905//905
f 917//917 918//918 905//905
f 918//918 919//919 905//905
f 905//905 919//919 898//898
f 919//919 920//920 898//898
f 898//898 920//920 897//897
f 920//920 921//921 897//897
f 921//921 922//922 897//897
f 897//897 922//922 896//896
f 922//922 923//923 896//896
f 896//896 923//923 924//924
f 923//923 925//925 924//924
f 918//918 917//917 916//916
f 921//921 920//920 919//919
f 896//896 924//924 915//915
f 924//924 926//926 915//915
f 915//915 926//926 927//927
f 926//926 928//928 927//927
f 927//927 928//928 914//914
f 914//914 928//928 916//916
f 916//916 928//928 918//918
f 918//918 928//928 929//929
f 928//928 926//926 929//929
f 929//929 926//926 930//930
f 926//926 924//924 930//930
f 924//924 925//925 930//930
f 930//930 925//925 931//931
f 931//931 925//925 932//932
f 925//925 923//923 932//932
f 932//932 923//923 933//933
f 923//923 922//922 933//933
f 922//922 921//921 933//933
f 933//933 921//921 934//934
f 934//934 921//921 935//935
f 921//921 936//936 935//935
f 935//935 936//936 937//937
f 936//936 918//918 937//937
f 918//918 929//929 937//937
f 937//937 929//929 938//938
f 929//929 930//930 938//938
f 927//927 914//914 915//915
f 921//921 919//919 936//936
f 936//936 919//919 918//918
f 937//937 938//938 935//935
f 938//938 939//939 935//935
f 939//939 940//940 935//935
f 935//935 940//940 934//934
f 940//940 941//941 934//934
f 934//934 941//941 933//933
f 941//941 942//942 933//933
f 933//933 942//942 943//943
f 942//942 944//944 943//943
f 944//944 945//945 943//943
f 943//943 945//945 932//932
f 945//945 931//931 932//932
f 932//932 933//933 943//943
f 941//941 946//946 942//942
f 942//942 946//946 947//947
f 946//946 948//948 947//947
f 947//947 948//948 949//949
f 948//948 950//950 949//949
f 947//947 951//951 942//942
f 951//951 952//952 942//942
f 942//942 952//952 944//944
f 947//947 949//949 951//951
f 951//951 949//949 953//953
f 949//949 954//954 953//953
f 954//954 955//955 953//953
f 955//955 956//956 953//953
f 956//956 957//957 953//953
f 953//953 957//957 951//951
f 957//957 958//958 951//951
f 951//951 958//958 952//952
f 958//958 959//959 952//952
f 952//952 959//959 944//944
f 959//959 960//960 944//944
f 960//960 961//961 944//944
f 944//944 961//961 945//945
f 961//961 962//962 945//945
f 945//945 962//962 931//931
f 962//962 963//963 931//931
f 931//931 963//963 930//930
f 963//963 954//954 930//930
f 954//954 964//964 930//930
f 930//930 964//964 938//938
f 964//964 965//965 938//938
f 938//938 965//965 939//939
f 965//965 966//966 939//939
f 966//966 967//967 939//939
f 939//939 967//967 940//940
f 940//940 967//967 968//968
f 968//968 967//967 969//969
f 967//967 966//966 969//969
f 969//969 966//966 970//970
f 966//966 971//971 970//970
f 970//970 971//971 972//972
f 972//972 971//971 973//973
f 971//971 974//974 973//973
f 973//973 974//974 975//975
f 974//974 964//964 975//975
f 975//975 964//964 950//950
f 964//964 954//954 950//950
f 950//950 954//954 949//949
f 964//964 974//974 965//965
f 965//965 974//974 966//966
f 974//974 971//971 966//966
f 950//950 948//948 975//975
f 948//948 976//976 975//975
f 975//975 976//976 973//973
f 973//973 976//976 977//977
f 977//977 976//976 978//978
f 976//976 979//979 978//978
f 978//978 979//979 980//980
f 979//979 941//941 980//980
f 941//941 940//940 980//980
f 940//940 968//968 980//980
f 980//980 968//968 981//981
f 968//968 969//969 981//981
f 941//941 979//979 946//946
f 946//946 979//979 948//948
f 979//979 976//976 948//948
f 981//981 982//982 980//980
f 980//980 982//982 978//978
f 982//982 983//983 978//978
f 978//978 983//983 977//977
f 983//983 982//982 984//984
f 982//982 981//981 984//984
f 984//984 981//981 985//985
f 985//985 981//981 986//986
f 981//981 969//969 986//986
f 969//969 970//970 986//986
f 986//986 970//970 987//987
f 970//970 972//972 987//987
f 972//972 988//988 987//987
f 988//988 989//989 987//987
f 987//987 989//989 986//986
f 989//989 990//990 986//986
f 986//986 990//990 991//991
f 990//990 992//992 991//991
f 991//991 992//992 984//984
f 992//992 983//983 984//984
f 986//986 991//991 985//985
f 991//991 984//984 985//985
f 992//992 990//990 993//993
f 990//990 989//989 993//993
f 989//989 988//988 993//993
f 993//993 988//988 994//994
f 988//988 972//972 994//994
f 972//972 973//973 994//994
f 973//973 977//977 994//994
f 994//994 977//977 995//995
f 977//977 983//983 995//995
f 995//995 983//983 996//996
f 983//983 992//992 996//996
f 992//992 993//993 996//996
f 996//996 993//993 995//995
f 993//993 994//994 995//995
f 997//997 998//998 999//999
f 999//999 998//998 1000//1000
f 998//998 1001//1001 1000//1000
f 1001//1001 1002//1002 1000//1000
f 1002//1002 1003//1003 1000//1000
f 1000//1000 1003//1003 999//999
f 1003//1003 1004//1004 999//999
f 999//999 1004//1004 1005//1005
f 1005//1005 1004//1004 1006//1006
f 1004//1004 1003//1003 1006//1006
f 1006//1006 1003//1003 1007//1007
f 1003//1003 1002//1002 1007//1007
f 1007//1007 1002//1002 1008//1008
f 1008//1008 1002//1002 1009//1009
f 1002//1002 1001//1001 1009//1009
f 1009//1009 1001//1001 1010//1010
f 1001//1001 998//998 1010//1010
f 1010//1010 998//998 1011//1011
f 998//998 997//997 1011//1011
f 1011//1011 997//997 1012//1012
f 997//997 999//999 1012//1012
f 999//999 1005//1005 1012//1012
f 1012//1012 1005//1005 1013//1013
f 1013//1013 1005//1005 1014//1014
f 1005//1005 1006//1006 1014//1014
f 1006//1006 959//959 1014//1014
f 959//959 958//958 1014//1014
f 1014//1014 958//958 1013//1013
f 958//958 1015//1015 1013//1013
f 1013//1013 1015//1015 1016//1016
f 1016//1016 1015//1015 957//957
f 1015//1015 958//958 957//957
f 1012//1012 1013//1013 1011//1011
f 1013//1013 1017//1017 1011//1011
f 1011//1011 1017//1017 1010//1010
f 1017//1017 1018//1018 1010//1010
f 1010//1010 1018//1018 1009//1009
f 1013//1013 1016//1016 1017//1017
f 1017//1017 1016//1016 1018//1018
f 1018//1018 1016//1016 1019//1019
f 1016//1016 957//957 1019//1019
f 1019//1019 957//957 1020//1020
f 957//957 1021//1021 1020//1020
f 1020//1020 1021//1021 1022//1022
f 1022//1022 1021//1021 1023//1023
f 1023//1023 1021//1021 956//956
f 1021//1021 957//957 956//956
f 1022//1022 1024//1024 1020//1020
f 1020//1020 1024//1024 1019//1019
f 1024//1024 1025//1025 1019//1019
f 1025//1025 1026//1026 1019//1019
f 1026//1026 1027//1027 1019//1019
f 1019//1019 1027//1027 1018//1018
f 1027//1027 1028//1028 1018//1018
f 1018//1018 1028//1028 1009//1009
f 1028//1028 1029//1029 1009//1009
f 1009//1009 1029//1029 1008//1008
f 1008//1008 1029//1029 1007//1007
f 1029//1029 1030//1030 1007//1007
f 1007//1007 1030//1030 1006//1006
f 1006//1006 1030//1030 959//959
f 959//959 1030//1030 960//960
f 960//960 1030//1030 1031//1031
f 1030//1030 1029//1029 1031//1031
f 1029//1029 1028//1028 1031//1031
f 1031//1031 1028//1028 1032//1032
f 1028//1028 1027//1027 1032//1032
f 960//960 1031//1031 961//961
f 1031//1031 1032//1032 961//961
f 961//961 1032//1032 962//962
f 1032//1032 1033//1033 962//962
f 962//962 1033//1033 963//963
f 1033//1033 955//955 963//963
f 963//963 955//955 954//954
f 955//955 1033//1033 956//956
f 956//956 1033//1033 1023//1023
f 1033//1033 1034//1034 1023//1023
f 1034//1034 1035//1035 1023//1023
f 1023//1023 1035//1035 1022//1022
f 1035//1035 1036//1036 1022//1022
f 1036//1036 1037//1037 1022//1022
f 1022//1022 1037//1037 1024//1024
f 1037//1037 1038//1038 1024//1024
f 1024//1024 1038//1038 1025//1025
f 1036//1036 1035//1035 1039//1039
f 1035//1035 1034//1034 1039//1039
f 1039//1039 1034//1034 1040//1040
f 1034//1034 1041//1041 1040//1040
f 1040//1040 1041//1041 1042//1042
f 1041//1041 1027//1027 1042//1042
f 1042//1042 1027//1027 1026//1026
f 1034//1034 1033//1033 1041//1041
f 1033//1033 1032//1032 1041//1041
f 1041//1041 1032//1032 1027//1027
f 1042//1042 1043//1043 1040//1040
f 1040//1040 1043//1043 1039//1039
f 1043//1043 1044//1044 1039//1039
f 1039//1039 1044//1044 1036//1036
f 1044//1044 1045//1045 1036//1036
f 1036//1036 1045//1045 1037//1037
f 1045//1045 1044//1044 1046//1046
f 1044//1044 1043//1043 1046//1046
f 1046//1046 1043//1043 1047//1047
f 1043//1043 1042//1042 1047//1047
f 1047//1047 1042//1042 1048//1048
f 1042//1042 1026//1026 1048//1048
f 1026//1026 1025//1025 1048//1048
f 1048//1048 1025//1025 1049//1049
f 1025//1025 1038//1038 1049//1049
f 1049//1049 1050//1050 1048//1048
f 1048//1048 1050//1050 1047//1047
f 1047//1047 1050//1050 1046//1046
f 1046//1046 1050//1050 1045//1045
f 1050//1050 1051//1051 1045//1045
f 1045//1045 1051//1051 1037//1037
f 1037//1037 1051//1051 1038//1038
f 1051//1051 1052//1052 1038//1038
f 1038//1038 1052//1052 1049//1049
f 1049//1049 1052//1052 1050//1050
f 1052//1052 1051//1051 1050//1050
f 1053//1053 1054//1054 1055//1055
f 1054//1054 1056//1056 1055//1055
f 1056//1056 1057//1057 1055//1055
f 1055//1055 1057//1057 1058//1058
f 1057//1057 1059//1059 1058//1058
f 1058//1058 1059//1059 1060//1060
f 1060//1060 1059//1059 1061//1061
f 1059//1059 1062//1062 1061//1061
f 1061//1061 1062//1062 1063//1063
f 1062//1062 1057//1057 1063//1063
f 1057//1057 1056//1056 1063//1063
f 1063//1063 1056//1056 1064//1064
f 1056//1056 1054//1054 1064//1064
f 1064//1064 1054//1054 1065//1065
f 1054//1054 1066//1066 1065//1065
f 1065//1065 1066//1066 1067//1067
f 1066//1066 1053//1053 1067//1067
f 1067//1067 1053//1053 1068//1068
f 1053//1053 1060//1060 1068//1068
f 1068//1068 1060//1060 1069//1069
f 1069//1069 1060//1060 1070//1070
f 1060//1060 1061//1061 1070//1070
f 1070//1070 1061//1061 1071//1071
f 1061//1061 1063//1063 1071//1071
f 1055//1055 1058//1058 1053//1053
f 1058//1058 1060//1060 1053//1053
f 1059//1059 1057//1057 1062//1062
f 1066//1066 1054//1054 1053//1053
f 1068//1068 1069//1069 1067//1067
f 1071//1071 1072//1072 1070//1070
f 1070//1070 1072//1072 1069//1069
f 1072//1072 1073//1073 1069//1069
f 1069//1069 1073//1073 1074//1074
f 1074//1074 1073//1073 1075//1075
f 1075//1075 1073//1073 1076//1076
f 1073//1073 1072//1072 1076//1076
f 1074//1074 1077//1077 1069//1069
f 1069//1069 1077//1077 1067//1067
f 1077//1077 1078//1078 1067//1067
f 1067//1067 1078//1078 1065//1065
f 1065//1065 1078//1078 1064//1064
f 1064//1064 1078//1078 1063//1063
f 1078//1078 1079//1079 1063//1063
f 1079//1079 1080//1080 1063//1063
f 1063//1063 1080//1080 1071//1071
f 1080//1080 1081//1081 1071//1071
f 1071//1071 1081//1081 1082//1082
f 1081//1081 1083//1083 1082//1082
f 1082//1082 1083//1083 1084//1084
f 1083//1083 1085//1085 1084//1084
f 1084//1084 1085//1085 1086//1086
f 1085//1085 1087//1087 1086//1086
f 1086//1086 1087//1087 1088//1088
f 1087//1087 1089//1089 1088//1088
f 1088//1088 1089//1089 1076//1076
f 1089//1089 1090//1090 1076//1076
f 1090//1090 1091//1091 1076//1076
f 1076//1076 1091//1091 1075//1075
f 1091//1091 1092//1092 1075//1075
f 1092//1092 1093//1093 1075//1075
f 1075//1075 1093//1093 1074//1074
f 1074//1074 1093//1093 1094//1094
f 1093//1093 1092//1092 1094//1094
f 1092//1092 1095//1095 1094//1094
f 1095//1095 1096//1096 1094//1094
f 1094//1094 1096//1096 1097//1097
f 1096//1096 1085//1085 1097//1097
f 1071//1071 1082//1082 1072//1072
f 1082//1082 1088//1088 1072//1072
f 1072//1072 1088//1088 1076//1076
f 1082//1082 1084//1084 1088//1088
f 1088//1088 1084//1084 1086//1086
f 1097//1097 1098//1098 1094//1094
f 1094//1094 1098//1098 1074//1074
f 1098//1098 1099//1099 1074//1074
f 1074//1074 1099//1099 1077//1077
f 1077//1077 1099//1099 1078//1078
f 1078//1078 1099//1099 1079//1079
f 1099//1099 1100//1100 1079//1079
f 1079//1079 1100//1100 1101//1101
f 1100//1100 1083//1083 1101//1101
f 1101//1101 1083//1083 1102//1102
f 1102//1102 1083//1083 1103//1103
f 1083//1083 1081//1081 1103//1103
f 1103//1103 1081//1081 1104//1104
f 1104//1104 1081//1081 1105//1105
f 1081//1081 1080//1080 1105//1105
f 1105//1105 1080//1080 1106//1106
f 1080//1080 1079//1079 1106//1106
f 1106//1106 1079//1079 1107//1107
f 1079//1079 1101//1101 1107//1107
f 1107//1107 1101//1101 1108//1108
f 1101//1101 1102//1102 1108//1108
f 1098//1098 1097//1097 1099//1099
f 1099//1099 1097//1097 1100//1100
f 1097//1097 1085//1085 1100//1100
f 1100//1100 1085//1085 1083//1083
f 1108//1108 1109//1109 1107//1107
f 1107//1107 1109//1109 1106//1106
f 1102//1102 1110//1110 1108//1108
f 1110//1110 1111//1111 1108//1108
f 1108//1108 1111//1111 1109//1109
f 1102//1102 1103//1103 1110//1110
f 1110//1110 1103//1103 1112//1112
f 1112//1112 1103//1103 1113//1113
f 1103//1103 1104//1104 1113//1113
f 1113//1113 1104//1104 1114//1114
f 1104//1104 1105//1105 1114//1114
f 1114//1114 1105//1105 1115//1115
f 1105//1105 1106//1106 1115//1115
f 1115//1115 1106//1106 1116//1116
f 1106//1106 1109//1109 1116//1116
f 1116//1116 1117//1117 1115//1115
f 1115//1115 1117//1117 1114//1114
f 1117//1117 1118//1118 1114//1114
f 1114//1114 1118//1118 1119//1119
f 1118//1118 1120//1120 1119//1119
f 1120//1120 1112//1112 1119//1119
f 1112//1112 1113//1113 1119//1119
f 1119//1119 1113//1113 1114//1114
f 1117//1117 1121//1121 1118//1118
f 1121//1121 1122//1122 1118//1118
f 1118//1118 1122//1122 1120//1120
f 1117//1117 1116//1116 1121//1121
f 1121//1121 1116//1116 1123//1123
f 1123//1123 1116//1116 1124//1124
f 1116//1116 1109//1109 1124//1124
f 1109//1109 1111//1111 1124//1124
f 1124//1124 1111//1111 1125//1125
f 1111//1111 1110//1110 1125//1125
f 1125//1125 1110//1110 1126//1126
f 1110//1110 1112//1112 1126//1126
f 1126//1126 1112//1112 1127//1127
f 1112//1112 1120//1120 1127//1127
f 1127//1127 1120//1120 1128//1128
f 1120//1120 1129//1129 1128//1128
f 1128//1128 1129//1129 1130//1130
f 1129//1129 1122//1122 1130//1130
f 1122//1122 1121//1121 1130//1130
f 1130//1130 1121//1121 1131//1131
f 1121//1121 1123//1123 1131//1131
f 1123//1123 1124//1124 1131//1131
f 1131//1131 1124//1124 1132//1132
f 1124//1124 1125//1125 1132//1132
f 1125//1125 1126//1126 1132//1132
f 1132//1132 1126//1126 1128//1128
f 1126//1126 1127//1127 1128//1128
f 1122//1122 1129//1129 1120//1120
f 1131//1131 1132//1132 1130//1130
f 1130//1130 1132//1132 1128//1128
f 1133//1133 1135//1135 1134//1134
f 1134//1134 1135//1135 1136//1136
f 1136//1136 1135//1135 1137//1137
f 1137//1137 1135//1135 1138//1138
f 1138//1138 1135//1135 1139//1139
f 1135//1135 1133//1133 1139//1139
f 1139//1139 1133//1133 1140//1140
f 1133//1133 1134//1134 1140//1140
f 1140//1140 1134//1134 1141//1141
f 1134//1134 1142//1142 1141//1141
f 1142//1142 1143//1143 1141//1141
f 1141//1141 1143//1143 1140//1140
f 1142//1142 1134//1134 1144//1144
f 1134//1134 1136//1136 1144//1144
f 1144//1144 1136//1136 1145//1145
f 1136//1136 1137//1137 1145//1145
f 1145//1145 1137//1137 1146//1146
f 1146//1146 1137//1137 1147//1147
f 1137//1137 1138//1138 1147//1147
f 1147//1147 1138//1138 1148//1148
f 1138//1138 1139//1139 1148//1148
f 1144//1144 1145//1145 1142//1142
f 1145//1145 1149//1149 1142//1142
f 1142//1142 1149//1149 1143//1143
f 1147//1147 1148//1148 1150//1150
f 1150//1150 1148//1148 1139//1139
f 1150//1150 1151//1151 1147//1147
f 1147//1147 1151//1151 1146//1146
f 1151//1151 1152//1152 1146//1146
f 1146//1146 1152//1152 1145//1145
f 1152//1152 1153//1153 1145//1145
f 1145//1145 1153//1153 1149//1149
f 1153//1153 1154//1154 1149//1149
f 1154//1154 1155//1155 1149//1149
f 1149//1149 1155//1155 1143//1143
f 1155//1155 1156//1156 1143//1143
f 1143//1143 1156//1156 1140//1140
f 1156//1156 1157//1157 1140//1140
f 1140//1140 1157//1157 1139//1139
f 1139//1139 1157//1157 1150//1150
f 1157//1157 1158//1158 1150//1150
f 1158//1158 1159//1159 1150//1150
f 1150//1150 1159//1159 1151//1151
f 1151//1151 1159//1159 1152//1152
f 1159//1159 1160//1160 1152//1152
f 1152//1152 1160//1160 1153//1153
f 1160//1160 1161//1161 1153//1153
f 1153//1153 1161//1161 1154//1154
f 1158//1158 1157//1157 1162//1162
f 1157//1157 1156//1156 1162//1162
f 1162//1162 1156//1156 1163//1163
f 1156//1156 1155//1155 1163//1163
f 1160//1160 1159//1159 1164//1164
f 1164//1164 1159//1159 1165//1165
f 1159//1159 1158//1158 1165//1165
f 1165//1165 1158//1158 1166//1166
f 1158//1158 1162//1162 1166//1166
f 1166//1166 1162//1162 1167//1167
f 1162//1162 1163//1163 1167//1167
f 1160//1160 1164//1164 1161//1161
f 1164//1164 1168//1168 1161//1161
f 1168//1168 1169//1169 1161//1161
f 1161//1161 1169//1169 1154//1154
f 1169//1169 1170//1170 1154//1154
f 1154//1154 1170//1170 1155//1155
f 1170//1170 1171//1171 1155//1155
f 1155//1155 1171//1171 1163//1163
f 1171//1171 1170//1170 1172//1172
f 1172//1172 1170//1170 1173//1173
f 1170//1170 1169//1169 1173//1173
f 1173//1173 1169//1169 1174//1174
f 1169//1169 1168//1168 1174//1174
f 1174//1174 1168//1168 1175//1175
f 1168//1168 1176//1176 1175//1175
f 1175//1175 1176//1176 1177//1177
f 1177//1177 1176//1176 1178//1178
f 1178//1178 1176//1176 1179//1179
f 1176//1176 1164//1164 1179//1179
f 1179//1179 1164//1164 1165//1165
f 1168//1168 1164//1164 1176//1176
f 1177//1177 1180//1180 1175//1175
f 1180//1180 1174//1174 1175//1175
f 1180//1180 1177//1177 1181//1181
f 1177//1177 1182//1182 1181//1181
f 1181//1181 1182//1182 1183//1183
f 1182//1182 1184//1184 1183//1183
f 1183//1183 1184//1184 1185//1185
f 1184//1184 1186//1186 1185//1185
f 1186//1186 1187//1187 1185//1185
f 1187//1187 1188//1188 1185//1185
f 1185//1185 1188//1188 1183//1183
f 1188//1188 1189//1189 1183//1183
f 1183//1183 1189//1189 1190//1190
f 1189//1189 1180//1180 1190//1190
f 1190//1190 1180//1180 1183//1183
f 1180//1180 1181//1181 1183//1183
f 1177//1177 1178//1178 1182//1182
f 1178//1178 1186//1186 1182//1182
f 1182//1182 1186//1186 1184//1184
f 1189//1189 1191//1191 1180//1180
f 1180//1180 1191//1191 1174//1174
f 1191//1191 1192//1192 1174//1174
f 1174//1174 1192//1192 1173//1173
f 1192//1192 1193//1193 1173//1173
f 1173//1173 1193//1193 1194//1194
f 1194//1194 1193//1193 1195//1195
f 1193//1193 1187//1187 1195//1195
f 1187//1187 1186//1186 1195//1195
f 1195//1195 1186//1186 1196//1196
f 1186//1186 1178//1178 1196//1196
f 1178//1178 1179//1179 1196//1196
f 1179//1179 1197//1197 1196//1196
f 1197//1197 1198//1198 1196//1196
f 1196//1196 1198//1198 1195//1195
f 1195//1195 1198//1198 1194//1194
f 1198//1198 1172//1172 1194//1194
f 1194//1194 1172//1172 1173//1173
f 1191//1191 1189//1189 1192//1192
f 1189//1189 1188//1188 1192//1192
f 1192//1192 1188//1188 1193//1193
f 1188//1188 1187//1187 1193//1193
f 1172//1172 1198//1198 1199//1199
f 1198//1198 1197//1197 1199//1199
f 1199//1199 1197//1197 1200//1200
f 1197//1197 1179//1179 1200//1200
f 1179//1179 1165//1165 1200//1200
f 1200//1200 1165//1165 1201//1201
f 1165//1165 1166//1166 1201//1201
f 1201//1201 1166//1166 1202//1202
f 1166//1166 1167//1167 1202//1202
f 1202//1202 1167//1167 1203//1203
f 1203//1203 1167//1167 1204//1204
f 1167//1167 1163//1163 1204//1204
f 1204//1204 1163//1163 1205//1205
f 1163//1163 1171//1171 1205//1205
f 1205//1205 1171//1171 1206//1206
f 1171//1171 1199//1199 1206//1206
f 1206//1206 1199//1199 1207//1207
f 1199//1199 1200//1200 1207//1207
f 1172//1172 1199//1199 1171//1171
f 1207//1207 1208//1208 1206//1206
f 1206//1206 1208//1208 1205//1205
f 1208//1208 1209//1209 1205//1205
f 1205//1205 1209//1209 1204//1204
f 1209//1209 1210//1210 1204//1204
f 1204//1204 1210//1210 1203//1203
f 1210//1210 1211//1211 1203//1203
f 1203//1203 1211//1211 1202//1202
f 1211//1211 1212//1212 1202//1202
f 1202//1202 1212//1212 1213//1213
f 1212//1212 1214//1214 1213//1213
f 1214//1214 1215//1215 1213//1213
f 1213//1213 1215//1215 1201//1201
f 1215//1215 1200//1200 1201//1201
f 1201//1201 1202//1202 1213//1213
f 1214//1214 1212//1212 1216//1216
f 1212//1212 1211//1211 1216//1216
f 1216//1216 1211//1211 1217//1217
f 1217//1217 1211//1211 1218//1218
f 1211//1211 1210//1210 1218//1218
f 1218//1218 1210//1210 1219//1219
f 1210//1210 1220//1220 1219//1219
f 1220//1220 1221//1221 1219//1219
f 1219//1219 1221//1221 1218//1218
f 1207//1207 1222//1222 1208//1208
f 1222//1222 1223//1223 1208//1208
f 1208//1208 1223//1223 1209//1209
f 1223//1223 1224//1224 1209//1209
f 1209//1209 1224//1224 1210//1210
f 1224//1224 1225//1225 1210//1210
f 1210//1210 1225//1225 1220//1220
f 1207//1207 1200//1200 1222//1222
f 1200//1200 1215//1215 1222//1222
f 1222//1222 1215//1215 1226//1226
f 1226//1226 1215//1215 1227//1227
f 1215//1215 1214//1214 1227//1227
f 1227//1227 1214//1214 1228//1228
f 1228//1228 1214//1214 1229//1229
f 1214//1214 1216//1216 1229//1229
f 1229//1229 1216//1216 1230//1230
f 1216//1216 1217//1217 1230//1230
f 1230//1230 1217//1217 1231//1231
f 1231//1231 1217//1217 1232//1232
f 1217//1217 1218//1218 1232//1232
f 1232//1232 1218//1218 1233//1233
f 1218//1218 1221//1221 1233//1233
f 1221//1221 1234//1234 1233//1233
f 1234//1234 1235//1235 1233//1233
f 1235//1235 1236//1236 1233//1233
f 1233//1233 1236//1236 1232//1232
f 1236//1236 1237//1237 1232//1232
f 1232//1232 1237//1237 1238//1238
f 1237//1237 1239//1239 1238//1238
f 1239//1239 1240//1240 1238//1238
f 1240//1240 1241//1241 1238//1238
f 1238//1238 1241//1241 1231//1231
f 1241//1241 1230//1230 1231//1231
f 1231//1231 1232//1232 1238//1238
f 1239//1239 1237//1237 1242//1242
f 1237//1237 1236//1236 1242//1242
f 1236//1236 1235//1235 1242//1242
f 1242//1242 1235//1235 1243//1243
f 1235//1235 1234//1234 1243//1243
f 1240//1240 1239//1239 1244//1244
f 1239//1239 1245//1245 1244//1244
f 1245//1245 1246//1246 1244//1244
f 1244//1244 1246//1246 1240//1240
f 1246//1246 1241//1241 1240//1240
f 1239//1239 1242//1242 1247//1247
f 1242//1242 1248//1248 1247//1247
f 1247//1247 1248//1248 1249//1249
f 1249//1249 1248//1248 1250//1250
f 1248//1248 1251//1251 1250//1250
f 1250//1250 1251//1251 1228//1228
f 1251//1251 1243//1243 1228//1228
f 1228//1228 1243//1243 1227//1227
f 1227//1227 1243//1243 1226//1226
f 1243//1243 1234//1234 1226//1226
f 1226//1226 1234//1234 1252//1252
f 1234//1234 1221//1221 1252//1252
f 1243//1243 1251//1251 1242//1242
f 1251//1251 1248//1248 1242//1242
f 1239//1239 1247//1247 1245//1245
f 1247//1247 1249//1249 1245//1245
f 1245//1245 1249//1249 1246//1246
f 1226//1226 1252//1252 1222//1222
f 1252//1252 1253//1253 1222//1222
f 1222//1222 1253//1253 1223//1223
f 1253//1253 1254//1254 1223//1223
f 1223//1223 1254//1254 1224//1224
f 1254//1254 1255//1255 1224//1224
f 1224//1224 1255//1255 1225//1225
f 1255//1255 1254//1254 1256//1256
f 1254//1254 1253//1253 1256//1256
f 1256//1256 1253//1253 1257//1257
f 1253//1253 1258//1258 1257//1257
f 1258//1258 1259//1259 1257//1257
f 1257//1257 1259//1259 1256//1256
f 1259//1259 1260//1260 1256//1256
f 1256//1256 1260//1260 1255//1255
f 1258//1258 1253//1253 1261//1261
f 1253//1253 1252//1252 1261//1261
f 1261//1261 1252//1252 1262//1262
f 1252//1252 1221//1221 1262//1262
f 1262//1262 1221//1221 1263//1263
f 1221//1221 1220//1220 1263//1263
f 1263//1263 1264//1264 1262//1262
f 1262//1262 1264//1264 1261//1261
f 1261//1261 1264//1264 1258//1258
f 1264//1264 1265//1265 1258//1258
f 1258//1258 1265//1265 1259//1259
f 1265//1265 1266//1266 1259//1259
f 1266//1266 1267//1267 1259//1259
f 1259//1259 1267//1267 1268//1268
f 1267//1267 1092//1092 1268//1268
f 1092//1092 1269//1269 1268//1268
f 1268//1268 1269//1269 1260//1260
f 1269//1269 1255//1255 1260//1260
f 1260//1260 1259//1259 1268//1268
f 1264//1264 1270//1270 1265//1265
f 1265//1265 1270//1270 1266//1266
f 1092//1092 1267//1267 1095//1095
f 1095//1095 1267//1267 1271//1271
f 1267//1267 1266//1266 1271//1271
f 1095//1095 1271//1271 1096//1096
f 1271//1271 1272//1272 1096//1096
f 1096//1096 1272//1272 1085//1085
f 1085//1085 1272//1272 1087//1087
f 1272//1272 1273//1273 1087//1087
f 1273//1273 1274//1274 1087//1087
f 1087//1087 1274//1274 1089//1089
f 1274//1274 1275//1275 1089//1089
f 1089//1089 1275//1275 1090//1090
f 1275//1275 1276//1276 1090//1090
f 1090//1090 1276//1276 1277//1277
f 1276//1276 1278//1278 1277//1277
f 1278//1278 1279//1279 1277//1277
f 1279//1279 1280//1280 1277//1277
f 1280//1280 1281//1281 1277//1277
f 1277//1277 1281//1281 1091//1091
f 1281//1281 1269//1269 1091//1091
f 1091//1091 1269//1269 1092//1092
f 1272//1272 1271//1271 1273//1273
f 1090//1090 1277//1277 1091//1091
f 1281//1281 1282//1282 1269//1269
f 1269//1269 1282//1282 1255//1255
f 1282//1282 1283//1283 1255//1255
f 1255//1255 1283//1283 1225//1225
f 1225//1225 1283//1283 1220//1220
f 1283//1283 1284//1284 1220//1220
f 1220//1220 1284//1284 1285//1285
f 1284//1284 1286//1286 1285//1285
f 1286//1286 1287//1287 1285//1285
f 1285//1285 1287//1287 1264//1264
f 1287//1287 1270//1270 1264//1264
f 1220//1220 1285//1285 1263//1263
f 1285//1285 1264//1264 1263//1263
f 1284//1284 1283//1283 1286//1286
f 1283//1283 1282//1282 1286//1286
f 1282//1282 1281//1281 1286//1286
f 1281//1281 1280//1280 1286//1286
f 1280//1280 1288//1288 1286//1286
f 1286//1286 1288//1288 1287//1287
f 1287//1287 1288//1288 1270//1270
f 1288//1288 1289//1289 1270//1270
f 1270//1270 1289//1289 1266//1266
f 1266//1266 1289//1289 1271//1271
f 1271//1271 1289//1289 1273//1273
f 1289//1289 1290//1290 1273//1273
f 1273//1273 1290//1290 1291//1291
f 1291//1291 1290//1290 1292//1292
f 1292//1292 1290//1290 1293//1293
f 1293//1293 1290//1290 1279//1279
f 1290//1290 1288//1288 1279//1279
f 1279//1279 1288//1288 1280//1280
f 1289//1289 1288//1288 1290//1290
f 1274//1274 1273//1273 1291//1291
f 1249//1249 1294//1294 1246//1246
f 1246//1246 1294//1294 1295//1295
f 1294//1294 1296//1296 1295//1295
f 1295//1295 1296//1296 1297//1297
f 1296//1296 1230//1230 1297//1297
f 1230//1230 1241//1241 1297//1297
f 1297//1297 1241//1241 1295//1295
f 1241//1241 1246//1246 1295//1295
f 1230//1230 1296//1296 1229//1229
f 1296//1296 1250//1250 1229//1229
f 1229//1229 1250//1250 1228//1228
f 1296//1296 1294//1294 1250//1250
f 1250//1250 1294//1294 1298//1298
f 1294//1294 1249//1249 1298//1298
f 1298//1298 1249//1249 1250//1250
f 1299//1299 1301//1301 1300//1300
f 1300//1300 1301//1301 1302//1302
f 1301//1301 1303//1303 1302//1302
f 1302//1302 1303//1303 1304//1304
f 1304//1304 1303//1303 1305//1305
f 1305//1305 1303//1303 1306//1306
f 1303//1303 1301//1301 1306//1306
f 1306//1306 1301//1301 1307//1307
f 1301//1301 1299//1299 1307//1307
f 1307//1307 1299//1299 1308//1308
f 1299//1299 1300//1300 1308//1308
f 1308//1308 1309//1309 1307//1307
f 1309//1309 1310//1310 1307//1307
f 1307//1307 1310//1310 1306//1306
f 1310//1310 1311//1311 1306//1306
f 1306//1306 1311//1311 1305//1305
f 1311//1311 1312//1312 1305//1305
f 1305//1305 1312//1312 1304//1304
f 1312//1312 1313//1313 1304//1304
f 1304//1304 1313//1313 1302//1302
f 1313//1313 1314//1314 1302//1302
f 1302//1302 1314//1314 1300//1300
f 1314//1314 1315//1315 1300//1300
f 1300//1300 1315//1315 1308//1308
f 1315//1315 1316//1316 1308//1308
f 1316//1316 1317//1317 1308//1308
f 1308//1308 1317//1317 1309//1309
f 1317//1317 1318//1318 1309//1309
f 1309//1309 1318//1318 1310//1310
f 1318//1318 1319//1319 1310//1310
f 1310//1310 1319//1319 1311//1311
f 1319//1319 1320//1320 1311//1311
f 1311//1311 1320//1320 1312//1312
f 1312//1312 1320//1320 1313//1313
f 1320//1320 1321//1321 1313//1313
f 1321//1321 1322//1322 1313//1313
f 1313//1313 1322//1322 1314//1314
f 1322//1322 1323//1323 1314//1314
f 1314//1314 1323//1323 1315//1315
f 1315//1315 1323//1323 1316//1316
f 1316//1316 1323//1323 1324//1324
f 1324//1324 1323//1323 1325//1325
f 1325//1325 1323//1323 1326//1326
f 1326//1326 1323//1323 1327//1327
f 1323//1323 1328//1328 1327//1327
f 1327//1327 1328//1328 1329//1329
f 1329//1329 1328//1328 1330//1330
f 1330//1330 1328//1328 1331//1331
f 1328//1328 1322//1322 1331//1331
f 1331//1331 1322//1322 1321//1321
f 1323//1323 1322//1322 1328//1328
f 1329//1329 1332//1332 1327//1327
f 1327//1327 1332//1332 1318//1318
f 1318//1318 1332//1332 1333//1333
f 1333//1333 1332//1332 1334//1334
f 1332//1332 1329//1329 1334//1334
f 1334//1334 1329//1329 1335//1335
f 1329//1329 1330//1330 1335//1335
f 1335//1335 1330//1330 1336//1336
f 1336//1336 1330//1330 1337//1337
f 1337//1337 1330//1330 1338//1338
f 1330//1330 1331//1331 1338//1338
f 1331//1331 1321//1321 1338//1338
f 1338//1338 1321//1321 1339//1339
f 1339//1339 1321//1321 1340//1340
f 1321//1321 1320//1320 1340//1340
f 1340//1340 1320//1320 1341//1341
f 1320//1320 1319//1319 1341//1341
f 1319//1319 1318//1318 1341//1341
f 1318//1318 1333//1333 1341//1341
f 1341//1341 1333//1333 1342//1342
f 1333//1333 1334//1334 1342//1342
f 1342//1342 1334//1334 1343//1343
f 1334//1334 1344//1344 1343//1343
f 1343//1343 1344//1344 1345//1345
f 1344//1344 1336//1336 1345//1345
f 1345//1345 1336//1336 1346//1346
f 1336//1336 1337//1337 1346//1346
f 1346//1346 1337//1337 1347//1347
f 1337//1337 1348//1348 1347//1347
f 1347//1347 1348//1348 1349//1349
f 1334//1334 1335//1335 1344//1344
f 1344//1344 1335//1335 1336//1336
f 1350//1350 1345//1345 1346//1346
f 1337//1337 1338//1338 1348//1348
f 1338//1338 1351//1351 1348//1348
f 1348//1348 1351//1351 1352//1352
f 1352//1352 1351//1351 1353//1353
f 1351//1351 1339//1339 1353//1353
f 1353//1353 1339//1339 1340//1340
f 1338//1338 1339//1339 1351//1351
f 1352//1352 1354//1354 1348//1348
f 1348//1348 1354//1354 1349//1349
f 1349//1349 1354//1354 1355//1355
f 1354//1354 1356//1356 1355//1355
f 1355//1355 1356//1356 1357//1357
f 1356//1356 1358//1358 1357//1357
f 1357//1357 1358//1358 1359//1359
f 1358//1358 1360//1360 1359//1359
f 1359//1359 1360//1360 1361//1361
f 1360//1360 1345//1345 1361//1361
f 1361//1361 1345//1345 1350//1350
f 1345//1345 1360//1360 1343//1343
f 1360//1360 1362//1362 1343//1343
f 1343//1343 1362//1362 1342//1342
f 1362//1362 1363//1363 1342//1342
f 1342//1342 1363//1363 1341//1341
f 1341//1341 1363//1363 1340//1340
f 1363//1363 1362//1362 1340//1340
f 1340//1340 1362//1362 1353//1353
f 1362//1362 1364//1364 1353//1353
f 1353//1353 1364//1364 1365//1365
f 1364//1364 1366//1366 1365//1365
f 1366//1366 1367//1367 1365//1365
f 1365//1365 1367//1367 1352//1352
f 1367//1367 1368//1368 1352//1352
f 1352//1352 1368//1368 1354//1354
f 1368//1368 1369//1369 1354//1354
f 1354//1354 1369//1369 1370//1370
f 1370//1370 1369//1369 1371//1371
f 1369//1369 1368//1368 1371//1371
f 1371//1371 1368//1368 1372//1372
f 1368//1368 1367//1367 1372//1372
f 1372//1372 1367//1367 1373//1373
f 1367//1367 1374//1374 1373//1373
f 1374//1374 1375//1375 1373//1373
f 1373//1373 1375//1375 1372//1372
f 1375//1375 1376//1376 1372//1372
f 1372//1372 1376//1376 1371//1371
f 1362//1362 1360//1360 1364//1364
f 1364//1364 1360//1360 1366//1366
f 1365//1365 1352//1352 1353//1353
f 1370//1370 1356//1356 1354//1354
f 1374//1374 1367//1367 1366//1366
f 1375//1375 1377//1377 1376//1376
f 1377//1377 1378//1378 1376//1376
f 1376//1376 1378//1378 1371//1371
f 1378//1378 1379//1379 1371//1371
f 1379//1379 1380//1380 1371//1371
f 1371//1371 1380//1380 1370//1370
f 1380//1380 1381//1381 1370//1370
f 1370//1370 1381//1381 1356//1356
f 1381//1381 1382//1382 1356//1356
f 1356//1356 1382//1382 1358//1358
f 1382//1382 1383//1383 1358//1358
f 1358//1358 1383//1383 1360//1360
f 1383//1383 1384//1384 1360//1360
f 1360//1360 1384//1384 1366//1366
f 1384//1384 1385//1385 1366//1366
f 1366//1366 1385//1385 1374//1374
f 1385//1385 1386//1386 1374//1374
f 1374//1374 1386//1386 1375//1375
f 1386//1386 1387//1387 1375//1375
f 1375//1375 1387//1387 1377//1377
f 1387//1387 1388//1388 1377//1377
f 1377//1377 1388//1388 1378//1378
f 1382//1382 1381//1381 1383//1383
f 1381//1381 1389//1389 1383//1383
f 1383//1383 1389//1389 1384//1384
f 1389//1389 1385//1385 1384//1384
f 1386//1386 1390//1390 1387//1387
f 1390//1390 1391//1391 1387//1387
f 1391//1391 1392//1392 1387//1387
f 1387//1387 1392//1392 1388//1388
f 1390//1390 1386//1386 1393//1393
f 1393//1393 1386//1386 1385//1385
f 1393//1393 1394//1394 1390//1390
f 1390//1390 1394//1394 1391//1391
f 1394//1394 1395//1395 1391//1391
f 1391//1391 1395//1395 1396//1396
f 1395//1395 1397//1397 1396//1396
f 1397//1397 1398//1398 1396//1396
f 1396//1396 1398//1398 1392//1392
f 1398//1398 1399//1399 1392//1392
f 1392//1392 1399//1399 1388//1388
f 1392//1392 1391//1391 1396//1396
f 1399//1399 1398//1398 1400//1400
f 1400//1400 1398//1398 1401//1401
f 1401//1401 1398//1398 1402//1402
f 1398//1398 1397//1397 1402//1402
f 1402//1402 1397//1397 1403//1403
f 1403//1403 1397//1397 1404//1404
f 1404//1404 1397//1397 1405//1405
f 1405//1405 1397//1397 1406//1406
f 1397//1397 1395//1395 1406//1406
f 1406//1406 1395//1395 1407//1407
f 1407//1407 1395//1395 1408//1408
f 1395//1395 1394//1394 1408//1408
f 1394//1394 1393//1393 1408//1408
f 1408//1408 1393//1393 1409//1409
f 1409//1409 1393//1393 1410//1410
f 1393//1393 1385//1385 1410//1410
f 1410//1410 1385//1385 1411//1411
f 1385//1385 1389//1389 1411//1411
f 1389//1389 1381//1381 1411//1411
f 1411//1411 1381//1381 1412//1412
f 1381//1381 1380//1380 1412//1412
f 1412//1412 1380//1380 1413//1413
f 1380//1380 1379//1379 1413//1413
f 1413//1413 1379//1379 1414//1414
f 1379//1379 1378//1378 1414//1414
f 1412//1412 1413//1413 1411//1411
f 1411//1411 1413//1413 1410//1410
f 1410//1410 1413//1413 1409//1409
f 1413//1413 1415//1415 1409//1409
f 1415//1415 1416//1416 1409//1409
f 1409//1409 1416//1416 1408//1408
f 1416//1416 1417//1417 1408//1408
f 1417//1417 1418//1418 1408//1408
f 1408//1408 1418//1418 1407//1407
f 1418//1418 1419//1419 1407//1407
f 1407//1407 1419//1419 1406//1406
f 1419//1419 1420//1420 1406//1406
f 1406//1406 1420//1420 1405//1405
f 1420//1420 1421//1421 1405//1405
f 1405//1405 1421//1421 1404//1404
f 1421//1421 1422//1422 1404//1404
f 1404//1404 1422//1422 1423//1423
f 1422//1422 1424//1424 1423//1423
f 1423//1423 1424//1424 1425//1425
f 1425//1425 1424//1424 1426//1426
f 1426//1426 1424//1424 1427//1427
f 1424//1424 1421//1421 1427//1427
f 1427//1427 1421//1421 1428//1428
f 1421//1421 1420//1420 1428//1428
f 1428//1428 1420//1420 1429//1429
f 1429//1429 1420//1420 1430//1430
f 1420//1420 1419//1419 1430//1430
f 1430//1430 1419//1419 1431//1431
f 1431//1431 1419//1419 1432//1432
f 1419//1419 1418//1418 1432//1432
f 1432//1432 1418//1418 1433//1433
f 1418//1418 1434//1434 1433//1433
f 1433//1433 1434//1434 1435//1435
f 1435//1435 1434//1434 1417//1417
f 1434//1434 1418//1418 1417//1417
f 1414//1414 1415//1415 1413//1413
f 1404//1404 1423//1423 1403//1403
f 1424//1424 1422//1422 1421//1421
f 1435//1435 1436//1436 1433//1433
f 1433//1433 1436//1436 1437//1437
f 1436//1436 1438//1438 1437//1437
f 1437//1437 1438//1438 1439//1439
f 1439//1439 1438//1438 1440//1440
f 1440//1440 1438//1438 1441//1441
f 1438//1438 1435//1435 1441//1441
f 1441//1441 1435//1435 1442//1442
f 1435//1435 1417//1417 1442//1442
f 1442//1442 1417//1417 1443//1443
f 1417//1417 1416//1416 1443//1443
f 1443//1443 1416//1416 1444//1444
f 1416//1416 1415//1415 1444//1444
f 1444//1444 1415//1415 1445//1445
f 1415//1415 1414//1414 1445//1445
f 1414//1414 1378//1378 1445//1445
f 1378//1378 1388//1388 1445//1445
f 1388//1388 1446//1446 1445//1445
f 1446//1446 1447//1447 1445//1445
f 1445//1445 1447//1447 1444//1444
f 1447//1447 1448//1448 1444//1444
f 1448//1448 1449//1449 1444//1444
f 1444//1444 1449//1449 1443//1443
f 1449//1449 1450//1450 1443//1443
f 1450//1450 1451//1451 1443//1443
f 1443//1443 1451//1451 1442//1442
f 1451//1451 1452//1452 1442//1442
f 1442//1442 1452//1452 1441//1441
f 1452//1452 1453//1453 1441//1441
f 1453//1453 1454//1454 1441//1441
f 1441//1441 1454//1454 1440//1440
f 1454//1454 1455//1455 1440//1440
f 1455//1455 1456//1456 1440//1440
f 1440//1440 1456//1456 1439//1439
f 1456//1456 1457//1457 1439//1439
f 1457//1457 1458//1458 1439//1439
f 1439//1439 1458//1458 1437//1437
f 1458//1458 1459//1459 1437//1437
f 1437//1437 1459//1459 1433//1433
f 1459//1459 1460//1460 1433//1433
f 1433//1433 1460//1460 1432//1432
f 1460//1460 1461//1461 1432//1432
f 1432//1432 1461//1461 1431//1431
f 1438//1438 1436//1436 1435//1435
f 1453//1453 1452//1452 1451//1451
f 1461//1461 1460//1460 1388//1388
f 1460//1460 1459//1459 1388//1388
f 1388//1388 1459//1459 1446//1446
f 1459//1459 1458//1458 1446//1446
f 1446//1446 1458//1458 1447//1447
f 1447//1447 1458//1458 1448//1448
f 1458//1458 1462//1462 1448//1448
f 1448//1448 1462//1462 1449//1449
f 1449//1449 1462//1462 1450//1450
f 1462//1462 1463//1463 1450//1450
f 1450//1450 1463//1463 1451//1451
f 1463//1463 1464//1464 1451//1451
f 1451//1451 1464//1464 1453//1453
f 1458//1458 1457//1457 1462//1462
f 1462//1462 1457//1457 1465//1465
f 1457//1457 1456//1456 1465//1465
f 1465//1465 1466//1466 1462//1462
f 1462//1462 1466//1466 1463//1463
f 1466//1466 1467//1467 1463//1463
f 1463//1463 1467//1467 1464//1464
f 1467//1467 1468//1468 1464//1464
f 1464//1464 1468//1468 1453//1453
f 1468//1468 1469//1469 1453//1453
f 1453//1453 1469//1469 1454//1454
f 1469//1469 1470//1470 1454//1454
f 1454//1454 1470//1470 1455//1455
f 1470//1470 1469//1469 1455//1455
f 1455//1455 1469//1469 1467//1467
f 1469//1469 1468//1468 1467//1467
f 1465//1465 1471//1471 1466//1466
f 1471//1471 1472//1472 1466//1466
f 1466//1466 1472//1472 1467//1467
f 1472//1472 1471//1471 1467//1467
f 1467//1467 1471//1471 1455//1455
f 1471//1471 1473//1473 1455//1455
f 1455//1455 1473//1473 1456//1456
f 1473//1473 1471//1471 1456//1456
f 1456//1456 1471//1471 1465//1465
f 1474//1474 1476//1476 1475//1475
f 1475//1475 1476//1476 1477//1477
f 1477//1477 1476//1476 1478//1478
f 1478//1478 1476//1476 1479//1479
f 1476//1476 1480//1480 1479//1479
f 1479//1479 1480//1480 1481//1481
f 1480//1480 1482//1482 1481//1481
f 1481//1481 1482//1482 1483//1483
f 1483//1483 1482//1482 1484//1484
f 1482//1482 1474//1474 1484//1484
f 1484//1484 1474//1474 1475//1475
f 1476//1476 1474//1474 1480//1480
f 1480//1480 1474//1474 1482//1482
f 1326//1326 1485//1485 1483//1483
f 1483//1483 1485//1485 1481//1481
f 1485//1485 1326//1326 1327//1327
f 1326//1326 1483//1483 1325//1325
f 1483//1483 1486//1486 1325//1325
f 1325//1325 1486//1486 1487//1487
f 1486//1486 1484//1484 1487//1487
f 1487//1487 1484//1484 1488//1488
f 1484//1484 1475//1475 1488//1488
f 1488//1488 1475//1475 1489//1489
f 1475//1475 1477//1477 1489//1489
f 1489//1489 1477//1477 1490//1490
f 1490//1490 1477//1477 1491//1491
f 1477//1477 1478//1478 1491//1491
f 1491//1491 1478//1478 1492//1492
f 1478//1478 1479//1479 1492//1492
f 1484//1484 1486//1486 1483//1483
f 1325//1325 1487//1487 1324//1324
f 1324//1324 1487//1487 1493//1493
f 1487//1487 1490//1490 1493//1493
f 1493//1493 1490//1490 1494//1494
f 1490//1490 1491//1491 1494//1494
f 1494//1494 1491//1491 1492//1492
f 1489//1489 1490//1490 1488//1488
f 1488//1488 1490//1490 1487//1487
f 1493//1493 1495//1495 1324//1324
f 1324//1324 1495//1495 1316//1316
f 1495//1495 1496//1496 1316//1316
f 1316//1316 1496//1496 1317//1317
f 1496//1496 1497//1497 1317//1317
f 1317//1317 1497//1497 1318//1318
f 1318//1318 1497//1497 1327//1327
f 1327//1327 1497//1497 1485//1485
f 1485//1485 1497//1497 1481//1481
f 1497//1497 1498//1498 1481//1481
f 1481//1481 1498//1498 1479//1479
f 1479//1479 1498//1498 1492//1492
f 1498//1498 1497//1497 1492//1492
f 1497//1497 1496//1496 1492//1492
f 1492//1492 1496//1496 1494//1494
f 1494//1494 1496//1496 1493//1493
f 1496//1496 1495//1495 1493//1493
f 1499//1499 1500//1500 1501//1501
f 1501//1501 1500//1500 1502//1502
f 1500//1500 1503//1503 1502//1502
f 1502//1502 1503//1503 1504//1504
f 1503//1503 1505//1505 1504//1504
f 1504//1504 1505//1505 1506//1506
f 1500//1500 1499//1499 1503//1503
f 1503//1503 1499//1499 1505//1505
f 1504//1504 1507//1507 1502//1502
f 1507//1507 1508//1508 1502//1502
f 1502//1502 1508//1508 1501//1501
f 1508//1508 1425//1425 1501//1501
f 1425//1425 1426//1426 1501//1501
f 1501//1501 1426//1426 1499//1499
f 1426//1426 1427//1427 1499//1499
f 1499//1499 1427//1427 1509//1509
f 1427//1427 1428//1428 1509//1509
f 1509//1509 1428//1428 1505//1505
f 1505//1505 1428//1428 1506//1506
f 1428//1428 1429//1429 1506//1506
f 1429//1429 1510//1510 1506//1506
f 1506//1506 1510//1510 1504//1504
f 1504//1504 1510//1510 1507//1507
f 1510//1510 1511//1511 1507//1507
f 1507//1507 1511//1511 1512//1512
f 1511//1511 1513//1513 1512//1512
f 1512//1512 1513//1513 1403//1403
f 1513//1513 1402//1402 1403//1403
f 1509//1509 1505//1505 1499//1499
f 1507//1507 1512//1512 1508//1508
f 1508//1508 1512//1512 1423//1423
f 1512//1512 1403//1403 1423//1423
f 1425//1425 1508//1508 1423//1423
f 1429//1429 1430//1430 1510//1510
f 1510//1510 1430//1430 1514//1514
f 1430//1430 1431//1431 1514//1514
f 1514//1514 1431//1431 1515//1515
f 1431//1431 1461//1461 1515//1515
f 1515//1515 1461//1461 1516//1516
f 1461//1461 1399//1399 1516//1516
f 1399//1399 1400//1400 1516//1516
f 1400//1400 1517//1517 1516//1516
f 1517//1517 1518//1518 1516//1516
f 1516//1516 1518//1518 1515//1515
f 1518//1518 1519//1519 1515//1515
f 1519//1519 1513//1513 1515//1515
f 1515//1515 1513//1513 1514//1514
f 1513//1513 1511//1511 1514//1514
f 1514//1514 1511//1511 1510//1510
f 1461//1461 1388//1388 1399//1399
f 1519//1519 1518//1518 1520//1520
f 1518//1518 1517//1517 1520//1520
f 1520//1520 1517//1517 1521//1521
f 1517//1517 1522//1522 1521//1521
f 1521//1521 1522//1522 1523//1523
f 1523//1523 1522//1522 1524//1524
f 1522//1522 1401//1401 1524//1524
f 1524//1524 1401//1401 1402//1402
f 1517//1517 1400//1400 1522//1522
f 1522//1522 1400//1400 1401//1401
f 1523//1523 1525//1525 1521//1521
f 1521//1521 1525//1525 1520//1520
f 1525//1525 1523//1523 1526//1526
f 1526//1526 1523//1523 1527//1527
f 1523//1523 1524//1524 1527//1527
f 1527//1527 1524//1524 1528//1528
f 1524//1524 1402//1402 1528//1528
f 1528//1528 1402//1402 1529//1529
f 1402//1402 1513//1513 1529//1529
f 1529//1529 1513//1513 1530//1530
f 1513//1513 1519//1519 1530//1530
f 1530//1530 1519//1519 1531//1531
f 1519//1519 1520//1520 1531//1531
f 1531//1531 1520//1520 1532//1532
f 1520//1520 1525//1525 1532//1532
f 1530//1530 1533//1533 1529//1529
f 1533//1533 1528//1528 1529//1529
f 1533//1533 1530//1530 1534//1534
f 1530//1530 1531//1531 1534//1534
f 1534//1534 1531//1531 1535//1535
f 1531//1531 1532//1532 1535//1535
f 1535//1535 1532//1532 1536//1536
f 1532//1532 1525//1525 1536//1536
f 1536//1536 1525//1525 1537//1537
f 1525//1525 1526//1526 1537//1537
f 1537//1537 1526//1526 1538//1538
f 1526//1526 1527//1527 1538//1538
f 1538//1538 1527//1527 1539//1539
f 1527//1527 1528//1528 1539//1539
f 1539//1539 1540//1540 1538//1538
f 1538//1538 1540//1540 1537//1537
f 1537//1537 1540//1540 1536//1536
f 1540//1540 1541//1541 1536//1536
f 1536//1536 1541//1541 1535//1535
f 1541//1541 1542//1542 1535//1535
f 1535//1535 1542//1542 1534//1534
f 1542//1542 1543//1543 1534//1534
f 1534//1534 1543//1543 1533//1533
f 1533//1533 1543//1543 1528//1528
f 1528//1528 1543//1543 1539//1539
f 1539//1539 1543//1543 1540//1540
f 1540//1540 1543//1543 1541//1541
f 1543//1543 1542//1542 1541//1541
f 1544//1544 1545//1545 1546//1546
f 1545//1545 1547//1547 1546//1546
f 1546//1546 1547//1547 1548//1548
f 1547//1547 1549//1549 1548//1548
f 1549//1549 1550//1550 1548//1548
f 1550//1550 1551//1551 1548//1548
f 1548//1548 1551//1551 1546//1546
f 1551//1551 1552//1552 1546//1546
f 1546//1546 1552//1552 1544//1544
f 1547//1547 1545//1545 1553//1553
f 1553//1553 1545//1545 1544//1544
f 1553//1553 1549//1549 1547//1547
f 1549//1549 1554//1554 1550//1550
f 1554//1554 1555//1555 1550//1550
f 1555//1555 1556//1556 1550//1550
f 1550//1550 1556//1556 1551//1551
f 1556//1556 1557//1557 1551//1551
f 1551//1551 1557//1557 1552//1552
f 1549//1549 1553//1553 1554//1554
f 1554//1554 1553//1553 1558//1558
f 1558//1558 1553//1553 1559//1559
f 1553//1553 1560//1560 1559//1559
f 1559//1559 1560//1560 1561//1561
f 1560//1560 1544//1544 1561//1561
f 1561//1561 1544//1544 1562//1562
f 1544//1544 1552//1552 1562//1562
f 1562//1562 1552//1552 1563//1563
f 1552//1552 1557//1557 1563//1563
f 1563//1563 1557//1557 1564//1564
f 1557//1557 1565//1565 1564//1564
f 1564//1564 1565//1565 1566//1566
f 1566//1566 1565//1565 1567//1567
f 1565//1565 1556//1556 1567//1567
f 1567//1567 1556//1556 1568//1568
f 1556//1556 1555//1555 1568//1568
f 1555//1555 1554//1554 1568//1568
f 1554//1554 1569//1569 1568//1568
f 1568//1568 1569//1569 1570//1570
f 1569//1569 1571//1571 1570//1570
f 1570//1570 1571//1571 1567//1567
f 1571//1571 1572//1572 1567//1567
f 1572//1572 1573//1573 1567//1567
f 1567//1567 1573//1573 1566//1566
f 1573//1573 1574//1574 1566//1566
f 1566//1566 1574//1574 1564//1564
f 1574//1574 1575//1575 1564//1564
f 1575//1575 1576//1576 1564//1564
f 1564//1564 1576//1576 1563//1563
f 1576//1576 1577//1577 1563//1563
f 1563//1563 1577//1577 1561//1561
f 1561//1561 1577//1577 1559//1559
f 1577//1577 1578//1578 1559//1559
f 1559//1559 1578//1578 1558//1558
f 1578//1578 1579//1579 1558//1558
f 1558//1558 1579//1579 1554//1554
f 1554//1554 1579//1579 1580//1580
f 1580//1580 1579//1579 1581//1581
f 1581//1581 1579//1579 1582//1582
f 1579//1579 1578//1578 1582//1582
f 1582//1582 1578//1578 1583//1583
f 1578//1578 1577//1577 1583//1583
f 1577//1577 1576//1576 1583//1583
f 1576//1576 1584//1584 1583//1583
f 1583//1583 1584//1584 1585//1585
f 1584//1584 1586//1586 1585//1585
f 1585//1585 1586//1586 1582//1582
f 1586//1586 1587//1587 1582//1582
f 1587//1587 1588//1588 1582//1582
f 1582//1582 1588//1588 1581//1581
f 1588//1588 1589//1589 1581//1581
f 1581//1581 1589//1589 1580//1580
f 1557//1557 1556//1556 1565//1565
f 1553//1553 1544//1544 1560//1560
f 1561//1561 1562//1562 1563//1563
f 1567//1567 1568//1568 1570//1570
f 1582//1582 1583//1583 1585//1585
f 1587//1587 1590//1590 1588//1588
f 1590//1590 1591//1591 1588//1588
f 1591//1591 1592//1592 1588//1588
f 1588//1588 1592//1592 1589//1589
f 1590//1590 1587//1587 1593//1593
f 1587//1587 1586//1586 1593//1593
f 1593//1593 1586//1586 1594//1594
f 1586//1586 1584//1584 1594//1594
f 1594//1594 1584//1584 1595//1595
f 1584//1584 1576//1576 1595//1595
f 1595//1595 1576//1576 1596//1596
f 1596//1596 1576//1576 1597//1597
f 1576//1576 1575//1575 1597//1597
f 1575//1575 1598//1598 1597//1597
f 1597//1597 1598//1598 1599//1599
f 1598//1598 1600//1600 1599//1599
f 1599//1599 1600//1600 1554//1554
f 1554//1554 1600//1600 1569//1569
f 1600//1600 1601//1601 1569//1569
f 1569//1569 1601//1601 1571//1571
f 1597//1597 1599//1599 1554//1554
f 1598//1598 1602//1602 1600//1600
f 1602//1602 1603//1603 1600//1600
f 1600//1600 1603//1603 1601//1601
f 1598//1598 1575//1575 1602//1602
f 1602//1602 1575//1575 1604//1604
f 1575//1575 1574//1574 1604//1604
f 1604//1604 1574//1574 1605//1605
f 1574//1574 1573//1573 1605//1605
f 1605//1605 1573//1573 1606//1606
f 1606//1606 1573//1573 1607//1607
f 1573//1573 1572//1572 1607//1607
f 1572//1572 1571//1571 1607//1607
f 1607//1607 1571//1571 1608//1608
f 1571//1571 1609//1609 1608//1608
f 1609//1609 1610//1610 1608//1608
f 1608//1608 1610//1610 1607//1607
f 1610//1610 1611//1611 1607//1607
f 1607//1607 1611//1611 1606//1606
f 1611//1611 1612//1612 1606//1606
f 1612//1612 1613//1613 1606//1606
f 1613//1613 1614//1614 1606//1606
f 1606//1606 1614//1614 1605//1605
f 1614//1614 1615//1615 1605//1605
f 1605//1605 1615//1615 1604//1604
f 1615//1615 1616//1616 1604//1604
f 1604//1604 1616//1616 1602//1602
f 1602//1602 1616//1616 1603//1603
f 1616//1616 1617//1617 1603//1603
f 1603//1603 1617//1617 1601//1601
f 1617//1617 1609//1609 1601//1601
f 1601//1601 1609//1609 1571//1571
f 1617//1617 1618//1618 1609//1609
f 1618//1618 1619//1619 1609//1609
f 1609//1609 1619//1619 1610//1610
f 1619//1619 1620//1620 1610//1610
f 1620//1620 1621//1621 1610//1610
f 1610//1610 1621//1621 1611//1611
f 1621//1621 1622//1622 1611//1611
f 1622//1622 1623//1623 1611//1611
f 1611//1611 1623//1623 1612//1612
f 1620//1620 1619//1619 1624//1624
f 1619//1619 1618//1618 1624//1624
f 1624//1624 1618//1618 1625//1625
f 1625//1625 1618//1618 1626//1626
f 1626//1626 1618//1618 1627//1627
f 1618//1618 1617//1617 1627//1627
f 1627//1627 1617//1617 1628//1628
f 1628//1628 1617//1617 1629//1629
f 1617//1617 1616//1616 1629//1629
f 1629//1629 1616//1616 1630//1630
f 1616//1616 1615//1615 1630//1630
f 1630//1630 1615//1615 1631//1631
f 1615//1615 1614//1614 1631//1631
f 1631//1631 1614//1614 1632//1632
f 1632//1632 1614//1614 1633//1633
f 1614//1614 1634//1634 1633//1633
f 1633//1633 1634//1634 1635//1635
f 1634//1634 1626//1626 1635//1635
f 1635//1635 1626//1626 1627//1627
f 1614//1614 1613//1613 1634//1634
f 1634//1634 1613//1613 1636//1636
f 1613//1613 1612//1612 1636//1636
f 1636//1636 1612//1612 1637//1637
f 1612//1612 1623//1623 1637//1637
f 1626//1626 1634//1634 1625//1625
f 1634//1634 1638//1638 1625//1625
f 1625//1625 1638//1638 1639//1639
f 1638//1638 1636//1636 1639//1639
f 1639//1639 1636//1636 1637//1637
f 1636//1636 1638//1638 1634//1634
f 1620//1620 1624//1624 1640//1640
f 1624//1624 1625//1625 1640//1640
f 1640//1640 1625//1625 1641//1641
f 1625//1625 1639//1639 1641//1641
f 1639//1639 1642//1642 1641//1641
f 1641//1641 1642//1642 1640//1640
f 1642//1642 1643//1643 1640//1640
f 1640//1640 1643//1643 1620//1620
f 1643//1643 1644//1644 1620//1620
f 1644//1644 1645//1645 1620//1620
f 1620//1620 1645//1645 1621//1621
f 1645//1645 1646//1646 1621//1621
f 1621//1621 1646//1646 1622//1622
f 1622//1622 1646//1646 1623//1623
f 1646//1646 1647//1647 1623//1623
f 1623//1623 1647//1647 1637//1637
f 1647//1647 1648//1648 1637//1637
f 1648//1648 1649//1649 1637//1637
f 1637//1637 1649//1649 1639//1639
f 1639//1639 1649//1649 1642//1642
f 1649//1649 1650//1650 1642//1642
f 1642//1642 1650//1650 1651//1651
f 1651//1651 1650//1650 1652//1652
f 1650//1650 1648//1648 1652//1652
f 1652//1652 1648//1648 1653//1653
f 1648//1648 1654//1654 1653//1653
f 1653//1653 1654//1654 1655//1655
f 1654//1654 1646//1646 1655//1655
f 1646//1646 1645//1645 1655//1655
f 1655//1655 1645//1645 1656//1656
f 1645//1645 1644//1644 1656//1656
f 1644//1644 1657//1657 1656//1656
f 1657//1657 1658//1658 1656//1656
f 1656//1656 1658//1658 1655//1655
f 1658//1658 1659//1659 1655//1655
f 1655//1655 1659//1659 1653//1653
f 1646//1646 1654//1654 1647//1647
f 1647//1647 1654//1654 1648//1648
f 1650//1650 1649//1649 1648//1648
f 1642//1642 1660//1660 1643//1643
f 1643//1643 1660//1660 1644//1644
f 1660//1660 1661//1661 1644//1644
f 1644//1644 1661//1661 1657//1657
f 1661//1661 1662//1662 1657//1657
f 1657//1657 1662//1662 1658//1658
f 1662//1662 1663//1663 1658//1658
f 1658//1658 1663//1663 1659//1659
f 1642//1642 1651//1651 1660//1660
f 1660//1660 1651//1651 1664//1664
f 1664//1664 1651//1651 1665//1665
f 1651//1651 1652//1652 1665//1665
f 1665//1665 1652//1652 1666//1666
f 1652//1652 1667//1667 1666//1666
f 1666//1666 1667//1667 1668//1668
f 1668//1668 1667//1667 1669//1669
f 1669//1669 1667//1667 1653//1653
f 1667//1667 1652//1652 1653//1653
f 1661//1661 1660//1660 1664//1664
f 1668//1668 1670//1670 1666//1666
f 1666//1666 1670//1670 1665//1665
f 1670//1670 1671//1671 1665//1665
f 1665//1665 1671//1671 1672//1672
f 1672//1672 1671//1671 1673//1673
f 1671//1671 1670//1670 1673//1673
f 1673//1673 1670//1670 1674//1674
f 1674//1674 1670//1670 1675//1675
f 1670//1670 1668//1668 1675//1675
f 1665//1665 1672//1672 1664//1664
f 1672//1672 1676//1676 1664//1664
f 1664//1664 1676//1676 1661//1661
f 1676//1676 1672//1672 1677//1677
f 1677//1677 1672//1672 1678//1678
f 1672//1672 1673//1673 1678//1678
f 1678//1678 1673//1673 1679//1679
f 1673//1673 1674//1674 1679//1679
f 1679//1679 1674//1674 1680//1680
f 1680//1680 1674//1674 1681//1681
f 1674//1674 1675//1675 1681//1681
f 1681//1681 1675//1675 1682//1682
f 1675//1675 1668//1668 1682//1682
f 1682//1682 1668//1668 1683//1683
f 1668//1668 1669//1669 1683//1683
f 1683//1683 1669//1669 1684//1684
f 1669//1669 1685//1685 1684//1684
f 1684//1684 1685//1685 1686//1686
f 1686//1686 1685//1685 1687//1687
f 1685//1685 1653//1653 1687//1687
f 1687//1687 1653//1653 1688//1688
f 1653//1653 1659//1659 1688//1688
f 1688//1688 1659//1659 1689//1689
f 1659//1659 1663//1663 1689//1689
f 1689//1689 1663//1663 1690//1690
f 1663//1663 1662//1662 1690//1690
f 1690//1690 1662//1662 1691//1691
f 1691//1691 1662//1662 1692//1692
f 1662//1662 1661//1661 1692//1692
f 1692//1692 1661//1661 1693//1693
f 1661//1661 1676//1676 1693//1693
f 1653//1653 1685//1685 1669//1669
f 1693//1693 1694//1694 1692//1692
f 1692//1692 1694//1694 1691//1691
f 1682//1682 1683//1683 1695//1695
f 1695//1695 1683//1683 1696//1696
f 1683//1683 1684//1684 1696//1696
f 1696//1696 1684//1684 1697//1697
f 1684//1684 1698//1698 1697//1697
f 1697//1697 1698//1698 1676//1676
f 1676//1676 1698//1698 1693//1693
f 1698//1698 1684//1684 1693//1693
f 1684//1684 1686//1686 1693//1693
f 1693//1693 1686//1686 1694//1694
f 1676//1676 1677//1677 1697//1697
f 1697//1697 1677//1677 1699//1699
f 1677//1677 1700//1700 1699//1699
f 1699//1699 1700//1700 1701//1701
f 1700//1700 1678//1678 1701//1701
f 1701//1701 1678//1678 1702//1702
f 1678//1678 1679//1679 1702//1702
f 1702//1702 1679//1679 1703//1703
f 1679//1679 1680//1680 1703//1703
f 1703//1703 1680//1680 1704//1704
f 1680//1680 1681//1681 1704//1704
f 1704//1704 1681//1681 1705//1705
f 1705//1705 1681//1681 1706//1706
f 1681//1681 1682//1682 1706//1706
f 1682//1682 1707//1707 1706//1706
f 1706//1706 1707//1707 1705//1705
f 1696//1696 1697//1697 1695//1695
f 1697//1697 1699//1699 1695//1695
f 1695//1695 1699//1699 1707//1707
f 1707//1707 1699//1699 1708//1708
f 1699//1699 1701//1701 1708//1708
f 1708//1708 1701//1701 1709//1709
f 1701//1701 1710//1710 1709//1709
f 1709//1709 1710//1710 1711//1711
f 1710//1710 1704//1704 1711//1711
f 1704//1704 1705//1705 1711//1711
f 1705//1705 1707//1707 1711//1711
f 1707//1707 1708//1708 1711//1711
f 1711//1711 1708//1708 1709//1709
f 1700//1700 1677//1677 1678//1678
f 1701//1701 1702//1702 1710//1710
f 1702//1702 1703//1703 1710//1710
f 1710//1710 1703//1703 1704//1704
f 1707//1707 1682//1682 1695//1695
f 1590//1590 1593//1593 1712//1712
f 1593//1593 1713//1713 1712//1712
f 1712//1712 1713//1713 1714//1714
f 1714//1714 1713//1713 1715//1715
f 1713//1713 1593//1593 1715//1715
f 1590//1590 1712//1712 1591//1591
f 1712//1712 1716//1716 1591//1591
f 1591//1591 1716//1716 1592//1592
f 1716//1716 1717//1717 1592//1592
f 1592//1592 1717//1717 1589//1589
f 1717//1717 1718//1718 1589//1589
f 1718//1718 1719//1719 1589//1589
f 1589//1589 1719//1719 1580//1580
f 1719//1719 1597//1597 1580//1580
f 1580//1580 1597//1597 1554//1554
f 1597//1597 1719//1719 1596//1596
f 1596//1596 1719//1719 1720//1720
f 1719//1719 1718//1718 1720//1720
f 1720//1720 1718//1718 1721//1721
f 1718//1718 1717//1717 1721//1721
f 1721//1721 1717//1717 1722//1722
f 1717//1717 1716//1716 1722//1722
f 1716//1716 1712//1712 1722//1722
f 1712//1712 1714//1714 1722//1722
f 1722//1722 1714//1714 1721//1721
f 1714//1714 1723//1723 1721//1721
f 1721//1721 1723//1723 1720//1720
f 1723//1723 1724//1724 1720//1720
f 1720//1720 1724//1724 1595//1595
f 1595//1595 1724//1724 1594//1594
f 1724//1724 1723//1723 1594//1594
f 1594//1594 1723//1723 1715//1715
f 1723//1723 1714//1714 1715//1715
f 1593//1593 1594//1594 1715//1715
f 1720//1720 1595//1595 1596//1596
f 1725//1725 1726//1726 1727//1727
f 1726//1726 1728//1728 1727//1727
f 1727//1727 1729//1729 1725//1725
f 1729//1729 1730//1730 1725//1725
f 1725//1725 1730//1730 1726//1726
f 1730//1730 1729//1729 1731//1731
f 1731//1731 1729//1729 1732//1732
f 1729//1729 1727//1727 1732//1732
f 1732//1732 1727//1727 1733//1733
f 1727//1727 1734//1734 1733//1733
f 1734//1734 1735//1735 1733//1733
f 1733//1733 1735//1735 1732//1732
f 1735//1735 1736//1736 1732//1732
f 1732//1732 1736//1736 1731//1731
f 1736//1736 1737//1737 1731//1731
f 1737//1737 1738//1738 1731//1731
f 1731//1731 1738//1738 1730//1730
f 1738//1738 1739//1739 1730//1730
f 1730//1730 1739//1739 1726//1726
f 1739//1739 1740//1740 1726//1726
f 1726//1726 1740//1740 1728//1728
f 1740//1740 1741//1741 1728//1728
f 1741//1741 1734//1734 1728//1728
f 1728//1728 1734//1734 1727//1727
f 1735//1735 1742//1742 1736//1736
f 1736//1736 1742//1742 1737//1737
f 1741//1741 1740//1740 1743//1743
f 1740//1740 1739//1739 1743//1743
f 1743//1743 1739//1739 1744//1744
f 1739//1739 1738//1738 1744//1744
f 1744//1744 1738//1738 1745//1745
f 1738//1738 1737//1737 1745//1745
f 1745//1745 1737//1737 1746//1746
f 1746//1746 1737//1737 1747//1747
f 1737//1737 1742//1742 1747//1747
f 1747//1747 1742//1742 1748//1748
f 1742//1742 1735//1735 1748//1748
f 1748//1748 1735//1735 1749//1749
f 1735//1735 1734//1734 1749//1749
f 1734//1734 1741//1741 1749//1749
f 1749//1749 1741//1741 1750//1750
f 1741//1741 1743//1743 1750//1750
f 1743//1743 1751//1751 1750//1750
f 1750//1750 1751//1751 1749//1749
f 1751//1751 1752//1752 1749//1749
f 1749//1749 1752//1752 1748//1748
f 1752//1752 1691//1691 1748//1748
f 1691//1691 1694//1694 1748//1748
f 1748//1748 1694//1694 1747//1747
f 1694//1694 1753//1753 1747//1747
f 1747//1747 1753//1753 1746//1746
f 1753//1753 1754//1754 1746//1746
f 1754//1754 1755//1755 1746//1746
f 1746//1746 1755//1755 1745//1745
f 1745//1745 1755//1755 1744//1744
f 1755//1755 1756//1756 1744//1744
f 1744//1744 1756//1756 1743//1743
f 1743//1743 1756//1756 1751//1751
f 1756//1756 1690//1690 1751//1751
f 1751//1751 1690//1690 1752//1752
f 1690//1690 1691//1691 1752//1752
f 1694//1694 1686//1686 1753//1753
f 1686//1686 1687//1687 1753//1753
f 1753//1753 1687//1687 1754//1754
f 1690//1690 1756//1756 1757//1757
f 1757//1757 1756//1756 1755//1755
f 1690//1690 1757//1757 1689//1689
f 1757//1757 1758//1758 1689//1689
f 1758//1758 1759//1759 1689//1689
f 1689//1689 1759//1759 1688//1688
f 1759//1759 1760//1760 1688//1688
f 1688//1688 1760//1760 1687//1687
f 1687//1687 1760//1760 1754//1754
f 1760//1760 1761//1761 1754//1754
f 1761//1761 1762//1762 1754//1754
f 1754//1754 1762//1762 1755//1755
f 1762//1762 1763//1763 1755//1755
f 1755//1755 1763//1763 1764//1764
f 1763//1763 1765//1765 1764//1764
f 1765//1765 1766//1766 1764//1764
f 1764//1764 1766//1766 1757//1757
f 1766//1766 1767//1767 1757//1757
f 1757//1757 1767//1767 1758//1758
f 1767//1767 1768//1768 1758//1758
f 1758//1758 1768//1768 1759//1759
f 1768//1768 1769//1769 1759//1759
f 1759//1759 1769//1769 1760//1760
f 1760//1760 1769//1769 1761//1761
f 1769//1769 1770//1770 1761//1761
f 1761//1761 1770//1770 1762//1762
f 1764//1764 1757//1757 1755//1755
f 1770//1770 1769//1769 1771//1771
f 1769//1769 1768//1768 1771//1771
f 1771//1771 1768//1768 1772//1772
f 1768//1768 1767//1767 1772//1772
f 1772//1772 1767//1767 1773//1773
f 1767//1767 1766//1766 1773//1773
f 1773//1773 1766//1766 1774//1774
f 1774//1774 1766//1766 1775//1775
f 1766//1766 1765//1765 1775//1775
f 1775//1775 1765//1765 1776//1776
f 1765//1765 1763//1763 1776//1776
f 1776//1776 1763//1763 1777//1777
f 1763//1763 1762//1762 1777//1777
f 1762//1762 1770//1770 1777//1777
f 1770//1770 1778//1778 1777//1777
f 1777//1777 1778//1778 1779//1779
f 1778//1778 1780//1780 1779//1779
f 1779//1779 1780//1780 1781//1781
f 1780//1780 1782//1782 1781//1781
f 1781//1781 1782//1782 1775//1775
f 1782//1782 1783//1783 1775//1775
f 1775//1775 1783//1783 1774//1774
f 1783//1783 1784//1784 1774//1774
f 1774//1774 1784//1784 1773//1773
f 1777//1777 1779//1779 1776//1776
f 1779//1779 1781//1781 1776//1776
f 1776//1776 1781//1781 1775//1775
f 1782//1782 1780//1780 1783//1783
f 1783//1783 1780//1780 1785//1785
f 1780//1780 1786//1786 1785//1785
f 1785//1785 1786//1786 1784//1784
f 1784//1784 1786//1786 1787//1787
f 1786//1786 1772//1772 1787//1787
f 1772//1772 1773//1773 1787//1787
f 1787//1787 1773//1773 1784//1784
f 1783//1783 1785//1785 1784//1784
f 1780//1780 1778//1778 1786//1786
f 1778//1778 1770//1770 1786//1786
f 1770//1770 1771//1771 1786//1786
f 1786//1786 1771//1771 1772//1772
f 1788//1788 1790//1790 1789//1789
f 1789//1789 1790//1790 1791//1791
f 1790//1790 1788//1788 1792//1792
f 1792//1792 1788//1788 1793//1793
f 1793//1793 1788//1788 1794//1794
f 1788//1788 1789//1789 1794//1794
f 1793//1793 1795//1795 1792//1792
f 1795//1795 1796//1796 1792//1792
f 1792//1792 1796//1796 1790//1790
f 1796//1796 1797//1797 1790//1790
f 1790//1790 1797//1797 1791//1791
f 1797//1797 1796//1796 1798//1798
f 1798//1798 1796//1796 1799//1799
f 1796//1796 1795//1795 1799//1799
f 1799//1799 1795//1795 1800//1800
f 1795//1795 1793//1793 1800//1800
f 1800//1800 1793//1793 1801//1801
f 1793//1793 1794//1794 1801//1801
f 1801//1801 1802//1802 1800//1800
f 1802//1802 1803//1803 1800//1800
f 1800//1800 1803//1803 1799//1799
f 1803//1803 1804//1804 1799//1799
f 1799//1799 1804//1804 1798//1798
f 1804//1804 1805//1805 1798//1798
f 1798//1798 1805//1805 1806//1806
f 1805//1805 1807//1807 1806//1806
f 1806//1806 1807//1807 1797//1797
f 1797//1797 1807//1807 1791//1791
f 1807//1807 1808//1808 1791//1791
f 1791//1791 1808//1808 1789//1789
f 1808//1808 1809//1809 1789//1789
f 1789//1789 1809//1809 1794//1794
f 1809//1809 1810//1810 1794//1794
f 1794//1794 1810//1810 1801//1801
f 1797//1797 1798//1798 1806//1806
f 1809//1809 1808//1808 1810//1810
f 1810//1810 1808//1808 1811//1811
f 1808//1808 1807//1807 1811//1811
f 1811//1811 1807//1807 1812//1812
f 1807//1807 1805//1805 1812//1812
f 1812//1812 1805//1805 1813//1813
f 1805//1805 1804//1804 1813//1813
f 1813//1813 1804//1804 1814//1814
f 1804//1804 1803//1803 1814//1814
f 1803//1803 1815//1815 1814//1814
f 1814//1814 1815//1815 1816//1816
f 1816//1816 1815//1815 1817//1817
f 1817//1817 1815//1815 1818//1818
f 1815//1815 1819//1819 1818//1818
f 1818//1818 1819//1819 1820//1820
f 1814//1814 1816//1816 1813//1813
f 1813//1813 1816//1816 1812//1812
f 1819//1819 1815//1815 1821//1821
f 1821//1821 1815//1815 1822//1822
f 1815//1815 1803//1803 1822//1822
f 1822//1822 1803//1803 1823//1823
f 1803//1803 1802//1802 1823//1823
f 1823//1823 1802//1802 1824//1824
f 1802//1802 1801//1801 1824//1824
f 1824//1824 1801//1801 1825//1825
f 1801//1801 1810//1810 1825//1825
f 1810//1810 1811//1811 1825//1825
f 1825//1825 1811//1811 1826//1826
f 1811//1811 1812//1812 1826//1826
f 1826//1826 1812//1812 1827//1827
f 1827//1827 1812//1812 1828//1828
f 1812//1812 1816//1816 1828//1828
f 1828//1828 1816//1816 1829//1829
f 1829//1829 1816//1816 1830//1830
f 1816//1816 1817//1817 1830//1830
f 1830//1830 1817//1817 1831//1831
f 1831//1831 1817//1817 1832//1832
f 1817//1817 1818//1818 1832//1832
f 1832//1832 1818//1818 1833//1833
f 1818//1818 1820//1820 1833//1833
f 1833//1833 1820//1820 1834//1834
f 1834//1834 1820//1820 1835//1835
f 1820//1820 1819//1819 1835//1835
f 1835//1835 1819//1819 1836//1836
f 1836//1836 1819//1819 1837//1837
f 1819//1819 1821//1821 1837//1837
f 1837//1837 1821//1821 1838//1838
f 1821//1821 1822//1822 1838//1838
f 1838//1838 1822//1822 1839//1839
f 1822//1822 1823//1823 1839//1839
f 1839//1839 1823//1823 1840//1840
f 1823//1823 1824//1824 1840//1840
f 1825//1825 1826//1826 1841//1841
f 1826//1826 1827//1827 1841//1841
f 1840//1840 1842//1842 1839//1839
f 1839//1839 1842//1842 1838//1838
f 1842//1842 1843//1843 1838//1838
f 1838//1838 1843//1843 1837//1837
f 1843//1843 1844//1844 1837//1837
f 1844//1844 1845//1845 1837//1837
f 1837//1837 1845//1845 1836//1836
f 1836//1836 1845//1845 1835//1835
f 1845//1845 1846//1846 1835//1835
f 1835//1835 1846//1846 1834//1834
f 1846//1846 1845//1845 1847//1847
f 1847//1847 1845//1845 1848//1848
f 1845//1845 1844//1844 1848//1848
f 1848//1848 1844//1844 1849//1849
f 1844//1844 1843//1843 1849//1849
f 1849//1849 1843//1843 1850//1850
f 1843//1843 1842//1842 1850//1850
f 1842//1842 1851//1851 1850//1850
f 1850//1850 1851//1851 1849//1849
f 1849//1849 1851//1851 1848//1848
f 1851//1851 1852//1852 1848//1848
f 1848//1848 1852//1852 1846//1846
f 1846//1846 1852//1852 1834//1834
f 1852//1852 1853//1853 1834//1834
f 1834//1834 1853//1853 1833//1833
f 1853//1853 1854//1854 1833//1833
f 1833//1833 1854//1854 1832//1832
f 1848//1848 1846//1846 1847//1847
f 1854//1854 1853//1853 1855//1855
f 1853//1853 1852//1852 1855//1855
f 1852//1852 1851//1851 1855//1855
f 1851//1851 1842//1842 1855//1855
f 1842//1842 1840//1840 1855//1855
f 1855//1855 1840//1840 1856//1856
f 1840//1840 1824//1824 1856//1856
f 1856//1856 1824//1824 1857//1857
f 1824//1824 1825//1825 1857//1857
f 1825//1825 1841//1841 1857//1857
f 1841//1841 1827//1827 1857//1857
f 1827//1827 1858//1858 1857//1857
f 1858//1858 1859//1859 1857//1857
f 1857//1857 1859//1859 1832//1832
f 1859//1859 1860//1860 1832//1832
f 1832//1832 1860//1860 1831//1831
f 1860//1860 1861//1861 1831//1831
f 1831//1831 1861//1861 1830//1830
f 1855//1855 1856//1856 1854//1854
f 1854//1854 1856//1856 1832//1832
f 1856//1856 1857//1857 1832//1832
f 1861//1861 1860//1860 1862//1862
f 1860//1860 1859//1859 1862//1862
f 1862//1862 1859//1859 1863//1863
f 1859//1859 1858//1858 1863//1863
f 1863//1863 1864//1864 1862//1862
f 1862//1862 1864//1864 1861//1861
f 1864//1864 1865//1865 1861//1861
f 1865//1865 1866//1866 1861//1861
f 1861//1861 1866//1866 1867//1867
f 1866//1866 1868//1868 1867//1867
f 1868//1868 1869//1869 1867//1867
f 1869//1869 1829//1829 1867//1867
f 1867//1867 1829//1829 1870//1870
f 1829//1829 1830//1830 1870//1870
f 1830//1830 1861//1861 1870//1870
f 1870//1870 1861//1861 1867//1867
f 1868//1868 1866//1866 1871//1871
f 1871//1871 1866//1866 1872//1872
f 1866//1866 1865//1865 1872//1872
f 1872//1872 1865//1865 1873//1873
f 1865//1865 1864//1864 1873//1873
f 1873//1873 1874//1874 1872//1872
f 1874//1874 1875//1875 1872//1872
f 1872//1872 1875//1875 1871//1871
f 1875//1875 1876//1876 1871//1871
f 1871//1871 1876//1876 1877//1877
f 1876//1876 1878//1878 1877//1877
f 1877//1877 1878//1878 497//497
f 497//497 1878//1878 487//487
f 487//487 1878//1878 488//488
f 1878//1878 1875//1875 488//488
f 488//488 1875//1875 489//489
f 1875//1875 1874//1874 489//489
f 489//489 1874//1874 490//490
f 1874//1874 1879//1879 490//490
f 490//490 1879//1879 493//493
f 1871//1871 1877//1877 1868//1868
f 1868//1868 1877//1877 495//495
f 495//495 1877//1877 496//496
f 1877//1877 497//497 496//496
f 1869//1869 1868//1868 495//495
f 1876//1876 1875//1875 1878//1878
f 1874//1874 1873//1873 1879//1879
f 1873//1873 1880//1880 1879//1879
f 1879//1879 1880//1880 493//493
f 1880//1880 1873//1873 1881//1881
f 1873//1873 1864//1864 1881//1881
f 1881//1881 1864//1864 1882//1882
f 1882//1882 1864//1864 1883//1883
f 1864//1864 1863//1863 1883//1883
f 1883//1883 1863//1863 1884//1884
f 1863//1863 1858//1858 1884//1884
f 1884//1884 1858//1858 1885//1885
f 1858//1858 1827//1827 1885//1885
f 1827//1827 1828//1828 1885//1885
f 1885//1885 1828//1828 1886//1886
f 1828//1828 1829//1829 1886//1886
f 1886//1886 1829//1829 1887//1887
f 1829//1829 1869//1869 1887//1887
f 1887//1887 1888//1888 1886//1886
f 1886//1886 1888//1888 1885//1885
f 1888//1888 1889//1889 1885//1885
f 1885//1885 1889//1889 1884//1884
f 1889//1889 1890//1890 1884//1884
f 1890//1890 1891//1891 1884//1884
f 1884//1884 1891//1891 1883//1883
f 1891//1891 1892//1892 1883//1883
f 1883//1883 1892//1892 1882//1882
f 1892//1892 1893//1893 1882//1882
f 1882//1882 1893//1893 1881//1881
f 1893//1893 1894//1894 1881//1881
f 1894//1894 1895//1895 1881//1881
f 1881//1881 1895//1895 1880//1880
f 1895//1895 1896//1896 1880//1880
f 1880//1880 1896//1896 493//493
f 1896//1896 1897//1897 493//493
f 493//493 1897//1897 494//494
f 1897//1897 1869//1869 494//494
f 494//494 1869//1869 495//495
f 1896//1896 1895//1895 1897//1897
f 1897//1897 1895//1895 1887//1887
f 1887//1887 1895//1895 1888//1888
f 1888//1888 1895//1895 1898//1898
f 1895//1895 1894//1894 1898//1898
f 1898//1898 1894//1894 1899//1899
f 1894//1894 1900//1900 1899//1899
f 1899//1899 1900//1900 1901//1901
f 1901//1901 1900//1900 1902//1902
f 1900//1900 1892//1892 1902//1902
f 1902//1902 1892//1892 1903//1903
f 1903//1903 1892//1892 1904//1904
f 1892//1892 1891//1891 1904//1904
f 1904//1904 1891//1891 1905//1905
f 1891//1891 1890//1890 1905//1905
f 1892//1892 1900//1900 1893//1893
f 1900//1900 1894//1894 1893//1893
f 1869//1869 1897//1897 1887//1887
f 1901//1901 1898//1898 1899//1899
f 1902//1902 1903//1903 1906//1906
f 1906//1906 1903//1903 1907//1907
f 1903//1903 1904//1904 1907//1907
f 1907//1907 1904//1904 1908//1908
f 1904//1904 1905//1905 1908//1908
f 1902//1902 1906//1906 1901//1901
f 1906//1906 1909//1909 1901//1901
f 1909//1909 1910//1910 1901//1901
f 1910//1910 1911//1911 1901//1901
f 1901//1901 1911//1911 1898//1898
f 1911//1911 1912//1912 1898//1898
f 1898//1898 1912//1912 1888//1888
f 1888//1888 1912//1912 1889//1889
f 1912//1912 1913//1913 1889//1889
f 1889//1889 1913//1913 1890//1890
f 1913//1913 1914//1914 1890//1890
f 1890//1890 1914//1914 1905//1905
f 1913//1913 1912//1912 1914//1914
f 1914//1914 1912//1912 1915//1915
f 1912//1912 1911//1911 1915//1915
f 1915//1915 1911//1911 1916//1916
f 1911//1911 1910//1910 1916//1916
f 1915//1915 1916//1916 1914//1914
f 1916//1916 1917//1917 1914//1914
f 1914//1914 1917//1917 1905//1905
f 1917//1917 1918//1918 1905//1905
f 1905//1905 1918//1918 1908//1908
f 1908//1908 1918//1918 1919//1919
f 1918//1918 1917//1917 1919//1919
f 1917//1917 1916//1916 1919//1919
f 1919//1919 1916//1916 1920//1920
f 1916//1916 1910//1910 1920//1920
f 1910//1910 1909//1909 1920//1920
f 1920//1920 1909//1909 1921//1921
f 1909//1909 1906//1906 1921//1921
f 1920//1920 1921//1921 1919//1919
f 1921//1921 1922//1922 1919//1919
f 1919//1919 1922//1922 1908//1908
f 1908//1908 1922//1922 1907//1907
f 1907//1907 1922//1922 1906//1906
f 1922//1922 1923//1923 1906//1906
f 1906//1906 1923//1923 1921//1921
f 1923//1923 1922//1922 1921//1921

