# Exported by Sketchfab Model Ripper robust edition
o model_5
v -23.398820877075195 287.0294494628906 43.435401916503906
v -22.531766891479492 284.17547607421875 42.98355484008789
v -23.540035247802734 286.75360107421875 43.44004821777344
v -22.668743133544922 283.951904296875 43.106346130371094
v -23.42141342163086 286.022705078125 43.46034622192383
v -22.606609344482422 283.5765380859375 43.46686553955078
v -22.506345748901367 283.42388916015625 44.09418869018555
v -21.18599510192871 279.8431701660156 45.153377532958984
v -21.19164276123047 279.55413818359375 45.99323272705078
v -20.670562744140625 276.39996337890625 46.471519470214844
v -20.742582321166992 275.9874572753906 47.284950256347656
v -20.981233596801758 271.2512512207031 47.14818572998047
v -21.24247932434082 270.6683654785156 48.04718780517578
v -21.57433319091797 265.3835754394531 47.31075668334961
v -21.777681350708008 269.8784484863281 48.67961502075195
v -21.87088394165039 264.7865905761719 47.812599182128906
v -22.324180603027344 268.88128662109375 49.387229919433594
v -22.15472412109375 263.9435729980469 48.25943374633789
v -22.356660842895508 262.7918701171875 48.7921142578125
v -21.35262680053711 259.4068298339844 47.67576217651367
v -21.41476058959961 258.66448974609375 48.229373931884766
v -20.218677520751953 255.4530487060547 46.163997650146484
v -20.1480712890625 254.93502807617188 46.69135665893555
v -18.703449249267578 252.11636352539062 44.362667083740234
v -18.52410888671875 251.74676513671875 45.03327560424805
v -17.39580726623535 249.7308807373047 44.19837188720703
v -18.408313751220703 251.25474548339844 45.50442123413086
v -17.26447868347168 249.35276794433594 44.74765396118164
v -18.260038375854492 250.60067749023438 45.76076126098633
v -17.23482322692871 248.96580505371094 45.15901565551758
v -17.30825424194336 248.59426879882812 45.46415710449219
v -17.008880615234375 248.38548278808594 45.31459045410156
v -17.229175567626953 248.2279052734375 45.577735900878906
v -20.91204071044922 280.2978515625 43.80559158325195
v -21.094205856323242 280.18096923828125 43.983238220214844
v -21.190231323242188 280.0044860839844 44.45624542236328
v -20.584423065185547 276.6317443847656 45.658321380615234
v -20.837196350097656 271.5815734863281 46.1838264465332
v -21.35686492919922 265.8004455566406 46.58525085449219
v -21.231184005737305 261.1724548339844 46.10641860961914
v -21.267898559570312 260.6678161621094 46.54695129394531
v -21.263662338256836 260.0824279785156 47.058719635009766
v -20.38248634338379 255.9416961669922 45.533172607421875
v -19.03247833251953 252.56553649902344 43.67856979370117
v -17.644344329833984 250.11239624023438 43.513771057128906
v -16.91850471496582 249.12890625 43.99794387817383
v -16.81400489807129 248.81613159179688 44.54169464111328
v -16.854957580566406 248.5792236328125 44.97671127319336
v -21.1619873046875 266.09771728515625 45.70833969116211
v -21.174697875976562 261.60302734375 45.55633544921875
v -20.751054763793945 257.6433410644531 43.75214767456055
v -20.688920974731445 256.9920349121094 44.22742462158203
v -20.047809600830078 254.5266571044922 41.7961311340332
v -19.714542388916016 253.56910705566406 42.11138916015625
v -18.9576358795166 251.69781494140625 41.128177642822266
v -19.357271194458008 252.95123291015625 42.81339645385742
v -18.46338653564453 250.96856689453125 41.864540100097656
v -18.008676528930664 250.5337677001953 42.73698425292969
v -17.17833709716797 249.5341796875 43.33469772338867
v -20.94593048095703 261.9212951660156 44.9705696105957
v -20.68044662475586 258.13250732421875 43.38615417480469
v -20.282224655151367 255.5861053466797 41.94902038574219
v -19.458946228027344 252.9864959716797 40.8238525390625
v -18.577770233154297 251.24757385253906 40.94451141357422
v -18.053865432739258 250.47225952148438 41.698272705078125
v -17.569501876831055 249.98629760742188 42.55686950683594
v -20.551944732666016 262.09783935546875 44.468467712402344
v -20.971349716186523 266.3502197265625 45.048160552978516
v -20.78494644165039 271.78326416015625 45.44536590576172
v -20.516639709472656 276.7578125 45.05402374267578
v -20.31611442565918 276.8435363769531 44.81772994995117
v -20.57453727722168 271.934326171875 45.18328857421875
v -20.71857452392578 266.5516052246094 44.83375930786133
v -20.30905532836914 262.26495361328125 44.17387008666992
v -20.437559127807617 258.1147155761719 42.85323715209961
v -20.203144073486328 258.1332092285156 42.635616302490234
v -19.9517822265625 254.49224853515625 40.82575607299805
v -19.656646728515625 254.2321319580078 40.54705810546875
v -19.07484245300293 252.3800048828125 40.42021179199219
v -20.869674682617188 275.3865966796875 48.004215240478516
v -21.125272750854492 279.11016845703125 46.90488815307617
v -22.027631759643555 282.4316711425781 46.105499267578125
v -21.750850677490234 281.6844177246094 47.36482620239258
v -22.345361709594727 284.4822998046875 47.32594680786133
v -21.78474235534668 281.09307861328125 48.67431640625
v -22.092588424682617 283.6120300292969 48.77174377441406
v -22.02480697631836 280.7258605957031 49.94355010986328
v -22.12506866455078 283.0255432128906 50.13899230957031
v -22.181554794311523 282.6777648925781 51.32140350341797
v -21.219886779785156 274.88555908203125 48.5893440246582
v -21.077260971069336 278.6376037597656 47.829872131347656
v -21.4401798248291 278.290283203125 48.756717681884766
v -21.86382293701172 278.08990478515625 49.80720520019531
v -22.264869689941406 280.5545349121094 51.080909729003906
v -22.257808685302734 282.4662780761719 52.23935317993164
v -21.488191604614258 274.97784423828125 49.199058532714844
v -21.87653160095215 275.1623229980469 49.9588508605957
v -22.219680786132812 275.2454528808594 50.934452056884766
v -22.32841682434082 272.2022399902344 51.370628356933594
v -22.537412643432617 272.2062683105469 52.25735855102539
v -22.718168258666992 269.5478820800781 51.70897674560547
v -22.949758529663086 269.52215576171875 52.19831848144531
v -23.059906005859375 267.49127197265625 51.66228103637695
v -23.305618286132812 267.3280029296875 51.99394607543945
v -23.2194766998291 264.9921875 51.49721145629883
v -23.371990203857422 267.1375427246094 52.306617736816406
v -23.295734405517578 264.8668212890625 51.83969497680664
v -23.3536319732666 266.954345703125 52.541290283203125
v -23.307029724121094 264.8263244628906 52.09241485595703
v -23.274551391601562 264.73907470703125 52.29767608642578
v -22.99494743347168 262.45416259765625 51.80961990356445
v -22.887624740600586 262.38092041015625 51.98149490356445
v -22.430091857910156 259.9759826660156 51.01643371582031
v -22.353836059570312 259.91033935546875 51.178836822509766
v -21.65482521057129 256.8380126953125 50.0277099609375
v -21.546091079711914 256.7793884277344 50.17913055419922
v -20.341533660888672 253.2667236328125 48.962432861328125
v -21.434532165527344 256.6946716308594 50.32341003417969
v -20.22150230407715 253.1854248046875 49.08409118652344
v -21.294729232788086 256.6162109375 50.48170471191406
v -20.10429573059082 253.07823181152344 49.192359924316406
v -19.98143768310547 253.00680541992188 49.27890396118164
v -18.622957229614258 249.89654541015625 47.871307373046875
v -18.58765411376953 249.81289672851562 47.89448547363281
v -17.80109214782715 248.09222412109375 47.6188850402832
v -17.777084350585938 248.01609802246094 47.68193817138672
v -17.49889373779297 247.59288024902344 47.63621139526367
v -17.44947052001953 247.52415466308594 47.736549377441406
v -22.305822372436523 270.8860778808594 50.00857162475586
v -22.32135581970215 271.8328857421875 50.55739974975586
v -22.62920379638672 269.1069030761719 51.20252227783203
v -22.89609718322754 267.6145324707031 51.36827850341797
v -23.15028190612793 265.5060119628906 51.15042495727539
v -22.891860961914062 261.9430847167969 50.712867736816406
v -23.09238624572754 262.3515930175781 51.256351470947266
v -23.08108901977539 262.47552490234375 51.567867279052734
v -22.480928421020508 259.95220947265625 50.82160949707031
v -21.701425552368164 256.8037414550781 49.85506820678711
v -20.423439025878906 253.32554626464844 48.825016021728516
v -18.91950798034668 250.25143432617188 47.811153411865234
v -18.863021850585938 250.13690185546875 47.8935546875
v -18.72745704650879 249.9805145263672 47.86471939086914
v -17.8716983795166 248.158935546875 47.54935836791992
v -17.563852310180664 247.66082763671875 47.520355224609375
v -22.747821807861328 267.93304443359375 50.63447570800781
v -23.028839111328125 266.35528564453125 50.87081527709961
v -22.938461303710938 263.23260498046875 50.475990295410156
v -22.415969848632812 260.76324462890625 49.64725875854492
v -22.133541107177734 259.3558349609375 49.65365219116211
v -21.42605972290039 257.7662353515625 48.55935287475586
v -21.31450080871582 256.4833984375 48.54325866699219
v -19.922128677368164 253.3468780517578 47.05374526977539
v -20.910627365112305 254.686279296875 48.10013961791992
v -19.608633041381836 252.11752319335938 46.84355926513672
v -20.251157760620117 252.611572265625 47.44316482543945
v -19.121444702148438 250.74526977539062 46.56081008911133
v -18.5975399017334 249.4553985595703 46.361976623535156
v -17.96913719177246 248.52552795410156 46.032962799072266
v -17.91265106201172 248.1844940185547 46.07740020751953
v -17.590682983398438 248.0131072998047 45.847286224365234
v -17.7474308013916 247.8857879638672 45.99776840209961
v -17.463590621948242 248.10455322265625 45.78812789916992
v -17.66693878173828 248.00770568847656 45.97290802001953
v -22.838199615478516 265.85162353515625 49.77083969116211
v -22.944110870361328 264.3309631347656 50.079219818115234
v -22.47104263305664 261.76751708984375 49.28701400756836
v -20.088760375976562 254.27210998535156 47.00349807739258
v -18.168249130249023 249.87014770507812 45.91035079956055
v -18.05527687072754 249.14434814453125 45.982154846191406
v -17.435348510742188 248.2658233642578 45.68099594116211
v -22.300172805786133 259.8153076171875 51.339054107666016
v -22.801485061645508 262.2860107421875 52.16455078125
v -23.10509490966797 264.5105895996094 52.637454986572266
v -23.0133056640625 264.4129638671875 52.82697296142578
v -22.985061645507812 266.3351135253906 53.185760498046875
v -22.927165985107422 264.3284912109375 53.037193298339844
v -22.879152297973633 266.2416076660156 53.417518615722656
v -22.744998931884766 264.27105712890625 53.24356460571289
v -22.726640701293945 266.17303466796875 53.65340042114258
v -22.561420440673828 266.1414489746094 53.881996154785156
v -22.564245223999023 267.68597412109375 53.87230682373047
v -22.404672622680664 267.66644287109375 54.1097526550293
v -22.317119598388672 268.746826171875 53.940948486328125
v -22.144838333129883 268.7496337890625 54.171302795410156
v -22.14907455444336 259.7413330078125 51.506832122802734
v -22.733701705932617 262.1946716308594 52.359249114990234
v -22.616493225097656 262.14068603515625 52.522743225097656
v -22.52046775817871 262.0887756347656 52.70735549926758
v -22.59954833984375 264.2342529296875 53.47883605957031
v -22.530353546142578 266.15277099609375 54.161495208740234
v -22.27758026123047 267.7007751464844 54.354583740234375
v -21.968320846557617 268.7909240722656 54.41399002075195
v -22.047401428222656 259.65814208984375 51.68214797973633
v -21.873706817626953 259.6064147949219 51.860511779785156
v -21.781917572021484 259.5464172363281 52.0556755065918
v -21.015125274658203 256.3680725097656 50.9550666809082
v -20.931808471679688 256.2979736328125 51.11940383911133
v -19.810569763183594 252.86859130859375 49.44381332397461
v -19.693361282348633 252.8216552734375 49.51530075073242
v -18.517047882080078 249.75233459472656 47.89441680908203
v -18.484569549560547 249.68247985839844 47.89046096801758
v -17.682472229003906 247.90362548828125 47.76520538330078
v -18.43796730041504 249.62841796875 47.86906433105469
v -17.65422821044922 247.8502655029297 47.78841781616211
v -18.408313751220703 249.57333374023438 47.84724044799805
v -17.640108108520508 247.7965087890625 47.803871154785156
v -17.651405334472656 247.74134826660156 47.811134338378906
v -17.291309356689453 247.24888610839844 48.04912567138672
v -17.28848648071289 247.2030029296875 48.080535888671875
v -21.207176208496094 256.5229187011719 50.62619400024414
v -21.078672409057617 256.45416259765625 50.78730010986328
v -19.8896484375 252.94027709960938 49.3624382019043
v -17.729074478149414 247.95602416992188 47.732723236083984
v -17.353443145751953 247.40771484375 47.892860412597656
v -17.335084915161133 247.3459014892578 47.95937728881836
v -17.3026065826416 247.29884338378906 48.00802230834961
v -17.383098602294922 247.47064208984375 47.81794357299805
v -19.628402709960938 252.76022338867188 49.58957290649414
v -20.8414306640625 256.2401123046875 51.286338806152344
v -21.683069229125977 259.4342956542969 52.46195602416992
v -21.643529891967773 259.3954772949219 52.66727066040039
v -22.221094131469727 262.0020751953125 53.535804748535156
v -21.601163864135742 259.3677673339844 52.87216567993164
v -22.14907455444336 262.0095520019531 53.73772430419922
v -21.568683624267578 259.34515380859375 53.08805847167969
v -22.115184783935547 262.0096130371094 53.94286346435547
v -22.03751564025879 262.0025329589844 54.11589431762695
v -22.287466049194336 264.34320068359375 54.53742599487305
v -22.163196563720703 264.3458557128906 54.672752380371094
v -22.096824645996094 266.4831848144531 54.94321823120117
v -22.067171096801758 266.5443420410156 55.13851547241211
v -21.873706817626953 268.5245056152344 55.42539596557617
v -21.76638412475586 268.64385986328125 55.60330581665039
v -21.42605972290039 271.2868957519531 55.80085754394531
v -21.726844787597656 268.1549987792969 55.740238189697266
v -21.479721069335938 270.4902038574219 56.10250473022461
v -21.774856567382812 267.0613708496094 55.824989318847656
v -21.46983528137207 269.19586181640625 56.31330871582031
v -21.43311882019043 267.2972717285156 56.58354949951172
v -21.375221252441406 272.0048522949219 56.83491897583008
v -21.013713836669922 270.4548034667969 57.29431915283203
v -21.280609130859375 275.126708984375 57.009090423583984
v -20.79059600830078 273.9725341796875 57.614173889160156
v -20.71575164794922 277.3135070800781 57.635807037353516
v -20.0661678314209 276.3402099609375 58.79532241821289
v -19.86988067626953 279.1537170410156 58.85795593261719
v -18.85737419128418 275.159423828125 60.19832229614258
v -18.692153930664062 278.0541076660156 60.3304328918457
v -17.514427185058594 273.8168029785156 62.03361892700195
v -17.171276092529297 276.6622009277344 62.05771255493164
v -15.415986061096191 275.23931884765625 63.821380615234375
v -19.608633041381836 252.68138122558594 49.679344177246094
v -20.79059600830078 256.1814880371094 51.45801544189453
v -20.698806762695312 256.14520263671875 51.64286422729492
v -20.694568634033203 256.0892028808594 51.857425689697266
v -21.485368728637695 259.3252258300781 53.297489166259766
v -21.949962615966797 261.9617919921875 54.28241729736328
v -22.05728530883789 264.2751770019531 54.79507064819336
v -22.053049087524414 266.4622497558594 55.30542755126953
v -22.0092716217041 266.1585388183594 55.39968490600586
v -21.989503860473633 265.8233642578125 55.49089050292969
v -21.85252571105957 265.27081298828125 55.799922943115234
v -21.08008575439453 264.442138671875 57.117549896240234
v -20.460153579711914 268.7864990234375 58.16883087158203
v -20.25821876525879 272.69769287109375 58.758697509765625
v -19.11297035217285 271.4389343261719 60.075843811035156
v -17.775672912597656 270.1882629394531 61.810394287109375
v -15.648988723754883 272.5135803222656 63.777809143066406
v -13.540661811828613 274.0297546386719 65.33639526367188
v -21.99374008178711 264.1671447753906 54.93716812133789
v -22.017745971679688 264.31768798828125 55.245914459228516
v -21.676008224487305 262.8350830078125 55.63988494873047
v -21.163400650024414 259.77325439453125 55.2819709777832
v -20.664915084838867 260.13623046875 56.85348892211914
v -20.352832794189453 256.254150390625 54.19046401977539
v -19.83881187438965 256.39990234375 55.82918167114258
v -18.73310661315918 252.72251892089844 53.059505462646484
v -18.66814613342285 256.3789978027344 58.02733612060547
v -17.638696670532227 252.81967163085938 55.25649642944336
v -17.120441436767578 255.99485778808594 60.54550552368164
v -16.20819664001465 252.75296020507812 57.99761962890625
v -14.424662590026855 252.5943145751953 60.859745025634766
v -14.337109565734863 250.19552612304688 57.54093551635742
v -12.457550048828125 250.04930114746094 60.674156188964844
v -14.194482803344727 248.63055419921875 55.85300064086914
v -12.372821807861328 248.72235107421875 59.175899505615234
v -13.950183868408203 248.20188903808594 55.53403091430664
v -12.186418533325195 248.29283142089844 58.737548828125
v -21.85252571105957 261.9438781738281 54.481292724609375
v -21.77203369140625 262.14166259765625 54.85667419433594
v -21.32862091064453 259.4013671875 54.336002349853516
v -20.522287368774414 256.08380126953125 53.16563415527344
v -19.2781925201416 252.60934448242188 51.58890151977539
v -18.075048446655273 249.32981872558594 49.55577087402344
v -17.267303466796875 249.33419799804688 51.30617141723633
v -15.876344680786133 249.7375946044922 53.969600677490234
v -15.605212211608887 247.7928009033203 52.16423034667969
v -15.277595520019531 247.05166625976562 51.80418395996094
v -21.376632690429688 259.26861572265625 53.82579803466797
v -20.590070724487305 255.9973907470703 52.62294387817383
v -19.47730255126953 252.49911499023438 50.35124206542969
v -19.495662689208984 252.47958374023438 50.18098449707031
v -18.459148406982422 249.36911010742188 47.91230392456055
v -19.540851593017578 252.51405334472656 50.02070236206055
v -18.404077529907227 249.42718505859375 47.8518180847168
v -19.545087814331055 252.57138061523438 49.883934020996094
v -18.384305953979492 249.47642517089844 47.826873779296875
v -18.385717391967773 249.52590942382812 47.827362060546875
v -17.66128921508789 247.69418334960938 47.81668472290039
v -21.39499282836914 259.2950134277344 53.52285385131836
v -20.62255096435547 256.0108947753906 52.32472610473633
v -20.647968292236328 256.0518798828125 52.08235168457031
v -19.5888614654541 252.61309814453125 49.77860641479492
v -17.957839965820312 248.24505615234375 47.47403335571289
v -17.644344329833984 247.722412109375 47.40815734863281
v -18.022798538208008 248.3234405517578 47.36508560180664
v -18.083520889282227 248.3822479248047 47.247928619384766
v -19.009885787963867 250.27743530273438 47.71442794799805
v -18.12870979309082 248.40162658691406 47.10917663574219
v -19.038127899169922 250.20416259765625 47.539371490478516
v -19.026830673217773 250.12109375 47.370338439941406
v -20.492633819580078 253.28564453125 48.65129089355469
v -20.51946258544922 253.09852600097656 48.409523010253906
v -21.72260856628418 256.5263366699219 49.59444808959961
v -22.418792724609375 259.71002197265625 50.51750183105469
v -22.153310775756836 258.905029296875 49.98887252807617
v -21.68730354309082 257.09613037109375 49.174888610839844
v -21.051841735839844 254.39608764648438 48.376068115234375
v -21.537616729736328 255.7760467529297 49.120399475097656
v -20.348594665527344 252.60459899902344 48.04673385620117
v -18.953399658203125 249.89602661132812 47.1468391418457
v -18.155540466308594 248.39801025390625 46.96458053588867
v -17.833572387695312 247.91824340820312 47.010372161865234
v -17.77849769592285 247.86135864257812 47.14606475830078
v -17.699417114257812 247.7991943359375 47.27701187133789
v -19.960256576538086 251.71810913085938 47.492801666259766
v -18.7712345123291 249.47158813476562 46.852439880371094
v -18.10611343383789 248.20352172851562 46.60449981689453
v -18.041156768798828 248.0340576171875 46.39291763305664
v -17.87028694152832 247.90493774414062 46.35398483276367
v -17.891469955444336 247.91749572753906 46.17945861816406
v -17.79120635986328 247.94068908691406 46.15879821777344
v -19.3403263092041 250.5892791748047 46.86640930175781
v -18.477508544921875 248.9522705078125 46.52711868286133
v -18.155540466308594 248.4628143310547 46.254844665527344
v -17.69235610961914 247.64816284179688 47.825252532958984
v -17.73472023010254 247.60787963867188 47.83749008178711
v -17.779909133911133 247.5771484375 47.85879135131836
v -17.360504150390625 247.0902099609375 48.14720916748047
v -17.39580726623535 247.06578063964844 48.17368698120117
v -17.301193237304688 247.15994262695312 48.108070373535156
v -17.3252010345459 247.12313842773438 48.12936019897461
v -10.028666496276855 247.49378967285156 60.81717300415039
v -10.144462585449219 247.92152404785156 61.23957443237305
v -10.209421157836914 249.19137573242188 62.532840728759766
v -10.371817588806152 251.158203125 64.58927917480469
v -8.372224807739258 250.21539306640625 65.76283264160156
v -8.728084564208984 253.11819458007812 67.01763916015625
v -6.351451396942139 249.5312957763672 66.7586898803711
v -6.657885551452637 252.6554412841797 67.85557556152344
v -4.463418483734131 248.9844207763672 67.66139221191406
v -4.772677421569824 252.2135467529297 68.72757720947266
v -2.958075761795044 251.8074188232422 69.21067810058594
v -5.506990909576416 255.8034210205078 69.1384506225586
v -3.8533732891082764 255.53521728515625 69.74646759033203
v -6.095853805541992 259.4840393066406 69.52657318115234
v -4.543910503387451 259.3766784667969 70.29444885253906
v -4.791035175323486 263.3302917480469 70.43614959716797
v -3.243328332901001 263.35333251953125 70.92188262939453
v -3.366184711456299 267.1830139160156 71.0584945678711
v -1.7153915166854858 263.3544921875 71.2920913696289
v -1.8114172220230103 267.2333068847656 71.32014465332031
v -0.18745476007461548 263.31903076171875 71.56463623046875
v -0.3004261255264282 267.233642578125 71.48995208740234
v 1.144194483757019 267.2238464355469 71.28199768066406
v -0.609684944152832 270.6117858886719 70.7029037475586
v 0.8405840396881104 270.5773620605469 70.58844757080078
v -0.714183509349823 273.23956298828125 70.09258270263672
v 0.7290248274803162 273.18798828125 69.99878692626953
v -8.09544563293457 246.260986328125 62.260406494140625
v -8.181586265563965 246.6898651123047 62.706085205078125
v -8.238072395324707 248.00833129882812 63.94122314453125
v -6.423470497131348 247.14671325683594 65.08297729492188
v -4.735961437225342 246.5229949951172 66.08515167236328
v -2.6488168239593506 248.56442260742188 68.18045806884766
v -1.3002220392227173 251.4300079345703 69.3766098022461
v -2.2449445724487305 255.28103637695312 70.06660461425781
v -3.0004401206970215 259.29730224609375 70.68913269042969
v -1.492273211479187 259.21722412109375 70.99869537353516
v 0.05260917544364929 259.1457824707031 71.14600372314453
v 1.2472808361053467 263.3209228515625 71.29701232910156
v 2.6325912475585938 267.1795959472656 70.84687805175781
v 2.4588980674743652 270.48602294921875 70.3235092163086
v 2.3953516483306885 273.02880859375 69.81178283691406
v -3.0625743865966797 246.11500549316406 66.75485229492188
v -1.0121451616287231 248.18272399902344 68.46360778808594
v 0.4635421931743622 247.85916137695312 68.50397491455078
v 0.23053902387619019 251.0725860595703 69.53825378417969
v 1.8559134006500244 247.70521545410156 68.1570816040039
v 1.6455044746398926 250.92672729492188 69.21248626708984
v 3.013869524002075 250.8994598388672 68.87564849853516
v 0.7671526074409485 254.91746520996094 70.27759552001953
v 2.1439905166625977 254.91944885253906 69.92009735107422
v 1.4591020345687866 259.15924072265625 70.79585266113281
v 2.6904892921447754 263.3092041015625 70.8565444946289
v 4.256554126739502 263.2391357421875 70.55241394042969
v 4.310214996337891 267.0538024902344 70.70171356201172
v 5.867806911468506 263.1744384765625 69.9491958618164
v 5.963832378387451 266.9372863769531 69.99952697753906
v 7.720536231994629 266.87164306640625 69.32627868652344
v 6.1417622566223145 270.11077880859375 69.77877044677734
v 7.911174774169922 270.010498046875 69.1707763671875
v 6.257557392120361 272.4919738769531 69.37783813476562
v 8.041091918945312 272.38995361328125 68.8463363647461
v -1.4823882579803467 245.8017578125 67.18698120117188
v -0.03353145346045494 245.54354858398438 67.35477447509766
v 1.3418940305709839 245.47824096679688 67.08555603027344
v 3.174853563308716 247.68577575683594 67.7032470703125
v 4.246668338775635 251.06048583984375 68.33539581298828
v 3.5137670040130615 254.9641571044922 69.5995101928711
v 2.867006778717041 259.18084716796875 70.32504272460938
v 4.337046146392822 259.1595764160156 69.97679138183594
v 5.860745906829834 259.1536865234375 69.31718444824219
v 7.576497554779053 263.1410827636719 69.09194946289062
v 9.391098976135254 266.96844482421875 68.29442596435547
v 9.481476783752441 270.1594543457031 68.16203308105469
v 9.608569145202637 272.5653991699219 68.00570678710938
v 2.6834282875061035 245.48739624023438 66.65890502929688
v 4.461313724517822 247.85250854492188 67.20716857910156
v 5.781666278839111 248.19619750976562 66.32945251464844
v 5.562784194946289 251.2422332763672 67.84687805175781
v 7.076599597930908 248.6045684814453 64.91287231445312
v 6.787110805511475 251.50918579101562 66.95851135253906
v 8.06086254119873 251.7969207763672 65.7256088256836
v 6.2632060050964355 255.1494903564453 68.42876434326172
v 7.71065092086792 255.27049255371094 67.49821472167969
v 7.5553154945373535 259.15289306640625 68.54703521728516
v 9.247060775756836 263.228515625 68.01310729980469
v 11.112499237060547 263.47369384765625 66.74589538574219
v 11.216998100280762 267.2540283203125 67.03781127929688
v 13.086671829223633 264.0369567871094 65.12456512451172
v 13.134685516357422 267.88250732421875 65.46913146972656
v 15.120156288146973 268.81317138671875 63.56118392944336
v 13.107854843139648 271.2571716308594 65.66190338134766
v 15.026954650878906 272.3306884765625 63.85560989379883
v 13.020301818847656 273.87176513671875 65.65255737304688
v 14.858909606933594 275.0808410644531 63.933467864990234
v 4.039083480834961 245.65650939941406 66.0270767211914
v 5.45969820022583 246.13587951660156 64.8517074584961
v 7.155679702758789 246.77952575683594 63.01842498779297
v 8.521220207214355 248.66595458984375 62.910213470458984
v 9.56479263305664 252.0052490234375 64.38723754882812
v 9.245648384094238 255.4295654296875 66.39876556396484
v 9.13267707824707 259.31005859375 67.40879821777344
v 10.996703147888184 259.55169677734375 66.14136505126953
v 12.881911277770996 260.0753173828125 64.3919906616211
v 15.097562789916992 264.9046630859375 63.147159576416016
v 16.934757232666016 269.9762268066406 61.523990631103516
v 16.766712188720703 273.6408996582031 61.81427001953125
v 16.60996437072754 276.4919128417969 62.012916564941406
v 9.327552795410156 247.72779846191406 60.762054443359375
v 10.212965965270996 248.49363708496094 60.6120719909668
v 11.760671615600586 248.76019287109375 58.40040969848633
v 11.033418655395508 252.31907653808594 62.620819091796875
v 12.860730171203613 249.52932739257812 56.26774215698242
v 12.569828987121582 252.79490661621094 60.69059753417969
v 13.908538818359375 253.67359924316406 58.72161102294922
v 12.547235488891602 256.2680969238281 63.16957092285156
v 14.371722221374512 257.0418395996094 61.17051315307617
v 14.764296531677246 260.9322814941406 62.2898063659668
v 17.020898818969727 265.9856262207031 61.042640686035156
v 18.663217544555664 267.16448974609375 59.03994369506836
v 18.489524841308594 271.2159423828125 59.61897659301758
v 19.626298904418945 268.5909423828125 57.235984802246094
v 19.67289924621582 272.49847412109375 58.068702697753906
v 20.4820556640625 273.7513732910156 57.051719665527344
v 19.534509658813477 276.1530456542969 58.48136520385742
v 20.35213851928711 277.1069641113281 57.440345764160156
v 19.3763484954834 278.9844055175781 58.76165771484375
v 20.081008911132812 279.7454833984375 57.62841033935547
v 11.195815086364746 248.4198760986328 58.255218505859375
v 12.41166877746582 248.84283447265625 55.797645568847656
v 12.962403297424316 249.0373077392578 53.50638198852539
v 13.530084609985352 250.75172424316406 54.389644622802734
v 15.14698600769043 254.5986785888672 56.853092193603516
v 16.265403747558594 257.95135498046875 59.1511344909668
v 16.833084106445312 261.9271240234375 60.2403564453125
v 18.41468048095703 263.0304870605469 58.02747344970703
v 19.434247970581055 264.310302734375 55.76953887939453
v 20.38320541381836 270.3110656738281 56.266719818115234
v 20.77154541015625 274.9066162109375 56.32553482055664
v 20.671281814575195 277.8788146972656 56.697784423828125
v 20.458049774169922 280.227783203125 56.92021560668945
v 12.96805191040039 249.3914031982422 51.57451629638672
v 13.818161010742188 251.9027557373047 52.76272201538086
v 14.15566349029541 252.82937622070312 51.48614501953125
v 16.173614501953125 255.55006408691406 54.904441833496094
v 14.973294258117676 253.57373046875 50.64723205566406
v 17.104215621948242 256.3540344238281 53.220672607421875
v 17.732616424560547 256.89111328125 51.97705841064453
v 18.428802490234375 259.80462646484375 54.732948303222656
v 18.725353240966797 260.03662109375 53.17912292480469
v 19.328336715698242 263.1489562988281 53.94565200805664
v 19.886133193969727 265.6324768066406 54.306793212890625
v 19.788694381713867 264.8719177246094 53.70689010620117
v 20.109251022338867 266.2933654785156 53.99378967285156
v 19.794343948364258 264.805419921875 53.382720947265625
v 20.21657371520996 266.6402587890625 53.87458419799805
v 19.90731430053711 264.9669494628906 53.17948532104492
v 20.36908531188965 266.94873046875 53.74304962158203
v 20.46228790283203 267.07012939453125 53.55463790893555
v 20.713647842407227 268.8682861328125 54.151397705078125
v 20.795551300048828 268.7879943847656 53.92655563354492
v 21.00737190246582 271.2707214355469 54.58743667602539
v 20.936765670776367 270.1191711425781 54.113582611083984
v 12.76611614227295 249.86846923828125 50.15887451171875
v 12.70115852355957 250.46490478515625 49.18705749511719
v 13.292844772338867 251.12245178222656 48.61309051513672
v 15.796571731567383 254.14756774902344 50.02425765991211
v 18.01080894470215 257.24359130859375 51.165069580078125
v 18.824201583862305 260.1069641113281 52.265323638916016
v 19.294445037841797 262.72381591796875 53.106502532958984
v 19.33963394165039 262.6806335449219 52.66298294067383
v 19.377761840820312 262.81317138671875 52.37287521362305
v 19.98780632019043 265.1067199707031 52.9645881652832
v 20.514535903930664 267.06072998046875 53.313926696777344
v 20.82802963256836 268.5978698730469 53.67465591430664
v 20.91558265686035 269.70635986328125 53.82910919189453
v 14.116124153137207 251.6539306640625 48.2559814453125
v 16.354366302490234 254.50279235839844 49.55274200439453
v 16.56618881225586 254.76046752929688 49.20114517211914
v 18.101186752319336 257.4721374511719 50.68349838256836
v 16.69045639038086 254.90805053710938 48.970523834228516
v 18.101186752319336 257.6481018066406 50.39386749267578
v 18.089887619018555 257.7995300292969 50.15980529785156
v 18.835500717163086 260.3942565917969 51.42094039916992
v 18.860918045043945 260.5345764160156 51.15562057495117
v 19.414478302001953 262.9503173828125 52.115089416503906
v 19.992042541503906 265.1869201660156 52.6981201171875
v 19.951091766357422 265.2383117675781 52.41072082519531
v 20.45522689819336 267.04290771484375 53.01524353027344
v 19.938383102416992 265.27642822265625 52.140541076660156
v 20.425569534301758 267.0310363769531 52.71398162841797
v 20.404388427734375 267.04058837890625 52.428043365478516
v 20.73906707763672 268.4063415527344 53.07905197143555
v 20.6981143951416 268.3778381347656 52.768287658691406
v 20.854862213134766 269.37408447265625 53.26567077636719
v 20.809673309326172 269.3177490234375 52.943241119384766
v 14.685216903686523 252.01513671875 47.966773986816406
v 15.021305084228516 252.205810546875 47.78080749511719
v 15.165345191955566 252.36033630371094 47.60880661010742
v 16.735645294189453 255.0726318359375 48.75716018676758
v 18.081417083740234 257.93878173828125 49.93456268310547
v 18.818553924560547 260.677978515625 50.89159393310547
v 19.411653518676758 263.0637512207031 51.84736633300781
v 19.3763484954834 263.1659851074219 51.57748031616211
v 19.331161499023438 263.2640686035156 51.30586242675781
v 19.935558319091797 265.32940673828125 51.87533950805664
v 20.46934700012207 267.070068359375 52.14665222167969
v 20.750362396240234 268.37445068359375 52.47565460205078
v 20.837915420532227 269.2911682128906 52.6510124206543
v 15.271254539489746 252.51560974121094 47.45232391357422
v 16.810489654541016 255.22225952148438 48.56791687011719
v 16.909339904785156 255.36923217773438 48.39655303955078
v 18.106834411621094 258.0692138671875 49.724609375
v 17.01242446899414 255.52774047851562 48.243953704833984
v 18.095537185668945 258.22021484375 49.511878967285156
v 18.125192642211914 258.36444091796875 49.315303802490234
v 18.723941802978516 260.948974609375 50.3809814453125
v 18.695697784423828 261.0836181640625 50.1234130859375
v 19.300092697143555 263.3597412109375 51.045875549316406
v 19.96238899230957 265.3919372558594 51.598941802978516
v 19.938383102416992 265.4880065917969 51.30620193481445
v 20.48064422607422 267.1331787109375 51.851505279541016
v 19.959564208984375 265.599365234375 51.01736068725586
v 20.46228790283203 267.24420166015625 51.53464889526367
v 20.551250457763672 267.3588562011719 51.261112213134766
v 20.778606414794922 268.51153564453125 51.85951614379883
v 20.85344886779785 268.6291809082031 51.58469009399414
v 20.85768699645996 269.406982421875 52.0335578918457
v 20.928293228149414 269.5263671875 51.76325607299805
v 15.406821250915527 252.6581268310547 47.32340621948242
v 15.512730598449707 252.8542022705078 47.18528366088867
v 15.653945922851562 253.04736328125 47.08012771606445
v 17.087268829345703 255.7063446044922 48.10990524291992
v 18.183090209960938 258.5068359375 49.12303161621094
v 18.677339553833008 261.22442626953125 49.86843490600586
v 19.30291748046875 263.4606018066406 50.77921676635742
v 19.307153701782227 263.5765686035156 50.51128387451172
v 19.366464614868164 263.6853942871094 50.26316452026367
v 20.047117233276367 265.7127990722656 50.769893646240234
v 20.683992385864258 267.4845275878906 51.0364990234375
v 20.983366012573242 268.7669372558594 51.36009216308594
v 21.052560806274414 269.6692810058594 51.54082107543945
v 15.807868957519531 253.25790405273438 46.9999885559082
v 17.207300186157227 255.87217712402344 48.00342559814453
v 17.29485321044922 256.0663757324219 47.9189567565918
v 18.218393325805664 258.6643981933594 48.94091033935547
v 17.447364807128906 256.2408752441406 47.855369567871094
v 18.288999557495117 258.82257080078125 48.77171325683594
v 18.369491577148438 258.99139404296875 48.582923889160156
v 18.774776458740234 261.4779357910156 49.42266082763672
v 18.93717384338379 261.58892822265625 49.20708465576172
v 19.466726303100586 263.7937927246094 50.036380767822266
v 20.195390701293945 265.8221740722656 50.55237579345703
v 20.395915985107422 265.9331359863281 50.33679962158203
v 20.87745475769043 267.6202392578125 50.831295013427734
v 20.50041389465332 266.07086181640625 50.121036529541016
v 21.032791137695312 267.7754211425781 50.6317138671875
v 21.148588180541992 267.94464111328125 50.450679779052734
v 21.303922653198242 269.10479736328125 50.99651336669922
v 21.416893005371094 269.3195495605469 50.8484992980957
v 21.332164764404297 270.0457763671875 51.203575134277344
v 21.43807601928711 270.29315185546875 51.081886291503906
v 15.978738784790039 253.48062133789062 46.9515380859375
v 16.15384292602539 253.72286987304688 46.920135498046875
v 16.361427307128906 253.97708129882812 46.90641403198242
v 17.5744571685791 256.4473571777344 47.805179595947266
v 18.500822067260742 259.14752197265625 48.412864685058594
v 19.06709098815918 261.7073059082031 48.988285064697266
v 19.61782455444336 263.8963317871094 49.82359313964844
v 19.77033805847168 263.9970703125 49.615116119384766
v 19.9129638671875 264.0992126464844 49.41482925415039
v 20.606325149536133 266.1985778808594 49.937801361083984
v 21.20366096496582 268.1325378417969 50.2597541809082
v 21.501623153686523 269.58935546875 50.71089172363281
v 21.524215698242188 270.6312255859375 50.998226165771484
v 16.576074600219727 254.2537841796875 46.908447265625
v 17.78345489501953 256.6270446777344 47.764007568359375
v 17.927492141723633 256.848388671875 47.718788146972656
v 18.657569885253906 259.3030700683594 48.241294860839844
v 18.106834411621094 257.0484924316406 47.6722526550293
v 18.791723251342773 259.45721435546875 48.08179473876953
v 18.92587661743164 259.59747314453125 47.93800735473633
v 19.34528160095215 261.92535400390625 48.6010856628418
v 19.459665298461914 262.02825927734375 48.41631317138672
v 20.014638900756836 264.1993408203125 49.22509765625
v 20.626094818115234 266.3348083496094 49.72268295288086
v 20.600675582885742 266.4588928222656 49.39485168457031
v 21.161296844482422 268.3212890625 49.99448776245117
v 20.387441635131836 266.56231689453125 48.98619079589844
v 21.04267692565918 268.4427795410156 49.522491455078125
v 20.69246482849121 268.4243469238281 48.956390380859375
v 21.385828018188477 270.2789001464844 50.182003021240234
v 21.063859939575195 270.19207763671875 49.45808792114258
v 21.6103572845459 272.5451354980469 50.96611404418945
v 21.268619537353516 272.40899658203125 49.96955108642578
v 21.411245346069336 275.11956787109375 50.4714469909668
v 20.8449764251709 274.7405090332031 49.421173095703125
v 21.213544845581055 277.7827453613281 49.9240837097168
v 20.206689834594727 273.9994812011719 48.36984634399414
v 20.788490295410156 277.6883544921875 48.894386291503906
v 19.788694381713867 273.15179443359375 47.54983139038086
v 20.566783905029297 277.6327819824219 48.08732604980469
v 20.476408004760742 277.8253173828125 47.50077438354492
v 21.470556259155273 280.99560546875 48.2244873046875
v 21.51291847229004 281.3577575683594 47.42414855957031
v 22.009994506835938 283.7425537109375 48.08448791503906
v 22.178035736083984 284.2728271484375 47.11151885986328
v 16.813312530517578 254.5355682373047 46.921478271484375
v 17.04914093017578 254.8203125 46.93321990966797
v 17.280731201171875 255.0870819091797 46.958946228027344
v 18.243812561035156 257.25189208984375 47.62076187133789
v 19.013429641723633 259.7408447265625 47.77526092529297
v 19.50626564025879 262.12872314453125 48.2431755065918
v 20.013225555419922 264.310546875 49.034950256347656
v 19.996278762817383 264.4153747558594 48.735755920410156
v 19.79716682434082 264.5255432128906 48.391963958740234
v 20.065473556518555 266.6551513671875 48.495849609375
v 20.314010620117188 268.3003234863281 48.54100799560547
v 20.521596908569336 269.49298095703125 48.64211654663086
v 20.67975616455078 271.690673828125 48.99991989135742
v 19.915786743164062 270.10797119140625 47.97307586669922
v 18.651920318603516 266.5563049316406 47.14140701293945
v 19.575462341308594 273.2723083496094 47.16984939575195
v 20.37614631652832 278.1788024902344 47.02473068237305
v 21.577878952026367 281.7033386230469 46.68649673461914
v 22.36444091796875 284.6710205078125 46.254112243652344
v 17.49396514892578 255.33091735839844 46.99024963378906
v 18.38079071044922 257.4431457519531 47.56925964355469
v 18.452808380126953 257.6576843261719 47.48826217651367
v 19.057205200195312 259.8847351074219 47.60260009765625
v 18.51211929321289 257.87237548828125 47.38959503173828
v 19.023313522338867 260.0290832519531 47.38835525512695
v 18.92446517944336 260.09552001953125 47.20095443725586
v 19.393295288085938 262.3147888183594 47.8109016418457
v 19.187122344970703 262.3697204589844 47.543975830078125
v 19.503442764282227 264.62677001953125 48.040618896484375
v 19.83247184753418 266.9384460449219 48.08028030395508
v 19.736446380615234 267.89947509765625 47.90702819824219
v 17.662010192871094 255.57899475097656 47.0258674621582
v 17.803224563598633 255.82745361328125 47.069244384765625
v 17.916196823120117 256.0865478515625 47.113277435302734
v 18.522005081176758 258.0572204589844 47.269561767578125
v 18.822790145874023 260.01080322265625 46.97804641723633
v 18.8693904876709 262.3539123535156 47.327178955078125
v 19.161705017089844 264.82354736328125 47.73312759399414
v 18.886337280273438 265.3306579589844 47.41391372680664
v 17.98539161682129 256.3515625 47.13447952270508
v 18.546010971069336 258.1186828613281 47.09400939941406
v 18.531888961791992 258.0260925292969 46.915916442871094
v 18.708406448364258 259.76837158203125 46.80172348022461
v 18.43021583557129 257.9039306640625 46.85457992553711
v 18.64203643798828 259.49566650390625 46.73806381225586
v 18.49376106262207 259.1904602050781 46.873477935791016
v 18.43021583557129 261.8860778808594 46.971534729003906
v 18.43021583557129 260.5696716308594 46.78689193725586
v 18.208507537841797 261.8789367675781 46.745697021484375
v 18.123781204223633 262.55609130859375 46.68008804321289
v 18.53753662109375 259.5611877441406 45.66523361206055
v 18.596847534179688 259.72418212890625 45.3689079284668
v 18.630739212036133 258.35198974609375 45.11783218383789
v 18.908931732177734 258.4623107910156 44.69560241699219
v 18.273468017578125 257.6860656738281 44.910865783691406
v 18.79595947265625 257.83807373046875 44.54535675048828
v 18.526241302490234 257.15716552734375 44.137107849121094
v 19.226661682128906 258.02398681640625 44.15100860595703
v 19.100982666015625 257.55120849609375 43.960418701171875
v 19.454017639160156 258.18701171875 43.83442687988281
v 19.418712615966797 258.0497741699219 43.713600158691406
v 18.04187774658203 256.5433654785156 47.093318939208984
v 18.03057861328125 256.62554931640625 46.96950912475586
v 17.903486251831055 256.60113525390625 46.782005310058594
v 18.177440643310547 257.7973327636719 46.92384719848633
v 18.188739776611328 258.60906982421875 46.895668029785156
v 18.394912719726562 259.23858642578125 46.510005950927734
v 18.478227615356445 259.4398498535156 46.018280029296875
v 18.33418846130371 258.25799560546875 45.60515594482422
v 17.82016944885254 257.45819091796875 45.23189926147461
v 17.910547256469727 256.8818054199219 44.325565338134766
v 18.291824340820312 256.90264892578125 43.900001525878906
v 18.904693603515625 257.4197082519531 43.904029846191406
v 19.24078369140625 258.0323486328125 43.78986358642578
v 17.670482635498047 256.43572998046875 46.54047775268555
v 17.80181121826172 257.43121337890625 46.80836486816406
v 17.33156967163086 256.673583984375 46.17549514770508
v 17.686016082763672 257.6397705078125 46.412105560302734
v 16.780834197998047 255.72610473632812 45.28705978393555
v 17.083032608032227 256.4951171875 45.45621871948242
v 16.451805114746094 255.4293212890625 44.64479446411133
v 17.426183700561523 257.0989990234375 45.429527282714844
v 16.842967987060547 256.067138671875 44.60068893432617
v 17.323095321655273 256.5879211425781 44.48598861694336
v 17.62811851501465 256.53704833984375 43.96833038330078
v 17.310386657714844 256.0916442871094 46.135406494140625
v 16.90651512145996 255.56607055664062 45.56184005737305
v 16.58454704284668 255.15548706054688 45.118770599365234
v 16.213153839111328 254.82481384277344 44.67880630493164
v 16.056406021118164 255.07337951660156 44.398094177246094
v 16.441919326782227 255.63275146484375 44.25779342651367
v 16.982770919799805 256.1719665527344 44.10777282714844
v 16.77094841003418 254.9470977783203 45.49736022949219
v 16.403791427612305 254.6281280517578 45.09016418457031
v 16.17078971862793 254.51339721679688 44.79137420654297
v 15.886948585510254 254.66439819335938 44.57863998413086
v 16.48569679260254 254.68138122558594 45.41130065917969
v 16.15384292602539 254.53778076171875 45.100406646728516
v 15.925076484680176 254.49270629882812 44.81182098388672
v 17.125396728515625 255.23255920410156 45.88038635253906
v 17.395116806030273 255.3623046875 46.186737060546875
v 16.817550659179688 254.7912139892578 45.692848205566406
v 17.502437591552734 255.33151245117188 46.370079040527344
v 17.498201370239258 255.15936279296875 46.45112609863281
v 17.41347312927246 254.9048309326172 46.468509674072266
v 17.12398338317871 254.44178771972656 46.0262451171875
v 17.136693954467773 254.66334533691406 45.97477722167969
v 17.046316146850586 254.798828125 45.877098083496094
v 17.265199661254883 254.63128662109375 46.438682556152344
v 17.039255142211914 254.21920776367188 46.05702209472656
v 16.916399002075195 253.992431640625 46.09490966796875
v 17.09715461730957 254.3557586669922 46.39915466308594
v 16.927696228027344 254.07681274414062 46.36199188232422
v 16.724348068237305 253.80020141601562 46.330867767333984
v 16.561952590942383 253.52537536621094 46.08145523071289
v 16.755414962768555 253.76593017578125 46.09745788574219
v 16.49275779724121 253.51943969726562 46.298011779785156
v 16.354366302490234 253.2586669921875 46.0671501159668
v 16.11571502685547 252.98069763183594 46.03925704956055
v 16.247045516967773 253.2191619873047 46.26837158203125
v 15.99285888671875 252.9052276611328 46.248191833496094
v 15.741498947143555 252.58839416503906 46.240726470947266
v 15.62852668762207 252.36550903320312 46.000423431396484
v 15.898246765136719 252.66688537597656 46.021663665771484
v 15.509906768798828 252.29067993164062 46.24254608154297
v 15.423766136169434 252.0045166015625 46.00864028930664
v 15.1964111328125 251.70404052734375 46.0257568359375
v 15.305146217346191 252.01036071777344 46.26938247680664
v 15.12439250946045 251.7455596923828 46.314125061035156
v 14.954935073852539 251.4908905029297 46.36943435668945
v 14.795363426208496 251.18341064453125 46.10253143310547
v 14.984589576721191 251.43499755859375 46.04592514038086
v 14.819369316101074 251.26576232910156 46.4611930847168
v 14.638615608215332 250.93678283691406 46.167545318603516
v 14.510110855102539 250.71817016601562 46.27849197387695
v 14.676743507385254 251.0811767578125 46.56614303588867
v 14.566596984863281 250.90792846679688 46.696102142333984
v 14.449389457702637 250.77340698242188 46.82330322265625
v 14.250277519226074 250.38803100585938 46.502227783203125
v 14.385842323303223 250.53466796875 46.395294189453125
v 14.344890594482422 250.64202880859375 46.96322250366211
v 14.174020767211914 250.24493408203125 46.6498908996582
v 14.055400848388672 250.13404846191406 46.77560806274414
v 14.212148666381836 250.51998901367188 47.11845016479492
v 13.928309440612793 250.3490447998047 47.29495620727539
v 13.476424217224121 250.0094757080078 47.613494873046875
v 13.699542045593262 249.84054565429688 47.13751220703125
v 13.949490547180176 250.00692749023438 46.94009780883789
v 12.749171257019043 249.51683044433594 47.99068832397461
v 13.253305435180664 249.54318237304688 47.44209289550781
v 12.588187217712402 249.06741333007812 47.87446975708008
v 12.266219139099121 248.9246368408203 48.59963607788086
v 12.342474937438965 248.44949340820312 49.45264434814453
v 12.572652816772461 248.2004852294922 50.662532806396484
v 12.137714385986328 247.98422241210938 49.342437744140625
v 12.102410316467285 248.4683074951172 48.51723861694336
v 12.694097518920898 248.24229431152344 52.424827575683594
v 12.328352928161621 247.76719665527344 50.464447021484375
v 12.444148063659668 247.89610290527344 52.14042663574219
v 12.475215911865234 248.6072998046875 54.67965316772461
v 11.570033073425293 248.53170776367188 57.17015838623047
v 9.725776672363281 247.90660095214844 59.82661437988281
v 11.536142349243164 248.53414916992188 56.831844329833984
v 12.329764366149902 248.41827392578125 54.35858154296875
v 7.190982818603516 246.28086853027344 62.17251205444336
v 9.792146682739258 247.9403533935547 59.48876953125
v 7.20369291305542 246.17071533203125 61.833858489990234
v 5.08830451965332 244.958740234375 63.97335433959961
v 3.491173505783081 244.4646759033203 65.15776062011719
v 2.0846805572509766 244.2846221923828 65.79259490966797
v 3.303358316421509 244.0877227783203 64.74144744873047
v 4.9315571784973145 244.62367248535156 63.54674530029297
v 0.7459704279899597 244.2333221435547 66.1838607788086
v 1.8869805335998535 243.91830444335938 65.35668182373047
v 0.5299130082130432 243.84967041015625 65.73435974121094
v -0.5941513776779175 244.23544311523438 66.3898696899414
v -1.989346981048584 244.47738647460938 66.06712341308594
v -3.4961016178131104 244.7142333984375 65.62068939208984
v -2.1475067138671875 244.0716552734375 65.5691146850586
v -0.7833784222602844 243.8393096923828 65.91233825683594
v -5.016977787017822 245.12423706054688 64.8796615600586
v -3.56670880317688 244.34912109375 65.04600524902344
v -5.028275012969971 244.7266387939453 64.34200286865234
v -6.539266109466553 245.7474365234375 63.88739776611328
v -6.501138210296631 245.3247528076172 63.403804779052734
v 21.193775177001953 269.8438415527344 51.35569763183594
v 21.159883499145508 268.9205627441406 51.16999053955078
v 19.51191520690918 262.2269287109375 48.034908294677734
v 19.153230667114258 258.5530700683594 44.26516342163086
v 18.68440055847168 259.8947448730469 45.01117706298828
v 18.338424682617188 263.312255859375 46.15127182006836
v 18.497997283935547 263.7700500488281 45.57966995239258
v 19.266202926635742 269.1903076171875 45.81072235107422
v 19.309978485107422 258.65093994140625 43.84658432006836
v 18.755008697509766 260.1321716308594 44.566246032714844
v 21.570817947387695 271.1827087402344 50.94325256347656
v 21.524215698242188 269.94195556640625 50.523170471191406
v 22.511302947998047 284.665771484375 45.54666519165039
v 21.682374954223633 281.8730163574219 46.015663146972656
v 22.461877822875977 284.1633605957031 45.15499496459961
v 21.767105102539062 281.9916687011719 45.455101013183594
v 20.443927764892578 278.4775695800781 46.494110107421875
v 19.58675765991211 274.2306213378906 46.482662200927734
v 19.564165115356445 273.7615661621094 46.867210388183594
v 19.082624435424805 268.7251281738281 46.345035552978516
v 18.83832359313965 268.22052001953125 46.74505615234375
v 18.167556762695312 262.9464416503906 46.520851135253906
v 18.644861221313477 267.607421875 46.95274353027344
v 19.595232009887695 274.6325378417969 46.00667190551758
v 20.491941452026367 278.75189208984375 45.95828628540039
v -17.90135383605957 247.92601013183594 46.53501892089844
v -18.16118812561035 248.33053588867188 46.80461502075195
v -17.911239624023438 247.94766235351562 46.717559814453125
v -17.890058517456055 247.94528198242188 46.87356948852539
v 19.175825119018555 261.8249816894531 48.78564453125
v -0.701474130153656 255.05258178710938 70.28485107421875
v -16.784351348876953 247.45030212402344 50.03785705566406
v -16.42425537109375 246.9893035888672 50.0446662902832
v -17.514427185058594 247.47174072265625 48.737640380859375
v -17.133148193359375 246.98353576660156 48.82673263549805
v -17.391571044921875 247.03570556640625 48.300357818603516
v -17.79544448852539 247.531494140625 48.10934829711914
v -17.81521224975586 247.55514526367188 47.91414260864258
v -18.5128116607666 249.3380889892578 47.98919677734375
v -18.4506778717041 249.3371124267578 48.60160827636719
v -18.52552032470703 249.33216857910156 48.16524124145508
v -19.453298568725586 252.5181121826172 50.76564407348633
v -21.455713272094727 273.23529052734375 56.51630401611328
v -21.5023136138916 274.2019348144531 56.303627014160156
v -21.558799743652344 275.08563232421875 56.15873336791992
v -21.603988647460938 277.4994812011719 56.264015197753906
v -21.659061431884766 277.90106201171875 56.1069450378418
v -21.455713272094727 279.61590576171875 56.295265197753906
v -21.505138397216797 279.8582458496094 56.15374755859375
v -21.174697875976562 281.2025146484375 56.28929138183594
v -21.22835922241211 281.3373107910156 56.147003173828125
v -21.49384117126465 276.11358642578125 56.64408493041992
v -21.551738739013672 276.9054260253906 56.41763687133789
v -21.399229049682617 279.2478332519531 56.415740966796875
v -21.121034622192383 280.9970397949219 56.420936584472656
v -21.29755401611328 278.7362060546875 56.5722541809082
v -21.039133071899414 280.7381896972656 56.59605407714844
v -21.089969635009766 278.0925598144531 56.916526794433594
v -20.866851806640625 280.39056396484375 56.96565246582031
v -20.534997940063477 279.8933410644531 57.709381103515625
v -21.289079666137695 281.4332580566406 55.98463821411133
v -21.557388305664062 280.0096740722656 55.98045349121094
v -21.69860076904297 278.1396789550781 55.91069030761719
v -21.708486557006836 276.0157165527344 55.81930923461914
v -21.774856567382812 276.21453857421875 55.59370422363281
v -21.664710998535156 274.371337890625 55.4022216796875
v -21.841228485107422 276.358642578125 55.31351852416992
v -21.688716888427734 274.5772399902344 55.15679931640625
v -21.8454647064209 276.4765930175781 55.0147705078125
v -21.694364547729492 274.7339782714844 54.88697052001953
v -21.869470596313477 274.81988525390625 54.624176025390625
v -21.362510681152344 281.50933837890625 55.788631439208984
v -21.61810874938965 280.1126403808594 55.7665901184082
v -21.75226402282715 278.282470703125 55.6856689453125
v -21.797452926635742 278.3863830566406 55.40888595581055
v -21.862409591674805 278.4680480957031 55.101261138916016
v -21.92595672607422 276.5626220703125 54.70262908935547
v -21.968320846557617 274.90362548828125 54.31741714477539
v -21.677419662475586 280.1976623535156 55.50594711303711
v -21.750850677490234 280.2746276855469 55.2153434753418
v -21.838403701782227 280.3431091308594 54.91611099243164
v -21.632230758666992 281.7765197753906 55.0067138671875
v -21.73531723022461 281.8668212890625 54.730560302734375
v -21.44582748413086 281.5935974121094 55.552982330322266
v -21.537616729736328 281.68292236328125 55.287818908691406
v 18.601083755493164 262.2659606933594 47.140899658203125
v -21.59269142150879 274.11968994140625 55.600616455078125
v -21.616697311401367 275.67523193359375 55.986793518066406
v -21.50655174255371 273.72412109375 55.726016998291016
v -21.43170738220215 273.0084228515625 55.80839157104492
v 4.324336051940918 270.30694580078125 70.30542755126953
v 4.328572750091553 272.7550354003906 69.73627471923828
v 4.836943626403809 255.06910705566406 69.04840850830078
v -21.496665954589844 270.0080261230469 55.45722961425781
v -21.97820472717285 268.2710876464844 55.24065399169922
v -22.012096405029297 268.056640625 55.017818450927734
v -22.2055606842041 266.3753967285156 54.76381301879883
v -22.027631759643555 267.89471435546875 54.785343170166016
v -22.356660842895508 266.27569580078125 54.605533599853516
v -22.441389083862305 266.19232177734375 54.37939453125
v -22.485164642333984 264.2525634765625 54.19556427001953
v -22.50775909423828 264.22564697265625 53.9677619934082
v -22.270519256591797 262.009033203125 53.319679260253906
v -21.688716888427734 259.49603271484375 52.25106430053711
v -21.63081932067871 269.52813720703125 55.26620101928711
v -21.745203018188477 269.23486328125 55.092620849609375
v -21.81015968322754 269.0388488769531 54.874977111816406
v -22.150487899780273 267.7801513671875 54.58157730102539
v -22.528942108154297 264.21746826171875 53.72123718261719
v -22.317119598388672 262.0310974121094 53.10227966308594
v -22.386314392089844 262.06402587890625 52.890708923339844
v -21.886417388916016 268.89471435546875 54.6550178527832
v 11.262187004089355 270.53289794921875 67.10054016113281
v 11.277719497680664 273.02825927734375 67.01714324951172
v 18.22262954711914 277.8466796875 60.29033279418945
v 18.38785171508789 274.9511413574219 60.038841247558594
v -7.307470798492432 256.0337829589844 68.4183349609375
v -9.192679405212402 256.33514404296875 67.4709701538086
v -11.245932579040527 256.7782287597656 66.50070190429688
v -11.62438678741455 260.1085205078125 66.6432113647461
v -13.622566223144531 260.763916015625 64.95539855957031
v -11.769837379455566 263.7901611328125 66.6848373413086
v -13.738362312316895 264.3883056640625 65.04393768310547
v -11.881396293640137 267.4429016113281 66.83589935302734
v -13.748247146606445 268.0888977050781 65.23405456542969
v -13.698822021484375 271.43768310546875 65.39318084716797
v -15.877755165100098 269.0244140625 63.58641815185547
v -7.917515754699707 259.5478515625 68.92910766601562
v -9.732117652893066 259.7253723144531 67.96780395507812
v -9.902986526489258 263.45599365234375 68.01982879638672
v -10.047024726867676 267.1035461425781 68.0560302734375
v -11.836207389831543 270.6868591308594 66.71305084228516
v -8.122276306152344 263.32598876953125 69.04410552978516
v -8.29879379272461 266.98419189453125 69.04045867919922
v -8.533208847045898 270.0945739746094 68.84009552001953
v -6.845700740814209 270.1174621582031 69.61824035644531
v -7.039163589477539 272.489013671875 69.24617004394531
v -5.098881721496582 270.2998962402344 70.14293670654297
v -5.2259745597839355 272.7514953613281 69.7157974243164
v -3.4706830978393555 270.4975280761719 70.53599548339844
v -3.535641670227051 273.0465087890625 70.02685546875
v -2.0839602947235107 273.2041931152344 70.101806640625
v -6.37122106552124 263.3221740722656 69.7009048461914
v -6.598575592041016 266.98992919921875 69.81901550292969
v -4.946370601654053 267.07537841796875 70.5259017944336
v -2.0133533477783203 270.5982666015625 70.67444610595703
v 10.95716381072998 255.70748901367188 65.0794448852539
v -8.721024513244629 272.4388427734375 68.53889465332031
v -10.278615951538086 270.2451171875 68.04727935791016
v -10.353459358215332 272.6328125 67.78706359863281
v -11.877159118652344 273.1512756347656 66.6572036743164
v -15.980842590332031 265.26397705078125 63.319305419921875
v -15.866458892822266 261.6643371582031 63.16011428833008
v -15.48941707611084 258.4510498046875 63.13754653930664
v -17.717775344848633 259.3098449707031 61.16400909423828
v -19.40104866027832 259.9468078613281 58.889835357666016
v -17.984670639038086 266.3439025878906 61.387821197509766
v -18.039743423461914 262.6679382324219 61.18523406982422
v -19.58039093017578 263.61798095703125 59.00558090209961
v -19.386926651000977 267.49560546875 59.53959655761719
v 17.580106735229492 259.0023498535156 56.84919738769531
v -20.54347038269043 256.42401123046875 44.84523391723633
v -22.394786834716797 264.2999267578125 54.37748718261719
v 21.462081909179688 280.7474670410156 49.14605712890625
v 21.620243072509766 280.5551452636719 50.185997009277344
v 21.826416015625 280.40936279296875 51.22770690917969
v 21.850421905517578 282.5545959472656 51.41284942626953
v 21.89984703063965 282.32232666015625 52.30814743041992
v 21.843360900878906 283.2701721191406 49.17668914794922
v 21.812294006347656 282.87774658203125 50.32392883300781
v 20.541366577148438 268.3974914550781 54.297183990478516
v 20.30977439880371 267.359375 54.39126205444336
v 20.11772346496582 267.3677062988281 55.27347183227539
v 20.81390953063965 270.4967346191406 54.817569732666016
v 20.53006935119629 269.2506408691406 54.98274230957031
v 20.781431198120117 271.86944580078125 55.74117660522461
v 20.919818878173828 273.07440185546875 55.448604583740234
v 21.00737190246582 275.85455322265625 56.050559997558594
v 20.867570877075195 278.5019836425781 56.367713928222656
v 20.98760414123535 278.99755859375 56.22346115112305
v 20.743303298950195 280.82647705078125 56.370967864990234
v 21.100574493408203 279.35400390625 56.133575439453125
v 20.82097053527832 281.00933837890625 56.241233825683594
v 21.19236183166504 279.5931701660156 56.01984786987305
v 20.887340545654297 281.1408386230469 56.103904724121094
v 20.96359634399414 281.2402648925781 55.95058822631836
v 21.058210372924805 274.0023498535156 55.371639251708984
v 21.099163055419922 276.6179504394531 55.91221618652344
v 21.233314514160156 277.1899108886719 55.86329650878906
v 21.33922576904297 277.58282470703125 55.776031494140625
v 21.267208099365234 279.74871826171875 55.86853790283203
v 21.041263580322266 281.32635498046875 55.76256561279297
v 21.207897186279297 274.83807373046875 55.37882614135742
v 21.31521987915039 275.4092712402344 55.33464813232422
v 21.431015014648438 275.7402648925781 55.25054931640625
v 21.2898006439209 273.9918212890625 54.74047088623047
v 21.34487533569336 274.24072265625 54.589046478271484
v 21.158472061157227 272.8974914550781 54.80086898803711
v 21.233314514160156 273.6013488769531 54.816097259521484
v 18.834087371826172 260.2365417480469 51.742271423339844
v 18.022106170654297 258.1317138671875 46.123260498046875
v 20.63597869873047 280.5711975097656 56.546302795410156
v -22.72381591796875 267.75140380859375 53.664222717285156
v -22.783126831054688 267.85284423828125 53.41933059692383
v -22.886213302612305 267.9977722167969 53.20659255981445
v -22.6108455657959 269.0856018066406 53.25996017456055
v -22.69416046142578 269.2911682128906 53.058712005615234
v -22.40749740600586 268.8048095703125 53.71582794189453
v -22.506345748901367 268.92120361328125 53.487327575683594
v -23.14322280883789 269.10919189453125 52.51268005371094
v -22.83537483215332 270.608154296875 52.550994873046875
v -23.178525924682617 268.70709228515625 52.72017288208008
v -22.86644172668457 269.95208740234375 52.73686981201172
v -22.818429946899414 269.5660705566406 52.89158630371094
v -23.079675674438477 268.4029541015625 52.86743927001953
v -22.972352981567383 268.17626953125 53.00918960571289
v -23.090972900390625 266.46368408203125 53.00920867919922
v -23.28443717956543 266.772705078125 52.685462951660156
v -23.20535659790039 266.6090393066406 52.83590316772461
v -23.19264793395996 264.6271057128906 52.45205307006836
v 18.78325080871582 260.8102111816406 50.63682174682617
v -23.42847442626953 286.4148864746094 44.03117752075195
v -22.280405044555664 283.10711669921875 44.9857292175293
v -23.162992477416992 286.2156677246094 44.91121292114258
v -22.750646591186523 285.46331787109375 46.00633239746094
v 18.728178024291992 261.3480224609375 49.64295959472656
v 20.905698776245117 269.4871520996094 53.57135772705078
v 20.809673309326172 268.4652099609375 53.401268005371094
v 20.870393753051758 269.3199462890625 52.34526824951172
v 20.781431198120117 268.420654296875 52.1746711730957
v -22.202735900878906 278.0182800292969 50.88886260986328
v -22.382078170776367 275.37103271484375 51.90126419067383
v -22.455509185791016 275.8198547363281 52.48444366455078
v -22.415969848632812 273.7798156738281 52.54852294921875
v -22.42726707458496 276.2124938964844 52.84021759033203
v -22.318532943725586 274.41729736328125 52.7828254699707
v -22.280405044555664 274.7021179199219 52.99971008300781
v -22.35807228088379 276.441162109375 53.075355529785156
v -22.468217849731445 278.3746337890625 52.91849899291992
v -22.448450088500977 278.20416259765625 52.512760162353516
v -22.338300704956055 278.0615234375 51.84394836425781
v -22.29170036315918 280.49066162109375 52.034149169921875
v -22.442800521850586 280.47344970703125 52.685325622558594
v -22.2676944732666 282.3289489746094 52.890830993652344
v -22.461158752441406 280.49017333984375 53.1051139831543
v -22.274755477905273 282.23846435546875 53.306182861328125
v -22.362308502197266 280.5131530761719 53.38570022583008
v -22.225330352783203 282.1864929199219 53.57182312011719
v -22.459745407104492 278.49713134765625 53.169891357421875
v -22.30864715576172 276.5586242675781 53.28666305541992
v -22.250747680664062 274.8467102050781 53.218589782714844
v -22.317119598388672 276.6260986328125 53.48714065551758
v -22.29170036315918 274.9320373535156 53.42274856567383
v -22.242277145385742 276.6547546386719 53.759979248046875
v -22.13636589050293 274.9949035644531 53.6630859375
v -22.034690856933594 274.9884948730469 53.96174240112305
v -22.109535217285156 276.65167236328125 54.06510543823242
v -22.190027236938477 278.608154296875 53.89383316040039
v -22.305822372436523 278.5973815917969 53.62467956542969
v -22.380664825439453 278.564208984375 53.382869720458984
v -22.270519256591797 280.525390625 53.60227966308594
v -22.13071632385254 282.1437072753906 53.777992248535156
v -22.01350975036621 276.617431640625 54.39260482788086
v -22.126482009887695 278.600341796875 54.18429946899414
v -22.053049087524414 278.5729064941406 54.486812591552734
v -21.93866539001465 280.4022216796875 54.621822357177734
v -21.986679077148438 278.529052734375 54.79383087158203
v -22.03751564025879 280.45123291015625 54.33721923828125
v -21.841228485107422 281.95068359375 54.46689987182617
v -22.13071632385254 280.4909362792969 54.06898498535156
v -22.195676803588867 280.51263427734375 53.823570251464844
v -21.941490173339844 282.0262756347656 54.22003936767578
v -22.03751564025879 282.0915832519531 53.989112854003906
v -16.81400489807129 248.81613159179688 44.54169464111328
v -16.91850471496582 249.12890625 43.99794387817383
v -16.799884796142578 249.47848510742188 44.554718017578125
v -16.856369018554688 249.72256469726562 44.01002883911133
v -17.465002059936523 251.46786499023438 45.068302154541016
v -17.431110382080078 251.552978515625 44.503822326660156
v -18.60460090637207 254.33831787109375 45.761295318603516
v -17.748842239379883 252.1651611328125 44.084312438964844
v -18.843252182006836 255.07261657714844 45.5449104309082
v -18.144241333007812 252.88699340820312 43.565155029296875
v -19.15392303466797 256.1050109863281 45.293949127197266
v -19.439176559448242 256.95556640625 44.785709381103516
v -20.18054962158203 261.03997802734375 46.33576202392578
v -20.22856330871582 261.82501220703125 45.758277893066406
v -20.670562744140625 264.9658508300781 47.61045837402344
v -20.458742141723633 265.9698181152344 47.01964569091797
v -20.518051147460938 269.89617919921875 48.31352233886719
v -20.08734893798828 271.0592956542969 47.50201416015625
v -19.559207916259766 276.15478515625 46.790382385253906
v -19.86988067626953 271.7359619140625 46.72336196899414
v -19.51260757446289 276.6285095214844 46.082393646240234
v -19.964492797851562 272.0281982421875 45.98866653442383
v -19.711719512939453 276.85009765625 45.42950439453125
v -20.02521514892578 276.8933410644531 44.96776580810547
v -20.595720291137695 280.2933044433594 43.937896728515625
v -20.91204071044922 280.2978515625 43.80559158325195
v -22.181554794311523 284.03607177734375 43.07325744628906
v -22.531766891479492 284.17547607421875 42.98355484008789
v -23.088150024414062 286.8208312988281 43.380863189697266
v -23.398820877075195 287.0294494628906 43.435401916503906
v -23.331037521362305 287.9206237792969 44.461036682128906
v -23.540035247802734 286.75360107421875 43.44004821777344
v -23.53862190246582 287.6359558105469 44.359439849853516
v -23.42141342163086 286.022705078125 43.46034622192383
v -23.42847442626953 286.4148864746094 44.03117752075195
v -23.21100616455078 287.5315856933594 45.31974411010742
v -22.94693374633789 287.82568359375 45.459495544433594
v -23.06273078918457 287.6985778808594 44.26792907714844
v -22.640501022338867 286.1014099121094 43.38824462890625
v -21.719783782958984 283.6899719238281 43.41312026977539
v -20.279399871826172 280.1854248046875 44.34849166870117
v -20.044984817504883 280.01593017578125 44.972564697265625
v -19.886825561523438 279.69256591796875 45.74105453491211
v -19.682064056396484 275.4415283203125 47.523311614990234
v -21.23542022705078 267.7932434082031 49.380619049072266
v -20.779298782348633 263.2760925292969 47.9897575378418
v -19.984262466430664 259.8634948730469 46.785884857177734
v -19.79079818725586 258.24517822265625 46.93684768676758
v -19.495662689208984 256.8045349121094 46.84321594238281
v -18.686504364013672 254.46688842773438 46.27860641479492
v -17.637283325195312 251.52633666992188 45.57648468017578
v -16.89449691772461 249.35731506347656 45.0027961730957
v -16.854957580566406 248.5792236328125 44.97671127319336
v -20.359891891479492 260.7274169921875 47.93431854248047
v -19.744199752807617 257.7879943847656 47.44919204711914
v -18.959047317504883 254.84547424316406 46.870323181152344
v -19.262659072875977 254.9801788330078 47.338294982910156
v -17.829334259033203 251.46041870117188 45.92743682861328
v -19.539438247680664 254.85641479492188 47.6624641418457
v -18.093406677246094 251.34181213378906 46.2335090637207
v -18.337705612182617 251.1404266357422 46.468162536621094
v -17.332260131835938 249.14439392089844 45.646644592285156
v -17.593507766723633 249.02066040039062 45.88978958129883
v -17.229175567626953 248.2279052734375 45.577735900878906
v -17.463590621948242 248.10455322265625 45.78812789916992
v -20.9332218170166 262.30731201171875 48.94478225708008
v -20.063343048095703 258.6759948730469 48.115177154541016
v -20.403667449951172 258.9459533691406 48.694278717041016
v -20.719987869262695 258.7267761230469 49.08987808227539
v -19.769617080688477 254.51759338378906 47.84330749511719
v -18.50716209411621 250.82772827148438 46.61563491821289
v -17.786970138549805 248.86431884765625 46.08635330200195
v -17.66693878173828 248.00770568847656 45.97290802001953
v -21.373809814453125 262.3743896484375 49.71866989135742
v -21.65482521057129 261.8652038574219 50.23073959350586
v -21.796039581298828 261.1918640136719 50.495460510253906
v -22.18014144897461 263.71075439453125 51.336097717285156
v -22.178730010986328 262.5986633300781 51.57770538330078
v -22.273344039916992 266.0785827636719 51.66392517089844
v -22.415969848632812 265.5928039550781 51.95536422729492
v -22.041751861572266 268.0628967285156 51.758811950683594
v -22.206974029541016 267.84466552734375 52.03072738647461
v -21.838403701782227 269.94110107421875 51.87254333496094
v -22.384902954101562 267.6201477050781 52.2366943359375
v -22.02480697631836 269.4362487792969 52.186370849609375
v -22.40890884399414 267.4059753417969 52.40647506713867
v -22.13071632385254 269.0014953613281 52.376373291015625
v -22.222505569458008 268.7076110839844 52.51654052734375
v -22.016332626342773 269.7283630371094 52.530399322509766
v -22.071407318115234 269.4689636230469 52.66349411010742
v -22.08694076538086 270.3319396972656 52.599815368652344
v -22.13212776184082 270.05133056640625 52.74301528930664
v -22.334064483642578 270.5145263671875 52.69914627075195
v -22.269107818603516 270.22625732421875 52.860652923583984
v -22.483753204345703 269.9745788574219 52.98685836791992
v -22.173080444335938 269.990966796875 53.06337356567383
v -22.34112548828125 269.7424011230469 53.190879821777344
v -21.999387741088867 269.8021545410156 53.296966552734375
v -22.21826934814453 269.5649108886719 53.429222106933594
v -22.098237991333008 269.44195556640625 53.66762924194336
v -22.40749740600586 268.8048095703125 53.71582794189453
v -22.317119598388672 268.746826171875 53.940948486328125
v -21.869470596313477 265.75115966796875 50.3111686706543
v -22.07423210144043 264.6145935058594 50.87424850463867
v -22.0812931060791 266.84326171875 51.317203521728516
v -21.918895721435547 268.17889404296875 51.522552490234375
v -21.627994537353516 270.0674743652344 51.45830535888672
v -21.509374618530273 272.5384521484375 51.68755340576172
v -21.824281692504883 270.8153076171875 52.15796661376953
v -21.959848403930664 270.1214904785156 52.376121520996094
v -22.01350975036621 270.72674560546875 52.458900451660156
v -22.226741790771484 270.88006591796875 52.57888412475586
v -22.560009002685547 270.2601013183594 52.82039260864258
v -22.69416046142578 269.2911682128906 53.058712005615234
v -22.6108455657959 269.0856018066406 53.25996017456055
v -22.506345748901367 268.92120361328125 53.487327575683594
v -21.776269912719727 268.26171875 50.83050537109375
v -21.58139419555664 269.6294860839844 51.1240234375
v -21.25942611694336 272.7032470703125 50.805755615234375
v -20.80895233154297 275.6966552734375 50.332244873046875
v -21.128095626831055 275.7725524902344 51.151607513427734
v -20.721399307250977 278.35540771484375 50.32746887207031
v -20.967111587524414 278.3629150390625 51.1624870300293
v -20.96428871154785 280.68585205078125 51.44996643066406
v -21.06737518310547 278.47015380859375 51.768341064453125
v -21.015125274658203 280.6710205078125 52.057838439941406
v -21.102678298950195 278.59765625 52.17251968383789
v -21.08149528503418 280.6783752441406 52.45089340209961
v -21.085731506347656 280.6891174316406 52.70862579345703
v -21.17893409729004 282.32696533203125 53.034339904785156
v -21.106914520263672 282.27752685546875 53.23899841308594
v -21.39499282836914 283.3540344238281 53.328125
v -21.31026268005371 283.27850341796875 53.525638580322266
v -21.674596786499023 283.66943359375 53.541378021240234
v -21.59269142150879 283.5841979980469 53.736083984375
v -21.887828826904297 283.1986389160156 53.828956604003906
v -21.486780166625977 283.4941711425781 53.93638229370117
v -21.78615379333496 283.1187744140625 54.03099060058594
v -21.380870819091797 283.39923095703125 54.159950256347656
v -21.684480667114258 283.0282897949219 54.25262451171875
v -21.57574462890625 282.93072509765625 54.494075775146484
v -21.841228485107422 281.95068359375 54.46689987182617
v -21.73531723022461 281.8668212890625 54.730560302734375
v -21.089969635009766 271.0299987792969 49.90810012817383
v -20.998180389404297 272.28515625 50.24178695678711
v -20.465803146362305 275.5893249511719 49.48957061767578
v -20.417789459228516 278.4400939941406 49.33611297607422
v -20.859790802001953 280.7562561035156 50.60835647583008
v -21.13656997680664 282.5995178222656 51.80012512207031
v -21.2043514251709 282.4611511230469 52.390403747558594
v -21.21706199645996 282.3763427734375 52.77775192260742
v -21.4401798248291 283.4482421875 53.080204010009766
v -21.72966766357422 283.7781677246094 53.29067611694336
v -21.97114372253418 283.2741394042969 53.631439208984375
v -22.13071632385254 282.1437072753906 53.777992248535156
v -22.03751564025879 282.0915832519531 53.989112854003906
v -21.941490173339844 282.0262756347656 54.22003936767578
v -20.1904354095459 275.21734619140625 48.82718276977539
v -20.00120735168457 278.556396484375 48.38207244873047
v -20.38813591003418 281.2563171386719 48.38316345214844
v -20.36412811279297 281.7640686035156 47.169036865234375
v -21.19870376586914 284.4902038574219 47.17985534667969
v -20.62255096435547 282.44873046875 45.9809684753418
v -21.62940788269043 285.444091796875 45.89318084716797
v -20.96993637084961 283.1266784667969 44.90149688720703
v -22.119421005249023 286.22674560546875 44.798095703125
v -22.51905632019043 286.4710693359375 43.93190002441406
v -22.671567916870117 287.57122802734375 45.21355438232422
v -19.924951553344727 274.85882568359375 48.24259567260742
v -19.77808952331543 278.7770080566406 47.485679626464844
v -19.820453643798828 279.20855712890625 46.597930908203125
v -21.349803924560547 283.4947814941406 44.037811279296875
v -17.79120635986328 247.94068908691406 46.15879821777344
v -17.877347946166992 248.6759796142578 46.25809860229492
v -17.87028694152832 247.90493774414062 46.35398483276367
v -17.939481735229492 248.53878784179688 46.423439025878906
v -17.979021072387695 248.5441436767578 46.59281539916992
v -18.645553588867188 250.27781677246094 46.967552185058594
v -18.67803192138672 250.50393676757812 47.150970458984375
v -20.015329360961914 253.09385681152344 47.958072662353516
v -20.090173721313477 253.55455017089844 48.261348724365234
v -21.19870376586914 256.0018615722656 49.073246002197266
v -21.28484344482422 256.9219665527344 49.52098083496094
v -21.849700927734375 259.8780517578125 50.567684173583984
v -21.245304107666016 257.4093322753906 49.83290481567383
v -21.87653160095215 260.47113037109375 51.02647399902344
v -21.174697875976562 257.57415771484375 50.03241729736328
v -21.838403701782227 260.627197265625 51.27294921875
v -21.76779556274414 260.6302795410156 51.42745590209961
v -22.199913024902344 263.0561218261719 52.34556198120117
v -22.178730010986328 263.0005187988281 52.46660614013672
v -22.400436401367188 265.29071044921875 52.53145217895508
v -22.376428604125977 265.1875 52.67937469482422
v -22.36513328552246 267.21649169921875 52.534690856933594
v -22.331239700317383 267.05230712890625 52.67478561401367
v -22.1660213470459 268.47711181640625 52.652896881103516
v -22.239452362060547 266.8942565917969 52.80605697631836
v -22.095413208007812 268.28472900390625 52.814083099365234
v -22.139188766479492 266.7559814453125 52.95954132080078
v -22.003625869750977 268.1204528808594 53.00352478027344
v -21.827106475830078 267.9859924316406 53.18265914916992
v -21.731081008911133 268.9464111328125 53.28264617919922
v -21.558799743652344 268.8712158203125 53.49675369262695
v -21.73672866821289 269.5083312988281 53.408042907714844
v -21.539030075073242 269.4378356933594 53.625389099121094
v -21.86664581298828 269.67608642578125 53.55432891845703
v -21.68589210510254 269.6122131347656 53.773193359375
v -21.93301773071289 269.3791809082031 53.878089904785156
v -21.52631950378418 269.6092529296875 54.00871658325195
v -21.838403701782227 269.3874206542969 54.115779876708984
v -21.45288848876953 269.6736145019531 54.248409271240234
v -21.724021911621094 269.4478454589844 54.36774826049805
v -21.59975242614746 269.5584716796875 54.60404586791992
v -21.886417388916016 268.89471435546875 54.6550178527832
v -21.81015968322754 269.0388488769531 54.874977111816406
v -18.56788444519043 250.4374542236328 46.70526885986328
v -18.559412002563477 250.21002197265625 46.790992736816406
v -19.930601119995117 252.8421630859375 47.73734664916992
v -20.931808471679688 255.0557861328125 48.641212463378906
v -21.666122436523438 258.4147644042969 49.84286880493164
v -22.226741790771484 262.9847717285156 51.99531936645508
v -22.225330352783203 263.0728454589844 52.20444107055664
v -22.454097747802734 265.3825378417969 52.38760757446289
v -22.002212524414062 269.25103759765625 52.83930206298828
v -21.910423278808594 269.07916259765625 53.0584716796875
v -21.921720504760742 269.645751953125 53.15542984008789
v -22.144838333129883 268.7496337890625 54.171302795410156
v -21.968320846557617 268.7909240722656 54.41399002075195
v -19.9517822265625 253.27833557128906 47.76951217651367
v -21.15492820739746 256.1629333496094 48.97236251831055
v -21.807336807250977 260.1697082519531 50.392391204833984
v -19.923540115356445 253.96754455566406 47.865962982177734
v -21.150691986083984 257.3640441894531 49.24414825439453
v -20.9755859375 258.20733642578125 49.282371520996094
v -22.18014144897461 286.9462890625 46.262054443359375
v -21.755088806152344 286.03961181640625 47.50267028808594
v -21.43876838684082 285.19635009765625 48.8521728515625
v -21.800275802612305 285.6561279296875 49.04490280151367
v -21.708486557006836 285.00848388671875 50.31813049316406
v -22.078468322753906 285.1674499511719 48.98186492919922
v -21.997976303100586 284.506103515625 50.30506896972656
v -22.092588424682617 283.6120300292969 48.77174377441406
v -22.12506866455078 283.0255432128906 50.13899230957031
v -22.181554794311523 282.6777648925781 51.32140350341797
v -22.0092716217041 284.0523986816406 51.448143005371094
v -21.715547561645508 284.53363037109375 51.42196273803711
v -21.392168045043945 284.114013671875 51.23466873168945
v -21.43311882019043 283.81060791015625 52.10015106201172
v -21.435943603515625 283.5938720703125 52.698097229003906
v -22.257808685302734 282.4662780761719 52.23935317993164
v -22.033279418945312 283.74322509765625 52.350467681884766
v -21.733905792236328 284.1924743652344 52.29947280883789
v -21.73672866821289 283.94482421875 52.90470886230469
v -22.034690856933594 283.5198059082031 52.975990295410156
v -22.02621841430664 283.36993408203125 53.37403869628906
v -22.225330352783203 282.1864929199219 53.57182312011719
v -22.2676944732666 282.3289489746094 52.890830993652344
v -22.274755477905273 282.23846435546875 53.306182861328125
v -20.07463836669922 253.83973693847656 48.50624465942383
v -18.700624465942383 250.6144561767578 47.32391357421875
v -17.970550537109375 248.64083862304688 46.8941764831543
v -17.915475845336914 248.619140625 47.02688980102539
v -17.833572387695312 247.91824340820312 47.010372161865234
v -17.836395263671875 248.57315063476562 47.148155212402344
v -17.77849769592285 247.86135864257812 47.14606475830078
v -17.781322479248047 248.51046752929688 47.28901290893555
v -17.699417114257812 247.7991943359375 47.27701187133789
v -17.644344329833984 247.722412109375 47.40815734863281
v -19.985675811767578 253.9556121826172 48.67509841918945
v -18.641315460205078 250.63858032226562 47.45431137084961
v -18.542465209960938 250.62855529785156 47.5678596496582
v -18.528345108032227 250.61141967773438 47.741737365722656
v -17.700830459594727 248.43646240234375 47.40486145019531
v -17.563852310180664 247.66082763671875 47.520355224609375
v -19.88823699951172 253.94808959960938 48.808692932128906
v -21.084320068359375 257.57708740234375 50.172916412353516
v -19.800683975219727 253.88766479492188 48.94416809082031
v -20.989707946777344 257.50982666015625 50.29286575317383
v -20.890857696533203 257.4183654785156 50.41278839111328
v -21.70425033569336 260.58074951171875 51.54850387573242
v -21.6491756439209 260.5130615234375 51.66952896118164
v -22.15472412109375 262.9362487792969 52.58526611328125
v -22.32841682434082 265.0825500488281 52.802513122558594
v -22.304410934448242 264.9942321777344 52.95541000366211
v -22.264869689941406 264.91717529296875 53.12189483642578
v -22.058696746826172 266.64361572265625 53.14667510986328
v -22.20414924621582 264.8579406738281 53.31231689453125
v -21.948551177978516 266.5598449707031 53.34073257446289
v -21.812984466552734 266.51220703125 53.541080474853516
v -21.728256225585938 267.9087219238281 53.416160583496094
v -21.492429733276367 267.86639404296875 53.58074188232422
v -21.366748809814453 268.8553466796875 53.71674728393555
v -21.373809814453125 269.4369201660156 53.86177444458008
v -21.225534439086914 269.4880065917969 54.09843826293945
v -21.14786720275879 269.60418701171875 54.324398040771484
v -21.380870819091797 269.7947998046875 54.494197845458984
v -21.08008575439453 269.7612609863281 54.551048278808594
v -21.27919578552246 269.9564514160156 54.72150421142578
v -21.14786720275879 270.166015625 54.8865852355957
v -21.540441513061523 269.7164306640625 54.84880065917969
v -21.434532165527344 269.923828125 55.03068923950195
v -21.745203018188477 269.23486328125 55.092620849609375
v -21.318737030029297 270.22064208984375 55.18423080444336
v -21.044780731201172 270.454345703125 55.031497955322266
v -20.950166702270508 269.9795837402344 54.709678649902344
v -20.965700149536133 269.1232604980469 54.36716842651367
v -21.041955947875977 268.98052978515625 54.15540313720703
v -21.201526641845703 268.8899230957031 53.946495056152344
v -21.317323684692383 267.8836975097656 53.78805923461914
v -21.644939422607422 266.50653076171875 53.7425537109375
v -22.071407318115234 264.81353759765625 53.49629211425781
v -22.091176986694336 262.7841491699219 53.02037811279297
v -22.1434268951416 262.8273010253906 52.86247253417969
v -22.157548904418945 262.8765869140625 52.715999603271484
v -21.584218978881836 260.4461975097656 51.797237396240234
v -20.78353500366211 257.3201599121094 50.54003143310547
v -19.68488883972168 253.7974090576172 49.05827331542969
v -20.81460189819336 270.2829284667969 54.841896057128906
v -20.851316452026367 269.3230895996094 54.52943801879883
v -20.930397033691406 268.19976806640625 54.381431579589844
v -21.040542602539062 268.05078125 54.196163177490234
v -21.208587646484375 266.676025390625 54.30107116699219
v -21.35968780517578 266.5935974121094 54.14496612548828
v -21.712722778320312 264.82489013671875 54.10247039794922
v -21.498077392578125 266.5361022949219 53.95247268676758
v -21.811573028564453 264.8034362792969 53.91367721557617
v -21.955612182617188 264.8016052246094 53.724266052246094
v -22.02621841430664 262.7464599609375 53.1970329284668
v -21.362510681152344 260.2512512207031 52.27389144897461
v -21.46983528137207 260.3056945800781 52.10932159423828
v -20.454505920410156 257.02032470703125 50.977779388427734
v -20.577362060546875 257.1163330078125 50.82682800292969
v -19.273954391479492 253.48040771484375 49.32296371459961
v -20.683271408081055 257.2165832519531 50.68019485473633
v -19.417993545532227 253.60015869140625 49.25414276123047
v -19.56203269958496 253.69671630859375 49.165470123291016
v -18.433731079101562 250.54249572753906 47.84832763671875
v -20.707279205322266 269.6240234375 54.66445541381836
v -20.82166290283203 268.406005859375 54.54004669189453
v -21.078672409057617 266.7665100097656 54.426368713378906
v -21.577157974243164 264.8633117675781 54.236328125
v -21.702838897705078 262.7109680175781 53.72407150268555
v -21.78474235534668 262.7161865234375 53.54393005371094
v -21.904773712158203 262.7250671386719 53.36659622192383
v -21.2340087890625 260.2074279785156 52.43912124633789
v -20.3147029876709 256.93896484375 51.1285285949707
v -19.139802932739258 253.3794708251953 49.40473556518555
v -18.028446197509766 250.175048828125 47.88928985595703
v -18.16118812561035 250.36434936523438 47.9407844543457
v -18.300989151000977 250.467529296875 47.914398193359375
v -17.609041213989258 248.36109924316406 47.503684997558594
v -21.485368728637695 264.88922119140625 54.3624153137207
v -21.57433319091797 262.72503662109375 53.85531997680664
v -20.958641052246094 260.0982971191406 52.936553955078125
v -21.016536712646484 260.1295471191406 52.77238845825195
v -19.972965240478516 256.7416687011719 51.599143981933594
v -20.073226928710938 256.8031921386719 51.43501281738281
v -18.806537628173828 253.11898803710938 49.658931732177734
v -20.17913818359375 256.8726501464844 51.27799987792969
v -18.922332763671875 253.19229125976562 49.57950210571289
v -19.021183013916016 253.28485107421875 49.4916877746582
v -17.947954177856445 250.05506896972656 47.89216995239258
v -17.36191749572754 248.1139678955078 47.691314697265625
v -17.43675994873047 248.18661499023438 47.639461517333984
v -17.383098602294922 247.47064208984375 47.81794357299805
v -17.44947052001953 247.52415466308594 47.736549377441406
v -21.52631950378418 262.72137451171875 54.0057258605957
v -20.906391143798828 260.0699462890625 53.1082649230957
v -19.903770446777344 256.6870422363281 51.769962310791016
v -18.717571258544922 253.0185546875 49.771305084228516
v -17.700830459594727 249.83694458007812 47.8805046081543
v -17.702241897583008 249.94210815429688 47.86381530761719
v -17.81945037841797 249.9961700439453 47.88520812988281
v -17.320964813232422 248.0386199951172 47.74962615966797
v -17.353443145751953 247.40771484375 47.892860412597656
v -21.49525260925293 262.6929016113281 54.15459442138672
v -21.43170738220215 264.8777770996094 54.488033294677734
v -21.027835845947266 266.8316650390625 54.580299377441406
v -20.664915084838867 268.6756286621094 54.65434265136719
v -20.527936935424805 268.8195495605469 54.78810501098633
v -20.311880111694336 271.46917724609375 55.08845138549805
v -20.53076171875 268.36370849609375 54.95028305053711
v -20.186199188232422 270.71807861328125 55.28133010864258
v -20.711515426635742 267.3593444824219 55.18640899658203
v -20.27092742919922 269.48028564453125 55.57407760620117
v -20.48274803161621 267.72210693359375 56.070308685302734
v -20.039335250854492 272.3213195800781 55.99897384643555
v -19.89529800415039 270.8361511230469 56.57545471191406
v -19.868467330932617 275.4396057128906 56.1412467956543
v -19.535202026367188 274.3027038574219 56.76875686645508
v -19.53096580505371 277.5958557128906 56.895713806152344
v -18.927980422973633 276.64654541015625 58.02983093261719
v -18.981643676757812 279.4200439453125 58.323848724365234
v -17.768613815307617 275.48541259765625 59.411949157714844
v -17.877347946166992 278.31072998046875 59.804931640625
v -16.349411010742188 274.1605529785156 61.10655212402344
v -16.42425537109375 276.9223327636719 61.52101516723633
v -14.709915161132812 275.4615173339844 63.2421875
v -16.521692276000977 278.4726257324219 61.70872116088867
v -14.811589241027832 277.0168762207031 63.40037536621094
v -16.67702865600586 278.88409423828125 61.802703857421875
v -14.959863662719727 277.4559326171875 63.5008544921875
v -15.185807228088379 276.8841857910156 63.69673538208008
v -13.369792938232422 275.606689453125 65.16556549072266
v -13.540661811828613 274.0297546386719 65.33639526367188
v -11.785370826721191 274.66796875 66.44213104248047
v -11.877159118652344 273.1512756347656 66.6572036743164
v -10.298386573791504 274.1081237792969 67.45967102050781
v -10.353459358215332 272.6328125 67.78706359863281
v -8.721024513244629 272.4388427734375 68.53889465332031
v -8.73090934753418 273.8984375 68.19984436035156
v -10.188239097595215 274.6271057128906 67.22774505615234
v -11.639920234680176 275.2032165527344 66.2322006225586
v -13.183390617370605 276.1626892089844 64.96686553955078
v -13.035115242004395 275.7116394042969 64.84870147705078
v -12.895313262939453 274.221923828125 64.72183227539062
v -14.584234237670898 272.83233642578125 62.85545349121094
v -16.24632453918457 270.7008361816406 60.58183670043945
v -17.779909133911133 271.89410400390625 59.07391357421875
v -19.01694679260254 273.0815734863281 57.87757110595703
v -19.3826904296875 269.2937927246094 57.496437072753906
v -20.19890785217285 265.0989074707031 56.74205017089844
v -21.00100326538086 265.7467346191406 55.442317962646484
v -20.989707946777344 266.1872253417969 54.96982192993164
v -20.917688369750977 266.47198486328125 54.787841796875
v -20.9755859375 266.7552795410156 54.69894790649414
v -21.332857131958008 264.79791259765625 54.577369689941406
v -21.404876708984375 262.64910888671875 54.27931213378906
v -20.855552673339844 260.0365905761719 53.280399322509766
v -21.232595443725586 264.84979248046875 54.982757568359375
v -20.950166702270508 263.4773254394531 55.440635681152344
v -21.2043514251709 262.8104248046875 54.7850227355957
v -20.5928955078125 260.10748291015625 54.131866455078125
v -21.33991813659668 262.6228942871094 54.46330642700195
v -20.731285095214844 259.9788818359375 53.695579528808594
v -20.800479888916016 259.9954833984375 53.45942306518555
v -19.841636657714844 256.65185546875 51.926151275634766
v -18.57353401184082 252.9623260498047 49.87941360473633
v -18.614486694335938 252.98471069335938 49.831817626953125
v -17.559616088867188 249.67611694335938 47.85360336303711
v -17.587858200073242 249.71676635742188 47.869380950927734
v -17.18539810180664 247.8142852783203 47.836647033691406
v -17.642932891845703 249.76541137695312 47.88344192504883
v -17.19104766845703 247.8691864013672 47.8242073059082
v -17.223526000976562 247.92190551757812 47.80832290649414
v -17.25318145751953 247.9850616455078 47.77908706665039
v -17.335084915161133 247.3459014892578 47.95937728881836
v -20.330236434936523 260.48187255859375 54.98517990112305
v -19.57332992553711 256.6748352050781 52.787906646728516
v -19.720191955566406 256.5888977050781 52.336578369140625
v -19.795034408569336 256.6060485839844 52.10193634033203
v -18.5354061126709 252.9240264892578 49.962120056152344
v -17.54266929626465 249.63507080078125 47.85032653808594
v -17.18398666381836 247.7677001953125 47.84370422363281
v -17.28848648071289 247.2030029296875 48.080535888671875
v -17.291309356689453 247.24888610839844 48.04912567138672
v -17.3026065826416 247.29884338378906 48.00802230834961
v -19.7230167388916 260.9540710449219 56.51005935668945
v -19.39539909362793 256.85113525390625 53.7696418762207
v -18.330646514892578 252.95614624023438 51.23287582397461
v -18.484569549560547 252.874755859375 50.455528259277344
v -17.489009857177734 249.5591278076172 48.31482696533203
v -17.532785415649414 249.57322692871094 47.97760772705078
v -17.22211456298828 247.66741943359375 47.87763977050781
v -17.538433074951172 249.59632873535156 47.87334060668945
v -17.20375633239746 247.69358825683594 47.85568618774414
v -17.189634323120117 247.728515625 47.847537994384766
v -17.301193237304688 247.15994262695312 48.108070373535156
v -18.805124282836914 257.1528625488281 55.46995162963867
v -17.873111724853516 253.1139373779297 52.79942321777344
v -17.120441436767578 249.61460876464844 49.27251052856445
v -17.192459106445312 247.64352416992188 48.00690460205078
v -17.39580726623535 247.06578063964844 48.17368698120117
v -17.360504150390625 247.0902099609375 48.14720916748047
v -17.3252010345459 247.12313842773438 48.12936019897461
v -17.733308792114258 257.38641357421875 58.02674102783203
v -18.29534149169922 261.0495910644531 58.592411041259766
v -18.560823440551758 264.52392578125 58.576271057128906
v -18.158363342285156 268.1562194824219 58.752952575683594
v -16.532989501953125 267.1237487792969 60.38905715942383
v -14.486796379089355 266.04095458984375 62.231971740722656
v -14.44866943359375 269.52557373046875 62.382198333740234
v -12.293741226196289 265.07257080078125 63.90887451171875
v -12.434955596923828 268.54437255859375 64.03473663330078
v -10.76862907409668 267.825927734375 65.64167022705078
v -12.737154006958008 271.7210693359375 64.48004913330078
v -11.051056861877441 270.9370422363281 65.85311126708984
v -11.349019050598145 273.3148193359375 66.05596923828125
v -11.504354476928711 274.7552795410156 66.1153335571289
v -10.078092575073242 274.1860046386719 67.12640380859375
v -8.562864303588867 273.97637939453125 67.85774230957031
v -8.649004936218262 274.4189758300781 67.95844268798828
v -6.926192760467529 274.0691833496094 68.47779846191406
v -6.984090328216553 274.5281982421875 68.57398986816406
v -5.152543067932129 274.86126708984375 69.01115417480469
v -7.0603461265563965 273.9862976074219 68.8634262084961
v -5.217501640319824 274.3034362792969 69.31544494628906
v -7.039163589477539 272.489013671875 69.24617004394531
v -5.2259745597839355 272.7514953613281 69.7157974243164
v -3.4777438640594482 274.6542053222656 69.64100646972656
v -3.409960985183716 275.2405700683594 69.35247802734375
v -5.118651866912842 274.3840026855469 68.88327026367188
v -6.783566474914551 272.64544677734375 68.53179931640625
v -8.37928581237793 272.5926818847656 67.87407684326172
v -9.929817199707031 272.7830810546875 67.16253662109375
v -9.597963333129883 270.47589111328125 67.10069274902344
v -9.14466667175293 267.43182373046875 66.8160629272461
v -10.56810474395752 264.3096618652344 65.57566833496094
v -12.117223739624023 261.67462158203125 64.04060363769531
v -14.371001243591309 262.7430114746094 62.3448486328125
v -16.65867042541504 263.76446533203125 60.466094970703125
v -16.340938568115234 260.6312255859375 60.755638122558594
v -16.057098388671875 257.31732177734375 60.75040817260742
v -16.853544235229492 253.39617919921875 55.30950927734375
v -3.40572452545166 274.7359313964844 69.17133331298828
v -5.036747455596924 272.906494140625 68.9210433959961
v -4.826338768005371 270.50994873046875 69.0433349609375
v -6.448888778686523 270.34759521484375 68.57770538330078
v -4.569328784942627 267.3390197753906 69.10183715820312
v -6.061962127685547 267.2787170410156 68.5055160522461
v -5.782358169555664 263.6427001953125 68.25384521484375
v -7.540473937988281 267.29156494140625 67.69422912597656
v -7.365368366241455 263.6634521484375 67.70416259765625
v -8.91307544708252 263.8603820800781 66.737060546875
v -10.373229026794434 260.7743225097656 65.64474487304688
v -10.045612335205078 257.4791564941406 65.68156433105469
v -11.853154182434082 258.51495361328125 64.346923828125
v -9.705286979675293 254.3824005126953 65.37230682373047
v -11.679459571838379 255.47413635253906 64.35234832763672
v -11.632859230041504 252.6225128173828 63.05062484741211
v -13.811793327331543 256.638427734375 62.789222717285156
v -13.711530685424805 253.39389038085938 61.187320709228516
v -15.473882675170898 253.59866333007812 58.35972595214844
v -16.3635311126709 249.79794311523438 51.36508560180664
v -16.244911193847656 247.61245727539062 49.948829650878906
v -16.94392204284668 247.5904998779297 48.587364196777344
v -16.42425537109375 246.9893035888672 50.0446662902832
v -17.133148193359375 246.98353576660156 48.82673263549805
v -3.397251844406128 273.19451904296875 69.12155151367188
v -3.281456232070923 270.7048034667969 69.3187255859375
v -3.089405059814453 267.42913818359375 69.45360565185547
v -4.378689765930176 263.6278076171875 68.91105651855469
v -5.4928693771362305 259.83160400390625 68.02373504638672
v -7.043400287628174 259.94305419921875 67.41963958740234
v -8.612289428710938 260.2319030761719 66.54551696777344
v -8.174525260925293 256.822998046875 66.364990234375
v -7.749471187591553 253.56436157226562 66.10942840576172
v -9.576781272888184 251.5385284423828 64.1966552734375
v -11.919524192810059 250.3767547607422 60.5493278503418
v -13.87816333770752 250.56800842285156 57.67301559448242
v -15.24935245513916 250.11453247070312 54.079490661621094
v -15.139205932617188 247.95675659179688 52.091148376464844
v -15.277595520019531 247.05166625976562 51.80418395996094
v -2.963724374771118 263.6460266113281 69.28968811035156
v -4.094849586486816 259.72314453125 68.62654113769531
v -3.3760695457458496 255.91282653808594 68.21823120117188
v -4.86729097366333 256.1640319824219 67.78667449951172
v -2.396043539047241 252.17431640625 67.90459442138672
v -4.077903747558594 252.55352783203125 67.58114624023438
v -3.832191228866577 249.26956176757812 66.69202423095703
v -5.858613967895508 252.9967041015625 66.8882064819336
v -5.635495662689209 249.80543518066406 65.9543685913086
v -7.570128917694092 250.5325164794922 65.11328125
v -9.705286979675293 249.41172790527344 62.23270034790039
v -9.881804466247559 248.03765869140625 61.02615737915039
v -12.070623397827148 248.858642578125 59.01271438598633
v -10.028666496276855 247.49378967285156 60.81717300415039
v -12.186418533325195 248.29283142089844 58.737548828125
v -2.672823190689087 259.65032958984375 68.89862060546875
v -1.8890849351882935 255.66835021972656 68.4284896850586
v -0.9019981622695923 251.78640747070312 68.07245635986328
v -2.133385419845581 248.85964965820312 67.14947509765625
v -4.36456823348999 246.68089294433594 65.43090057373047
v -5.981470108032227 247.3014373779297 64.51728820800781
v -7.740998268127441 248.19174194335938 63.48632049560547
v -7.931637287139893 246.79273986816406 62.42886734008789
v -8.09544563293457 246.260986328125 62.260406494140625
v -1.3454105854034424 259.5581359863281 69.18791198730469
v -1.5699410438537598 263.6409606933594 69.62562561035156
v -1.6871486902236938 267.4828186035156 69.75341033935547
v -1.9130913019180298 270.80755615234375 69.38585662841797
v -0.6252185106277466 270.8283996582031 69.48069763183594
v -0.6958255767822266 273.40966796875 69.19527435302734
v 0.744558572769165 270.7995910644531 69.32681274414062
v 0.6908971071243286 273.3581237792969 69.11289978027344
v 2.2908530235290527 270.6978454589844 69.0663833618164
v 2.3007380962371826 273.1929626464844 68.97782135009766
v 4.142169952392578 272.913818359375 68.92665100097656
v 2.4108848571777344 274.74365234375 69.0922622680664
v 4.243844032287598 274.4063415527344 68.93695068359375
v 2.468783140182495 275.2406005859375 69.29171752929688
v 4.293269634246826 274.8874206542969 69.07022857666016
v 4.337046146392822 274.3187561035156 69.35984802246094
v 6.234963893890381 274.00604248046875 68.98692321777344
v 6.257557392120361 272.4919738769531 69.37783813476562
v 8.008613586425781 273.8730773925781 68.48296356201172
v 8.041091918945312 272.38995361328125 68.8463363647461
v 9.566205024719238 274.05853271484375 67.7225112915039
v 9.608569145202637 272.5653991699219 68.00570678710938
v 11.277719497680664 273.02825927734375 67.01714324951172
v 11.154863357543945 274.5736083984375 66.74822998046875
v 9.441936492919922 274.5845031738281 67.46817779541016
v 7.894229412078857 274.4036865234375 68.2001953125
v 6.145998477935791 274.5550842285156 68.68909454345703
v 6.095160961151123 274.0920715332031 68.59375762939453
v 5.979365825653076 272.653076171875 68.63502502441406
v 4.013665676116943 270.5088806152344 68.99097442626953
v 2.381230115890503 267.44769287109375 69.26766967773438
v 0.9733253717422485 267.4845886230469 69.67691802978516
v -0.35973602533340454 267.4785461425781 70.00358581542969
v -0.2679468095302582 263.6077575683594 69.8725357055664
v -0.050477031618356705 259.4822692871094 69.29664611816406
v -0.5291929244995117 255.42347717285156 68.61072540283203
v 10.992466926574707 275.114013671875 66.49994659423828
v 10.86396312713623 274.66650390625 66.40225982666016
v 9.337437629699707 274.1458435058594 67.37545776367188
v 10.726984977722168 273.203125 66.34847259521484
v 9.160920143127441 272.7439880371094 67.33100128173828
v 8.851661682128906 270.443115234375 67.17305755615234
v 7.703590393066406 272.5523681640625 68.18131256103516
v 7.439519882202148 270.2676086425781 68.21623992919922
v 5.746362686157227 270.33642578125 68.688232421875
v 3.89786958694458 267.36212158203125 69.05833435058594
v 3.814553737640381 263.6617126464844 68.70875549316406
v 2.3882908821105957 263.6424865722656 69.11600494384766
v 3.951531410217285 259.64007568359375 68.1105728149414
v 2.5478627681732178 259.5487365722656 68.55976104736328
v 3.2327513694763184 255.3743438720703 67.77091979980469
v 1.2797601222991943 259.4775085449219 69.04776000976562
v 2.039491891860962 255.2685089111328 68.22289276123047
v 0.7982197403907776 255.2645721435547 68.60236358642578
v 0.47907593846321106 251.46002197265625 68.07617950439453
v 0.7403219938278198 248.18418884277344 67.38165283203125
v -0.6308671236038208 248.4619598388672 67.45630645751953
v 0.1556955724954605 245.75143432617188 66.5783920288086
v -1.2451485395431519 245.97674560546875 66.50064086914062
v -1.887672781944275 244.5586395263672 65.69981384277344
v -2.750491142272949 246.30560302734375 66.03707122802734
v -3.3478267192840576 244.826171875 65.20040130615234
v -4.81786584854126 245.22695922851562 64.4871597290039
v -6.309086799621582 245.8438262939453 63.55048751831055
v -6.501138210296631 245.3247528076172 63.403804779052734
v 12.499221801757812 275.59234619140625 65.13042449951172
v 12.418729782104492 274.0707092285156 65.08260345458984
v 10.566000938415527 270.8333435058594 66.2160873413086
v 8.752811431884766 267.5047912597656 67.08722686767578
v 7.21498966217041 267.3075256347656 68.09849548339844
v 5.513359069824219 267.2936096191406 68.66370391845703
v 5.458285808563232 263.7022705078125 68.42694091796875
v 5.636215686798096 259.7520751953125 67.93594360351562
v 4.572873115539551 255.5167236328125 67.46595001220703
v 4.157703876495361 251.3992462158203 66.96054077148438
v 2.967268705368042 251.28024291992188 67.31962585449219
v 1.7782458066940308 251.2818145751953 67.79003143310547
v 2.0352556705474854 248.0123748779297 67.05133819580078
v 1.471811056137085 245.6981201171875 66.28634643554688
v -0.5221322774887085 244.33578491210938 65.97990417480469
v -2.1475067138671875 244.0716552734375 65.5691146850586
v -3.56670880317688 244.34912109375 65.04600524902344
v -5.028275012969971 244.7266387939453 64.34200286865234
v 12.338237762451172 271.5780029296875 64.89362335205078
v 10.640844345092773 267.8606872558594 66.11965942382812
v 10.907737731933594 264.6235046386719 65.87942504882812
v 8.97169303894043 264.2076416015625 66.92061614990234
v 11.166160583496094 261.1174621582031 65.41886901855469
v 9.23435115814209 260.55194091796875 66.42391204833984
v 9.376977920532227 256.67193603515625 65.65846252441406
v 7.384446620941162 260.10888671875 67.25238800048828
v 7.548254489898682 256.21832275390625 66.36474609375
v 6.049973011016846 255.75460815429688 67.15290069580078
v 5.3905029296875 251.648193359375 66.51411437988281
v 5.757659435272217 248.52188110351562 65.17955017089844
v 4.509326934814453 248.15988159179688 66.07492065429688
v 5.530304908752441 246.40921020507812 63.95968246459961
v 4.0729756355285645 245.93466186523438 65.1611328125
v 3.499645948410034 244.62059020996094 64.68753051757812
v 2.7554473876953125 245.73074340820312 65.8239517211914
v 2.1355175971984863 244.3971405029297 65.37381744384766
v 0.7996318936347961 244.34197998046875 65.76852416992188
v -0.7833784222602844 243.8393096923828 65.91233825683594
v 12.386251449584961 268.5400085449219 64.56848907470703
v 12.639022827148438 265.3423156738281 64.32075500488281
v 12.872027397155762 261.8201904296875 63.82053756713867
v 11.167572975158691 257.2112121582031 64.57150268554688
v 9.522428512573242 252.98641967773438 63.74382400512695
v 7.980370044708252 252.5182342529297 64.82891845703125
v 6.610593318939209 252.03758239746094 65.80496215820312
v 7.021526336669922 248.91891479492188 63.73796463012695
v 7.3209004402160645 247.14944458007812 62.13017272949219
v 5.129256725311279 245.14442443847656 63.49281311035156
v 3.303358316421509 244.0877227783203 64.74144744873047
v 1.8869805335998535 243.91830444335938 65.35668182373047
v 0.5299130082130432 243.84967041015625 65.73435974121094
v 12.744935035705566 257.86553955078125 62.944026947021484
v 11.06448745727539 253.46632385253906 62.34456253051758
v 11.658998489379883 249.18153381347656 58.051578521728516
v 10.211553573608398 248.85546875 59.98886489868164
v 12.182902336120605 249.0175018310547 55.288429260253906
v 11.143567085266113 248.63072204589844 57.63076400756836
v 11.465535163879395 248.6577606201172 56.77983856201172
v 9.399572372436523 248.08737182617188 59.95050811767578
v 9.7653169631958 248.10142517089844 59.36763381958008
v 7.353379249572754 246.59669494628906 61.7313346862793
v 4.9315571784973145 244.62367248535156 63.54674530029297
v 12.398959159851074 254.0426025390625 60.588134765625
v 12.578301429748535 250.09996032714844 56.0283317565918
v 12.547235488891602 249.26846313476562 53.06769561767578
v 12.273280143737793 248.6790008544922 54.34379196166992
v 11.536142349243164 248.53414916992188 56.831844329833984
v 9.792146682739258 247.9403533935547 59.48876953125
v 7.20369291305542 246.17071533203125 61.833858489990234
v 13.387458801269531 254.71902465820312 58.468509674072266
v 14.110475540161133 258.57537841796875 60.89792251586914
v 14.447977066040039 262.6399841308594 61.92561340332031
v 14.309586524963379 266.2101745605469 62.37761688232422
v 16.15384292602539 267.1636657714844 60.48176193237305
v 15.713254928588867 270.65386962890625 60.560882568359375
v 17.556100845336914 268.155517578125 58.42218017578125
v 17.24683952331543 271.8101806640625 58.76523971557617
v 18.608144760131836 269.33416748046875 56.65996170043945
v 18.459869384765625 272.9898986816406 57.26936721801758
v 19.211130142211914 274.1572265625 56.23677444458008
v 18.40761947631836 276.49945068359375 57.77064895629883
v 19.139108657836914 277.43109130859375 56.70762252807617
v 18.52341651916504 279.25933837890625 58.27927780151367
v 19.187122344970703 279.9876708984375 57.15762710571289
v 19.30150604248047 281.37994384765625 57.39558029174805
v 19.648893356323242 281.7165222167969 56.690887451171875
v 19.857891082763672 282.0396423339844 56.82506561279297
v 19.83247184753418 281.90216064453125 56.331878662109375
v 20.047117233276367 282.2001647949219 56.46818542480469
v 19.911550521850586 282.0205383300781 56.15359115600586
v 20.131845474243164 282.2919921875 56.28383255004883
v 20.184093475341797 282.3599548339844 56.14772033691406
v 20.43263053894043 281.912353515625 56.37412643432617
v 20.494766235351562 282.00634765625 56.233734130859375
v 20.743303298950195 280.82647705078125 56.370967864990234
v 20.82097053527832 281.00933837890625 56.241233825683594
v 20.552663803100586 282.08526611328125 56.09461975097656
v 20.23493194580078 282.42437744140625 56.011390686035156
v 19.95673942565918 282.1085510253906 56.02461242675781
v 19.809877395629883 281.0407409667969 55.998634338378906
v 19.7166748046875 280.791259765625 56.128292083740234
v 19.53168487548828 280.4527893066406 56.458683013916016
v 19.45684051513672 278.1789855957031 56.042396545410156
v 19.397531509399414 275.26788330078125 55.527347564697266
v 19.242197036743164 270.86175537109375 55.54287338256836
v 18.61802864074707 265.261962890625 55.46828079223633
v 17.621057510375977 264.2525329589844 57.76358413696289
v 16.15243148803711 263.4528503417969 59.91129684448242
v 15.522616386413574 259.30078125 58.74818420410156
v 14.374545097351074 255.3632049560547 56.37083053588867
v 12.963815689086914 251.32656860351562 54.041847229003906
v 19.999103546142578 282.18212890625 55.88958740234375
v 19.862125396728516 281.22113037109375 55.900787353515625
v 19.884719848632812 279.6722106933594 55.7503662109375
v 19.79575538635254 279.3079833984375 55.77495193481445
v 19.953914642333984 277.5633544921875 55.44373321533203
v 19.8211727142334 276.979736328125 55.41053771972656
v 19.785869598388672 274.3357849121094 54.735252380371094
v 19.596643447875977 276.2144775390625 55.34804916381836
v 19.569812774658203 273.42340087890625 54.708587646484375
v 19.417301177978516 272.28961181640625 54.889183044433594
v 19.213953018188477 268.0430603027344 54.76396179199219
v 19.139108657836914 266.3917541503906 53.95273971557617
v 18.770540237426758 264.05584716796875 53.78009796142578
v 19.211130142211914 265.6631164550781 53.48776626586914
v 18.94423484802246 263.6292419433594 53.07455062866211
v 19.060029983520508 263.5625305175781 52.716121673583984
v 18.13507652282715 260.8810119628906 52.006103515625
v 18.256521224975586 260.97021484375 51.585140228271484
v 16.953115463256836 257.7893981933594 50.57719039916992
v 17.095741271972656 257.9938049316406 50.199459075927734
v 15.542387008666992 255.14190673828125 48.565887451171875
v 15.687836647033691 255.29795837402344 48.4046630859375
v 14.408437728881836 252.66622924804688 47.211578369140625
v 15.785273551940918 255.460205078125 48.26628875732422
v 14.570834159851074 252.81491088867188 47.12576675415039
v 15.943434715270996 255.58827209472656 48.15157699584961
v 14.693690299987793 253.01528930664062 47.02363586425781
v 14.877267837524414 253.19857788085938 46.95359420776367
v 14.192378997802734 251.11643981933594 46.55432891845703
v 14.330769538879395 251.30140686035156 46.45713806152344
v 14.250277519226074 250.38803100585938 46.502227783203125
v 14.385842323303223 250.53466796875 46.395294189453125
v 19.903078079223633 281.3467712402344 55.77745819091797
v 19.949678421020508 279.90899658203125 55.65969467163086
v 19.997692108154297 277.960205078125 55.36444854736328
v 19.942617416381836 275.1697692871094 54.85061264038086
v 19.829647064208984 271.5206298828125 53.8438606262207
v 19.445545196533203 270.84552001953125 53.93058776855469
v 19.284561157226562 269.7221374511719 54.17885971069336
v 19.1673526763916 267.8954772949219 53.679039001464844
v 19.157468795776367 266.9059753417969 53.44024658203125
v 19.30291748046875 265.5594787597656 53.20880889892578
v 19.143346786499023 263.6381530761719 52.469261169433594
v 18.30171012878418 261.0811462402344 51.317630767822266
v 17.125396728515625 258.1478271484375 49.976600646972656
v 17.17764663696289 258.26837158203125 49.801761627197266
v 17.225658416748047 258.387451171875 49.627567291259766
v 16.057817459106445 255.7626190185547 48.033470153808594
v 15.070731163024902 253.41143798828125 46.89974594116211
v 14.491753578186035 251.51170349121094 46.371826171875
v 14.510110855102539 250.71817016601562 46.27849197387695
v 19.254905700683594 268.7908630371094 53.433956146240234
v 19.237960815429688 267.16925048828125 53.2631950378418
v 19.414478302001953 265.6715087890625 53.02534103393555
v 19.470962524414062 265.7645568847656 52.83517074584961
v 19.16029167175293 263.7259826660156 52.224998474121094
v 19.461076736450195 265.80950927734375 52.600772857666016
v 19.102394104003906 263.8049011230469 51.973182678222656
v 19.038848876953125 263.8677978515625 51.70454025268555
v 18.224042892456055 261.3092346191406 50.85739517211914
v 18.211332321166992 261.409423828125 50.618316650390625
v 17.26378631591797 258.5219421386719 49.44843292236328
v 16.215978622436523 255.9285888671875 47.9295768737793
v 16.347307205200195 256.13616943359375 47.83047103881836
v 15.269843101501465 253.65838623046875 46.851322174072266
v 16.553478240966797 256.3126220703125 47.76516342163086
v 15.505669593811035 253.91555786132812 46.83631134033203
v 15.73867416381836 254.19947814941406 46.84136962890625
v 14.873031616210938 252.03163146972656 46.27070236206055
v 15.100385665893555 252.3199920654297 46.253570556640625
v 14.795363426208496 251.18341064453125 46.10253143310547
v 14.984589576721191 251.43499755859375 46.04592514038086
v 19.499204635620117 269.18115234375 53.303810119628906
v 19.367877960205078 267.4197082519531 53.1225471496582
v 19.468137741088867 267.4983215332031 52.96683883666992
v 19.46390151977539 267.4844055175781 52.75715637207031
v 19.40741729736328 265.83135986328125 52.328853607177734
v 18.985185623168945 263.927001953125 51.42167282104492
v 18.183090209960938 261.5224914550781 50.363094329833984
v 17.268022537231445 258.6829833984375 49.25510787963867
v 17.36263656616211 258.8247985839844 49.06132888793945
v 17.437480926513672 258.9901428222656 48.86348342895508
v 16.689044952392578 256.5426330566406 47.71090316772461
v 15.998507499694824 254.4873809814453 46.86582946777344
v 15.353158950805664 252.6148681640625 46.2556266784668
v 15.1964111328125 251.70404052734375 46.0257568359375
v 19.455429077148438 267.44293212890625 52.520721435546875
v 19.34528160095215 265.8496398925781 52.02503967285156
v 19.329750061035156 265.8744201660156 51.72015380859375
v 18.928701400756836 263.99261474609375 51.12631607055664
v 19.331161499023438 265.920166015625 51.399993896484375
v 18.870803833007812 264.0766296386719 50.804473876953125
v 18.824201583862305 264.172119140625 50.4697151184082
v 18.133665084838867 261.7767639160156 49.79988098144531
v 18.1661434173584 261.8998107910156 49.51213073730469
v 17.502437591552734 259.1697998046875 48.66910171508789
v 16.879682540893555 256.7483215332031 47.685707092285156
v 17.0674991607666 256.9641418457031 47.671077728271484
v 16.265403747558594 254.78314208984375 46.90624237060547
v 17.231307983398438 257.1986999511719 47.657981872558594
v 16.526649475097656 255.0847625732422 46.95290756225586
v 16.773773193359375 255.3744659423828 47.01356887817383
v 15.888360977172852 253.25994873046875 46.30698776245117
v 16.138309478759766 253.5874786376953 46.3467903137207
v 15.62852668762207 252.36550903320312 46.000423431396484
v 15.898246765136719 252.66688537597656 46.021663665771484
v 19.418712615966797 267.4188537597656 52.22827911376953
v 19.422950744628906 267.4205017089844 51.91496658325195
v 19.441308975219727 267.4501953125 51.6070671081543
v 19.257728576660156 266.0043640136719 51.0516471862793
v 18.872215270996094 264.2496643066406 50.14011001586914
v 18.224042892456055 262.01470947265625 49.2437629699707
v 17.621057510375977 259.3372802734375 48.48353958129883
v 17.725555419921875 259.5108642578125 48.30940628051758
v 17.85829734802246 259.6766662597656 48.15099334716797
v 17.423358917236328 257.4140625 47.644432067871094
v 17.001127243041992 255.64122009277344 47.07980728149414
v 16.379785537719727 253.8946990966797 46.3945426940918
v 16.11571502685547 252.98069763183594 46.03925704956055
v 19.45119285583496 267.517578125 51.275726318359375
v 19.23937225341797 266.0949401855469 50.71989822387695
v 19.294445037841797 266.180419921875 50.417667388916016
v 18.899045944213867 264.3322448730469 49.850589752197266
v 19.398944854736328 266.273193359375 50.1298828125
v 18.965417861938477 264.4099426269531 49.58433532714844
v 19.02472686767578 264.4917907714844 49.35148620605469
v 18.434452056884766 262.2157287597656 48.767120361328125
v 18.489524841308594 262.32025146484375 48.56403350830078
v 17.98680305480957 259.8370361328125 48.0055046081543
v 17.575868606567383 257.6329650878906 47.631103515625
v 17.710023880004883 257.8164367675781 47.615577697753906
v 17.184707641601562 255.8800048828125 47.15205001831055
v 17.85829734802246 257.9062194824219 47.58357238769531
v 17.352752685546875 256.04876708984375 47.20632553100586
v 17.475608825683594 256.141357421875 47.21095657348633
v 16.80766487121582 254.4012908935547 46.492942810058594
v 16.960176467895508 254.59266662597656 46.504791259765625
v 16.561952590942383 253.52537536621094 46.08145523071289
v 16.755414962768555 253.76593017578125 46.09745788574219
v 19.44978141784668 267.61383056640625 50.956485748291016
v 19.569812774658203 267.7143249511719 50.66181182861328
v 19.69125747680664 267.83148193359375 50.40831756591797
v 19.47943687438965 266.3768310546875 49.8884391784668
v 19.081212997436523 264.5721435546875 49.1395378112793
v 18.584138870239258 262.4015197753906 48.39044189453125
v 18.11107063293457 259.9853515625 47.87142562866211
v 18.208507537841797 260.0951843261719 47.76552963256836
v 18.337013244628906 260.09710693359375 47.65110778808594
v 17.9797420501709 257.85101318359375 47.51865005493164
v 17.570220947265625 256.12396240234375 47.14542770385742
v 17.078794479370117 254.73251342773438 46.454524993896484
v 16.916399002075195 253.992431640625 46.09490966796875
v 19.829647064208984 267.96551513671875 50.18974685668945
v 19.56134033203125 266.4859924316406 49.67716979980469
v 19.607940673828125 266.5924377441406 49.492618560791016
v 19.113691329956055 264.6363220214844 48.957523345947266
v 19.6121768951416 266.6700439453125 49.27571105957031
v 19.096744537353516 264.6435241699219 48.76682662963867
v 19.002132415771484 264.49786376953125 48.515838623046875
v 18.725353240966797 262.4205017089844 48.090721130371094
v 18.76348114013672 262.171630859375 47.90663146972656
v 18.427391052246094 259.8892517089844 47.531063079833984
v 18.099773406982422 257.5829772949219 47.426551818847656
v 18.154848098754883 257.2058410644531 47.32291030883789
v 17.62247085571289 256.04473876953125 47.03371810913086
v 18.14072608947754 257.06500244140625 47.2512092590332
v 17.639415740966797 256.0772399902344 46.97643280029297
v 17.611173629760742 256.34478759765625 47.037933349609375
v 17.22707176208496 254.96640014648438 46.336055755615234
v 17.22283363342285 255.22055053710938 46.35142517089844
v 17.12398338317871 254.44178771972656 46.0262451171875
v 17.136693954467773 254.66334533691406 45.97477722167969
v 19.977922439575195 268.1102600097656 50.003517150878906
v 20.038644790649414 268.2710266113281 49.86578369140625
v 20.109251022338867 268.4344177246094 49.66965866088867
v 19.48225975036621 266.69036865234375 49.01327133178711
v 18.736648559570312 263.915283203125 48.11588668823242
v 18.739473342895508 261.43743896484375 47.64571762084961
v 18.534713745117188 259.3266296386719 47.401573181152344
v 18.581314086914062 258.4874267578125 47.27263259887695
v 18.49234962463379 257.89898681640625 47.21335983276367
v 18.096948623657227 257.4145202636719 47.23565673828125
v 17.48831558227539 256.72412109375 47.08425521850586
v 17.13528060913086 255.47520446777344 46.35688018798828
v 17.046316146850586 254.798828125 45.877098083496094
v 18.712642669677734 260.0197448730469 47.3325309753418
v 18.51776885986328 258.5694885253906 47.16648864746094
v 17.95432472229004 257.99493408203125 47.18394470214844
v 17.735441207885742 258.4026794433594 47.04972457885742
v 17.27790641784668 257.0048522949219 46.984153747558594
v 17.51091194152832 258.5270080566406 46.80808639526367
v 17.02937126159668 257.1065368652344 46.724178314208984
v 16.816137313842773 257.0636901855469 46.35801696777344
v 16.650917053222656 255.64776611328125 46.00885009765625
v 16.35577964782715 255.59471130371094 45.68146514892578
v 16.48569679260254 254.68138122558594 45.41130065917969
v 16.15384292602539 254.53778076171875 45.100406646728516
v 18.570016860961914 261.44775390625 47.45631790161133
v 18.386438369750977 259.4659118652344 47.115562438964844
v 18.099773406982422 260.0303649902344 47.00651550292969
v 17.769332885742188 260.1833190917969 46.86425018310547
v 17.35133934020996 258.4213562011719 46.53968811035156
v 16.657978057861328 256.9841613769531 46.0157356262207
v 16.135486602783203 255.53573608398438 45.33640670776367
v 15.925076484680176 254.49270629882812 44.81182098388672
v 18.180265426635742 262.17138671875 47.473506927490234
v 17.73967742919922 262.4347229003906 47.36864471435547
v 17.423358917236328 262.5436096191406 47.19271469116211
v 17.62247085571289 265.6272888183594 47.512939453125
v 17.410648345947266 266.9756774902344 47.28302001953125
v 18.409032821655273 268.2012939453125 47.94744873046875
v 18.489524841308594 270.4483642578125 48.02840805053711
v 19.24502182006836 269.8017578125 48.48666763305664
v 19.30856704711914 272.0421447753906 48.78892517089844
v 19.879072189331055 272.7470703125 49.631404876708984
v 19.28879737854004 275.0849304199219 49.18064498901367
v 19.848005294799805 275.4697265625 50.10163497924805
v 19.627710342407227 278.0584411621094 49.65093994140625
v 20.06970977783203 278.1286926269531 50.55024337768555
v 20.410037994384766 280.6130676269531 50.80536651611328
v 20.57949447631836 280.54107666015625 51.58427047729492
v 20.826618194580078 282.4546203613281 51.87107467651367
v 20.66139793395996 280.52593994140625 52.135032653808594
v 20.832265853881836 282.3165283203125 52.446266174316406
v 20.668458938598633 280.54193115234375 52.49879455566406
v 20.806848526000977 282.236572265625 52.819183349609375
v 20.761659622192383 282.18475341796875 53.0671501159668
v 21.027143478393555 283.3004150390625 53.11193084716797
v 20.973482131958008 283.20721435546875 53.36028289794922
v 21.31098175048828 283.6327209472656 53.319602966308594
v 21.255908966064453 283.5244445800781 53.56922912597656
v 21.55669593811035 283.1275329589844 53.6573486328125
v 21.480440139770508 283.050537109375 53.85551071166992
v 21.74027442932129 281.98944091796875 53.80195617675781
v 21.3914737701416 282.9671325683594 54.05732727050781
v 21.655546188354492 281.93408203125 54.00918960571289
v 21.29545021057129 282.8740234375 54.276588439941406
v 21.565168380737305 281.8664855957031 54.23408126831055
v 21.479026794433594 281.7872009277344 54.4781379699707
v 18.34972381591797 264.5932922363281 47.9354248046875
v 17.945850372314453 264.99664306640625 47.70185852050781
v 18.524829864501953 267.19189453125 48.030784606933594
v 19.108041763305664 268.5707702636719 48.35556411743164
v 19.816938400268555 270.494140625 49.116233825683594
v 20.5244197845459 272.8164367675781 50.492347717285156
v 20.29706573486328 275.7008056640625 50.89488220214844
v 20.34649085998535 278.218017578125 51.29420471191406
v 20.534305572509766 278.35504150390625 51.8289794921875
v 20.59926414489746 278.4984130859375 52.18663024902344
v 20.633155822753906 280.55718994140625 52.745758056640625
v 20.69105339050293 282.1391906738281 53.26836395263672
v 20.898637771606445 283.131103515625 53.55628967285156
v 21.179655075073242 283.4377136230469 53.76457595825195
v 21.08786392211914 283.3462219238281 53.96552276611328
v 20.986190795898438 283.2425842285156 54.186710357666016
v 21.195186614990234 282.7696838378906 54.51393508911133
v 21.394298553466797 281.6965637207031 54.73769760131836
v 18.883512496948242 266.8250732421875 48.27839660644531
v 19.473787307739258 268.6879577636719 48.66297912597656
v 20.226457595825195 270.5629577636719 49.680667877197266
v 20.429805755615234 270.20770263671875 49.9672966003418
v 20.69670295715332 271.4003601074219 50.476104736328125
v 20.467933654785156 269.8489074707031 50.111915588378906
v 20.707998275756836 270.8310852050781 50.5185661315918
v 20.623271942138672 270.4883117675781 50.5989875793457
v 20.9071102142334 271.3382873535156 50.8438720703125
v 20.837915420532227 270.9950256347656 50.89369583129883
v 21.157058715820312 271.4508056640625 51.02651596069336
v 21.083627700805664 271.1236267089844 51.07549285888672
v 21.29686164855957 270.8883972167969 51.15668487548828
v 21.195186614990234 270.62939453125 51.257022857666016
v 21.332164764404297 270.0457763671875 51.203575134277344
v 21.063859939575195 270.4129638671875 51.39167785644531
v 21.193775177001953 269.8438415527344 51.35569763183594
v 20.941001892089844 270.227783203125 51.576141357421875
v 21.052560806274414 269.6692810058594 51.54082107543945
v 20.928293228149414 269.5263671875 51.76325607299805
v 19.209716796875 266.6784973144531 48.6714973449707
v 19.809877395629883 268.699462890625 49.10969543457031
v 20.023109436035156 268.59637451171875 49.45392608642578
v 20.380382537841797 269.5802307128906 50.24112319946289
v 20.49335289001465 270.2420959472656 50.70343780517578
v 20.72918128967285 270.7368469238281 50.98046112060547
v 20.983366012573242 270.8624267578125 51.172386169433594
v 20.85203742980957 270.6392517089844 51.30293273925781
v 20.726356506347656 270.4531555175781 51.48955154418945
v 20.8223819732666 270.0774841308594 51.792964935302734
v 20.85768699645996 269.406982421875 52.0335578918457
v 20.256114959716797 269.3702392578125 50.36328125
v 20.106426239013672 269.1893005371094 50.51155090332031
v 20.350727081298828 270.0371398925781 50.845428466796875
v 19.96380043029785 269.029052734375 50.70013427734375
v 20.205276489257812 269.85845947265625 51.0288200378418
v 20.0795955657959 269.71319580078125 51.24522399902344
v 20.4820556640625 270.331298828125 51.29159927368164
v 20.35919952392578 270.1787414550781 51.51380920410156
v 20.621858596801758 270.2945556640625 51.71175765991211
v 20.764484405517578 269.95947265625 52.060035705566406
v 20.748950958251953 269.8831481933594 52.36357116699219
v 20.870393753051758 269.3199462890625 52.34526824951172
v 20.744714736938477 269.8571472167969 52.67427062988281
v 20.837915420532227 269.2911682128906 52.6510124206543
v 20.809673309326172 269.3177490234375 52.943241119384766
v 19.79575538635254 268.8980407714844 50.928836822509766
v 19.976511001586914 269.6026611328125 51.5002326965332
v 20.282943725585938 270.0601501464844 51.77936935424805
v 20.547014236450195 270.1844787597656 51.96569061279297
v 20.528657913208008 270.11083984375 52.26276397705078
v 20.523008346557617 270.084716796875 52.57087707519531
v 20.746126174926758 269.89215087890625 52.98396682739258
v 20.854862213134766 269.37408447265625 53.26567077636719
v 19.695493698120117 268.7845153808594 51.20539093017578
v 19.65312957763672 268.69537353515625 51.504817962646484
v 19.94403076171875 269.5184326171875 51.79664993286133
v 19.626298904418945 268.6380615234375 51.8150520324707
v 19.927085876464844 269.4781188964844 52.103885650634766
v 19.929908752441406 269.4905090332031 52.41549301147461
v 20.232107162475586 269.9617004394531 52.36990737915039
v 20.250465393066406 269.9830322265625 52.70932388305664
v 20.539955139160156 270.11785888671875 52.893714904785156
v 20.795551300048828 269.967041015625 53.31417465209961
v 20.832265853881836 270.100341796875 53.60049057006836
v 20.905698776245117 269.4871520996094 53.57135772705078
v 20.823795318603516 270.33734130859375 53.83024978637695
v 20.91558265686035 269.70635986328125 53.82910919189453
v 20.936765670776367 270.1191711425781 54.113582611083984
v 19.595232009887695 268.6329040527344 52.11931228637695
v 19.949678421020508 269.5492858886719 52.72629165649414
v 20.288593292236328 270.0616760253906 53.01324462890625
v 20.587966918945312 270.19403076171875 53.22952651977539
v 20.596439361572266 270.3449401855469 53.47384262084961
v 20.583730697631836 270.5730895996094 53.69863510131836
v 20.839326858520508 270.7264709472656 54.04401779174805
v 21.00737190246582 271.2707214355469 54.58743667602539
v 20.29706573486328 270.2055358886719 53.2685432434082
v 20.291418075561523 270.4387512207031 53.49291229248047
v 20.260351181030273 270.8360900878906 53.67845916748047
v 19.929908752441406 270.3204040527344 53.43696594238281
v 19.59805679321289 269.070556640625 53.13970184326172
v 19.9553279876709 269.6676330566406 52.996212005615234
v 19.94544219970703 269.89593505859375 53.20333480834961
v 19.633359909057617 268.87274169921875 52.92636489868164
v 19.62488555908203 268.74053955078125 52.692413330078125
v 19.613590240478516 268.66180419921875 52.437835693359375
v -17.391571044921875 247.03570556640625 48.300357818603516
v 15.593222618103027 252.94827270507812 46.26116943359375
v 15.423766136169434 252.0045166015625 46.00864028930664
v 20.61056137084961 270.5179138183594 51.115325927734375
v 19.6743106842041 278.8014831542969 55.82093048095703
v 16.354366302490234 253.2586669921875 46.0671501159668
v 16.60996437072754 254.1664276123047 46.44893264770508
v 3.255345582962036 247.99461364746094 66.57035064697266
v 16.817550659179688 254.7912139892578 45.692848205566406
v 16.927696228027344 255.62571716308594 46.24650573730469
v 21.813705444335938 282.035888671875 53.59858703613281
v 21.613182067871094 283.2228698730469 53.40102767944336
v 21.6498966217041 283.3685607910156 53.01008224487305
v 21.349111557006836 283.7950439453125 52.93815612792969
v 21.676727294921875 283.5948181152344 52.40093994140625
v 21.374528884887695 284.0483703613281 52.34542465209961
v 21.363231658935547 284.4183349609375 51.48884963989258
v 21.08080291748047 283.6637878417969 52.152565002441406
v 21.052560806274414 283.99542236328125 51.3065071105957
v 20.746126174926758 282.6806335449219 51.04278564453125
v 20.158676147460938 280.7430114746094 49.88236999511719
v 19.992042541503906 280.89947509765625 48.954017639160156
v 19.22807502746582 277.9231872558594 48.73324966430664
v 19.983570098876953 281.1181945800781 48.131534576416016
v 18.95694351196289 277.8517761230469 48.00439453125
v 18.836912155151367 278.0359802246094 47.48398971557617
v 18.17179298400879 273.47186279296875 47.58143615722656
v 17.989627838134766 273.5895080566406 47.2255859375
v 17.342866897583008 268.1169738769531 47.11062240600586
v 16.965824127197266 263.2905578613281 46.73219680786133
v 17.05478858947754 263.7351989746094 46.46657180786133
v 17.433244705200195 260.4436950683594 45.59834671020508
v 17.323095321655273 264.0837097167969 46.02262878417969
v 17.612585067749023 260.5143127441406 45.291141510009766
v 17.70861053466797 264.3704528808594 45.4629020690918
v 17.871007919311523 260.5651550292969 44.88069534301758
v 18.198623657226562 260.5836486816406 44.449100494384766
v 18.465518951416016 258.99566650390625 44.539329528808594
v 18.762067794799805 258.8798828125 44.08689498901367
v 18.76348114013672 258.55316162109375 44.56275177001953
v 18.992246627807617 258.28631591796875 44.19892501831055
v 18.736648559570312 257.85205078125 44.3790168762207
v 18.904693603515625 257.4197082519531 43.904029846191406
v 18.291824340820312 256.90264892578125 43.900001525878906
v 21.86454200744629 282.0915222167969 53.335758209228516
v 21.888547897338867 282.1780700683594 52.93267822265625
v 21.89984703063965 282.32232666015625 52.30814743041992
v 21.664018630981445 283.93231201171875 51.5206298828125
v 21.38865089416504 284.8809814453125 50.434349060058594
v 21.056798934936523 284.4159851074219 50.268550872802734
v 20.669870376586914 282.98626708984375 50.03895950317383
v 20.683992385864258 283.34271240234375 48.98046112060547
v 20.847801208496094 283.77435302734375 47.962345123291016
v 20.041467666625977 281.4515686035156 47.40270233154297
v 18.87504005432129 278.3433532714844 47.06585693359375
v 18.037639617919922 274.04931640625 46.9701042175293
v 17.52362060546875 268.75555419921875 46.8680534362793
v 17.85688591003418 269.2328796386719 46.46670913696289
v 18.291824340820312 269.5838623046875 45.95036697387695
v 18.144962310791016 264.5280456542969 44.96552276611328
v 18.513530731201172 260.52587890625 44.17924499511719
v 19.047321319580078 258.7738952636719 43.70945739746094
v 19.24078369140625 258.0323486328125 43.78986358642578
v 21.850421905517578 282.5545959472656 51.41284942626953
v 21.686613082885742 284.366943359375 50.440452575683594
v 21.78546142578125 284.87762451171875 49.26554870605469
v 21.493148803710938 285.40936279296875 49.280799865722656
v 22.009994506835938 285.4420471191406 48.11570358276367
v 21.72332763671875 285.974609375 48.13763427734375
v 21.9930477142334 286.54486083984375 47.09532165527344
v 21.366056442260742 285.442138671875 48.02584457397461
v 21.621654510498047 286.0018005371094 47.014549255371094
v 21.039852142333984 284.291015625 47.030513763427734
v 20.174209594726562 281.7783203125 46.733123779296875
v 20.442516326904297 281.9373779296875 46.12240219116211
v 19.082624435424805 278.6169738769531 46.638641357421875
v 20.795551300048828 282.0481262207031 45.586395263671875
v 19.422950744628906 278.8621520996094 46.14631652832031
v 19.84518051147461 279.0711975097656 45.69963073730469
v 18.514944076538086 274.8104553222656 46.2357177734375
v 18.884925842285156 275.0248718261719 45.80520248413086
v 18.742298126220703 269.77447509765625 45.478233337402344
v 18.485288619995117 264.4873352050781 44.76485824584961
v 18.595436096191406 264.2196960449219 45.00719451904297
v 18.718292236328125 260.3750305175781 44.22109603881836
v 18.497997283935547 263.7700500488281 45.57966995239258
v 18.755008697509766 260.1321716308594 44.566246032714844
v 21.812294006347656 282.87774658203125 50.32392883300781
v 21.843360900878906 283.2701721191406 49.17668914794922
v 22.009994506835938 283.7425537109375 48.08448791503906
v 22.247234344482422 286.01873779296875 47.081153869628906
v 22.31501579284668 286.98175048828125 46.1832275390625
v 21.937973022460938 286.4065246582031 46.13581848144531
v 21.29545021057129 284.6690979003906 46.21532440185547
v 21.56234359741211 284.6749267578125 45.547969818115234
v 21.632951736450195 284.1866455078125 45.197689056396484
v 21.237550735473633 282.367431640625 45.154273986816406
v 20.22787094116211 279.1367492675781 45.473873138427734
v 19.243608474731445 275.0639953613281 45.57596969604492
v 19.11651611328125 269.7709655761719 45.24378204345703
v 19.304330825805664 269.5647888183594 45.371334075927734
v 19.266202926635742 269.1903076171875 45.81072235107422
v 22.21051597595215 286.3446960449219 45.40719223022461
v 22.07918930053711 284.9839172363281 44.958316802978516
v 21.608943939208984 282.5316162109375 44.953407287597656
v 21.778400421142578 282.33349609375 45.070411682128906
v 20.452402114868164 279.0022888183594 45.57198715209961
v 21.767105102539062 281.9916687011719 45.455101013183594
v 20.491941452026367 278.75189208984375 45.95828628540039
v 22.570613861083984 286.8291015625 45.41398620605469
v 22.42233657836914 285.3015441894531 44.88002014160156
v 22.56778907775879 284.9702453613281 44.94752502441406
v 22.461877822875977 284.1633605957031 45.15499496459961
v 22.731597900390625 286.3509521484375 45.441463470458984
v 22.511302947998047 284.665771484375 45.54666519165039
v 22.516950607299805 286.42474365234375 46.187774658203125
v 22.36444091796875 284.6710205078125 46.254112243652344
v 22.178035736083984 284.2728271484375 47.11151885986328
v -8.003656387329102 270.32257080078125 67.86829376220703
v 19.490734100341797 274.9248352050781 45.65058517456055
v 19.595232009887695 274.6325378417969 46.00667190551758
v 20.24764060974121 269.98968505859375 52.068904876708984
v -6.488429069519043 256.4256591796875 67.1683120727539
v 18.328540802001953 262.1151428222656 48.99843978881836
v 18.70417022705078 274.30328369140625 48.266754150390625
v 19.418712615966797 258.0497741699219 43.713600158691406
v 19.266202926635742 258.714111328125 43.623626708984375
v 19.454017639160156 258.18701171875 43.83442687988281
v 19.309978485107422 258.65093994140625 43.84658432006836
v -20.142423629760742 273.52862548828125 55.732696533203125
v -20.06899070739746 276.4340515136719 55.8883056640625
v -20.036510467529297 279.0126647949219 55.96769714355469
v -20.145246505737305 279.5335388183594 55.91634750366211
v -20.13536262512207 281.2131652832031 56.015201568603516
v -20.20879364013672 279.9071044921875 55.86656188964844
v -20.17913818359375 281.3940124511719 55.916282653808594
v -20.249744415283203 280.14093017578125 55.75692367553711
v -20.218677520751953 281.5159912109375 55.79014587402344
v -20.263866424560547 281.5952453613281 55.62710952758789
v -20.330236434936523 282.37060546875 55.873634338378906
v -20.392372131347656 282.4029541015625 55.72132110595703
v -20.590070724487305 282.6275329589844 56.00666427612305
v -20.652204513549805 282.6776123046875 55.85544967651367
v -20.96993637084961 282.3564758300781 55.9449462890625
v -21.051841735839844 282.3955993652344 55.7562255859375
v -21.362510681152344 281.50933837890625 55.788631439208984
v -21.146455764770508 282.478515625 55.53522872924805
v -21.44582748413086 281.5935974121094 55.552982330322266
v -21.249540328979492 282.5837097167969 55.284305572509766
v -21.537616729736328 281.68292236328125 55.287818908691406
v -21.632230758666992 281.7765197753906 55.0067138671875
v -20.268102645874023 274.4935607910156 55.64844512939453
v -20.194671630859375 277.2389831542969 55.82434844970703
v -20.280811309814453 277.8359375 55.770713806152344
v -20.331649780273438 278.2279052734375 55.6539306640625
v -20.286460876464844 280.2778625488281 55.5864143371582
v -20.324588775634766 281.6658020019531 55.42118453979492
v -20.467214584350586 282.4617004394531 55.531978607177734
v -20.73410987854004 282.7137451171875 55.66801452636719
v -20.831546783447266 282.7993469238281 55.44939422607422
v -20.937458038330078 282.9090881347656 55.19912338256836
v -21.35262680053711 282.6971435546875 55.01658248901367
v -20.372600555419922 278.45074462890625 55.4751091003418
v -20.33447265625 280.35687255859375 55.35744094848633
v -20.398019790649414 280.4194641113281 55.072208404541016
v -20.405080795288086 281.7386474609375 55.16936492919922
v -20.46297836303711 280.4771423339844 54.73805236816406
v -20.491220474243164 281.81915283203125 54.87897872924805
v -20.58018684387207 281.9032287597656 54.56855773925781
v -20.659265518188477 282.64849853515625 55.043033599853516
v -20.763763427734375 282.7623291015625 54.762813568115234
v -21.044780731201172 283.0306396484375 54.93227005004883
v -21.46418571472168 282.8141174316406 54.749080657958984
v -20.41920280456543 278.57208251953125 55.234764099121094
v -20.460153579711914 278.6497802734375 54.928001403808594
v -20.509578704833984 278.7084655761719 54.57402038574219
v -20.533584594726562 280.5332946777344 54.3842887878418
v -20.679035186767578 281.9918518066406 54.2587890625
v -20.872499465942383 282.8805847167969 54.48065948486328
v -21.157752990722656 283.1641845703125 54.66284942626953
v -21.270723342895508 283.3146057128906 54.40809631347656
v -20.491220474243164 276.47491455078125 55.04191970825195
v -20.448856353759766 276.29034423828125 55.27982711791992
v -20.40790367126465 275.96319580078125 55.461761474609375
v -20.350008010864258 275.3753967285156 55.58888244628906
v -20.433324813842773 273.198974609375 55.25265121459961
v -20.618314743041992 272.1677551269531 55.09893035888672
v -20.61125373840332 271.4064636230469 55.05583953857422
v -20.91204071044922 271.8703918457031 55.20978927612305
v -20.910627365112305 271.33233642578125 55.20961380004883
v -21.18034553527832 271.32110595703125 55.441680908203125
v -20.952991485595703 270.84100341796875 55.144203186035156
v -21.225534439086914 270.6603698730469 55.329315185546875
v -21.496665954589844 270.0080261230469 55.45722961425781
v -21.42605972290039 271.2868957519531 55.80085754394531
v -21.171873092651367 272.0731506347656 55.45178985595703
v -20.971349716186523 272.33642578125 55.16204071044922
v -20.68468475341797 272.72308349609375 55.08102035522461
v -20.523700714111328 273.9236755371094 55.20950698852539
v -20.584423065185547 274.31646728515625 55.07914733886719
v -20.633848190307617 274.56585693359375 54.88613510131836
v -20.533584594726562 276.603759765625 54.74900436401367
v -21.43170738220215 273.0084228515625 55.80839157104492
v -21.249540328979492 272.6272888183594 55.39918899536133
v -21.351215362548828 272.9984130859375 55.30026626586914
v -21.041955947875977 272.68487548828125 55.07386779785156
v -21.393579483032227 273.2719421386719 55.13637161254883
v -21.058902740478516 272.9529724121094 54.943153381347656
v -21.140806198120117 273.1662902832031 54.755271911621094
v -20.773649215698242 273.3852844238281 54.82555389404297
v -20.899330139160156 273.5657653808594 54.63785171508789
v -20.657854080200195 274.754150390625 54.6219482421875
v -20.62396240234375 276.70318603515625 54.4019660949707
v -20.74681854248047 276.7770690917969 54.069557189941406
v -20.56324005126953 278.75299072265625 54.198909759521484
v -20.79624366760254 276.824951171875 53.741424560546875
v -20.677623748779297 278.7846984863281 53.83994674682617
v -20.748231887817383 278.802978515625 53.49562072753906
v -20.60419273376465 280.58441162109375 54.0397834777832
v -20.70445442199707 280.6294250488281 53.71552658081055
v -20.786359786987305 282.07830810546875 53.965824127197266
v -20.984058380126953 283.00201416015625 54.21122360229492
v -21.092792510986328 283.10308837890625 53.95856857299805
v -21.202939987182617 283.19671630859375 53.72939682006836
v -21.50655174255371 273.72412109375 55.726016998291016
v -21.59269142150879 274.11968994140625 55.600616455078125
v -21.664710998535156 274.371337890625 55.4022216796875
v -21.3780460357666 273.5142517089844 54.922664642333984
v -21.34556770324707 273.28948974609375 54.54229736328125
v -21.139394760131836 273.68743896484375 54.41409683227539
v -20.878149032592773 274.88079833984375 54.366092681884766
v -21.033483505249023 274.9979248046875 54.06066131591797
v -21.029247283935547 275.08709716796875 53.74098205566406
v -20.83437156677246 276.8512268066406 53.395381927490234
v -20.804716110229492 278.8072814941406 53.18467712402344
v -20.818838119506836 280.6661071777344 53.41690444946289
v -20.89509391784668 282.15777587890625 53.69526290893555
v -21.002416610717773 282.2301025390625 53.45335388183594
v -21.688716888427734 274.5772399902344 55.15679931640625
v -21.554563522338867 273.62469482421875 54.71699905395508
v -21.70425033569336 273.7330627441406 54.43828201293945
v -21.496665954589844 273.4221496582031 54.2547721862793
v -21.807336807250977 273.8559265136719 54.13652420043945
v -21.520671844482422 273.576904296875 53.91447448730469
v -21.652000427246094 273.63763427734375 53.62213134765625
v -21.298965454101562 273.98370361328125 53.77098846435547
v -21.386518478393555 274.0267028808594 53.497798919677734
v -21.0377197265625 275.13970947265625 53.40725326538086
v -20.93886947631836 276.8527526855469 53.07948303222656
v -21.058902740478516 276.81964111328125 52.78832244873047
v -20.892269134521484 278.79156494140625 52.898277282714844
v -21.187406539916992 276.7576904296875 52.54582977294922
v -21.00665283203125 278.75396728515625 52.65840148925781
v -21.097028732299805 278.6922302246094 52.44133758544922
v -21.043367385864258 280.6941223144531 52.92218017578125
v -21.694364547729492 274.7339782714844 54.88697052001953
v -21.869470596313477 274.81988525390625 54.624176025390625
v -21.968320846557617 274.90362548828125 54.31741714477539
v -21.851112365722656 273.94482421875 53.81167221069336
v -21.856761932373047 273.59814453125 53.37513732910156
v -21.509374618530273 273.9906921386719 53.259864807128906
v -21.201526641845703 275.14453125 53.12691116333008
v -21.331445693969727 275.1097412109375 52.84264373779297
v -21.434532165527344 275.0414123535156 52.583553314208984
v -21.2763729095459 276.6532897949219 52.32354736328125
v -22.034690856933594 274.9884948730469 53.96174240112305
v -22.06293487548828 273.9090270996094 53.5472297668457
v -22.177316665649414 273.87139892578125 53.2870979309082
v -21.841228485107422 273.5462951660156 53.143218994140625
v -22.102474212646484 273.7737121582031 53.07775115966797
v -21.909011840820312 273.4599609375 52.89811325073242
v -21.9697322845459 273.30364990234375 52.68697738647461
v -21.65623664855957 273.9065246582031 52.711788177490234
v -21.755088806152344 273.7301025390625 52.52260971069336
v -21.522085189819336 274.9085388183594 52.3771858215332
v -21.32862091064453 276.4607238769531 52.06302261352539
v -21.337093353271484 276.14166259765625 51.68491744995117
v -22.13636589050293 274.9949035644531 53.6630859375
v -22.29170036315918 274.9320373535156 53.42274856567383
v -22.250747680664062 274.8467102050781 53.218589782714844
v -22.1434268951416 273.63311767578125 52.858009338378906
v -22.033279418945312 273.00445556640625 52.536231994628906
v -21.8031005859375 273.4409484863281 52.35075759887695
v -21.539030075073242 274.6219787597656 52.176029205322266
v -21.505138397216797 274.04827880859375 51.9456787109375
v -22.280405044555664 274.7021179199219 52.99971008300781
v -22.2281551361084 273.311767578125 52.68784713745117
v -22.286052703857422 272.7740783691406 52.54222106933594
v -22.07564353942871 272.54046630859375 52.4316291809082
v -22.36513328552246 271.9910888671875 52.4786376953125
v -22.11800765991211 271.9671630859375 52.40275955200195
v -22.175905227661133 271.3755798339844 52.463722229003906
v -21.820045471191406 272.13031005859375 52.18120574951172
v -21.917484283447266 271.3156433105469 52.30311965942383
v -22.318532943725586 274.41729736328125 52.7828254699707
v -22.415969848632812 273.7798156738281 52.54852294921875
v -22.537412643432617 272.2062683105469 52.25735855102539
v -22.44562530517578 271.2076110839844 52.557918548583984
v -22.83537483215332 270.608154296875 52.550994873046875
v -22.579776763916016 270.6501159667969 52.664817810058594
v -22.86644172668457 269.95208740234375 52.73686981201172
v -22.818429946899414 269.5660705566406 52.89158630371094
v -21.793214797973633 272.9097595214844 52.22431564331055
v -20.559003829956055 282.54736328125 55.30451965332031
v -20.694568634033203 270.73486328125 54.95790100097656
v -20.54205894470215 270.1338195800781 54.8072509765625
v 16.75118064880371 260.0340881347656 56.452354431152344
v 15.138514518737793 256.2106018066406 54.227909088134766
v 13.099381446838379 253.17787170410156 50.84848403930664
v 13.881709098815918 253.9407501220703 49.924903869628906
v 12.602307319641113 251.31015014648438 48.25495147705078
v 14.747350692749023 254.5059051513672 49.279293060302734
v 13.362040519714355 251.90261840820312 47.804386138916016
v 15.283964157104492 254.89456176757812 48.84078598022461
v 13.93395709991455 252.26060485839844 47.531551361083984
v 14.241804122924805 252.49354553222656 47.343048095703125
v 13.544206619262695 250.47933959960938 47.1026725769043
v 13.805453300476074 250.66917419433594 46.91002655029297
v 13.699542045593262 249.84054565429688 47.13751220703125
v 13.949490547180176 250.00692749023438 46.94009780883789
v 17.50385093688965 260.6632385253906 54.274925231933594
v 15.946257591247559 256.9733581542969 52.466087341308594
v 16.612789154052734 257.46466064453125 51.27672576904297
v 13.953727722167969 250.8062744140625 46.79403305053711
v 14.055400848388672 250.13404846191406 46.77560806274414
v 17.866771697998047 260.8421630859375 52.78116226196289
v -21.280609130859375 273.8396301269531 54.10310745239258
v -21.139394760131836 260.1573791503906 52.610591888427734
v 4.328572750091553 272.7550354003906 69.73627471923828
v 2.456073760986328 274.65399169921875 69.53455352783203
v 2.3953516483306885 273.02880859375 69.81178283691406
v 0.7290248274803162 273.18798828125 69.99878692626953
v 0.8095169067382812 274.8623962402344 69.69661712646484
v -0.714183509349823 273.23956298828125 70.09258270263672
v 0.8603540062904358 275.4628601074219 69.45832061767578
v -0.6110971570014954 274.9128723144531 69.79881286621094
v -1.9766377210617065 274.8682861328125 69.77506256103516
v -2.0839602947235107 273.2041931152344 70.101806640625
v -3.535641670227051 273.0465087890625 70.02685546875
v -1.9032063484191895 275.4621887207031 69.52641296386719
v -0.5404900908470154 275.5239562988281 69.56117248535156
v -0.5927393436431885 275.0060119628906 69.32506561279297
v 0.8010441064834595 274.9558410644531 69.23946380615234
v -1.932861328125 274.947265625 69.3004379272461
v -2.0034685134887695 273.3662109375 69.19479370117188
v 17.039255142211914 254.21920776367188 46.05702209472656
v 17.17058563232422 254.82469177246094 46.379207611083984
v 21.1429386138916 284.9026794433594 49.13930130004883
v -17.98043441772461 279.8280029296875 59.99906539916992
v -18.176721572875977 280.381591796875 60.01713943481445
v -18.421022415161133 279.6785583496094 60.263084411621094
v -19.550735473632812 280.7325744628906 58.766422271728516
v -19.86988067626953 279.1537170410156 58.85795593261719
v -20.24127197265625 281.37835693359375 57.659549713134766
v -20.534997940063477 279.8933410644531 57.709381103515625
v -20.57453727722168 281.7282409667969 56.9376335144043
v -20.866851806640625 280.39056396484375 56.96565246582031
v -21.039133071899414 280.7381896972656 56.59605407714844
v -19.064958572387695 280.8788146972656 58.4985237121582
v -19.282428741455078 281.4125671386719 58.48295974731445
v -19.97579002380371 282.0038757324219 57.427955627441406
v -20.28363609313965 282.2968444824219 56.74928665161133
v -20.73410987854004 281.9271545410156 56.5614013671875
v -21.121034622192383 280.9970397949219 56.420936584472656
v -19.78938865661621 281.7225036621094 57.36191940307617
v -20.052045822143555 281.8581848144531 56.676822662353516
v -20.19325828552246 282.10498046875 56.299137115478516
v -20.0661678314209 280.95452880859375 56.143558502197266
v -19.62275505065918 280.1325988769531 57.199378967285156
v -19.91930389404297 280.60260009765625 56.47716522216797
v -19.848697662353516 278.36407470703125 56.2225341796875
v -17.534196853637695 248.2760772705078 47.59086227416992
v -17.49889373779297 247.59288024902344 47.63621139526367
v 7.827858924865723 273.9566345214844 68.12168884277344
v 21.43807601928711 270.29315185546875 51.081886291503906
v 21.378767013549805 271.2289123535156 51.10190200805664
v 21.429603576660156 271.7073974609375 51.09101867675781
v 21.19659996032715 271.8671569824219 51.02504348754883
v 21.466320037841797 272.3652648925781 51.1870002746582
v 21.217782974243164 272.3531799316406 51.10596466064453
v 21.233314514160156 272.83660888671875 51.27695846557617
v 20.90146255493164 272.4942321777344 50.93718338012695
v 20.942415237426758 273.1588439941406 51.17905807495117
v 20.69670295715332 274.17657470703125 51.18278503417969
v 20.521596908569336 276.1097106933594 51.47780227661133
v 20.61762237548828 276.4429931640625 51.84794998168945
v 20.628917694091797 276.63494873046875 52.095542907714844
v 20.578083038330078 278.5980224609375 52.43476486206055
v 20.563961029052734 276.7322998046875 52.30855178833008
v 20.525833129882812 278.65020751953125 52.64276885986328
v 20.45522689819336 278.6706237792969 52.871639251708984
v 20.571022033691406 280.55828857421875 52.951332092285156
v 20.496177673339844 280.5416564941406 53.17606735229492
v 20.60491180419922 282.08258056640625 53.481414794921875
v 20.806848526000977 283.04681396484375 53.760257720947266
v 20.705175399780273 282.9515686035156 53.987491607666016
v 20.597850799560547 282.8458251953125 54.23690414428711
v 20.880279541015625 283.1283264160156 54.42749786376953
v 20.490530014038086 282.73223876953125 54.50204086303711
v 20.774370193481445 283.0077209472656 54.68335723876953
v 20.67410659790039 282.8820495605469 54.948482513427734
v 21.09210205078125 282.6585693359375 54.76743698120117
v 20.997488021850586 282.5414733886719 55.032352447509766
v 21.322280883789062 281.5982666015625 55.01556396484375
v 21.524215698242188 270.6312255859375 50.998226165771484
v 21.570817947387695 271.1827087402344 50.94325256347656
v 21.6103572845459 272.5451354980469 50.96611404418945
v 21.495973587036133 273.0302734375 51.4366340637207
v 21.231903076171875 273.22491455078125 51.48404312133789
v 20.972068786621094 273.6192321777344 51.425228118896484
v 20.751773834228516 274.71112060546875 51.5499267578125
v 20.74753761291504 274.977294921875 51.788124084472656
v 20.71082305908203 275.1031494140625 52.00547409057617
v 20.491941452026367 276.77886962890625 52.535728454589844
v 20.38320541381836 278.6696472167969 53.137115478515625
v 20.411449432373047 280.5099792480469 53.43375015258789
v 20.506061553955078 282.01220703125 53.72160339355469
v 20.402976989746094 281.9335021972656 53.9874267578125
v 20.299890518188477 281.8471374511719 54.27155685424805
v 20.395915985107422 282.6152038574219 54.778377532958984
v 20.575258255004883 282.76287841796875 55.21253204345703
v 20.90146255493164 282.4283447265625 55.29641342163086
v 21.23048973083496 281.502685546875 55.28696823120117
v 21.726152420043945 273.93292236328125 51.65420913696289
v 21.50020980834961 273.4959411621094 51.68755340576172
v 21.462081909179688 273.76953125 51.90226745605469
v 21.188127517700195 273.4807434082031 51.686241149902344
v 21.40135955810547 273.9200134277344 52.107147216796875
v 21.138702392578125 273.62939453125 51.89543151855469
v 21.06103515625 273.71649169921875 52.11553955078125
v 20.892990112304688 274.03680419921875 51.84589385986328
v 20.81955909729004 274.11334228515625 52.07676696777344
v 20.623271942138672 275.1699523925781 52.2335319519043
v 20.414274215698242 276.7896728515625 52.80488204956055
v 20.342254638671875 276.772705078125 53.09404373168945
v 20.305538177490234 278.65142822265625 53.432098388671875
v 20.301301956176758 276.7209167480469 53.41419982910156
v 20.239168167114258 278.6166687011719 53.74925231933594
v 20.219398498535156 278.554931640625 54.093101501464844
v 20.233518600463867 280.4132385253906 54.02881622314453
v 20.18550682067871 280.3468933105469 54.360591888427734
v 20.2236328125 281.7529602050781 54.571407318115234
v 20.30977439880371 282.5027160644531 55.05536651611328
v 20.20951271057129 282.4049987792969 55.31448745727539
v 20.466522216796875 282.6564025878906 55.45785140991211
v 20.120548248291016 282.3214111328125 55.542808532714844
v 20.37049674987793 282.5652160644531 55.675392150878906
v 20.29424285888672 282.4899597167969 55.85782241821289
v 20.695289611816406 282.2364807128906 55.75410461425781
v 20.614797592163086 282.1587219238281 55.93675231933594
v 21.041263580322266 281.32635498046875 55.76256561279297
v 20.96359634399414 281.2402648925781 55.95058822631836
v 21.737449645996094 274.4898681640625 52.00543212890625
v 21.704971313476562 274.76171875 52.25613021850586
v 21.637187957763672 274.89825439453125 52.46530532836914
v 21.31521987915039 274.0035095214844 52.335872650146484
v 20.979129791259766 273.7518005371094 52.36963653564453
v 20.730592727661133 274.1434631347656 52.328704833984375
v 20.53148078918457 275.1911926269531 52.48933792114258
v 20.46934700012207 275.1662902832031 52.77138137817383
v 20.415685653686523 275.0980224609375 53.064369201660156
v 20.282943725585938 276.6343994140625 53.73625183105469
v 20.21516227722168 278.4847717285156 54.43973922729492
v 20.16573715209961 280.2760925292969 54.694297790527344
v 20.168561935424805 281.6604919433594 54.87578582763672
v 20.083831787109375 281.5812072753906 55.16035079956055
v 20.00616455078125 281.5088195800781 55.41109848022461
v 20.051353454589844 282.2490539550781 55.7327880859375
v 20.887340545654297 281.1408386230469 56.103904724121094
v 21.559518814086914 274.96533203125 52.69853973388672
v 21.241788864135742 274.03363037109375 52.58781051635742
v 21.171180725097656 274.0149230957031 52.85219192504883
v 20.905698776245117 273.7361755371094 52.63531494140625
v 21.147174835205078 273.9388732910156 53.14064025878906
v 20.874631881713867 273.6580505371094 52.92290115356445
v 20.85344886779785 273.5317077636719 53.19534683227539
v 20.621858596801758 274.0459899902344 52.887996673583984
v 20.582319259643555 273.924560546875 53.157432556152344
v 20.4001522064209 274.9814758300781 53.37130355834961
v 20.261762619018555 276.53009033203125 54.04579162597656
v 20.232107162475586 276.40802001953125 54.34280776977539
v 20.174209594726562 278.40985107421875 54.751461029052734
v 20.124784469604492 276.2764892578125 54.54090881347656
v 20.107837677001953 278.3201904296875 55.02029037475586
v 20.06829833984375 278.18707275390625 55.23670196533203
v 20.04288101196289 280.1432189941406 55.28307342529297
v 19.996278762817383 280.052734375 55.50470733642578
v 19.946853637695312 281.4361877441406 55.61615753173828
v 21.490325927734375 274.9881286621094 52.94486618041992
v 21.43948745727539 274.9632263183594 53.226905822753906
v 21.411245346069336 274.8899230957031 53.52031707763672
v 21.15423583984375 273.80413818359375 53.427303314208984
v 20.861923217773438 273.3553771972656 53.456966400146484
v 20.602088928222656 273.7442321777344 53.440162658691406
v 20.394502639770508 274.83013916015625 53.64846420288086
v 20.366260528564453 274.6573486328125 53.910301208496094
v 20.30836296081543 274.4659118652344 54.12126159667969
v 20.12902069091797 276.0724182128906 54.76176834106445
v 21.415481567382812 274.7667236328125 53.825740814208984
v 21.145763397216797 273.6396179199219 53.692596435546875
v 21.138702392578125 273.4367370605469 53.968406677246094
v 20.856273651123047 273.1496887207031 53.71639633178711
v 21.094924926757812 273.21807861328125 54.16037368774414
v 20.823795318603516 272.9197692871094 53.91503143310547
v 20.774370193481445 272.6539001464844 54.06061935424805
v 20.547014236450195 273.32574462890625 53.8775634765625
v 20.48770523071289 273.060791015625 54.020992279052734
v 20.230693817138672 274.2275695800781 54.241668701171875
v 20.02452278137207 275.74560546875 54.83876037597656
v 21.416893005371094 274.6139831542969 54.11496353149414
v 21.387239456176758 274.4384765625 54.383262634277344
v 21.34487533569336 274.24072265625 54.589046478271484
v 21.045499801635742 272.95281982421875 54.30746841430664
v 20.709409713745117 272.3123474121094 54.114967346191406
v 20.40721321105957 272.7003479003906 54.05097198486328
v 20.13608169555664 273.8477478027344 54.277442932128906
v 20.031583786010742 273.146240234375 54.20748519897461
v 21.2898006439209 273.9918212890625 54.74047088623047
v 21.00596046447754 272.580078125 54.384193420410156
v 20.950885772705078 272.0302734375 54.37150955200195
v 20.657161712646484 271.8571472167969 54.11661148071289
v 20.874631881713867 271.3260803222656 54.24724578857422
v 20.606325149536133 271.3564453125 54.02446746826172
v 20.57949447631836 270.91650390625 53.86537551879883
v 20.275882720947266 271.439208984375 53.88190841674805
v 21.233314514160156 273.6013488769531 54.816097259521484
v 21.158472061157227 272.8974914550781 54.80086898803711
v 20.949474334716797 273.88916015625 51.63713836669922
v -21.19729232788086 267.9486999511719 54.02042770385742
v 20.319660186767578 280.465087890625 53.7200813293457
v 20.10501480102539 280.2118225097656 55.006683349609375
v 20.65433692932129 274.1253356933594 52.5945930480957
v -21.63081932067871 269.52813720703125 55.26620101928711
v 20.329545974731445 272.1573486328125 54.00188064575195
v 1.0622901916503906 263.6220397949219 69.569580078125
v 20.597850799560547 273.5440368652344 53.68925476074219
v -21.321561813354492 264.69500732421875 54.741886138916016
v 14.065286636352539 250.95188903808594 46.666412353515625
v 14.174020767211914 250.24493408203125 46.6498908996582
v 15.886948585510254 254.66439819335938 44.57863998413086
v 16.038047790527344 255.5918426513672 45.03199005126953
v 16.056406021118164 255.07337951660156 44.398094177246094
v 16.13407325744629 255.86422729492188 44.8043098449707
v 16.463102340698242 256.346923828125 44.66478729248047
v 16.821786880493164 257.6009521484375 45.4550895690918
v 17.133869171142578 258.0203857421875 45.28144454956055
v 17.36263656616211 258.6725769042969 46.0878791809082
v 17.457250595092773 258.91156005859375 45.68540573120117
v 17.63376808166504 259.7099609375 46.45817184448242
v 17.468547821044922 260.0802307128906 46.12717056274414
v 17.143754959106445 262.4779357910156 46.834716796875
v 17.373933792114258 260.3122863769531 45.839542388916016
v 16.58595848083496 256.9944152832031 45.79465866088867
v 16.6226749420166 257.20562744140625 45.62617111206055
v 17.268022537231445 258.4095458984375 46.362545013427734
v 17.652124404907227 259.2613525390625 46.60312271118164
v 17.469959259033203 260.9969482421875 46.82292556762695
v 17.239778518676758 258.2920837402344 46.40572738647461
v 17.638004302978516 259.56768798828125 46.65302658081055
v 17.31321144104004 262.2812805175781 47.03209686279297
v 17.26943588256836 258.2968444824219 46.37987518310547
v 17.513736724853516 259.8631591796875 46.61608123779297
v 17.571632385253906 260.07403564453125 46.685489654541016
v -22.041751861572266 269.8251647949219 52.93562316894531
v -13.859806060791016 248.7887725830078 55.776248931884766
v -13.950183868408203 248.20188903808594 55.53403091430664
v -21.611047744750977 273.9577941894531 52.98271179199219
v 18.180265426635742 261.6376037597656 50.088478088378906
v -21.289079666137695 281.4332580566406 55.98463821411133
v -20.906391143798828 282.29351806640625 56.100887298583984
v -20.855552673339844 282.2069396972656 56.23805236816406
v -20.53076171875 282.65557861328125 56.14503860473633
v -20.806127548217773 282.0662841796875 56.37408447265625
v -20.484159469604492 282.5955505371094 56.26801300048828
v -20.4389705657959 282.5279235839844 56.40045928955078
v -20.246919631958008 282.22784423828125 56.13033676147461
v -21.22835922241211 281.3373107910156 56.147003173828125
v -21.174697875976562 281.2025146484375 56.28929138183594
v 8.556523323059082 248.91770935058594 61.93951416015625
v -20.28504753112793 282.3084411621094 56.004581451416016
v -17.890058517456055 247.94528198242188 46.87356948852539
v -17.997379302978516 248.6107177734375 46.75493621826172
v -17.911239624023438 247.94766235351562 46.717559814453125
v -17.90135383605957 247.92601013183594 46.53501892089844
v -22.45833396911621 265.44580078125 52.20774841308594
v 12.329764366149902 248.41827392578125 54.35858154296875
v 12.415905952453613 248.3101806640625 52.12408447265625
v 12.444148063659668 247.89610290527344 52.14042663574219
v 12.328352928161621 247.76719665527344 50.464447021484375
v 12.246448516845703 248.27723693847656 50.43894577026367
v 12.421554565429688 249.6251220703125 51.18754959106445
v 12.915803909301758 252.3306121826172 52.239356994628906
v 12.002147674560547 250.6051025390625 48.87863540649414
v 12.07840347290039 250.0296173095703 49.81492614746094
v 11.982378959655762 248.5128936767578 49.295623779296875
v 12.137714385986328 247.98422241210938 49.342437744140625
v 11.90471076965332 249.01353454589844 48.468505859375
v 12.407432556152344 249.6405487060547 47.84882354736328
v 13.07396411895752 250.1513671875 47.390625
v 13.253305435180664 249.54318237304688 47.44209289550781
v -20.950166702270508 280.6872253417969 53.14972686767578
v -14.025026321411133 259.71112060546875 62.67307662963867
v -20.736934661865234 273.095947265625 54.98662567138672
v -23.162992477416992 286.2156677246094 44.91121292114258
v -22.750646591186523 285.46331787109375 46.00633239746094
v -22.787363052368164 286.9345703125 46.36224365234375
v -22.345361709594727 284.4822998046875 47.32594680786133
v -22.393375396728516 286.0339660644531 47.60286331176758
v -22.108123779296875 286.46417236328125 47.718631744384766
v -22.50210952758789 287.2858581542969 46.50442886352539
v 12.102410316467285 248.4683074951172 48.51723861694336
v 12.588187217712402 249.06741333007812 47.87446975708008
v -17.145858764648438 250.20497131347656 43.40570068359375
v -17.55396842956543 250.76358032226562 42.6889762878418
v -18.017148971557617 251.2935333251953 41.87287521362305
v -18.053865432739258 250.47225952148438 41.698272705078125
v -18.577770233154297 251.24757385253906 40.94451141357422
v -17.17833709716797 249.5341796875 43.33469772338867
v -17.569501876831055 249.98629760742188 42.55686950683594
v -18.692153930664062 278.0541076660156 60.3304328918457
v -16.928388595581055 278.32940673828125 61.986751556396484
v -17.171276092529297 276.6622009277344 62.05771255493164
v -15.415986061096191 275.23931884765625 63.821380615234375
v 14.700749397277832 251.7311248779297 46.32832717895508
v 14.638615608215332 250.93678283691406 46.167545318603516
v 18.656156539916992 262.4583435058594 48.24332809448242
v 18.279115676879883 261.1965026855469 51.08869934082031
v 21.06103515625 283.4418640136719 52.7369270324707
v 21.128816604614258 281.4121398925781 55.53769302368164
v 20.792726516723633 282.3267822265625 55.538719177246094
v 7.2262864112854 263.8822021484375 67.76927185058594
v -20.335886001586914 266.5361328125 46.3568000793457
v -20.372600555419922 266.7462463378906 45.67631530761719
v -20.54347038269043 266.70843505859375 45.075496673583984
v -20.194671630859375 262.4945983886719 44.244808197021484
v -20.30905532836914 262.26495361328125 44.17387008666992
v -19.995559692382812 258.47369384765625 43.02904510498047
v -20.203144073486328 258.1332092285156 42.635616302490234
v -19.584627151489258 255.1927490234375 41.43593978881836
v -19.656646728515625 254.2321319580078 40.54705810546875
v -19.07484245300293 252.3800048828125 40.42021179199219
v -20.19325828552246 262.3594665527344 45.20615768432617
v -20.16077995300293 262.59149169921875 44.6931266784668
v -19.831750869750977 258.7506103515625 43.75920867919922
v -19.578977584838867 256.1003723144531 42.35578918457031
v -19.002824783325195 253.10238647460938 40.75847244262695
v -19.739961624145508 258.3664245605469 43.981807708740234
v -19.281015396118164 255.09510803222656 42.07366943359375
v -18.517047882080078 252.0486602783203 41.1904182434082
v -19.60580825805664 257.6911315917969 44.248252868652344
v -18.891265869140625 254.15887451171875 42.24845504760742
v -18.5128116607666 253.47091674804688 42.84005355834961
v -20.71857452392578 266.5516052246094 44.83375930786133
v -20.279399871826172 272.0451965332031 45.404502868652344
v -20.57453727722168 271.934326171875 45.18328857421875
v -20.31611442565918 276.8435363769531 44.81772994995117
v -21.520671844482422 260.37921142578125 51.9426155090332
v 20.918407440185547 271.82525634765625 50.841617584228516
v 18.218393325805664 274.46807861328125 46.670833587646484
v 18.176029205322266 259.0704650878906 44.91888427734375
v 17.890777587890625 259.10589599609375 45.175567626953125
v 17.623882293701172 259.0665283203125 45.37937545776367
v 17.558923721313477 258.28741455078125 45.138877868652344
v 17.533504486083984 257.2001647949219 44.485595703125
v 16.947467803955078 256.86260986328125 44.55934524536133
v 17.62811851501465 256.53704833984375 43.96833038330078
v 16.982770919799805 256.1719665527344 44.10777282714844
v 18.522005081176758 258.5127868652344 44.818058013916016
v 18.058822631835938 258.4262390136719 45.00715637207031
v 18.143550872802734 257.49163818359375 44.42925262451172
v 13.020301818847656 273.87176513671875 65.65255737304688
v 12.831075668334961 275.4830017089844 65.44038391113281
v 12.6305513381958 276.04376220703125 65.21583557128906
v 14.409849166870117 277.3205871582031 63.60111999511719
v 14.268634796142578 276.8752136230469 63.515716552734375
v 16.119951248168945 278.7523193359375 61.78165054321289
v 15.968852996826172 278.32977294921875 61.688087463378906
v 17.53632926940918 279.6728210449219 60.02518081665039
v 17.43183135986328 278.1264953613281 59.8049430847168
v 17.25248908996582 275.33099365234375 59.259857177734375
v 15.704781532287598 274.0246276855469 61.0115852355957
v 15.864355087280273 276.75970458984375 61.49842071533203
v 14.162724494934082 275.3177795410156 63.37691879272461
v 14.021510124206543 272.697509765625 62.98632049560547
v 14.01727294921875 269.5235900878906 62.54596710205078
v 14.64002799987793 276.74346923828125 63.801090240478516
v 16.3642520904541 278.17547607421875 61.94628143310547
v 17.96279525756836 279.5081787109375 60.26763153076172
v 18.22262954711914 277.8466796875 60.29033279418945
v 19.3763484954834 278.9844055175781 58.76165771484375
v 14.858909606933594 275.0808410644531 63.933467864990234
v 16.60996437072754 276.4919128417969 62.012916564941406
v 16.441919326782227 255.63275146484375 44.25779342651367
v -17.008880615234375 248.38548278808594 45.31459045410156
v -17.080900192260742 249.2469482421875 45.35283660888672
v -18.529756546020508 252.87306213378906 50.11548614501953
v 20.33942985534668 281.784423828125 56.5636100769043
v 20.63597869873047 280.5711975097656 56.546302795410156
v 20.155851364135742 281.5848083496094 56.93574523925781
v 19.78304672241211 281.2317199707031 57.63352584838867
v 19.489320755004883 281.72064208984375 57.50801467895508
v 19.100982666015625 280.5742492675781 58.75956344604492
v 18.81007957458496 281.09747314453125 58.61297607421875
v 17.693077087402344 280.0648498535156 60.11354064941406
v 18.64203643798828 280.73651123046875 58.5199089050293
v 20.081008911132812 279.7454833984375 57.62841033935547
v 20.458049774169922 280.227783203125 56.92021560668945
v -12.442015647888184 252.04678344726562 63.146087646484375
v -10.785573959350586 253.78515625 66.0221939086914
v -12.86848258972168 254.60552978515625 64.66942596435547
v -13.335901260375977 257.51165771484375 65.00260162353516
v -14.976810455322266 255.43106079101562 62.7376594543457
v -21.095617294311523 282.8021240234375 50.9379768371582
v -20.609840393066406 280.93878173828125 49.5541877746582
v -20.954404830932617 283.1426086425781 49.84239959716797
v -20.951580047607422 283.6894836425781 48.552249908447266
v -21.363924026489258 284.55718994140625 50.134029388427734
v 21.565168380737305 281.8664855957031 54.23408126831055
v 21.479026794433594 281.7872009277344 54.4781379699707
v 21.737449645996094 280.30401611328125 54.055198669433594
v 21.66684341430664 280.2597961425781 54.31394958496094
v 21.793933868408203 278.4237976074219 53.77855682373047
v 21.714855194091797 278.4010925292969 54.04379653930664
v 21.637187957763672 276.51611328125 53.67147445678711
v 21.596235275268555 276.45892333984375 53.96404266357422
v 21.411245346069336 274.8899230957031 53.52031707763672
v 21.627304077148438 276.35467529296875 54.28499984741211
v 21.415481567382812 274.7667236328125 53.825740814208984
v 21.613182067871094 276.2380676269531 54.58051300048828
v 21.416893005371094 274.6139831542969 54.11496353149414
v 21.387239456176758 274.4384765625 54.383262634277344
v 21.394298553466797 281.6965637207031 54.73769760131836
v 21.623065948486328 280.19293212890625 54.59486770629883
v 21.7120304107666 278.3426513671875 54.34217834472656
v 21.707796096801758 278.2651062011719 54.65153121948242
v 21.65978240966797 278.1824645996094 54.949886322021484
v 21.566579818725586 276.1031799316406 54.85316848754883
v 21.5877628326416 280.11279296875 54.893009185791016
v 21.510095596313477 280.0340881347656 55.17908477783203
v 21.409833908081055 279.95159912109375 55.439517974853516
v 21.128816604614258 281.4121398925781 55.53769302368164
v 21.322280883789062 281.5982666015625 55.01556396484375
v 21.23048973083496 281.502685546875 55.28696823120117
v 21.655546188354492 281.93408203125 54.00918960571289
v 21.830652236938477 280.3343200683594 53.82099914550781
v 21.74027442932129 281.98944091796875 53.80195617675781
v 21.911144256591797 280.3489685058594 53.6068229675293
v 21.9704532623291 280.34759521484375 53.39607620239258
v 21.988811492919922 278.348876953125 53.08116149902344
v 22.00010871887207 278.2496643066406 52.820526123046875
v 21.885725021362305 276.37603759765625 52.687191009521484
v 21.92526626586914 276.1752014160156 52.423213958740234
v 21.704971313476562 274.76171875 52.25613021850586
v 21.737449645996094 274.4898681640625 52.00543212890625
v 21.86030387878418 278.4234924316406 53.527732849121094
v 21.923852920532227 278.4003601074219 53.30532455444336
v 21.82076644897461 276.47601318359375 52.9025764465332
v 21.637187957763672 274.89825439453125 52.46530532836914
v 21.762868881225586 276.5233154296875 53.133846282958984
v 21.559518814086914 274.96533203125 52.69853973388672
v 21.696496963500977 276.5368957519531 53.38770294189453
v 21.490325927734375 274.9881286621094 52.94486618041992
v 21.43948745727539 274.9632263183594 53.226905822753906
v 21.813705444335938 282.035888671875 53.59858703613281
v 22.001522064208984 280.3362121582031 53.12541198730469
v 21.86454200744629 282.0915222167969 53.335758209228516
v 21.888547897338867 282.1780700683594 52.93267822265625
v 22.00010871887207 280.3266296386719 52.71748733520508
v 21.973278045654297 278.0992126464844 52.42192459106445
v 21.95774269104004 280.3378601074219 52.09797668457031
v 21.65978240966797 277.83935546875 50.945552825927734
v 21.885725021362305 277.9412841796875 51.8011474609375
v 21.737449645996094 275.3846740722656 51.39165496826172
v 21.878664016723633 275.8240661621094 52.02912521362305
v 21.726152420043945 273.93292236328125 51.65420913696289
v 21.493148803710938 275.9488830566406 55.07085037231445
v 21.573640823364258 278.0882263183594 55.21805953979492
v 21.486087799072266 277.973876953125 55.447425842285156
v 21.33357810974121 279.85821533203125 55.67386245727539
v 21.41971778869629 277.8227844238281 55.63731384277344
vn -0.15927079319953918 0.32016414403915405 -0.700714647769928
vn -0.0756845772266388 -0.0506967194378376 -0.7707628607749939
vn -0.5902107954025269 0.028438523411750793 -0.333778440952301
vn -0.4796994626522064 -0.19560743868350983 -0.4719367027282715
vn -0.6365959048271179 -0.1557987481355667 -0.02579810470342636
vn -0.6133843660354614 -0.226535826921463 -0.0930788442492485
vn -0.625004768371582 -0.2063758671283722 0.054018452763557434
vn -0.6316561698913574 -0.17623840272426605 -0.038126807659864426
vn -0.6365151405334473 -0.15280374884605408 -0.03958906605839729
vn -0.6470087170600891 -0.047873739153146744 -0.08212441951036453
vn -0.6419625878334045 -0.032859887927770615 -0.13197433948516846
vn -0.6453732848167419 0.04229428619146347 -0.10792335122823715
vn -0.6267083883285522 0.05407632514834404 -0.2133067548274994
vn -0.6270132660865784 0.031488556414842606 -0.2155257761478424
vn -0.5966353416442871 0.058275509625673294 -0.3143622577190399
vn -0.6083288192749023 0.024588346481323242 -0.28296875953674316
vn -0.6076182723045349 0.06202968582510948 -0.28138601779937744
vn -0.6062193512916565 -0.005120533984154463 -0.28833240270614624
vn -0.6079942584037781 -0.03864366188645363 -0.27740150690078735
vn -0.6222259998321533 -0.1107611134648323 -0.1943804919719696
vn -0.6119726896286011 -0.1144573912024498 -0.23286017775535583
vn -0.6241431832313538 -0.1985900104045868 -0.06630839407444
vn -0.6133517026901245 -0.186226025223732 -0.16262288391590118
vn -0.5957521200180054 -0.2977111339569092 0.012016698718070984
vn -0.5966457724571228 -0.276324599981308 -0.0913674533367157
vn -0.5638943314552307 -0.35654062032699585 -0.0686449408531189
vn -0.5840123891830444 -0.23911768198013306 -0.21843500435352325
vn -0.5556530952453613 -0.3255992531776428 -0.19103224575519562
vn -0.5436624884605408 -0.1774473339319229 -0.37472712993621826
vn -0.523459255695343 -0.2730323076248169 -0.34317708015441895
vn -0.4623699486255646 -0.21995167434215546 -0.48214149475097656
vn 0.3118349313735962 -0.5860490202903748 -0.23625393211841583
vn 0.37823039293289185 -0.5677408576011658 -0.14968529343605042
vn -0.05284595862030983 -0.20389868319034576 -0.7326160669326782
vn -0.5094456672668457 -0.2458990216255188 -0.39281144738197327
vn -0.6180810332298279 -0.20423366129398346 -0.1063135638833046
vn -0.6460901498794556 -0.0591910183429718 -0.0831134244799614
vn -0.648304283618927 0.03665725514292717 -0.08042365312576294
vn -0.6411853432655334 0.030335886403918266 -0.14264531433582306
vn -0.6443789005279541 -0.03833567723631859 -0.1118597462773323
vn -0.640887439250946 -0.06179019808769226 -0.12543156743049622
vn -0.6334460377693176 -0.09099984914064407 -0.15261609852313995
vn -0.6289075613021851 -0.1934557408094406 -0.004030219744890928
vn -0.5943148732185364 -0.2985856235027313 0.06706368178129196
vn -0.5591899752616882 -0.3763381540775299 0.016079647466540337
vn 0.12360016256570816 -0.5922731161117554 -0.38880205154418945
vn 0.18689993023872375 -0.6101469397544861 -0.3215761184692383
vn 0.2586149275302887 -0.6000716090202332 -0.276006817817688
vn -0.6363851428031921 0.022028330713510513 -0.17196877300739288
vn -0.6417999863624573 -0.006231783889234066 -0.13942573964595795
vn -0.6455270051956177 -0.06926951557397842 -0.07982483506202698
vn -0.6412728428840637 -0.13254354894161224 -0.012289918959140778
vn -0.6342180371284485 -0.16388510167598724 -0.040471747517585754
vn -0.6200097799301147 -0.22728928923606873 0.022923070937395096
vn -0.5852176547050476 -0.31597188115119934 -0.047892164438962936
vn -0.6030936241149902 -0.27494677901268005 0.06962684541940689
vn -0.5603283643722534 -0.3741474449634552 0.04272038862109184
vn -0.5545715689659119 -0.3838805854320526 0.06054051220417023
vn 0.1005905419588089 -0.5778045058250427 -0.41972941160202026
vn -0.6173103451728821 0.03817330300807953 -0.2523648738861084
vn -0.6275691390037537 0.027698997408151627 -0.21348299086093903
vn -0.6401422619819641 -0.06673931330442429 -0.12750618159770966
vn -0.6046044826507568 -0.2224021703004837 -0.15528453886508942
vn 0.03693635016679764 -0.3723433017730713 -0.6430862545967102
vn 0.09203574061393738 -0.5364356637001038 -0.4788856506347656
vn 0.11025459319353104 -0.5856143236160278 -0.4045449197292328
vn -0.5617110133171082 0.07460783421993256 -0.39512374997138977
vn -0.5846912264823914 0.02839120477437973 -0.3475363850593567
vn -0.6099211573600769 0.028371602296829224 -0.27784064412117004
vn -0.5929473042488098 -0.09675077348947525 -0.3017593026161194
vn -0.08435157686471939 -0.15164028108119965 -0.7465655207633972
vn -0.06108710169792175 -0.005265362095087767 -0.7779287099838257
vn -0.039226628839969635 0.08425361663103104 -0.7815442681312561
vn -0.06232300400733948 0.19171680510044098 -0.7652670741081238
vn -0.5472462177276611 0.14688526093959808 -0.4066363573074341
vn 0.010679000057280064 0.32745540142059326 -0.7237130403518677
vn -0.5933347344398499 -0.01354833971709013 -0.32359009981155396
vn 0.03659728914499283 0.26162922382354736 -0.7485454678535461
vn -0.014780288562178612 -0.08180827647447586 -0.7704642415046692
vn -0.6283711791038513 -0.006165537983179092 -0.2094588428735733
vn -0.6407238841056824 -0.1211516410112381 -0.0601956844329834
vn -0.635633111000061 -0.16258756816387177 0.038849424570798874
vn -0.6412259340286255 -0.130912184715271 -0.02288796380162239
vn -0.6445863842964172 -0.08351074904203415 0.08692073822021484
vn -0.640313982963562 -0.08466420322656631 -0.1125541627407074
vn -0.6513345837593079 -0.040099162608385086 0.01141776330769062
vn -0.6421112418174744 -0.02650737203657627 -0.1330389529466629
vn -0.6516629457473755 0.011581523343920708 -0.034655943512916565
vn -0.6504331231117249 0.050643954426050186 -0.029558612033724785
vn -0.6169649362564087 0.015679899603128433 -0.2546297609806061
vn -0.6346839666366577 -0.09119950979948044 -0.14523378014564514
vn -0.6222060322761536 -0.0558369942009449 -0.22296445071697235
vn -0.6273470520973206 -0.026222247630357742 -0.21055032312870026
vn -0.6487367749214172 0.0051036011427640915 -0.08241990953683853
vn -0.6491682529449463 0.07063218951225281 -0.021179797127842903
vn -0.61578768491745 0.023230399936437607 -0.2586287260055542
vn -0.6276618242263794 0.018919669091701508 -0.21352753043174744
vn -0.6414549946784973 0.012710354290902615 -0.14262281358242035
vn -0.6410626769065857 0.046695247292518616 -0.13948871195316315
vn -0.6412070393562317 0.06317214667797089 0.12227088212966919
vn -0.6241667866706848 0.09429431706666946 -0.21089226007461548
vn -0.6240112781524658 0.10431447625160217 -0.2066919356584549
vn -0.6180757880210876 0.09321726858615875 -0.2364346832036972
vn -0.6256449222564697 0.07167951762676239 -0.21315918862819672
vn -0.6364259719848633 0.004444091580808163 -0.17197296023368835
vn -0.6496221423149109 0.039996013045310974 -0.060298167169094086
vn -0.6483033895492554 -0.021416354924440384 -0.08229157328605652
vn -0.639947235584259 0.007262389175593853 0.150995135307312
vn -0.6477567553520203 -0.05300785228610039 0.07730966806411743
vn -0.6249894499778748 -0.08299388736486435 0.21202515065670013
vn -0.6143549084663391 -0.15946607291698456 0.2122279703617096
vn -0.6115161180496216 -0.1632958948612213 0.22128207981586456
vn -0.6000524163246155 -0.21294832229614258 0.2216363400220871
vn -0.6026989817619324 -0.21177160739898682 0.21157144010066986
vn -0.5833576321601868 -0.25481632351875305 0.23888371884822845
vn -0.578579306602478 -0.2597050070762634 0.25057253241539
vn -0.558146059513092 -0.31538569927215576 0.24763186275959015
vn -0.5609292984008789 -0.2740829288959503 0.291736900806427
vn -0.5430399179458618 -0.32108792662620544 0.2885274887084961
vn -0.5587078928947449 -0.27391254901885986 0.29842984676361084
vn -0.5096767544746399 -0.3408420979976654 0.35031935572624207
vn -0.527965247631073 -0.3359874486923218 0.31145763397216797
vn -0.5429242849349976 -0.33174318075180054 0.27418798208236694
vn -0.5566380023956299 -0.3201538026332855 0.24563314020633698
vn -0.5744386911392212 -0.3314913511276245 0.13298399746418
vn -0.576254665851593 -0.32683756947517395 0.13493479788303375
vn -0.049197107553482056 -0.49188196659088135 -0.5380465984344482
vn -0.11142215132713318 -0.4785829484462738 -0.5394065976142883
vn -0.6318541169166565 0.0713515654206276 -0.18426485359668732
vn -0.6411383748054504 0.05671168863773346 -0.13528993725776672
vn -0.6409772038459778 0.08545637130737305 -0.11953949183225632
vn -0.6340322494506836 0.09871061891317368 -0.15818004310131073
vn -0.6385757923126221 0.0256254430860281 -0.15940552949905396
vn -0.6346039175987244 -0.07092200219631195 -0.15910497307777405
vn -0.6437233686447144 -0.09329799562692642 -0.07109812647104263
vn -0.6371272802352905 -0.13280798494815826 0.09969029575586319
vn -0.6214507818222046 -0.18980854749679565 0.13825319707393646
vn -0.5895822644233704 -0.24623505771160126 0.22516027092933655
vn -0.5543105006217957 -0.3152352273464203 0.2611507475376129
vn -0.5668213367462158 -0.32457906007766724 0.195796400308609
vn -0.5378732681274414 -0.33397209644317627 0.28640151023864746
vn -0.4605836272239685 -0.33775755763053894 0.4452417194843292
vn -0.5161939859390259 -0.3328368663787842 0.34437382221221924
vn 0.004924299195408821 -0.6008201837539673 -0.3998070955276489
vn -0.6426734924316406 0.07648030668497086 -0.11218151450157166
vn -0.6421238780021667 0.06158683821558952 -0.12584128975868225
vn -0.6390218734741211 -0.05134795233607292 -0.14345180988311768
vn -0.6201658844947815 -0.09057540446519852 -0.21548908948898315
vn -0.6170645356178284 -0.08773063868284225 -0.22900259494781494
vn -0.5995691418647766 -0.09979162365198135 -0.28142428398132324
vn -0.579460084438324 -0.06319130957126617 -0.3478953242301941
vn -0.544890284538269 -0.0917821153998375 -0.41153979301452637
vn -0.5548836588859558 -0.038536082953214645 -0.40609437227249146
vn -0.4927961230278015 -0.05134297162294388 -0.5054171681404114
vn -0.5619059205055237 -0.10572833567857742 -0.37269890308380127
vn -0.4800006151199341 -0.07845522463321686 -0.516782283782959
vn -0.5138148665428162 -0.1539701521396637 -0.4409976899623871
vn -0.45731666684150696 -0.12314873188734055 -0.5323982834815979
vn -0.49516555666923523 -0.16018912196159363 -0.4671257436275482
vn -0.24225811660289764 -0.390855073928833 -0.5638180375099182
vn -0.008617660962045193 -0.6882042288780212 -0.21142257750034332
vn 0.5372569561004639 -0.3084651827812195 0.31978660821914673
vn 0.5390850901603699 -0.22140386700630188 0.3879661560058594
vn -0.6264362931251526 0.03527846187353134 -0.21756404638290405
vn -0.6371564865112305 -0.009488568641245365 -0.16673827171325684
vn -0.6162415742874146 -0.07884413748979568 -0.23626871407032013
vn -0.591680645942688 -0.14917036890983582 -0.276704877614975
vn -0.48083075881004333 -0.12106667459011078 -0.5030490159988403
vn -0.44695085287094116 -0.10187839716672897 -0.5512151718139648
vn -0.3856320381164551 -0.21834512054920197 -0.5691753029823303
vn -0.5924553275108337 -0.2217032015323639 0.24239125847816467
vn -0.6145269274711609 -0.16567875444889069 0.20605973899364471
vn -0.614177405834198 -0.08828011900186539 0.252727746963501
vn -0.61314857006073 -0.08704541623592377 0.2567875385284424
vn -0.6087957620620728 -0.003592163324356079 0.2811269462108612
vn -0.5897237062454224 -0.1005752682685852 0.324105829000473
vn -0.5939716100692749 -0.01858621835708618 0.3240647315979004
vn -0.5684494376182556 -0.11216270923614502 0.3728233277797699
vn -0.5649464130401611 -0.035478364676237106 0.39175695180892944
vn -0.6113998293876648 -0.0059552742168307304 0.2730138301849365
vn -0.5615573525428772 0.06014131009578705 0.3880656063556671
vn -0.5844694972038269 0.07551808655261993 0.33199965953826904
vn -0.540298581123352 0.21337127685546875 0.3578091859817505
vn -0.5563188195228577 0.2047962248325348 0.3290543556213379
vn -0.576841413974762 -0.23759660124778748 0.2802400588989258
vn -0.6002157330513 -0.177043154835701 0.2541646659374237
vn -0.5767952799797058 -0.19392406940460205 0.31534817814826965
vn -0.567726731300354 -0.19720099866390228 0.3371763229370117
vn -0.6112478971481323 -0.09205784648656845 0.26175394654273987
vn -0.6331964135169983 0.019067635759711266 0.1855139285326004
vn -0.6085662841796875 0.10049968212842941 0.25265464186668396
vn -0.5890964269638062 0.19792619347572327 0.24572895467281342
vn -0.5653299689292908 -0.24584241211414337 0.3068896532058716
vn -0.5694276690483093 -0.24217891693115234 0.29845812916755676
vn -0.5972813367843628 -0.22414961457252502 0.22044850885868073
vn -0.5879626274108887 -0.25727036595344543 0.21705123782157898
vn -0.5879377126693726 -0.26078152656555176 0.21208998560905457
vn -0.5317978858947754 -0.3387158513069153 0.29743054509162903
vn -0.527985155582428 -0.3431708812713623 0.3020217716693878
vn -0.5016424059867859 -0.32403385639190674 0.3847540616989136
vn -0.46144899725914 -0.3026457130908966 0.4708936810493469
vn -0.5409994125366211 -0.3564363718032837 0.24052686989307404
vn -0.5368193984031677 -0.31453534960746765 0.3140254318714142
vn -0.44431281089782715 -0.4692021310329437 -0.23995430767536163
vn -0.2911316454410553 -0.07249940931797028 -0.6898036003112793
vn 0.07957709580659866 -0.13361479341983795 -0.7525386810302734
vn 0.061399731785058975 -0.1339031159877777 -0.7548681497573853
vn 0.12068980187177658 -0.28769707679748535 -0.6821738481521606
vn -0.02587718889117241 -0.2787488102912903 -0.7009119391441345
vn -0.5558676719665527 -0.2763344347476959 0.30400457978248596
vn -0.5736224055290222 -0.2645137906074524 0.2621850371360779
vn -0.5513126254081726 -0.3247697949409485 0.2571539580821991
vn -0.5511451363563538 -0.32825204730033875 0.2523413896560669
vn -0.04430468752980232 -0.4731045365333557 -0.5577570796012878
vn -0.06759056448936462 -0.4177289605140686 -0.6047719120979309
vn 0.03818129003047943 -0.35283219814300537 -0.6564118266105652
vn -0.07496602088212967 -0.5472719669342041 -0.4690024256706238
vn -0.591300368309021 -0.2866383492946625 0.14463193714618683
vn -0.612314760684967 -0.2350085973739624 0.11566188931465149
vn -0.6277927160263062 -0.1861870139837265 0.08840841799974442
vn -0.6189402341842651 -0.2008177936077118 0.13727812469005585
vn -0.6244049668312073 -0.1527729034423828 0.16831184923648834
vn -0.6249732375144958 -0.1879490613937378 0.11344113945960999
vn -0.6186006665229797 -0.1556415855884552 0.19595958292484283
vn -0.6231647729873657 -0.18833252787590027 0.12792769074440002
vn -0.608992874622345 -0.1508684605360031 0.2406264692544937
vn -0.5899491310119629 -0.1556001603603363 0.30104008316993713
vn -0.5927588939666748 -0.07073419541120529 0.322931170463562
vn -0.5966435670852661 -0.07200856506824493 0.3120632469654083
vn -0.6124733090400696 0.0015788356540724635 0.2690284550189972
vn -0.6215028166770935 0.003181714564561844 0.23730860650539398
vn -0.6414481997489929 0.08619661629199982 0.1019427552819252
vn -0.6363182067871094 0.064790740609169 0.15281204879283905
vn -0.6405633687973022 0.05051475390791893 -0.14158563315868378
vn -0.6196537017822266 0.04433997720479965 0.23640531301498413
vn -0.6449540257453918 0.023221183568239212 0.1130020022392273
vn -0.6172873973846436 0.0241420716047287 0.24971294403076172
vn -0.6256628632545471 0.013514894060790539 0.21983981132507324
vn -0.5981549620628357 -0.0049754478968679905 0.31232357025146484
vn -0.6126686334609985 -0.007140752859413624 0.26894769072532654
vn -0.5835402607917786 -0.006385753396898508 0.34990522265434265
vn -0.5689748525619507 0.017936354503035545 0.38058459758758545
vn -0.575103759765625 0.01201230101287365 0.36789053678512573
vn -0.581725001335144 0.027803851291537285 0.3504456579685211
vn -0.5585082769393921 0.020392930135130882 0.40184181928634644
vn -0.54137122631073 0.07259728759527206 0.4237252473831177
vn -0.5317978858947754 0.02538016065955162 0.4500550329685211
vn -0.5135791301727295 0.06833986192941666 0.4712967872619629
vn -0.5117941498756409 0.025530045852065086 0.4820660352706909
vn -0.48914220929145813 0.06926479190587997 0.5066826939582825
vn -0.4462432861328125 0.07177500426769257 0.559624969959259
vn -0.6158803105354309 -0.24018721282482147 0.03984516113996506
vn -0.613646388053894 -0.23126329481601715 0.1135837733745575
vn -0.6184041500091553 -0.22318974137306213 0.08764443546533585
vn -0.6234396696090698 -0.21140728890895844 0.05933155491948128
vn -0.6090579628944397 -0.20533084869384766 0.1894380897283554
vn -0.6098263263702393 -0.1358710527420044 0.24691320955753326
vn -0.6136448383331299 -0.07326828688383102 0.25902050733566284
vn -0.619418203830719 -0.003171119838953018 0.24548585712909698
vn -0.6316287517547607 0.00635953014716506 0.19489285349845886
vn -0.6360858082771301 0.013090926222503185 0.17194321751594543
vn -0.6115362644195557 -0.0234107356518507 0.27281925082206726
vn -0.5817241668701172 -0.04576750099658966 0.35388073325157166
vn -0.5700433254241943 -0.013579543679952621 0.38088786602020264
vn -0.5680900812149048 0.0022047243546694517 0.38413676619529724
vn -0.5434901118278503 -0.0010672381613403559 0.43247637152671814
vn -0.5227792263031006 -0.007677949033677578 0.4681456685066223
vn -0.4659048020839691 0.01717529445886612 0.5455992817878723
vn -0.42299073934555054 0.06990869343280792 0.5851491093635559
vn -0.6411194801330566 -0.0517033189535141 0.1373893916606903
vn -0.6403738856315613 -0.04049593582749367 0.145785391330719
vn -0.614177405834198 -0.08828011900186539 0.252727746963501
vn -0.6155052781105042 -0.1557166576385498 0.21023572981357574
vn -0.591539740562439 -0.1418893039226532 0.3033769130706787
vn -0.5962840914726257 -0.25086063146591187 0.18811826407909393
vn -0.5700854063034058 -0.2755362391471863 0.26095399260520935
vn -0.5431262254714966 -0.3483680784702301 0.24726185202598572
vn -0.5533309578895569 -0.2824195623397827 0.30473676323890686
vn -0.5210704803466797 -0.37385740876197815 0.27620741724967957
vn -0.5351579785346985 -0.2712192237377167 0.3608188331127167
vn -0.5071022510528564 -0.38854777812957764 0.29262441396713257
vn -0.49969425797462463 -0.3799780011177063 0.3246128559112549
vn -0.5123069882392883 -0.38168400526046753 0.2890942096710205
vn -0.4831344783306122 -0.4035530984401703 0.33018553256988525
vn -0.5047160983085632 -0.3965516686439514 0.2860698699951172
vn -0.47727030515670776 -0.4264281094074249 0.308251291513443
vn 0.21096155047416687 -0.6908940672874451 0.014254521578550339
vn 0.14884990453720093 -0.667417049407959 -0.2139626294374466
vn -0.6325639486312866 -0.11498600244522095 0.15501755475997925
vn -0.6331371665000916 -0.1049884557723999 0.15920840203762054
vn -0.6256628632545471 -0.1662369817495346 0.1444900780916214
vn -0.6126523017883301 -0.2301519811153412 0.12498161196708679
vn -0.5764802694320679 -0.3065420687198639 0.18591062724590302
vn -0.5545920729637146 -0.3235745429992676 0.24757418036460876
vn -0.522851288318634 -0.3608209490776062 0.29139795899391174
vn -0.5106878876686096 -0.38282352685928345 0.2918245494365692
vn -0.509781002998352 -0.3734426498413086 0.3085021376609802
vn 0.17570073902606964 -0.7040093541145325 0.06432574987411499
vn -0.6309724450111389 -0.1642482727766037 0.1049850583076477
vn -0.6225340366363525 -0.21063804626464844 0.07815885543823242
vn -0.626110315322876 -0.20527581870555878 0.01721893437206745
vn -0.6290216445922852 -0.1918511837720871 -0.014611388556659222
vn -0.5553568601608276 -0.14934450387954712 -0.3664719760417938
vn -0.629621684551239 -0.18501369655132294 -0.03804464638233185
vn -0.5207919478416443 -0.14071178436279297 -0.43543994426727295
vn -0.6250343918800354 -0.20795464515686035 -0.010107975453138351
vn -0.48675331473350525 -0.16277514398097992 -0.478177011013031
vn -0.41758275032043457 -0.15651725232601166 -0.5649600028991699
vn -0.05041426420211792 -0.1887536346912384 -0.7385359406471252
vn -0.6237337589263916 -0.18224918842315674 0.1341298669576645
vn -0.6230637431144714 -0.2094494104385376 0.07496222108602524
vn -0.6195361018180847 -0.21724766492843628 0.09381358325481415
vn -0.6143583059310913 -0.2441764771938324 0.04930201545357704
vn -0.5546376705169678 -0.34114912152290344 0.21643219888210297
vn 0.029542207717895508 -0.5794357657432556 -0.4314480423927307
vn -0.5725642442703247 -0.335023432970047 0.13507257401943207
vn -0.5627144575119019 -0.3429442346096039 0.17415288090705872
vn -0.548389196395874 -0.3390448987483978 0.24445687234401703
vn -0.568775475025177 -0.34316328167915344 0.13522440195083618
vn -0.5583264827728271 -0.337665319442749 0.20759904384613037
vn -0.5643308758735657 -0.3370910882949829 0.18010197579860687
vn -0.5465878248214722 -0.3236168920993805 0.2742875814437866
vn -0.5615573525428772 -0.3188835382461548 0.229183167219162
vn -0.6184780597686768 -0.21400074660778046 0.1135118156671524
vn -0.639378011226654 -0.1407478004693985 -0.027010930702090263
vn -0.6283159852027893 -0.09523424506187439 -0.17673446238040924
vn -0.6072697043418884 -0.06709963828325272 -0.2713336646556854
vn -0.6160946488380432 -0.14506876468658447 -0.19390667974948883
vn -0.6309300065040588 -0.17182902991771698 -0.06261812895536423
vn -0.5878411531448364 -0.3027360737323761 0.12351609766483307
vn -0.5724650025367737 -0.3327844440937042 0.14313367009162903
vn -0.5687834024429321 -0.3442672789096832 0.13119767606258392
vn 0.10661201179027557 -0.6352488994598389 -0.31707626581192017
vn 0.09446109086275101 -0.6262895464897156 -0.3395967185497284
vn 0.08718916773796082 -0.6055343151092529 -0.37948495149612427
vn -0.6031801700592041 -0.276677668094635 -0.01271181832998991
vn -0.5889232158660889 -0.3141718804836273 0.03845048323273659
vn -0.5598287582397461 -0.3740830421447754 0.06100764498114586
vn -0.5106778144836426 -0.4484916031360626 -0.04747342690825462
vn 0.2973456382751465 -0.6124377250671387 0.2816734313964844
vn -0.34228935837745667 -0.5950443744659424 -0.1499052345752716
vn 0.49685731530189514 -0.3869098722934723 0.3217070996761322
vn -0.5843998789787292 -0.21917496621608734 -0.23982621729373932
vn -0.5888285636901855 -0.26819249987602234 -0.15569359064102173
vn -0.5426953434944153 -0.20899683237075806 -0.355975478887558
vn -0.12414760887622833 -0.23231446743011475 -0.7085520029067993
vn -0.19880519807338715 -0.2696930766105652 -0.6660149693489075
vn -0.362540066242218 -0.34616392850875854 -0.507962703704834
vn -0.00983047392219305 -0.6938523054122925 0.2987216114997864
vn 0.14635370671749115 -0.707942008972168 -0.03197326511144638
vn -0.299587219953537 -0.2301521748304367 -0.63193279504776
vn -0.6279606819152832 -0.10665558278560638 -0.17036126554012299
vn 0.012315705418586731 -0.6079075336456299 -0.38792285323143005
vn -0.4731755554676056 -0.41909709572792053 0.32978537678718567
vn -0.4669293463230133 -0.4021522104740143 0.3668787479400635
vn -0.4449506998062134 -0.3715370297431946 0.43929892778396606
vn -0.41424188017845154 -0.34298592805862427 0.5058475136756897
vn -0.3642384111881256 -0.2270418405532837 0.6186487078666687
vn -0.3817163109779358 -0.30726149678230286 0.5655069947242737
vn -0.3402067720890045 -0.2113216668367386 0.6436493396759033
vn -0.3252609968185425 -0.2958095669746399 0.6217712759971619
vn -0.2958311140537262 -0.19995367527008057 0.6783323884010315
vn -0.20237626135349274 -0.1994044929742813 0.7270998954772949
vn -0.2885875999927521 -0.14289133250713348 0.6951164603233337
vn -0.22370536625385284 -0.14593149721622467 0.7286826372146606
vn -0.2909272611141205 -0.09138158708810806 0.6998134255409241
vn -0.25889068841934204 -0.0933448001742363 0.7176914215087891
vn -0.2705017626285553 -0.04074424132704735 0.7131629586219788
vn -0.1961597353219986 -0.03935553878545761 0.7474008202552795
vn -0.17990735173225403 0.043947864323854446 0.746660590171814
vn -0.13814985752105713 -0.03884340822696686 0.7658699750900269
vn -0.10517694056034088 0.0651150569319725 0.7634666562080383
vn 0.015921948477625847 -0.03320138156414032 0.7832634449005127
vn 0.009834972210228443 0.08516556769609451 0.7699092626571655
vn 0.15131886303424835 0.08356600999832153 0.7488515973091125
vn 0.022107915952801704 0.16645249724388123 0.7481600642204285
vn 0.10936614125967026 0.16123203933238983 0.7389529347419739
vn 0.02703704871237278 0.1536596417427063 0.7519744038581848
vn 0.0793861374258995 0.1495375782251358 0.7479718327522278
vn -0.060251735150814056 -0.5849247574806213 -0.41902896761894226
vn -0.4809911549091339 -0.39285388588905334 0.3498872220516205
vn -0.4602328836917877 -0.3761589527130127 0.4095814526081085
vn -0.42935439944267273 -0.35171714425086975 0.4794394373893738
vn -0.367732971906662 -0.3527832329273224 0.5508553385734558
vn -0.23137828707695007 -0.29217496514320374 0.6829932928085327
vn -0.13232176005840302 -0.1995750367641449 0.7503283023834229
vn -0.14907893538475037 -0.15367057919502258 0.7548063397407532
vn -0.17818360030651093 -0.10109895467758179 0.7519168257713318
vn -0.11878834664821625 -0.11097516864538193 0.767919659614563
vn 0.04962824657559395 -0.1061369925737381 0.7792655825614929
vn 0.1853749305009842 -0.034283678978681564 0.7512599229812622
vn 0.13725988566875458 0.06278961896896362 0.7565630674362183
vn 0.09020353853702545 0.14393779635429382 0.7478991150856018
vn 0.07817050814628601 0.15295280516147614 0.7471157312393188
vn -0.2758716940879822 -0.3704204261302948 0.6154669523239136
vn -0.14940345287322998 -0.28899946808815 0.717362105846405
vn 0.014610898680984974 -0.29801613092422485 0.7362838983535767
vn -1.0276548458498704e-14 -0.2025081366300583 0.7665612101554871
vn 0.17450186610221863 -0.3009350299835205 0.7039371132850647
vn 0.1544961929321289 -0.19549429416656494 0.7450433969497681
vn 0.23727722465991974 -0.19506992399692535 0.7125253677368164
vn 0.10442174226045609 -0.14985041320323944 0.7662546634674072
vn 0.21127498149871826 -0.13704152405261993 0.7353849411010742
vn 0.20288148522377014 -0.09688887000083923 0.7431085109710693
vn 0.17957869172096252 -0.04523830488324165 0.7534536123275757
vn 0.2109874039888382 -0.0616648904979229 0.7415004968643188
vn 0.1743667721748352 0.0330079011619091 0.7500077486038208
vn 0.2974921464920044 -0.0643020048737526 0.6972335577011108
vn 0.27470189332962036 0.007598411291837692 0.7084682583808899
vn 0.34008944034576416 -0.013607795350253582 0.6680147647857666
vn 0.23449775576591492 0.08303019404411316 0.717805027961731
vn 0.3169781565666199 0.04483052343130112 0.678205132484436
vn 0.19954170286655426 0.15064947307109833 0.715239405632019
vn 0.28725481033325195 0.11806300282478333 0.6815055012702942
vn -0.1936819702386856 -0.37971094250679016 0.6552690267562866
vn -0.02183094248175621 -0.4156866669654846 0.6741293668746948
vn 0.1541428416967392 -0.4321686029434204 0.6357026696205139
vn 0.26004961133003235 -0.29659873247146606 0.6655248403549194
vn 0.3030184209346771 -0.19565638899803162 0.6748036742210388
vn 0.24877230823040009 -0.13771195709705353 0.7179943919181824
vn 0.21217097342014313 -0.09869068115949631 0.739197313785553
vn 0.24513374269008636 -0.10911984741687775 0.7233117818832397
vn 0.3152618110179901 -0.11505752801895142 0.6820117831230164
vn 0.36339521408081055 -0.07304078340530396 0.6500812768936157
vn 0.4005281925201416 -0.02627565898001194 0.6184364557266235
vn 0.3837392330169678 0.02050621248781681 0.6302827000617981
vn 0.3523409068584442 0.08662174642086029 0.6448206305503845
vn 0.2506692409515381 -0.4347211718559265 0.5851200222969055
vn 0.36018121242523193 -0.30011725425720215 0.5901170969009399
vn 0.45916372537612915 -0.2947063446044922 0.4796202480792999
vn 0.3859874904155731 -0.20189082622528076 0.6074419617652893
vn 0.5075185298919678 -0.2997501492500305 0.3949334919452667
vn 0.465796560049057 -0.2150476574897766 0.513012170791626
vn 0.47896310687065125 -0.2571910321712494 0.4734800159931183
vn 0.374983549118042 -0.1535492241382599 0.6299412846565247
vn 0.4250567853450775 -0.1767014116048813 0.5755518674850464
vn 0.38347214460372925 -0.11883223056793213 0.6285722851753235
vn 0.41230642795562744 -0.08075970411300659 0.6057811379432678
vn 0.4469914436340332 -0.08180450648069382 0.5688660144805908
vn 0.4349461495876312 -0.03260666877031326 0.5840906500816345
vn 0.4959794878959656 -0.08374236524105072 0.5062293410301208
vn 0.4828735589981079 -0.041321590542793274 0.5269347429275513
vn 0.5172298550605774 -0.03726912662386894 0.47757333517074585
vn 0.4697393476963043 -0.003610834712162614 0.5427426099777222
vn 0.5090919733047485 -0.0025670877657830715 0.4890289008617401
vn 0.4411366581916809 0.07147974520921707 0.5654193162918091
vn 0.4835716784000397 0.0566289909183979 0.5169342160224915
vn 0.37413761019706726 -0.4204581081867218 0.4879815876483917
vn 0.47179028391838074 -0.39066919684410095 0.3716922700405121
vn 0.49572116136550903 -0.4009227156639099 0.3033024072647095
vn 0.4933255910873413 -0.35649651288986206 0.36814191937446594
vn 0.48868271708488464 -0.28881165385246277 0.4376486539840698
vn 0.45323827862739563 -0.20073653757572174 0.5349287390708923
vn 0.4270264208316803 -0.12308165431022644 0.5855125784873962
vn 0.46718263626098633 -0.1314968764781952 0.5371930003166199
vn 0.518291711807251 -0.14562883973121643 0.4595392048358917
vn 0.5242350697517395 -0.08840235322713852 0.46229279041290283
vn 0.5362910628318787 -0.02970295026898384 0.44623836874961853
vn 0.5280826687812805 -0.01261549349874258 0.45975634455680847
vn 0.5019697546958923 0.04532559588551521 0.4935104250907898
vn 0.43205106258392334 -0.5230512022972107 0.21366725862026215
vn 0.46483007073402405 -0.44719159603118896 0.3026478886604309
vn 0.5101040005683899 -0.4202165901660919 0.22048918902873993
vn 0.531482458114624 -0.2758996784687042 0.3651221990585327
vn 0.5879396796226501 -0.2938704788684845 0.14875419437885284
vn 0.5647452473640442 -0.2667333781719208 0.28816521167755127
vn 0.5766188502311707 -0.2887139916419983 0.21776534616947174
vn 0.5395097136497498 -0.21641668677330017 0.3900567293167114
vn 0.5426310896873474 -0.24179597198963165 0.36685100197792053
vn 0.5310233235359192 -0.15303154289722443 0.4352010190486908
vn 0.545875608921051 -0.07877844572067261 0.42566654086112976
vn 0.5838049650192261 -0.07424928992986679 0.34533095359802246
vn 0.5598461627960205 -0.03414497151970863 0.40223637223243713
vn 0.6047548651695251 -0.08958324044942856 0.2838541567325592
vn 0.5742114186286926 -0.04438282921910286 0.37133580446243286
vn 0.6002574563026428 -0.045884668827056885 0.30566146969795227
vn 0.5584239959716797 -0.012132605537772179 0.404857873916626
vn 0.5860580205917358 0.002275628037750721 0.34320226311683655
vn 0.5475555658340454 0.05031333491206169 0.4177294075489044
vn 0.5685113668441772 0.0638175681233406 0.3724510371685028
vn 0.36396723985671997 -0.6018818616867065 0.12753625214099884
vn 0.4695703685283661 -0.5029722452163696 0.11056667566299438
vn 0.5974485874176025 -0.2923107445240021 0.05130288004875183
vn 0.6150708198547363 -0.2417784035205841 0.0503072589635849
vn 0.5725237727165222 -0.3339081108570099 0.13910406827926636
vn 0.5653782486915588 -0.25816643238067627 0.29508647322654724
vn 0.5566849708557129 -0.15511420369148254 0.38406941294670105
vn 0.6015089154243469 -0.14335648715496063 0.2717626094818115
vn 0.628392219543457 -0.1376933753490448 0.16009922325611115
vn 0.6180758476257324 -0.09322361648082733 0.2364320307970047
vn 0.6147862076759338 -0.033269163221120834 0.261564165353775
vn 0.5958973169326782 0.007331450469791889 0.31748247146606445
vn 0.5776926279067993 0.07386418431997299 0.34887373447418213
vn 0.630893886089325 -0.1731613576412201 -0.059412699192762375
vn 0.603598952293396 -0.2751924991607666 -0.01582733727991581
vn 0.5560505986213684 -0.3822920620441437 0.024629050865769386
vn 0.5613151788711548 -0.36627164483070374 0.10048209130764008
vn 0.49902671575546265 -0.4629155695438385 0.12735792994499207
vn 0.5543005466461182 -0.3771652281284332 0.1138380840420723
vn 0.5715746879577637 -0.3435325622558594 0.11001402884721756
vn 0.6128196120262146 -0.2254493683576584 0.13421984016895294
vn 0.626312255859375 -0.19354365766048431 0.08532460033893585
vn 0.6374523639678955 -0.1458909660577774 0.06821970641613007
vn 0.6343226432800293 -0.15153418481349945 0.09554154425859451
vn 0.6340510845184326 -0.16103388369083405 0.07673771679401398
vn 0.6351303458213806 -0.1525198072195053 0.08401644974946976
vn 0.6291944980621338 -0.17287610471248627 0.10505352169275284
vn 0.6249398589134216 -0.167545348405838 0.1475856453180313
vn 0.6245378851890564 -0.18568691611289978 0.12172067165374756
vn 0.611227810382843 -0.1806090921163559 0.20692366361618042
vn 0.6227644085884094 -0.1749938726425171 0.15173882246017456
vn 0.615922749042511 -0.1395113319158554 0.22059273719787598
vn 0.6266188025474548 -0.12785056233406067 0.17875899374485016
vn 0.6469759345054626 -0.06687009334564209 0.07523687183856964
vn 0.6516067385673523 -0.008619091473519802 -0.035601790994405746
vn 0.6276750564575195 -0.16409073770046234 -0.10829554498195648
vn 0.6031527519226074 -0.2783808410167694 0.031257081776857376
vn 0.516361653804779 -0.3898506164550781 0.2629779279232025
vn 0.491301953792572 -0.46264883875846863 0.17573276162147522
vn 0.5974485874176025 -0.2923107445240021 0.05130288004875183
vn 0.6352511644363403 -0.1639985889196396 0.04199201613664627
vn 0.638317883014679 -0.14553280174732208 0.05346459522843361
vn 0.637763500213623 -0.151468425989151 0.03977431729435921
vn 0.6366496086120605 -0.15863390266895294 0.029292574152350426
vn 0.6321492791175842 -0.17773443460464478 0.047423355281353
vn 0.6381098628044128 -0.15193460881710052 0.013374916277825832
vn 0.6443237066268921 -0.10544944554567337 0.05532681196928024
vn 0.6513626575469971 0.01175903994590044 -0.04210050404071808
vn 0.47045302391052246 -0.4191441535949707 0.3358427584171295
vn 0.5262675881385803 -0.4212990701198578 0.13429832458496094
vn 0.5655797123908997 -0.3634629249572754 0.05451522767543793
vn 0.6141777038574219 -0.24252325296401978 -0.028348587453365326
vn 0.5881673097610474 -0.31203773617744446 -0.03127239644527435
vn 0.6197767853736877 -0.21026398241519928 -0.07872957736253738
vn 0.6211531758308411 -0.19471578299999237 -0.10232379287481308
vn 0.6387163996696472 -0.14035522937774658 -0.04189710691571236
vn 0.637566864490509 -0.13046617805957794 -0.0791541263461113
vn 0.6382895708084106 -0.14697265625 -0.025858977809548378
vn 0.6356819272041321 -0.14969658851623535 -0.06086880341172218
vn 0.6338483691215515 -0.13983647525310516 -0.09812846034765244
vn 0.6365880966186523 -0.1367170214653015 -0.07801144570112228
vn 0.6333842277526855 -0.1567564755678177 -0.07135667651891708
vn 0.6367704272270203 -0.14346805214881897 -0.0620221272110939
vn 0.6353453397750854 -0.16575489938259125 0.018822161480784416
vn 0.6423903107643127 -0.09291897714138031 -0.08598021417856216
vn 0.6444186568260193 -0.11332328617572784 0.018306517973542213
vn 0.6462669372558594 0.009427404962480068 -0.10678631067276001
vn 0.6521470546722412 0.002372013172134757 -0.01970706693828106
vn 0.4863324761390686 -0.41317346692085266 0.3075787425041199
vn 0.530404806137085 -0.38765397667884827 0.21733790636062622
vn 0.5736295580863953 -0.343844473361969 0.08459010720252991
vn 0.5940988063812256 -0.29502150416374207 -0.04660530760884285
vn 0.6228026151657104 -0.1993860900402069 -0.07793381065130234
vn 0.6348366141319275 -0.12059525400400162 -0.11636222898960114
vn 0.6366799473762512 -0.1210596114397049 -0.10153459012508392
vn 0.6338521838188171 -0.11520225554704666 -0.12910373508930206
vn 0.632619321346283 -0.13035336136817932 -0.12045270204544067
vn 0.6308841705322266 -0.18294458091259003 -0.022142937406897545
vn 0.6333126425743103 -0.17382439970970154 0.03787315636873245
vn 0.6415679454803467 -0.11842792481184006 0.07228390127420425
vn 0.6505494117736816 0.011927463114261627 0.055787764489650726
vn 0.5798827409744263 -0.33109045028686523 0.07902960479259491
vn 0.5933876633644104 -0.302893728017807 -0.0013166582211852074
vn 0.596165120601654 -0.2965581715106964 0.008782221004366875
vn 0.6256626844406128 -0.1897972971200943 -0.0739143043756485
vn 0.5990372896194458 -0.28902244567871094 0.004498002585023642
vn 0.6296850442886353 -0.1713082492351532 -0.07745660096406937
vn 0.6300400495529175 -0.18828532099723816 -0.009364012628793716
vn 0.6346046924591064 -0.10908328741788864 -0.1302856206893921
vn 0.6385822296142578 -0.1255655437707901 -0.07709983736276627
vn 0.6332753896713257 -0.15270330011844635 -0.0809493362903595
vn 0.6298191547393799 -0.1864965558052063 -0.02738908678293228
vn 0.6294445991516113 -0.18197762966156006 -0.05181839317083359
vn 0.6343027949333191 -0.1625642031431198 -0.04368053004145622
vn 0.6236933469772339 -0.21225935220718384 0.04783700406551361
vn 0.6323211193084717 -0.1795119345188141 0.024280747398734093
vn 0.6095587015151978 -0.21388663351535797 0.1751285344362259
vn 0.6438096165657043 -0.1150854155421257 0.03631691634654999
vn 0.6218407154083252 -0.14426378905773163 0.18994568288326263
vn 0.6481215357780457 0.023914605379104614 0.08333881199359894
vn 0.6187422871589661 0.0017862232634797692 0.2475639134645462
vn 0.5792151093482971 -0.3320963978767395 0.082247793674469
vn 0.5818100571632385 -0.3264797031879425 0.08096236735582352
vn 0.5780640244483948 -0.3305637240409851 0.10463818907737732
vn 0.5955823659896851 -0.296146959066391 0.060739994049072266
vn 0.6308597326278687 -0.18582622706890106 0.025371955707669258
vn 0.6400600671768188 -0.13861814141273499 -0.018596209585666656
vn 0.6320785284042358 -0.16964052617549896 -0.05417313799262047
vn 0.6314563155174255 -0.182146817445755 -0.010543439537286758
vn 0.6181836724281311 -0.21865640580654144 0.10423651337623596
vn 0.597836971282959 -0.24720916152000427 0.18610669672489166
vn 0.5723329186439514 -0.23119795322418213 0.29972341656684875
vn 0.583930492401123 -0.15664395689964294 0.31754937767982483
vn 0.5726266503334045 -0.01112884096801281 0.37517249584198
vn 0.5706677436828613 -0.3385432958602905 0.1371610462665558
vn 0.5956196784973145 -0.29322463274002075 0.0803021565079689
vn 0.5857157111167908 -0.30212852358818054 0.14171814918518066
vn 0.6279421448707581 -0.18959933519363403 0.07588407397270203
vn 0.56608647108078 -0.3127683997154236 0.22147345542907715
vn 0.6121995449066162 -0.20994718372821808 0.16601133346557617
vn 0.5855057239532471 -0.2228444218635559 0.26602402329444885
vn 0.6196972131729126 -0.18747539818286896 0.153765007853508
vn 0.5932678580284119 -0.21052762866020203 0.2505401074886322
vn 0.5896186232566833 -0.24995045363903046 0.2201196551322937
vn 0.5619953870773315 -0.26919496059417725 0.2937858998775482
vn 0.5715783834457397 -0.26461702585220337 0.2689134478569031
vn 0.5710121989250183 -0.23230411112308502 0.3025975227355957
vn 0.5979723930358887 -0.2435508668422699 0.1911824345588684
vn 0.5996416211128235 -0.2154148817062378 0.2206023782491684
vn 0.6252995133399963 -0.1903371810913086 0.10509412735700607
vn 0.5914834141731262 -0.1443924754858017 0.30232763290405273
vn 0.6191909909248352 -0.12571769952774048 0.21566735208034515
vn 0.531001627445221 -0.016302788630127907 0.45503753423690796
vn 0.5393974184989929 -0.027438722550868988 0.4407973885536194
vn 0.5619468092918396 -0.34645065665245056 0.1691814512014389
vn 0.5422406196594238 -0.36012113094329834 0.22887933254241943
vn 0.5137724876403809 -0.3723994493484497 0.29939359426498413
vn 0.5314731001853943 -0.3203986585140228 0.321191668510437
vn 0.5662638545036316 -0.22338613867759705 0.32290884852409363
vn 0.5886400938034058 -0.21545813977718353 0.2622646987438202
vn 0.5715783834457397 -0.26461702585220337 0.2689134478569031
vn 0.5715783834457397 -0.26461702585220337 0.2689134478569031
vn 0.5862700343132019 -0.2536263167858124 0.2290094792842865
vn 0.6229121685028076 -0.21279624104499817 0.06245621666312218
vn 0.6367582678794861 -0.14212322235107422 -0.0652226060628891
vn 0.6460462212562561 -0.08919098228216171 0.0584021732211113
vn 0.5680640339851379 -0.026978617534041405 0.38532960414886475
vn 0.48298925161361694 -0.3809487819671631 0.3608960211277008
vn 0.5041283369064331 -0.3143545091152191 0.38881149888038635
vn 0.5092689394950867 -0.2987176775932312 0.3923620581626892
vn 0.5594658851623535 -0.21548183262348175 0.3458467423915863
vn 0.4952479600906372 -0.28953689336776733 0.4257987141609192
vn 0.5545343160629272 -0.2100856453180313 0.3610260784626007
vn 0.5894147753715515 -0.19308491051197052 0.2784988284111023
vn 0.5757032036781311 -0.22378340363502502 0.2961333394050598
vn 0.6189034581184387 -0.1851150095462799 0.16199500858783722
vn 0.6247398257255554 -0.20212972164154053 0.0780305415391922
vn 0.6295167803764343 -0.1658942550420761 -0.0902421697974205
vn 0.6154193878173828 -0.12611518800258636 -0.21192866563796997
vn 0.6240911483764648 -0.09978847950696945 -0.19348779320716858
vn 0.5783107280731201 -0.08130525052547455 -0.3449837267398834
vn 0.6005180478096008 -0.0702999010682106 -0.2906714081764221
vn 0.5689817070960999 -0.052034229040145874 -0.37439414858818054
vn 0.6219874620437622 -0.013311943039298058 -0.23430557548999786
vn 0.5893023014068604 0.000024086093617370352 -0.33531635999679565
vn 0.651235044002533 -0.0414358451962471 0.014619390480220318
vn 0.6029713153839111 0.019700687378644943 -0.29912978410720825
vn 0.6137381196022034 -0.00039632496191188693 -0.26495325565338135
vn 0.5905664563179016 -0.007339205592870712 -0.33145540952682495
vn 0.6174628734588623 -0.05042138695716858 -0.24259443581104279
vn 0.5883750319480896 -0.03553019464015961 -0.3328046202659607
vn 0.6246976852416992 -0.09365501254796982 -0.194620743393898
vn 0.592285692691803 -0.0723014548420906 -0.3129405975341797
vn 0.6285577416419983 -0.1219317838549614 -0.15438024699687958
vn 0.6221676468849182 -0.14612403512001038 -0.16452133655548096
vn 0.6376398801803589 -0.1465853601694107 -0.04074535518884659
vn 0.6332148909568787 -0.16610796749591827 -0.048928987234830856
vn 0.6479474902153015 -0.06284213066101074 0.06570547074079514
vn 0.6450514197349548 -0.08584940433502197 0.07848311960697174
vn 0.46380361914634705 -0.38375091552734375 0.3949807286262512
vn 0.45534008741378784 -0.3805038034915924 0.4134044945240021
vn 0.43097254633903503 -0.3757156431674957 0.456320583820343
vn 0.5225574970245361 -0.26874464750289917 0.3897581994533539
vn 0.6289299726486206 -0.16701197624206543 0.11854653060436249
vn 0.6401365399360657 -0.14079035818576813 0.014296556822955608
vn 0.6356819272041321 -0.14969658851623535 -0.06086880341172218
vn 0.6207749843597412 -0.09184404462575912 -0.2123357355594635
vn 0.5669283270835876 -0.03155714273452759 -0.3828977048397064
vn 0.5462608337402344 -0.0741657018661499 -0.41430190205574036
vn 0.5447134971618652 -0.048059698194265366 -0.4234526455402374
vn 0.546538770198822 -0.007365296594798565 -0.4262109398841858
vn 0.5608907341957092 0.015700064599514008 -0.40004777908325195
vn 0.5191376805305481 -0.01628192886710167 -0.4718697965145111
vn 0.522291362285614 -0.030291970819234848 -0.46499738097190857
vn 0.6230480670928955 -0.09708622097969055 -0.1997600942850113
vn 0.6294445991516113 -0.16453276574611664 -0.0934344083070755
vn 0.6307223439216614 -0.18617366254329681 -0.0009776619262993336
vn 0.640277624130249 -0.10412561893463135 0.10800956934690475
vn 0.4624241292476654 -0.3652641177177429 0.41697603464126587
vn 0.5872266292572021 -0.24500423669815063 0.23608793318271637
vn 0.62625652551651 -0.20434212684631348 0.028812462463974953
vn 0.636430025100708 -0.13399815559387207 -0.08439717441797256
vn 0.6177635788917542 -0.17054638266563416 -0.15979543328285217
vn 0.6069959998130798 -0.09423224627971649 -0.2609593868255615
vn 0.5888762474060059 -0.055159322917461395 -0.3269907236099243
vn 0.5816767811775208 -0.02199667878448963 -0.3514690697193146
vn 0.5212476849555969 0.022884178906679153 -0.4711831212043762
vn 0.520723819732666 -0.011535664089024067 -0.46988022327423096
vn 0.5196917653083801 -0.05852397531270981 -0.46394848823547363
vn 0.4917008578777313 -0.03290287032723427 -0.5100702047348022
vn 0.5363004803657532 -0.3387124538421631 0.2844144105911255
vn 0.5909916162490845 -0.2921704947948456 0.13154436647891998
vn 0.6146981716156006 -0.23974992334842682 -0.03468994051218033
vn 0.6193590760231018 -0.1557287871837616 -0.16854752600193024
vn 0.5851294994354248 -0.019572032615542412 -0.3435308039188385
vn 0.4771086275577545 0.04423492029309273 -0.5344203114509583
vn 0.48646560311317444 -0.01813390664756298 -0.5191442370414734
vn 0.480972021818161 -0.020449088886380196 -0.5261527895927429
vn 0.6197767853736877 -0.20355366170406342 -0.09473757445812225
vn 0.6333237290382385 -0.15405729413032532 -0.07775324583053589
vn 0.5976510643959045 -0.152393639087677 -0.25610852241516113
vn 0.5221534967422485 -0.0008651293464936316 -0.4685714840888977
vn 0.30101680755615234 -0.07452826201915741 -0.6833303570747375
vn 0.15335288643836975 0.01909223198890686 -0.7610502243041992
vn 0.11774308979511261 -0.02025526575744152 -0.7671023011207581
vn 0.36249443888664246 0.0359189435839653 -0.6515663862228394
vn 0.5300049185752869 -0.0006159666227176785 -0.4557569622993469
vn 0.6246204972267151 0.024085719138383865 -0.22587844729423523
vn 0.6522591710090637 -0.009706789627671242 0.009105400182306767
vn 0.6329598426818848 -0.014851084910333157 0.1896691471338272
vn 0.6219438910484314 0.006951157934963703 0.23526617884635925
vn 0.5717348456382751 -0.21866101026535034 0.3116466701030731
vn 0.5793861150741577 -0.10520794242620468 0.3491915166378021
vn 0.45206430554389954 -0.4149865210056305 0.37900590896606445
vn 0.48183250427246094 -0.31426575779914856 0.4298385977745056
vn 0.4167894721031189 -0.4995839297771454 0.31415995955467224
vn 0.5607706904411316 -0.17669470608234406 0.3653477728366852
vn 0.49599021673202515 -0.4743502140045166 0.011684795841574669
vn 0.6414549946784973 -0.012710354290902615 0.14262281358242035
vn 0.4064955711364746 -0.2267231047153473 -0.544130802154541
vn 0.6242623925209045 -0.19191668927669525 -0.08233118802309036
vn 0.5973140597343445 -0.15962527692317963 -0.2517939805984497
vn 0.48902416229248047 -0.05474457889795303 -0.5099528431892395
vn 0.1019299179315567 0.04470155015587807 -0.7740926742553711
vn 0.5677613019943237 -0.15737928450107574 -0.3343380391597748
vn 0.6420588493347168 -0.12907753884792328 0.00043744785943999887
vn 0.6440753936767578 -0.048778995871543884 0.11636591702699661
vn 0.5706097483634949 -0.29495424032211304 0.23237212002277374
vn 0.48196327686309814 -0.4453330934047699 0.2591966688632965
vn 0.37862592935562134 -0.5259386301040649 0.33824801445007324
vn 0.16184112429618835 -0.25391677021980286 -0.6877300143241882
vn -0.17346112430095673 -0.09654700756072998 -0.7392089366912842
vn -0.3870495557785034 -0.13302721083164215 -0.6029322743415833
vn 0.4120023548603058 0.058900319039821625 -0.6073247194290161
vn 0.4437333047389984 -0.016881417483091354 -0.5715005397796631
vn 0.5956996083259583 -0.10436834394931793 -0.29056504368782043
vn 0.6062809824943542 -0.2505951225757599 -0.08810828626155853
vn 0.5939157605171204 -0.15301306545734406 -0.2673593759536743
vn 0.5983415246009827 -0.27563783526420593 -0.07979380339384079
vn 0.5508524179458618 -0.311559796333313 -0.2301318347454071
vn 0.5465908646583557 -0.39171966910362244 0.11130623519420624
vn 0.5372594594955444 -0.4138982594013214 0.004020061809569597
vn 0.45238083600997925 -0.5005971193313599 0.21327948570251465
vn 0.12933248281478882 -0.3575926721096039 -0.636902928352356
vn 0.5049362778663635 0.02231566794216633 -0.4961111843585968
vn 0.5745466351509094 -0.0836232379078865 -0.3529646098613739
vn 0.576982855796814 -0.12719836831092834 -0.32883015275001526
vn 0.4734848439693451 -0.2718096673488617 -0.43184998631477356
vn -0.11769871413707733 -0.1427217423915863 -0.7428269982337952
vn 0.04309040680527687 -0.19885382056236267 -0.7354460954666138
vn 0.10041738301515579 -0.30708321928977966 -0.6758943796157837
vn 0.5375763773918152 -0.2532314956188202 -0.3312455117702484
vn 0.4849565029144287 -0.44832897186279297 -0.17475950717926025
vn 0.4380580484867096 -0.4131670296192169 -0.3433418273925781
vn -0.348527193069458 -0.27517855167388916 -0.570850133895874
vn 0.011065159924328327 -0.6772577166557312 0.3455529808998108
vn -0.1788850873708725 -0.6290944218635559 0.38343584537506104
vn -0.3983873128890991 -0.5788918137550354 0.03640997037291527
vn 0.5182393789291382 -0.08153480291366577 -0.46057677268981934
vn 0.5341588258743286 -0.051592178642749786 -0.4414673149585724
vn 0.11360537260770798 -0.7131167054176331 0.15975990891456604
vn 0.5808658003807068 -0.10438963025808334 -0.32994475960731506
vn 0.6089680194854736 -0.1801609843969345 -0.1899913251399994
vn 0.6092188954353333 -0.24937096238136292 -0.06502240151166916
vn -0.1097746193408966 -0.19900566339492798 -0.7255707383155823
vn -0.13439232110977173 -0.5918293595314026 -0.38490089774131775
vn 0.045520126819610596 -0.723647952079773 -0.04214154928922653
vn 0.5870725512504578 -0.31800979375839233 0.047897063195705414
vn 0.018476486206054688 -0.08480069041252136 -0.7697563171386719
vn 0.11652631312608719 -0.126922145485878 -0.7475113272666931
vn 0.5587230920791626 -0.36416250467300415 0.13353359699249268
vn 0.5347389578819275 -0.39157119393348694 0.18844032287597656
vn 0.49173545837402344 -0.4190535545349121 0.2830274701118469
vn 0.26335829496383667 -0.08240416646003723 -0.7035439610481262
vn 0.21768304705619812 -0.09485732764005661 -0.7227628231048584
vn 0.4770797789096832 -0.42179620265960693 0.3163844347000122
vn 0.299270898103714 -0.12972259521484375 -0.6708294153213501
vn 0.299847811460495 -0.15106716752052307 -0.6637893915176392
vn 0.4828284680843353 -0.4152648448944092 0.31293079257011414
vn 0.49994146823883057 -0.4044773578643799 0.28594693541526794
vn 0.512069821357727 -0.3899942636489868 0.2759352922439575
vn 0.30542537569999695 -0.16420447826385498 -0.6556578874588013
vn 0.3000922203063965 -0.17216366529464722 -0.6562327742576599
vn 0.5116482377052307 -0.3805200159549713 0.29279014468193054
vn 0.30549412965774536 -0.18518541753292084 -0.6477175354957581
vn 0.3248787224292755 -0.24666061997413635 -0.6058096289634705
vn 0.5371622443199158 -0.37036046385765076 0.22796212136745453
vn 0.5573837161064148 -0.35884901881217957 0.16047659516334534
vn 0.5715746879577637 -0.3435325622558594 0.11001402884721756
vn 0.2146606743335724 -0.2654583752155304 -0.6613480448722839
vn 0.3022848963737488 -0.23795369267463684 -0.6263107657432556
vn 0.5754300951957703 -0.33432459831237793 0.11387389153242111
vn 0.17726929485797882 -0.2755574882030487 -0.6713545322418213
vn 0.17640388011932373 -0.3319598138332367 -0.6385033130645752
vn 0.5754300951957703 -0.33432459831237793 0.11387389153242111
vn 0.5761606097221375 -0.3351792097091675 0.10270343720912933
vn 0.5716425776481628 -0.3395395576953888 0.1260359138250351
vn 0.10779839009046555 -0.46473976969718933 -0.5542506575584412
vn 0.15329748392105103 -0.4135306477546692 -0.5865973830223083
vn 0.5675899982452393 -0.34240156412124634 0.14620323479175568
vn 0.0774017944931984 -0.5232160091400146 -0.4983997344970703
vn 0.09814775735139847 -0.5460832715034485 -0.4648860991001129
vn 0.5247579216957092 -0.36457541584968567 0.2800983190536499
vn 0.48233771324157715 -0.36265116930007935 0.38343706727027893
vn 0.4767440855503082 -0.34599119424819946 0.41080912947654724
vn 0.17627650499343872 -0.6085265278816223 -0.3321506679058075
vn 0.12244917452335358 -0.5906893610954285 -0.39185065031051636
vn 0.5303483009338379 -0.30562588572502136 0.34009429812431335
vn 0.1999926120042801 -0.6044216752052307 -0.322928786277771
vn 0.192732572555542 -0.5936926603317261 -0.3483983874320984
vn 0.6211631298065186 -0.22193673253059387 0.043780367821455
vn 0.6190813779830933 -0.17739877104759216 -0.14392615854740143
vn 0.6150323152542114 -0.22315631806850433 -0.08789798617362976
vn -0.04427395761013031 -0.6728628873825073 -0.250066876411438
vn 0.09564670920372009 -0.5989846587181091 -0.38790029287338257
vn 0.572201669216156 -0.3504834771156311 0.04897626116871834
vn -0.1040482446551323 -0.7184979319572449 -0.018552564084529877
vn -0.1766725480556488 -0.7020694017410278 0.10567781329154968
vn 0.44202977418899536 -0.5326361060142517 0.11897397041320801
vn 0.28035396337509155 -0.6601228713989258 0.04469110444188118
vn 0.34664374589920044 -0.6188838481903076 0.07242752611637115
vn -0.18805739283561707 -0.6699479818344116 -0.1663636416196823
vn -0.22599665820598602 -0.6848697662353516 0.013254628516733646
vn 0.47376686334609985 -0.47777482867240906 0.20302940905094147
vn -0.0895979106426239 -0.6393920183181763 -0.31505483388900757
vn 0.003694976679980755 -0.5781728625297546 -0.43458980321884155
vn 0.4493899941444397 -0.4727829098701477 0.29192033410072327
vn 0.3474713861942291 -0.521895170211792 0.3950439393520355
vn 0.22198732197284698 -0.5517309308052063 0.4804288148880005
vn -0.09694371372461319 -0.6110311150550842 -0.36687472462654114
vn -0.04429341107606888 -0.5785641670227051 -0.43108266592025757
vn 0.12860645353794098 -0.5542214512825012 0.5280656218528748
vn -0.09688788652420044 -0.6093258857727051 -0.36989185214042664
vn -0.07002739608287811 -0.6059174537658691 -0.3833683431148529
vn -0.06184304133057594 -0.5277789235115051 0.5759427547454834
vn -0.22503536939620972 -0.48607420921325684 0.5548553466796875
vn -0.2957896888256073 -0.47896167635917664 0.5088048577308655
vn -0.007385777309536934 -0.638001024723053 -0.3332522213459015
vn -0.049195174127817154 -0.626568615436554 -0.35095420479774475
vn -0.3880240321159363 -0.43622058629989624 0.45424869656562805
vn 0.019693942740559578 -0.628163754940033 -0.35162287950515747
vn -0.011076467111706734 -0.6234211921691895 -0.3608601987361908
vn -0.4511012136936188 -0.4031209945678711 0.39544084668159485
vn -0.050451572984457016 -0.609542965888977 -0.3811653256416321
vn 0.5372569561004639 -0.011769761331379414 0.44415760040283203
vn 0.5696244239807129 -0.15469536185264587 0.35499414801597595
vn 0.6327053904533386 -0.08462999761104584 -0.16112841665744781
vn 0.5969814658164978 0.033116042613983154 0.3106943368911743
vn 0.6260600686073303 0.03974223509430885 0.2125539779663086
vn 0.6341338753700256 -0.04612414166331291 0.18022362887859344
vn 0.6476315855979919 -0.04182904586195946 0.08573376387357712
vn 0.6491498351097107 -0.06717424839735031 0.03389774635434151
vn 0.6326859593391418 0.14470604062080383 0.10016971826553345
vn 0.6401365399360657 0.08851204812526703 0.11041724681854248
vn 0.6195493936538696 -0.020652608945965767 0.24536123871803284
vn 0.6432040333747864 -0.04442594200372696 -0.1181526929140091
vn 0.6394574046134949 -0.12137354910373688 0.09336283057928085
vn 0.6269775032997131 -0.1999184936285019 0.04557204991579056
vn 0.6345208287239075 -0.1572498232126236 -0.05650670826435089
vn 0.6116196513175964 -0.22584572434425354 -0.10784605145454407
vn 0.6322508454322815 -0.17679162323474884 -0.02332090027630329
vn 0.6465756297111511 -0.0947539359331131 0.029843170195817947
vn 0.6455252766609192 -0.10088972002267838 -0.02535366639494896
vn 0.6387645602226257 -0.07700624316930771 0.1415558159351349
vn 0.6378799676895142 -0.08831164985895157 0.14050188660621643
vn 0.6299285888671875 -0.03760566562414169 0.20205473899841309
vn 0.6362724900245667 -0.07252240180969238 -0.14860036969184875
vn 0.6444824934005737 -0.0883510634303093 -0.06902442872524261
vn 0.6172564029693604 -0.19483743607997894 -0.12870314717292786
vn 0.22407658398151398 -0.6476631760597229 0.29293182492256165
vn -0.5674541592597961 -0.3537127673625946 0.10214731097221375
vn 0.20923985540866852 -0.689787745475769 0.11747867614030838
vn 0.1737191528081894 -0.6879989504814148 -0.11087948828935623
vn 0.5757032036781311 -0.22378340363502502 0.2961333394050598
vn -0.06179215759038925 -0.1602613776922226 0.7713274955749512
vn -0.5183362364768982 -0.35718169808387756 0.3089633882045746
vn 0.08709431439638138 -0.7227948307991028 0.000882126740179956
vn -0.5481561422348022 -0.3342513144016266 0.2531794309616089
vn 0.0246176365762949 -0.7252416610717773 -0.039225053042173386
vn 0.04793795943260193 -0.710667610168457 -0.1203819215297699
vn -0.5706857442855835 -0.34184661507606506 0.12506882846355438
vn -0.5340616703033447 -0.3803209066390991 -0.16130785644054413
vn -0.6034052968025208 -0.1880357414484024 -0.2044748067855835
vn -0.5875425934791565 -0.2858682870864868 0.1699012666940689
vn -0.6159807443618774 -0.2407001107931137 0.02102893590927124
vn -0.6086425185203552 -0.2527836859226227 0.09725449979305267
vn -0.6466284394264221 -0.008115718141198158 0.1036020815372467
vn -0.6512147784233093 -0.015603962354362011 0.044246938079595566
vn -0.6482668519020081 -0.026638789102435112 0.08462326228618622
vn -0.6196542382240295 0.009321242570877075 0.2435002475976944
vn -0.6267131567001343 0.01232418417930603 0.21569257974624634
vn -0.5731536746025085 0.06896994262933731 0.3607671856880188
vn -0.6025445461273193 0.0764239951968193 0.2824552357196808
vn -0.5420088768005371 0.1443120837211609 0.3958202600479126
vn -0.5706555843353271 0.15411768853664398 0.32939133048057556
vn -0.6030257940292358 0.016135431826114655 0.2964974343776703
vn -0.6172753572463989 0.01168388593941927 0.2517128884792328
vn -0.5500404834747314 0.0586678609251976 0.4111730456352234
vn -0.5272335410118103 0.12358760088682175 0.43164393305778503
vn -0.5495520830154419 0.05492914095520973 0.41296613216400146
vn -0.5489639639854431 0.10825462639331818 0.3979610204696655
vn -0.5640907883644104 0.04686907306313515 0.3859126567840576
vn -0.574454665184021 0.0929177775979042 0.3498515486717224
vn -0.574325442314148 0.07966114580631256 0.3547992706298828
vn -0.5864730477333069 0.15956664085388184 0.28470689058303833
vn -0.6187458634376526 0.07653278857469559 0.22797611355781555
vn -0.6329030990600586 0.015295338816940784 0.18761438131332397
vn -0.6336758136749268 -0.03612230345606804 0.1844162791967392
vn -0.6427640914916992 -0.028905851766467094 0.132124125957489
vn -0.6462589502334595 -0.09841760993003845 0.024554787203669548
vn -0.6497340798377991 -0.024972008541226387 0.06659604609012604
vn -0.6456825137138367 -0.10339085012674332 0.02247007004916668
vn -0.6429147124290466 -0.033909231424331665 0.13002677261829376
vn -0.630043089389801 -0.10147279500961304 0.17892231047153473
vn -0.6206988096237183 -0.0843895897269249 0.22941206395626068
vn -0.5929004549980164 0.15897245705127716 0.26619753241539
vn -0.6268150210380554 0.07239832729101181 0.19680413603782654
vn -0.6384218335151672 0.022205974906682968 0.15725930035114288
vn -0.643258810043335 0.02032557688653469 0.1267201155424118
vn -0.6374348998069763 0.013271098956465721 0.1646258533000946
vn -0.6303187608718872 -0.0313122496008873 0.2010488361120224
vn -0.638816773891449 -0.07450201362371445 0.14260555803775787
vn -0.630856454372406 0.06795991212129593 0.18014566600322723
vn -0.6270009875297546 0.058602552860975266 0.2020864635705948
vn -0.6240459680557251 0.05579173192381859 0.2156142145395279
vn -0.6028779149055481 0.12335295230150223 0.25858232378959656
vn -0.6007065176963806 0.11559566855430603 0.2699146866798401
vn -0.5994053483009338 0.14742214977741241 0.25402453541755676
vn -0.6026196479797363 0.13796263933181763 0.25005921721458435
vn 0.4599249064922333 0.047752123326063156 -0.5556955933570862
vn -0.6415396332740784 -0.10264574736356735 0.09750081598758698
vn -0.6372857689857483 -0.03957904875278473 0.16461172699928284
vn -0.6465880274772644 -0.09365851432085037 0.03405363857746124
vn -0.6396265625953674 -0.04263049736618996 -0.14352275431156158
vn 0.13234664499759674 0.1214446872472763 0.7452152371406555
vn 0.1140993982553482 0.15986423194408417 0.7383795976638794
vn 0.30196258425712585 -0.13936640322208405 0.6873502731323242
vn -0.6229254603385925 0.1652984619140625 -0.16306129097938538
vn -0.636982798576355 0.09157385677099228 0.13043470680713654
vn -0.6376414895057678 0.09944076091051102 0.11874831467866898
vn -0.6009624004364014 0.007465797942131758 0.30347299575805664
vn -0.6276500225067139 0.10154309868812561 0.17566126585006714
vn -0.613882839679718 0.03140261396765709 0.2599787414073944
vn -0.627269983291626 0.032335735857486725 0.20944926142692566
vn -0.6185116767883301 -0.07192914932966232 0.24178920686244965
vn -0.6426620483398438 -0.0527498759329319 0.1258387416601181
vn -0.6380245685577393 -0.13380256295204163 0.08815274387598038
vn -0.618649959564209 -0.19966323673725128 0.14139772951602936
vn -0.6252046823501587 0.20721031725406647 -0.04251541197299957
vn -0.6264653205871582 0.20374970138072968 -0.006638785824179649
vn -0.6254954934120178 0.19511479139328003 0.061088282614946365
vn -0.6113893985748291 0.10561541467905045 0.24016718566417694
vn -0.6406012177467346 -0.06053534895181656 0.13738512992858887
vn -0.6310399770736694 -0.1483997404575348 0.13001970946788788
vn -0.5977611541748047 -0.18202534317970276 0.2590237259864807
vn -0.6144865155220032 0.19141001999378204 0.14979951083660126
vn 0.41856807470321655 0.0037744136061519384 0.5993411540985107
vn 0.3909609615802765 0.07853609323501587 0.6142126321792603
vn 0.5205633640289307 0.040560055524110794 0.46609359979629517
vn 0.5442630052566528 -0.017857713624835014 0.4319302439689636
vn -0.3175877034664154 -0.15033742785453796 0.6750998497009277
vn -0.3567036986351013 -0.14381492137908936 0.6471527218818665
vn -0.41076841950416565 -0.11646038293838501 0.6032703518867493
vn -0.43563875555992126 -0.054156430065631866 0.5831377506256104
vn -0.4616175591945648 -0.03888995200395584 0.5537880063056946
vn -0.4463752210140228 -0.030008085072040558 0.5714849233627319
vn -0.4602328836917877 -0.028340691700577736 0.555382490158081
vn -0.44279745221138 -0.01496716309338808 0.5750172138214111
vn -0.4548848271369934 -0.014350117184221745 0.5612471699714661
vn -0.4429607689380646 0.013109101913869381 0.5727577209472656
vn -0.4714043140411377 -0.014088504947721958 0.541263222694397
vn -0.31234127283096313 -0.09018103033304214 0.6863853931427002
vn -0.3836285173892975 -0.08148244768381119 0.632466733455658
vn -0.3959895074367523 -0.028342250734567642 0.6226862668991089
vn -0.39147549867630005 -0.013772000558674335 0.62624192237854
vn -0.44096171855926514 0.011915824376046658 0.5750851035118103
vn -0.32196885347366333 -0.030632853507995605 0.681466281414032
vn -0.32930538058280945 -0.007196937687695026 0.6753684282302856
vn -0.31665289402008057 0.03666100278496742 0.679600179195404
vn -0.2721376121044159 0.0631023496389389 0.7025102972984314
vn -0.25322675704956055 0.13061481714248657 0.6969021558761597
vn -0.218331977725029 0.09442463517189026 0.7225814461708069
vn -0.19081105291843414 0.14854475855827332 0.7192521691322327
vn -0.14185623824596405 0.12766551971435547 0.7410779595375061
vn -0.11881612241268158 0.15843862295150757 0.7377820014953613
vn -0.03927737474441528 0.1588670313358307 0.7495948672294617
vn -0.29472118616104126 -0.03995504230260849 0.6991738080978394
vn -0.2942637503147125 0.0024145361967384815 0.6975411772727966
vn -0.2567709982395172 0.017863798886537552 0.7170678377151489
vn -0.056381527334451675 0.15047259628772736 0.7506384253501892
vn 0.5000231266021729 -0.21215660870075226 0.4640296697616577
vn -0.2957100570201874 0.11431550234556198 0.677370548248291
vn -0.386168897151947 0.021410899236798286 0.6280501484870911
vn -0.35880839824676514 0.09524929523468018 0.6376862525939941
vn -0.4194198250770569 0.07113970816135406 0.588535726070404
vn -0.4752393960952759 -0.03144986927509308 0.5368878245353699
vn -0.4764365553855896 -0.04208271577954292 0.5353224873542786
vn -0.4919869601726532 -0.10511627048254013 0.5088996291160583
vn -0.5367602705955505 -0.11506729573011398 0.43566009402275085
vn -0.571973979473114 -0.12482815980911255 0.3609241545200348
vn -0.5284613966941833 -0.020981652662158012 0.4594135880470276
vn -0.5289310812950134 -0.0377836711704731 0.45867207646369934
vn -0.5626558661460876 -0.040371958166360855 0.3963271379470825
vn -0.5544312596321106 -0.024180229753255844 0.41298744082450867
vn 0.5959396958351135 -0.2461494654417038 0.19716067612171173
vn -0.6346046924591064 -0.16938023269176483 0.013557213358581066
vn -0.5898196697235107 -0.08184807747602463 0.3285454511642456
vn 0.6412259340286255 -0.10810184478759766 -0.07730370759963989
vn 0.6401697993278503 -0.06300084292888641 -0.12967714667320251
vn 0.6442423462867737 -0.020564641803503036 -0.1193585991859436
vn 0.6509158611297607 0.04180600866675377 -0.02950519323348999
vn 0.6496561169624329 0.06641692668199539 -0.004147632978856564
vn 0.6510833501815796 -0.036800090223550797 0.0316036120057106
vn 0.6522093415260315 0.0010297640692442656 -0.0165063738822937
vn 0.6258484721183777 -0.13782992959022522 0.17457576096057892
vn 0.6328786015510559 -0.14086739718914032 0.1258312314748764
vn 0.6316326856613159 -0.12746822834014893 0.14978516101837158
vn 0.6286343932151794 -0.10156537592411041 0.1861504465341568
vn 0.6333895921707153 -0.11117524653673172 0.15295502543449402
vn 0.6311394572257996 -0.0726502388715744 0.18736448884010315
vn 0.6287691593170166 -0.06653556227684021 0.2008345127105713
vn 0.606539249420166 -0.03838781267404556 0.2877769470214844
vn 0.5706632137298584 0.0046630483120679855 0.3784100115299225
vn 0.5222256779670715 0.0006325881113298237 0.46847400069236755
vn 0.5193237662315369 0.08838380873203278 0.45688989758491516
vn 0.5076017379760742 0.008044249378144741 0.49037665128707886
vn 0.5212936997413635 0.11508505046367645 0.4448809027671814
vn 0.559059202671051 0.036006420850753784 0.3983060121536255
vn 0.5475766062736511 0.1399938315153122 0.38706257939338684
vn 0.5697199106216431 0.15278474986553192 0.33241209387779236
vn 0.6021211743354797 -0.08206312358379364 0.29397907853126526
vn 0.564785897731781 -0.052691809833049774 0.39116281270980835
vn 0.533748209476471 -0.05977047234773636 0.44945546984672546
vn 0.5734038949012756 -0.03944788873195648 0.37340447306632996
vn 0.5993563532829285 0.05538145825266838 0.2987253963947296
vn 0.5824585556983948 0.15642774105072021 0.29792487621307373
vn 0.5891500115394592 -0.09058428555727005 0.32829394936561584
vn 0.6055932641029358 -0.08332499116659164 0.2829820215702057
vn 0.6248344779014587 -0.07298566401004791 0.21622048318386078
vn 0.644103467464447 -0.10912982374429703 0.05004405975341797
vn 0.643230140209198 -0.11767900735139847 0.042718540877103806
vn 0.6489683985710144 -0.07312771677970886 0.02013370394706726
vn 0.6468349695205688 -0.09116604924201965 0.035098444670438766
vn 0.6389816403388977 -0.14484964311122894 -0.017448481172323227
vn 0.5835907459259033 -0.31447651982307434 0.11859464645385742
vn 0.5529587864875793 0.08001227676868439 0.39980587363243103
vn -0.5902682542800903 0.0792890414595604 0.31586968898773193
vn -0.5958313941955566 0.08717136830091476 0.2977437376976013
vn -0.5761792659759521 0.07862731069326401 0.35087037086486816
vn -0.5238539576530457 0.17984439432621002 0.4107149541378021
vn -0.48078304529190063 0.1610286682844162 0.4873417019844055
vn -0.5443625450134277 0.2152499556541443 0.34784311056137085
vn -0.5431047081947327 0.2018798440694809 0.36013567447662354
vn -0.6451671123504639 0.10781023651361465 0.0019220260437577963
vn -0.5403194427490234 0.16999681293964386 0.3856697380542755
vn -0.5956311225891113 0.0834604948759079 0.299772709608078
vn -0.46128615736961365 0.16447649896144867 0.5115960836410522
vn -0.4367780387401581 0.15379436314105988 0.545244574546814
vn -0.5298603773117065 0.06301886588335037 0.44625723361968994
vn -0.5498768091201782 0.07405698299407959 0.4074990749359131
vn -0.5949351787567139 -0.008726685307919979 0.32123762369155884
vn -0.6014833450317383 -0.009922409430146217 0.3032287061214447
vn -0.591612696647644 -0.012476686388254166 0.33009639382362366
vn -0.6092367768287659 -0.09458043426275253 0.2677411437034607
vn 0.6339983940124512 -0.10645359009504318 -0.13667210936546326
vn -0.6338019371032715 -0.14068610966205597 0.11854716390371323
vn -0.6307939291000366 -0.18282747268676758 0.05273639038205147
vn -0.6314179301261902 -0.12996232509613037 0.14873966574668884
vn -0.6372225880622864 -0.10952732712030411 0.127923384308815
vn 0.6365454792976379 -0.15766669809818268 0.040912192314863205
vn 0.6487499475479126 0.01646118424832821 -0.08140421658754349
vn 0.6446671485900879 -0.09106238186359406 -0.06263654679059982
vn 0.6513168215751648 0.029009830206632614 0.029098592698574066
vn 0.645641565322876 -0.10400740802288055 -0.004087828565388918
vn -0.6426399350166321 -0.0026012358721345663 -0.13418608903884888
vn -0.6489049792289734 0.010110845789313316 -0.08032093942165375
vn -0.6520723700523376 -0.003714218270033598 0.02290738746523857
vn -0.6036201119422913 -0.033497992902994156 0.29685965180397034
vn -0.6436049938201904 -0.023750703781843185 0.1268574595451355
vn -0.6030516028404236 -0.062121693044900894 0.29536569118499756
vn -0.6255824565887451 -0.06919664144515991 0.2141999751329422
vn -0.6370768547058105 -0.034577056765556335 0.16670849919319153
vn -0.6504915952682495 -0.007098723668605089 0.05908065289258957
vn -0.6502801179885864 0.008441999554634094 -0.06227143481373787
vn -0.6474201679229736 0.00795653834939003 -0.09619460999965668
vn -0.6494356393814087 0.02130337618291378 -0.07188230007886887
vn -0.6496967673301697 0.03498834744095802 -0.062397319823503494
vn -0.6476189494132996 0.08792682737112045 -0.006412849295884371
vn -0.6495401859283447 0.029423417523503304 0.06312184780836105
vn -0.6418184638023376 0.09402024745941162 0.0902000293135643
vn -0.6294355392456055 0.017482349649071693 0.20322291553020477
vn -0.6188504099845886 0.08024715632200241 0.22586561739444733
vn -0.6358617544174194 -0.014589963480830193 0.1750868409872055
vn -0.6474816799163818 -0.021789249032735825 0.09413419663906097
vn -0.6504833698272705 -0.052982281893491745 0.021061163395643234
vn -0.6428203582763672 -0.017555883154273033 0.13316941261291504
vn -0.6457124352455139 -0.05348718538880348 0.09950623661279678
vn -0.621737539768219 -0.0230499729514122 0.23715288937091827
vn -0.6014791131019592 -0.07207455486059189 0.2981661558151245
vn -0.6281603574752808 -0.07783705741167068 0.199724018573761
vn -0.6322200298309326 -0.024928372353315353 0.19276857376098633
vn -0.62896329164505 0.0011937364470213652 0.2073747217655182
vn -0.6333194971084595 -0.0022169826552271843 0.18762652575969696
vn -0.6331679821014404 -0.00857107900083065 0.18863412737846375
vn -0.6193105578422546 0.018030373379588127 0.24353298544883728
vn -0.6025445461273193 0.0764239951968193 0.2824552357196808
vn -0.6378676891326904 -0.024427905678749084 0.1635959893465042
vn -0.6336904168128967 0.001567372353747487 0.18553809821605682
vn -0.6359708905220032 0.0005440566455945373 0.17406392097473145
vn -0.6258630752563477 0.04595540463924408 0.2114909440279007
vn -0.6328059434890747 0.0027649174444377422 0.18971487879753113
vn -0.6253926753997803 0.038456957787275314 0.21567896008491516
vn -0.6020609140396118 0.10345405340194702 0.2720920145511627
vn -0.625926673412323 0.02976212278008461 0.2156941443681717
vn -0.6245353817939758 0.027186386287212372 0.2219226360321045
vn -0.6048338413238525 0.093849778175354 0.26806601881980896
vn -0.6045700907707214 0.08644411712884903 0.2722111642360687
vn 0.18689993023872375 -0.6101469397544861 -0.3215761184692383
vn 0.12360016256570816 -0.5922731161117554 -0.38880205154418945
vn 0.6461495161056519 0.08250081539154053 0.055284690111875534
vn 0.640211820602417 0.09175372123718262 -0.12060076743364334
vn 0.6207973957061768 0.18923458456993103 0.11507487297058105
vn 0.6207813620567322 0.22456946969032288 -0.009131280705332756
vn 0.6225080490112305 0.2146626114845276 0.027927521616220474
vn 0.6151996850967407 0.2365579903125763 -0.07835888117551804
vn 0.6273992657661438 0.1948672980070114 0.03465617448091507
vn 0.615659236907959 0.22618618607521057 -0.10840383172035217
vn 0.6318444013595581 0.18187163770198822 -0.015809794887900352
vn 0.635633111000061 0.16258756816387177 -0.038849424570798874
vn 0.6459891200065613 0.07979540526866913 0.061676058918237686
vn 0.648385763168335 0.049597326666116714 0.0640612468123436
vn 0.6350268125534058 -0.00461310800164938 0.17926901578903198
vn 0.6436049938201904 -0.023750703781843185 0.1268574595451355
vn 0.627697765827179 -0.0578230619430542 0.2081136405467987
vn 0.6411383748054504 -0.05671168863773346 0.13528993725776672
vn 0.6493111848831177 0.01022359635680914 0.0738484337925911
vn 0.6504558324813843 -0.05340738222002983 -0.01297726295888424
vn 0.6495208740234375 0.0010942958761006594 -0.0728553906083107
vn 0.6249463558197021 -0.051022689789533615 -0.21361508965492249
vn 0.6067215204238892 -0.03359568119049072 -0.28244951367378235
vn 0.47595134377479553 -0.08171730488538742 -0.5212594866752625
vn 0.42171308398246765 -0.03897889703512192 -0.592052161693573
vn -0.05284595862030983 -0.20389868319034576 -0.7326160669326782
vn 0.33723682165145874 0.0918361023068428 -0.6689415574073792
vn -0.0756845772266388 -0.0506967194378376 -0.7707628607749939
vn 0.34020447731018066 0.32518470287323 -0.59392911195755
vn -0.15927079319953918 0.32016414403915405 -0.700714647769928
vn -0.16691987216472626 0.6785992383956909 -0.2627086937427521
vn -0.5902107954025269 0.028438523411750793 -0.333778440952301
vn -0.6377494931221008 0.14392562210559845 0.04715745151042938
vn -0.6365959048271179 -0.1557987481355667 -0.02579810470342636
vn -0.6338019371032715 -0.14068610966205597 0.11854716390371323
vn -0.6043668389320374 0.11857922375202179 0.25658124685287476
vn -0.05655400827527046 0.6824660301208496 0.22027096152305603
vn 0.4533692002296448 0.4624284505844116 -0.3024335503578186
vn 0.5243931412696838 0.24516648054122925 -0.4026949107646942
vn 0.5460246205329895 0.1730717569589615 -0.3988146483898163
vn 0.5875040292739868 0.07055908441543579 -0.33668825030326843
vn 0.6333550214767456 0.11990883201360703 -0.14563025534152985
vn 0.6430134177207947 0.12230440974235535 -0.025795523077249527
vn 0.6419404149055481 -0.01140633039176464 0.13945971429347992
vn 0.6156953573226929 -0.03198348730802536 0.25853392481803894
vn 0.6341202259063721 0.04434267804026604 0.17394962906837463
vn 0.641115665435791 0.10674024373292923 0.08049428462982178
vn 0.6360645294189453 0.130071222782135 0.09403499215841293
vn 0.6329609751701355 0.1700686812400818 0.039301879703998566
vn 0.6227788329124451 0.19401025772094727 0.09073709696531296
vn 0.5989196300506592 0.1388797163963318 0.2614348828792572
vn 0.6168146729469299 0.076409250497818 0.23524802923202515
vn 0.2586149275302887 -0.6000716090202332 -0.276006817817688
vn 0.6372758150100708 0.09296578913927078 0.12727463245391846
vn 0.633142352104187 0.14998655021190643 0.08733682334423065
vn 0.6043668389320374 0.11857922375202179 0.25658124685287476
vn 0.5573970079421997 0.04691941291093826 0.399505615234375
vn 0.5520848631858826 0.07282643765211105 0.4035938084125519
vn 0.5089250802993774 -0.00846028421074152 0.4896496534347534
vn 0.5025098323822021 0.022138232365250587 0.4962846636772156
vn 0.4678420126438141 -0.004768646787852049 0.5451700091362
vn 0.5024377107620239 0.027954911813139915 0.4956132173538208
vn 0.4811500906944275 0.01437289547175169 0.5266098976135254
vn 0.37823039293289185 -0.5677408576011658 -0.14968529343605042
vn 0.5372569561004639 -0.3084651827812195 0.31978660821914673
vn 0.612036406993866 0.06105991452932358 0.2579478919506073
vn 0.6105407476425171 0.09325970709323883 0.2496197372674942
vn 0.5694114565849304 0.039750732481479645 0.3761006295681
vn 0.5328327417373657 -0.00921496469527483 0.4516359567642212
vn 0.4518985152244568 -0.05200677737593651 0.5650248527526855
vn 0.4641016125679016 0.004478766582906246 0.5490463972091675
vn 0.517482578754425 0.03244972229003906 0.4722919762134552
vn 0.5390850901603699 -0.22140386700630188 0.3879661560058594
vn 0.5816364288330078 0.03397589549422264 0.3495687246322632
vn 0.5817152857780457 0.015625394880771637 0.35224950313568115
vn 0.5783972144126892 -0.01734662428498268 0.36239784955978394
vn 0.6269646286964417 0.003583781886845827 0.21567681431770325
vn 0.643438994884491 0.038172535598278046 0.11926942318677902
vn 0.6277106404304504 -0.04153570905327797 0.2113141268491745
vn 0.6316326856613159 -0.017441226169466972 0.1959071010351181
vn 0.6170014142990112 -0.08448716998100281 0.243658185005188
vn 0.6104546785354614 -0.072038933634758 0.27014562487602234
vn 0.616687536239624 -0.07448277622461319 0.2478518933057785
vn 0.6382783055305481 -0.07330238074064255 0.14679357409477234
vn 0.6347887516021729 -0.09486415982246399 0.1561286598443985
vn 0.6476146578788757 -0.062182772904634476 -0.06181634962558746
vn 0.6452848315238953 -0.1037445217370987 0.037324003875255585
vn 0.6390190124511719 -0.09206020087003708 -0.11565447598695755
vn 0.643541157245636 -0.040085166692733765 0.12372542172670364
vn 0.6471118330955505 -0.005897271912544966 -0.09826197475194931
vn 0.5345017313957214 0.10769234597682953 0.42498084902763367
vn 0.608404815196991 0.18898001313209534 0.18248602747917175
vn 0.2321440726518631 0.2659408748149872 0.6528121829032898
vn 0.248033344745636 0.41178542375564575 0.5422846078872681
vn -0.2822815477848053 0.31028276681900024 0.5982754826545715
vn 0.24017122387886047 0.5421057343482971 0.39739131927490234
vn -0.3501877784729004 0.3473871052265167 0.5186861753463745
vn 0.18936429917812347 0.6328514814376831 0.2709297239780426
vn -0.3953837454319 0.3799564838409424 0.4419057071208954
vn -0.41186973452568054 0.4018559455871582 0.3971783518791199
vn -0.5443625450134277 0.2152499556541443 0.34784311056137085
vn -0.540298581123352 0.21337127685546875 0.3578091859817505
vn 0.6093111634254456 -0.023402880877256393 0.2799234688282013
vn 0.6216771006584167 -0.005552190355956554 0.237265482544899
vn 0.6339256763458252 -0.06744746118783951 0.17494511604309082
vn 0.6295201778411865 -0.09526687860488892 0.18515938520431519
vn 0.6180419921875 -0.061926908791065216 0.24598202109336853
vn 0.6148055195808411 -0.044517941772937775 0.2604127824306488
vn 0.6138738393783569 -0.04579991102218628 0.2634339928627014
vn 0.6253817081451416 -0.045408945530653 0.2205580323934555
vn 0.5028025507926941 0.06372495740652084 0.48858416080474854
vn 0.24604663252830505 0.1566157341003418 0.6925261616706848
vn -0.20189230144023895 0.268320769071579 0.6654397249221802
vn -0.48078304529190063 0.1610286682844162 0.4873417019844055
vn -0.5238539576530457 0.17984439432621002 0.4107149541378021
vn -0.5431047081947327 0.2018798440694809 0.36013567447662354
vn 0.6324991583824158 -0.08507773280143738 0.17486292123794556
vn 0.630412757396698 -0.08396227657794952 0.18626248836517334
vn 0.6217794418334961 -0.045568257570266724 0.23491691052913666
vn 0.6234795451164246 -0.03172554075717926 0.22990739345550537
vn 0.6277106404304504 -0.04153570905327797 0.2113141268491745
vn 0.6333194971084595 -0.0022169826552271843 0.18762652575969696
vn 0.6391340494155884 -0.024321582168340683 0.15626037120819092
vn 0.6478734612464905 0.02255847491323948 0.0865202248096466
vn 0.6453779339790344 -0.04479973390698433 0.10687309503555298
vn 0.64879310131073 0.013917659409344196 0.07914821803569794
vn 0.6509158611297607 -0.04180600866675377 0.02950519323348999
vn 0.6516261100769043 0.016312923282384872 0.03130251169204712
vn 0.6461660265922546 0.03713154047727585 -0.10263480991125107
vn 0.6383150815963745 0.11307867616415024 -0.11535962671041489
vn 0.6182946562767029 0.12702475488185883 -0.2186938226222992
vn 0.5883006453514099 0.31475862860679626 -0.05293821915984154
vn 0.568647563457489 0.34565988183021545 -0.12704472243785858
vn 0.044291719794273376 0.6691038012504578 0.25977852940559387
vn 0.05410030484199524 0.6708670854568481 0.2529922127723694
vn -0.5200802087783813 0.27546390891075134 0.3478233516216278
vn 0.05409203842282295 0.6721073985099792 0.24975019693374634
vn -0.512169599533081 0.2844078540802002 0.3551950752735138
vn 0.05290967971086502 0.6746468544006348 0.2432927042245865
vn -0.5163468718528748 0.2914811968803406 0.3400038182735443
vn -0.5129069089889526 0.293841153383255 0.34463292360305786
vn -0.6020609140396118 0.10345405340194702 0.2720920145511627
vn -0.6007065176963806 0.11559566855430603 0.2699146866798401
vn 0.6231769919395447 -0.07555612921714783 0.22234638035297394
vn 0.6245245337486267 -0.06298115849494934 0.22041423618793488
vn 0.6192142963409424 -0.026835227385163307 0.2463640421628952
vn 0.6263670325279236 0.021050740033388138 0.21569852530956268
vn 0.6427253484725952 0.035517558455467224 0.12562666833400726
vn 0.6437233686447144 0.09329799562692642 0.07109812647104263
vn 0.6452048420906067 0.08339843899011612 0.06694835424423218
vn 0.6471510529518127 0.09131959825754166 0.006291251163929701
vn 0.6027669906616211 0.2713005840778351 0.051669444888830185
vn 0.029548346996307373 0.6647639274597168 0.2730143368244171
vn -0.548732578754425 0.27814826369285583 0.27935704588890076
vn -0.6025445461273193 0.0764239951968193 0.2824552357196808
vn -0.6045700907707214 0.08644411712884903 0.2722111642360687
vn -0.6048338413238525 0.093849778175354 0.26806601881980896
vn 0.620557427406311 -0.03060797043144703 0.24118807911872864
vn 0.6291944980621338 0.046290650963783264 0.19692547619342804
vn 0.6360975503921509 0.11708733439445496 0.11113788932561874
vn 0.6369842290878296 0.15466143190860748 0.021561460569500923
vn 0.6264864802360535 0.20383106172084808 -0.014086472801864147
vn 0.6311242580413818 0.182632714509964 -0.045370057225227356
vn 0.6182518005371094 0.22782431542873383 -0.0709545835852623
vn 0.6223890781402588 0.1992623507976532 -0.11236625164747238
vn 0.6031296253204346 0.2527749240398407 -0.14445917308330536
vn 0.575677216053009 0.26831957697868347 -0.25037893652915955
vn 0.5376085638999939 0.4100722670555115 -0.09288998693227768
vn 0.6299542784690857 -0.026316462084650993 0.20314300060272217
vn 0.6435096859931946 0.06998384743928909 0.09889917820692062
vn 0.6455745697021484 0.09955508261919022 0.028557874262332916
vn 0.6062567830085754 0.1994267702102661 -0.20967869460582733
vn 0.49685731530189514 -0.3869098722934723 0.3217070996761322
vn 0.5743423104286194 0.0700777992606163 0.357754647731781
vn 0.2973456382751465 -0.6124377250671387 0.2816734313964844
vn 0.6146277189254761 0.10849878937005997 0.226684108376503
vn 0.6367339491844177 0.14748600125312805 0.05241383984684944
vn 0.5958181023597717 0.2911657691001892 -0.08847340941429138
vn 0.5603341460227966 0.3082098066806793 -0.2506399154663086
vn 0.4951847195625305 0.3594561219215393 -0.36086323857307434
vn 0.44551539421081543 0.3533093333244324 -0.4550546109676361
vn 0.5676623582839966 0.26822707056999207 -0.277503103017807
vn 0.4886578917503357 0.28895172476768494 -0.43758994340896606
vn 0.6296477317810059 0.14739468693733215 -0.1414322406053543
vn 0.506928563117981 0.2874123156070709 -0.40608394145965576
vn 0.6073477268218994 0.18577411770820618 -0.21893832087516785
vn 0.532111406326294 0.27985885739326477 -0.36033445596694946
vn 0.5976967811584473 0.20564867556095123 -0.23869039118289948
vn 0.5983181595802307 0.21314768493175507 -0.22856196761131287
vn 0.633599579334259 0.12358400970697403 -0.14042215049266815
vn 0.637330949306488 0.11940909177064896 -0.11640088260173798
vn 0.6399241089820862 0.027978528290987015 -0.15103253722190857
vn 0.6359376907348633 0.02587907947599888 -0.17403289675712585
vn 0.6322696805000305 -0.04673110321164131 -0.18234987556934357
vn 0.6027547717094421 -0.040950123220682144 -0.2926759719848633
vn 0.6005180478096008 -0.0702999010682106 -0.2906714081764221
vn 0.5837574005126953 -0.042591653764247894 -0.34274962544441223
vn 0.5833053588867188 -0.05490332469344139 -0.34092557430267334
vn 0.5878456234931946 -0.05383874475955963 -0.329956591129303
vn 0.5601503849029541 -0.04349963366985321 -0.3946898281574249
vn 0.5584698915481567 -0.05416540801525116 -0.3957713544368744
vn 0.553520143032074 0.02776220068335533 -0.4147608280181885
vn 0.5389562249183655 0.03325813636183739 -0.4415573477745056
vn 0.5476900339126587 0.30062663555145264 -0.30037951469421387
vn 0.5086416006088257 0.33975017070770264 -0.35385873913764954
vn 0.12243788689374924 0.6874096989631653 0.1699536293745041
vn 0.045520126819610596 0.723647952079773 0.04214154928922653
vn -0.4374929368495941 0.42800742387771606 0.32365643978118896
vn -0.029557252302765846 0.7284751534461975 -0.11118187755346298
vn -0.4848731756210327 0.43617483973503113 0.2035403847694397
vn -0.10886082798242569 0.7039179801940918 -0.2194930613040924
vn -0.5319513082504272 0.4041411876678467 0.10360069572925568
vn -0.5628744959831238 0.36890125274658203 -0.004424003418534994
vn -0.6144865155220032 0.19141001999378204 0.14979951083660126
vn -0.6254954934120178 0.19511479139328003 0.061088282614946365
vn 0.5080853700637817 0.06145001947879791 0.481257826089859
vn 0.5870299935340881 0.18010832369327545 0.2677261531352997
vn 0.5970681309700012 0.19429875910282135 0.22197622060775757
vn 0.6159811019897461 0.12736569344997406 0.2087518274784088
vn 0.6256231069564819 0.02600141055881977 0.21777378022670746
vn 0.6468349695205688 0.09116604924201965 -0.035098444670438766
vn 0.6372119784355164 0.11568479984998703 -0.12165378034114838
vn 0.6472275853157043 0.028136059641838074 -0.09520980715751648
vn 0.6157826781272888 0.01448441855609417 -0.2587154507637024
vn 0.5814197659492493 0.02589998207986355 -0.35540878772735596
vn 0.591697633266449 0.2548019289970398 -0.20409181714057922
vn -0.5563188195228577 0.2047962248325348 0.3290543556213379
vn -0.5890964269638062 0.19792619347572327 0.24572895467281342
vn 0.4192062318325043 -0.05081240087747574 0.6003868579864502
vn 0.45376288890838623 -0.08947019279003143 0.5602541565895081
vn 0.5641711950302124 -0.05878009274601936 0.3919096291065216
vn 0.4015938639640808 -0.07970565557479858 0.6162112951278687
vn 0.4136061370372772 -0.11782493442296982 0.6002321839332581
vn 0.48271477222442627 -0.06366720050573349 0.526274561882019
vn 0.5741612315177917 0.34613871574401855 0.000855903432238847
vn 0.5873334407806396 0.3114473521709442 0.04599553719162941
vn 0.592077910900116 0.29095545411109924 0.08245410025119781
vn -0.00984810572117567 0.6283918023109436 0.3517184853553772
vn -0.014770349487662315 0.6528556942939758 0.30189573764801025
vn -0.6218637824058533 0.14973992109298706 0.1622989922761917
vn -0.6241908669471741 0.18786852061748505 0.09192649275064468
vn -0.6513345837593079 -0.040099162608385086 0.01141776330769062
vn -0.6516629457473755 0.011581523343920708 -0.034655943512916565
vn -0.6504331231117249 0.050643954426050186 -0.029558612033724785
vn -0.617927610874176 0.22162583470344543 0.06467593461275101
vn -0.009851505048573017 0.6679898500442505 0.26683861017227173
vn 0.6025800108909607 0.24780167639255524 0.12081338465213776
vn 0.6026836037635803 0.2518711984157562 0.11122757196426392
vn 0.6026950478553772 0.2532181441783905 0.10802798718214035
vn -0.6491682529449463 0.07063218951225281 -0.021179797127842903
vn -0.6095409989356995 0.24650411307811737 0.07134264707565308
vn 0.004924482200294733 0.671881914138794 0.2571801245212555
vn 0.014776554889976978 0.6678953170776367 0.2667989432811737
vn -0.5987873077392578 0.26778465509414673 0.09907758980989456
vn -0.5820736289024353 0.2788797616958618 0.16769081354141235
vn -0.6188504099845886 0.08024715632200241 0.22586561739444733
vn -0.6476189494132996 0.08792682737112045 -0.006412849295884371
vn -0.6418184638023376 0.09402024745941162 0.0902000293135643
vn 0.47560539841651917 0.3386867940425873 -0.41960158944129944
vn 0.5536687970161438 0.3069927990436554 -0.27461910247802734
vn 0.6183745265007019 0.17051902413368225 -0.18253912031650543
vn 0.5927405953407288 0.1669653356075287 -0.28602346777915955
vn 0.10661201179027557 -0.6352488994598389 -0.31707626581192017
vn 0.6046906113624573 0.15841540694236755 -0.251505047082901
vn 0.09446109086275101 -0.6262895464897156 -0.3395967185497284
vn 0.609443724155426 0.15711933374404907 -0.23448099195957184
vn 0.08718916773796082 -0.6055343151092529 -0.37948495149612427
vn 0.029542207717895508 -0.5794357657432556 -0.4314480423927307
vn 0.4943687617778778 0.3284648358821869 -0.3948136270046234
vn 0.5270807147026062 0.30805492401123047 -0.34537777304649353
vn 0.5732702016830444 0.2853109836578369 -0.23641444742679596
vn 0.5868037939071655 0.274212509393692 -0.19595515727996826
vn 0.5640026330947876 0.15435312688350677 -0.36822083592414856
vn 0.004924299195408821 -0.6008201837539673 -0.3998070955276489
vn 0.5522555112838745 0.304430216550827 -0.28233039379119873
vn 0.5592016577720642 0.27163684368133545 -0.2993837893009186
vn 0.5682175755500793 0.29385867714881897 -0.2430838644504547
vn 0.5753580927848816 0.2611309289932251 -0.26020652055740356
vn 0.573036789894104 0.2671285569667816 -0.2610889673233032
vn 0.6095255613327026 0.20668433606624603 -0.1853015273809433
vn 0.6139278411865234 0.20389893651008606 -0.16494739055633545
vn 0.6408981084823608 0.11376133561134338 -0.08912613987922668
vn 0.6311935782432556 0.012453879229724407 -0.19799773395061493
vn 0.6384167075157166 -0.003304258920252323 -0.1604478806257248
vn 0.6290563941001892 -0.007456297520548105 -0.20634382963180542
vn 0.5889623761177063 -0.07447244226932526 -0.32095158100128174
vn 0.6009624004364014 -0.007465797942131758 -0.30347299575805664
vn 0.5596027970314026 -0.08054473996162415 -0.38634538650512695
vn 0.5333542227745056 -0.08801154792308807 -0.4335320293903351
vn 0.5371292233467102 -0.05385398864746094 -0.4358254671096802
vn 0.5101675391197205 -0.05137180536985397 -0.4802238941192627
vn 0.5348715782165527 0.04755159839987755 -0.4482758045196533
vn 0.4879252016544342 0.36372658610343933 -0.37110966444015503
vn 0.45405110716819763 0.3999663293361664 -0.39391398429870605
vn 0.4184389114379883 0.4231615364551544 -0.4257734417915344
vn -0.18487213551998138 0.6559233665466309 -0.3146209418773651
vn 0.2978743612766266 0.4221612513065338 -0.5611547231674194
vn -0.2632756531238556 0.5754073858261108 -0.40841934084892273
vn -0.34362727403640747 0.45776933431625366 -0.4841674268245697
vn -0.56535804271698 0.36132264137268066 -0.08089042454957962
vn -0.566287636756897 0.3415694534778595 -0.15716180205345154
vn -0.6264653205871582 0.20374970138072968 -0.006638785824179649
vn -0.5608124136924744 0.28397810459136963 -0.28093641996383667
vn -0.3979635238647461 0.3248661160469055 -0.5375391840934753
vn 0.08581752330064774 0.3646920621395111 -0.6973963975906372
vn 0.5444095134735107 0.10689262300729752 -0.42340078949928284
vn 0.5799893140792847 0.07776671648025513 -0.3539814054965973
vn 0.5641524195671082 0.058657821267843246 -0.39196088910102844
vn 0.5607771277427673 -0.06251605600118637 -0.3890610933303833
vn 0.5562262535095215 -0.10313234478235245 -0.3854801058769226
vn 0.5779983997344971 -0.006014829035848379 -0.36195895075798035
vn 0.6165045499801636 0.1433008462190628 -0.2154402732849121
vn 0.6351430416107178 0.12832871079444885 -0.1237272322177887
vn 0.6419625878334045 0.11714503914117813 -0.06909415870904922
vn 0.614547848701477 0.20990292727947235 -0.15160423517227173
vn 0.5706202983856201 0.2732854187488556 -0.2618975043296814
vn 0.5374303460121155 0.31233805418014526 -0.3149465024471283
vn -0.09214122593402863 0.2864533066749573 -0.7324867844581604
vn 0.4398287832736969 0.12801550328731537 -0.5706242918968201
vn 0.5563421845436096 -0.03375116363167763 -0.4040885865688324
vn 0.5704089999198914 -0.04723794013261795 -0.37238359451293945
vn 0.5435137748718262 -0.09066931903362274 -0.41446277499198914
vn 0.552581787109375 -0.09927339106798172 -0.39419621229171753
vn 0.5549291372299194 -0.00862190593034029 -0.4102432429790497
vn 0.5651127099990845 -0.10584288090467453 -0.36577433347702026
vn 0.5781176686286926 -0.012033142149448395 -0.3610573709011078
vn 0.5694515705108643 -0.009715021587908268 -0.3805277347564697
vn 0.583742618560791 0.1616785228252411 -0.3154389560222626
vn 0.558822751045227 0.26794975996017456 -0.3042283356189728
vn 0.5970191359519958 0.23773999512195587 -0.20421102643013
vn 0.541531503200531 0.3015018403530121 -0.3162637948989868
vn 0.5630345344543457 0.2877037823200226 -0.2693386971950531
vn 0.5049362778663635 0.3381182551383972 -0.36373069882392883
vn 0.5732584595680237 0.2744835615158081 -0.2512056827545166
vn 0.49165886640548706 0.33809927105903625 -0.39077499508857727
vn 0.5094665288925171 0.3274679183959961 -0.3651421368122101
vn 0.5289799571037292 0.2945571541786194 -0.35417309403419495
vn 0.30851438641548157 0.12676255404949188 -0.684982180595398
vn 0.5270956754684448 -0.027845922857522964 -0.4575473666191101
vn 0.5762271881103516 -0.09214526414871216 -0.34601420164108276
vn 0.5422091484069824 -0.009909645654261112 -0.4338191747665405
vn 0.5609213709831238 0.17171034216880798 -0.3674371540546417
vn 0.5772587060928345 0.16764645278453827 -0.32970118522644043
vn 0.5679097771644592 0.17088882625102997 -0.3514890670776367
vn 0.5486831665039062 0.2761315107345581 -0.3236651122570038
vn 0.5372024178504944 0.30866917967796326 -0.31970110535621643
vn 0.4926975965499878 0.34948426485061646 -0.37707987427711487
vn 0.40690094232559204 0.2794158458709717 -0.5542389154434204
vn 0.3951283395290375 0.28852149844169617 -0.562055230140686
vn 0.4782271683216095 0.2989284098148346 -0.447599858045578
vn 0.530131995677948 0.13799196481704712 -0.44150543212890625
vn 0.6047475934028625 -0.03735940903425217 -0.2876015901565552
vn 0.5763704180717468 0.1538163274526596 -0.3388287425041199
vn 0.5938369631767273 0.23778851330280304 -0.21823284029960632
vn 0.5643649101257324 0.2632308602333069 -0.29296353459358215
vn 0.5790284276008606 0.28296637535095215 -0.21671050786972046
vn 0.5644068717956543 0.290216863155365 -0.26155731081962585
vn 0.5650515556335449 0.31065553426742554 -0.22921471297740936
vn 0.5447315573692322 0.3030114769935608 -0.30590513348579407
vn 0.5223386287689209 0.34202131628990173 -0.31850042939186096
vn 0.4701605439186096 0.361679345369339 -0.40710344910621643
vn 0.42665809392929077 0.27167409658432007 -0.5357405543327332
vn 0.44916993379592896 0.030915740877389908 -0.568331778049469
vn 0.3991360068321228 0.05334625393152237 -0.6197879910469055
vn -0.07496602088212967 -0.5472719669342041 -0.4690024256706238
vn -0.11142215132713318 -0.4785829484462738 -0.5394065976142883
vn 0.6245233416557312 0.11304745078086853 -0.19942708313465118
vn 0.6117309927940369 0.22099952399730682 -0.15056613087654114
vn 0.5833053588867188 0.28159695863723755 -0.19986890256404877
vn 0.5223657488822937 0.34563812613487244 -0.3138023018836975
vn 0.5764138102531433 0.2400629073381424 -0.27920621633529663
vn 0.5157018899917603 0.27325382828712463 -0.40002205967903137
vn 0.31651514768600464 0.25850072503089905 -0.6448343396186829
vn 0.35865485668182373 -0.0211799293756485 -0.6510284543037415
vn -0.04430468752980232 -0.4731045365333557 -0.5577570796012878
vn 0.6113470792770386 0.11710098385810852 -0.25125616788864136
vn 0.5905321836471558 -0.03797398880124092 -0.3268198072910309
vn 0.5746042728424072 -0.09687749296426773 -0.34799790382385254
vn 0.5237716436386108 -0.03727743402123451 -0.4615009129047394
vn 0.5571357011795044 -0.05304462090134621 -0.39869096875190735
vn 0.4435531198978424 0.055752042680978775 -0.5743883848190308
vn 0.6207749843597412 -0.09184404462575912 -0.2123357355594635
vn 0.6296703219413757 -0.027605600655078888 -0.20012778043746948
vn 0.6392681002616882 -0.11657417565584183 -0.08461654186248779
vn 0.6412683129310608 -0.07587515562772751 -0.11261831969022751
vn 0.6119962334632874 -0.061236459761857986 -0.25802189111709595
vn 0.6218763589859009 -0.03202064335346222 -0.23124121129512787
vn 0.5997636318206787 -0.043222539126873016 -0.30075106024742126
vn 0.5861696004867554 -0.008482418023049831 -0.34234634041786194
vn 0.5989963412284851 -0.011235903948545456 -0.30857858061790466
vn 0.6099211573600769 0.028371602296829224 -0.27784064412117004
vn 0.577258825302124 0.03572345897555351 -0.36486274003982544
vn 0.5862769484519958 0.0717373713850975 -0.3395979404449463
vn 0.545601487159729 0.056636881083250046 -0.4285579025745392
vn 0.5634564757347107 0.0759434625506401 -0.39128896594047546
vn 0.5356721878051758 0.08046115189790726 -0.44391945004463196
vn 0.5419313311576843 0.08700010925531387 -0.43173947930336
vn 0.5086910724639893 0.08696597069501877 -0.4871242344379425
vn 0.557991623878479 0.17399762570858002 -0.37293708324432373
vn 0.5282676815986633 0.1802169531583786 -0.4299209415912628
vn 0.25414028763771057 0.6048521995544434 0.27048447728157043
vn 0.2586890161037445 0.6136655807495117 0.2440665364265442
vn -0.3666518032550812 0.21341951191425323 0.5888127088546753
vn -0.3503364026546478 0.21174317598342896 0.6033267378807068
vn -0.42299073934555054 0.06990869343280792 0.5851491093635559
vn -0.34878289699554443 0.2165530025959015 0.6023190021514893
vn -0.4194198250770569 0.07113970816135406 0.588535726070404
vn -0.3048749566078186 0.2360389530658722 0.6255081295967102
vn -0.35880839824676514 0.09524929523468018 0.6376862525939941
vn -0.2957100570201874 0.11431550234556198 0.677370548248291
vn -0.26871049404144287 0.24800361692905426 0.6423596143722534
vn 0.16663549840450287 0.7022083401679993 0.033154331147670746
vn 0.22548401355743408 0.6597878336906433 0.15092216432094574
vn 0.25283458828926086 0.629593551158905 0.20937258005142212
vn 0.5072667598724365 0.17797090113162994 -0.46672993898391724
vn 0.48664402961730957 0.08870773762464523 -0.5186591148376465
vn 0.5078412294387817 0.09299336373806 -0.48758190870285034
vn 0.5125100016593933 0.03448475897312164 -0.48489436507225037
vn 0.514896810054779 0.021457239985466003 -0.4811103940010071
vn 0.5588312745094299 -0.00005990897989249788 -0.4033317267894745
vn 0.5423095226287842 -0.021761467680335045 -0.4322456419467926
vn 0.5577883720397949 0.02417992614209652 -0.40641358494758606
vn 0.6223890781402588 -0.059575244784355164 -0.22086772322654724
vn 0.6388017535209656 -0.13097898662090302 -0.06431518495082855
vn 0.6181083917617798 -0.11647897213697433 -0.20788928866386414
vn 0.558631956577301 -0.09241503477096558 -0.38443875312805176
vn 0.5850772261619568 -0.031765177845954895 -0.3416944742202759
vn 0.6113470792770386 0.11710098385810852 -0.25125616788864136
vn 0.6119253039360046 0.21737587451934814 -0.155693918466568
vn 0.6314588189125061 -0.05167313292622566 -0.18442150950431824
vn 0.5859531760215759 0.08297114074230194 -0.3382854163646698
vn 0.5974476337432861 0.11323338747024536 -0.2982335090637207
vn 0.5818150043487549 0.22666004300117493 -0.2746562957763672
vn 0.6197189092636108 0.11070436984300613 -0.22196075320243835
vn 0.5946811437606812 0.22914740443229675 -0.22535061836242676
vn 0.6086074709892273 0.2188008725643158 -0.17306853830814362
vn 0.5987812280654907 0.2649599611759186 -0.1465451419353485
vn 0.5731536746025085 0.305607408285141 -0.20374906063079834
vn 0.5041478276252747 0.36135509610176086 -0.33862948417663574
vn 0.547974169254303 0.35212433338165283 -0.22206324338912964
vn 0.15590833127498627 0.23811137676239014 -0.7332225441932678
vn -0.18086780607700348 -0.13683728873729706 -0.7263616323471069
vn 0.3455626368522644 0.24030780792236328 -0.6295084357261658
vn 0.18140576779842377 -0.10948752611875534 -0.7334579825401306
vn 0.45109254121780396 -0.07239994406700134 -0.5539284348487854
vn 0.4436856508255005 -0.06228611245751381 -0.5645091533660889
vn -0.06759056448936462 -0.4177289605140686 -0.6047719120979309
vn 0.5837969779968262 0.1942707598209381 -0.2950194776058197
vn 0.5903676748275757 0.263339102268219 -0.19699962437152863
vn 0.5958816409111023 0.262961745262146 -0.16884388029575348
vn 0.6075407266616821 0.24862219393253326 -0.12087476253509521
vn 0.614484965801239 0.24001739919185638 -0.07322359085083008
vn 0.5830299258232117 0.16495437920093536 0.29060521721839905
vn -0.6455745697021484 0.0901607945561409 0.05096863582730293
vn -0.02587718889117241 -0.2787488102912903 -0.7009119391441345
vn 0.12068980187177658 -0.28769707679748535 -0.6821738481521606
vn 0.03818129003047943 -0.35283219814300537 -0.6564118266105652
vn 0.5737428069114685 0.15116854012012482 -0.3465757668018341
vn 0.5885244011878967 0.2548326849937439 -0.21807308495044708
vn 0.5854824185371399 0.2884937822818756 -0.17587952315807343
vn 0.6038491725921631 0.25733238458633423 -0.12810437381267548
vn 0.6113123297691345 0.21136333048343658 -0.1690121740102768
vn 0.6325381994247437 0.1764880269765854 -0.04421832412481308
vn 0.6401224136352539 0.04766567423939705 0.13818073272705078
vn 0.6279544234275818 0.15115627646446228 0.12541915476322174
vn 0.42887094616889954 0.2181653082370758 0.5243759155273438
vn 0.09771230071783066 0.24509169161319733 0.7085788249969482
vn -0.299587219953537 -0.2301521748304367 -0.63193279504776
vn 0.5748918056488037 0.2537118196487427 -0.27010253071784973
vn 0.5597149729728699 0.31912750005722046 -0.2358950972557068
vn 0.583719789981842 0.248788520693779 -0.2448550909757614
vn 0.6268451809883118 -0.0762801542878151 -0.19473646581172943
vn 0.14635370671749115 -0.707942008972168 -0.03197326511144638
vn -0.00983047392219305 -0.6938523054122925 0.2987216114997864
vn -0.6279606819152832 -0.10665558278560638 -0.17036126554012299
vn 0.5648524165153503 0.22468498349189758 -0.32565540075302124
vn 0.5530267357826233 0.0951261818408966 -0.40921562910079956
vn 0.5170639753341675 0.008459732867777348 -0.47722965478897095
vn 0.5007202625274658 -0.015429235994815826 -0.4996638298034668
vn 0.48650020360946655 -0.012324526906013489 -0.5197329521179199
vn 0.4619261920452118 0.001884276163764298 -0.5521731972694397
vn 0.4919686019420624 0.05811145901679993 -0.5140399932861328
vn 0.4729282259941101 0.01824812777340412 -0.5395195484161377
vn 0.4857981204986572 0.0671977549791336 -0.5219027996063232
vn 0.4730556309223175 0.0685836672782898 -0.5385131239891052
vn 0.490568608045578 0.09759293496608734 -0.5120533108711243
vn 0.4781992435455322 0.09886123985052109 -0.5286487936973572
vn 0.4736780822277069 0.0793633684515953 -0.5368220210075378
vn 0.4817838966846466 0.16618816554546356 -0.5088435411453247
vn 0.3969683349132538 0.1400577425956726 -0.6126560568809509
vn 0.2996578812599182 0.11391767859458923 -0.6923006772994995
vn 0.061513159424066544 0.7270320653915405 -0.09187600761651993
vn 0.2118222713470459 0.09826549887657166 -0.7393755316734314
vn -0.04677168279886246 0.7218104600906372 -0.16563494503498077
vn -0.110153429210186 0.7124618291854858 -0.16955377161502838
vn -0.24085122346878052 0.2612764537334442 0.6508569121360779
vn -0.19498172402381897 0.2683042883872986 0.6683140397071838
vn -0.25322675704956055 0.13061481714248657 0.6969021558761597
vn -0.19081105291843414 0.14854475855827332 0.7192521691322327
vn -0.13820111751556396 0.2557254731655121 0.6940223574638367
vn -0.11505825072526932 0.7170793414115906 -0.1192498505115509
vn 0.13034339249134064 0.10786812007427216 -0.7654708027839661
vn 0.23559071123600006 0.010655885562300682 -0.7297421097755432
vn 0.30793559551239014 0.034471675753593445 -0.6908330321311951
vn 0.39653006196022034 0.05996004119515419 -0.622009813785553
vn 0.4048335552215576 0.08887648582458496 -0.6123669743537903
vn 0.4070737361907959 0.06640545278787613 -0.6117982268333435
vn 0.45499610900878906 0.03358374908566475 -0.5616348385810852
vn 0.45793449878692627 0.003920678980648518 -0.5570713877677917
vn 0.4479822814464569 -0.013225551694631577 -0.5671188235282898
vn 0.48287951946258545 -0.010014047846198082 -0.5247827172279358
vn 0.5024513006210327 0.03508248180150986 -0.4998604953289032
vn 0.5380967259407043 0.17864738404750824 -0.4121178686618805
vn 0.5463062524795532 0.33090412616729736 -0.26459574699401855
vn 0.07160071283578873 0.1477930247783661 -0.7720346450805664
vn 0.147011399269104 -0.013186868280172348 -0.7605424523353577
vn 0.17814375460147858 -0.008811325766146183 -0.7513418793678284
vn 0.2680489420890808 0.033082135021686554 -0.714370608329773
vn 0.22434182465076447 0.028656814247369766 -0.7356356978416443
vn 0.29983091354370117 0.052438244223594666 -0.6960280537605286
vn 0.2970082759857178 0.06353624910116196 -0.6975545883178711
vn 0.3441753685474396 0.06347611546516418 -0.6654636263847351
vn 0.3344642221927643 0.05115955322980881 -0.6728617548942566
vn 0.3951170742511749 0.044184692203998566 -0.6236284375190735
vn 0.41790133714675903 0.02889023721218109 -0.6017054319381714
vn 0.37595587968826294 0.0570700466632843 -0.6403092741966248
vn 0.4394645094871521 0.019012264907360077 -0.5788557529449463
vn 0.38051483035087585 0.16705641150474548 -0.6220440864562988
vn 0.4497254192829132 0.14493641257286072 -0.5556957721710205
vn 0.4723453223705292 0.3107585906982422 -0.4482414126396179
vn 0.4930441975593567 0.1391919106245041 -0.5003674030303955
vn 0.5162357091903687 0.3070437014102936 -0.3706410825252533
vn 0.5376874208450317 0.3198447525501251 -0.30534109473228455
vn 0.5630345344543457 0.2877037823200226 -0.2693386971950531
vn 0.5994705557823181 0.029697474092245102 -0.3089575171470642
vn 0.603868305683136 -0.061903879046440125 -0.2835623621940613
vn 0.08709431439638138 -0.7227948307991028 0.000882126740179956
vn 0.0246176365762949 -0.7252416610717773 -0.039225053042173386
vn 0.08143237978219986 -0.013106846250593662 -0.7745476961135864
vn 0.1087200865149498 -0.040627967566251755 -0.7665421366691589
vn 0.15827813744544983 0.0039920867420732975 -0.7587148547172546
vn 0.24503302574157715 0.06453626602888107 -0.7261418104171753
vn 0.28246578574180603 0.08806072175502777 -0.7050595283508301
vn 0.3228713274002075 0.0808582603931427 -0.6799270510673523
vn 0.36135992407798767 0.06250133365392685 -0.6521854996681213
vn 0.32514891028404236 0.08531086891889572 -0.6780605316162109
vn 0.3360145390033722 0.1654813289642334 -0.65887051820755
vn 0.4277430772781372 0.3087676763534546 -0.5127185583114624
vn 0.49456825852394104 0.34824469685554504 -0.3746051788330078
vn 0.5377788543701172 0.3234657347202301 -0.3005812466144562
vn 0.5522767901420593 0.3118003308773041 -0.272603839635849
vn 0.6030846238136292 0.11206762492656708 -0.2814015746116638
vn 0.17570073902606964 -0.7040093541145325 0.06432574987411499
vn 0.1764664500951767 0.05843142792582512 -0.754473090171814
vn 0.22718432545661926 0.09389076381921768 -0.7330591082572937
vn 0.1829216331243515 0.10602453351020813 -0.7498520612716675
vn 0.26224565505981445 0.10394857078790665 -0.7150376439094543
vn 0.17319627106189728 0.1403205692768097 -0.74928879737854
vn 0.2574797570705414 0.1552344709634781 -0.7106491923332214
vn 0.29834529757499695 0.22734977304935455 -0.6685959696769714
vn 0.3206210732460022 0.15959005057811737 -0.6712213158607483
vn 0.3627384901046753 0.24521580338478088 -0.6131311058998108
vn 0.3938309848308563 0.2793716490268707 -0.5681784749031067
vn 0.4671897292137146 0.33884114027023315 -0.43367475271224976
vn 0.4890928268432617 0.2032579630613327 -0.4848869740962982
vn 0.5405136346817017 0.20147792994976044 -0.39631888270378113
vn 0.012315705418586731 -0.6079075336456299 -0.38792285323143005
vn 0.14884990453720093 -0.667417049407959 -0.2139626294374466
vn 0.15851198136806488 0.09918800741434097 -0.7584266066551208
vn 0.11955874413251877 0.11150527745485306 -0.7676974534988403
vn 0.09418676048517227 0.13191290199756622 -0.7706332802772522
vn 0.2224828451871872 0.21265441179275513 -0.7149842381477356
vn 0.35570138692855835 0.2524522840976715 -0.6163175702095032
vn 0.4187682867050171 0.2651650309562683 -0.548258900642395
vn 0.45008212327957153 0.30366265773773193 -0.4865242838859558
vn 0.4656836986541748 0.1690165251493454 -0.5296143293380737
vn -0.060251735150814056 -0.5849247574806213 -0.41902896761894226
vn 0.11955874413251877 0.11150527745485306 -0.7676974534988403
vn 0.15162403881549835 0.062429942190647125 -0.7621749639511108
vn 0.12928712368011475 -0.022017521783709526 -0.7642441987991333
vn 0.07087943702936172 -0.06804703921079636 -0.7685779929161072
vn -0.017249537631869316 -0.08804100006818771 -0.7691383957862854
vn -0.02093954011797905 -0.004841607064008713 -0.7809963822364807
vn -0.11732170730829239 -0.07745186239480972 -0.7586869597434998
vn -0.0695326179265976 0.0033222283236682415 -0.7775741815567017
vn -0.09345675259828568 -0.042469754815101624 -0.7691630125045776
vn -0.05878801643848419 0.007248234003782272 -0.779114305973053
vn -0.08487726002931595 0.001180068589746952 -0.7752268314361572
vn -0.037726160138845444 0.1677355319261551 -0.7723137736320496
vn -0.08113321661949158 0.1247885674238205 -0.7736196517944336
vn 0.11136069893836975 0.7200368642807007 -0.07800717651844025
vn 0.11143235862255096 0.715958833694458 -0.13929502665996552
vn 0.13699501752853394 0.24999406933784485 0.6971091628074646
vn 0.19511999189853668 0.2712984085083008 0.6666879057884216
vn 0.19954170286655426 0.15064947307109833 0.715239405632019
vn 0.24624083936214447 0.264512836933136 0.6463363170623779
vn 0.28725481033325195 0.11806300282478333 0.6815055012702942
vn 0.2918343245983124 0.25182703137397766 0.6261476874351501
vn 0.3523409068584442 0.08662174642086029 0.6448206305503845
vn 0.3909609615802765 0.07853609323501587 0.6142126321792603
vn 0.3184003233909607 0.24201758205890656 0.6129934191703796
vn -0.16900384426116943 0.7050632238388062 -0.011834419332444668
vn -0.06026128679513931 0.7246620059013367 -0.1291545331478119
vn 0.05413392558693886 0.7196851968765259 -0.17596478760242462
vn -0.16131004691123962 0.08950451016426086 -0.7582270503044128
vn -0.1641554832458496 -0.0032417727634310722 -0.7563736438751221
vn -0.09569796919822693 -0.015198029577732086 -0.7720020413398743
vn -0.1599275916814804 -0.005830451846122742 -0.7574587464332581
vn -0.17910534143447876 -0.03367151692509651 -0.7483236193656921
vn -0.01600797474384308 -0.040335673838853836 -0.7772964835166931
vn -0.02335331030189991 0.06261307746171951 -0.7831596732139587
vn -0.050027139484882355 0.10624662786722183 -0.7792196273803711
vn 0.049973223358392715 0.11930204182863235 -0.7780290842056274
vn -0.23441509902477264 0.6684567928314209 0.09532759338617325
vn -0.45216548442840576 0.14639508724212646 -0.5524488687515259
vn -0.38753750920295715 0.13279956579208374 -0.6227173805236816
vn -0.426491916179657 0.06344613432884216 -0.5924791693687439
vn -0.3908535838127136 0.059359654784202576 -0.6272062659263611
vn -0.3969275951385498 0.054500993341207504 -0.6218072175979614
vn -0.2951807379722595 0.026198262348771095 -0.6985975503921509
vn -0.32150381803512573 0.040078792721033096 -0.6819370985031128
vn -0.17938506603240967 0.01062591653317213 -0.7523661255836487
vn -0.13472190499305725 0.02256506122648716 -0.7662625312805176
vn -0.164055734872818 0.07983381301164627 -0.7578853964805603
vn -0.22013413906097412 0.06267383694648743 -0.7376260757446289
vn -0.1709267646074295 0.10240909457206726 -0.7542524337768555
vn -0.24225524067878723 0.08963397145271301 -0.726324737071991
vn -0.2436879277229309 0.09663554280996323 -0.7251228094100952
vn -0.21952752768993378 0.08901265263557434 -0.7367636561393738
vn -0.2436879277229309 0.09663554280996323 -0.7251228094100952
vn -0.11751183867454529 0.11010775715112686 -0.7682832479476929
vn -0.034257639199495316 0.13149040937423706 -0.7779167294502258
vn -0.06357359141111374 0.21437211334705353 -0.7597946524620056
vn 0.11847103387117386 0.20584902167320251 -0.7522177696228027
vn -0.02369464747607708 0.29693883657455444 -0.7363654375076294
vn 0.17485405504703522 0.2656521499156952 -0.7177120447158813
vn 0.21891629695892334 0.1735401600599289 -0.725854754447937
vn 0.28012800216674805 0.2520895302295685 -0.6716787815093994
vn 0.30665135383605957 0.16853241622447968 -0.6788647174835205
vn 0.3807643949985504 0.14592212438583374 -0.6263934969902039
vn 0.43631622195243835 0.14553837478160858 -0.5710071325302124
vn -0.050451572984457016 -0.609542965888977 -0.3811653256416321
vn -0.5035223960876465 0.1465217024087906 -0.48283618688583374
vn -0.48893025517463684 0.06275618821382523 -0.517949640750885
vn -0.4172346591949463 0.04589127004146576 -0.6024497151374817
vn -0.3757980465888977 0.02776554971933365 -0.640450119972229
vn -0.32015857100486755 0.04309641569852829 -0.6828673481941223
vn -0.1988651305437088 0.04173973202705383 -0.7464013695716858
vn -0.20496830344200134 0.07697420567274094 -0.7434548735618591
vn -0.21800574660301208 0.1060691773891449 -0.7361043095588684
vn -0.21762441098690033 0.12041795998811722 -0.7348009943962097
vn -0.2842731773853302 0.13314706087112427 -0.6992011070251465
vn -0.2612017095088959 0.11898858100175858 -0.7140196561813354
vn -0.19104884564876556 0.12446427345275879 -0.7450072169303894
vn -0.21049803495407104 0.212442085146904 -0.7203532457351685
vn -0.19020572304725647 0.3112533986568451 -0.6932833790779114
vn 0.01954416185617447 0.21386057138442993 -0.763449490070343
vn -0.007385777309536934 -0.638001024723053 -0.3332522213459015
vn 0.019693942740559578 -0.628163754940033 -0.35162287950515747
vn -0.011076467111706734 -0.6234211921691895 -0.3608601987361908
vn -0.4992503523826599 0.05385375767946243 -0.5039887428283691
vn -0.41393226385116577 0.014380395412445068 -0.6051406264305115
vn -0.4233859181404114 0.029451686888933182 -0.5961641073226929
vn -0.35227063298225403 0.04468480870127678 -0.6596539616584778
vn -0.44345852732658386 0.08595486730337143 -0.572478711605072
vn -0.3478812277317047 0.09623277187347412 -0.6605932712554932
vn -0.39027777314186096 0.19762682914733887 -0.6047195196151733
vn -0.3149559497833252 0.10148845613002777 -0.6836774349212646
vn -0.3658151924610138 0.16930226981639862 -0.6343137621879578
vn -0.3000320792198181 0.14186972379684448 -0.688178300857544
vn -0.35507428646087646 0.16748571395874023 -0.643613874912262
vn -0.46685218811035156 0.24415960907936096 -0.49811533093452454
vn -0.3623359501361847 0.23518653213977814 -0.6173352003097534
vn -0.48958075046539307 0.3016186058521271 -0.42652833461761475
vn -0.3997316062450409 0.3264603614807129 -0.5345184206962585
vn -0.4043363928794861 0.23853108286857605 -0.5760693550109863
vn -0.28769031167030334 0.3222818672657013 -0.6356460452079773
vn -0.28506073355674744 0.24845637381076813 -0.6699268221855164
vn -0.17397455871105194 0.24803392589092255 -0.7240663170814514
vn -0.049195174127817154 -0.626568615436554 -0.35095420479774475
vn -0.5052018761634827 0.016401011496782303 -0.49553748965263367
vn -0.5103464126586914 0.01299765519797802 -0.4877476394176483
vn -0.5291159749031067 0.07394415140151978 -0.4560081362724304
vn -0.48124679923057556 0.19222156703472137 -0.5007144212722778
vn -0.4590277373790741 0.28346970677375793 -0.48701250553131104
vn -0.44248631596565247 0.2528950870037079 -0.5260045528411865
vn -0.42745161056518555 0.20155085623264313 -0.5651353001594543
vn -0.5006499886512756 0.2664485275745392 -0.432564377784729
vn -0.5171966552734375 0.289630264043808 -0.3840562701225281
vn -0.4814736843109131 0.20725157856941223 -0.4944140315055847
vn -0.09694371372461319 -0.6110311150550842 -0.36687472462654114
vn -0.09688788652420044 -0.6093258857727051 -0.36989185214042664
vn -0.07002739608287811 -0.6059174537658691 -0.3833683431148529
vn -0.5561618208885193 0.18516115844249725 -0.37147411704063416
vn -0.5275384783744812 0.26563721895217896 -0.38184431195259094
vn -0.5485090017318726 0.34379151463508606 -0.23572449386119843
vn -0.4762575328350067 0.412676066160202 -0.33247700333595276
vn -0.57337486743927 0.33298590779304504 -0.13592669367790222
vn -0.4743897616863251 0.47309520840644836 -0.21493498980998993
vn -0.6071169376373291 0.07079702615737915 -0.2812243700027466
vn -0.48902416229248047 0.40201443433761597 -0.31848520040512085
vn -0.5403605699539185 0.08812453597784042 -0.43442344665527344
vn -0.5066393613815308 0.13940036296844482 -0.4799647331237793
vn -0.04429341107606888 -0.5785641670227051 -0.43108266592025757
vn -0.5878571271896362 0.22665143013000488 -0.2541346848011017
vn -0.6193596720695496 0.207986980676651 -0.11968879401683807
vn -0.6383089423179626 0.1499691754579544 -0.029182907193899155
vn -0.6430699229240417 0.04140392690896988 -0.1268850862979889
vn -0.18805739283561707 -0.6699479818344116 -0.1663636416196823
vn -0.0895979106426239 -0.6393920183181763 -0.31505483388900757
vn 0.003694976679980755 -0.5781728625297546 -0.43458980321884155
vn -0.6044203042984009 0.2383764237165451 -0.164862722158432
vn -0.5768759846687317 0.20524615049362183 -0.3072567582130432
vn -0.5530267357826233 0.0951261818408966 -0.40921562910079956
vn -0.528245747089386 0.006454893387854099 -0.45916563272476196
vn -0.5402673482894897 0.009298783726990223 -0.4387516379356384
vn -0.5372024178504944 0.011565751396119595 -0.4442431330680847
vn -0.5767844915390015 0.02456711046397686 -0.3661571145057678
vn -0.5544312596321106 0.024180229753255844 -0.41298744082450867
vn -0.5994395613670349 0.04956081509590149 -0.307603657245636
vn -0.5750799775123596 0.04050196707248688 -0.3696023225784302
vn -0.6168416738510132 0.033188290894031525 -0.25445452332496643
vn -0.5776209831237793 0.06905826926231384 -0.3609921634197235
vn -0.6080197095870972 0.053262364119291306 -0.28154173493385315
vn -0.5880845189094543 0.09422262758016586 -0.3301723897457123
vn -0.6076750159263611 0.08080051839351654 -0.2770310342311859
vn -0.598027229309082 0.23283228278160095 -0.20626826584339142
vn -0.5974234938621521 0.2544934153556824 -0.17595228552818298
vn -0.10787897557020187 0.6576265692710876 0.2662583291530609
vn -0.5987812280654907 0.2649599611759186 -0.1465451419353485
vn -0.10296839475631714 0.6447046995162964 0.2984789311885834
vn -0.604981541633606 0.26605555415153503 -0.08803115040063858
vn -0.1066647320985794 0.6259385943412781 0.3356996774673462
vn -0.09569994360208511 0.6324005126953125 0.32715070247650146
vn 0.46561500430107117 0.2845156490802765 0.4336746037006378
vn 0.4671182334423065 0.30801454186439514 0.4117485582828522
vn 0.5193237662315369 0.08838380873203278 0.45688989758491516
vn 0.5212936997413635 0.11508505046367645 0.4448809027671814
vn 0.4764842092990875 0.32845181226730347 0.3772757649421692
vn -0.0786173865199089 0.6524423956871033 0.2904336750507355
vn -0.6036766767501831 0.2756919860839844 -0.050889063626527786
vn -0.5983325839042664 0.07824034988880157 -0.3059932589530945
vn -0.59991854429245 0.08448568731546402 -0.29991111159324646
vn -0.6109305620193481 0.08204513788223267 -0.26595115661621094
vn -0.6106265187263489 0.05826939642429352 -0.27238669991493225
vn -0.6236060857772827 0.04543644189834595 -0.22776876389980316
vn -0.6325772404670715 0.04372026398777962 -0.18854734301567078
vn -0.6222569346427917 0.12812252342700958 -0.20031121373176575
vn -0.6019923686981201 0.12332762777805328 -0.28015846014022827
vn -0.5686007142066956 0.11461307853460312 -0.3717961609363556
vn -0.5822221636772156 0.2364618182182312 -0.2637333273887634
vn -0.5935937166213989 0.29190054535865784 -0.10999128967523575
vn -0.6373851895332336 0.15567843616008759 -0.015553959645330906
vn -0.5968042612075806 0.29368528723716736 -0.054411835968494415
vn -0.6149889826774597 0.060716401785612106 -0.25718116760253906
vn -0.5467291474342346 0.044539570808410645 -0.4272042512893677
vn -0.4723096191883087 0.08269160240888596 -0.5382435917854309
vn -0.5267026424407959 0.08110871911048889 -0.4591963291168213
vn -0.4023107886314392 0.1220068410038948 -0.6106851100921631
vn -0.4428938031196594 0.1585121750831604 -0.5604285597801208
vn -0.5224022269248962 0.10037987679243088 -0.4633876383304596
vn -0.565642237663269 0.11447898298501968 -0.3784102499485016
vn -0.6410626769065857 0.046695247292518616 -0.13948871195316315
vn -0.6448386311531067 0.05864536389708519 -0.10479196906089783
vn -0.6451475620269775 0.062335822731256485 -0.0995221883058548
vn -0.6148789525032043 0.1694871187210083 -0.20089413225650787
vn -0.6315661072731018 0.05632616952061653 -0.19056332111358643
vn -0.6039990782737732 0.19204480946063995 -0.22688530385494232
vn -0.6154823899269104 0.18667736649513245 -0.17936022579669952
vn -0.5936271548271179 0.26901859045028687 -0.1698635071516037
vn -0.6105837225914001 0.25109565258026123 -0.07962493598461151
vn -0.5706857442855835 0.34184661507606506 -0.12506882846355438
vn -0.5945237278938293 0.30027011036872864 -0.044277943670749664
vn -0.5617772340774536 0.3573216497898102 -0.1364012062549591
vn -0.5777429938316345 0.3329358696937561 -0.09641234576702118
vn -0.5546632409095764 0.2911390960216522 -0.2912087142467499
vn -0.5744609236717224 0.3336910307407379 -0.12490803748369217
vn -0.5650386810302734 0.28779497742652893 -0.2625725269317627
vn -0.57337486743927 0.33298590779304504 -0.13592669367790222
vn -0.5535709857940674 0.29960352182388306 -0.28435367345809937
vn -0.5254559516906738 0.30916327238082886 -0.34805041551589966
vn -0.5277391076087952 0.11306193470954895 -0.45195579528808594
vn -0.48140057921409607 0.14280757308006287 -0.5158495306968689
vn 0.10779839009046555 -0.46473976969718933 -0.5542506575584412
vn 0.15329748392105103 -0.4135306477546692 -0.5865973830223083
vn -0.6319959759712219 0.04751991108059883 -0.19060668349266052
vn -0.6186802983283997 0.013100550509989262 -0.24852697551250458
vn -0.610047459602356 0.039522793143987656 -0.2767084240913391
vn -0.5178648233413696 0.12204324454069138 -0.4664217531681061
vn -0.2865125834941864 0.2071385532617569 -0.6822235584259033
vn -0.590415358543396 0.12307125329971313 -0.31467580795288086
vn -0.6498457789421082 0.04735128954052925 -0.04971376433968544
vn -0.6502192616462708 0.027307679876685143 -0.05811579152941704
vn -0.6403806209564209 -0.0022737563122063875 -0.1489039659500122
vn -0.6076182723045349 0.06202968582510948 -0.28138601779937744
vn -0.6341474056243896 0.1633448600769043 -0.06834134459495544
vn -0.6226985454559326 0.21338272094726562 0.031146058812737465
vn -0.6080817580223083 0.2618999481201172 0.021480627357959747
vn -0.6102487444877625 0.25633707642555237 0.015405179932713509
vn -0.6135177612304688 0.2468811571598053 0.011441380716860294
vn -0.5787319540977478 0.31897130608558655 -0.14180143177509308
vn -0.5104607939720154 0.312834233045578 -0.3773728311061859
vn -0.4533052146434784 0.1722569465637207 -0.5442433953285217
vn 0.17640388011932373 -0.3319598138332367 -0.6385033130645752
vn -0.590515673160553 0.09183819591999054 -0.3243577182292938
vn -0.5878571271896362 0.022313827648758888 -0.3397904336452484
vn -0.6173882484436035 0.06816750764846802 -0.24693523347377777
vn -0.6496095061302185 0.04868055880069733 -0.052907831966876984
vn -0.6383993625640869 0.12284435331821442 0.08348358422517776
vn -0.6470726728439331 0.03639433905482292 0.08857015520334244
vn -0.6319559216499329 0.10730396211147308 0.14824844896793365
vn -0.632093608379364 0.11238817125558853 0.14290161430835724
vn -0.6253029108047485 0.16080504655838013 0.1294638067483902
vn -0.6277328133583069 0.1561480313539505 0.12000042200088501
vn -0.6197600960731506 0.2229483723640442 0.03515585884451866
vn -0.576765775680542 0.3134711682796478 -0.16894026100635529
vn -0.5504582524299622 0.32738903164863586 -0.256056010723114
vn -0.4838327467441559 0.3198578655719757 -0.4217638671398163
vn -0.5480665564537048 0.31527453660964966 -0.2810914218425751
vn -0.46021321415901184 0.3253518044948578 -0.4559314250946045
vn -0.40884923934936523 0.3320291042327881 -0.5202303528785706
vn -0.41980284452438354 0.23259764909744263 -0.5619107484817505
vn -0.3361823558807373 0.25064224004745483 -0.6330533623695374
vn 0.2146606743335724 -0.2654583752155304 -0.6613480448722839
vn 0.3022848963737488 -0.23795369267463684 -0.6263107657432556
vn -0.48680078983306885 0.13728220760822296 -0.5097155570983887
vn -0.5644677877426147 0.041546061635017395 -0.39252811670303345
vn -0.6345773935317993 0.039785098284482956 -0.1792171150445938
vn -0.6513665318489075 0.039748676121234894 0.003487782087177038
vn -0.643497884273529 0.041940439492464066 0.11711079627275467
vn -0.6346180438995361 0.1192077100276947 0.11953320354223251
vn -0.6294445991516113 0.16453276574611664 0.0934344083070755
vn -0.6204479336738586 0.22580067813396454 -0.012351280078291893
vn -0.6151552200317383 0.23760713636875153 -0.07423394173383713
vn -0.6207295060157776 0.21812176704406738 -0.07502177357673645
vn -0.5322321653366089 0.30841267108917236 -0.33258873224258423
vn -0.34856539964675903 0.3297417163848877 -0.5839188098907471
vn -0.31914857029914856 0.26538193225860596 -0.6401154398918152
vn 0.3248787224292755 -0.24666061997413635 -0.6058096289634705
vn -0.6491174697875977 0.04724317789077759 0.0555538572371006
vn -0.6456825137138367 0.05646335706114769 0.08947894722223282
vn -0.6475219130516052 0.07526308298110962 0.04472370073199272
vn -0.6341462135314941 0.12824980914592743 0.1120619997382164
vn -0.6450939774513245 0.08204109221696854 0.07014070451259613
vn -0.6330186724662781 0.13312767446041107 0.11410673707723618
vn -0.6365880966186523 0.1514786183834076 0.0427965484559536
vn -0.6345571875572205 0.1532324254512787 0.06611523032188416
vn -0.6326756477355957 0.17730584740638733 -0.03267970681190491
vn -0.6130613088607788 0.21726638078689575 -0.14851756393909454
vn -0.4689294695854187 0.3102925419807434 -0.45399320125579834
vn -0.458296537399292 0.2884289026260376 -0.48493367433547974
vn -0.3278422951698303 0.32858067750930786 -0.6023166179656982
vn -0.42254942655563354 0.27089542150497437 -0.5409868359565735
vn -0.2932312786579132 0.318537175655365 -0.6338229179382324
vn -0.26898401975631714 0.31196147203445435 -0.6529527902603149
vn -0.2822418510913849 0.30657437443733215 -0.6472094058990479
vn -0.29245615005493164 0.3234877586364746 -0.6317476630210876
vn 0.30542537569999695 -0.16420447826385498 -0.6556578874588013
vn 0.3000922203063965 -0.17216366529464722 -0.6562327742576599
vn -0.6490253210067749 0.05762949958443642 0.04485894739627838
vn -0.6492056846618652 0.07164131104946136 -0.00947963260114193
vn -0.6487650275230408 0.07638940215110779 0.00003270121669629589
vn -0.6439078450202942 0.0960107296705246 0.064710833132267
vn -0.6334460377693176 0.17262540757656097 -0.0421077162027359
vn -0.6235379576683044 0.19547246396541595 -0.11028742045164108
vn -0.5901567339897156 0.2243184596300125 -0.24821685254573822
vn -0.5786140561103821 0.21904969215393066 -0.29138967394828796
vn -0.5670663118362427 0.204757422208786 -0.3340087831020355
vn -0.3861745297908783 0.24253001809120178 -0.5926416516304016
vn -0.23362503945827484 0.3017493486404419 -0.6776367425918579
vn -0.2759857177734375 0.33202505111694336 -0.6381708383560181
vn 0.299847811460495 -0.15106716752052307 -0.6637893915176392
vn -0.6468602418899536 0.09096360951662064 0.0211927630007267
vn -0.642874002456665 0.12134718894958496 -0.0374373197555542
vn -0.6303788423538208 0.1498226821422577 -0.13309074938297272
vn -0.6263624429702759 0.18668335676193237 -0.10294745117425919
vn -0.621820867061615 0.16907474398612976 -0.1651008576154709
vn -0.624070405960083 0.18829253315925598 -0.12062843143939972
vn -0.6242883205413818 0.1894272267818451 -0.11648901551961899
vn -0.6172841191291809 0.19146986305713654 -0.16294458508491516
vn -0.6154823899269104 0.18667736649513245 -0.17936022579669952
vn -0.5561618208885193 0.18516115844249725 -0.37147411704063416
vn -0.363364040851593 0.2169247716665268 -0.6228896379470825
vn -0.293201744556427 0.17975203692913055 -0.6850385069847107
vn -0.18237937986850739 0.2823295593261719 -0.7086431384086609
vn -0.2822650671005249 0.1565653532743454 -0.696520209312439
vn -0.22061151266098022 0.2815118432044983 -0.6926815509796143
vn -0.3183882534503937 0.2904181480407715 -0.6296205520629883
vn -0.3278312683105469 0.3582439720630646 -0.5840376019477844
vn -0.42409759759902954 0.35003799200057983 -0.48783543705940247
vn 0.26335829496383667 -0.08240416646003723 -0.7035439610481262
vn 0.21768304705619812 -0.09485732764005661 -0.7227628231048584
vn -0.6408646106719971 0.12228766083717346 -0.07439113408327103
vn -0.6186006665229797 0.1556415855884552 -0.19595958292484283
vn -0.6057879328727722 0.17712020874023438 -0.23314149677753448
vn -0.618829607963562 0.18157142400741577 -0.167093887925148
vn -0.6242883205413818 0.1894272267818451 -0.11648901551961899
vn -0.6083288192749023 0.184538796544075 -0.21591955423355103
vn -0.5444597601890564 0.1741935908794403 -0.4014907479286194
vn -0.5023370385169983 0.15500450134277344 -0.4821930229663849
vn -0.46434667706489563 0.14073720574378967 -0.538763701915741
vn -0.3053654134273529 0.14811564981937408 -0.6836827397346497
vn -0.3770138919353485 0.3090919554233551 -0.5691701769828796
vn -0.5013712048530579 0.3304571509361267 -0.37905728816986084
vn 0.11652631312608719 -0.126922145485878 -0.7475113272666931
vn -0.5974851250648499 0.19326448440551758 -0.25084179639816284
vn -0.6251816749572754 0.18449872732162476 -0.1185549795627594
vn -0.6345139741897583 0.16964024305343628 -0.02093704231083393
vn -0.6346039175987244 0.16317608952522278 -0.06097400188446045
vn -0.6286454796791077 0.12700091302394867 0.14902709424495697
vn -0.641666829586029 0.12026023864746094 0.04852945730090141
vn -0.6145778894424438 0.03890209272503853 0.25590017437934875
vn -0.6051859855651855 0.15091422200202942 -0.25464946031570435
vn -0.6302586793899536 0.09398825466632843 -0.18205973505973816
vn -0.4382399320602417 0.12067124992609024 -0.573702871799469
vn -0.3120984137058258 0.1591869592666626 -0.6771501302719116
vn -0.4369415044784546 0.2205333411693573 -0.5471897721290588
vn -0.5142096877098083 0.32052433490753174 -0.36191797256469727
vn -0.5540476441383362 0.20923633873462677 0.3309156000614166
vn -0.592861533164978 0.1246669664978981 0.2882336974143982
vn -0.33999738097190857 -0.10469356924295425 0.6656933426856995
vn -0.6376414895057678 0.09944076091051102 0.11874831467866898
vn -0.5566220879554749 -0.11648859083652496 0.3970441520214081
vn -0.1097746193408966 -0.19900566339492798 -0.7255707383155823
vn -0.13439232110977173 -0.5918293595314026 -0.38490089774131775
vn -0.6115527153015137 0.19432221353054047 -0.19048358500003815
vn -0.629917323589325 0.18102139234542847 -0.07577583193778992
vn -0.630126416683197 0.13365109264850616 0.1330888569355011
vn -0.5824100375175476 0.07285978645086288 0.33792996406555176
vn -0.5064233541488647 -0.049776699393987656 0.49370086193084717
vn -0.6504478454589844 0.023463744670152664 -0.055974505841732025
vn -0.4334246516227722 0.10122676193714142 -0.5818537473678589
vn -0.5742223262786865 0.11240634322166443 -0.3595097064971924
vn -0.571370542049408 0.13018709421157837 0.340758740901947
vn -0.09744279086589813 -0.00551627716049552 0.7734091877937317
vn -0.34615692496299744 -0.09225700050592422 0.6622598767280579
vn -0.47953951358795166 -0.21073955297470093 0.4957245886325836
vn 0.045520126819610596 -0.723647952079773 -0.04214154928922653
vn -0.5975234508514404 -0.008737287484109402 0.3142482340335846
vn -0.2627218961715698 0.02014707587659359 0.7137285470962524
vn -0.16800200939178467 0.03679744526743889 0.7515962719917297
vn -0.3458661139011383 0.0860929936170578 0.6499049663543701
vn -0.44131261110305786 -0.029710477218031883 0.5771214962005615
vn -0.5076138973236084 0.11321093142032623 0.46729710698127747
vn -0.5384010076522827 0.03954131901264191 0.43641573190689087
vn -0.5882269740104675 0.10734263807535172 0.30978381633758545
vn -0.48993319272994995 -0.16974860429763794 0.4961060583591461
vn -0.5492904782295227 -0.07898912578821182 0.41918811202049255
vn 0.011065159924328327 -0.6772577166557312 0.3455529808998108
vn -0.1788850873708725 -0.6290944218635559 0.38343584537506104
vn -0.3905017375946045 -0.10022351890802383 0.6246107220649719
vn -0.22504247725009918 -0.012908028438687325 0.7346426248550415
vn -0.30554261803627014 -0.0261573176831007 0.6921498775482178
vn -0.4248711168766022 -0.04561813548207283 0.5946933031082153
vn -0.5861682891845703 0.1288752406835556 0.3044421374797821
vn -0.5996348261833191 0.14015533030033112 0.25830963253974915
vn -0.6068050861358643 0.027391714975237846 0.2834232747554779
vn -0.3983873128890991 -0.5788918137550354 0.03640997037291527
vn -0.32501885294914246 -0.1172281876206398 0.6750475764274597
vn -0.36413466930389404 -0.1016930490732193 0.6471952199935913
vn -0.4504408538341522 -0.0857338234782219 0.5645254254341125
vn -0.44084271788597107 -0.010376505553722382 0.5769415497779846
vn -0.5214799046516418 0.003017890267074108 0.46947386860847473
vn -0.39270085096359253 -0.010684404522180557 0.6249721050262451
vn -0.4628980755805969 -0.0102826077491045 0.5515339374542236
vn -0.4518738389015198 -0.03821193054318428 0.5652732849121094
vn -0.5046705603599548 -0.05089616775512695 0.49624571204185486
vn -0.5500627756118774 -0.07290783524513245 0.41852930188179016
vn -0.5713577270507812 -0.012436315417289734 0.3779994249343872
vn -0.5825927257537842 -0.04201360046863556 0.3520577549934387
vn -0.609304666519165 0.06334470212459564 0.266146183013916
vn -0.613882839679718 0.03140261396765709 0.2599787414073944
vn -0.631835401058197 0.08195974677801132 0.16745217144489288
vn -0.6408979296684265 0.05804558843374252 0.12759995460510254
vn -0.6429275274276733 0.09823895990848541 0.07316931337118149
vn -0.6484741568565369 0.04574938490986824 0.06620731204748154
vn -0.6460754871368408 0.09859375655651093 0.016864921897649765
vn -0.6504823565483093 0.04697374999523163 -0.03485432639718056
vn -0.6443789005279541 0.10664088279008865 -0.0510873943567276
vn -0.6342329382896423 0.12226193398237228 -0.13730518519878387
vn -0.6008737087249756 0.2821725606918335 0.01875329576432705
vn -0.5898018479347229 0.3113676905632019 -0.05068134889006615
vn -0.03446288779377937 0.6684301495552063 0.2632594704627991
vn -0.049204133450984955 0.6687448024749756 0.259628027677536
vn 0.5517717003822327 0.28003478050231934 0.26904478669166565
vn 0.5258567929267883 0.28508812189102173 0.3263796865940094
vn 0.6103376150131226 0.08585034310817719 0.253805935382843
vn 0.5162844657897949 0.28638043999671936 0.34514114260673523
vn 0.603907585144043 0.08885429799556732 0.2732214629650116
vn 0.5120620131492615 0.2976038455963135 0.34257033467292786
vn 0.607053816318512 0.0940224900841713 0.2608714699745178
vn 0.6113938689231873 0.109296515583992 0.23804274201393127
vn -0.3891279399394989 -0.05538494139909744 0.6288723945617676
vn -0.37616071105003357 -0.028455618768930435 0.640160858631134
vn -0.3937011659145355 0.008521698415279388 0.6226471662521362
vn -0.4367954432964325 -0.0012572759296745062 0.5807642340660095
vn -0.5316833257675171 -0.041524358093738556 0.4539576768875122
vn -0.5632421374320984 -0.08712579309940338 0.3898763656616211
vn -0.5977611541748047 -0.05708691105246544 0.3113963305950165
vn -0.6263327598571777 0.008551916107535362 0.2177594006061554
vn -0.6395778059959412 -0.002882173750549555 0.15415355563163757
vn -0.651736855506897 0.003614025888964534 0.03350372985005379
vn -0.6406012177467346 0.06053534895181656 -0.13738512992858887
vn -0.6226118206977844 0.1343424916267395 -0.19410456717014313
vn -0.5778533220291138 0.3318991959095001 -0.10046491771936417
vn -0.05411374196410179 0.6683480739593506 0.2594617009162903
vn -0.06393440067768097 0.6648712158203125 0.2655313014984131
vn -0.06393805891275406 0.663567066192627 0.26874852180480957
vn 0.5088276267051697 0.3096407651901245 0.3366718292236328
vn 0.6140204071998596 0.1309172511100769 0.21394163370132446
vn -0.4580182433128357 0.023928185924887657 0.5542866587638855
vn -0.5084611177444458 0.023239726200699806 0.48738956451416016
vn -0.5593563318252563 -0.03169238567352295 0.40326446294784546
vn -0.5868051052093506 0.012070785276591778 0.34038636088371277
vn -0.5793172717094421 -0.022265411913394928 0.36033594608306885
vn -0.6346393823623657 0.11415169388055801 0.12491495162248611
vn -0.625757098197937 0.09617272764444351 0.18826523423194885
vn -0.6230816841125488 0.2164383828639984 -0.023741859942674637
vn -0.5443906188011169 0.097527414560318 0.41055160760879517
vn -0.562917172908783 0.2504677176475525 0.2714485824108124
vn -0.3126000463962555 0.09434827417135239 0.6715645790100098
vn -0.27788805961608887 0.2452709674835205 0.638270378112793
vn 0.2155616581439972 0.13126160204410553 0.7144359946250916
vn 0.2823357880115509 0.1927829533815384 0.6593196988105774
vn 0.531001627445221 -0.016302788630127907 0.45503753423690796
vn 0.3453806936740875 0.24278555810451508 0.5918776392936707
vn 0.5372569561004639 -0.011769761331379414 0.44415760040283203
vn 0.42394816875457764 0.27835407853126526 0.4931378662586212
vn 0.5726266503334045 -0.01112884096801281 0.37517249584198
vn 0.6187422871589661 0.0017862232634797692 0.2475639134645462
vn -0.5299891233444214 0.0418270044028759 0.4504570960998535
vn -0.5542129874229431 0.040689319372177124 0.4069969654083252
vn -0.5802310705184937 0.060571134090423584 0.34679698944091797
vn -0.6235379576683044 0.19547246396541595 -0.11028742045164108
vn -0.5965451598167419 0.2790946960449219 -0.12621335685253143
vn -0.5477186441421509 0.35410866141319275 0.1653759479522705
vn -0.22621099650859833 0.382005512714386 0.5799724459648132
vn -0.16537323594093323 0.49156254529953003 0.5064002871513367
vn -0.09200571477413177 0.5752804279327393 0.4260313808917999
vn 0.49998676776885986 0.30391725897789 0.3597506284713745
vn 0.6481215357780457 0.023914605379104614 0.08333881199359894
vn -0.5955781936645508 0.2242213487625122 -0.2274155467748642
vn -0.5850688219070435 0.23156671226024628 -0.2589433789253235
vn -0.5855039954185486 0.30123886466026306 -0.1456654667854309
vn -0.590466320514679 0.22794847190380096 -0.24323749542236328
vn -0.5804442167282104 0.31427130103111267 -0.14377161860466003
vn -0.5816543102264404 0.3215675950050354 -0.10840924829244614
vn -0.500491738319397 0.4591841399669647 0.06683163344860077
vn -0.48575255274772644 0.47952303290367126 0.06048140302300453
vn -0.028317879885435104 0.6342724561691284 0.3391931354999542
vn 0.5597540140151978 0.32202237844467163 0.1820174902677536
vn 0.5802997350692749 0.3214247226715088 0.07268086075782776
vn 0.6513168215751648 0.029009830206632614 0.029098592698574066
vn 0.5949504971504211 0.2979053854942322 0.014140035957098007
vn 0.6505494117736816 0.011927463114261627 0.055787764489650726
vn 0.6521470546722412 0.002372013172134757 -0.01970706693828106
vn -0.6030257940292358 0.22273670136928558 -0.19636523723602295
vn -0.5928977131843567 0.30474159121513367 -0.03501693531870842
vn -0.4750007390975952 0.4911547005176544 0.0690724179148674
vn 0.03693314269185066 0.6816449761390686 0.22743572294712067
vn 0.08477132767438889 0.7074547410011292 0.11535335332155228
vn 0.13445918262004852 0.7138984203338623 -0.004611384589225054
vn 0.6049301028251648 0.26710450649261475 -0.08392767608165741
vn 0.6462669372558594 0.009427404962480068 -0.10678631067276001
vn -0.626332700252533 0.19479086995124817 -0.08110690116882324
vn -0.6343842148780823 0.170383483171463 -0.009389794431626797
vn -0.5979353785514832 0.2913147211074829 0.003915584646165371
vn -0.6342100501060486 0.17090879380702972 -0.024147095158696175
vn -0.596165120601654 0.2965581715106964 -0.008782221004366875
vn -0.5908353328704834 0.3098134696483612 -0.014371191151440144
vn -0.4467317759990692 0.5311021208763123 0.0048127849586308
vn -0.42384546995162964 0.5555949807167053 -0.056835245341062546
vn 0.17559927701950073 0.7004870772361755 -0.12948812544345856
vn 0.6014201045036316 0.24592682719230652 -0.1688515692949295
vn 0.5990698933601379 0.23146387934684753 -0.20331668853759766
vn 0.6487499475479126 0.01646118424832821 -0.08140421658754349
vn 0.5906005501747131 0.1919081211090088 -0.27556777000427246
vn 0.6513626575469971 0.01175903994590044 -0.04210050404071808
vn 0.6516067385673523 -0.008619091473519802 -0.035601790994405746
vn -0.6343252062797546 0.17065422236919403 -0.016768433153629303
vn -0.5808508396148682 0.3287869691848755 -0.07999518513679504
vn -0.3561300039291382 0.5936043858528137 -0.2066672444343567
vn 0.24297620356082916 0.641854465007782 -0.2839057147502899
vn 0.3180218040943146 0.5328736305236816 -0.41626062989234924
vn 0.3802317976951599 0.37490159273147583 -0.5212312340736389
vn 0.5666531920433044 0.13699862360954285 -0.3689703047275543
vn 0.6469759345054626 -0.06687009334564209 0.07523687183856964
vn -0.19927868247032166 0.5800880193710327 -0.4555720090866089
vn 0.026961803436279297 0.4538388252258301 -0.6465036869049072
vn 0.19098727405071259 0.2936994135379791 -0.7006417512893677
vn -0.2151363343000412 0.2999785244464874 -0.6874569058418274
vn -0.5537137389183044 0.16240194439888 -0.3874219059944153
vn -0.5285004377365112 0.368436723947525 -0.26210546493530273
vn -0.39657026529312134 0.3691202998161316 -0.5070982575416565
vn -0.618058979511261 0.17300356924533844 -0.18149763345718384
vn -0.6323512196540833 0.17319050431251526 -0.06421417742967606
vn -0.6346393823623657 0.1691039502620697 -0.006177742965519428
vn 0.04793795943260193 -0.710667610168457 -0.1203819215297699
vn -0.3088122308254242 0.2855094373226166 -0.6389296054840088
vn 0.30549412965774536 -0.18518541753292084 -0.6477175354957581
vn -0.5241081118583679 0.4171162247657776 0.10153577476739883
vn -0.5443162322044373 0.07978826761245728 -0.42842522263526917
vn 0.299270898103714 -0.12972259521484375 -0.6708294153213501
vn -0.26748043298721313 0.3477318286895752 -0.6348024010658264
vn -0.2807506322860718 0.21871311962604523 -0.6823948621749878
vn 0.11360537260770798 -0.7131167054176331 0.15975990891456604
vn -0.4557080864906311 -0.21978741884231567 0.5243191719055176
vn 0.6279276013374329 0.08640294522047043 0.18416985869407654
vn 0.5772866606712341 0.2776433825492859 0.189698725938797
vn 0.5946416258811951 0.26345449686050415 0.13490115106105804
vn -0.024623844772577286 0.6675927042961121 0.2666721045970917
vn 0.6063852310180664 0.24661125242710114 0.09773000329732895
vn -0.01477796584367752 0.6652745604515076 0.27322840690612793
vn -0.0049264575354754925 0.6627544164657593 0.27970045804977417
vn -0.6063967943191528 0.24527384340763092 0.10093358904123306
vn -0.6044939160346985 0.2445273995399475 0.11567717790603638
vn -0.6370222568511963 0.11723457276821136 0.10368838906288147
vn -0.6268643140792847 0.12029006332159042 0.1648941934108734
vn -0.6283329129219055 0.16167619824409485 0.10728339850902557
vn -0.6140266060829163 0.09965290874242783 0.23400026559829712
vn -0.6241908669471741 0.19726280868053436 0.06951572746038437
vn -0.6172926425933838 0.1351809799671173 0.19719478487968445
vn -0.6268764734268188 0.16512423753738403 0.11248867213726044
vn -0.5742466449737549 0.06046251952648163 0.3606715798377991
vn -0.635633111000061 0.08628583699464798 0.14317402243614197
vn -0.6397814750671387 0.05014404281973839 0.13921964168548584
vn -0.6510405540466309 -0.02195044793188572 0.045343779027462006
vn -0.6122305989265442 0.03953142464160919 -0.2696148753166199
vn -0.5805267095565796 -0.020677456632256508 -0.3543672561645508
vn -0.5805552005767822 0.05801061540842056 -0.35552024841308594
vn -0.5662514567375183 -0.03396761417388916 -0.38390812277793884
vn -0.5544943809509277 0.0692552849650383 -0.41038504242897034
vn -0.5615984797477722 -0.038708169013261795 -0.3926813006401062
vn -0.5158171057701111 -0.008121061138808727 -0.4779147505760193
vn -0.5467350482940674 -0.21085941791534424 -0.34600263833999634
vn -0.5585060119628906 -0.17785297334194183 -0.34292036294937134
vn -0.551192045211792 -0.1584332287311554 -0.370281845331192
vn -0.5775005221366882 -0.054608482867479324 -0.35474705696105957
vn -0.4333321452140808 0.28554561734199524 -0.5199374556541443
vn -0.17346112430095673 -0.09654700756072998 -0.7392089366912842
vn 0.16184112429618835 -0.25391677021980286 -0.6877300143241882
vn 0.6418531537055969 0.08894304931163788 0.09558510035276413
vn 0.6475837230682373 0.0779547318816185 0.03832397982478142
vn 0.6496561169624329 0.06641692668199539 -0.004147632978856564
vn 0.6150088310241699 0.22448988258838654 0.08469290286302567
vn -6.745305540251795e-14 0.6586712598800659 0.28928107023239136
vn -0.6025800108909607 0.2598797380924225 0.09200027585029602
vn -0.6343755125999451 0.14647860825061798 0.08210337162017822
vn -0.6318134069442749 0.17792144417762756 0.027552688494324684
vn -0.6277241706848145 0.19890427589416504 -0.008669925853610039
vn -0.6225080490112305 0.2146626114845276 0.027927521616220474
vn -0.630856454372406 0.17610295116901398 -0.07783757895231247
vn -0.6335576772689819 0.0949830636382103 -0.1634025275707245
vn -0.6155400276184082 0.07072056084871292 -0.2529875636100769
vn -0.5749926567077637 0.07138369232416153 -0.36671555042266846
vn -0.5481467247009277 0.07144511491060257 -0.4223504662513733
vn -0.4723096191883087 0.08269160240888596 -0.5382435917854309
vn -0.12024211883544922 0.12335182726383209 -0.7663429379463196
vn -0.38261041045188904 -0.050591420382261276 -0.6270467042922974
vn -0.3870495557785034 -0.13302721083164215 -0.6029322743415833
vn 0.6509158611297607 0.04180600866675377 -0.02950519323348999
vn 0.6210820078849792 0.19335098564624786 0.10551464557647705
vn 0.6192532181739807 0.16577307879924774 0.1577945202589035
vn -6.741442392385957e-14 0.6515832543373108 0.30512428283691406
vn 0.6151605844497681 0.1423753947019577 0.2002106010913849
vn -0.007390439510345459 0.6410958170890808 0.32704058289527893
vn -0.0061562699265778065 0.6456592679023743 0.3176819980144501
vn -0.5995224118232727 0.28598204255104065 0.016612105071544647
vn -0.5978939533233643 0.29242056608200073 -0.025371810421347618
vn -0.6236933469772339 0.21225935220718384 -0.04783700406551361
vn -0.6180273294448853 0.2177305817604065 -0.10828837007284164
vn -0.5915054082870483 0.19321806728839874 -0.27158746123313904
vn -0.6003813743591309 0.16335852444171906 -0.2633780241012573
vn -0.5506564378738403 0.15966151654720306 -0.39494335651397705
vn -0.5609809756278992 0.14413198828697205 -0.37899765372276306
vn -0.4678727686405182 0.10128899663686752 -0.5416048765182495
vn -0.556567370891571 0.08415063470602036 -0.4041410982608795
vn -0.4697941839694977 0.07299712300300598 -0.542307436466217
vn -0.4645322859287262 0.07850266247987747 -0.5483839511871338
vn 0.09302006661891937 0.08892320096492767 -0.7746782302856445
vn 0.625510036945343 -0.0010018323082476854 -0.22187837958335876
vn 0.5691124796867371 0.17474985122680664 -0.34658756852149963
vn 0.6476315855979919 -0.04182904586195946 0.08573376387357712
vn 0.6401365399360657 0.08851204812526703 0.11041724681854248
vn 0.6522093415260315 0.0010297640692442656 -0.0165063738822937
vn 0.6510833501815796 -0.036800090223550797 0.0316036120057106
vn 0.6479474902153015 -0.06284213066101074 0.06570547074079514
vn 0.6150918006896973 0.11732061952352524 0.21932671964168549
vn 0.049205563962459564 0.7126502990722656 0.11017820239067078
vn -0.5834454298019409 0.30252009630203247 -0.1558201014995575
vn -0.6133868098258972 0.21000775694847107 -0.15878254175186157
vn -0.5832422375679016 0.18794915080070496 -0.30105164647102356
vn -0.5475124716758728 0.15690778195858002 -0.4024350643157959
vn -0.44314083456993103 0.10220159590244293 -0.5709742307662964
vn -0.09708511084318161 -0.03468737006187439 -0.7695552110671997
vn -0.06820699572563171 0.025960391387343407 -0.7789730429649353
vn 0.02708577550947666 0.05022592470049858 -0.7830722332000732
vn 0.5906487703323364 -0.031793031841516495 -0.32773643732070923
vn 0.6491498351097107 -0.06717424839735031 0.03389774635434151
vn -0.524213433265686 0.2678016126155853 -0.38709086179733276
vn -0.4428938031196594 0.1585121750831604 -0.5604285597801208
vn -0.0648297592997551 -0.04993050917983055 -0.7722904682159424
vn 0.4379761517047882 -0.20704208314418793 -0.5197131633758545
vn 0.44956591725349426 -0.18481214344501495 -0.5168868899345398
vn 0.6116196513175964 -0.22584572434425354 -0.10784605145454407
vn 0.6172564029693604 -0.19483743607997894 -0.12870314717292786
vn 0.10965466499328613 0.4838697612285614 -0.6078556180000305
vn 0.024572856724262238 0.10426656156778336 -0.7811437845230103
vn 0.5493658185005188 -0.07059169560670853 -0.4094287157058716
vn 0.6345208287239075 -0.1572498232126236 -0.05650670826435089
vn 0.6495516896247864 0.05486328527331352 -0.04656482860445976
vn 0.6394574046134949 -0.12137354910373688 0.09336283057928085
vn 0.624738872051239 0.09347625821828842 0.19454580545425415
vn 0.640277624130249 -0.10412561893463135 0.10800956934690475
vn 0.6450514197349548 -0.08584940433502197 0.07848311960697174
vn 0.32866930961608887 0.06861580908298492 -0.6765202283859253
vn 0.5115267038345337 -0.058290597051382065 -0.4767340421676636
vn 0.6444824934005737 -0.0883510634303093 -0.06902442872524261
vn -0.46452826261520386 0.506121039390564 0.05309680849313736
vn 0.3138601779937744 0.09924115240573883 -0.6846194863319397
vn -0.6155855655670166 0.20134232938289642 -0.15880617499351501
vn -0.5598723292350769 0.021524578332901 0.3989633619785309
vn 0.4064955711364746 -0.2267231047153473 -0.544130802154541
vn 0.3901548683643341 0.1794549971818924 -0.610062301158905
vn 0.6414549946784973 -0.012710354290902615 0.14262281358242035
vn 0.6326859593391418 0.14470604062080383 0.10016971826553345
vn 0.5900285840034485 0.011168835684657097 -0.33410879969596863
vn 0.5071406960487366 0.009359383955597878 -0.4923543930053711
vn 0.5424176454544067 0.02498790994286537 -0.4354000687599182
vn 0.5034669637680054 0.01753542572259903 -0.49811500310897827
vn 0.6114116311073303 0.05449502170085907 -0.2704322636127472
vn 0.5778713822364807 0.00018604815704748034 -0.36277714371681213
vn 0.6253786087036133 0.04535892978310585 -0.22057899832725525
vn 0.6284272074699402 -0.012422547675669193 -0.2084256112575531
vn 0.6347875595092773 0.04479207843542099 -0.17711825668811798
vn 0.6358310580253601 0.05851549282670021 -0.16769805550575256
vn 0.5859149098396301 0.3043830096721649 -0.13360904157161713
vn 0.5790383815765381 0.32315903902053833 -0.12573836743831635
vn 0.04552425816655159 0.7030240893363953 0.15417024493217468
vn 0.054103534668684006 0.6979304552078247 0.17063628137111664
vn -0.49433469772338867 0.3541510999202728 0.3149113655090332
vn -0.49787017703056335 0.3519384562969208 0.3102889657020569
vn -0.5929004549980164 0.15897245705127716 0.26619753241539
vn -0.49146363139152527 0.34417960047721863 0.33283162117004395
vn -0.5994053483009338 0.14742214977741241 0.25402453541755676
vn -0.49717244505882263 0.334687203168869 0.3325237035751343
vn -0.6026196479797363 0.13796263933181763 0.25005921721458435
vn -0.6028779149055481 0.12335295230150223 0.25858232378959656
vn 0.5374008417129517 0.03438916802406311 -0.4442739486694336
vn 0.4576539099216461 0.015232956036925316 -0.5580386519432068
vn 0.5586291551589966 0.005940273404121399 -0.4041389524936676
vn 0.6263327598571777 -0.008551916107535362 -0.2177594006061554
vn 0.6389753818511963 -0.010954765602946281 -0.15624982118606567
vn 0.6346111297607422 0.07114981859922409 -0.1697331815958023
vn 0.574288010597229 0.3379855453968048 -0.10873996466398239
vn 0.05289101600646973 0.6912868618965149 0.1939888596534729
vn 0.06389778107404709 0.6712011694908142 0.24937030673027039
vn 0.06392951309680939 0.6661627292633057 0.2623089849948883
vn -0.5015919804573059 0.32422342896461487 0.33546867966651917
vn 0.6404338479042053 -0.014911294914782047 -0.14677925407886505
vn 0.6409043073654175 -0.009924806654453278 -0.14468897879123688
vn 0.6421946883201599 -0.0012410357594490051 -0.1373336911201477
vn 0.6345345377922058 0.0811745747923851 -0.16553093492984772
vn 0.6435994505882263 0.01239776611328125 -0.1278986930847168
vn 0.6354303359985352 0.09358184784650803 -0.152998685836792
vn 0.634329080581665 0.10490718483924866 -0.15191875398159027
vn 0.5767094492912292 0.338956743478775 -0.07208812981843948
vn 0.575457751750946 0.3422063887119293 -0.06707782298326492
vn 0.06394171714782715 0.6609207391738892 0.2751675546169281
vn -0.5041837096214294 0.3059520721435547 0.349709689617157
vn 0.6446733474731445 -0.015572983771562576 -0.11726615577936172
vn 0.6450377702713013 -0.016868440434336662 -0.11407512426376343
vn 0.6430859565734863 -0.016540635377168655 -0.12886102497577667
vn 0.641240656375885 0.01901610754430294 -0.1436864137649536
vn 0.629200279712677 0.11901620030403137 -0.17156833410263062
vn 0.5767094492912292 0.338956743478775 -0.07208812981843948
vn 0.07371850311756134 0.6516227126121521 0.29385343194007874
vn 0.06394050270318985 0.662250280380249 0.27196064591407776
vn 0.6437740325927734 -0.025552814826369286 -0.12144958227872849
vn 0.6363482475280762 -0.016959017142653465 -0.1698697954416275
vn 0.6178964972496033 -0.0006068316288292408 -0.2506736218929291
vn 0.5680341720581055 0.026825539767742157 -0.38539376854896545
vn 0.4422537386417389 0.04518843814730644 -0.5761001110076904
vn 0.012342733331024647 0.010620706714689732 -0.7823671698570251
vn -0.15336139500141144 0.09876586496829987 -0.7599926590919495
vn -0.38211336731910706 -0.04213407635688782 -0.6288307905197144
vn -0.41328325867652893 0.0691135972738266 -0.6055954098701477
vn -0.5178718566894531 0.06478983908891678 -0.47525349259376526
vn -0.4201473593711853 0.194200336933136 -0.5755777359008789
vn -0.5347853899002075 0.18586492538452148 -0.41528385877609253
vn -0.6229254603385925 0.1652984619140625 -0.16306129097938538
vn -0.6405633687973022 0.05051475390791893 -0.14158563315868378
vn -0.5552842617034912 -0.04817856103181839 -0.403408408164978
vn -0.3248522877693176 -0.1614072471857071 -0.6433725953102112
vn 0.23163515329360962 -0.07781887799501419 -0.7201828956604004
vn 0.5534257292747498 -0.001311086118221283 -0.4138001501560211
vn 0.612909197807312 -0.036468505859375 -0.26210227608680725
vn 0.6289172768592834 -0.0526387095451355 -0.19590134918689728
vn 0.6367127299308777 -0.030862728133797646 -0.16459499299526215
vn -0.6396265625953674 -0.04263049736618996 -0.14352275431156158
vn -0.5969541668891907 -0.1511242687702179 -0.2592439353466034
vn -0.6010457277297974 -0.20623591542243958 -0.19345559179782867
vn -0.23412054777145386 -0.29239484667778015 -0.6371349096298218
vn -0.5934569835662842 -0.22471894323825836 -0.20120345056056976
vn -0.16384974122047424 -0.40250900387763977 -0.591850221157074
vn -0.1501232087612152 -0.5559331774711609 -0.4325984716415405
vn 0.47856077551841736 -0.22116142511367798 -0.45897382497787476
vn 0.45015111565589905 -0.23567020893096924 -0.4887305200099945
vn 0.5932393670082092 -0.07361672818660736 -0.3099333345890045
vn 0.622269868850708 -0.0457407683134079 -0.2260482758283615
vn 0.6331835389137268 -0.0632493868470192 -0.17075444757938385
vn 0.6399258375167847 -0.01989397592842579 -0.1488679200410843
vn 0.644834041595459 -0.06016664579510689 -0.09478393197059631
vn 0.6399258375167847 -0.01989397592842579 -0.1488679200410843
vn 0.6394762992858887 -0.012247497215867043 -0.15308482944965363
vn 0.6368277072906494 0.029533812776207924 -0.16882257163524628
vn 0.632328450679779 0.03871852532029152 -0.19064399600028992
vn 0.6232336759567261 0.12434105575084686 -0.19829705357551575
vn 0.5749544501304626 0.33881399035453796 -0.09756632894277573
vn 0.5677613019943237 0.34874430298805237 -0.12217740714550018
vn 0.5647503733634949 0.350443959236145 -0.13928423821926117
vn -0.6465880274772644 -0.09365851432085037 0.03405363857746124
vn -0.6415396332740784 -0.10264574736356735 0.09750081598758698
vn -0.6462589502334595 -0.09841760993003845 0.024554787203669548
vn -0.6046318411827087 -0.2732102572917938 -0.007522210478782654
vn -0.11269550770521164 -0.6619220972061157 -0.2530050575733185
vn 0.4693922698497772 -0.24651466310024261 -0.4559178948402405
vn 0.564548671245575 -0.09870802611112595 -0.3697560727596283
vn 0.621950626373291 -0.11830071359872818 -0.19011878967285156
vn 0.6385822296142578 -0.1255655437707901 -0.07709983736276627
vn 0.6378693580627441 -0.055029455572366714 -0.14872023463249207
vn 0.6308633685112 0.0011119075352326035 -0.19909219443798065
vn 0.6223980188369751 0.05551232770085335 -0.2307484894990921
vn 0.6155400276184082 0.1308172196149826 -0.2277957946062088
vn 0.6099292635917664 0.13340182602405548 -0.2479482740163803
vn -0.6456825137138367 -0.10339085012674332 0.02247007004916668
vn -0.5790772438049316 -0.2911328673362732 0.20285649597644806
vn -0.5956555604934692 -0.2790110111236572 0.1334613412618637
vn -0.040605638176202774 -0.6779360771179199 -0.23715253174304962
vn -0.6000276207923889 -0.28526902198791504 0.054254673421382904
vn -0.008617660962045193 -0.6882042288780212 -0.21142257750034332
vn 0.02338363416492939 -0.7256687879562378 -0.03582458943128586
vn 0.5853481292724609 -0.27214697003364563 -0.1648685187101364
vn 0.5495067238807678 -0.3077564537525177 -0.23974579572677612
vn 0.6175236105918884 -0.1402738094329834 -0.1918966919183731
vn 0.6207091808319092 -0.06320010870695114 -0.2260509729385376
vn 0.6116508841514587 -0.06740570068359375 -0.2569810152053833
vn 0.6153355240821838 0.003267101477831602 -0.25983306765556335
vn 0.6143109202384949 -0.06510686129331589 -0.24875040352344513
vn 0.6170546412467957 0.0006844693562015891 -0.2537316381931305
vn 0.6442423462867737 -0.020564641803503036 -0.1193585991859436
vn 0.6232336759567261 0.054226167500019073 -0.22768832743167877
vn -0.630043089389801 -0.10147279500961304 0.17892231047153473
vn -0.6206988096237183 -0.0843895897269249 0.22941206395626068
vn -0.638816773891449 -0.07450201362371445 0.14260555803775787
vn -0.5680215358734131 -0.30928611755371094 0.2194952517747879
vn 0.06021464988589287 -0.7255184054374695 0.1189953163266182
vn 0.558125376701355 -0.31266161799430847 -0.2043779194355011
vn 0.597287654876709 -0.14360395073890686 -0.26341521739959717
vn 0.6120071411132812 -0.13445821404457092 -0.219123974442482
vn 0.6201552152633667 -0.12189210206270218 -0.1953367292881012
vn 0.6403816342353821 -0.07198163866996765 -0.12222189456224442
vn -0.6281603574752808 -0.07783705741167068 0.199724018573761
vn -0.5347933173179626 -0.3083517551422119 0.3262415826320648
vn -0.5828914642333984 -0.3057944178581238 0.15088896453380585
vn 0.07607241719961166 -0.7223870754241943 0.133358433842659
vn -0.5828343629837036 -0.2990000545978546 0.16793882846832275
vn 0.12890063226222992 -0.6913431882858276 0.2544538676738739
vn 0.28735846281051636 -0.4988076388835907 0.4940207898616791
vn 0.6098436713218689 -0.2412547469139099 -0.0841929167509079
vn 0.6258836984634399 -0.20557457208633423 0.03202560916543007
vn 0.6403202414512634 -0.11302319914102554 -0.07936668395996094
vn 0.6493484973907471 -0.06584922224283218 0.030698126181960106
vn 0.6394855380058289 -0.055655911564826965 0.1468171328306198
vn -0.6014791131019592 -0.07207455486059189 0.2981661558151245
vn -0.6457124352455139 -0.05348718538880348 0.09950623661279678
vn -0.6504833698272705 -0.052982281893491745 0.021061163395643234
vn -0.4683411419391632 -0.29475462436676025 0.46601834893226624
vn 0.3768306076526642 -0.26067984104156494 0.5938409566879272
vn 0.6036840081214905 -0.14086760580539703 0.26584580540657043
vn 0.6404575705528259 -0.0867515578866005 0.1226976066827774
vn 0.6165086030960083 -0.05321507155895233 0.2532030940055847
vn -0.6255824565887451 -0.06919664144515991 0.2141999751329422
vn -0.282134085893631 -0.22623895108699799 0.6792401075363159
vn -0.1771203726530075 -0.11744476109743118 0.7507736086845398
vn 0.3748299181461334 -0.116524837911129 0.6364418268203735
vn -0.11281908303499222 0.02901390753686428 0.7671769857406616
vn 0.34504440426826477 -0.011384600773453712 0.6642289161682129
vn 0.2972681224346161 0.08221045136451721 0.6840844750404358
vn 0.5166357159614563 -0.020543253049254417 0.4783931374549866
vn 0.5023233294487 0.033758655190467834 0.4949270784854889
vn -0.6030516028404236 -0.062121693044900894 0.29536569118499756
vn -0.6036201119422913 -0.033497992902994156 0.29685965180397034
vn -0.6412070393562317 0.06317214667797089 0.12227088212966919
vn -0.08659971505403519 0.1479623168706894 0.7473114728927612
vn -0.5403194427490234 0.16999681293964386 0.3856697380542755
vn -0.1354711949825287 0.21022900938987732 0.7150002121925354
vn -0.46128615736961365 0.16447649896144867 0.5115960836410522
vn -0.4367780387401581 0.15379436314105988 0.545244574546814
vn 0.5474063754081726 -0.07764730602502823 0.42294996976852417
vn 0.5754989385604858 0.33957439661026 -0.08638006448745728
vn -0.18909719586372375 0.1914042979478836 -0.7342047691345215
vn 0.2506274878978729 0.10700014978647232 -0.7207781076431274
vn -0.597836971282959 0.24720916152000427 -0.18610669672489166
vn -0.5736700892448425 0.3431478440761566 -0.08850907534360886
vn -0.5833621621131897 0.3270385265350342 -0.036745429039001465
vn -0.5235195755958557 0.41735678911209106 -0.1672976166009903
vn -0.5385127663612366 0.28780698776245117 -0.3380443751811981
vn -0.5043090581893921 0.42613738775253296 -0.22799760103225708
vn -0.48195135593414307 0.3208066523075104 -0.4242367446422577
vn -0.528268575668335 0.3988470435142517 -0.19907407462596893
vn -0.4938278794288635 0.31852710247039795 -0.40487706661224365
vn -0.5334758758544922 0.30356231331825256 -0.33462196588516235
vn -0.4264649748802185 0.0497174933552742 -0.5929749011993408
vn -0.4863908290863037 0.061243683099746704 -0.5214963555335999
vn 0.17627650499343872 -0.6085265278816223 -0.3321506679058075
vn 0.12244917452335358 -0.5906893610954285 -0.39185065031051636
vn -0.6026530861854553 0.2504557967185974 -0.15262511372566223
vn -0.5533758401870728 0.3765580356121063 -0.12478432804346085
vn -0.5532273650169373 0.36829474568367004 -0.15651705861091614
vn -0.5241599082946777 0.07729268819093704 -0.4638776183128357
vn 0.09814775735139847 -0.5460832715034485 -0.4648860991001129
vn -0.5932272672653198 0.26319411396980286 -0.18294823169708252
vn 0.5650111436843872 -0.2610401511192322 -0.25366583466529846
vn 0.558822751045227 0.26794975996017456 -0.3042283356189728
vn 0.1140993982553482 0.15986423194408417 0.7383795976638794
vn 0.09876876324415207 0.21727535128593445 0.7205299735069275
vn 0.07817050814628601 0.15295280516147614 0.7471157312393188
vn 0.0793861374258995 0.1495375782251358 0.7479718327522278
vn 0.07944741100072861 0.2027902454137802 0.7296604514122009
vn 0.02703704871237278 0.1536596417427063 0.7519744038581848
vn 0.06274116039276123 0.727517306804657 -0.03728223592042923
vn 0.020888958126306534 0.209757462143898 0.7325810194015503
vn -0.05393781140446663 0.228267103433609 0.7225615382194519
vn -0.03927737474441528 0.1588670313358307 0.7495948672294617
vn -0.11881612241268158 0.15843862295150757 0.7377820014953613
vn -0.06510978192090988 0.7274445295333862 -0.057919543236494064
vn 0.0024644979275763035 0.7306770086288452 -0.02903582528233528
vn -0.018505379557609558 0.19803296029567719 -0.767257809638977
vn -0.04334154725074768 0.19254867732524872 -0.7670033574104309
vn 0.02331683039665222 0.1801237314939499 -0.7708379030227661
vn 0.03201095759868622 -0.006978265009820461 -0.7802767753601074
vn 0.018476486206054688 -0.08480069041252136 -0.7697563171386719
vn -0.5831177234649658 0.2766838073730469 -0.20891337096691132
vn -0.6025710105895996 0.27255797386169434 0.04844265803694725
vn 0.5775945782661438 0.15763327479362488 -0.3338986039161682
vn 0.24046744406223297 0.6105505228042603 0.2728731632232666
vn -0.4324673116207123 0.2206549495458603 0.5188941955566406
vn -0.465473473072052 0.23565015196800232 0.4684509336948395
vn -0.54137122631073 0.07259728759527206 0.4237252473831177
vn -0.505975604057312 0.24201826751232147 0.40179443359375
vn -0.574325442314148 0.07966114580631256 0.3547992706298828
vn -0.5225750803947449 0.24343113601207733 0.37040990591049194
vn -0.574454665184021 0.0929177775979042 0.3498515486717224
vn -0.5489639639854431 0.10825462639331818 0.3979610204696655
vn 0.5923939347267151 0.1719607710838318 -0.2839294373989105
vn 0.1987709254026413 0.6298704147338867 0.26968008279800415
vn 0.13205799460411072 0.6568952798843384 0.25466084480285645
vn 0.10784190148115158 0.6453241109848022 0.2949760854244232
vn -0.5091165900230408 0.24938829243183136 0.39072638750076294
vn -0.5272335410118103 0.12358760088682175 0.43164393305778503
vn 0.6036950945854187 0.21054886281490326 -0.20855306088924408
vn 0.6138706207275391 0.22073894739151 -0.1361943930387497
vn 0.6207749843597412 0.21580171585083008 -0.0833745002746582
vn 0.6152841448783875 0.06571736186742783 -0.2550848424434662
vn 0.6133884787559509 0.06826777756214142 -0.2611166834831238
vn 0.6238751411437988 0.06924392282962799 -0.22139307856559753
vn 0.6015989184379578 0.027235351502895355 -0.30299249291419983
vn 0.4508671462535858 0.09607473015785217 -0.5628841519355774
vn -0.049197107553482056 -0.49188196659088135 -0.5380465984344482
vn -0.27392157912254333 0.09577980637550354 -0.709361732006073
vn 0.5393974184989929 -0.027438722550868988 0.4407973885536194
vn 0.15942931175231934 0.052086200565099716 0.7520763278007507
vn 0.16390396654605865 -0.03720110282301903 0.7584823966026306
vn -0.32064804434776306 -0.03363722190260887 0.6824287176132202
vn 0.2021944373846054 -0.19193001091480255 0.728951632976532
vn -0.32396483421325684 -0.16146589815616608 0.6684867739677429
vn -0.3216315805912018 -0.26972854137420654 0.636444628238678
vn -0.48316705226898193 -0.1260635107755661 0.5172459483146667
vn -0.510991632938385 -0.18340849876403809 0.4585733413696289
vn -0.5902770757675171 -0.11557649821043015 0.3178175091743469
vn -0.6198199391365051 -0.05936441197991371 0.2399023026227951
vn -0.6445218920707703 -0.04745347052812576 0.11320377886295319
vn -0.6496652960777283 -0.019275683909654617 -0.06638141721487045
vn -0.6454871892929077 0.023442665114998817 -0.1121005266904831
vn -0.6336904168128967 -0.001567372353747487 -0.18553809821605682
vn -0.6328696012496948 0.03492108732461929 -0.1885797530412674
vn -0.6320413947105408 0.033718906342983246 -0.19273978471755981
vn -0.6295727491378784 0.06772781163454056 -0.19670341908931732
vn -0.6279429197311401 0.06530462205410004 -0.20497745275497437
vn -0.6195271015167236 0.1344478279352188 -0.2084282785654068
vn -0.5724257826805115 0.3415341079235077 -0.11085175722837448
vn -0.5722361207008362 0.3436324894428253 -0.10276872664690018
vn -0.5736700892448425 0.3431478440761566 -0.08850907534360886
vn -0.06394050270318985 0.662250280380249 0.27196064591407776
vn -0.5779970288276672 0.3372771143913269 -0.06183590739965439
vn -0.06394171714782715 0.6609207391738892 0.2751675546169281
vn -0.06884263455867767 0.6604108810424805 0.27495381236076355
vn 0.5067429542541504 0.3245387375354767 0.32459840178489685
vn 0.5031141042709351 0.3362901508808136 0.31848961114883423
vn 0.6085059642791748 0.14251935482025146 0.2261979877948761
vn 0.5680640339851379 -0.026978617534041405 0.38532960414886475
vn 0.6195493936538696 -0.020652608945965767 0.24536123871803284
vn 0.651235044002533 -0.0414358451962471 0.014619390480220318
vn 0.22721996903419495 -0.3318710923194885 0.666353166103363
vn -0.31421035528182983 -0.3853851556777954 0.5765708088874817
vn -0.5709897875785828 -0.21490569412708282 0.3165432810783386
vn -0.6268211007118225 -0.11165347695350647 0.18917113542556763
vn -0.6482639908790588 -0.08137021213769913 -0.0021205954253673553
vn -0.6362361311912537 -0.057312581688165665 -0.15712039172649384
vn -0.6304634213447571 0.004979743622243404 -0.20113079249858856
vn -0.6353181004524231 0.027178892865777016 -0.1771627962589264
vn -0.6301239728927612 0.058919135481119156 -0.19676026701927185
vn -0.6212583780288696 0.13190048933029175 -0.20232200622558594
vn -0.6252188682556152 0.12798872590065002 -0.18594162166118622
vn -0.6332287788391113 0.11372580379247665 -0.15188586711883545
vn -0.5836987495422363 0.32612812519073486 -0.040812209248542786
vn -0.06883475184440613 0.6643613576889038 0.26531755924224854
vn 0.49013853073120117 0.34116441011428833 0.3389063775539398
vn 0.5924371480941772 0.1504541039466858 0.2735949158668518
vn 0.6250707507133484 -0.13912206888198853 0.1776566505432129
vn 0.27067264914512634 -0.39092227816581726 0.6051837205886841
vn 0.36446648836135864 -0.4234606623649597 0.49620959162712097
vn -0.2770673334598541 -0.5286883115768433 0.46594271063804626
vn 0.4458000957965851 -0.42483869194984436 0.3777572214603424
vn -0.20726235210895538 -0.6526764631271362 0.29931312799453735
vn -0.13880476355552673 -0.710638701915741 0.13177435100078583
vn -0.6178331971168518 -0.2229347825050354 -0.061462681740522385
vn -0.6046044826507568 -0.2224021703004837 -0.15528453886508942
vn -0.6264830827713013 -0.04737772420048714 -0.20841600000858307
vn -0.6359708905220032 -0.0005440566455945373 -0.17406392097473145
vn -0.6428849697113037 -0.006396793294698 -0.1320568174123764
vn -0.640211820602417 0.021669656038284302 -0.1499791294336319
vn -0.6492554545402527 -0.01657320372760296 -0.07275748997926712
vn -0.6480534672737122 0.005262077786028385 -0.0898423045873642
vn -0.6514947414398193 -0.007274596020579338 -0.038799531757831573
vn -0.6429755091667175 0.03639301657676697 -0.12898559868335724
vn -0.6498708724975586 0.013614478521049023 -0.0676070898771286
vn -0.6419374942779541 0.09149685502052307 -0.10588676482439041
vn -0.5825835466384888 0.32707855105400085 -0.0624510757625103
vn -0.5813024640083313 0.32574835419654846 -0.09217576682567596
vn -0.06880583614110947 0.6694510579109192 0.25239863991737366
vn -0.5830485224723816 0.32213836908340454 -0.09005770087242126
vn -0.06880583614110947 0.6694510579109192 0.25239863991737366
vn -0.06883475184440613 0.6643613576889038 0.26531755924224854
vn 0.4812195897102356 0.34488895535469055 0.3514474332332611
vn 0.47943899035453796 0.3422219753265381 0.3576296865940094
vn 0.5824585556983948 0.15642774105072021 0.29792487621307373
vn 0.5697199106216431 0.15278474986553192 0.33241209387779236
vn 0.5980077385902405 -0.17953479290008545 0.26006773114204407
vn 0.5812804102897644 -0.19658249616622925 0.3008076548576355
vn 0.5888645648956299 -0.19805800914764404 0.2764141857624054
vn 0.5031347870826721 -0.41145461797714233 0.26369741559028625
vn -0.08463625609874725 -0.7224165797233582 -0.009552059695124626
vn -0.5987358093261719 -0.2271340936422348 -0.1760241538286209
vn -0.6318688988685608 -0.04920290783047676 -0.18338602781295776
vn -0.6398209929466248 -0.05787109583616257 -0.13499699532985687
vn -0.6444186568260193 -0.06639579683542252 -0.09364249557256699
vn -0.6510929465293884 -0.02497291937470436 -0.038695160299539566
vn -0.6504823565483093 -0.008079086430370808 -0.05793178081512451
vn -0.6480534672737122 0.005262077786028385 -0.0898423045873642
vn -0.6408357620239258 0.07674220949411392 -0.12689340114593506
vn -0.6352653503417969 0.06984355300664902 -0.1666169911623001
vn -0.6357881426811218 0.0560106597840786 -0.16874805092811584
vn -0.5901190638542175 0.30855149030685425 -0.07021738588809967
vn 0.5475766062736511 0.1399938315153122 0.38706257939338684
vn 0.6073606610298157 -0.18567244708538055 0.21898095309734344
vn 0.5447339415550232 -0.3841056525707245 0.15689852833747864
vn 0.574209451675415 -0.3467462658882141 0.039529405534267426
vn -0.0430387482047081 -0.7088185548782349 -0.1306721419095993
vn 0.5897433757781982 -0.2980574667453766 -0.07791219651699066
vn -0.014776554889976978 -0.6678953170776367 -0.2667989432811737
vn -0.001231981674209237 -0.6268284916877747 -0.35480672121047974
vn -0.598501980304718 -0.24114203453063965 -0.15562883019447327
vn -0.5986621975898743 -0.24255137145519257 -0.1524624079465866
vn -0.6471510529518127 -0.06850925832986832 -0.06070699542760849
vn -0.6501726508140564 -0.019429020583629608 -0.05893232300877571
vn -0.6388511657714844 0.001684620976448059 -0.15835659205913544
vn -0.6422552466392517 0.007553671952337027 -0.13736221194267273
vn -0.6372119784355164 0.005642719566822052 -0.1677820384502411
vn -0.6422552466392517 0.007553671952337027 -0.13736221194267273
vn -0.6333550214767456 0.019778279587626457 -0.18760372698307037
vn -0.6396688222885132 -0.0034724841825664043 -0.15311335027217865
vn -0.6351430416107178 -0.001743252039887011 -0.17825175821781158
vn -0.6369220614433289 0.048391301184892654 -0.1645960509777069
vn 0.6227644085884094 -0.1749938726425171 0.15173882246017456
vn 0.6353223323822021 -0.15484881401062012 0.0756179466843605
vn 0.6428170204162598 -0.12237149477005005 -0.015546479262411594
vn 0.5925244092941284 -0.2666352391242981 -0.1399969756603241
vn 0.01600983738899231 -0.5932645201683044 -0.4114497900009155
vn -0.5953193306922913 -0.2392161637544632 -0.1735905110836029
vn -0.6458355188369751 -0.0719914510846138 -0.07344858348369598
vn -0.6334507465362549 -0.053162649273872375 -0.17394283413887024
vn -0.6146790385246277 -0.03284414857625961 -0.2569741904735565
vn -0.6201484203338623 0.03680967912077904 -0.2421828806400299
vn 0.64329594373703 -0.10500980913639069 -0.05719315633177757
vn 0.5957168936729431 -0.24943961203098297 -0.15534988045692444
vn 0.6018179655075073 -0.23843102157115936 -0.14321795105934143
vn 0.06395500153303146 -0.5270013809204102 -0.49642255902290344
vn 0.6068720817565918 -0.22028525173664093 -0.1468859314918518
vn 0.1365749090909958 -0.42058759927749634 -0.5862487554550171
vn 0.24727067351341248 -0.24509629607200623 -0.6557043194770813
vn -0.501867949962616 -0.18578658998012543 -0.444145143032074
vn -0.3405810296535492 -0.10019943863153458 -0.6505122184753418
vn -0.5567124485969543 0.01928863115608692 -0.4084639549255371
vn -0.5802338719367981 0.08026128262281418 -0.35293570160865784
vn 0.6439815759658813 -0.11212596297264099 -0.02630040794610977
vn 0.6437313556671143 -0.11828193068504333 0.01622791402041912
vn 0.643230140209198 -0.11767900735139847 0.042718540877103806
vn 0.6052899360656738 -0.16966313123703003 -0.21536175906658173
vn 0.33744800090789795 -0.07537681609392166 -0.6584718823432922
vn -0.09310726076364517 0.010645823553204536 -0.7745042443275452
vn -0.43778616189956665 0.08288765698671341 -0.5790703892707825
vn -0.30186259746551514 0.14652614295482635 -0.6862263679504395
vn 0.644103467464447 -0.10912982374429703 0.05004405975341797
vn 0.5884498953819275 -0.09411240369081497 -0.31496092677116394
vn 0.5669936537742615 -0.019423671066761017 -0.3845974802970886
vn 0.3795165717601776 0.023803984746336937 -0.6371659636497498
vn 0.5570395588874817 0.06449975073337555 -0.4058862626552582
vn 0.3990953862667084 0.12870381772518158 -0.6126720905303955
vn 0.4020729959011078 0.2368508130311966 -0.5791004300117493
vn 0.2093571573495865 0.18018563091754913 -0.7285947799682617
vn 0.6468349695205688 -0.09116604924201965 0.035098444670438766
vn 0.6489683985710144 -0.07312771677970886 0.02013370394706726
vn -0.6161124110221863 -0.22264361381530762 0.11354491859674454
vn 0.5757544040679932 -0.06553521007299423 -0.3558504581451416
vn -0.6335576772689819 0.04992638900876045 -0.182289719581604
vn -0.6412582993507385 0.0013578229118138552 -0.143671914935112
vn -0.6010788679122925 -0.23309975862503052 -0.15601378679275513
vn -0.6252046823501587 0.20721031725406647 -0.04251541197299957
vn 0.101836659014225 0.09340289980173111 -0.7728003859519958
vn -0.20840755105018616 0.05481753498315811 -0.7426523566246033
vn -0.567693829536438 -0.2201106697320938 -0.28816214203834534
vn 0.628320574760437 -0.05135974660515785 -0.19905036687850952
vn -0.5478963851928711 0.09355143457651138 -0.41947388648986816
vn 0.0774017944931984 -0.5232160091400146 -0.4983997344970703
vn -0.348527193069458 -0.27517855167388916 -0.570850133895874
vn -0.6377007961273193 0.13317883014678955 0.07276492565870285
vn -0.11769871413707733 -0.1427217423915863 -0.7428269982337952
vn -0.6051638722419739 0.23230336606502533 -0.17098797857761383
vn -0.5229330062866211 0.30273228883743286 -0.360103040933609
vn -0.5822306871414185 0.31069639325141907 -0.14170098304748535
vn -0.5098059177398682 0.33122363686561584 -0.3605051636695862
vn -0.6239287257194519 0.20254869759082794 0.05667904019355774
vn -0.6300716996192932 0.155950129032135 -0.12685468792915344
vn -0.646451473236084 0.0032387597020715475 0.1046256273984909
vn -0.6471819281578064 -0.061864204704761505 0.07733528316020966
vn -0.5994526147842407 -0.07703711092472076 0.3030334711074829
vn -0.6377366185188293 -0.047408849000930786 -0.1529688686132431
vn -0.609748363494873 0.1828160434961319 0.18363827466964722
vn -0.6097834706306458 0.25720053911209106 0.019510695710778236
vn -0.6049301028251648 0.26710450649261475 -0.08392767608165741
vn -0.6181308031082153 0.14321111142635345 -0.20833434164524078
vn -0.6503689289093018 -0.04400650039315224 -0.03538500890135765
vn -0.5087291598320007 0.31387820839881897 -0.37996891140937805
vn -0.07414964586496353 0.13522839546203613 -0.773399293422699
vn -0.5685372352600098 -0.029435623437166214 0.3842996656894684
vn -0.6213310956954956 0.20148342847824097 0.08634144067764282
vn -0.4115726053714752 0.08609188348054886 -0.6060614585876465
vn -0.5098991990089417 -0.047535791993141174 0.4885826110839844
vn 0.6158698201179504 0.23308177292346954 -0.08349782228469849
vn 0.5944844484329224 0.15576286613941193 -0.28728821873664856
vn 0.21096155047416687 -0.6908940672874451 0.014254521578550339
vn 0.5948687791824341 -0.2742939889431 -0.10933426022529602
vn -0.6321268081665039 0.15891684591770172 0.07979030907154083
vn -0.5864730477333069 0.15956664085388184 0.28470689058303833
vn -0.4976649284362793 0.3363955318927765 0.32956862449645996
vn -0.4899675250053406 0.2986657917499542 0.38280996680259705
vn 0.07367628067731857 0.6713722348213196 0.24568068981170654
vn -0.486585795879364 0.2635518014431 0.41786566376686096
vn 0.1089763343334198 0.6056164503097534 0.3720666766166687
vn 0.11030635982751846 0.6122199296951294 0.35990288853645325
vn 0.6186098456382751 0.22872330248355865 -0.05948380008339882
vn -0.5706555843353271 0.15411768853664398 0.32939133048057556
vn -0.5420088768005371 0.1443120837211609 0.3958202600479126
vn -0.478992760181427 0.34913021326065063 -0.4037202298641205
vn 0.6050910949707031 0.2626333236694336 -0.100433848798275
vn 0.1737191528081894 -0.6879989504814148 -0.11087948828935623
vn 0.6321954131126404 0.16871191561222076 -0.08093581348657608
vn 0.20923985540866852 -0.689787745475769 0.11747867614030838
vn 0.22407658398151398 -0.6476631760597229 0.29293182492256165
vn 0.6482840776443481 0.011212816461920738 0.085512675344944
vn -0.22599665820598602 -0.6848697662353516 0.013254628516733646
vn -0.6523338556289673 0.0043391757644712925 0.0037010519299656153
vn -0.1766725480556488 -0.7020694017410278 0.10567781329154968
vn -0.1040482446551323 -0.7184979319572449 -0.018552564084529877
vn -0.6469375491142273 -0.04198763146996498 0.0931374728679657
vn -0.6460901498794556 0.0591910183429718 0.0831134244799614
vn -0.6238221526145935 0.2081885188817978 0.03648208826780319
vn -0.6286157369613647 0.18017040193080902 -0.09462223201990128
vn -0.6433621048927307 0.06487327069044113 0.10425805300474167
vn -0.646247148513794 -0.08669467270374298 0.059448596090078354
vn -0.04427395761013031 -0.6728628873825073 -0.250066876411438
vn -0.6168805360794067 -0.06279465556144714 -0.24049727618694305
vn -0.4753747284412384 0.0001416447339579463 -0.5353965163230896
vn -0.40676265954971313 0.03383094444870949 -0.6126933097839355
vn 0.1999926120042801 -0.6044216752052307 -0.322928786277771
vn 0.6130927205085754 0.06326951086521149 -0.2632118761539459
vn 0.4539027512073517 0.00595738785341382 -0.5619268417358398
vn 0.40630531311035156 -0.16687247157096863 -0.5723634362220764
vn -0.6314179301261902 -0.12996232509613037 0.14873966574668884
vn -0.6372225880622864 -0.10952732712030411 0.127923384308815
vn -0.5990106463432312 0.1056489497423172 0.2802615761756897
vn -0.6445863842964172 -0.08351074904203415 0.08692073822021484
vn -0.6092175245285034 0.12039212137460709 0.23902271687984467
vn 0.0012314127525314689 0.6044551730155945 0.39390861988067627
vn -0.0036909787449985743 0.6150185465812683 0.37600794434547424
vn 0.09564670920372009 -0.5989846587181091 -0.38790029287338257
vn 0.192732572555542 -0.5936926603317261 -0.3483983874320984
vn 0.6195819973945618 0.11571018397808075 -0.21986237168312073
vn 0.6126778721809387 0.1346254050731659 -0.23684261739253998
vn 0.6068593859672546 0.13713042438030243 -0.2569258511066437
vn 0.09203574061393738 -0.5364356637001038 -0.4788856506347656
vn 0.03693635016679764 -0.3723433017730713 -0.6430862545967102
vn 0.1005905419588089 -0.5778045058250427 -0.41972941160202026
vn 0.11025459319353104 -0.5856143236160278 -0.4045449197292328
vn -0.5135791301727295 0.06833986192941666 0.4712967872619629
vn -0.4023923873901367 0.2142336517572403 0.5548486709594727
vn -0.48914220929145813 0.06926479190587997 0.5066826939582825
vn -0.4462432861328125 0.07177500426769257 0.559624969959259
vn -0.44704556465148926 0.20344425737857819 -0.5415935516357422
vn 0.17726929485797882 -0.2755574882030487 -0.6713545322418213
vn -0.604242205619812 0.17458854615688324 -0.24122388660907745
vn -0.6239771842956543 0.1733601689338684 0.11970014870166779
vn -0.6064284443855286 0.2576722204685211 0.06474228203296661
vn 0.5851014256477356 0.15307903289794922 0.292894184589386
vn 0.48440608382225037 0.34107062220573425 0.34984683990478516
vn -0.3118990659713745 0.06122546270489693 -0.6881568431854248
vn 0.6516489386558533 -0.01909801736474037 0.031505122780799866
vn 0.6452645063400269 0.007081648334860802 -0.11523134261369705
vn 0.5696437358856201 0.0539395771920681 -0.38069581985473633
vn 0.5679097771644592 0.13082914054393768 -0.3682815730571747
vn -0.06232300400733948 0.19171680510044098 -0.7652670741081238
vn 0.5764402747154236 0.18265166878700256 -0.3234111964702606
vn 0.010679000057280064 0.32745540142059326 -0.7237130403518677
vn 0.5730464458465576 0.2263600379228592 -0.30175143480300903
vn 0.03659728914499283 0.26162922382354736 -0.7485454678535461
vn -0.014780288562178612 -0.08180827647447586 -0.7704642415046692
vn 0.6507716774940491 0.04035540670156479 0.03009084425866604
vn 0.6479458808898926 0.06287840753793716 -0.06569025665521622
vn 0.6356176733970642 0.12334084510803223 -0.12581807374954224
vn 0.6082062125205994 0.19683459401130676 -0.20367535948753357
vn 0.5812723636627197 0.19666269421577454 -0.3007740378379822
vn 0.641381561756134 0.12212114781141281 -0.06700823456048965
vn 0.6112903952598572 0.20035848021507263 -0.18437887728214264
vn 0.5992879271507263 0.14583446085453033 -0.2776586413383484
vn 0.6403816342353821 0.13761866092681885 -0.03436008840799332
vn 0.6202754974365234 0.19358083605766296 -0.14031177759170532
vn 0.618649959564209 0.20930641889572144 -0.12278781831264496
vn -0.039226628839969635 0.08425361663103104 -0.7815442681312561
vn 0.5361009240150452 -0.04077319800853729 -0.4402151107788086
vn -0.06108710169792175 -0.005265362095087767 -0.7779287099838257
vn -0.08435157686471939 -0.15164028108119965 -0.7465655207633972
vn 0.6135662794113159 0.21481387317180634 -0.14954562485218048
vn -0.49757686257362366 -0.032756272703409195 0.5068539381027222
vn -0.591552734375 0.08809324353933334 -0.3225100338459015
vn -0.49937424063682556 -0.1290549784898758 -0.4739387333393097
vn -0.46061891317367554 0.016688885167241096 -0.5545790791511536
vn -0.5444095134735107 0.10689262300729752 -0.42340078949928284
vn -0.36834099888801575 0.307239830493927 -0.5786470174789429
vn -0.29832279682159424 0.3895074427127838 -0.5862348079681396
vn -0.4093019366264343 0.3537682294845581 -0.5037938952445984
vn 0.12933248281478882 -0.3575926721096039 -0.636902928352356
vn 0.10041738301515579 -0.30708321928977966 -0.6758943796157837
vn -0.4510100483894348 0.0493897944688797 -0.5661218762397766
vn -0.3185865581035614 0.2222549319267273 -0.6563449501991272
vn -0.2866334915161133 0.3943133056163788 -0.5915291905403137
vn 0.4411366581916809 0.07147974520921707 0.5654193162918091
vn 0.3544759750366211 0.23151686787605286 0.5902450680732727
vn -0.2597103416919708 0.6382686495780945 0.1717642992734909
vn -0.25405293703079224 0.6207451820373535 0.23198175430297852
vn -0.541231632232666 0.16138847172260284 -0.41312387585639954
vn -0.23592257499694824 0.6165120005607605 0.2640804052352905
vn -0.5548657178878784 0.1813013106584549 -0.3763001263141632
vn -0.5716515779495239 0.19618533551692963 -0.3277052938938141
vn -0.5630641579627991 0.10064668208360672 -0.3874753415584564
vn -0.5594808459281921 0.08186622709035873 -0.39860644936561584
vn -0.5481095910072327 0.08248589187860489 -0.4209217131137848
vn -0.5463609099388123 0.09468113631010056 -0.4221823215484619
vn -0.5332395434379578 0.07663935422897339 -0.4486496150493622
vn -0.5427349805831909 0.069893017411232 -0.4325731694698334
vn -0.5340951681137085 0.013831671327352524 -0.4497006833553314
vn 0.39343854784965515 0.2170262187719345 0.5623388290405273
vn 0.412565141916275 0.206269770860672 0.5483371615409851
vn 0.4334008991718292 0.20925463736057281 0.5238909125328064
vn 0.5205633640289307 0.040560055524110794 0.46609359979629517
vn 0.5475555658340454 0.05031333491206169 0.4177294075489044
vn 0.4835716784000397 0.0566289909183979 0.5169342160224915
vn 0.5019697546958923 0.04532559588551521 0.4935104250907898
vn 0.04309040680527687 -0.19885382056236267 -0.7354460954666138
vn 0.3118349313735962 -0.5860490202903748 -0.23625393211841583
vn 0.558547854423523 0.053924642503261566 0.39567041397094727
vn 0.6169578433036804 0.23266074061393738 -0.06892721354961395
vn 0.4876978099346161 0.26501452922821045 0.4149594008922577
vn 0.5529587864875793 0.08001227676868439 0.39980587363243103
vn 0.5038769245147705 0.2541583180427551 0.3962736427783966
vn 0.49849754571914673 0.24076560139656067 0.41533511877059937
vn -0.1320958137512207 0.6503714919090271 0.2707454562187195
vn 0.47144585847854614 0.22768862545490265 0.4651135504245758
vn -0.17512726783752441 0.6315128207206726 0.28542360663414
vn -0.2173878252506256 0.617941677570343 0.2797347903251648
vn -0.5916679501533508 0.2081592082977295 -0.2584418058395386
vn 0.5685113668441772 0.0638175681233406 0.3724510371685028
vn 0.5776926279067993 0.07386418431997299 0.34887373447418213
vn -0.4763782322406769 -0.37907058000564575 0.3765542507171631
vn -0.41759544610977173 -0.24096347391605377 0.5608199834823608
vn -0.4784819185733795 -0.24070873856544495 0.4831618666648865
vn -0.46684950590133667 -0.09675996750593185 0.5435034036636353
vn -0.5091294050216675 -0.25224244594573975 0.4267650842666626
vn 0.6405267715454102 0.10141582041978836 0.09330015629529953
vn 0.6363182067871094 0.064790740609169 0.15281204879283905
vn 0.6357851028442383 0.127327099442482 0.10040366649627686
vn 0.6320182085037231 0.17096668481826782 0.050965700298547745
vn 0.5968508124351501 0.26433899998664856 0.12021802365779877
vn 0.607053816318512 0.0940224900841713 0.2608714699745178
vn 0.6113938689231873 0.109296515583992 0.23804274201393127
vn 0.6270729899406433 0.016094336286187172 0.2136208713054657
vn 0.638797402381897 0.02984674833714962 0.15304000675678253
vn 0.634579062461853 -0.039822135120630264 0.17920158803462982
vn 0.6458849906921387 -0.02212563529610634 0.10892509669065475
vn 0.6444588303565979 -0.07981688529253006 0.09219434857368469
vn 0.6502323746681213 -0.05875744670629501 -0.00016604125266894698
vn 0.6428170204162598 -0.12237149477005005 -0.015546479262411594
vn 0.6504806876182556 -0.05206725373864174 -0.016179602593183517
vn 0.64329594373703 -0.10500980913639069 -0.05719315633177757
vn 0.6488061547279358 -0.058839667588472366 0.056147556751966476
vn 0.6439815759658813 -0.11212596297264099 -0.02630040794610977
vn 0.6437313556671143 -0.11828193068504333 0.01622791402041912
vn 0.6140204071998596 0.1309172511100769 0.21394163370132446
vn 0.6444247961044312 0.0498175323009491 0.10544215887784958
vn 0.6519851684570312 -0.00505635142326355 0.026107268407940865
vn 0.6507474184036255 0.000574600649997592 0.05478599667549133
vn 0.6407763361930847 -0.0027181091718375683 0.14681144058704376
vn 0.6425865888595581 -0.06276563555002213 0.12164026498794556
vn 0.638317883014679 0.06390724331140518 0.14125922322273254
vn 0.623081386089325 0.06069888547062874 0.2176712304353714
vn 0.6154363751411438 0.06004997715353966 0.24663062393665314
vn 0.5851014256477356 0.15307903289794922 0.292894184589386
vn 0.6085059642791748 0.14251935482025146 0.2261979877948761
vn 0.5924371480941772 0.1504541039466858 0.2735949158668518
vn 0.603907585144043 0.08885429799556732 0.2732214629650116
vn 0.6234734058380127 0.009532928466796875 0.2290901392698288
vn 0.6103376150131226 0.08585034310817719 0.253805935382843
vn 0.627673864364624 0.0048746950924396515 0.21256984770298004
vn 0.6422513723373413 0.013880513608455658 0.13519389927387238
vn 0.6419963836669922 -0.039041876792907715 0.13529185950756073
vn 0.6520165801048279 -0.01873857155442238 0.016609366983175278
vn 0.6280061602592468 -0.09785597026348114 0.19133234024047852
vn 0.6476354598999023 -0.0641980990767479 0.06887887418270111
vn 0.5812804102897644 -0.19658249616622925 0.3008076548576355
vn 0.5980077385902405 -0.17953479290008545 0.26006773114204407
vn 0.6318857669830322 -0.04501797631382942 0.1916554719209671
vn 0.6304666996002197 -0.047610774636268616 0.1978607177734375
vn 0.6214714646339417 -0.10815460234880447 0.21586553752422333
vn 0.5888645648956299 -0.19805800914764404 0.2764141857624054
vn 0.6286343932151794 -0.10156537592411041 0.1861504465341568
vn 0.6073606610298157 -0.18567244708538055 0.21898095309734344
vn 0.6347887516021729 -0.09486415982246399 0.1561286598443985
vn 0.6227644085884094 -0.1749938726425171 0.15173882246017456
vn 0.6353223323822021 -0.15484881401062012 0.0756179466843605
vn 0.6279276013374329 0.08640294522047043 0.18416985869407654
vn 0.651235044002533 0.01862551085650921 0.03979635611176491
vn 0.6418531537055969 0.08894304931163788 0.09558510035276413
vn 0.6475837230682373 0.0779547318816185 0.03832397982478142
vn 0.6519851684570312 0.015071438625454903 -0.021909069269895554
vn 0.6501872539520264 -0.00926816463470459 -0.06218639016151428
vn 0.6496888995170593 0.0061015416868031025 -0.07075642049312592
vn 0.6283782720565796 -0.025031575933098793 -0.2063874453306198
vn 0.6435171961784363 -0.01155188400298357 -0.1267697960138321
vn 0.6389753818511963 -0.010954765602946281 -0.15624982118606567
vn 0.6500227451324463 -0.029627447947859764 -0.05569012463092804
vn 0.6250707507133484 -0.13912206888198853 0.1776566505432129
vn 0.6383541822433472 -0.0632927268743515 0.15098950266838074
vn 0.6307163238525391 -0.007470155134797096 0.20008684694766998
vn 0.6281139254570007 -0.006366761401295662 0.21150566637516022
vn 0.6143507957458496 0.06493096798658371 0.24867667257785797
vn 0.611227810382843 -0.02092868834733963 0.2738596796989441
vt 0.019999999552965164 0.24467623233795166
vt 0.04023021459579468 0.2217046469449997
vt 0.023603763431310654 0.2426837980747223
vt 0.043588265776634216 0.22123582661151886
vt 0.027289429679512978 0.24080856144428253
vt 0.04686441272497177 0.2206498235464096
vt 0.05235196277499199 0.22381427884101868
vt 0.0725821778178215 0.2030695229768753
vt 0.0787249505519867 0.20564797520637512
vt 0.09985610842704773 0.18232476711273193
vt 0.10755505412817001 0.18443439900875092
vt 0.12713004648685455 0.16146281361579895
vt 0.13646705448627472 0.1633380502462387
vt 0.15194685757160187 0.1326311230659485
vt 0.1462136059999466 0.1609940081834793
vt 0.15915438532829285 0.13099029660224915
vt 0.15596014261245728 0.15876716375350952
vt 0.1664438098669052 0.1293494701385498
vt 0.17545321583747864 0.1234893649816513
vt 0.18397121131420135 0.09899415075778961
vt 0.19117873907089233 0.09829093515872955
vt 0.19117873907089233 0.07063126564025879
vt 0.19781292974948883 0.07051406055688858
vt 0.19830435514450073 0.042268380522727966
vt 0.20444713532924652 0.042737189680337906
vt 0.2080508917570114 0.032892219722270966
vt 0.20927944779396057 0.040979158133268356
vt 0.21247369050979614 0.032306209206581116
vt 0.21411177515983582 0.039338331669569016
vt 0.21681459248065948 0.031837403774261475
vt 0.2202545404434204 0.030782584100961685
vt 0.22189262509346008 0.025156887248158455
vt 0.22426782548427582 0.026094503700733185
vt 0.06046042963862419 0.19873304665088654
vt 0.0634908676147461 0.199670672416687
vt 0.0665213018655777 0.2006082832813263
vt 0.09215716272592545 0.18009793758392334
vt 0.11787492036819458 0.1595875769853592
vt 0.1447393298149109 0.13134190440177917
vt 0.16742666065692902 0.10180699825286865
vt 0.1720951646566391 0.10086937993764877
vt 0.17684558033943176 0.09981456398963928
vt 0.18446263670921326 0.07086566835641861
vt 0.19216157495975494 0.04191677272319794
vt 0.20182621479034424 0.032423410564661026
vt 0.2116546630859375 0.022930050268769264
vt 0.21558603644371033 0.023633262142539024
vt 0.21951740980148315 0.024219272658228874
vt 0.13744990527629852 0.13005267083644867
vt 0.16226673126220703 0.1011037826538086
vt 0.16734474897384644 0.07344411313533783
vt 0.17234088480472565 0.07063126564025879
vt 0.17250469326972961 0.04566723853349686
vt 0.17733700573444366 0.039455533027648926
vt 0.17995792627334595 0.030782584100961685
vt 0.1847083419561386 0.04062755033373833
vt 0.18773877620697021 0.031485795974731445
vt 0.19560153782367706 0.032071806490421295
vt 0.20534807443618774 0.022695645689964294
vt 0.15710678696632385 0.10040057450532913
vt 0.162430539727211 0.07613975554704666
vt 0.16767236590385437 0.05187894403934479
vt 0.1731599122285843 0.038166310638189316
vt 0.18257884681224823 0.022109635174274445
vt 0.19076921045780182 0.022226838394999504
vt 0.1989595890045166 0.022344039753079414
vt 0.15292970836162567 0.0988769456744194
vt 0.13310900330543518 0.12852905690670013
vt 0.11328831315040588 0.15806396305561066
vt 0.08838959038257599 0.17880870401859283
vt 0.08454011380672455 0.17763668298721313
vt 0.10870170593261719 0.15654033422470093
vt 0.12876811623573303 0.1268882304430008
vt 0.14883452653884888 0.09735331684350967
vt 0.15964581072330475 0.07215488702058792
vt 0.1568610817193985 0.06817001849412918
vt 0.16636191308498383 0.045432835817337036
vt 0.1649695485830307 0.039103925228118896
vt 0.17373324930667877 0.030548179522156715
vt 0.11656446009874344 0.1842000037431717
vt 0.08691532164812088 0.20728880167007446
vt 0.06848698854446411 0.22709593176841736
vt 0.07929828017950058 0.22721312940120697
vt 0.0634908676147461 0.24537944793701172
vt 0.09051908552646637 0.22943997383117676
vt 0.07749639451503754 0.24666866660118103
vt 0.10182179510593414 0.23166681826114655
vt 0.09158383309841156 0.24807509779930115
vt 0.10018372535705566 0.2511223554611206
vt 0.12557387351989746 0.18384839594364166
vt 0.09510569274425507 0.20904682576656342
vt 0.10362368077039719 0.21209408342838287
vt 0.11214166134595871 0.21525853872299194
vt 0.10984835773706436 0.23553447425365448
vt 0.10886551439762115 0.2541695833206177
vt 0.12753956019878387 0.19099771976470947
vt 0.1295052468776703 0.19814704358577728
vt 0.13572992384433746 0.2030695229768753
vt 0.15202876925468445 0.18619243800640106
vt 0.15710678696632385 0.1913493275642395
vt 0.16333147883415222 0.1736518293619156
vt 0.16726285219192505 0.17658187448978424
vt 0.17463418841362 0.16122840344905853
vt 0.17741891741752625 0.16181442141532898
vt 0.18511785566806793 0.14482012391090393
vt 0.179630309343338 0.1619316190481186
vt 0.18691973388195038 0.14646096527576447
vt 0.1817598044872284 0.1620488166809082
vt 0.18872162699699402 0.147984579205513
vt 0.19019588828086853 0.1481017917394638
vt 0.19707579910755157 0.13438914716243744
vt 0.1984681636095047 0.13485795259475708
vt 0.20428332686424255 0.11505082249641418
vt 0.2055118829011917 0.11551962792873383
vt 0.21140894293785095 0.09582969546318054
vt 0.21255560219287872 0.09629850089550018
vt 0.22156500816345215 0.07274089753627777
vt 0.21394796669483185 0.09641570597887039
vt 0.22262975573539734 0.07227209210395813
vt 0.21534033119678497 0.09653290361166
vt 0.22377640008926392 0.07168608158826828
vt 0.22475925087928772 0.07145167887210846
vt 0.23270390927791595 0.04625324904918671
vt 0.23319533467292786 0.04566723853349686
vt 0.2359800636768341 0.037111490964889526
vt 0.2365533858537674 0.036642685532569885
vt 0.23925620317459106 0.028086937963962555
vt 0.23991143703460693 0.027618130668997765
vt 0.15145543217658997 0.16990135610103607
vt 0.14686882495880127 0.18103554844856262
vt 0.15931819379329681 0.17072176933288574
vt 0.17176756262779236 0.16052520275115967
vt 0.17995792627334595 0.1468125581741333
vt 0.1928168088197708 0.12782584130764008
vt 0.19429107010364532 0.13087309896945953
vt 0.19576534628868103 0.1339203417301178
vt 0.2030547708272934 0.11458201706409454
vt 0.21034419536590576 0.0953608825802803
vt 0.22050026059150696 0.07203768938779831
vt 0.23057441413402557 0.04930049926042557
vt 0.2313934564590454 0.04801127687096596
vt 0.23221248388290405 0.046839259564876556
vt 0.23540672659873962 0.037697501480579376
vt 0.2386009693145752 0.028438543900847435
vt 0.16308575868606567 0.15935318171977997
vt 0.17471608519554138 0.14868779480457306
vt 0.1852816641330719 0.13239671289920807
vt 0.1914244443178177 0.1129411831498146
vt 0.19838625192642212 0.1082531064748764
vt 0.19756722450256348 0.09348565340042114
vt 0.20395570993423462 0.08868037164211273
vt 0.20903374254703522 0.06406795233488083
vt 0.2096070647239685 0.07625696063041687
vt 0.21402986347675323 0.05633262172341347
vt 0.215176522731781 0.0637163445353508
vt 0.21910789608955383 0.04871448874473572
vt 0.22344879806041718 0.040744755417108536
vt 0.22525067627429962 0.031720198690891266
vt 0.22754397988319397 0.029844967648386955
vt 0.22557829320430756 0.029376160353422165
vt 0.22754397988319397 0.028790149837732315
vt 0.2259058952331543 0.026914918795228004
vt 0.22762587666511536 0.027852533385157585
vt 0.16685333847999573 0.1478673815727234
vt 0.17774651944637299 0.13696759939193726
vt 0.18446263670921326 0.1176292672753334
vt 0.20338238775730133 0.0672324076294899
vt 0.21853457391262054 0.036408279091119766
vt 0.22303926944732666 0.033595431596040726
vt 0.22369450330734253 0.029844967648386955
vt 0.20698614418506622 0.11575403064489365
vt 0.20010623335838318 0.1350923627614975
vt 0.19347204267978668 0.14833618700504303
vt 0.19519200921058655 0.14857059717178345
vt 0.18863971531391144 0.16169722378253937
vt 0.1969119906425476 0.1491566002368927
vt 0.19060540199279785 0.16228322684764862
vt 0.19871386885643005 0.14962540566921234
vt 0.19257108867168427 0.16286924481391907
vt 0.19420917332172394 0.16380685567855835
vt 0.18823020160198212 0.17095617949962616
vt 0.1898682713508606 0.17212820053100586
vt 0.18397121131420135 0.17904311418533325
vt 0.18544547259807587 0.18033233284950256
vt 0.20854231715202332 0.11598844081163406
vt 0.20174430310726166 0.13544397056102753
vt 0.20330047607421875 0.13591277599334717
vt 0.20477475225925446 0.13649879395961761
vt 0.20018814504146576 0.150445818901062
vt 0.19584724307060242 0.16486167907714844
vt 0.1914244443178177 0.17318300902843475
vt 0.18700164556503296 0.18162155151367188
vt 0.21001657843589783 0.1163400411605835
vt 0.21149085462093353 0.11657445132732391
vt 0.21280130743980408 0.11704325675964355
vt 0.21943551301956177 0.09700171649456024
vt 0.2207459658384323 0.09723611921072006
vt 0.2269706428050995 0.06992805004119873
vt 0.22828111052513123 0.06863883137702942
vt 0.2345057874917984 0.042854391038417816
vt 0.23589815199375153 0.03992433845996857
vt 0.2386009693145752 0.033009421080350876
vt 0.23622576892375946 0.039103925228118896
vt 0.2390923947095871 0.032189007848501205
vt 0.23663528263568878 0.038283511996269226
vt 0.239583820104599 0.031485795974731445
vt 0.24023905396461487 0.030782584100961685
vt 0.2431875765323639 0.023750463500618935
vt 0.24376091361045837 0.023047251626849174
vt 0.2167326807975769 0.09665010869503021
vt 0.2182069569826126 0.09676730632781982
vt 0.22566018998622894 0.07121727615594864
vt 0.23753622174263 0.034884653985500336
vt 0.24130380153656006 0.026094503700733185
vt 0.24195902049541473 0.025274090468883514
vt 0.2426142543554306 0.024570878595113754
vt 0.2406485676765442 0.026914918795228004
vt 0.22926394641399384 0.0684044286608696
vt 0.22222024202346802 0.0977049246430397
vt 0.21558603644371033 0.11809807270765305
vt 0.21697840094566345 0.1186840832233429
vt 0.21026229858398438 0.13931164145469666
vt 0.21853457391262054 0.11962170153856277
vt 0.21149085462093353 0.14024925231933594
vt 0.22009073197841644 0.12044211477041245
vt 0.2127194106578827 0.1410696655511856
vt 0.21402986347675323 0.14165566861629486
vt 0.20641282200813293 0.15571992099285126
vt 0.2076413780450821 0.1563059240579605
vt 0.20018814504146576 0.1703701615333557
vt 0.20125289261341095 0.17095617949962616
vt 0.1944548785686493 0.1832623928785324
vt 0.1939634531736374 0.1866612434387207
vt 0.18560928106307983 0.201780304312706
vt 0.19805864989757538 0.1832623928785324
vt 0.191833958029747 0.19662341475486755
vt 0.20215383172035217 0.1797463297843933
vt 0.19814054667949677 0.1914665251970291
vt 0.21026229858398438 0.17892591655254364
vt 0.186837837100029 0.21103926002979279
vt 0.19912339746952057 0.20318672060966492
vt 0.1756170243024826 0.23061199486255646
vt 0.18790258467197418 0.227564737200737
vt 0.17463418841362 0.2461998611688614
vt 0.18552738428115845 0.24537944793701172
vt 0.17086660861968994 0.2661241888999939
vt 0.20395570993423462 0.24608266353607178
vt 0.1903596967458725 0.2674134075641632
vt 0.2223840355873108 0.24678586423397064
vt 0.20977087318897247 0.2687026560306549
vt 0.23180297017097473 0.27034348249435425
vt 0.23016490042209625 0.06817001849412918
vt 0.22377640008926392 0.09805653244256973
vt 0.22557829320430756 0.0988769456744194
vt 0.2274620682001114 0.09969735890626907
vt 0.22164690494537354 0.12126252800226212
vt 0.2152584195137024 0.1422416865825653
vt 0.20878802239894867 0.15689194202423096
vt 0.20231764018535614 0.1715421825647354
vt 0.20428332686424255 0.16978415846824646
vt 0.20624901354312897 0.16814333200454712
vt 0.21124513447284698 0.1677917242050171
vt 0.22246594727039337 0.16638529300689697
vt 0.21132704615592957 0.19545139372348785
vt 0.20018814504146576 0.22451749444007874
vt 0.21755172312259674 0.22463469207286835
vt 0.2349972128868103 0.22486910223960876
vt 0.2440885305404663 0.24936431646347046
vt 0.2538350522518158 0.2719843089580536
vt 0.21050800383090973 0.15677472949028015
vt 0.2122279852628708 0.15654033422470093
vt 0.220336452126503 0.15571992099285126
vt 0.232540100812912 0.13438914716243744
vt 0.23778194189071655 0.1431792974472046
vt 0.2446618527173996 0.1129411831498146
vt 0.25309792160987854 0.1198561042547226
vt 0.24998559057712555 0.07977302372455597
vt 0.27185386419296265 0.1291150599718094
vt 0.26825010776519775 0.08891477435827255
vt 0.29060983657836914 0.13825681805610657
vt 0.28651463985443115 0.09793932735919952
vt 0.31043052673339844 0.11247237771749496
vt 0.3089562654495239 0.08071063458919525
vt 0.3355749547481537 0.10391663014888763
vt 0.3100210130214691 0.06887323409318924
vt 0.3359025716781616 0.09325125068426132
vt 0.31100383400917053 0.05691862851381302
vt 0.33623018860816956 0.0824686661362648
vt 0.2167326807975769 0.14364810287952423
vt 0.218288853764534 0.14505453407764435
vt 0.22721636295318604 0.12548179924488068
vt 0.23622576892375946 0.10602626949548721
vt 0.24392472207546234 0.07590535283088684
vt 0.24687324464321136 0.039689935743808746
vt 0.26464635133743286 0.04871448874473572
vt 0.2823375463485718 0.05762184038758278
vt 0.28405752778053284 0.04449521750211716
vt 0.2857775092124939 0.031368594616651535
vt 0.22525067627429962 0.12384097278118134
vt 0.23368676006793976 0.10391663014888763
vt 0.23630766570568085 0.0707484632730484
vt 0.23483340442180634 0.0695764496922493
vt 0.23843716084957123 0.03722869232296944
vt 0.23368676006793976 0.06899043917655945
vt 0.2381095588207245 0.03722869232296944
vt 0.23262201249599457 0.0684044286608696
vt 0.23778194189071655 0.037111490964889526
vt 0.23720861971378326 0.037697501480579376
vt 0.24081237614154816 0.030079372227191925
vt 0.22320307791233063 0.12208294123411179
vt 0.23122964799404144 0.10180699825286865
vt 0.22934585809707642 0.10075217485427856
vt 0.2313934564590454 0.06828722357749939
vt 0.2345057874917984 0.03851791471242905
vt 0.23770003020763397 0.028907351195812225
vt 0.23368676006793976 0.039338331669569016
vt 0.23262201249599457 0.038869522511959076
vt 0.22959156334400177 0.04824568331241608
vt 0.23155725002288818 0.03851791471242905
vt 0.22860872745513916 0.04719086363911629
vt 0.22811730206012726 0.045550037175416946
vt 0.21943551301956177 0.07121727615594864
vt 0.21918979287147522 0.06852162629365921
vt 0.21034419536590576 0.09149321913719177
vt 0.20231764018535614 0.11118315905332565
vt 0.20158050954341888 0.10778430104255676
vt 0.2055937796831131 0.09196202456951141
vt 0.21280130743980408 0.07567095011472702
vt 0.21034419536590576 0.08774275332689285
vt 0.21894408762454987 0.06582598388195038
vt 0.22754397988319397 0.04402640834450722
vt 0.23082011938095093 0.037697501480579376
vt 0.2345057874917984 0.029844967648386955
vt 0.23565244674682617 0.029610563069581985
vt 0.23671719431877136 0.029258957132697105
vt 0.2202545404434204 0.0578562468290329
vt 0.22770778834819794 0.03992433845996857
vt 0.22950966656208038 0.034650251269340515
vt 0.22910015285015106 0.032306209206581116
vt 0.23024679720401764 0.028790149837732315
vt 0.22828111052513123 0.030548179522156715
vt 0.2289363443851471 0.028321342542767525
vt 0.22156500816345215 0.04976930841803551
vt 0.2278715968132019 0.035939473658800125
vt 0.22770778834819794 0.032892219722270966
vt 0.24122188985347748 0.029844967648386955
vt 0.241631418466568 0.029610563069581985
vt 0.24220474064350128 0.029493361711502075
vt 0.24539898335933685 0.021523626521229744
vt 0.24589040875434875 0.021054817363619804
vt 0.24433423578739166 0.022461241111159325
vt 0.24482566118240356 0.021875232458114624
vt 0.3599003553390503 0.08750835061073303
vt 0.3589994013309479 0.09758772701025009
vt 0.35809847712516785 0.10778430104255676
vt 0.35400328040122986 0.1304042786359787
vt 0.3734963834285736 0.1339203417301178
vt 0.3664526641368866 0.1563059240579605
vt 0.38856664299964905 0.13849122822284698
vt 0.380621999502182 0.16064240038394928
vt 0.4036369323730469 0.14306209981441498
vt 0.39470943808555603 0.16486167907714844
vt 0.4060121476650238 0.16755731403827667
vt 0.3784925043582916 0.18572363257408142
vt 0.388894259929657 0.18923968076705933
vt 0.36219364404678345 0.2064683884382248
vt 0.37185829877853394 0.21092206239700317
vt 0.3582622706890106 0.23553447425365448
vt 0.3680088222026825 0.2405741661787033
vt 0.3546585142612457 0.26577258110046387
vt 0.3772639334201813 0.24479342997074127
vt 0.3639955520629883 0.27022626996040344
vt 0.38660097122192383 0.24889551103115082
vt 0.37333256006240845 0.2745627462863922
vt 0.38201436400413513 0.279250830411911
vt 0.36071938276290894 0.295541912317276
vt 0.37022021412849426 0.3002299964427948
vt 0.3481062352657318 0.316403865814209
vt 0.3584260940551758 0.3212091326713562
vt 0.3836524188518524 0.09243083745241165
vt 0.3820962607860565 0.10204140096902847
vt 0.38054007291793823 0.1116519644856453
vt 0.39659321308135986 0.1164572462439537
vt 0.4125644266605377 0.12126252800226212
vt 0.41493964195251465 0.1466953605413437
vt 0.4173148572444916 0.1701357662677765
vt 0.3993779420852661 0.19275574386119843
vt 0.38144102692604065 0.21537573635578156
vt 0.39061424136161804 0.2193606048822403
vt 0.39978745579719543 0.22322826087474823
vt 0.39511895179748535 0.2533491849899292
vt 0.39061424136161804 0.2839389145374298
vt 0.3796391487121582 0.3049180507659912
vt 0.36866405606269836 0.325897216796875
vt 0.4238671362400055 0.12595060467720032
vt 0.4262423515319824 0.150445818901062
vt 0.4350879490375519 0.15314146876335144
vt 0.42648807168006897 0.17236259579658508
vt 0.4440154433250427 0.15583711862564087
vt 0.43566128611564636 0.17447224259376526
vt 0.44344213604927063 0.17810550332069397
vt 0.4177243709564209 0.19885025918483734
vt 0.4259147346019745 0.2028351128101349
vt 0.40830543637275696 0.2274475395679474
vt 0.40371882915496826 0.2578028440475464
vt 0.4136291742324829 0.26190492510795593
vt 0.4010979235172272 0.2881581783294678
vt 0.42362144589424133 0.2660070061683655
vt 0.4116635024547577 0.29237744212150574
vt 0.4237033426761627 0.29835474491119385
vt 0.40429216623306274 0.3133566081523895
vt 0.4163320064544678 0.31945112347602844
vt 0.3968389332294464 0.33445295691490173
vt 0.4089606702327728 0.34066468477249146
vt 0.43516984581947327 0.13075588643550873
vt 0.44376975297927856 0.1339203417301178
vt 0.4522877335548401 0.13720199465751648
vt 0.4522877335548401 0.15947037935256958
vt 0.4512229859828949 0.18173876404762268
vt 0.4340232014656067 0.20670278370380402
vt 0.4168234169483185 0.23166681826114655
vt 0.42616045475006104 0.23553447425365448
vt 0.4354974627494812 0.23951934278011322
vt 0.4355793595314026 0.271749883890152
vt 0.43574318289756775 0.30421483516693115
vt 0.4284537434577942 0.3256628215312958
vt 0.42108240723609924 0.3469935655593872
vt 0.46121522784233093 0.1408352553844452
vt 0.46064192056655884 0.1631036400794983
vt 0.47268176078796387 0.16849493980407715
vt 0.4594133496284485 0.18642683327198029
vt 0.4846397042274475 0.17400342226028442
vt 0.4676037132740021 0.19099771976470947
vt 0.4786607325077057 0.19662341475486755
vt 0.45155060291290283 0.21525853872299194
vt 0.4630171060562134 0.22088423371315002
vt 0.44745540618896484 0.2451450377702713
vt 0.44753730297088623 0.27749279141426086
vt 0.46260759234428406 0.2869861423969269
vt 0.45056775212287903 0.3144114315509796
vt 0.4775959849357605 0.2965967059135437
vt 0.4653923213481903 0.3246079981327057
vt 0.48341113328933716 0.34054747223854065
vt 0.45597338676452637 0.34746238589286804
vt 0.47325506806373596 0.3648082911968231
vt 0.4465544819831848 0.3704339861869812
vt 0.46309900283813477 0.3889518976211548
vt 0.4700608253479004 0.1443513184785843
vt 0.4858682453632355 0.15068022906780243
vt 0.5016756653785706 0.15700913965702057
vt 0.5042147040367126 0.18009793758392334
vt 0.4896358251571655 0.20224910974502563
vt 0.4744836390018463 0.2265099287033081
vt 0.4594133496284485 0.25065353512763977
vt 0.4745655357837677 0.25956088304519653
vt 0.4897177219390869 0.2685854434967041
vt 0.4959424138069153 0.3117157816886902
vt 0.5013480186462402 0.3564869463443756
vt 0.49053674936294556 0.3820369839668274
vt 0.4797254800796509 0.4075870215892792
vt 0.5298505425453186 0.16357244551181793
vt 0.5238715410232544 0.18630963563919067
vt 0.5417265892028809 0.19509978592395782
vt 0.5059346556663513 0.20986723899841309
vt 0.5596634745597839 0.20388993620872498
vt 0.5223153829574585 0.21736817061901093
vt 0.5391875505447388 0.22897116839885712
vt 0.5060165524482727 0.2429182082414627
vt 0.523789644241333 0.2559276223182678
vt 0.5084736943244934 0.2828840911388397
vt 0.5142888426780701 0.3268348276615143
vt 0.5305876731872559 0.34253990650177
vt 0.5156812071800232 0.372543603181839
vt 0.546968400478363 0.3583621680736542
vt 0.52993243932724 0.38860028982162476
vt 0.5354200005531311 0.400906503200531
vt 0.5193668603897095 0.4146191477775574
vt 0.5259191393852234 0.4244641065597534
vt 0.508801281452179 0.4406379759311676
vt 0.5163364410400391 0.44813889265060425
vt 0.5580254197120667 0.1702529639005661
vt 0.5775184631347656 0.18033233284950256
vt 0.596929669380188 0.19041170179843903
vt 0.5744061470031738 0.21279728412628174
vt 0.556059718132019 0.2405741661787033
vt 0.5416446924209595 0.2688198387622833
vt 0.5271477103233337 0.29718273878097534
vt 0.5454941391944885 0.31265339255332947
vt 0.5639224648475647 0.3280068635940552
vt 0.5491797924041748 0.3748876452445984
vt 0.5409894585609436 0.41321271657943726
vt 0.5324714779853821 0.43442627787590027
vt 0.5239534378051758 0.4556398391723633
vt 0.6097066402435303 0.19662341475486755
vt 0.5892307162284851 0.2215874344110489
vt 0.600779116153717 0.23049479722976685
vt 0.5733413696289062 0.25252875685691833
vt 0.6122456789016724 0.239284947514534
vt 0.5906230807304382 0.26448336243629456
vt 0.6000419855117798 0.27046066522598267
vt 0.5772727727890015 0.29624512791633606
vt 0.587838351726532 0.29729992151260376
vt 0.5755528211593628 0.32402199506759644
vt 0.5720309615135193 0.34148508310317993
vt 0.5810403227806091 0.3339841663837433
vt 0.5748156905174255 0.3480483889579773
vt 0.5827603340148926 0.3362109959125519
vt 0.5753070712089539 0.351330041885376
vt 0.5843983888626099 0.3385550379753113
vt 0.5757166147232056 0.35449451208114624
vt 0.5773546695709229 0.35554933547973633
vt 0.5690004825592041 0.37101998925209045
vt 0.5719490051269531 0.3689103424549103
vt 0.5622844099998474 0.38742828369140625
vt 0.5665434002876282 0.3821541666984558
vt 0.6224836111068726 0.20271791517734528
vt 0.6282168626785278 0.20834361016750336
vt 0.6338682174682617 0.21408651769161224
vt 0.6186341643333435 0.2451450377702713
vt 0.6094609498977661 0.2765551805496216
vt 0.5984039306640625 0.29823756217956543
vt 0.5872650146484375 0.3199199140071869
vt 0.5902135372161865 0.3212091326713562
vt 0.5930801630020142 0.3224983513355255
vt 0.5862821936607361 0.3398442566394806
vt 0.5789927244186401 0.3566041588783264
vt 0.5749794840812683 0.3666835129261017
vt 0.5708842873573303 0.37688007950782776
vt 0.6372262835502625 0.21982941031455994
vt 0.6250226497650146 0.2511223554611206
vt 0.6273978352546692 0.25311478972435
vt 0.6124913692474365 0.27854761481285095
vt 0.6296911239624023 0.25522440671920776
vt 0.6156036853790283 0.2805400490760803
vt 0.6174874901771545 0.28182926774024963
vt 0.6043009757995605 0.3015192151069641
vt 0.6063485741615295 0.30292561650276184
vt 0.5951277613639832 0.32402199506759644
vt 0.5880840420722961 0.3410162925720215
vt 0.5905411839485168 0.34195390343666077
vt 0.5816136598587036 0.35695573687553406
vt 0.5929982662200928 0.34277430176734924
vt 0.5842345952987671 0.3574245572090149
vt 0.5864459872245789 0.35812777280807495
vt 0.5802212953567505 0.36633190512657166
vt 0.5825965404510498 0.3668007254600525
vt 0.5762080550193787 0.3752392530441284
vt 0.578747034072876 0.37547367811203003
vt 0.6405843496322632 0.22568951547145844
vt 0.6422224044799805 0.2276819497346878
vt 0.6438604593276978 0.2297915816307068
vt 0.6313292384147644 0.2566308379173279
vt 0.6193712949752808 0.28323569893836975
vt 0.6083142757415771 0.30433204770088196
vt 0.5971753597259521 0.32554560899734497
vt 0.5994686484336853 0.3268348276615143
vt 0.6016800999641418 0.3281240463256836
vt 0.5951277613639832 0.34382912516593933
vt 0.5886573791503906 0.3589481711387634
vt 0.5850536227226257 0.36726951599121094
vt 0.5813679695129395 0.37570807337760925
vt 0.6450890302658081 0.23143240809440613
vt 0.6328853964805603 0.2581544518470764
vt 0.6342777609825134 0.25991249084472656
vt 0.6212550401687622 0.28464213013648987
vt 0.6357520222663879 0.2615533173084259
vt 0.6231388449668884 0.2860485315322876
vt 0.6250226497650146 0.2875721752643585
vt 0.6124094724655151 0.3070276975631714
vt 0.6143751740455627 0.3085513114929199
vt 0.6038095951080322 0.3294132947921753
vt 0.5973391532897949 0.3447667360305786
vt 0.5995506048202515 0.34629037976264954
vt 0.5911145210266113 0.3602374196052551
vt 0.6017619967460632 0.34769678115844727
vt 0.5934897065162659 0.36152663826942444
vt 0.5954554080963135 0.3632846474647522
vt 0.5898040533065796 0.36961355805397034
vt 0.5917697548866272 0.3712543845176697
vt 0.5861184000968933 0.3777005076408386
vt 0.5880021452903748 0.37934133410453796
vt 0.6463994979858398 0.23307323455810547
vt 0.6473823189735413 0.23506566882133484
vt 0.6483651995658875 0.23717530071735382
vt 0.6370624899864197 0.2635457515716553
vt 0.6269063949584961 0.28909578919410706
vt 0.6164227724075317 0.30995774269104004
vt 0.6059390902519226 0.3307025134563446
vt 0.6079866886138916 0.33222612738609314
vt 0.6099523305892944 0.3337497413158417
vt 0.6036457419395447 0.3493376076221466
vt 0.5975030064582825 0.36492547392845154
vt 0.5936535000801086 0.3730124235153198
vt 0.5898040533065796 0.3809821605682373
vt 0.6490204334259033 0.2394021451473236
vt 0.63829106092453 0.26542097330093384
vt 0.6394376754760742 0.26776501536369324
vt 0.6287901997566223 0.2909710109233856
vt 0.6405843496322632 0.2699918746948242
vt 0.6306740045547485 0.29272904992103577
vt 0.63255774974823 0.29472148418426514
vt 0.6202722191810608 0.3132393956184387
vt 0.622156023979187 0.31499743461608887
vt 0.6118361353874207 0.335390567779541
vt 0.6056114435195923 0.35097843408584595
vt 0.6072495579719543 0.3527364730834961
vt 0.598977267742157 0.3669179081916809
vt 0.6088057160377502 0.35449451208114624
vt 0.6005334258079529 0.36879315972328186
vt 0.6017619967460632 0.3705511689186096
vt 0.5963563323020935 0.37688007950782776
vt 0.5970934629440308 0.37910693883895874
vt 0.5922611355781555 0.38496702909469604
vt 0.5925068855285645 0.38754546642303467
vt 0.6496756672859192 0.241746187210083
vt 0.6500851511955261 0.24455903470516205
vt 0.6504127979278564 0.24725468456745148
vt 0.641649067401886 0.27268752455711365
vt 0.6343596577644348 0.2967139184474945
vt 0.6240397691726685 0.316755473613739
vt 0.6137199401855469 0.33691421151161194
vt 0.6154398918151855 0.3385550379753113
vt 0.6170779466629028 0.3401958644390106
vt 0.610116183757782 0.3560181260108948
vt 0.6029086112976074 0.37242642045021057
vt 0.597830593585968 0.38121655583381653
vt 0.59283447265625 0.3901239037513733
vt 0.650740385055542 0.25065353512763977
vt 0.6427138447761536 0.2753831446170807
vt 0.643696665763855 0.2780787944793701
vt 0.6360796093940735 0.29858914017677307
vt 0.6446795463562012 0.28077444434165955
vt 0.6378815174102783 0.30058157444000244
vt 0.6392738819122314 0.30222243070602417
vt 0.6274797320365906 0.3203887343406677
vt 0.6289539933204651 0.32191234827041626
vt 0.6185522675514221 0.34160229563713074
vt 0.6115085482597351 0.3576589524745941
vt 0.6142113208770752 0.35941699147224426
vt 0.6056114435195923 0.37418442964553833
vt 0.6169960498809814 0.3610578179359436
vt 0.6083142757415771 0.3760596811771393
vt 0.6135560870170593 0.3762940764427185
vt 0.598977267742157 0.3904755115509033
vt 0.6066762208938599 0.3900067210197449
vt 0.5897221565246582 0.40489137172698975
vt 0.599878191947937 0.40360215306282043
vt 0.5917697548866272 0.42715975642204285
vt 0.6011886596679688 0.42739415168762207
vt 0.5925068855285645 0.4523581862449646
vt 0.6126551628112793 0.41919001936912537
vt 0.6013524532318115 0.45435062050819397
vt 0.6241216659545898 0.4111030697822571
vt 0.6101980805397034 0.45634305477142334
vt 0.6141294240951538 0.459624707698822
vt 0.6043828725814819 0.4828307032585144
vt 0.6099523305892944 0.48810479044914246
vt 0.5986496210098267 0.5093183517456055
vt 0.6057752370834351 0.5164676904678345
vt 0.6509860754013062 0.25393518805503845
vt 0.6512318253517151 0.25756844878196716
vt 0.6514775156974792 0.26108452677726746
vt 0.6453347206115723 0.28323569893836975
vt 0.640748143196106 0.3038632571697235
vt 0.6304282546043396 0.3234359920024872
vt 0.620108425617218 0.34300872683525085
vt 0.6228931546211243 0.3445323407649994
vt 0.6256778836250305 0.34617316722869873
vt 0.6215007901191711 0.3623470366001129
vt 0.6187979578971863 0.37664568424224854
vt 0.6143751740455627 0.38953790068626404
vt 0.6099523305892944 0.4023129343986511
vt 0.6239578723907471 0.3841466009616852
vt 0.6380453109741211 0.3658631145954132
vt 0.6260873675346375 0.41661158204078674
vt 0.6181427240371704 0.4630235731601715
vt 0.6155217885971069 0.4933788776397705
vt 0.6128189563751221 0.5237342119216919
vt 0.6514775156974792 0.26424896717071533
vt 0.6460719108581543 0.28569692373275757
vt 0.6468909382820129 0.28792378306388855
vt 0.6427138447761536 0.30562126636505127
vt 0.6477099657058716 0.29015061259269714
vt 0.6446795463562012 0.3073793053627014
vt 0.6471366286277771 0.3074965178966522
vt 0.6351786851882935 0.3268348276615143
vt 0.63829106092453 0.32788965106010437
vt 0.6294454336166382 0.3483999967575073
vt 0.6260054707527161 0.3636362552642822
vt 0.6250226497650146 0.3738328516483307
vt 0.6513956189155579 0.2674134075641632
vt 0.6510680317878723 0.27010905742645264
vt 0.650740385055542 0.27280470728874207
vt 0.6489385366439819 0.29132261872291565
vt 0.6495937705039978 0.30761370062828064
vt 0.6414033770561218 0.32906168699264526
vt 0.6332129836082458 0.3505096435546875
vt 0.6355882287025452 0.35824498534202576
vt 0.650740385055542 0.27514874935150146
vt 0.6501670479774475 0.29249465465545654
vt 0.651887059211731 0.29120543599128723
vt 0.651641309261322 0.3045664429664612
vt 0.6535251140594482 0.2897990047931671
vt 0.6536070108413696 0.3015192151069641
vt 0.6549993753433228 0.29753434658050537
vt 0.6458261609077454 0.33363255858421326
vt 0.6523784399032593 0.3166382610797882
vt 0.6497575640678406 0.3356249928474426
vt 0.6512318253517151 0.34043025970458984
vt 0.6644183397293091 0.3072620928287506
vt 0.6673668622970581 0.30925452709198
vt 0.6695782542228699 0.3002299964427948
vt 0.6731001138687134 0.3036288321018219
vt 0.674820065498352 0.2930806577205658
vt 0.6788333654403687 0.2980031371116638
vt 0.6848123073577881 0.29237744212150574
vt 0.6832561492919922 0.30175361037254333
vt 0.6865323185920715 0.29823756217956543
vt 0.6876789331436157 0.30538687109947205
vt 0.6882522702217102 0.30409765243530273
vt 0.650740385055542 0.27749279141426086
vt 0.6520508527755737 0.2778443992137909
vt 0.6534432172775269 0.2780787944793701
vt 0.6563917398452759 0.2862829566001892
vt 0.6563917398452759 0.29366666078567505
vt 0.6588488817214966 0.29952678084373474
vt 0.6613878607749939 0.30538687109947205
vt 0.6661382913589478 0.2968311309814453
vt 0.6708068251609802 0.2881581783294678
vt 0.6819456815719604 0.2861657440662384
vt 0.6908732056617737 0.28675174713134766
vt 0.6898903846740723 0.29483869671821594
vt 0.6888256072998047 0.3028084337711334
vt 0.657784104347229 0.27503156661987305
vt 0.6592583656311035 0.2827668786048889
vt 0.6658926010131836 0.2755003571510315
vt 0.6635173559188843 0.2848765254020691
vt 0.6725267767906189 0.2682338356971741
vt 0.6707248687744141 0.27608636021614075
vt 0.6773591041564941 0.2661241888999939
vt 0.6708068251609802 0.28218087553977966
vt 0.6781781315803528 0.2730391323566437
vt 0.6790790557861328 0.2800712287425995
vt 0.6890712976455688 0.27936801314353943
vt 0.6621249914169312 0.2719843089580536
vt 0.6682677865028381 0.2661241888999939
vt 0.6744105815887451 0.2602640986442566
vt 0.6770314574241638 0.2604984939098358
vt 0.6839113831520081 0.25616201758384705
vt 0.6856313943862915 0.2640145719051361
vt 0.6872694492340088 0.2718670964241028
vt 0.6667116284370422 0.262608140707016
vt 0.6717077493667603 0.25874048471450806
vt 0.6767038702964783 0.25499001145362854
vt 0.6815361976623535 0.25288036465644836
vt 0.6713801026344299 0.25311478972435
vt 0.6752296090126038 0.25135675072669983
vt 0.6790790557861328 0.24959871172904968
vt 0.662780225276947 0.26471778750419617
vt 0.6588488817214966 0.26682740449905396
vt 0.667776346206665 0.2544040083885193
vt 0.6575384140014648 0.26577258110046387
vt 0.6562279462814331 0.26471778750419617
vt 0.6558184027671814 0.26213932037353516
vt 0.6617155075073242 0.2519427537918091
vt 0.663025975227356 0.25381797552108765
vt 0.6642544865608215 0.2555760145187378
vt 0.6553270220756531 0.25967809557914734
vt 0.6608145236968994 0.24924711883068085
vt 0.6599135994911194 0.2464342713356018
vt 0.6552451252937317 0.25721684098243713
vt 0.6552451252937317 0.2547556161880493
vt 0.6550812721252441 0.2518255412578583
vt 0.6590126752853394 0.24198058247566223
vt 0.6595041155815125 0.24420742690563202
vt 0.6549174785614014 0.24889551103115082
vt 0.658685028553009 0.2394021451473236
vt 0.6583574414253235 0.23670649528503418
vt 0.6546717882156372 0.24573105573654175
vt 0.6543441414833069 0.24256660044193268
vt 0.6540165543556213 0.239284947514534
vt 0.6577022075653076 0.2310808002948761
vt 0.6580297946929932 0.23389364778995514
vt 0.653688907623291 0.23612049221992493
vt 0.6572926640510559 0.22803354263305664
vt 0.6569650769233704 0.22498629987239838
vt 0.6531975269317627 0.2335420399904251
vt 0.6527060866355896 0.2309636026620865
vt 0.651887059211731 0.2288539707660675
vt 0.6556546092033386 0.22018101811408997
vt 0.6563098430633545 0.22252506017684937
vt 0.6511499285697937 0.22662712633609772
vt 0.6547536849975586 0.2181885838508606
vt 0.6538527607917786 0.21619614958763123
vt 0.6500032544136047 0.22486910223960876
vt 0.6489385366439819 0.22311106324195862
vt 0.6477099657058716 0.2217046469449997
vt 0.6515594124794006 0.21314889192581177
vt 0.6527060866355896 0.2146725207567215
vt 0.6464813947677612 0.22029821574687958
vt 0.6503309011459351 0.21197687089443207
vt 0.6491023302078247 0.21080484986305237
vt 0.6449252367019653 0.21854019165039062
vt 0.6433690786361694 0.21678215265274048
vt 0.639601469039917 0.21162526309490204
vt 0.6460719108581543 0.20799200236797333
vt 0.6476280689239502 0.20939843356609344
vt 0.6359158158302307 0.206351175904274
vt 0.6419767141342163 0.20342113077640533
vt 0.6379634141921997 0.19873304665088654
vt 0.6300187706947327 0.20049108564853668
vt 0.624203622341156 0.19451378285884857
vt 0.6127370595932007 0.1890052855014801
vt 0.6259235739707947 0.18630963563919067
vt 0.6319025158882141 0.1925213485956192
vt 0.6012705564498901 0.18349678814411163
vt 0.6157675385475159 0.18138715624809265
vt 0.6056114435195923 0.17646467685699463
vt 0.582842230796814 0.17412063479423523
vt 0.5643320083618164 0.16486167907714844
vt 0.5355837941169739 0.1572435349225998
vt 0.5707204937934875 0.15935318171977997
vt 0.5881659388542175 0.1679089218378067
vt 0.5069174766540527 0.14974261820316315
vt 0.5413989424705505 0.15091463923454285
vt 0.5120774507522583 0.14247609674930573
vt 0.4898815155029297 0.14306209981441498
vt 0.472927451133728 0.13649879395961761
vt 0.4634266197681427 0.13239671289920807
vt 0.47587600350379944 0.12852905690670013
vt 0.4939767122268677 0.13544397056102753
vt 0.4539257884025574 0.12829464673995972
vt 0.46571993827819824 0.12395817041397095
vt 0.45556387305259705 0.11950449645519257
vt 0.4450801908969879 0.124661386013031
vt 0.43623459339141846 0.12091092020273209
vt 0.4249318838119507 0.11598844081163406
vt 0.43729934096336365 0.11118315905332565
vt 0.44639065861701965 0.115285225212574
vt 0.4135472774505615 0.11118315905332565
vt 0.4259147346019745 0.10614346712827682
vt 0.4146120250225067 0.1011037826538086
vt 0.3978217542171478 0.10661228001117706
vt 0.39913222193717957 0.09676730632781982
vt 0.5910326242446899 0.3829745948314667
vt 0.5950458645820618 0.3748876452445984
vt 0.6328034996986389 0.3250768184661865
vt 0.676867663860321 0.3070276975631714
vt 0.6703972816467285 0.31230178475379944
vt 0.6562279462814331 0.3494548201560974
vt 0.6597498059272766 0.3537912964820862
vt 0.6459899544715881 0.39223355054855347
vt 0.6805533170700073 0.31030935049057007
vt 0.6734277009963989 0.3153490424156189
vt 0.5912783145904541 0.3975076377391815
vt 0.5984039306640625 0.3859046399593353
vt 0.6185522675514221 0.5231481790542603
vt 0.6204360127449036 0.49490249156951904
vt 0.624203622341156 0.5225622057914734
vt 0.6254321336746216 0.4965433180332184
vt 0.6224017143249512 0.46677401661872864
vt 0.632148265838623 0.426690936088562
vt 0.6280530691146851 0.4220028519630432
vt 0.6419767141342163 0.3866078555583954
vt 0.6380453109741211 0.3810993731021881
vt 0.6527060866355896 0.34511834383010864
vt 0.6380453109741211 0.37348124384880066
vt 0.6363253593444824 0.4313790202140808
vt 0.6265788078308105 0.47052448987960815
vt 0.23131154477596283 0.029258957132697105
vt 0.23000109195709229 0.036877088248729706
vt 0.2324582040309906 0.029844967648386955
vt 0.2335229516029358 0.029844967648386955
vt 0.6257597804069519 0.3186306953430176
vt 0.4085511565208435 0.19580300152301788
vt 0.26661205291748047 0.037111490964889526
vt 0.2685777246952057 0.025625696405768394
vt 0.2491665482521057 0.029844967648386955
vt 0.2513779401779175 0.019999999552965164
vt 0.24859322607517242 0.020586010068655014
vt 0.24597230553627014 0.029610563069581985
vt 0.24277806282043457 0.029493361711502075
vt 0.2390104979276657 0.037580300122499466
vt 0.24326948821544647 0.038752321153879166
vt 0.239583820104599 0.037814702838659286
vt 0.23786383867263794 0.0719204843044281
vt 0.18061316013336182 0.21561013162136078
vt 0.17438846826553345 0.22029821574687958
vt 0.16980186104774475 0.22486910223960876
vt 0.15997342765331268 0.24104297161102295
vt 0.15669727325439453 0.24326981604099274
vt 0.15186496078968048 0.25311478972435
vt 0.14940784871578217 0.2542867958545685
vt 0.14383839070796967 0.2650693953037262
vt 0.1421184092760086 0.2653037905693054
vt 0.16939234733581543 0.2347140610218048
vt 0.16324956715106964 0.23881612718105316
vt 0.15440396964550018 0.2518255412578583
vt 0.14555837213993073 0.26471778750419617
vt 0.15907248854637146 0.24948151409626007
vt 0.1486707180738449 0.26424896717071533
vt 0.16374099254608154 0.24713747203350067
vt 0.15186496078968048 0.2637801468372345
vt 0.1613657921552658 0.2649521827697754
vt 0.14039844274520874 0.2649521827697754
vt 0.14744216203689575 0.2541695833206177
vt 0.15440396964550018 0.24350421130657196
vt 0.16284005343914032 0.23014318943023682
vt 0.160382941365242 0.23084640502929688
vt 0.16865521669387817 0.21807138621807098
vt 0.1579258292913437 0.23037758469581604
vt 0.16619810461997986 0.21795417368412018
vt 0.15546871721744537 0.2299087792634964
vt 0.16365909576416016 0.21783697605133057
vt 0.16103817522525787 0.2171337604522705
vt 0.13867846131324768 0.26460057497024536
vt 0.14547647535800934 0.2541695833206177
vt 0.15219257771968842 0.24362140893936157
vt 0.1497354656457901 0.2428009957075119
vt 0.14727835357189178 0.24198058247566223
vt 0.15292970836162567 0.22897116839885712
vt 0.1584172546863556 0.21643054485321045
vt 0.1431012600660324 0.25346639752388
vt 0.14072605967521667 0.25276318192481995
vt 0.13835084438323975 0.2518255412578583
vt 0.13171665370464325 0.262608140707016
vt 0.12925954163074493 0.26190492510795593
vt 0.13646705448627472 0.2640145719051361
vt 0.13425566256046295 0.26342856884002686
vt 0.6436147689819336 0.3314056992530823
vt 0.17119422554969788 0.21689936518669128
vt 0.16521525382995605 0.22955717146396637
vt 0.17373324930667877 0.21572734415531158
vt 0.179630309343338 0.208812415599823
vt 0.3919247090816498 0.30913734436035156
vt 0.3827514946460724 0.33011648058891296
vt 0.44278690218925476 0.21103926002979279
vt 0.18757496774196625 0.19568580389022827
vt 0.1948643922805786 0.17998072504997253
vt 0.19429107010364532 0.17810550332069397
vt 0.19928720593452454 0.1689637452363968
vt 0.19371774792671204 0.1762302666902542
vt 0.19838625192642212 0.16755731403827667
vt 0.19707579910755157 0.16615089774131775
vt 0.20428332686424255 0.15337587893009186
vt 0.20297285914421082 0.15232105553150177
vt 0.20895183086395264 0.1386084258556366
vt 0.2141936719417572 0.1175120621919632
vt 0.18962256610393524 0.18947409093379974
vt 0.1892949491739273 0.18724726140499115
vt 0.18904924392700195 0.18502041697502136
vt 0.19257108867168427 0.17470663785934448
vt 0.20174430310726166 0.15126624703407288
vt 0.2075594663619995 0.13778801262378693
vt 0.20616711676120758 0.13708479702472687
vt 0.18806639313697815 0.1832623928785324
vt 0.4422135651111603 0.3365626037120819
vt 0.4338594079017639 0.3587137758731842
vt 0.4943043291568756 0.4241124987602234
vt 0.5049518346786499 0.3983280658721924
vt 0.3655517101287842 0.1808011382818222
vt 0.35261091589927673 0.17587865889072418
vt 0.33614829182624817 0.17165939509868622
vt 0.3223884701728821 0.1901773065328598
vt 0.3061715364456177 0.18490321934223175
vt 0.30830103158950806 0.21373490989208221
vt 0.2919202744960785 0.20846082270145416
vt 0.29421359300613403 0.23729251325130463
vt 0.2777509391307831 0.2321356236934662
vt 0.26579299569129944 0.2520599663257599
vt 0.2563740909099579 0.22850236296653748
vt 0.35048142075538635 0.20095989108085632
vt 0.33868730068206787 0.19545139372348785
vt 0.32468175888061523 0.21900899708271027
vt 0.3106762170791626 0.24244940280914307
vt 0.28209182620048523 0.25616201758384705
vt 0.3365578055381775 0.22463469207286835
vt 0.32271608710289 0.24830949306488037
vt 0.31034862995147705 0.2661241888999939
vt 0.3223884701728821 0.2719843089580536
vt 0.3101029098033905 0.2897990047931671
vt 0.33270832896232605 0.2790164053440094
vt 0.3208322823047638 0.2978859543800354
vt 0.3431100845336914 0.2859313488006592
vt 0.3315616846084595 0.3060900866985321
vt 0.33983394503593445 0.31124696135520935
vt 0.34843382239341736 0.23037758469581604
vt 0.33467400074005127 0.2542867958545685
vt 0.3446662724018097 0.26002970337867737
vt 0.3518737852573395 0.2907366156578064
vt 0.4902910590171814 0.2347140610218048
vt 0.2980630695819855 0.283821702003479
vt 0.2983906865119934 0.2602640986442566
vt 0.28602322936058044 0.2779616117477417
vt 0.2699700891971588 0.27491435408592224
vt 0.27021580934524536 0.20447595417499542
vt 0.28405752778053284 0.18033233284950256
vt 0.2980630695819855 0.16228322684764862
vt 0.27635857462882996 0.15700913965702057
vt 0.25702929496765137 0.15009422600269318
vt 0.24851132929325104 0.20037387311458588
vt 0.2620254456996918 0.17587865889072418
vt 0.24228663742542267 0.17107337713241577
vt 0.2299191802740097 0.19791263341903687
vt 0.5594177842140198 0.2825324833393097
vt 0.17840175330638885 0.0707484632730484
vt 0.20534807443618774 0.15454789996147156
vt 0.5953735113143921 0.47837701439857483
vt 0.5862821936607361 0.47392335534095764
vt 0.5775184631347656 0.47052448987960815
vt 0.5713757276535034 0.49044883251190186
vt 0.5626938939094543 0.485409140586853
vt 0.5893126130104065 0.5022862553596497
vt 0.5800575017929077 0.4953713119029999
vt 0.5687547922134399 0.36492547392845154
vt 0.5684271454811096 0.3589481711387634
vt 0.5629396438598633 0.34886881709098816
vt 0.562202513217926 0.3786381185054779
vt 0.5620386600494385 0.36973077058792114
vt 0.551473081111908 0.391413152217865
vt 0.5515550374984741 0.3997344672679901
vt 0.5409075617790222 0.4208308458328247
vt 0.5332905054092407 0.4397003650665283
vt 0.5341914296150208 0.4450916647911072
vt 0.5275572538375854 0.4617343246936798
vt 0.5346828699111938 0.447904497385025
vt 0.5286219716072083 0.46337515115737915
vt 0.5352561473846436 0.4508345425128937
vt 0.5296047925949097 0.4650160074234009
vt 0.531079113483429 0.4663052260875702
vt 0.5515550374984741 0.4079386293888092
vt 0.540825605392456 0.42844897508621216
vt 0.540825605392456 0.4325510263442993
vt 0.540825605392456 0.43665310740470886
vt 0.5365666151046753 0.452475368976593
vt 0.5325533747673035 0.4675944447517395
vt 0.550162672996521 0.41450193524360657
vt 0.5486884117126465 0.4209480285644531
vt 0.5495074391365051 0.42340928316116333
vt 0.5570425391197205 0.4081730246543884
vt 0.5574520826339722 0.4111030697822571
vt 0.5594177842140198 0.396335631608963
vt 0.5565511584281921 0.4053601622581482
vt 0.6013524532318115 0.29987838864326477
vt 0.664827823638916 0.2908538281917572
vt 0.5257553458213806 0.45868709683418274
vt 0.1862645149230957 0.1703701615333557
vt 0.1842988282442093 0.16978415846824646
vt 0.1821693331003189 0.16978415846824646
vt 0.1775827258825302 0.17798829078674316
vt 0.17528942227363586 0.17798829078674316
vt 0.18192361295223236 0.178457111120224
vt 0.17995792627334595 0.17787109315395355
vt 0.1716037541627884 0.1738862246274948
vt 0.16365909576416016 0.18584083020687103
vt 0.17594464123249054 0.17119057476520538
vt 0.17012947797775269 0.18033233284950256
vt 0.17266850173473358 0.17916031181812286
vt 0.17799223959445953 0.17048737406730652
vt 0.18012173473834991 0.16966696083545685
vt 0.186837837100029 0.16158001124858856
vt 0.18331597745418549 0.16181442141532898
vt 0.18495404720306396 0.16146281361579895
vt 0.19167014956474304 0.1481017917394638
vt 0.6103618741035461 0.3057384788990021
vt 0.03203984349966049 0.24455903470516205
vt 0.057757604867219925 0.22697873413562775
vt 0.036790259182453156 0.24830949306488037
vt 0.050140563398599625 0.24690307676792145
vt 0.6183884143829346 0.3115985691547394
vt 0.5735052227973938 0.3760596811771393
vt 0.577600359916687 0.3665663003921509
vt 0.583743155002594 0.37664568424224854
vt 0.5874288082122803 0.36844155192375183
vt 0.11943109333515167 0.22006382048130035
vt 0.14195461571216583 0.20810921490192413
vt 0.14170889556407928 0.2135004997253418
vt 0.15374873578548431 0.19896745681762695
vt 0.14146319031715393 0.21900899708271027
vt 0.15039068460464478 0.2065855860710144
vt 0.1508002132177353 0.208812415599823
vt 0.14228221774101257 0.22100143134593964
vt 0.1325356811285019 0.23143240809440613
vt 0.12966905534267426 0.22815075516700745
vt 0.12680242955684662 0.22475188970565796
vt 0.1177930161356926 0.23951934278011322
vt 0.12139678001403809 0.24198058247566223
vt 0.11304260045289993 0.255810409784317
vt 0.12491863965988159 0.24444183707237244
vt 0.11730159819126129 0.25745126605033875
vt 0.1263929009437561 0.24561384320259094
vt 0.11910347640514374 0.2582716643810272
vt 0.13376423716545105 0.23307323455810547
vt 0.1431012600660324 0.2228766679763794
vt 0.1512097269296646 0.21103926002979279
vt 0.1446574330329895 0.22428308427333832
vt 0.15268398821353912 0.21256288886070251
vt 0.146131694316864 0.22568951547145844
vt 0.15415826439857483 0.21408651769161224
vt 0.1562877595424652 0.21525853872299194
vt 0.14834310114383698 0.22686153650283813
vt 0.13818703591823578 0.23729251325130463
vt 0.1365489661693573 0.23600327968597412
vt 0.13491089642047882 0.2347140610218048
vt 0.1279490739107132 0.24690307676792145
vt 0.12098725885152817 0.2590920925140381
vt 0.15047259628772736 0.22803354263305664
vt 0.14031653106212616 0.23846453428268433
vt 0.14244602620601654 0.23975375294685364
vt 0.13589373230934143 0.250887930393219
vt 0.14490313827991486 0.24092577397823334
vt 0.13368234038352966 0.2498331218957901
vt 0.12696623802185059 0.2612017095088959
vt 0.1314709335565567 0.2487782984972
vt 0.12966905534267426 0.24784068763256073
vt 0.12475483119487762 0.2603813111782074
vt 0.1228710487484932 0.25979527831077576
vt 0.04817487299442291 0.8020889163017273
vt 0.04498063027858734 0.7998620867729187
vt 0.04997675493359566 0.7934160232543945
vt 0.0462091825902462 0.7924783825874329
vt 0.05169673264026642 0.784743070602417
vt 0.04743773862719536 0.785094678401947
vt 0.055628109723329544 0.7663423418998718
vt 0.04424349591135979 0.779586136341095
vt 0.05366241931915283 0.7581381797790527
vt 0.04104924947023392 0.7740776538848877
vt 0.051614828407764435 0.7498168349266052
vt 0.046946316957473755 0.744659960269928
vt 0.05816712602972984 0.719227135181427
vt 0.054153844714164734 0.7127810120582581
vt 0.06840508431196213 0.6920362710952759
vt 0.06234421208500862 0.6823084950447083
vt 0.07856114208698273 0.6647282242774963
vt 0.07053457945585251 0.6518359780311584
vt 0.06545655429363251 0.6234731078147888
vt 0.06488322466611862 0.6473823189735413
vt 0.06046042963862419 0.6205430626869202
vt 0.059231873601675034 0.6429286003112793
vt 0.05546430125832558 0.6176130175590515
vt 0.052270058542490005 0.6173785924911499
vt 0.04915771633386612 0.5917113423347473
vt 0.0467006079852581 0.5911253690719604
vt 0.046536799520254135 0.5715526342391968
vt 0.04465301334857941 0.5693257451057434
vt 0.043997783213853836 0.551276683807373
vt 0.042523518204689026 0.5475261807441711
vt 0.0492396205663681 0.5479950308799744
vt 0.042277805507183075 0.5435413122177124
vt 0.04858439043164253 0.5440101623535156
vt 0.04195019230246544 0.5395564436912537
vt 0.04792916029691696 0.5400252938270569
vt 0.05497287958860397 0.5444789528846741
vt 0.056037627160549164 0.5484638214111328
vt 0.04932152479887009 0.5513938665390015
vt 0.04539014771580696 0.5550271272659302
vt 0.04850248619914055 0.5736622214317322
vt 0.05169673264026642 0.592297375202179
vt 0.056037627160549164 0.5938209891319275
vt 0.06037852540612221 0.5952274203300476
vt 0.07233646512031555 0.6314428448677063
vt 0.08666960895061493 0.6777376532554626
vt 0.07446596026420593 0.7017640471458435
vt 0.06226230785250664 0.725673258304596
vt 0.06308134645223618 0.7366902232170105
vt 0.06390038132667542 0.7475900053977966
vt 0.05972329527139664 0.7628262639045715
vt 0.05595572292804718 0.784391462802887
vt 0.05366241931915283 0.7943536043167114
vt 0.051369115710258484 0.8043158054351807
vt 0.0711079090833664 0.721219539642334
vt 0.06774985790252686 0.7407922744750977
vt 0.06381847709417343 0.7591930031776428
vt 0.06693082302808762 0.7595446109771729
vt 0.05849473923444748 0.785094678401947
vt 0.0700431615114212 0.7598962187767029
vt 0.06103375554084778 0.7859150767326355
vt 0.06324515491724014 0.787438690662384
vt 0.05865854769945145 0.7963460683822632
vt 0.060706138610839844 0.7975180745124817
vt 0.05620143562555313 0.8067770004272461
vt 0.05816712602972984 0.8074802160263062
vt 0.07913447171449661 0.7058660984039307
vt 0.0715993344783783 0.7339946031570435
vt 0.07536689937114716 0.7339946031570435
vt 0.07913447171449661 0.7339946031570435
vt 0.0720907524228096 0.7629435062408447
vt 0.06545655429363251 0.7890795469284058
vt 0.06283563375473022 0.7986900806427002
vt 0.06013281270861626 0.8083006739616394
vt 0.08290204405784607 0.7110229730606079
vt 0.08658770471811295 0.7162970900535583
vt 0.08904481679201126 0.721922755241394
vt 0.09723518788814545 0.705280065536499
vt 0.10026562958955765 0.712077796459198
vt 0.09928277879953384 0.6914502382278442
vt 0.10173989087343216 0.695435106754303
vt 0.10141228139400482 0.6776204109191895
vt 0.10313225537538528 0.678792417049408
vt 0.10337796807289124 0.663204550743103
vt 0.10427890717983246 0.6801988482475281
vt 0.1046065241098404 0.668009877204895
vt 0.10550746321678162 0.6816052794456482
vt 0.10583508014678955 0.6726979613304138
vt 0.10673601925373077 0.6744559407234192
vt 0.10722743719816208 0.6661346554756165
vt 0.1081283837556839 0.668361485004425
vt 0.10821028798818588 0.6636734008789062
vt 0.10902932286262512 0.6660174131393433
vt 0.10927503556013107 0.661212146282196
vt 0.10984835773706436 0.6636734008789062
vt 0.11181404441595078 0.6636734008789062
vt 0.11099500954151154 0.6650798320770264
vt 0.11263308674097061 0.6643766164779663
vt 0.11214166134595871 0.6663690209388733
vt 0.11345212161540985 0.6650798320770264
vt 0.11451686918735504 0.6653141975402832
vt 0.11509019881486893 0.6635561585426331
vt 0.11558161675930023 0.6634389758110046
vt 0.0903552770614624 0.6881685853004456
vt 0.09412284940481186 0.6984823942184448
vt 0.09690757095813751 0.6874653697013855
vt 0.09969229996204376 0.6763312220573425
vt 0.09928277879953384 0.662501335144043
vt 0.10362368077039719 0.6474995017051697
vt 0.10493413358926773 0.6557036638259888
vt 0.10624459385871887 0.6637905836105347
vt 0.10747314989566803 0.6613293290138245
vt 0.1086198017001152 0.6587508916854858
vt 0.11124072223901749 0.6621497869491577
vt 0.11386164277791977 0.6635561585426331
vt 0.11427115648984909 0.6636734008789062
vt 0.11468067765235901 0.6636734008789062
vt 0.09273048490285873 0.6750419735908508
vt 0.09510569274425507 0.6619153618812561
vt 0.09707137942314148 0.6474995017051697
vt 0.09453237056732178 0.6258171200752258
vt 0.10133037716150284 0.6260515451431274
vt 0.09199335426092148 0.604134738445282
vt 0.0989551693201065 0.6046035885810852
vt 0.10010182112455368 0.5898361206054688
vt 0.102558933198452 0.6039003729820251
vt 0.10378748178482056 0.5898361206054688
vt 0.10616268962621689 0.6033143401145935
vt 0.10739124566316605 0.5898361206054688
vt 0.10919313132762909 0.5897189378738403
vt 0.11050359159708023 0.576709508895874
vt 0.11230546981096268 0.577061116695404
vt 0.11181404441595078 0.5714353919029236
vt 0.11353402584791183 0.5719042420387268
vt 0.11304260045289993 0.5661613345146179
vt 0.11484448611736298 0.5667473077774048
vt 0.11836634576320648 0.562410831451416
vt 0.11664636433124542 0.5674505233764648
vt 0.12025012820959091 0.5631140470504761
vt 0.11844824999570847 0.5681537389755249
vt 0.12205201387405396 0.5639345049858093
vt 0.12426341325044632 0.5648720860481262
vt 0.12778526544570923 0.5607700347900391
vt 0.1299966722726822 0.561707615852356
vt 0.08855339884757996 0.6626185774803162
vt 0.09051908552646637 0.6473823189735413
vt 0.08773435652256012 0.625582754611969
vt 0.08494963496923447 0.6036659479141235
vt 0.09297619760036469 0.5888984799385071
vt 0.10116656869649887 0.5750686526298523
vt 0.10493413358926773 0.5756546854972839
vt 0.10870170593261719 0.576357901096344
vt 0.11001216620206833 0.5709666013717651
vt 0.11132262647151947 0.5655753016471863
vt 0.11664636433124542 0.561707615852356
vt 0.12197010964155197 0.5579571723937988
vt 0.12377198785543442 0.5588948130607605
vt 0.12565577030181885 0.559715211391449
vt 0.08347536623477936 0.6323804259300232
vt 0.07831543684005737 0.6022595167160034
vt 0.07782401144504547 0.5852652192115784
vt 0.06979744881391525 0.5825695991516113
vt 0.06783176213502884 0.5641688704490662
vt 0.06332705914974213 0.578701913356781
vt 0.060542330145835876 0.559363603591919
vt 0.0568566657602787 0.5749514698982239
vt 0.05325290188193321 0.5545583367347717
vt 0.04932152479887009 0.5547927021980286
vt 0.05464526638388634 0.5515110492706299
vt 0.07913447171449661 0.6392953395843506
vt 0.07168123126029968 0.6008530855178833
vt 0.0660298764705658 0.5980402827262878
vt 0.052679575979709625 0.5742482542991638
vt 0.0614432729780674 0.8087694644927979
vt 0.0639822855591774 0.8003309369087219
vt 0.06267182528972626 0.8092382550239563
vt 0.06504703313112259 0.8020889163017273
vt 0.06643939763307571 0.8015029430389404
vt 0.06897841393947601 0.793533205986023
vt 0.07045268267393112 0.7921267747879028
vt 0.07569451630115509 0.7727884650230408
vt 0.07782401144504547 0.7692723870277405
vt 0.08241061866283417 0.7520436644554138
vt 0.08519534766674042 0.7464179992675781
vt 0.09273048490285873 0.7293065190315247
vt 0.08699722588062286 0.7448943853378296
vt 0.09453237056732178 0.7279000878334045
vt 0.08879911154508591 0.743370771408081
vt 0.09633424878120422 0.7264936566352844
vt 0.09723518788814545 0.7268452644348145
vt 0.10477033257484436 0.7098509669303894
vt 0.1055893674492836 0.710085391998291
vt 0.10550746321678162 0.6963727474212646
vt 0.10632649809122086 0.6970759630203247
vt 0.10624459385871887 0.6827772855758667
vt 0.10706363618373871 0.68394935131073
vt 0.10755505412817001 0.6762139797210693
vt 0.10796457529067993 0.6850041747093201
vt 0.10870170593261719 0.6773860454559326
vt 0.10894741863012314 0.685941755771637
vt 0.10984835773706436 0.6785580515861511
vt 0.11140453070402145 0.6793784499168396
vt 0.11255118250846863 0.6718775033950806
vt 0.11435306072235107 0.6725807189941406
vt 0.1132064089179039 0.6694163084030151
vt 0.11492639034986496 0.6701194643974304
vt 0.11386164277791977 0.6669550538063049
vt 0.11558161675930023 0.6675410270690918
vt 0.11558161675930023 0.6655486226081848
vt 0.11721969395875931 0.6670722365379333
vt 0.11664636433124542 0.6651970148086548
vt 0.11885776370763779 0.6667206287384033
vt 0.11771111190319061 0.6648454070091248
vt 0.11869395524263382 0.6641421914100647
vt 0.11705588549375534 0.662852942943573
vt 0.11746540665626526 0.662501335144043
vt 0.06643939763307571 0.7920095920562744
vt 0.0675041452050209 0.7949396371841431
vt 0.07356502115726471 0.7763044834136963
vt 0.0797077938914299 0.7576693892478943
vt 0.08699722588062286 0.7397375106811523
vt 0.1020675078034401 0.7107886075973511
vt 0.10395129024982452 0.7096165418624878
vt 0.10468842834234238 0.6955523490905762
vt 0.10943884402513504 0.6697679162025452
vt 0.11083120107650757 0.6711742877960205
vt 0.11148643493652344 0.6687130928039551
vt 0.11607304215431213 0.6633217930793762
vt 0.11656446009874344 0.6630873680114746
vt 0.07381073385477066 0.771147608757019
vt 0.08118206262588501 0.7502856850624084
vt 0.09150192886590958 0.7275484800338745
vt 0.07405643910169601 0.7659907341003418
vt 0.08265633136034012 0.7429019212722778
vt 0.08085444569587708 0.7384482622146606
vt 0.06168898195028305 0.5549099445343018
vt 0.06873270124197006 0.5581915974617004
vt 0.07831543684005737 0.5619420409202576
vt 0.07929828017950058 0.5556131601333618
vt 0.0888810083270073 0.5588948130607605
vt 0.08249252289533615 0.5503390431404114
vt 0.09273048490285873 0.5536206960678101
vt 0.08568676561117172 0.5451821684837341
vt 0.09657996147871017 0.5483466386795044
vt 0.10370558500289917 0.5510422587394714
vt 0.1000199168920517 0.5560819506645203
vt 0.09633424878120422 0.5612388253211975
vt 0.09518759697675705 0.5674505233764648
vt 0.10247702896595001 0.569208562374115
vt 0.10624459385871887 0.5701462030410767
vt 0.11083120107650757 0.5537378787994385
vt 0.10730934143066406 0.5586603879928589
vt 0.10370558500289917 0.5634656548500061
vt 0.10747314989566803 0.5645204782485962
vt 0.11107691377401352 0.5598323941230774
vt 0.11484448611736298 0.5608872175216675
vt 0.12016822397708893 0.5571367740631104
vt 0.11459877341985703 0.5550271272659302
vt 0.11836634576320648 0.5563163757324219
vt 0.07929828017950058 0.768451988697052
vt 0.0715993344783783 0.7920095920562744
vt 0.06873270124197006 0.801034152507782
vt 0.06979744881391525 0.8011513352394104
vt 0.06684891879558563 0.810527503490448
vt 0.07086219638586044 0.8016201257705688
vt 0.06758604943752289 0.8113479018211365
vt 0.07200884819030762 0.8020889163017273
vt 0.06840508431196213 0.8120511174201965
vt 0.06914222240447998 0.8127543330192566
vt 0.08077254891395569 0.7675143480300903
vt 0.07266408205032349 0.7917751669883728
vt 0.074138343334198 0.7918923497200012
vt 0.07553070783615112 0.7920095920562744
vt 0.07266408205032349 0.8029093742370605
vt 0.06979744881391525 0.8134575486183167
vt 0.08191920071840286 0.7678659558296204
vt 0.08970005065202713 0.7438395619392395
vt 0.08306585252285004 0.7682175636291504
vt 0.09060098975896835 0.744308352470398
vt 0.09158383309841156 0.7452459931373596
vt 0.09813612699508667 0.7271968722343445
vt 0.0989551693201065 0.7279000878334045
vt 0.10640840232372284 0.7105541825294495
vt 0.10722743719816208 0.6977791786193848
vt 0.10804647952318192 0.6984823942184448
vt 0.10927503556013107 0.6990683674812317
vt 0.11033978313207626 0.6867621541023254
vt 0.11042168736457825 0.6995372176170349
vt 0.1116502434015274 0.6875826120376587
vt 0.11337021738290787 0.6879342198371887
vt 0.11296069622039795 0.6800816655158997
vt 0.11484448611736298 0.6803160905838013
vt 0.11631875485181808 0.6725807189941406
vt 0.1167282685637474 0.6698850989341736
vt 0.11853015422821045 0.669650673866272
vt 0.12016822397708893 0.6685958504676819
vt 0.12025012820959091 0.6654314398765564
vt 0.121806301176548 0.667658269405365
vt 0.12172439694404602 0.6642593741416931
vt 0.12270724028348923 0.6626185774803162
vt 0.11959490180015564 0.6633217930793762
vt 0.12041393667459488 0.6622669696807861
vt 0.11803872883319855 0.6620325446128845
vt 0.12115106731653214 0.661212146282196
vt 0.12377198785543442 0.6609777212142944
vt 0.12303485721349716 0.6659002304077148
vt 0.12188820540904999 0.6709399223327637
vt 0.12000441551208496 0.6717603206634521
vt 0.11820253729820251 0.6725807189941406
vt 0.11664636433124542 0.6804332733154297
vt 0.11509019881486893 0.6882858276367188
vt 0.11189594864845276 0.6998888254165649
vt 0.10919313132762909 0.7116090059280396
vt 0.10821028798818588 0.7112573981285095
vt 0.10722743719816208 0.7109057903289795
vt 0.09985610842704773 0.7284860610961914
vt 0.09248477220535278 0.7460663914680481
vt 0.08388488739728928 0.7691552042961121
vt 0.12426341325044632 0.6642593741416931
vt 0.12328056246042252 0.6692990660667419
vt 0.12139678001403809 0.6784408092498779
vt 0.12008631974458694 0.679495632648468
vt 0.11951299756765366 0.6875826120376587
vt 0.1182844415307045 0.6880514025688171
vt 0.11631875485181808 0.7003576159477234
vt 0.11664636433124542 0.6881685853004456
vt 0.11484448611736298 0.700240433216095
vt 0.11337021738290787 0.700240433216095
vt 0.11042168736457825 0.7119606137275696
vt 0.10313225537538528 0.7303613424301147
vt 0.10190369933843613 0.7297753095626831
vt 0.09584282338619232 0.7487620115280151
vt 0.09453237056732178 0.7478244304656982
vt 0.08585057407617569 0.7726712226867676
vt 0.09354951977729797 0.7470040321350098
vt 0.0852772518992424 0.7713820338249207
vt 0.08462201803922653 0.770092785358429
vt 0.07618594169616699 0.7930644154548645
vt 0.12475483119487762 0.6675410270690918
vt 0.12270724028348923 0.6773860454559326
vt 0.12065964937210083 0.6871137619018555
vt 0.11746540665626526 0.7001231908798218
vt 0.11435306072235107 0.7126638293266296
vt 0.11296069622039795 0.712429404258728
vt 0.1116502434015274 0.7121950387954712
vt 0.10436081141233444 0.7309473156929016
vt 0.09707137942314148 0.7498168349266052
vt 0.08658770471811295 0.7736088633537292
vt 0.07708688080310822 0.7975180745124817
vt 0.07692307233810425 0.7957600355148315
vt 0.07684116810560226 0.7941192388534546
vt 0.07331930845975876 0.803729772567749
vt 0.11861205846071243 0.7000060081481934
vt 0.11541780829429626 0.7127810120582581
vt 0.10821028798818588 0.7322365641593933
vt 0.10698173195123672 0.7318849563598633
vt 0.1010027602314949 0.751809298992157
vt 0.09961039572954178 0.7512232661247253
vt 0.08871720731258392 0.7763044834136963
vt 0.09838183969259262 0.7505200505256653
vt 0.08806197345256805 0.7754840850830078
vt 0.0873248428106308 0.7745465040206909
vt 0.07733259350061417 0.7984556555747986
vt 0.07438405603170395 0.8072458505630493
vt 0.07405643910169601 0.8064253926277161
vt 0.07151743024587631 0.8161531686782837
vt 0.07102600485086441 0.8153327703475952
vt 0.11648255586624146 0.7128981947898865
vt 0.10943884402513504 0.7325881719589233
vt 0.10231322050094604 0.7523952722549438
vt 0.08929052948951721 0.7774765491485596
vt 0.07782401144504547 0.8015029430389404
vt 0.07774210721254349 0.8004481196403503
vt 0.07757829874753952 0.7992761135101318
vt 0.07471167296171188 0.8081834316253662
vt 0.07192694395780563 0.8169736266136169
vt 0.11746540665626526 0.7131326198577881
vt 0.11951299756765366 0.700240433216095
vt 0.12156058847904205 0.6873481869697571
vt 0.12418150901794434 0.6745731830596924
vt 0.12557387351989746 0.6717603206634521
vt 0.12868620455265045 0.6560552716255188
vt 0.1263929009437561 0.6765655875205994
vt 0.12966905534267426 0.6633217930793762
vt 0.12721194326877594 0.6812536716461182
vt 0.13056999444961548 0.6705883145332336
vt 0.13319091498851776 0.685941755771637
vt 0.13433755934238434 0.6482027173042297
vt 0.13925178349018097 0.660508930683136
vt 0.1381051391363144 0.6258171200752258
vt 0.14531266689300537 0.635076105594635
vt 0.14637741446495056 0.6139797568321228
vt 0.1538306474685669 0.6206602454185486
vt 0.15522301197052002 0.5967510342597961
vt 0.16832759976387024 0.6303880214691162
vt 0.17037519812583923 0.6062443852424622
vt 0.1827426552772522 0.6401157975196838
vt 0.18560928106307983 0.6157377362251282
vt 0.2046109437942505 0.6269891858100891
vt 0.18552738428115845 0.608940064907074
vt 0.20436522364616394 0.6196054220199585
vt 0.18536357581615448 0.6020251512527466
vt 0.204037606716156 0.6122217178344727
vt 0.21083562076091766 0.6077680587768555
vt 0.22950966656208038 0.6174957752227783
vt 0.23622576892375946 0.6125733256340027
vt 0.24548088014125824 0.6231215000152588
vt 0.2513779401779175 0.6166753768920898
vt 0.2613702118396759 0.6286299824714661
vt 0.2665301263332367 0.6208946704864502
vt 0.27930712699890137 0.6232386827468872
vt 0.27529382705688477 0.6320288181304932
vt 0.2562921643257141 0.6363652944564819
vt 0.239583820104599 0.6294503808021545
vt 0.2227935642004013 0.6225354671478271
vt 0.22312118113040924 0.6302708387374878
vt 0.22353069484233856 0.6381233334541321
vt 0.20182621479034424 0.65101557970047
vt 0.17987602949142456 0.6643766164779663
vt 0.16619810461997986 0.6544144153594971
vt 0.15252017974853516 0.6444522738456726
vt 0.1441660076379776 0.6728151440620422
vt 0.13589373230934143 0.7011780142784119
vt 0.12803098559379578 0.6942631006240845
vt 0.1238538920879364 0.6920362710952759
vt 0.12311676144599915 0.6898094415664673
vt 0.12237962335348129 0.6875826120376587
vt 0.12041393667459488 0.700592041015625
vt 0.11836634576320648 0.7134842276573181
vt 0.11058549582958221 0.7330569624900818
vt 0.12278914451599121 0.702584445476532
vt 0.12876811623573303 0.7072725296020508
vt 0.12164249271154404 0.7132498025894165
vt 0.11590923368930817 0.7335257530212402
vt 0.12000441551208496 0.7133670449256897
vt 0.11386164277791977 0.7334085702896118
vt 0.11181404441595078 0.7334085702896118
vt 0.10378748178482056 0.7528641223907471
vt 0.09060098975896835 0.7794689536094666
vt 0.0898638591170311 0.7786485552787781
vt 0.07733259350061417 0.8059566020965576
vt 0.07741449028253555 0.8049017786979675
vt 0.07503928989171982 0.8120511174201965
vt 0.0776602029800415 0.8032609820365906
vt 0.0751211866736412 0.8109962940216064
vt 0.0751211866736412 0.8099414706230164
vt 0.07495738565921783 0.8090038895606995
vt 0.07217265665531158 0.8176767826080322
vt 0.12450911849737167 0.7302441000938416
vt 0.1101759746670723 0.7536845207214355
vt 0.10771886259317398 0.7535673379898071
vt 0.10526175051927567 0.7534500956535339
vt 0.09125621616840363 0.780289351940155
vt 0.07725068926811218 0.8071286082267761
vt 0.07503928989171982 0.812871515750885
vt 0.07266408205032349 0.819317638874054
vt 0.0725821778178215 0.8188488483428955
vt 0.07250027358531952 0.8183799982070923
vt 0.1330271065235138 0.7268452644348145
vt 0.12016822397708893 0.7530984878540039
vt 0.09961039572954178 0.7816957831382751
vt 0.09354951977729797 0.7814614176750183
vt 0.07897066324949265 0.810175895690918
vt 0.07692307233810425 0.8092382550239563
vt 0.07503928989171982 0.8148639798164368
vt 0.07708688080310822 0.8081834316253662
vt 0.07503928989171982 0.8142779469490051
vt 0.07503928989171982 0.8135747313499451
vt 0.07282788306474686 0.819669246673584
vt 0.13024237751960754 0.7526296973228455
vt 0.10567127168178558 0.7819302082061768
vt 0.08110015839338303 0.8111134767532349
vt 0.07659545540809631 0.8160359859466553
vt 0.07315549999475479 0.8204896450042725
vt 0.07299169152975082 0.820372462272644
vt 0.07290978729724884 0.8201380372047424
vt 0.15235638618469238 0.7561457753181458
vt 0.153339222073555 0.7321193814277649
vt 0.1543220728635788 0.7082101702690125
vt 0.16021913290023804 0.6813709139823914
vt 0.17635416984558105 0.6898094415664673
vt 0.195929154753685 0.7010608315467834
vt 0.19912339746952057 0.6750419735908508
vt 0.21550412476062775 0.7123122215270996
vt 0.21845266222953796 0.6858245730400085
vt 0.2345057874917984 0.6932082772254944
vt 0.22099168598651886 0.6619153618812561
vt 0.23688100278377533 0.669650673866272
vt 0.23933811485767365 0.6459758877754211
vt 0.23942001163959503 0.637771725654602
vt 0.255718857049942 0.6451554894447327
vt 0.2700519859790802 0.6496091485023499
vt 0.27136245369911194 0.6408190131187439
vt 0.28438514471054077 0.654062807559967
vt 0.28643274307250977 0.6453898549079895
vt 0.3014211058616638 0.6487887501716614
vt 0.289217472076416 0.6355448961257935
vt 0.30330491065979004 0.6391781568527222
vt 0.29208409786224365 0.6256999373435974
vt 0.30527058243751526 0.6295676231384277
vt 0.31739234924316406 0.6428114175796509
vt 0.31640949845314026 0.6521875858306885
vt 0.29880020022392273 0.6568756699562073
vt 0.2822556495666504 0.6627357602119446
vt 0.26874154806137085 0.6582821011543274
vt 0.25514551997184753 0.6538284420967102
vt 0.2528522312641144 0.6772688031196594
vt 0.25047701597213745 0.700592041015625
vt 0.23024679720401764 0.7203991413116455
vt 0.21247369050979614 0.7386826872825623
vt 0.19265300035476685 0.7269624471664429
vt 0.17283231019973755 0.7152422666549683
vt 0.1736513376235962 0.7373934388160706
vt 0.17455227673053741 0.7596617937088013
vt 0.12491863965988159 0.7848602533340454
vt 0.3132152557373047 0.6598057150840759
vt 0.29617926478385925 0.6650798320770264
vt 0.2914288640022278 0.6880514025688171
vt 0.27889758348464966 0.6853557825088501
vt 0.28659653663635254 0.7109057903289795
vt 0.2755395472049713 0.7080929279327393
vt 0.26882344484329224 0.7369246482849121
vt 0.2630082666873932 0.7043424844741821
vt 0.25694739818573 0.7327053546905518
vt 0.24498946964740753 0.7286033034324646
vt 0.22598780691623688 0.7477072477340698
vt 0.22303926944732666 0.7714992165565491
vt 0.21042610704898834 0.7614198327064514
vt 0.22009073197841644 0.7952912449836731
vt 0.20846042037010193 0.7841570377349854
vt 0.1919158697128296 0.8019717335700989
vt 0.19150634109973907 0.7718508243560791
vt 0.1679999828338623 0.7949396371841431
vt 0.1441660076379776 0.7877902984619141
vt 0.09739899635314941 0.8135747313499451
vt 0.0924028679728508 0.8210756778717041
vt 0.0781516283750534 0.8170908093452454
vt 0.08748865127563477 0.8284593820571899
vt 0.07528499513864517 0.8230680823326111
vt 0.3100210130214691 0.6674238443374634
vt 0.30387821793556213 0.6906298398971558
vt 0.29773545265197754 0.7137186527252197
vt 0.2790614068508148 0.7400890588760376
vt 0.2620254456996918 0.7657563090324402
vt 0.2508046329021454 0.7611854672431946
vt 0.239583820104599 0.7566145658493042
vt 0.23565244674682617 0.7814614176750183
vt 0.23172105848789215 0.8063082098960876
vt 0.2060033082962036 0.8142779469490051
vt 0.17545321583747864 0.8197864294052124
vt 0.14457552134990692 0.8179112076759338
vt 0.1136978343129158 0.8160359859466553
vt 0.10665411502122879 0.8250605463981628
vt 0.09969229996204376 0.8339678645133972
vt 0.2893812656402588 0.7432535290718079
vt 0.2716081738471985 0.7692723870277405
vt 0.26816821098327637 0.7984556555747986
vt 0.2589130997657776 0.793533205986023
vt 0.26481014490127563 0.8277561664581299
vt 0.255718857049942 0.8213101029396057
vt 0.24490755796432495 0.8428752422332764
vt 0.2436790019273758 0.8138091564178467
vt 0.232540100812912 0.8346710801124573
vt 0.22017264366149902 0.8265841603279114
vt 0.19199776649475098 0.8332646489143372
vt 0.18569117784500122 0.8404139876365662
vt 0.16824570298194885 0.827170193195343
vt 0.17946650087833405 0.8475633263587952
vt 0.16103817522525787 0.8346710801124573
vt 0.2811090052127838 0.7727884650230408
vt 0.27750521898269653 0.8034953474998474
vt 0.273983359336853 0.8340851068496704
vt 0.2548179030418396 0.8488525152206421
vt 0.23409627377986908 0.864440381526947
vt 0.2213192880153656 0.8556502461433411
vt 0.2086242139339447 0.8467429280281067
vt 0.20321857929229736 0.8536578416824341
vt 0.1978948414325714 0.8604555130004883
vt 0.2893812656402588 0.7761873006820679
vt 0.29830875992774963 0.7465351819992065
vt 0.30723628401756287 0.7168830633163452
vt 0.3132971525192261 0.693442702293396
vt 0.32271608710289 0.6962555646896362
vt 0.32861313223838806 0.6724635362625122
vt 0.33279022574424744 0.6994199752807617
vt 0.3390149176120758 0.6759796142578125
vt 0.34286439418792725 0.702584445476532
vt 0.3493347764015198 0.679495632648468
vt 0.3634222149848938 0.6851213574409485
vt 0.35146427154541016 0.6714087128639221
vt 0.3658793270587921 0.6766828298568726
vt 0.3536756634712219 0.6633217930793762
vt 0.36833643913269043 0.6682442426681519
vt 0.3714487850666046 0.6587508916854858
vt 0.38602763414382935 0.6629701852798462
vt 0.38905808329582214 0.6528908014297485
vt 0.4004426896572113 0.6675410270690918
vt 0.4019169509410858 0.6575788855552673
vt 0.41485774517059326 0.6719947457313538
vt 0.4146939218044281 0.6622669696807861
vt 0.43123847246170044 0.6663690209388733
vt 0.4330403506755829 0.6756280064582825
vt 0.41502153873443604 0.6817225217819214
vt 0.3990503251552582 0.677503228187561
vt 0.38299718499183655 0.6731667518615723
vt 0.3802943825721741 0.6819568872451782
vt 0.3775096535682678 0.6907470226287842
vt 0.3552318513393402 0.7076241374015808
vt 0.33639398217201233 0.7257904410362244
vt 0.32656556367874146 0.7229775786399841
vt 0.3168190121650696 0.7200475335121155
vt 0.30723628401756287 0.7498168349266052
vt 0.29773545265197754 0.779586136341095
vt 0.28553178906440735 0.8077146410942078
vt 0.4349241554737091 0.6848869323730469
vt 0.4303375482559204 0.6927394866943359
vt 0.41084444522857666 0.6901610493659973
vt 0.4258328378200531 0.700592041015625
vt 0.4066673815250397 0.6984823942184448
vt 0.3958560824394226 0.7206335663795471
vt 0.39208850264549255 0.6946147084236145
vt 0.3817686438560486 0.71653151512146
vt 0.3675993084907532 0.7125466465950012
vt 0.3470414876937866 0.7300097346305847
vt 0.3364759087562561 0.7595446109771729
vt 0.3259103298187256 0.7557941675186157
vt 0.3259103298187256 0.7890795469284058
vt 0.31542664766311646 0.7859150767326355
vt 0.3101848065853119 0.8180283904075623
vt 0.306581050157547 0.7827506065368652
vt 0.3019125461578369 0.8150983452796936
vt 0.29355835914611816 0.8120511174201965
vt 0.2816823124885559 0.8393591642379761
vt 0.27275481820106506 0.8595179319381714
vt 0.26481014490127563 0.8547126650810242
vt 0.2638273239135742 0.8796766996383667
vt 0.25563693046569824 0.8754574060440063
vt 0.24941226840019226 0.8815519213676453
vt 0.24490755796432495 0.8699489235877991
vt 0.23884668946266174 0.8762778043746948
vt 0.22828111052513123 0.8710037469863892
vt 0.2157498449087143 0.8623307943344116
vt 0.2101803869009018 0.8690112829208374
vt 0.4498306214809418 0.695435106754303
vt 0.44491639733314514 0.7028188705444336
vt 0.41485774517059326 0.7234464287757874
vt 0.38496288657188416 0.7427847385406494
vt 0.37136685848236084 0.7385654449462891
vt 0.3576889634132385 0.7343462109565735
vt 0.3470414876937866 0.76329505443573
vt 0.33639398217201233 0.7923611998558044
vt 0.32009515166282654 0.820372462272644
vt 0.3049429655075073 0.8501417636871338
vt 0.29716211557388306 0.8473289012908936
vt 0.2893812656402588 0.8445160984992981
vt 0.2806994915008545 0.8642060160636902
vt 0.2720176875591278 0.8838959336280823
vt 0.257766455411911 0.885536789894104
vt 0.2431875765323639 0.8876463770866394
vt 0.23278580605983734 0.8826067447662354
vt 0.22246594727039337 0.8775670528411865
vt 0.43377748131752014 0.7262592315673828
vt 0.4038826525211334 0.7463008165359497
vt 0.39413610100746155 0.7730228304862976
vt 0.37546205520629883 0.7699756026268005
vt 0.3843895494937897 0.7998620867729187
vt 0.3659612238407135 0.7971664667129517
vt 0.3573613464832306 0.8269357681274414
vt 0.3512185513973236 0.7947052121162415
vt 0.3436834216117859 0.8249433636665344
vt 0.3300054967403412 0.8228337168693542
vt 0.3142800033092499 0.8517826199531555
vt 0.3105943202972412 0.8751057982444763
vt 0.29765355587005615 0.8706521391868591
vt 0.3069905638694763 0.8985462188720703
vt 0.2903641164302826 0.8911624550819397
vt 0.28504037857055664 0.8971397876739502
vt 0.2811909019947052 0.887529194355011
vt 0.2756214439868927 0.8933892846107483
vt 0.26620250940322876 0.8896388411521912
vt 0.2517874836921692 0.8915140628814697
vt 0.4227204918861389 0.7498168349266052
vt 0.4127282500267029 0.7761873006820679
vt 0.40273597836494446 0.8024405241012573
vt 0.3745611310005188 0.8306862115859985
vt 0.3487614393234253 0.8568222522735596
vt 0.33614829182624817 0.8550642728805542
vt 0.32353511452674866 0.853306233882904
vt 0.32353511452674866 0.8795594573020935
vt 0.32361701130867004 0.9058127403259277
vt 0.3019125461578369 0.904523491859436
vt 0.2797166407108307 0.9031170606613159
vt 0.2700519859790802 0.8992493748664856
vt 0.2603054642677307 0.8953817486763
vt 0.3918428122997284 0.8343194723129272
vt 0.3648145794868469 0.8615103363990784
vt 0.3771001398563385 0.9013590216636658
vt 0.35916322469711304 0.8954989314079285
vt 0.3893037736415863 0.9412077069282532
vt 0.36964690685272217 0.9341756105422974
vt 0.36727169156074524 0.9414421319961548
vt 0.3466319441795349 0.9199941754341125
vt 0.34302818775177 0.9266746640205383
vt 0.3187846839427948 0.9119071960449219
vt 0.2968344986438751 0.9105008244514465
vt 0.38094961643218994 0.8660812377929688
vt 0.3949551284313202 0.9072191119194031
vt 0.4090425670146942 0.9482398629188538
vt 0.38594573736190796 0.9485914707183838
vt 0.3649783730506897 0.9488258361816406
vt 0.3394244313240051 0.9333552122116089
vt 0.31387048959732056 0.9180017113685608
vt 0.400934100151062 0.8742853999137878
vt 0.41289204359054565 0.8404139876365662
vt 0.4249318838119507 0.8066598176956177
vt 0.4365622103214264 0.7797033786773682
vt 0.4604780972003937 0.7832193970680237
vt 0.47374650835990906 0.7555597424507141
vt 0.48455777764320374 0.7865011096000671
vt 0.4967614412307739 0.7559113502502441
vt 0.5086374878883362 0.7897827625274658
vt 0.5197764039039612 0.7562629580497742
vt 0.5320619344711304 0.7512232661247253
vt 0.5296047925949097 0.7293065190315247
vt 0.541071355342865 0.7268452644348145
vt 0.5394332408905029 0.7024672627449036
vt 0.5499988198280334 0.7024672627449036
vt 0.5527835488319397 0.6959039568901062
vt 0.5629396438598633 0.6960211396217346
vt 0.5652329325675964 0.6894578337669373
vt 0.5659700632095337 0.6955523490905762
vt 0.5681814551353455 0.6894578337669373
vt 0.5690823793411255 0.6952007412910461
vt 0.5711299777030945 0.6895750164985657
vt 0.5727680921554565 0.6896921992301941
vt 0.5685909986495972 0.6827772855758667
vt 0.5703928470611572 0.6830117106437683
vt 0.5660519599914551 0.6760967969894409
vt 0.5680995583534241 0.676448404788971
vt 0.5722766518592834 0.6832461357116699
vt 0.5743242502212524 0.6898094415664673
vt 0.5708023905754089 0.6949663162231445
vt 0.5671167373657227 0.7008264064788818
vt 0.5638405680656433 0.7016468048095703
vt 0.560564398765564 0.702584445476532
vt 0.5524559617042542 0.7243840098381042
vt 0.5443474650382996 0.7461835741996765
vt 0.522888720035553 0.7808753848075867
vt 0.49758046865463257 0.8231853246688843
vt 0.47235414385795593 0.8169736266136169
vt 0.4471277892589569 0.8107618689537048
vt 0.4340232014656067 0.8466256856918335
vt 0.42091861367225647 0.8823723196983337
vt 0.41084444522857666 0.9138996601104736
vt 0.5725223422050476 0.6948491334915161
vt 0.5689185857772827 0.7003576159477234
vt 0.5623663067817688 0.7152422666549683
vt 0.560154914855957 0.7171174883842468
vt 0.5558140277862549 0.7302441000938416
vt 0.5531930923461914 0.7334085702896118
vt 0.5472960472106934 0.7591930031776428
vt 0.5487703084945679 0.7398546934127808
vt 0.5422179698944092 0.7656391263008118
vt 0.5371399521827698 0.7720852494239807
vt 0.5137155055999756 0.810527503490448
vt 0.5141250491142273 0.822013258934021
vt 0.502249002456665 0.8342022895812988
vt 0.5144526362419128 0.8333818912506104
vt 0.5069993734359741 0.845102071762085
vt 0.5095384120941162 0.8463913202285767
vt 0.49708905816078186 0.8738165497779846
vt 0.5000376105308533 0.8748713731765747
vt 0.4871787130832672 0.902531087398529
vt 0.49045485258102417 0.9033514857292175
vt 0.47775977849960327 0.9313627481460571
vt 0.48079022765159607 0.9315971732139587
vt 0.4678494334220886 0.9592568278312683
vt 0.48300161957740784 0.9315971732139587
vt 0.4700608253479004 0.9587880373001099
vt 0.4851311147212982 0.9315971732139587
vt 0.47219032049179077 0.9584364295005798
vt 0.4746474325656891 0.9576159715652466
vt 0.4653104245662689 0.9676953554153442
vt 0.4676037132740021 0.9673437476158142
vt 0.4584304988384247 0.9770715236663818
vt 0.46055999398231506 0.9769543409347534
vt 0.5706385970115662 0.6998888254165649
vt 0.5645776987075806 0.7133670449256897
vt 0.5584349036216736 0.7269624471664429
vt 0.5502445697784424 0.7527468800544739
vt 0.5413989424705505 0.7849774360656738
vt 0.5356656908988953 0.7914235591888428
vt 0.52993243932724 0.7978696823120117
vt 0.5260010361671448 0.8098242878913879
vt 0.521987795829773 0.821661651134491
vt 0.5172373652458191 0.8333818912506104
vt 0.5120774507522583 0.8477977514266968
vt 0.5029042363166809 0.8759261965751648
vt 0.49373099207878113 0.9040547013282776
vt 0.4959424138069153 0.9044063091278076
vt 0.49807190895080566 0.9047579169273376
vt 0.4876701235771179 0.9313627481460571
vt 0.4771045446395874 0.9569128155708313
vt 0.46981513500213623 0.9668749570846558
vt 0.46260759234428406 0.9769543409347534
vt 0.5302600264549255 0.8059566020965576
vt 0.524936318397522 0.820372462272644
vt 0.519940197467804 0.8334990739822388
vt 0.5220696926116943 0.8342022895812988
vt 0.5146164298057556 0.8487353324890137
vt 0.5241172909736633 0.8349055051803589
vt 0.5170735716819763 0.8495557308197021
vt 0.5195306539535522 0.8507277965545654
vt 0.5075727105140686 0.8770982027053833
vt 0.5101117491722107 0.8779186606407166
vt 0.500610888004303 0.9051095247268677
vt 0.49012723565101624 0.9311283230781555
vt 0.49299386143684387 0.9306595325469971
vt 0.47988927364349365 0.9556235671043396
vt 0.4958604872226715 0.9301907420158386
vt 0.4826740026473999 0.9543343186378479
vt 0.48595014214515686 0.9525763392448425
vt 0.47489315271377563 0.9651169180870056
vt 0.47784167528152466 0.9638277292251587
vt 0.46711230278015137 0.9758995175361633
vt 0.46965131163597107 0.9750791192054749
vt 0.5346009731292725 0.8020889163017273
vt 0.527884840965271 0.8190832138061523
vt 0.5295228958129883 0.819669246673584
vt 0.5311610102653503 0.8201380372047424
vt 0.5263286828994751 0.8361947536468506
vt 0.5220696926116943 0.8518998026847839
vt 0.5125688314437866 0.8786218762397766
vt 0.5031499266624451 0.9054611325263977
vt 0.5060984492301941 0.9058127403259277
vt 0.5090469717979431 0.9060471057891846
vt 0.49913665652275085 0.9293703436851501
vt 0.4892263114452362 0.9507010579109192
vt 0.4807083010673523 0.9624212980270386
vt 0.47219032049179077 0.9741414785385132
vt 0.5330447554588318 0.821661651134491
vt 0.5284581780433655 0.8374839425086975
vt 0.5311610102653503 0.8387731909751892
vt 0.524936318397522 0.8531889915466309
vt 0.5338638424873352 0.8400623798370361
vt 0.5278029441833496 0.8544782400131226
vt 0.5309971570968628 0.8555330634117126
vt 0.5184659361839294 0.8802626729011536
vt 0.5216601490974426 0.8809658885002136
vt 0.5123231410980225 0.9062815308570862
vt 0.5024127960205078 0.9286671280860901
vt 0.5057708621025085 0.9274950623512268
vt 0.49299386143684387 0.9484742283821106
vt 0.5091288685798645 0.9264402389526367
vt 0.49667954444885254 0.946247398853302
vt 0.500201404094696 0.943903386592865
vt 0.48734250664711 0.9587880373001099
vt 0.49045485258102417 0.9570299983024597
vt 0.47792357206344604 0.971328616142273
vt 0.48079022765159607 0.970039427280426
vt 0.534928560256958 0.8231853246688843
vt 0.5373857021331787 0.8244745135307312
vt 0.5398427844047546 0.8257637619972229
vt 0.5368942618370056 0.8411172032356262
vt 0.5341914296150208 0.8567050695419312
vt 0.5248544216156006 0.8816691040992737
vt 0.5155993103981018 0.9065159559249878
vt 0.5186297297477722 0.9065159559249878
vt 0.5216601490974426 0.9065159559249878
vt 0.5121593475341797 0.9251510500907898
vt 0.5037232637405396 0.9415593147277832
vt 0.49364909529685974 0.9551547765731812
vt 0.4835749566555023 0.9687501788139343
vt 0.5427913069725037 0.8267013430595398
vt 0.5400065779685974 0.8420548439025879
vt 0.5427913069725037 0.8426408171653748
vt 0.5370580554008484 0.8576427102088928
vt 0.5456579327583313 0.8432268500328064
vt 0.5398427844047546 0.8584631085395813
vt 0.5423818230628967 0.8590491414070129
vt 0.5307514667510986 0.8824895024299622
vt 0.5332905054092407 0.8827239274978638
vt 0.5241991877555847 0.9062815308570862
vt 0.5151897668838501 0.9238618016242981
vt 0.5174011588096619 0.9230414032936096
vt 0.5062622427940369 0.9398012757301331
vt 0.5196125507354736 0.9223381876945496
vt 0.508801281452179 0.9381604790687561
vt 0.5098660588264465 0.9381604790687561
vt 0.4988909363746643 0.9523419141769409
vt 0.5009385347366333 0.9517558813095093
vt 0.48898059129714966 0.9665233492851257
vt 0.49201101064682007 0.9654685258865356
vt 0.5458217263221741 0.827521800994873
vt 0.5486064553260803 0.8277561664581299
vt 0.5513911843299866 0.8279905915260315
vt 0.5481969714164734 0.8433440327644348
vt 0.5450026988983154 0.8596351146697998
vt 0.535829484462738 0.8828411102294922
vt 0.526738166809082 0.9060471057891846
vt 0.5285400748252869 0.9062815308570862
vt 0.5303419828414917 0.9065159559249878
vt 0.5197764039039612 0.9246822595596313
vt 0.5110126733779907 0.9381604790687561
vt 0.5030680298805237 0.9512870907783508
vt 0.49504145979881287 0.9642965197563171
vt 0.5539302229881287 0.8277561664581299
vt 0.5507359504699707 0.8435784578323364
vt 0.5527835488319397 0.8435784578323364
vt 0.546968400478363 0.8603383302688599
vt 0.5548311471939087 0.8435784578323364
vt 0.5489341020584106 0.8609243631362915
vt 0.5499988198280334 0.8653780221939087
vt 0.5396789908409119 0.8837787508964539
vt 0.5398427844047546 0.8883495926856995
vt 0.5296047925949097 0.911321222782135
vt 0.519940197467804 0.9271434545516968
vt 0.5183020830154419 0.9311283230781555
vt 0.5115860104560852 0.9393324851989746
vt 0.5166640281677246 0.9351131916046143
vt 0.5122412443161011 0.9405044913291931
vt 0.5157631039619446 0.9386292695999146
vt 0.506344199180603 0.9517558813095093
vt 0.5092108249664307 0.9508183002471924
vt 0.5005289912223816 0.9630072712898254
vt 0.5025765895843506 0.9630072712898254
vt 0.5564692616462708 0.8274045586585999
vt 0.5585987567901611 0.826818585395813
vt 0.5607282519340515 0.8261153697967529
vt 0.5569606423377991 0.8460397124290466
vt 0.5511454939842224 0.8697144985198975
vt 0.5400065779685974 0.8929204940795898
vt 0.5288676619529724 0.9161264896392822
vt 0.524936318397522 0.9229242205619812
vt 0.5210049152374268 0.9297219514846802
vt 0.5215782523155212 0.9311283230781555
vt 0.5193668603897095 0.9368712306022644
vt 0.5119955539703369 0.9499978423118591
vt 0.5046241879463196 0.9630072712898254
vt 0.5336999893188477 0.9082739353179932
vt 0.5273115038871765 0.9236274361610413
vt 0.5264924764633179 0.9271434545516968
vt 0.5303419828414917 0.9273778796195984
vt 0.5222334861755371 0.9378088712692261
vt 0.5341914296150208 0.9276123046875
vt 0.5251820087432861 0.938746452331543
vt 0.5272296071052551 0.9419109225273132
vt 0.5169916749000549 0.9546859264373779
vt 0.5191211700439453 0.9585536122322083
vt 0.508801281452179 0.9707426428794861
vt 0.5109307765960693 0.9753134846687317
vt 0.5423818230628967 0.8936237096786499
vt 0.5336180925369263 0.9175329208374023
vt 0.5384504199028015 0.9169468879699707
vt 0.5432827472686768 0.9163609147071838
vt 0.5354200005531311 0.9304251074790955
vt 0.5293591022491455 0.9449582099914551
vt 0.5212506651878357 0.962538480758667
vt 0.5130602717399597 0.9800015687942505
vt 0.5483607649803162 0.8924517035484314
vt 0.5542578101158142 0.8912796974182129
vt 0.5583530068397522 0.8895216584205627
vt 0.5731775760650635 0.8599867224693298
vt 0.5811222195625305 0.8538922071456909
vt 0.5765356421470642 0.8399451971054077
vt 0.5835793614387512 0.8302174210548401
vt 0.5798937082290649 0.8199036717414856
vt 0.5859545469284058 0.8066598176956177
vt 0.5789927244186401 0.7990416884422302
vt 0.596929669380188 0.7812269926071167
vt 0.5901316404342651 0.7748980522155762
vt 0.607822835445404 0.7557941675186157
vt 0.6011886596679688 0.7506372928619385
vt 0.6107714176177979 0.7323537468910217
vt 0.6032362580299377 0.7281345129013062
vt 0.6119999289512634 0.7109057903289795
vt 0.5995506048202515 0.7257904410362244
vt 0.6075771450996399 0.7091477513313293
vt 0.5958648920059204 0.7234464287757874
vt 0.6031543612480164 0.7075069546699524
vt 0.6008610129356384 0.7068037390708923
vt 0.6052019596099854 0.7004747986793518
vt 0.6029086112976074 0.6998888254165649
vt 0.6073314547538757 0.6933255195617676
vt 0.604874312877655 0.6929739117622375
vt 0.6034819483757019 0.6851213574409485
vt 0.6008610129356384 0.6848869323730469
vt 0.5993867516517639 0.677151620388031
vt 0.5982401371002197 0.68465256690979
vt 0.5966839790344238 0.677151620388031
vt 0.5955373048782349 0.6844181418418884
vt 0.593981146812439 0.677151620388031
vt 0.590786874294281 0.6770344376564026
vt 0.5581892132759094 0.8679564595222473
vt 0.565151035785675 0.8660812377929688
vt 0.5694919228553772 0.8496729731559753
vt 0.573750913143158 0.8332646489143372
vt 0.5747337341308594 0.8146295547485352
vt 0.5721128582954407 0.7915407419204712
vt 0.5832517743110657 0.7685691714286804
vt 0.5944725275039673 0.7454803586006165
vt 0.5916059017181396 0.7424331307411194
vt 0.5886573791503906 0.7393859028816223
vt 0.593981146812439 0.7222743630409241
vt 0.5986496210098267 0.7059832811355591
vt 0.6005334258079529 0.6993027925491333
vt 0.6024172306060791 0.6925050616264343
vt 0.5997962951660156 0.6921534538269043
vt 0.5971753597259521 0.6918018460273743
vt 0.5924249887466431 0.6841837167739868
vt 0.5876745581626892 0.6769171953201294
vt 0.564250111579895 0.8490869402885437
vt 0.5703928470611572 0.8302174210548401
vt 0.5694919228553772 0.8093554973602295
vt 0.5658881664276123 0.812519907951355
vt 0.5679357647895813 0.7983384728431702
vt 0.5622844099998474 0.8156843781471252
vt 0.5637586712837219 0.8051362037658691
vt 0.5619567632675171 0.8070114254951477
vt 0.5628577470779419 0.8015029430389404
vt 0.5612196326255798 0.803378164768219
vt 0.5620386600494385 0.7978696823120117
vt 0.560564398765564 0.7998620867729187
vt 0.5581892132759094 0.7998620867729187
vt 0.5570425391197205 0.8011513352394104
vt 0.5549949407577515 0.8003309369087219
vt 0.5557321310043335 0.8016201257705688
vt 0.5542578101158142 0.8003309369087219
vt 0.5545035600662231 0.8020889163017273
vt 0.553520679473877 0.8003309369087219
vt 0.5527835488319397 0.7998620867729187
vt 0.5590901374816895 0.8485009670257568
vt 0.5669528841972351 0.827170193195343
vt 0.5638405680656433 0.8267013430595398
vt 0.5602368116378784 0.8168563842773438
vt 0.5600730180740356 0.8088866472244263
vt 0.5595815777778625 0.8053706288337708
vt 0.5590901374816895 0.8019717335700989
vt 0.557206392288208 0.8029093742370605
vt 0.5554044842720032 0.8038469552993774
vt 0.55311119556427 0.801737368106842
vt 0.5520464181900024 0.7993932962417603
vt 0.5582711100578308 0.8181456327438354
vt 0.5558959245681763 0.8187316060066223
vt 0.5579435229301453 0.8097071051597595
vt 0.5536025762557983 0.819317638874054
vt 0.5557321310043335 0.810527503490448
vt 0.5533568859100342 0.8106446862220764
vt 0.555568277835846 0.8071286082267761
vt 0.5533568859100342 0.8071286082267761
vt 0.5533568859100342 0.803729772567749
vt 0.5517188310623169 0.8015029430389404
vt 0.5504902601242065 0.8004481196403503
vt 0.5515550374984741 0.7985728979110718
vt 0.5492616891860962 0.7992761135101318
vt 0.551063597202301 0.7976352572441101
vt 0.5505721569061279 0.79658043384552
vt 0.5509817004203796 0.8192004561424255
vt 0.5508998036384583 0.8106446862220764
vt 0.5511454939842224 0.8071286082267761
vt 0.5513092875480652 0.8036125898361206
vt 0.5493435859680176 0.8023233413696289
vt 0.5473779439926147 0.801034152507782
vt 0.5484426617622375 0.7975180745124817
vt 0.5500807166099548 0.7955256104469299
vt 0.5483607649803162 0.8190832138061523
vt 0.5456579327583313 0.8181456327438354
vt 0.5484426617622375 0.8097071051597595
vt 0.5429551005363464 0.8172079920768738
vt 0.5459855794906616 0.8086522817611694
vt 0.5438560843467712 0.8065426349639893
vt 0.5467227101325989 0.8047845959663391
vt 0.5450845956802368 0.8025577664375305
vt 0.5463131666183472 0.7985728979110718
vt 0.5477055311203003 0.7957600355148315
vt 0.5475417375564575 0.7941192388534546
vt 0.5499169230461121 0.7944707870483398
vt 0.5473779439926147 0.7924783825874329
vt 0.5497531294822693 0.793533205986023
vt 0.5493435859680176 0.7898999452590942
vt 0.5405799150466919 0.8154499530792236
vt 0.5416446924209595 0.8044329881668091
vt 0.5434465408325195 0.8002136945724487
vt 0.5452484488487244 0.7961116433143616
vt 0.545166552066803 0.7937676310539246
vt 0.5450026988983154 0.7915407419204712
vt 0.5473779439926147 0.7894311547279358
vt 0.5489341020584106 0.786383867263794
vt 0.5429551005363464 0.7977524995803833
vt 0.5423818230628967 0.7952912449836731
vt 0.5429551005363464 0.7903687357902527
vt 0.5406618118286133 0.7920095920562744
vt 0.5350923538208008 0.8058394193649292
vt 0.5407437086105347 0.801737368106842
vt 0.5398427844047546 0.7990416884422302
vt 0.5355018973350525 0.8095898628234863
vt 0.5368942618370056 0.8116995096206665
vt 0.5382866263389587 0.8138091564178467
vt 0.07422024756669998 0.8217788934707642
vt 0.48398447036743164 0.9606632590293884
vt 0.4750569462776184 0.9727350473403931
vt 0.5576158761978149 0.8063082098960876
vt 0.5563054084777832 0.7207507491111755
vt 0.4862777590751648 0.9676953554153442
vt 0.49627000093460083 0.953748345375061
vt 0.28913554549217224 0.8674876689910889
vt 0.5066717863082886 0.9668749570846558
vt 0.5144526362419128 0.9523419141769409
vt 0.6020076870918274 0.6772688031196594
vt 0.606020987033844 0.6853557825088501
vt 0.6113446950912476 0.6864105463027954
vt 0.6124913692474365 0.6946147084236145
vt 0.6167503595352173 0.6873481869697571
vt 0.6177331805229187 0.6960211396217346
vt 0.6274797320365906 0.6991856098175049
vt 0.6148665547370911 0.7034048438072205
vt 0.6239578723907471 0.7066864967346191
vt 0.6203541159629822 0.7140702605247498
vt 0.6183065176010132 0.7365730404853821
vt 0.6260054707527161 0.7404406666755676
vt 0.6147846579551697 0.7607166171073914
vt 0.6336225271224976 0.7441911697387695
vt 0.6218283772468567 0.7656391263008118
vt 0.6263331174850464 0.7656391263008118
vt 0.6014343500137329 0.8098242878913879
vt 0.6065943241119385 0.8063082098960876
vt 0.586937427520752 0.8469772934913635
vt 0.5715395212173462 0.8834271430969238
vt 0.5763718485832214 0.8801454901695251
vt 0.5599091649055481 0.9202285408973694
vt 0.5821051001548767 0.880379855632782
vt 0.5638405680656433 0.9219865798950195
vt 0.5877564549446106 0.8806142807006836
vt 0.5676900148391724 0.9238618016242981
vt 0.572604238986969 0.9264402389526367
vt 0.5670348405838013 0.9338240027427673
vt 0.5712118744850159 0.9379260540008545
vt 0.5662976503372192 0.9436689615249634
vt 0.5698195099830627 0.9494118690490723
vt 0.5640862584114075 0.9517558813095093
vt 0.5664615035057068 0.9616008400917053
vt 0.5594996809959412 0.9681642055511475
vt 0.6047105193138123 0.6773860454559326
vt 0.6102799773216248 0.6780892014503479
vt 0.6157675385475159 0.6786752343177795
vt 0.6272340416908264 0.6900438070297241
vt 0.6373081803321838 0.7023500204086304
vt 0.6330491900444031 0.7098509669303894
vt 0.6287083029747009 0.7173519134521484
vt 0.6371443867683411 0.7200475335121155
vt 0.6454985737800598 0.7227432131767273
vt 0.6387824416160583 0.744659960269928
vt 0.6308377981185913 0.7655219435691833
vt 0.6118361353874207 0.8027921319007874
vt 0.5927525758743286 0.8400623798370361
vt 0.6003696322441101 0.8387731909751892
vt 0.6079047322273254 0.8374839425086975
vt 0.5929163694381714 0.8824895024299622
vt 0.5774365663528442 0.9290187358856201
vt 0.5754708647727966 0.9420281052589417
vt 0.5734233260154724 0.9551547765731812
vt 0.6269882917404175 0.6809020638465881
vt 0.6377996206283569 0.6927394866943359
vt 0.6490204334259033 0.6980135440826416
vt 0.6467270851135254 0.7072725296020508
vt 0.6603231430053711 0.703287661075592
vt 0.6561460494995117 0.712077796459198
vt 0.6591764688491821 0.7160626649856567
vt 0.6508222818374634 0.7173519134521484
vt 0.6551631689071655 0.7198131680488586
vt 0.6512318253517151 0.7236807942390442
vt 0.6438604593276978 0.745011568069458
vt 0.6473004221916199 0.7457147836685181
vt 0.6355882287025452 0.7650530934333801
vt 0.650740385055542 0.7464179992675781
vt 0.6404205560684204 0.7644671201705933
vt 0.6449252367019653 0.7642326951026917
vt 0.6241216659545898 0.8009169101715088
vt 0.6291178464889526 0.801385760307312
vt 0.6133103966712952 0.838655948638916
vt 0.598076343536377 0.8843647241592407
vt 0.599878191947937 0.8874120116233826
vt 0.5794022679328918 0.9315971732139587
vt 0.6016800999641418 0.8904592394828796
vt 0.5812860727310181 0.9341756105422974
vt 0.6382091045379639 0.6830117106437683
vt 0.6513956189155579 0.6887546181678772
vt 0.6645002365112305 0.6944975256919861
vt 0.6651554703712463 0.7111402153968811
vt 0.6622888445854187 0.7200475335121155
vt 0.6595860123634338 0.7222743630409241
vt 0.6569650769233704 0.7245011925697327
vt 0.6590126752853394 0.726376473903656
vt 0.660978376865387 0.7282516956329346
vt 0.6537708044052124 0.7452459931373596
vt 0.6495118141174316 0.76399827003479
vt 0.6341139674186707 0.8018545508384705
vt 0.6187160611152649 0.8398280143737793
vt 0.6203541159629822 0.8433440327644348
vt 0.6220741271972656 0.8468601107597351
vt 0.6611421704292297 0.7242668271064758
vt 0.6626164317131042 0.7261420488357544
vt 0.656883180141449 0.7439567446708679
vt 0.6579478979110718 0.7465351819992065
vt 0.6510680317878723 0.7661079168319702
vt 0.6590945720672607 0.7489964365959167
vt 0.6526241898536682 0.7682175636291504
vt 0.6632716655731201 0.7220399975776672
vt 0.6642544865608215 0.7240324020385742
vt 0.6649097204208374 0.7268452644348145
vt 0.6655649542808533 0.7297753095626831
vt 0.6674487590789795 0.7228603959083557
vt 0.6717077493667603 0.7237980365753174
vt 0.6699877381324768 0.718875527381897
vt 0.6777685880661011 0.7178207039833069
vt 0.6711344122886658 0.7062177062034607
vt 0.2658749222755432 0.6813709139823914
vt 0.6357520222663879 0.8046674132347107
vt 0.6373081803321838 0.8074802160263062
vt 0.5489341020584106 0.8059566020965576
vt 0.24728277325630188 0.7875558733940125
vt 0.5278029441833496 0.8820207118988037
vt 0.5992229580879211 0.7955256104469299
vt 0.5749794840812683 0.9548031687736511
vt 0.5771908760070801 0.9432001709938049
vt 0.5765356421470642 0.9545687437057495
vt 0.5789108276367188 0.9443721771240234
vt 0.13327281177043915 0.6411706209182739
vt 0.13679467141628265 0.6190194487571716
vt 0.13736800849437714 0.6029627323150635
vt 0.13572992384433746 0.5987434983253479
vt 0.135975643992424 0.58514803647995
vt 0.13474708795547485 0.5965166091918945
vt 0.13482898473739624 0.5840932130813599
vt 0.13376423716545105 0.5944070219993591
vt 0.13376423716545105 0.583155632019043
vt 0.13212616741657257 0.5825695991516113
vt 0.13425566256046295 0.579053521156311
vt 0.13269948959350586 0.5784675478935242
vt 0.13466517627239227 0.5748342871665955
vt 0.13335472345352173 0.5742482542991638
vt 0.1370403915643692 0.5706149935722351
vt 0.1354842185974121 0.5697945952415466
vt 0.13900607824325562 0.5660440921783447
vt 0.13335472345352173 0.568856954574585
vt 0.13687658309936523 0.5649893283843994
vt 0.13130712509155273 0.5679193735122681
vt 0.13474708795547485 0.5639345049858093
vt 0.13237187266349792 0.5628796815872192
vt 0.13212616741657257 0.6341384649276733
vt 0.1355661153793335 0.6123389005661011
vt 0.13466517627239227 0.6090572476387024
vt 0.13376423716545105 0.6056584119796753
vt 0.13212616741657257 0.5935865640640259
vt 0.1304880976676941 0.5819835662841797
vt 0.13122522830963135 0.5778815150260925
vt 0.1319623589515686 0.5736622214317322
vt 0.12983286380767822 0.5728418231010437
vt 0.12778526544570923 0.5719042420387268
vt 0.12885001301765442 0.566864550113678
vt 0.13204425573349 0.6046035885810852
vt 0.1304061859846115 0.5927661657333374
vt 0.12803098559379578 0.592297375202179
vt 0.12827669084072113 0.5813975930213928
vt 0.12557387351989746 0.5917113423347473
vt 0.12606529891490936 0.5808115601539612
vt 0.12352627515792847 0.5801083445549011
vt 0.12696623802185059 0.576357901096344
vt 0.12442721426486969 0.5755375027656555
vt 0.1253281533718109 0.5709666013717651
vt 0.12647481262683868 0.5658097267150879
vt 0.13032428920269012 0.6035487651824951
vt 0.12770336866378784 0.6030799746513367
vt 0.12500053644180298 0.6027283668518066
vt 0.1228710487484932 0.5912425518035889
vt 0.12098725885152817 0.5794051289558411
vt 0.12197010964155197 0.5747170448303223
vt 0.12295295298099518 0.569911777973175
vt 0.12074155360460281 0.5690913796424866
vt 0.12925954163074493 0.6185505986213684
vt 0.13073380291461945 0.6201914548873901
vt 0.13212616741657257 0.6219494938850403
vt 0.13212616741657257 0.6280439496040344
vt 0.12958714365959167 0.6471478939056396
vt 0.12770336866378784 0.6501951813697815
vt 0.12713004648685455 0.6560552716255188
vt 0.12581957876682281 0.6532424092292786
vt 0.12549196183681488 0.6561724543571472
vt 0.12393579632043839 0.6559380292892456
vt 0.12459102272987366 0.6586337089538574
vt 0.12254343181848526 0.6586337089538574
vt 0.12049584090709686 0.6586337089538574
vt 0.12237962335348129 0.6557036638259888
vt 0.12344437092542648 0.6521875858306885
vt 0.12622909247875214 0.6501951813697815
vt 0.1283586025238037 0.644217848777771
vt 0.1304880976676941 0.6382405757904053
vt 0.12934143841266632 0.6357793211936951
vt 0.12819479405879974 0.6334352493286133
vt 0.12696623802185059 0.6176130175590515
vt 0.12106916308403015 0.65101557970047
vt 0.12295295298099518 0.6483199000358582
vt 0.12270724028348923 0.6470307111740112
vt 0.12581957876682281 0.6479682922363281
vt 0.12246152758598328 0.6456242799758911
vt 0.1253281533718109 0.6457414627075195
vt 0.1243453174829483 0.6439834237098694
vt 0.12680242955684662 0.6396469473838806
vt 0.12524625658988953 0.6381233334541321
vt 0.12622909247875214 0.6321460604667664
vt 0.12467292696237564 0.6167925596237183
vt 0.12188820540904999 0.6162065863609314
vt 0.12213391065597534 0.6023767590522766
vt 0.11918538063764572 0.6156205534934998
vt 0.11918538063764572 0.602142333984375
vt 0.11664636433124542 0.6020251512527466
vt 0.12008631974458694 0.5907737612724304
vt 0.11762920767068863 0.5904221534729004
vt 0.11869395524263382 0.578701913356781
vt 0.11967680603265762 0.5738966464996338
vt 0.11738350242376328 0.5730762481689453
vt 0.11549971252679825 0.5724902153015137
vt 0.1197587102651596 0.6464446783065796
vt 0.11959490180015564 0.6459758877754211
vt 0.11951299756765366 0.6455070972442627
vt 0.12188820540904999 0.6446866393089294
vt 0.12328056246042252 0.642225444316864
vt 0.12377198785543442 0.6365997195243835
vt 0.1243453174829483 0.6309740543365479
vt 0.12172439694404602 0.6300364136695862
vt 0.11910347640514374 0.6292160153388977
vt 0.11664636433124542 0.6155033707618713
vt 0.11402545124292374 0.6019079089164734
vt 0.11517210304737091 0.5900705456733704
vt 0.11631875485181808 0.5781159400939941
vt 0.11435306072235107 0.5775299072265625
vt 0.11951299756765366 0.6452726721763611
vt 0.12139678001403809 0.6436318159103394
vt 0.12057774513959885 0.6430458426475525
vt 0.12172439694404602 0.6411706209182739
vt 0.1197587102651596 0.6424598097801208
vt 0.12016822397708893 0.6401157975196838
vt 0.11844824999570847 0.6404674053192139
vt 0.11959490180015564 0.634724497795105
vt 0.11754730343818665 0.634724497795105
vt 0.11664636433124542 0.6290987730026245
vt 0.11410734802484512 0.6155033707618713
vt 0.11189594864845276 0.6157377362251282
vt 0.11181404441595078 0.602142333984375
vt 0.1096845492720604 0.6160893440246582
vt 0.1096845492720604 0.6023767590522766
vt 0.10788267105817795 0.6028455495834351
vt 0.11099500954151154 0.5897189378738403
vt 0.11943109333515167 0.6450382471084595
vt 0.11943109333515167 0.644921064376831
vt 0.11934918910264969 0.6448038816452026
vt 0.11885776370763779 0.642577052116394
vt 0.11681017279624939 0.6408190131187439
vt 0.11549971252679825 0.6348416805267334
vt 0.11410734802484512 0.6289815902709961
vt 0.11189594864845276 0.6294503808021545
vt 0.1096845492720604 0.6299192309379578
vt 0.1081283837556839 0.6170269846916199
vt 0.1192672848701477 0.6448038816452026
vt 0.11795682460069656 0.6428114175796509
vt 0.11713778972625732 0.6435146331787109
vt 0.1152539998292923 0.6419910192489624
vt 0.11631875485181808 0.6441006660461426
vt 0.11361593008041382 0.6432802081108093
vt 0.11230546981096268 0.644921064376831
vt 0.1116502434015274 0.6365997195243835
vt 0.11033978313207626 0.6381233334541321
vt 0.10837408900260925 0.6312084197998047
vt 0.1065722107887268 0.6179646253585815
vt 0.10395129024982452 0.6220666766166687
vt 0.11910347640514374 0.6448038816452026
vt 0.11910347640514374 0.644921064376831
vt 0.11902157217264175 0.6450382471084595
vt 0.11558161675930023 0.6450382471084595
vt 0.11107691377401352 0.6466791033744812
vt 0.10902932286262512 0.6396469473838806
vt 0.10706363618373871 0.6326148509979248
vt 0.10534365475177765 0.6401157975196838
vt 0.11885776370763779 0.6451554894447327
vt 0.11484448611736298 0.6459758877754211
vt 0.11181404441595078 0.6487887501716614
vt 0.10943884402513504 0.6493747234344482
vt 0.10870170593261719 0.6514843702316284
vt 0.10788267105817795 0.6519531607627869
vt 0.10829219222068787 0.6553520560264587
vt 0.10575317591428757 0.6497263312339783
vt 0.1065722107887268 0.6554692387580872
vt 0.11861205846071243 0.6452726721763611
vt 0.11410734802484512 0.6482027173042297
vt 0.10960264503955841 0.6511327624320984
vt 0.1096845492720604 0.6561724543571472
vt 0.11107691377401352 0.6568756699562073
vt 0.1106673926115036 0.6607433557510376
vt 0.11263308674097061 0.6627357602119446
vt 0.1132064089179039 0.6630873680114746
vt 0.10739124566316605 0.6446866393089294
vt 0.12909573316574097 0.577061116695404
vt 0.12565577030181885 0.660157322883606
vt 0.12672051787376404 0.6617981791496277
vt 0.4576933681964874 0.8531889915466309
vt 0.4430326223373413 0.8892872333526611
vt 0.44188594818115234 0.9243306517601013
vt 0.45695623755455017 0.9280810952186584
vt 0.44884777069091797 0.9598428606987
vt 0.465883731842041 0.929604709148407
vt 0.45556387305259705 0.9597256183624268
vt 0.4747293293476105 0.9310111403465271
vt 0.4622799754142761 0.9594912528991699
vt 0.4650647044181824 0.9593740105628967
vt 0.45646482706069946 0.9676953554153442
vt 0.4589219391345978 0.9678125977516174
vt 0.4506496489048004 0.9758995175361633
vt 0.4527791440486908 0.9762511253356934
vt 0.48136353492736816 0.859752357006073
vt 0.46514660120010376 0.8963193297386169
vt 0.4762036204338074 0.8994837999343872
vt 0.4613790512084961 0.9679297804832458
vt 0.4549086391925812 0.9766027331352234
vt 0.4892263114452362 0.8667844533920288
vt 0.12172439694404602 0.6356620788574219
vt 0.10567127168178558 0.7314161658287048
vt 0.374479204416275 0.6492575407028198
vt 0.3567880094051361 0.6544144153594971
vt 0.3598184585571289 0.6456242799758911
vt 0.34884336590766907 0.6421082019805908
vt 0.3465500473976135 0.6511327624320984
vt 0.33786827325820923 0.6387093663215637
vt 0.34425675868988037 0.6600401401519775
vt 0.33639398217201233 0.6477339267730713
vt 0.326893150806427 0.6452726721763611
vt 0.32812172174453735 0.6361309289932251
vt 0.31845709681510925 0.6335524916648865
vt 0.32566460967063904 0.6545316576957703
vt 0.3349197208881378 0.6567584872245789
vt 0.33180737495422363 0.6646109819412231
vt 0.3416358232498169 0.668009877204895
vt 0.32247036695480347 0.6622669696807861
vt 0.3193580210208893 0.670002281665802
vt 0.4978261888027191 0.9635933041572571
vt 0.504706084728241 0.9515215158462524
vt 0.6418948173522949 0.7136014103889465
vt 0.17037519812583923 0.5999155044555664
vt 0.17037519812583923 0.5935865640640259
vt 0.17676368355751038 0.5894845128059387
vt 0.16128388047218323 0.5811631679534912
vt 0.16734474897384644 0.5771782994270325
vt 0.15374873578548431 0.5775299072265625
vt 0.15931819379329681 0.5735450387001038
vt 0.1462136059999466 0.5737794637680054
vt 0.15137353539466858 0.569911777973175
vt 0.14850690960884094 0.569208562374115
vt 0.15522301197052002 0.5910081267356873
vt 0.1553049087524414 0.58514803647995
vt 0.148179292678833 0.5813975930213928
vt 0.14105366170406342 0.5777643322944641
vt 0.14375649392604828 0.5729590654373169
vt 0.1457221806049347 0.5686225891113281
vt 0.14785167574882507 0.5871405005455017
vt 0.14048033952713013 0.5832728147506714
vt 0.13843275606632233 0.5818663835525513
vt 0.13785941898822784 0.5870232582092285
vt 0.14752405881881714 0.5927661657333374
vt 0.13982510566711426 0.5887812972068787
vt 0.13900607824325562 0.6072992086410522
vt 0.07372882962226868 0.8051362037658691
vt 0.07045268267393112 0.8143951296806335
vt 0.39561036229133606 0.6860589385032654
vt 0.5558140277862549 0.7998620867729187
vt 0.5593358874320984 0.7986900806427002
vt 0.5617929697036743 0.7948223948478699
vt 0.5635948777198792 0.7948223948478699
vt 0.5643320083618164 0.7910719513893127
vt 0.5652329325675964 0.7918923497200012
vt 0.5648233890533447 0.7883763313293457
vt 0.5686728954315186 0.7917751669883728
vt 0.5687547922134399 0.7849774360656738
vt 0.5726861953735352 0.7816957831382751
vt 0.5821869969367981 0.7620058655738831
vt 0.5810403227806091 0.7555597424507141
vt 0.5799756050109863 0.7535673379898071
vt 0.5871012210845947 0.7377450466156006
vt 0.5789108276367188 0.7515748739242554
vt 0.5855450630187988 0.736221432685852
vt 0.5834155678749084 0.7348150014877319
vt 0.5920973420143127 0.7211023569107056
vt 0.5897221565246582 0.7201647758483887
vt 0.596028745174408 0.7053973078727722
vt 0.5979124903678894 0.6988340020179749
vt 0.5953735113143921 0.6982479691505432
vt 0.5922611355781555 0.6977791786193848
vt 0.5940630435943604 0.6914502382278442
vt 0.5891488194465637 0.6971931457519531
vt 0.5909506678581238 0.6910986304283142
vt 0.5875926613807678 0.6907470226287842
vt 0.5893126130104065 0.68394935131073
vt 0.5858726501464844 0.6837149262428284
vt 0.5842345952987671 0.6766828298568726
vt 0.5567149519920349 0.7995104789733887
vt 0.5600730180740356 0.7949396371841431
vt 0.5634310245513916 0.7902515530586243
vt 0.5624482035636902 0.7866182923316956
vt 0.5644139051437378 0.7848602533340454
vt 0.5689185857772827 0.778296947479248
vt 0.5733413696289062 0.7718508243560791
vt 0.5727680921554565 0.7693895697593689
vt 0.5722766518592834 0.7669283747673035
vt 0.5770270824432373 0.7500512599945068
vt 0.5812860727310181 0.7335257530212402
vt 0.5874288082122803 0.7191099524497986
vt 0.5934897065162659 0.7046940922737122
vt 0.5904592871665955 0.7039908766746521
vt 0.5874288082122803 0.703287661075592
vt 0.5858726501464844 0.6966071724891663
vt 0.5842345952987671 0.6903954148292542
vt 0.5825145840644836 0.6834805011749268
vt 0.580794632434845 0.6765655875205994
vt 0.5599911212921143 0.7848602533340454
vt 0.5604825019836426 0.7821646332740784
vt 0.560154914855957 0.7806409597396851
vt 0.5639224648475647 0.7822818160057068
vt 0.5597453713417053 0.7792345285415649
vt 0.5633491277694702 0.7798205614089966
vt 0.5624482035636902 0.7777109146118164
vt 0.5678538680076599 0.7733744382858276
vt 0.5665434002876282 0.7714992165565491
vt 0.5706385970115662 0.7652875185012817
vt 0.5751432776451111 0.7486448287963867
vt 0.5725223422050476 0.7473556399345398
vt 0.5785013437271118 0.7321193814277649
vt 0.5698195099830627 0.7461835741996765
vt 0.5757166147232056 0.7308301329612732
vt 0.5723585486412048 0.7295408844947815
vt 0.5815317630767822 0.7170003056526184
vt 0.5782555937767029 0.7160626649856567
vt 0.5840708017349243 0.702584445476532
vt 0.5825145840644836 0.696138322353363
vt 0.5795660614967346 0.6956695318222046
vt 0.5812860727310181 0.6902782320976257
vt 0.5766175389289856 0.6952007412910461
vt 0.578337550163269 0.6900438070297241
vt 0.5763718485832214 0.6899266242980957
vt 0.5765356421470642 0.6833633184432983
vt 0.5744061470031738 0.6833633184432983
vt 0.5747337341308594 0.6766828298568726
vt 0.5724404454231262 0.676800012588501
vt 0.5566330552101135 0.7794689536094666
vt 0.5563873052597046 0.7790001630783081
vt 0.5561416149139404 0.7786485552787781
vt 0.5592539310455322 0.7780625224113464
vt 0.5615472793579102 0.7756012678146362
vt 0.5652329325675964 0.7696239948272705
vt 0.5689185857772827 0.76364666223526
vt 0.5664615035057068 0.7625918984413147
vt 0.5640043616294861 0.7615370750427246
vt 0.5665434002876282 0.745363175868988
vt 0.5690004825592041 0.7282516956329346
vt 0.5748975872993469 0.7150078415870667
vt 0.580794632434845 0.7017640471458435
vt 0.577846109867096 0.7010608315467834
vt 0.5748975872993469 0.7004747986793518
vt 0.5745699405670166 0.6949663162231445
vt 0.5701471567153931 0.676800012588501
vt 0.5561416149139404 0.7784141302108765
vt 0.5588444471359253 0.7770076990127563
vt 0.5580254197120667 0.7763044834136963
vt 0.5599091649055481 0.7743120789527893
vt 0.557206392288208 0.7756012678146362
vt 0.5582711100578308 0.7729056477546692
vt 0.5562235116958618 0.7731400728225708
vt 0.5611377358436584 0.7671627402305603
vt 0.5584349036216736 0.7671627402305603
vt 0.5607282519340515 0.7611854672431946
vt 0.5632672309875488 0.7445427775382996
vt 0.5604006052017212 0.744308352470398
vt 0.5660519599914551 0.7274312973022461
vt 0.5575339794158936 0.7440739274024963
vt 0.563103437423706 0.7264936566352844
vt 0.5608101487159729 0.726728081703186
vt 0.5690004825592041 0.7134842276573181
vt 0.5667890906333923 0.7134842276573181
vt 0.5727680921554565 0.7001231908798218
vt 0.5561416149139404 0.778296947479248
vt 0.5561416149139404 0.778296947479248
vt 0.556059718132019 0.7781797647476196
vt 0.556059718132019 0.7757185101509094
vt 0.5541759133338928 0.7732572555541992
vt 0.5558140277862549 0.7670455574989319
vt 0.5574520826339722 0.7608338594436646
vt 0.5547492504119873 0.761302649974823
vt 0.551964521408081 0.761654257774353
vt 0.5553225874900818 0.7451287508010864
vt 0.5559778213500977 0.778296947479248
vt 0.5549949407577515 0.7758356928825378
vt 0.55401211977005 0.7766560912132263
vt 0.5522921681404114 0.7746636867523193
vt 0.5530292987823486 0.7774765491485596
vt 0.5503264665603638 0.7759528756141663
vt 0.549015998840332 0.7780625224113464
vt 0.5511454939842224 0.768803596496582
vt 0.5494255423545837 0.770796000957489
vt 0.5498350262641907 0.76364666223526
vt 0.55311119556427 0.7463008165359497
vt 0.5558140277862549 0.7785313725471497
vt 0.5557321310043335 0.7787657380104065
vt 0.5556501746177673 0.7791173458099365
vt 0.55221027135849 0.7787657380104065
vt 0.5477055311203003 0.7801721692085266
vt 0.5477055311203003 0.7729056477546692
vt 0.5477874279022217 0.7656391263008118
vt 0.5445932149887085 0.7752496600151062
vt 0.5554863810539246 0.7793517708778381
vt 0.551473081111908 0.779937744140625
vt 0.5494255423545837 0.7831022143363953
vt 0.5467227101325989 0.7832193970680237
vt 0.5472960472106934 0.7862666845321655
vt 0.5457398295402527 0.7862666845321655
vt 0.5453303456306458 0.7888451218605042
vt 0.5435284376144409 0.7855634689331055
vt 0.5552406907081604 0.7797033786773682
vt 0.5521283149719238 0.7829850316047668
vt 0.5683452486991882 0.7758356928825378
vt 0.11836634576320648 0.6799644827842712
vt 0.5844802856445312 0.7180551290512085
vt 0.5719490051269531 0.7143046259880066
vt 0.5631853342056274 0.768451988697052
vt 0.11853015422821045 0.6615637540817261
vt 0.5456579327583313 0.7792345285415649
vt 0.31657329201698303 0.7528641223907471
vt 0.553520679473877 0.7679831385612488
vt 0.12156058847904205 0.7016468048095703
vt 0.4633447229862213 0.9678125977516174
vt 0.4567105174064636 0.9768370985984802
vt 0.517892599105835 0.9800015687942505
vt 0.5250182151794434 0.963241696357727
vt 0.5228068232536316 0.9800015687942505
vt 0.528785765171051 0.9640620946884155
vt 0.5363209247589111 0.9607804417610168
vt 0.5403342247009277 0.9450753927230835
vt 0.5458217263221741 0.9419109225273132
vt 0.5439379811286926 0.9342927932739258
vt 0.5490978956222534 0.9306595325469971
vt 0.5474598407745361 0.9236274361610413
vt 0.5524559617042542 0.9195253252983093
vt 0.5667890906333923 0.8867087960243225
vt 0.5561416149139404 0.9198769330978394
vt 0.5321438312530518 0.946599006652832
vt 0.5348466634750366 0.9481226205825806
vt 0.5386961102485657 0.9379260540008545
vt 0.5424637198448181 0.9278466701507568
vt 0.5549130439758301 0.9058127403259277
vt 0.5376313924789429 0.9356992244720459
vt 0.543118953704834 0.9247994422912598
vt 0.5624482035636902 0.887880802154541
vt 0.5365666151046753 0.9333552122116089
vt 0.5437741875648499 0.9218693971633911
vt 0.5435284376144409 0.9190565347671509
vt 0.11025787889957428 0.6674238443374634
vt 0.13744990527629852 0.8261153697967529
vt 0.13032428920269012 0.8343194723129272
vt 0.11361593008041382 0.6356620788574219
vt 0.5155174136161804 0.8794422745704651
vt 0.14072605967521667 0.566864550113678
vt 0.1385146528482437 0.5713182091712952
vt 0.13990701735019684 0.5716698169708252
vt 0.13581183552742004 0.5753030776977539
vt 0.14129938185214996 0.5721386075019836
vt 0.13687658309936523 0.5757718682289124
vt 0.13892416656017303 0.576709508895874
vt 0.13638515770435333 0.5804599523544312
vt 0.14236412942409515 0.5676849484443665
vt 0.1440841108560562 0.5681537389755249
vt 0.34139013290405273 0.887529194355011
vt 0.13532041013240814 0.5797567367553711
vt 0.06594797223806381 0.8100586533546448
vt 0.06774985790252686 0.8009169101715088
vt 0.06504703313112259 0.8095898628234863
vt 0.06381847709417343 0.8093554973602295
vt 0.10321415960788727 0.6955523490905762
vt 0.38250577449798584 0.9558579921722412
vt 0.4045378863811493 0.9556235671043396
vt 0.3999512791633606 0.9630072712898254
vt 0.41027113795280457 0.9669921398162842
vt 0.41551297903060913 0.9603116512298584
vt 0.4208367168903351 0.9535139203071594
vt 0.42673376202583313 0.9205801486968994
vt 0.4406574070453644 0.9593740105628967
vt 0.4325489401817322 0.9587880373001099
vt 0.42648807168006897 0.9649997353553772
vt 0.42050909996032715 0.9710942506790161
vt 0.4349241554737091 0.9657029509544373
vt 0.44336023926734924 0.9665233492851257
vt 0.44991251826286316 0.9671093821525574
vt 0.4442611634731293 0.9746102690696716
vt 0.11304260045289993 0.5898361206054688
vt 0.19207967817783356 0.7494652271270752
vt 0.12753956019878387 0.641873836517334
vt 0.05390813201665878 0.5404940843582153
vt 0.06430990248918533 0.5411972999572754
vt 0.06357277184724808 0.5457682013511658
vt 0.07479357719421387 0.5420176982879639
vt 0.07225456088781357 0.5470573902130127
vt 0.06971554458141327 0.5522142648696899
vt 0.06283563375473022 0.5503390431404114
vt 0.42919087409973145 0.9721490740776062
vt 0.43787267804145813 0.9732038378715515
vt 0.042114000767469406 0.7879074811935425
vt 0.0381007194519043 0.7834538221359253
vt 0.032367460429668427 0.7792345285415649
vt 0.02900940738618374 0.7883763313293457
vt 0.022948533296585083 0.7839226126670837
vt 0.04006640613079071 0.7963460683822632
vt 0.03515218570828438 0.7928299903869629
vt 0.1832340806722641 0.58549964427948
vt 0.19224348664283752 0.5979230403900146
vt 0.19912339746952057 0.5938209891319275
vt 0.21763363480567932 0.6031971573829651
vt 0.47235414385795593 0.9660545587539673
vt 0.4648189842700958 0.976485550403595
vt 0.5377132892608643 0.8833099603652954
vt 0.5052794218063354 0.8765122294425964
vt 0.6100342273712158 0.7018812298774719
vt 0.5777642130851746 0.6766828298568726
vt 0.5795660614967346 0.6834805011749268
vt 0.3612927198410034 0.7666939496994019
vt 0.05726618319749832 0.6786752343177795
vt 0.05218815430998802 0.6751591563224792
vt 0.04981294646859169 0.6757451891899109
vt 0.04424349591135979 0.7085617780685425
vt 0.04342445731163025 0.7099681496620178
vt 0.035070281475782394 0.7327053546905518
vt 0.031712230294942856 0.7361041903495789
vt 0.025815162807703018 0.7567317485809326
vt 0.019999999552965164 0.7622402906417847
vt 0.021474266424775124 0.7730228304862976
vt 0.04964913800358772 0.710085391998291
vt 0.04514443501830101 0.7072725296020508
vt 0.03834642842411995 0.7293065190315247
vt 0.03163032606244087 0.7513405084609985
vt 0.026224682107567787 0.7658735513687134
vt 0.04031211882829666 0.7343462109565735
vt 0.031057000160217285 0.758607029914856
vt 0.02671610377728939 0.7748980522155762
vt 0.042277805507183075 0.7393859028816223
vt 0.030483674257993698 0.7658735513687134
vt 0.035725511610507965 0.7699756026268005
vt 0.04743773862719536 0.676448404788971
vt 0.05538239702582359 0.6429286003112793
vt 0.05153292417526245 0.6429286003112793
vt 0.049075812101364136 0.6170269846916199
vt 0.10083895176649094 0.729072093963623
vt 0.5657243728637695 0.79658043384552
vt 0.6179789304733276 0.8018545508384705
vt 0.5627757906913757 0.9319487810134888
vt 0.558516800403595 0.929956316947937
vt 0.5537664294242859 0.930307924747467
vt 0.5513911843299866 0.9408560991287231
vt 0.5509817004203796 0.955740749835968
vt 0.5437741875648499 0.9574987888336182
vt 0.5505721569061279 0.9705082178115845
vt 0.5416446924209595 0.9729694724082947
vt 0.5616291761398315 0.9417937397956848
vt 0.5570425391197205 0.9398012757301331
vt 0.5582711100578308 0.9539827108383179
vt 0.4477830231189728 0.6704710721969604
vt 0.4513048827648163 0.6792612671852112
vt 0.4548267424106598 0.6880514025688171
vt 0.47988927364349365 0.6889890432357788
vt 0.47538456320762634 0.6962555646896362
vt 0.5049518346786499 0.6898094415664673
vt 0.5008566379547119 0.6969587802886963
vt 0.521742045879364 0.6964899301528931
vt 0.5181382894515991 0.703287661075592
vt 0.5074089169502258 0.7295408844947815
vt 0.485294908285141 0.7297753095626831
vt 0.4967614412307739 0.7041080594062805
vt 0.47079795598983765 0.7034048438072205
vt 0.4594952464103699 0.728017270565033
vt 0.4482744336128235 0.7526296973228455
vt 0.47587600350379944 0.6804332733154297
vt 0.5005289912223816 0.6816052794456482
vt 0.5212506651878357 0.6816052794456482
vt 0.5170735716819763 0.6736355423927307
vt 0.5380408763885498 0.6739871501922607
vt 0.47186270356178284 0.6718775033950806
vt 0.49602431058883667 0.6734011769294739
vt 0.5322257280349731 0.976485550403595
vt 0.053744323551654816 0.8054878115653992
vt 0.05611953139305115 0.7952912449836731
vt 0.0924028679728508 0.7808753848075867
vt 0.5653148293495178 0.6824256777763367
vt 0.5624482035636902 0.6753935813903809
vt 0.5621206164360046 0.6820740699768066
vt 0.5520464181900024 0.6818397045135498
vt 0.5554863810539246 0.6894578337669373
vt 0.5418903827667236 0.6817225217819214
vt 0.5458217263221741 0.6894578337669373
vt 0.5253458023071289 0.6896921992301941
vt 0.5426275134086609 0.6959039568901062
vt 0.5485245585441589 0.6743387579917908
vt 0.5589263439178467 0.6745731830596924
vt 0.3344283103942871 0.1268882304430008
vt 0.34990811347961426 0.15314146876335144
vt 0.3333635628223419 0.14985981583595276
vt 0.3197675347328186 0.16744011640548706
vt 0.31198668479919434 0.14411692321300507
vt 0.09404094517230988 0.5736622214317322
vt 0.08585057407617569 0.5879608988761902
vt 0.0868334174156189 0.5722558498382568
vt 0.07733259350061417 0.5682709813117981
vt 0.0878162607550621 0.5655753016471863
vt 0.546067476272583 0.47661900520324707
vt 0.5438560843467712 0.47521257400512695
vt 0.5515550374984741 0.4625547528266907
vt 0.5493435859680176 0.46126553416252136
vt 0.5571244359016418 0.44837331771850586
vt 0.5547492504119873 0.44731849431991577
vt 0.5611377358436584 0.4336058497428894
vt 0.5588444471359253 0.4326682388782501
vt 0.5653148293495178 0.41895559430122375
vt 0.5564692616462708 0.4310274124145508
vt 0.5630215406417847 0.4170803725719452
vt 0.5540940165519714 0.42938658595085144
vt 0.5607282519340515 0.41532233357429504
vt 0.5590901374816895 0.41321271657943726
vt 0.5416446924209595 0.47380614280700684
vt 0.5470502972602844 0.46009349822998047
vt 0.5523740649223328 0.4462636709213257
vt 0.5499169230461121 0.44485723972320557
vt 0.5474598407745361 0.44356802105903625
vt 0.55221027135849 0.4276285469532013
vt 0.5445932149887085 0.45856988430023193
vt 0.5421360731124878 0.4570462703704834
vt 0.5400065779685974 0.4555226266384125
vt 0.5347647666931152 0.4690008759498596
vt 0.5392694473266602 0.4721653163433075
vt 0.5368942618370056 0.47052448987960815
vt 0.5480331778526306 0.4777910113334656
vt 0.5536025762557983 0.46325796842575073
vt 0.5499988198280334 0.4789630174636841
vt 0.5556501746177673 0.4640783667564392
vt 0.5576977729797363 0.46466439962387085
vt 0.5634310245513916 0.44931092858314514
vt 0.565560519695282 0.44931092858314514
vt 0.5699014663696289 0.4347778856754303
vt 0.5721128582954407 0.43419188261032104
vt 0.5763718485832214 0.42036202549934387
vt 0.5785832405090332 0.41919001936912537
vt 0.5591720342636108 0.4488421082496643
vt 0.5613015294075012 0.44931092858314514
vt 0.5676900148391724 0.43536388874053955
vt 0.5740785598754883 0.42141684889793396
vt 0.5656424760818481 0.4350122809410095
vt 0.5720309615135193 0.42118245363235474
vt 0.5635129809379578 0.4346606731414795
vt 0.5699014663696289 0.42106524109840393
vt 0.567608118057251 0.42001041769981384
vt 0.551964521408081 0.47990065813064575
vt 0.5598272681236267 0.4651331901550293
vt 0.55401211977005 0.48095545172691345
vt 0.5583530068397522 0.48318231105804443
vt 0.564250111579895 0.4661880135536194
vt 0.5702290534973145 0.44919371604919434
vt 0.5687547922134399 0.4672428369522095
vt 0.5836612582206726 0.45071735978126526
vt 0.5748156905174255 0.4490765333175659
vt 0.5822688937187195 0.42704254388809204
vt 0.5771908760070801 0.43055859208106995
vt 0.5841526985168457 0.41204068064689636
vt 0.5503264665603638 0.42575332522392273
vt 0.5453303456306458 0.4420444071292877
vt 0.5432008504867554 0.4405207633972168
vt 0.537877082824707 0.45399901270866394
vt 0.541972279548645 0.43864554166793823
s on
f 1/1/1 2/2/2 3/3/3
f 2/2/2 4/4/4 3/3/3
f 3/3/3 4/4/4 5/5/5
f 4/4/4 6/6/6 5/5/5
f 5/5/5 6/6/6 7/7/7
f 6/6/6 8/8/8 7/7/7
f 7/7/7 8/8/8 9/9/9
f 8/8/8 10/10/10 9/9/9
f 9/9/9 10/10/10 11/11/11
f 10/10/10 12/12/12 11/11/11
f 11/11/11 12/12/12 13/13/13
f 12/12/12 14/14/14 13/13/13
f 13/13/13 14/14/14 15/15/15
f 14/14/14 16/16/16 15/15/15
f 15/15/15 16/16/16 17/17/17
f 16/16/16 18/18/18 17/17/17
f 17/17/17 18/18/18 19/19/19
f 18/18/18 20/20/20 19/19/19
f 19/19/19 20/20/20 21/21/21
f 20/20/20 22/22/22 21/21/21
f 21/21/21 22/22/22 23/23/23
f 22/22/22 24/24/24 23/23/23
f 23/23/23 24/24/24 25/25/25
f 24/24/24 26/26/26 25/25/25
f 25/25/25 26/26/26 27/27/27
f 26/26/26 28/28/28 27/27/27
f 27/27/27 28/28/28 29/29/29
f 28/28/28 30/30/30 29/29/29
f 29/29/29 30/30/30 31/31/31
f 30/30/30 32/32/32 31/31/31
f 31/31/31 32/32/32 33/33/33
f 2/2/2 34/34/34 4/4/4
f 34/34/34 35/35/35 4/4/4
f 4/4/4 35/35/35 6/6/6
f 35/35/35 36/36/36 6/6/6
f 6/6/6 36/36/36 8/8/8
f 36/36/36 37/37/37 8/8/8
f 8/8/8 37/37/37 10/10/10
f 37/37/37 38/38/38 10/10/10
f 10/10/10 38/38/38 12/12/12
f 38/38/38 39/39/39 12/12/12
f 12/12/12 39/39/39 14/14/14
f 39/39/39 40/40/40 14/14/14
f 14/14/14 40/40/40 16/16/16
f 40/40/40 41/41/41 16/16/16
f 16/16/16 41/41/41 18/18/18
f 41/41/41 42/42/42 18/18/18
f 18/18/18 42/42/42 20/20/20
f 42/42/42 43/43/43 20/20/20
f 20/20/20 43/43/43 22/22/22
f 43/43/43 44/44/44 22/22/22
f 22/22/22 44/44/44 24/24/24
f 44/44/44 45/45/45 24/24/24
f 24/24/24 45/45/45 26/26/26
f 45/45/45 46/46/46 26/26/26
f 26/26/26 46/46/46 28/28/28
f 46/46/46 47/47/47 28/28/28
f 28/28/28 47/47/47 30/30/30
f 47/47/47 48/48/48 30/30/30
f 30/30/30 48/48/48 32/32/32
f 38/38/38 49/49/49 39/39/39
f 49/49/49 50/50/50 39/39/39
f 39/39/39 50/50/50 40/40/40
f 50/50/50 51/51/51 40/40/40
f 40/40/40 51/51/51 52/52/52
f 51/51/51 53/53/53 52/52/52
f 52/52/52 53/53/53 54/54/54
f 53/53/53 55/55/55 54/54/54
f 54/54/54 55/55/55 56/56/56
f 55/55/55 57/57/57 56/56/56
f 56/56/56 57/57/57 44/44/44
f 57/57/57 58/58/58 44/44/44
f 44/44/44 58/58/58 45/45/45
f 58/58/58 59/59/59 45/45/45
f 45/45/45 59/59/59 46/46/46
f 49/49/49 60/60/60 50/50/50
f 60/60/60 61/61/61 50/50/50
f 50/50/50 61/61/61 51/51/51
f 61/61/61 62/62/62 51/51/51
f 51/51/51 62/62/62 53/53/53
f 62/62/62 63/63/63 53/53/53
f 53/53/53 63/63/63 55/55/55
f 63/63/63 64/64/64 55/55/55
f 55/55/55 64/64/64 57/57/57
f 64/64/64 65/65/65 57/57/57
f 57/57/57 65/65/65 58/58/58
f 65/65/65 66/66/66 58/58/58
f 58/58/58 66/66/66 59/59/59
f 61/61/61 60/60/60 67/67/67
f 60/60/60 49/49/49 67/67/67
f 67/67/67 49/49/49 68/68/68
f 49/49/49 38/38/38 68/68/68
f 68/68/68 38/38/38 69/69/69
f 38/38/38 70/70/70 69/69/69
f 69/69/69 70/70/70 71/71/71
f 70/70/70 34/34/34 71/71/71
f 71/71/71 72/72/72 69/69/69
f 72/72/72 73/73/73 69/69/69
f 69/69/69 73/73/73 68/68/68
f 73/73/73 74/74/74 68/68/68
f 68/68/68 74/74/74 67/67/67
f 74/74/74 75/75/75 67/67/67
f 67/67/67 75/75/75 61/61/61
f 75/75/75 62/62/62 61/61/61
f 74/74/74 76/76/76 75/75/75
f 76/76/76 77/77/77 75/75/75
f 75/75/75 77/77/77 62/62/62
f 77/77/77 63/63/63 62/62/62
f 76/76/76 78/78/78 77/77/77
f 78/78/78 79/79/79 77/77/77
f 77/77/77 79/79/79 63/63/63
f 79/79/79 64/64/64 63/63/63
f 36/36/36 35/35/35 37/37/37
f 35/35/35 70/70/70 37/37/37
f 37/37/37 70/70/70 38/38/38
f 13/13/13 15/15/15 11/11/11
f 15/15/15 80/80/80 11/11/11
f 11/11/11 80/80/80 9/9/9
f 80/80/80 81/81/81 9/9/9
f 9/9/9 81/81/81 82/82/82
f 81/81/81 83/83/83 82/82/82
f 82/82/82 83/83/83 84/84/84
f 83/83/83 85/85/85 84/84/84
f 84/84/84 85/85/85 86/86/86
f 85/85/85 87/87/87 86/86/86
f 86/86/86 87/87/87 88/88/88
f 87/87/87 89/89/89 88/88/88
f 15/15/15 17/17/17 80/80/80
f 17/17/17 90/90/90 80/80/80
f 80/80/80 90/90/90 81/81/81
f 90/90/90 91/91/91 81/81/81
f 81/81/81 91/91/91 83/83/83
f 91/91/91 92/92/92 83/83/83
f 83/83/83 92/92/92 85/85/85
f 92/92/92 93/93/93 85/85/85
f 85/85/85 93/93/93 87/87/87
f 93/93/93 94/94/94 87/87/87
f 87/87/87 94/94/94 89/89/89
f 94/94/94 95/95/95 89/89/89
f 91/91/91 90/90/90 92/92/92
f 90/90/90 96/96/96 92/92/92
f 92/92/92 96/96/96 93/93/93
f 96/96/96 97/97/97 93/93/93
f 93/93/93 97/97/97 98/98/98
f 97/97/97 99/99/99 98/98/98
f 98/98/98 99/99/99 100/100/100
f 99/99/99 101/101/101 100/100/100
f 100/100/100 101/101/101 102/102/102
f 101/101/101 103/103/103 102/102/102
f 102/102/102 103/103/103 104/104/104
f 103/103/103 105/105/105 104/104/104
f 104/104/104 105/105/105 106/106/106
f 105/105/105 107/107/107 106/106/106
f 106/106/106 107/107/107 108/108/108
f 107/107/107 109/109/109 108/108/108
f 108/108/108 109/109/109 110/110/110
f 109/109/109 111/111/111 110/110/110
f 110/110/110 111/111/111 112/112/112
f 111/111/111 113/113/113 112/112/112
f 112/112/112 113/113/113 114/114/114
f 113/113/113 115/115/115 114/114/114
f 114/114/114 115/115/115 116/116/116
f 115/115/115 117/117/117 116/116/116
f 116/116/116 117/117/117 118/118/118
f 117/117/117 119/119/119 118/118/118
f 118/118/118 119/119/119 120/120/120
f 119/119/119 121/121/121 120/120/120
f 120/120/120 121/121/121 122/122/122
f 121/121/121 123/123/123 122/122/122
f 122/122/122 123/123/123 124/124/124
f 123/123/123 125/125/125 124/124/124
f 124/124/124 125/125/125 126/126/126
f 125/125/125 127/127/127 126/126/126
f 126/126/126 127/127/127 128/128/128
f 90/90/90 17/17/17 96/96/96
f 17/17/17 129/129/129 96/96/96
f 96/96/96 129/129/129 97/97/97
f 129/129/129 130/130/130 97/97/97
f 97/97/97 130/130/130 99/99/99
f 130/130/130 131/131/131 99/99/99
f 99/99/99 131/131/131 101/101/101
f 131/131/131 132/132/132 101/101/101
f 101/101/101 132/132/132 103/103/103
f 132/132/132 133/133/133 103/103/103
f 103/103/103 133/133/133 105/105/105
f 133/133/133 134/134/134 105/105/105
f 105/105/105 134/134/134 107/107/107
f 134/134/134 135/135/135 107/107/107
f 107/107/107 135/135/135 109/109/109
f 135/135/135 136/136/136 109/109/109
f 109/109/109 136/136/136 111/111/111
f 136/136/136 137/137/137 111/111/111
f 111/111/111 137/137/137 113/113/113
f 137/137/137 138/138/138 113/113/113
f 113/113/113 138/138/138 115/115/115
f 138/138/138 139/139/139 115/115/115
f 115/115/115 139/139/139 117/117/117
f 139/139/139 140/140/140 117/117/117
f 117/117/117 140/140/140 119/119/119
f 140/140/140 141/141/141 119/119/119
f 119/119/119 141/141/141 121/121/121
f 141/141/141 142/142/142 121/121/121
f 121/121/121 142/142/142 123/123/123
f 142/142/142 143/143/143 123/123/123
f 123/123/123 143/143/143 125/125/125
f 143/143/143 144/144/144 125/125/125
f 125/125/125 144/144/144 127/127/127
f 130/130/130 129/129/129 131/131/131
f 129/129/129 145/145/145 131/131/131
f 131/131/131 145/145/145 132/132/132
f 145/145/145 146/146/146 132/132/132
f 132/132/132 146/146/146 133/133/133
f 146/146/146 147/147/147 133/133/133
f 133/133/133 147/147/147 134/134/134
f 147/147/147 148/148/148 134/134/134
f 134/134/134 148/148/148 149/149/149
f 148/148/148 150/150/150 149/149/149
f 149/149/149 150/150/150 151/151/151
f 150/150/150 152/152/152 151/151/151
f 151/151/151 152/152/152 153/153/153
f 152/152/152 154/154/154 153/153/153
f 153/153/153 154/154/154 155/155/155
f 154/154/154 156/156/156 155/155/155
f 155/155/155 156/156/156 157/157/157
f 156/156/156 158/158/158 157/157/157
f 157/157/157 158/158/158 159/159/159
f 158/158/158 160/160/160 159/159/159
f 159/159/159 160/160/160 161/161/161
f 160/160/160 162/162/162 161/161/161
f 161/161/161 162/162/162 163/163/163
f 129/129/129 17/17/17 145/145/145
f 17/17/17 164/164/164 145/145/145
f 145/145/145 164/164/164 146/146/146
f 164/164/164 165/165/165 146/146/146
f 146/146/146 165/165/165 147/147/147
f 165/165/165 166/166/166 147/147/147
f 147/147/147 166/166/166 148/148/148
f 166/166/166 21/21/21 148/148/148
f 148/148/148 21/21/21 150/150/150
f 21/21/21 167/167/167 150/150/150
f 150/150/150 167/167/167 152/152/152
f 167/167/167 29/29/29 152/152/152
f 152/152/152 29/29/29 154/154/154
f 29/29/29 168/168/168 154/154/154
f 154/154/154 168/168/168 156/156/156
f 168/168/168 169/169/169 156/156/156
f 156/156/156 169/169/169 158/158/158
f 169/169/169 170/170/170 158/158/158
f 158/158/158 170/170/170 160/160/160
f 170/170/170 33/33/33 160/160/160
f 160/160/160 33/33/33 162/162/162
f 33/33/33 170/170/170 31/31/31
f 170/170/170 168/168/168 31/31/31
f 31/31/31 168/168/168 29/29/29
f 116/116/116 118/118/118 114/114/114
f 118/118/118 171/171/171 114/114/114
f 114/114/114 171/171/171 112/112/112
f 171/171/171 172/172/172 112/112/112
f 112/112/112 172/172/172 173/173/173
f 172/172/172 174/174/174 173/173/173
f 173/173/173 174/174/174 175/175/175
f 174/174/174 176/176/176 175/175/175
f 175/175/175 176/176/176 177/177/177
f 176/176/176 178/178/178 177/177/177
f 177/177/177 178/178/178 179/179/179
f 178/178/178 180/180/180 179/179/179
f 179/179/179 180/180/180 181/181/181
f 180/180/180 182/182/182 181/181/181
f 181/181/181 182/182/182 183/183/183
f 182/182/182 184/184/184 183/183/183
f 118/118/118 120/120/120 171/171/171
f 120/120/120 185/185/185 171/171/171
f 171/171/171 185/185/185 172/172/172
f 185/185/185 186/186/186 172/172/172
f 172/172/172 186/186/186 174/174/174
f 186/186/186 187/187/187 174/174/174
f 174/174/174 187/187/187 176/176/176
f 187/187/187 188/188/188 176/176/176
f 176/176/176 188/188/188 178/178/178
f 188/188/188 189/189/189 178/178/178
f 178/178/178 189/189/189 180/180/180
f 189/189/189 190/190/190 180/180/180
f 180/180/180 190/190/190 182/182/182
f 190/190/190 191/191/191 182/182/182
f 182/182/182 191/191/191 184/184/184
f 191/191/191 192/192/192 184/184/184
f 186/186/186 185/185/185 187/187/187
f 185/185/185 193/193/193 187/187/187
f 187/187/187 193/193/193 188/188/188
f 193/193/193 194/194/194 188/188/188
f 188/188/188 194/194/194 195/195/195
f 194/194/194 196/196/196 195/195/195
f 195/195/195 196/196/196 197/197/197
f 196/196/196 198/198/198 197/197/197
f 197/197/197 198/198/198 199/199/199
f 198/198/198 200/200/200 199/199/199
f 199/199/199 200/200/200 201/201/201
f 200/200/200 202/202/202 201/201/201
f 201/201/201 202/202/202 203/203/203
f 202/202/202 204/204/204 203/203/203
f 203/203/203 204/204/204 205/205/205
f 204/204/204 206/206/206 205/205/205
f 205/205/205 206/206/206 207/207/207
f 206/206/206 208/208/208 207/207/207
f 207/207/207 208/208/208 209/209/209
f 185/185/185 120/120/120 193/193/193
f 120/120/120 210/210/210 193/193/193
f 193/193/193 210/210/210 194/194/194
f 210/210/210 211/211/211 194/194/194
f 194/194/194 211/211/211 196/196/196
f 211/211/211 212/212/212 196/196/196
f 196/196/196 212/212/212 198/198/198
f 212/212/212 124/124/124 198/198/198
f 198/198/198 124/124/124 200/200/200
f 124/124/124 213/213/213 200/200/200
f 200/200/200 213/213/213 202/202/202
f 213/213/213 214/214/214 202/202/202
f 202/202/202 214/214/214 204/204/204
f 214/214/214 215/215/215 204/204/204
f 204/204/204 215/215/215 206/206/206
f 215/215/215 216/216/216 206/206/206
f 206/206/206 216/216/216 208/208/208
f 124/124/124 212/212/212 122/122/122
f 212/212/212 210/210/210 122/122/122
f 122/122/122 210/210/210 120/120/120
f 17/17/17 19/19/19 164/164/164
f 19/19/19 166/166/166 164/164/164
f 164/164/164 166/166/166 165/165/165
f 128/128/128 217/217/217 126/126/126
f 217/217/217 213/213/213 126/126/126
f 126/126/126 213/213/213 124/124/124
f 201/201/201 203/203/203 199/199/199
f 203/203/203 218/218/218 199/199/199
f 199/199/199 218/218/218 197/197/197
f 218/218/218 219/219/219 197/197/197
f 197/197/197 219/219/219 220/220/220
f 219/219/219 221/221/221 220/220/220
f 220/220/220 221/221/221 222/222/222
f 221/221/221 223/223/223 222/222/222
f 222/222/222 223/223/223 224/224/224
f 223/223/223 225/225/225 224/224/224
f 224/224/224 225/225/225 226/226/226
f 225/225/225 227/227/227 226/226/226
f 226/226/226 227/227/227 228/228/228
f 227/227/227 229/229/229 228/228/228
f 228/228/228 229/229/229 230/230/230
f 229/229/229 231/231/231 230/230/230
f 230/230/230 231/231/231 232/232/232
f 231/231/231 233/233/233 232/232/232
f 232/232/232 233/233/233 234/234/234
f 233/233/233 235/235/235 234/234/234
f 234/234/234 235/235/235 236/236/236
f 235/235/235 237/237/237 236/236/236
f 236/236/236 237/237/237 238/238/238
f 237/237/237 239/239/239 238/238/238
f 238/238/238 239/239/239 240/240/240
f 239/239/239 241/241/241 240/240/240
f 240/240/240 241/241/241 242/242/242
f 241/241/241 243/243/243 242/242/242
f 242/242/242 243/243/243 244/244/244
f 243/243/243 245/245/245 244/244/244
f 244/244/244 245/245/245 246/246/246
f 245/245/245 247/247/247 246/246/246
f 246/246/246 247/247/247 248/248/248
f 247/247/247 249/249/249 248/248/248
f 248/248/248 249/249/249 250/250/250
f 249/249/249 251/251/251 250/250/250
f 203/203/203 205/205/205 218/218/218
f 205/205/205 252/252/252 218/218/218
f 218/218/218 252/252/252 219/219/219
f 252/252/252 253/253/253 219/219/219
f 219/219/219 253/253/253 221/221/221
f 253/253/253 254/254/254 221/221/221
f 221/221/221 254/254/254 223/223/223
f 254/254/254 255/255/255 223/223/223
f 223/223/223 255/255/255 225/225/225
f 255/255/255 256/256/256 225/225/225
f 225/225/225 256/256/256 227/227/227
f 256/256/256 257/257/257 227/227/227
f 227/227/227 257/257/257 229/229/229
f 257/257/257 258/258/258 229/229/229
f 229/229/229 258/258/258 231/231/231
f 258/258/258 259/259/259 231/231/231
f 231/231/231 259/259/259 233/233/233
f 259/259/259 260/260/260 233/233/233
f 233/233/233 260/260/260 235/235/235
f 260/260/260 261/261/261 235/235/235
f 235/235/235 261/261/261 237/237/237
f 261/261/261 262/262/262 237/237/237
f 237/237/237 262/262/262 239/239/239
f 262/262/262 263/263/263 239/239/239
f 239/239/239 263/263/263 241/241/241
f 263/263/263 264/264/264 241/241/241
f 241/241/241 264/264/264 243/243/243
f 264/264/264 265/265/265 243/243/243
f 243/243/243 265/265/265 245/245/245
f 265/265/265 266/266/266 245/245/245
f 245/245/245 266/266/266 247/247/247
f 266/266/266 267/267/267 247/247/247
f 247/247/247 267/267/267 249/249/249
f 267/267/267 268/268/268 249/249/249
f 249/249/249 268/268/268 251/251/251
f 268/268/268 269/269/269 251/251/251
f 259/259/259 258/258/258 260/260/260
f 258/258/258 270/270/270 260/260/260
f 260/260/260 270/270/270 261/261/261
f 270/270/270 271/271/271 261/261/261
f 261/261/261 271/271/271 262/262/262
f 271/271/271 272/272/272 262/262/262
f 262/262/262 272/272/272 263/263/263
f 272/272/272 273/273/273 263/263/263
f 263/263/263 273/273/273 274/274/274
f 273/273/273 275/275/275 274/274/274
f 274/274/274 275/275/275 276/276/276
f 275/275/275 277/277/277 276/276/276
f 276/276/276 277/277/277 278/278/278
f 277/277/277 279/279/279 278/278/278
f 278/278/278 279/279/279 280/280/280
f 279/279/279 281/281/281 280/280/280
f 280/280/280 281/281/281 282/282/282
f 281/281/281 283/283/283 282/282/282
f 282/282/282 283/283/283 284/284/284
f 283/283/283 285/285/285 284/284/284
f 284/284/284 285/285/285 286/286/286
f 285/285/285 287/287/287 286/286/286
f 286/286/286 287/287/287 288/288/288
f 258/258/258 257/257/257 270/270/270
f 257/257/257 289/289/289 270/270/270
f 270/270/270 289/289/289 271/271/271
f 289/289/289 290/290/290 271/271/271
f 271/271/271 290/290/290 272/272/272
f 290/290/290 291/291/291 272/272/272
f 272/272/272 291/291/291 273/273/273
f 291/291/291 292/292/292 273/273/273
f 273/273/273 292/292/292 275/275/275
f 292/292/292 293/293/293 275/275/275
f 275/275/275 293/293/293 277/277/277
f 293/293/293 294/294/294 277/277/277
f 277/277/277 294/294/294 279/279/279
f 294/294/294 295/295/295 279/279/279
f 279/279/279 295/295/295 281/281/281
f 295/295/295 296/296/296 281/281/281
f 281/281/281 296/296/296 283/283/283
f 296/296/296 297/297/297 283/283/283
f 283/283/283 297/297/297 285/285/285
f 297/297/297 298/298/298 285/285/285
f 285/285/285 298/298/298 287/287/287
f 290/290/290 289/289/289 291/291/291
f 289/289/289 299/299/299 291/291/291
f 291/291/291 299/299/299 292/292/292
f 299/299/299 300/300/300 292/292/292
f 292/292/292 300/300/300 301/301/301
f 300/300/300 302/302/302 301/301/301
f 301/301/301 302/302/302 303/303/303
f 302/302/302 304/304/304 303/303/303
f 303/303/303 304/304/304 305/305/305
f 304/304/304 306/306/306 305/305/305
f 305/305/305 306/306/306 307/307/307
f 306/306/306 308/308/308 307/307/307
f 307/307/307 308/308/308 309/309/309
f 308/308/308 207/207/207 309/309/309
f 309/309/309 207/207/207 209/209/209
f 289/289/289 257/257/257 299/299/299
f 257/257/257 310/310/310 299/299/299
f 299/299/299 310/310/310 300/300/300
f 310/310/310 311/311/311 300/300/300
f 300/300/300 311/311/311 302/302/302
f 311/311/311 312/312/312 302/302/302
f 302/302/302 312/312/312 304/304/304
f 312/312/312 255/255/255 304/304/304
f 304/304/304 255/255/255 306/306/306
f 255/255/255 313/313/313 306/306/306
f 306/306/306 313/313/313 308/308/308
f 313/313/313 205/205/205 308/308/308
f 308/308/308 205/205/205 207/207/207
f 205/205/205 313/313/313 252/252/252
f 313/313/313 254/254/254 252/252/252
f 252/252/252 254/254/254 253/253/253
f 142/142/142 141/141/141 143/143/143
f 141/141/141 314/314/314 143/143/143
f 143/143/143 314/314/314 144/144/144
f 314/314/314 315/315/315 144/144/144
f 315/315/315 314/314/314 316/316/316
f 314/314/314 140/140/140 316/316/316
f 316/316/316 140/140/140 317/317/317
f 140/140/140 318/318/318 317/317/317
f 317/317/317 318/318/318 319/319/319
f 318/318/318 320/320/320 319/319/319
f 319/319/319 320/320/320 321/321/321
f 320/320/320 322/322/322 321/321/321
f 321/321/321 322/322/322 323/323/323
f 322/322/322 138/138/138 323/323/323
f 323/323/323 138/138/138 324/324/324
f 138/138/138 325/325/325 324/324/324
f 324/324/324 325/325/325 326/326/326
f 325/325/325 134/134/134 326/326/326
f 326/326/326 134/134/134 327/327/327
f 134/134/134 149/149/149 327/327/327
f 327/327/327 149/149/149 153/153/153
f 149/149/149 151/151/151 153/153/153
f 153/153/153 155/155/155 327/327/327
f 155/155/155 328/328/328 327/327/327
f 327/327/327 328/328/328 326/326/326
f 328/328/328 329/329/329 326/326/326
f 326/326/326 329/329/329 324/324/324
f 329/329/329 330/330/330 324/324/324
f 324/324/324 330/330/330 323/323/323
f 330/330/330 331/331/331 323/323/323
f 323/323/323 331/331/331 321/321/321
f 331/331/331 332/332/332 321/321/321
f 321/321/321 332/332/332 319/319/319
f 332/332/332 333/333/333 319/319/319
f 319/319/319 333/333/333 317/317/317
f 333/333/333 334/334/334 317/317/317
f 317/317/317 334/334/334 316/316/316
f 334/334/334 335/335/335 316/316/316
f 316/316/316 335/335/335 315/315/315
f 329/329/329 328/328/328 330/330/330
f 328/328/328 336/336/336 330/330/330
f 330/330/330 336/336/336 331/331/331
f 336/336/336 337/337/337 331/331/331
f 331/331/331 337/337/337 338/338/338
f 337/337/337 339/339/339 338/338/338
f 338/338/338 339/339/339 340/340/340
f 339/339/339 341/341/341 340/340/340
f 340/340/340 341/341/341 342/342/342
f 341/341/341 161/161/161 342/342/342
f 342/342/342 161/161/161 163/163/163
f 328/328/328 155/155/155 336/336/336
f 155/155/155 343/343/343 336/336/336
f 336/336/336 343/343/343 337/337/337
f 343/343/343 344/344/344 337/337/337
f 337/337/337 344/344/344 339/339/339
f 344/344/344 345/345/345 339/339/339
f 339/339/339 345/345/345 341/341/341
f 345/345/345 159/159/159 341/341/341
f 341/341/341 159/159/159 161/161/161
f 159/159/159 345/345/345 157/157/157
f 345/345/345 343/343/343 157/157/157
f 157/157/157 343/343/343 155/155/155
f 307/307/307 309/309/309 305/305/305
f 309/309/309 346/346/346 305/305/305
f 305/305/305 346/346/346 303/303/303
f 346/346/346 347/347/347 303/303/303
f 303/303/303 347/347/347 348/348/348
f 347/347/347 349/349/349 348/348/348
f 348/348/348 349/349/349 350/350/350
f 309/309/309 209/209/209 346/346/346
f 209/209/209 351/351/351 346/346/346
f 346/346/346 351/351/351 347/347/347
f 351/351/351 352/352/352 347/347/347
f 347/347/347 352/352/352 349/349/349
f 140/140/140 139/139/139 318/318/318
f 139/139/139 322/322/322 318/318/318
f 318/318/318 322/322/322 320/320/320
f 138/138/138 137/137/137 325/325/325
f 137/137/137 135/135/135 325/325/325
f 325/325/325 135/135/135 134/134/134
f 288/288/288 353/353/353 286/286/286
f 353/353/353 354/354/354 286/286/286
f 286/286/286 354/354/354 284/284/284
f 354/354/354 355/355/355 284/284/284
f 284/284/284 355/355/355 356/356/356
f 355/355/355 357/357/357 356/356/356
f 356/356/356 357/357/357 358/358/358
f 357/357/357 359/359/359 358/358/358
f 358/358/358 359/359/359 360/360/360
f 359/359/359 361/361/361 360/360/360
f 360/360/360 361/361/361 362/362/362
f 361/361/361 363/363/363 362/362/362
f 362/362/362 363/363/363 364/364/364
f 363/363/363 365/365/365 364/364/364
f 364/364/364 365/365/365 366/366/366
f 365/365/365 367/367/367 366/366/366
f 366/366/366 367/367/367 368/368/368
f 367/367/367 369/369/369 368/368/368
f 368/368/368 369/369/369 370/370/370
f 369/369/369 371/371/371 370/370/370
f 370/370/370 371/371/371 372/372/372
f 371/371/371 373/373/373 372/372/372
f 372/372/372 373/373/373 374/374/374
f 373/373/373 375/375/375 374/374/374
f 374/374/374 375/375/375 376/376/376
f 375/375/375 377/377/377 376/376/376
f 376/376/376 377/377/377 378/378/378
f 377/377/377 379/379/379 378/378/378
f 353/353/353 380/380/380 354/354/354
f 380/380/380 381/381/381 354/354/354
f 354/354/354 381/381/381 355/355/355
f 381/381/381 382/382/382 355/355/355
f 355/355/355 382/382/382 357/357/357
f 382/382/382 383/383/383 357/357/357
f 357/357/357 383/383/383 359/359/359
f 383/383/383 384/384/384 359/359/359
f 359/359/359 384/384/384 361/361/361
f 384/384/384 385/385/385 361/361/361
f 361/361/361 385/385/385 363/363/363
f 385/385/385 386/386/386 363/363/363
f 363/363/363 386/386/386 365/365/365
f 386/386/386 387/387/387 365/365/365
f 365/365/365 387/387/387 367/367/367
f 387/387/387 388/388/388 367/367/367
f 367/367/367 388/388/388 369/369/369
f 388/388/388 389/389/389 369/369/369
f 369/369/369 389/389/389 371/371/371
f 389/389/389 390/390/390 371/371/371
f 371/371/371 390/390/390 373/373/373
f 390/390/390 391/391/391 373/373/373
f 373/373/373 391/391/391 375/375/375
f 391/391/391 392/392/392 375/375/375
f 375/375/375 392/392/392 377/377/377
f 392/392/392 393/393/393 377/377/377
f 377/377/377 393/393/393 379/379/379
f 393/393/393 394/394/394 379/379/379
f 384/384/384 395/395/395 385/385/385
f 395/395/395 396/396/396 385/385/385
f 385/385/385 396/396/396 386/386/386
f 396/396/396 397/397/397 386/386/386
f 386/386/386 397/397/397 398/398/398
f 397/397/397 399/399/399 398/398/398
f 398/398/398 399/399/399 400/400/400
f 399/399/399 401/401/401 400/400/400
f 400/400/400 401/401/401 402/402/402
f 401/401/401 403/403/403 402/402/402
f 402/402/402 403/403/403 390/390/390
f 403/403/403 404/404/404 390/390/390
f 390/390/390 404/404/404 391/391/391
f 404/404/404 405/405/405 391/391/391
f 391/391/391 405/405/405 392/392/392
f 405/405/405 406/406/406 392/392/392
f 392/392/392 406/406/406 407/407/407
f 406/406/406 408/408/408 407/407/407
f 407/407/407 408/408/408 409/409/409
f 408/408/408 410/410/410 409/409/409
f 409/409/409 410/410/410 411/411/411
f 410/410/410 412/412/412 411/411/411
f 411/411/411 412/412/412 413/413/413
f 412/412/412 414/414/414 413/413/413
f 395/395/395 415/415/415 396/396/396
f 415/415/415 416/416/416 396/396/396
f 396/396/396 416/416/416 397/397/397
f 416/416/416 417/417/417 397/397/397
f 397/397/397 417/417/417 399/399/399
f 417/417/417 418/418/418 399/399/399
f 399/399/399 418/418/418 401/401/401
f 418/418/418 419/419/419 401/401/401
f 401/401/401 419/419/419 403/403/403
f 419/419/419 420/420/420 403/403/403
f 403/403/403 420/420/420 404/404/404
f 420/420/420 421/421/421 404/404/404
f 404/404/404 421/421/421 405/405/405
f 421/421/421 422/422/422 405/405/405
f 405/405/405 422/422/422 406/406/406
f 422/422/422 423/423/423 406/406/406
f 406/406/406 423/423/423 408/408/408
f 423/423/423 424/424/424 408/408/408
f 408/408/408 424/424/424 410/410/410
f 424/424/424 425/425/425 410/410/410
f 410/410/410 425/425/425 412/412/412
f 425/425/425 426/426/426 412/412/412
f 412/412/412 426/426/426 414/414/414
f 426/426/426 427/427/427 414/414/414
f 417/417/417 428/428/428 418/418/418
f 428/428/428 429/429/429 418/418/418
f 418/418/418 429/429/429 419/419/419
f 429/429/429 430/430/430 419/419/419
f 419/419/419 430/430/430 431/431/431
f 430/430/430 432/432/432 431/431/431
f 431/431/431 432/432/432 433/433/433
f 432/432/432 434/434/434 433/433/433
f 433/433/433 434/434/434 435/435/435
f 434/434/434 436/436/436 435/435/435
f 435/435/435 436/436/436 423/423/423
f 436/436/436 437/437/437 423/423/423
f 423/423/423 437/437/437 424/424/424
f 437/437/437 438/438/438 424/424/424
f 424/424/424 438/438/438 425/425/425
f 438/438/438 439/439/439 425/425/425
f 425/425/425 439/439/439 440/440/440
f 439/439/439 441/441/441 440/440/440
f 440/440/440 441/441/441 442/442/442
f 441/441/441 443/443/443 442/442/442
f 442/442/442 443/443/443 444/444/444
f 443/443/443 445/445/445 444/444/444
f 444/444/444 445/445/445 446/446/446
f 445/445/445 447/447/447 446/446/446
f 428/428/428 448/448/448 429/429/429
f 448/448/448 449/449/449 429/429/429
f 429/429/429 449/449/449 430/430/430
f 449/449/449 450/450/450 430/430/430
f 430/430/430 450/450/450 432/432/432
f 450/450/450 451/451/451 432/432/432
f 432/432/432 451/451/451 434/434/434
f 451/451/451 452/452/452 434/434/434
f 434/434/434 452/452/452 436/436/436
f 452/452/452 453/453/453 436/436/436
f 436/436/436 453/453/453 437/437/437
f 453/453/453 454/454/454 437/437/437
f 437/437/437 454/454/454 438/438/438
f 454/454/454 455/455/455 438/438/438
f 438/438/438 455/455/455 439/439/439
f 455/455/455 456/456/456 439/439/439
f 439/439/439 456/456/456 441/441/441
f 456/456/456 457/457/457 441/441/441
f 441/441/441 457/457/457 443/443/443
f 457/457/457 458/458/458 443/443/443
f 443/443/443 458/458/458 445/445/445
f 458/458/458 459/459/459 445/445/445
f 445/445/445 459/459/459 447/447/447
f 459/459/459 460/460/460 447/447/447
f 450/450/450 461/461/461 451/451/451
f 461/461/461 462/462/462 451/451/451
f 451/451/451 462/462/462 452/452/452
f 462/462/462 463/463/463 452/452/452
f 452/452/452 463/463/463 464/464/464
f 463/463/463 465/465/465 464/464/464
f 464/464/464 465/465/465 466/466/466
f 465/465/465 467/467/467 466/466/466
f 466/466/466 467/467/467 468/468/468
f 467/467/467 469/469/469 468/468/468
f 468/468/468 469/469/469 456/456/456
f 469/469/469 470/470/470 456/456/456
f 456/456/456 470/470/470 457/457/457
f 470/470/470 471/471/471 457/457/457
f 457/457/457 471/471/471 458/458/458
f 471/471/471 472/472/472 458/458/458
f 458/458/458 472/472/472 473/473/473
f 472/472/472 474/474/474 473/473/473
f 473/473/473 474/474/474 475/475/475
f 474/474/474 476/476/476 475/475/475
f 475/475/475 476/476/476 477/477/477
f 476/476/476 478/478/478 477/477/477
f 477/477/477 478/478/478 479/479/479
f 478/478/478 480/480/480 479/479/479
f 461/461/461 481/481/481 462/462/462
f 481/481/481 482/482/482 462/462/462
f 462/462/462 482/482/482 463/463/463
f 482/482/482 483/483/483 463/463/463
f 463/463/463 483/483/483 465/465/465
f 483/483/483 484/484/484 465/465/465
f 465/465/465 484/484/484 467/467/467
f 484/484/484 485/485/485 467/467/467
f 467/467/467 485/485/485 469/469/469
f 485/485/485 486/486/486 469/469/469
f 469/469/469 486/486/486 470/470/470
f 486/486/486 487/487/487 470/470/470
f 470/470/470 487/487/487 471/471/471
f 487/487/487 488/488/488 471/471/471
f 471/471/471 488/488/488 472/472/472
f 488/488/488 489/489/489 472/472/472
f 472/472/472 489/489/489 474/474/474
f 489/489/489 490/490/490 474/474/474
f 474/474/474 490/490/490 476/476/476
f 490/490/490 491/491/491 476/476/476
f 476/476/476 491/491/491 478/478/478
f 491/491/491 492/492/492 478/478/478
f 478/478/478 492/492/492 480/480/480
f 492/492/492 493/493/493 480/480/480
f 483/483/483 494/494/494 484/484/484
f 494/494/494 495/495/495 484/484/484
f 484/484/484 495/495/495 485/485/485
f 495/495/495 496/496/496 485/485/485
f 485/485/485 496/496/496 497/497/497
f 496/496/496 498/498/498 497/497/497
f 497/497/497 498/498/498 499/499/499
f 498/498/498 500/500/500 499/499/499
f 499/499/499 500/500/500 501/501/501
f 500/500/500 502/502/502 501/501/501
f 501/501/501 502/502/502 489/489/489
f 502/502/502 503/503/503 489/489/489
f 489/489/489 503/503/503 504/504/504
f 503/503/503 505/505/505 504/504/504
f 504/504/504 505/505/505 506/506/506
f 505/505/505 507/507/507 506/506/506
f 506/506/506 507/507/507 508/508/508
f 507/507/507 509/509/509 508/508/508
f 508/508/508 509/509/509 510/510/510
f 509/509/509 511/511/511 510/510/510
f 510/510/510 511/511/511 512/512/512
f 511/511/511 513/513/513 512/512/512
f 512/512/512 513/513/513 514/514/514
f 513/513/513 515/515/515 514/514/514
f 494/494/494 516/516/516 495/495/495
f 516/516/516 517/517/517 495/495/495
f 495/495/495 517/517/517 496/496/496
f 517/517/517 518/518/518 496/496/496
f 496/496/496 518/518/518 498/498/498
f 518/518/518 519/519/519 498/498/498
f 498/498/498 519/519/519 500/500/500
f 519/519/519 520/520/520 500/500/500
f 500/500/500 520/520/520 502/502/502
f 520/520/520 521/521/521 502/502/502
f 502/502/502 521/521/521 503/503/503
f 521/521/521 522/522/522 503/503/503
f 503/503/503 522/522/522 505/505/505
f 522/522/522 523/523/523 505/505/505
f 505/505/505 523/523/523 507/507/507
f 523/523/523 524/524/524 507/507/507
f 507/507/507 524/524/524 509/509/509
f 524/524/524 525/525/525 509/509/509
f 509/509/509 525/525/525 511/511/511
f 525/525/525 526/526/526 511/511/511
f 511/511/511 526/526/526 513/513/513
f 526/526/526 527/527/527 513/513/513
f 513/513/513 527/527/527 515/515/515
f 527/527/527 528/528/528 515/515/515
f 518/518/518 529/529/529 519/519/519
f 529/529/529 530/530/530 519/519/519
f 519/519/519 530/530/530 520/520/520
f 530/530/530 531/531/531 520/520/520
f 520/520/520 531/531/531 532/532/532
f 531/531/531 533/533/533 532/532/532
f 532/532/532 533/533/533 534/534/534
f 533/533/533 535/535/535 534/534/534
f 534/534/534 535/535/535 536/536/536
f 535/535/535 537/537/537 536/536/536
f 536/536/536 537/537/537 524/524/524
f 537/537/537 538/538/538 524/524/524
f 524/524/524 538/538/538 525/525/525
f 538/538/538 539/539/539 525/525/525
f 525/525/525 539/539/539 526/526/526
f 539/539/539 540/540/540 526/526/526
f 526/526/526 540/540/540 541/541/541
f 540/540/540 542/542/542 541/541/541
f 541/541/541 542/542/542 543/543/543
f 542/542/542 544/544/544 543/543/543
f 543/543/543 544/544/544 545/545/545
f 544/544/544 546/546/546 545/545/545
f 545/545/545 546/546/546 547/547/547
f 546/546/546 548/548/548 547/547/547
f 529/529/529 549/549/549 530/530/530
f 549/549/549 550/550/550 530/530/530
f 530/530/530 550/550/550 531/531/531
f 550/550/550 551/551/551 531/531/531
f 531/531/531 551/551/551 533/533/533
f 551/551/551 552/552/552 533/533/533
f 533/533/533 552/552/552 535/535/535
f 552/552/552 553/553/553 535/535/535
f 535/535/535 553/553/553 537/537/537
f 553/553/553 554/554/554 537/537/537
f 537/537/537 554/554/554 538/538/538
f 554/554/554 555/555/555 538/538/538
f 538/538/538 555/555/555 539/539/539
f 555/555/555 556/556/556 539/539/539
f 539/539/539 556/556/556 540/540/540
f 556/556/556 557/557/557 540/540/540
f 540/540/540 557/557/557 542/542/542
f 557/557/557 558/558/558 542/542/542
f 542/542/542 558/558/558 544/544/544
f 558/558/558 559/559/559 544/544/544
f 544/544/544 559/559/559 546/546/546
f 559/559/559 560/560/560 546/546/546
f 546/546/546 560/560/560 548/548/548
f 560/560/560 561/561/561 548/548/548
f 551/551/551 562/562/562 552/552/552
f 562/562/562 563/563/563 552/552/552
f 552/552/552 563/563/563 553/553/553
f 563/563/563 564/564/564 553/553/553
f 553/553/553 564/564/564 565/565/565
f 564/564/564 566/566/566 565/565/565
f 565/565/565 566/566/566 567/567/567
f 566/566/566 568/568/568 567/567/567
f 567/567/567 568/568/568 569/569/569
f 568/568/568 570/570/570 569/569/569
f 569/569/569 570/570/570 557/557/557
f 570/570/570 571/571/571 557/557/557
f 557/557/557 571/571/571 558/558/558
f 571/571/571 572/572/572 558/558/558
f 558/558/558 572/572/572 559/559/559
f 572/572/572 573/573/573 559/559/559
f 559/559/559 573/573/573 574/574/574
f 573/573/573 575/575/575 574/574/574
f 574/574/574 575/575/575 576/576/576
f 575/575/575 577/577/577 576/576/576
f 576/576/576 577/577/577 578/578/578
f 577/577/577 579/579/579 578/578/578
f 578/578/578 579/579/579 580/580/580
f 579/579/579 581/581/581 580/580/580
f 562/562/562 582/582/582 563/563/563
f 582/582/582 583/583/583 563/563/563
f 563/563/563 583/583/583 564/564/564
f 583/583/583 584/584/584 564/564/564
f 564/564/564 584/584/584 566/566/566
f 584/584/584 585/585/585 566/566/566
f 566/566/566 585/585/585 568/568/568
f 585/585/585 586/586/586 568/568/568
f 568/568/568 586/586/586 570/570/570
f 586/586/586 587/587/587 570/570/570
f 570/570/570 587/587/587 571/571/571
f 587/587/587 588/588/588 571/571/571
f 571/571/571 588/588/588 572/572/572
f 588/588/588 589/589/589 572/572/572
f 572/572/572 589/589/589 573/573/573
f 589/589/589 590/590/590 573/573/573
f 573/573/573 590/590/590 575/575/575
f 590/590/590 591/591/591 575/575/575
f 575/575/575 591/591/591 577/577/577
f 591/591/591 592/592/592 577/577/577
f 577/577/577 592/592/592 579/579/579
f 592/592/592 593/593/593 579/579/579
f 579/579/579 593/593/593 581/581/581
f 593/593/593 594/594/594 581/581/581
f 584/584/584 595/595/595 585/585/585
f 595/595/595 596/596/596 585/585/585
f 585/585/585 596/596/596 586/586/586
f 596/596/596 597/597/597 586/586/586
f 586/586/586 597/597/597 598/598/598
f 597/597/597 599/599/599 598/598/598
f 598/598/598 599/599/599 600/600/600
f 599/599/599 601/601/601 600/600/600
f 600/600/600 601/601/601 602/602/602
f 601/601/601 603/603/603 602/602/602
f 602/602/602 603/603/603 590/590/590
f 603/603/603 604/604/604 590/590/590
f 590/590/590 604/604/604 591/591/591
f 604/604/604 605/605/605 591/591/591
f 591/591/591 605/605/605 592/592/592
f 605/605/605 606/606/606 592/592/592
f 592/592/592 606/606/606 607/607/607
f 606/606/606 608/608/608 607/607/607
f 607/607/607 608/608/608 609/609/609
f 608/608/608 610/610/610 609/609/609
f 609/609/609 610/610/610 611/611/611
f 610/610/610 612/612/612 611/611/611
f 611/611/611 612/612/612 613/613/613
f 612/612/612 614/614/614 613/613/613
f 595/595/595 615/615/615 596/596/596
f 615/615/615 616/616/616 596/596/596
f 596/596/596 616/616/616 597/597/597
f 616/616/616 617/617/617 597/597/597
f 597/597/597 617/617/617 599/599/599
f 617/617/617 618/618/618 599/599/599
f 599/599/599 618/618/618 601/601/601
f 618/618/618 619/619/619 601/601/601
f 601/601/601 619/619/619 603/603/603
f 619/619/619 620/620/620 603/603/603
f 603/603/603 620/620/620 604/604/604
f 620/620/620 621/621/621 604/604/604
f 604/604/604 621/621/621 605/605/605
f 621/621/621 622/622/622 605/605/605
f 605/605/605 622/622/622 606/606/606
f 622/622/622 623/623/623 606/606/606
f 606/606/606 623/623/623 608/608/608
f 623/623/623 624/624/624 608/608/608
f 608/608/608 624/624/624 610/610/610
f 624/624/624 625/625/625 610/610/610
f 610/610/610 625/625/625 612/612/612
f 625/625/625 626/626/626 612/612/612
f 612/612/612 626/626/626 614/614/614
f 626/626/626 627/627/627 614/614/614
f 617/617/617 628/628/628 618/618/618
f 628/628/628 629/629/629 618/618/618
f 618/618/618 629/629/629 619/619/619
f 629/629/629 630/630/630 619/619/619
f 619/619/619 630/630/630 631/631/631
f 630/630/630 632/632/632 631/631/631
f 631/631/631 632/632/632 633/633/633
f 632/632/632 634/634/634 633/633/633
f 633/633/633 634/634/634 635/635/635
f 634/634/634 636/636/636 635/635/635
f 635/635/635 636/636/636 623/623/623
f 636/636/636 637/637/637 623/623/623
f 623/623/623 637/637/637 624/624/624
f 637/637/637 638/638/638 624/624/624
f 624/624/624 638/638/638 625/625/625
f 638/638/638 639/639/639 625/625/625
f 625/625/625 639/639/639 640/640/640
f 639/639/639 641/641/641 640/640/640
f 640/640/640 641/641/641 642/642/642
f 641/641/641 643/643/643 642/642/642
f 642/642/642 643/643/643 644/644/644
f 643/643/643 645/645/645 644/644/644
f 644/644/644 645/645/645 646/646/646
f 645/645/645 647/647/647 646/646/646
f 646/646/646 647/647/647 648/648/648
f 647/647/647 649/649/649 648/648/648
f 648/648/648 649/649/649 650/650/650
f 649/649/649 651/651/651 650/650/650
f 650/650/650 651/651/651 652/652/652
f 651/651/651 653/653/653 652/652/652
f 652/652/652 653/653/653 654/654/654
f 653/653/653 655/655/655 654/654/654
f 654/654/654 655/655/655 656/656/656
f 655/655/655 657/657/657 656/656/656
f 656/656/656 657/657/657 658/658/658
f 657/657/657 659/659/659 658/658/658
f 628/628/628 660/660/660 629/629/629
f 660/660/660 661/661/661 629/629/629
f 629/629/629 661/661/661 630/630/630
f 661/661/661 662/662/662 630/630/630
f 630/630/630 662/662/662 632/632/632
f 662/662/662 663/663/663 632/632/632
f 632/632/632 663/663/663 634/634/634
f 663/663/663 664/664/664 634/634/634
f 634/634/634 664/664/664 636/636/636
f 664/664/664 665/665/665 636/636/636
f 636/636/636 665/665/665 637/637/637
f 665/665/665 666/666/666 637/637/637
f 637/637/637 666/666/666 638/638/638
f 666/666/666 667/667/667 638/638/638
f 638/638/638 667/667/667 639/639/639
f 667/667/667 668/668/668 639/639/639
f 639/639/639 668/668/668 641/641/641
f 668/668/668 669/669/669 641/641/641
f 641/641/641 669/669/669 643/643/643
f 669/669/669 670/670/670 643/643/643
f 643/643/643 670/670/670 645/645/645
f 670/670/670 671/671/671 645/645/645
f 645/645/645 671/671/671 647/647/647
f 671/671/671 672/672/672 647/647/647
f 647/647/647 672/672/672 649/649/649
f 672/672/672 673/673/673 649/649/649
f 649/649/649 673/673/673 651/651/651
f 673/673/673 674/674/674 651/651/651
f 651/651/651 674/674/674 653/653/653
f 674/674/674 675/675/675 653/653/653
f 653/653/653 675/675/675 655/655/655
f 675/675/675 676/676/676 655/655/655
f 655/655/655 676/676/676 657/657/657
f 676/676/676 677/677/677 657/657/657
f 657/657/657 677/677/677 659/659/659
f 677/677/677 678/678/678 659/659/659
f 662/662/662 679/679/679 663/663/663
f 679/679/679 680/680/680 663/663/663
f 663/663/663 680/680/680 664/664/664
f 680/680/680 681/681/681 664/664/664
f 664/664/664 681/681/681 682/682/682
f 681/681/681 683/683/683 682/682/682
f 682/682/682 683/683/683 684/684/684
f 683/683/683 685/685/685 684/684/684
f 684/684/684 685/685/685 686/686/686
f 685/685/685 687/687/687 686/686/686
f 686/686/686 687/687/687 668/668/668
f 687/687/687 688/688/688 668/668/668
f 668/668/668 688/688/688 669/669/669
f 688/688/688 689/689/689 669/669/669
f 669/669/669 689/689/689 670/670/670
f 689/689/689 690/690/690 670/670/670
f 670/670/670 690/690/690 671/671/671
f 690/690/690 673/673/673 671/671/671
f 671/671/671 673/673/673 672/672/672
f 679/679/679 691/691/691 680/680/680
f 691/691/691 692/692/692 680/680/680
f 680/680/680 692/692/692 681/681/681
f 692/692/692 693/693/693 681/681/681
f 681/681/681 693/693/693 683/683/683
f 693/693/693 694/694/694 683/683/683
f 683/683/683 694/694/694 685/685/685
f 694/694/694 695/695/695 685/685/685
f 685/685/685 695/695/695 687/687/687
f 695/695/695 696/696/696 687/687/687
f 687/687/687 696/696/696 688/688/688
f 696/696/696 697/697/697 688/688/688
f 688/688/688 697/697/697 689/689/689
f 697/697/697 698/698/698 689/689/689
f 689/689/689 698/698/698 690/690/690
f 698/698/698 674/674/674 690/690/690
f 690/690/690 674/674/674 673/673/673
f 693/693/693 699/699/699 694/694/694
f 699/699/699 700/700/700 694/694/694
f 694/694/694 700/700/700 695/695/695
f 700/700/700 701/701/701 695/695/695
f 695/695/695 701/701/701 702/702/702
f 701/701/701 703/703/703 702/702/702
f 702/702/702 703/703/703 704/704/704
f 703/703/703 705/705/705 704/704/704
f 704/704/704 705/705/705 706/706/706
f 705/705/705 707/707/707 706/706/706
f 706/706/706 707/707/707 674/674/674
f 707/707/707 708/708/708 674/674/674
f 674/674/674 708/708/708 709/709/709
f 708/708/708 710/710/710 709/709/709
f 709/709/709 710/710/710 711/711/711
f 710/710/710 712/712/712 711/711/711
f 711/711/711 712/712/712 713/713/713
f 712/712/712 714/714/714 713/713/713
f 713/713/713 714/714/714 715/715/715
f 714/714/714 716/716/716 715/715/715
f 715/715/715 716/716/716 717/717/717
f 716/716/716 718/718/718 717/717/717
f 717/717/717 718/718/718 719/719/719
f 718/718/718 720/720/720 719/719/719
f 699/699/699 721/721/721 700/700/700
f 721/721/721 722/722/722 700/700/700
f 700/700/700 722/722/722 701/701/701
f 722/722/722 723/723/723 701/701/701
f 701/701/701 723/723/723 703/703/703
f 723/723/723 724/724/724 703/703/703
f 703/703/703 724/724/724 705/705/705
f 724/724/724 725/725/725 705/705/705
f 705/705/705 725/725/725 707/707/707
f 725/725/725 726/726/726 707/707/707
f 707/707/707 726/726/726 708/708/708
f 726/726/726 727/727/727 708/708/708
f 708/708/708 727/727/727 710/710/710
f 727/727/727 728/728/728 710/710/710
f 710/710/710 728/728/728 712/712/712
f 728/728/728 729/729/729 712/712/712
f 712/712/712 729/729/729 714/714/714
f 729/729/729 730/730/730 714/714/714
f 714/714/714 730/730/730 716/716/716
f 730/730/730 731/731/731 716/716/716
f 716/716/716 731/731/731 718/718/718
f 731/731/731 732/732/732 718/718/718
f 718/718/718 732/732/732 720/720/720
f 732/732/732 733/733/733 720/720/720
f 723/723/723 734/734/734 724/724/724
f 734/734/734 735/735/735 724/724/724
f 724/724/724 735/735/735 725/725/725
f 735/735/735 736/736/736 725/725/725
f 725/725/725 736/736/736 737/737/737
f 736/736/736 738/738/738 737/737/737
f 737/737/737 738/738/738 739/739/739
f 738/738/738 740/740/740 739/739/739
f 739/739/739 740/740/740 741/741/741
f 740/740/740 742/742/742 741/741/741
f 741/741/741 742/742/742 729/729/729
f 742/742/742 743/743/743 729/729/729
f 729/729/729 743/743/743 730/730/730
f 743/743/743 744/744/744 730/730/730
f 730/730/730 744/744/744 731/731/731
f 734/734/734 745/745/745 735/735/735
f 745/745/745 746/746/746 735/735/735
f 735/735/735 746/746/746 736/736/736
f 746/746/746 747/747/747 736/736/736
f 736/736/736 747/747/747 738/738/738
f 747/747/747 748/748/748 738/738/738
f 738/738/738 748/748/748 740/740/740
f 748/748/748 749/749/749 740/740/740
f 740/740/740 749/749/749 742/742/742
f 749/749/749 750/750/750 742/742/742
f 742/742/742 750/750/750 743/743/743
f 750/750/750 751/751/751 743/743/743
f 743/743/743 751/751/751 744/744/744
f 745/745/745 752/752/752 746/746/746
f 752/752/752 753/753/753 746/746/746
f 746/746/746 753/753/753 747/747/747
f 753/753/753 754/754/754 747/747/747
f 747/747/747 754/754/754 748/748/748
f 754/754/754 755/755/755 748/748/748
f 748/748/748 755/755/755 749/749/749
f 752/752/752 756/756/756 753/753/753
f 756/756/756 757/757/757 753/753/753
f 753/753/753 757/757/757 754/754/754
f 757/757/757 758/758/758 754/754/754
f 754/754/754 758/758/758 755/755/755
f 756/756/756 752/752/752 759/759/759
f 752/752/752 734/734/734 759/759/759
f 759/759/759 734/734/734 723/723/723
f 723/723/723 760/760/760 759/759/759
f 760/760/760 761/761/761 759/759/759
f 759/759/759 761/761/761 756/756/756
f 760/760/760 723/723/723 762/762/762
f 723/723/723 722/722/722 762/762/762
f 762/762/762 722/722/722 763/763/763
f 722/722/722 721/721/721 763/763/763
f 763/763/763 721/721/721 699/699/699
f 699/699/699 764/764/764 763/763/763
f 764/764/764 765/765/765 763/763/763
f 763/763/763 765/765/765 762/762/762
f 765/765/765 766/766/766 762/762/762
f 762/762/762 766/766/766 760/760/760
f 766/766/766 767/767/767 760/760/760
f 760/760/760 767/767/767 761/761/761
f 699/699/699 693/693/693 764/764/764
f 693/693/693 768/768/768 764/764/764
f 764/764/764 768/768/768 769/769/769
f 768/768/768 770/770/770 769/769/769
f 768/768/768 693/693/693 771/771/771
f 693/693/693 692/692/692 771/771/771
f 771/771/771 692/692/692 772/772/772
f 692/692/692 691/691/691 772/772/772
f 772/772/772 691/691/691 679/679/679
f 679/679/679 773/773/773 772/772/772
f 773/773/773 774/774/774 772/772/772
f 772/772/772 774/774/774 771/771/771
f 774/774/774 775/775/775 771/771/771
f 771/771/771 775/775/775 768/768/768
f 775/775/775 770/770/770 768/768/768
f 679/679/679 662/662/662 773/773/773
f 662/662/662 776/776/776 773/773/773
f 773/773/773 776/776/776 777/777/777
f 776/776/776 778/778/778 777/777/777
f 776/776/776 662/662/662 779/779/779
f 662/662/662 661/661/661 779/779/779
f 779/779/779 661/661/661 780/780/780
f 661/661/661 660/660/660 780/780/780
f 780/780/780 660/660/660 628/628/628
f 628/628/628 781/781/781 780/780/780
f 781/781/781 782/782/782 780/780/780
f 780/780/780 782/782/782 779/779/779
f 782/782/782 783/783/783 779/779/779
f 779/779/779 783/783/783 776/776/776
f 783/783/783 778/778/778 776/776/776
f 628/628/628 617/617/617 781/781/781
f 617/617/617 784/784/784 781/781/781
f 781/781/781 784/784/784 785/785/785
f 784/784/784 786/786/786 785/785/785
f 784/784/784 617/617/617 787/787/787
f 617/617/617 616/616/616 787/787/787
f 787/787/787 616/616/616 788/788/788
f 616/616/616 615/615/615 788/788/788
f 788/788/788 615/615/615 595/595/595
f 595/595/595 789/789/789 788/788/788
f 789/789/789 790/790/790 788/788/788
f 788/788/788 790/790/790 787/787/787
f 790/790/790 791/791/791 787/787/787
f 787/787/787 791/791/791 784/784/784
f 791/791/791 786/786/786 784/784/784
f 595/595/595 584/584/584 789/789/789
f 584/584/584 792/792/792 789/789/789
f 789/789/789 792/792/792 793/793/793
f 792/792/792 794/794/794 793/793/793
f 792/792/792 584/584/584 795/795/795
f 584/584/584 583/583/583 795/795/795
f 795/795/795 583/583/583 796/796/796
f 583/583/583 582/582/582 796/796/796
f 796/796/796 582/582/582 562/562/562
f 562/562/562 797/797/797 796/796/796
f 797/797/797 798/798/798 796/796/796
f 796/796/796 798/798/798 795/795/795
f 798/798/798 799/799/799 795/795/795
f 795/795/795 799/799/799 792/792/792
f 799/799/799 794/794/794 792/792/792
f 562/562/562 551/551/551 797/797/797
f 551/551/551 800/800/800 797/797/797
f 797/797/797 800/800/800 801/801/801
f 800/800/800 802/802/802 801/801/801
f 800/800/800 551/551/551 803/803/803
f 551/551/551 550/550/550 803/803/803
f 803/803/803 550/550/550 804/804/804
f 550/550/550 549/549/549 804/804/804
f 804/804/804 549/549/549 529/529/529
f 529/529/529 805/805/805 804/804/804
f 805/805/805 806/806/806 804/804/804
f 804/804/804 806/806/806 803/803/803
f 806/806/806 807/807/807 803/803/803
f 803/803/803 807/807/807 800/800/800
f 807/807/807 802/802/802 800/800/800
f 529/529/529 518/518/518 805/805/805
f 518/518/518 808/808/808 805/805/805
f 805/805/805 808/808/808 809/809/809
f 808/808/808 810/810/810 809/809/809
f 808/808/808 518/518/518 811/811/811
f 518/518/518 517/517/517 811/811/811
f 811/811/811 517/517/517 812/812/812
f 517/517/517 516/516/516 812/812/812
f 812/812/812 516/516/516 494/494/494
f 494/494/494 813/813/813 812/812/812
f 813/813/813 814/814/814 812/812/812
f 812/812/812 814/814/814 811/811/811
f 814/814/814 815/815/815 811/811/811
f 811/811/811 815/815/815 808/808/808
f 815/815/815 810/810/810 808/808/808
f 494/494/494 483/483/483 813/813/813
f 483/483/483 816/816/816 813/813/813
f 813/813/813 816/816/816 817/817/817
f 816/816/816 818/818/818 817/817/817
f 816/816/816 483/483/483 819/819/819
f 483/483/483 482/482/482 819/819/819
f 819/819/819 482/482/482 820/820/820
f 482/482/482 481/481/481 820/820/820
f 820/820/820 481/481/481 461/461/461
f 461/461/461 821/821/821 820/820/820
f 821/821/821 822/822/822 820/820/820
f 820/820/820 822/822/822 819/819/819
f 822/822/822 823/823/823 819/819/819
f 819/819/819 823/823/823 816/816/816
f 823/823/823 818/818/818 816/816/816
f 461/461/461 450/450/450 821/821/821
f 450/450/450 824/824/824 821/821/821
f 821/821/821 824/824/824 825/825/825
f 824/824/824 826/826/826 825/825/825
f 824/824/824 450/450/450 827/827/827
f 450/450/450 449/449/449 827/827/827
f 827/827/827 449/449/449 828/828/828
f 449/449/449 448/448/448 828/828/828
f 828/828/828 448/448/448 428/428/428
f 428/428/428 829/829/829 828/828/828
f 829/829/829 830/830/830 828/828/828
f 828/828/828 830/830/830 827/827/827
f 830/830/830 831/831/831 827/827/827
f 827/827/827 831/831/831 824/824/824
f 831/831/831 826/826/826 824/824/824
f 428/428/428 417/417/417 829/829/829
f 417/417/417 832/832/832 829/829/829
f 829/829/829 832/832/832 833/833/833
f 832/832/832 834/834/834 833/833/833
f 832/832/832 417/417/417 835/835/835
f 417/417/417 416/416/416 835/835/835
f 835/835/835 416/416/416 836/836/836
f 416/416/416 415/415/415 836/836/836
f 836/836/836 415/415/415 395/395/395
f 395/395/395 837/837/837 836/836/836
f 837/837/837 838/838/838 836/836/836
f 836/836/836 838/838/838 835/835/835
f 838/838/838 839/839/839 835/835/835
f 835/835/835 839/839/839 832/832/832
f 839/839/839 834/834/834 832/832/832
f 395/395/395 384/384/384 837/837/837
f 384/384/384 840/840/840 837/837/837
f 837/837/837 840/840/840 841/841/841
f 840/840/840 842/842/842 841/841/841
f 840/840/840 384/384/384 843/843/843
f 384/384/384 383/383/383 843/843/843
f 843/843/843 383/383/383 381/381/381
f 383/383/383 382/382/382 381/381/381
f 381/381/381 380/380/380 843/843/843
f 380/380/380 844/844/844 843/843/843
f 843/843/843 844/844/844 840/840/840
f 844/844/844 842/842/842 840/840/840
f 594/594/594 593/593/593 845/845/845
f 593/593/593 846/846/846 845/845/845
f 845/845/845 846/846/846 613/613/613
f 846/846/846 611/611/611 613/613/613
f 593/593/593 592/592/592 846/846/846
f 592/592/592 607/607/607 846/846/846
f 846/846/846 607/607/607 611/611/611
f 607/607/607 609/609/609 611/611/611
f 666/666/666 665/665/665 667/667/667
f 665/665/665 847/847/847 667/667/667
f 667/667/667 847/847/847 668/668/668
f 847/847/847 686/686/686 668/668/668
f 665/665/665 664/664/664 847/847/847
f 664/664/664 682/682/682 847/847/847
f 847/847/847 682/682/682 686/686/686
f 682/682/682 684/684/684 686/686/686
f 715/715/715 717/717/717 713/713/713
f 717/717/717 848/848/848 713/713/713
f 713/713/713 848/848/848 711/711/711
f 848/848/848 849/849/849 711/711/711
f 711/711/711 849/849/849 850/850/850
f 849/849/849 851/851/851 850/850/850
f 850/850/850 851/851/851 852/852/852
f 717/717/717 719/719/719 848/848/848
f 719/719/719 853/853/853 848/848/848
f 848/848/848 853/853/853 849/849/849
f 853/853/853 854/854/854 849/849/849
f 849/849/849 854/854/854 851/851/851
f 627/627/627 626/626/626 855/855/855
f 626/626/626 856/856/856 855/855/855
f 855/855/855 856/856/856 646/646/646
f 856/856/856 644/644/644 646/646/646
f 626/626/626 625/625/625 856/856/856
f 625/625/625 640/640/640 856/856/856
f 856/856/856 640/640/640 644/644/644
f 640/640/640 642/642/642 644/644/644
f 678/678/678 677/677/677 857/857/857
f 677/677/677 858/858/858 857/857/857
f 857/857/857 858/858/858 859/859/859
f 858/858/858 860/860/860 859/859/859
f 860/860/860 858/858/858 861/861/861
f 858/858/858 676/676/676 861/861/861
f 861/861/861 676/676/676 862/862/862
f 676/676/676 863/863/863 862/862/862
f 862/862/862 863/863/863 864/864/864
f 863/863/863 865/865/865 864/864/864
f 864/864/864 865/865/865 866/866/866
f 865/865/865 867/867/867 866/866/866
f 866/866/866 867/867/867 709/709/709
f 867/867/867 674/674/674 709/709/709
f 709/709/709 711/711/711 866/866/866
f 711/711/711 850/850/850 866/866/866
f 866/866/866 850/850/850 864/864/864
f 850/850/850 852/852/852 864/864/864
f 864/864/864 852/852/852 862/862/862
f 852/852/852 868/868/868 862/862/862
f 862/862/862 868/868/868 861/861/861
f 868/868/868 869/869/869 861/861/861
f 861/861/861 869/869/869 860/860/860
f 340/340/340 870/870/870 338/338/338
f 870/870/870 871/871/871 338/338/338
f 338/338/338 871/871/871 331/331/331
f 871/871/871 332/332/332 331/331/331
f 870/870/870 872/872/872 871/871/871
f 872/872/872 873/873/873 871/871/871
f 871/871/871 873/873/873 332/332/332
f 873/873/873 333/333/333 332/332/332
f 621/621/621 620/620/620 622/622/622
f 620/620/620 874/874/874 622/622/622
f 622/622/622 874/874/874 623/623/623
f 874/874/874 635/635/635 623/623/623
f 620/620/620 619/619/619 874/874/874
f 619/619/619 631/631/631 874/874/874
f 874/874/874 631/631/631 635/635/635
f 631/631/631 633/633/633 635/635/635
f 400/400/400 402/402/402 398/398/398
f 402/402/402 875/875/875 398/398/398
f 398/398/398 875/875/875 386/386/386
f 875/875/875 387/387/387 386/386/386
f 402/402/402 390/390/390 875/875/875
f 390/390/390 389/389/389 875/875/875
f 875/875/875 389/389/389 387/387/387
f 389/389/389 388/388/388 387/387/387
f 296/296/296 295/295/295 297/297/297
f 295/295/295 876/876/876 297/297/297
f 297/297/297 876/876/876 298/298/298
f 876/876/876 877/877/877 298/298/298
f 295/295/295 294/294/294 876/876/876
f 294/294/294 878/878/878 876/876/876
f 876/876/876 878/878/878 877/877/877
f 878/878/878 879/879/879 877/877/877
f 879/879/879 878/878/878 880/880/880
f 878/878/878 881/881/881 880/880/880
f 880/880/880 881/881/881 350/350/350
f 881/881/881 882/882/882 350/350/350
f 350/350/350 882/882/882 348/348/348
f 882/882/882 883/883/883 348/348/348
f 348/348/348 883/883/883 303/303/303
f 883/883/883 301/301/301 303/303/303
f 878/878/878 294/294/294 881/881/881
f 294/294/294 884/884/884 881/881/881
f 881/881/881 884/884/884 882/882/882
f 884/884/884 885/885/885 882/882/882
f 882/882/882 885/885/885 883/883/883
f 885/885/885 886/886/886 883/883/883
f 883/883/883 886/886/886 301/301/301
f 886/886/886 292/292/292 301/301/301
f 292/292/292 886/886/886 293/293/293
f 886/886/886 884/884/884 293/293/293
f 293/293/293 884/884/884 294/294/294
f 238/238/238 240/240/240 236/236/236
f 240/240/240 887/887/887 236/236/236
f 236/236/236 887/887/887 234/234/234
f 887/887/887 888/888/888 234/234/234
f 234/234/234 888/888/888 889/889/889
f 888/888/888 890/890/890 889/889/889
f 889/889/889 890/890/890 891/891/891
f 890/890/890 892/892/892 891/891/891
f 891/891/891 892/892/892 893/893/893
f 892/892/892 894/894/894 893/893/893
f 893/893/893 894/894/894 895/895/895
f 240/240/240 242/242/242 887/887/887
f 242/242/242 896/896/896 887/887/887
f 887/887/887 896/896/896 888/888/888
f 896/896/896 897/897/897 888/888/888
f 888/888/888 897/897/897 890/890/890
f 897/897/897 898/898/898 890/890/890
f 890/890/890 898/898/898 892/892/892
f 898/898/898 899/899/899 892/892/892
f 892/892/892 899/899/899 894/894/894
f 897/897/897 896/896/896 898/898/898
f 896/896/896 900/900/900 898/898/898
f 898/898/898 900/900/900 899/899/899
f 900/900/900 901/901/901 899/899/899
f 896/896/896 242/242/242 900/900/900
f 242/242/242 902/902/902 900/900/900
f 900/900/900 902/902/902 901/901/901
f 902/902/902 903/903/903 901/901/901
f 242/242/242 244/244/244 902/902/902
f 244/244/244 904/904/904 902/902/902
f 902/902/902 904/904/904 903/903/903
f 895/895/895 905/905/905 893/893/893
f 905/905/905 906/906/906 893/893/893
f 893/893/893 906/906/906 891/891/891
f 906/906/906 907/907/907 891/891/891
f 891/891/891 907/907/907 908/908/908
f 907/907/907 909/909/909 908/908/908
f 908/908/908 909/909/909 910/910/910
f 909/909/909 911/911/911 910/910/910
f 910/910/910 911/911/911 912/912/912
f 911/911/911 913/913/913 912/912/912
f 912/912/912 913/913/913 914/914/914
f 913/913/913 915/915/915 914/914/914
f 905/905/905 916/916/916 906/906/906
f 916/916/916 917/917/917 906/906/906
f 906/906/906 917/917/917 907/907/907
f 917/917/917 918/918/918 907/907/907
f 907/907/907 918/918/918 909/909/909
f 918/918/918 919/919/919 909/909/909
f 909/909/909 919/919/919 911/911/911
f 919/919/919 920/920/920 911/911/911
f 911/911/911 920/920/920 913/913/913
f 920/920/920 921/921/921 913/913/913
f 913/913/913 921/921/921 915/915/915
f 921/921/921 922/922/922 915/915/915
f 918/918/918 917/917/917 919/919/919
f 917/917/917 923/923/923 919/919/919
f 919/919/919 923/923/923 920/920/920
f 923/923/923 924/924/924 920/920/920
f 920/920/920 924/924/924 925/925/925
f 924/924/924 926/926/926 925/925/925
f 925/925/925 926/926/926 927/927/927
f 917/917/917 916/916/916 923/923/923
f 916/916/916 928/928/928 923/923/923
f 923/923/923 928/928/928 924/924/924
f 928/928/928 929/929/929 924/924/924
f 924/924/924 929/929/929 926/926/926
f 697/697/697 696/696/696 698/698/698
f 696/696/696 930/930/930 698/698/698
f 698/698/698 930/930/930 674/674/674
f 930/930/930 706/706/706 674/674/674
f 696/696/696 695/695/695 930/930/930
f 695/695/695 702/702/702 930/930/930
f 930/930/930 702/702/702 706/706/706
f 702/702/702 704/704/704 706/706/706
f 910/910/910 931/931/931 908/908/908
f 931/931/931 932/932/932 908/908/908
f 908/908/908 932/932/932 891/891/891
f 932/932/932 889/889/889 891/891/891
f 931/931/931 933/933/933 932/932/932
f 933/933/933 934/934/934 932/932/932
f 932/932/932 934/934/934 889/889/889
f 934/934/934 234/234/234 889/889/889
f 409/409/409 411/411/411 407/407/407
f 411/411/411 935/935/935 407/407/407
f 407/407/407 935/935/935 392/392/392
f 935/935/935 393/393/393 392/392/392
f 411/411/411 413/413/413 935/935/935
f 413/413/413 936/936/936 935/935/935
f 935/935/935 936/936/936 393/393/393
f 936/936/936 394/394/394 393/393/393
f 674/674/674 867/867/867 675/675/675
f 867/867/867 863/863/863 675/675/675
f 675/675/675 863/863/863 676/676/676
f 433/433/433 435/435/435 431/431/431
f 435/435/435 937/937/937 431/431/431
f 431/431/431 937/937/937 419/419/419
f 937/937/937 420/420/420 419/419/419
f 435/435/435 423/423/423 937/937/937
f 423/423/423 422/422/422 937/937/937
f 937/937/937 422/422/422 420/420/420
f 422/422/422 421/421/421 420/420/420
f 234/234/234 938/938/938 232/232/232
f 938/938/938 939/939/939 232/232/232
f 232/232/232 939/939/939 230/230/230
f 939/939/939 940/940/940 230/230/230
f 230/230/230 940/940/940 941/941/941
f 940/940/940 942/942/942 941/941/941
f 941/941/941 942/942/942 943/943/943
f 942/942/942 944/944/944 943/943/943
f 943/943/943 944/944/944 945/945/945
f 944/944/944 946/946/946 945/945/945
f 945/945/945 946/946/946 222/222/222
f 946/946/946 947/947/947 222/222/222
f 222/222/222 947/947/947 220/220/220
f 947/947/947 948/948/948 220/220/220
f 220/220/220 948/948/948 197/197/197
f 948/948/948 195/195/195 197/197/197
f 938/938/938 949/949/949 939/939/939
f 949/949/949 950/950/950 939/939/939
f 939/939/939 950/950/950 940/940/940
f 950/950/950 951/951/951 940/940/940
f 940/940/940 951/951/951 942/942/942
f 951/951/951 952/952/952 942/942/942
f 942/942/942 952/952/952 944/944/944
f 952/952/952 190/190/190 944/944/944
f 944/944/944 190/190/190 946/946/946
f 190/190/190 953/953/953 946/946/946
f 946/946/946 953/953/953 947/947/947
f 953/953/953 954/954/954 947/947/947
f 947/947/947 954/954/954 948/948/948
f 954/954/954 955/955/955 948/948/948
f 948/948/948 955/955/955 195/195/195
f 955/955/955 188/188/188 195/195/195
f 188/188/188 955/955/955 189/189/189
f 955/955/955 953/953/953 189/189/189
f 189/189/189 953/953/953 190/190/190
f 951/951/951 956/956/956 952/952/952
f 956/956/956 191/191/191 952/952/952
f 952/952/952 191/191/191 190/190/190
f 442/442/442 444/444/444 440/440/440
f 444/444/444 957/957/957 440/440/440
f 440/440/440 957/957/957 425/425/425
f 957/957/957 426/426/426 425/425/425
f 444/444/444 446/446/446 957/957/957
f 446/446/446 958/958/958 957/957/957
f 957/957/957 958/958/958 426/426/426
f 958/958/958 427/427/427 426/426/426
f 460/460/460 459/459/459 959/959/959
f 459/459/459 960/960/960 959/959/959
f 959/959/959 960/960/960 479/479/479
f 960/960/960 477/477/477 479/479/479
f 459/459/459 458/458/458 960/960/960
f 458/458/458 473/473/473 960/960/960
f 960/960/960 473/473/473 477/477/477
f 473/473/473 475/475/475 477/477/477
f 362/362/362 364/364/364 360/360/360
f 364/364/364 961/961/961 360/360/360
f 360/360/360 961/961/961 358/358/358
f 961/961/961 962/962/962 358/358/358
f 358/358/358 962/962/962 963/963/963
f 962/962/962 964/964/964 963/963/963
f 963/963/963 964/964/964 965/965/965
f 964/964/964 966/966/966 965/965/965
f 965/965/965 966/966/966 967/967/967
f 966/966/966 968/968/968 967/967/967
f 967/967/967 968/968/968 969/969/969
f 968/968/968 970/970/970 969/969/969
f 969/969/969 970/970/970 971/971/971
f 970/970/970 268/268/268 971/971/971
f 971/971/971 268/268/268 267/267/267
f 364/364/364 366/366/366 961/961/961
f 366/366/366 972/972/972 961/961/961
f 961/961/961 972/972/972 962/962/962
f 972/972/972 973/973/973 962/962/962
f 962/962/962 973/973/973 964/964/964
f 973/973/973 974/974/974 964/964/964
f 964/964/964 974/974/974 966/966/966
f 974/974/974 975/975/975 966/966/966
f 966/966/966 975/975/975 968/968/968
f 975/975/975 976/976/976 968/968/968
f 968/968/968 976/976/976 970/970/970
f 976/976/976 269/269/269 970/970/970
f 970/970/970 269/269/269 268/268/268
f 973/973/973 972/972/972 974/974/974
f 972/972/972 977/977/977 974/974/974
f 974/974/974 977/977/977 975/975/975
f 977/977/977 978/978/978 975/975/975
f 975/975/975 978/978/978 979/979/979
f 978/978/978 980/980/980 979/979/979
f 979/979/979 980/980/980 981/981/981
f 980/980/980 982/982/982 981/981/981
f 981/981/981 982/982/982 983/983/983
f 982/982/982 984/984/984 983/983/983
f 983/983/983 984/984/984 985/985/985
f 984/984/984 986/986/986 985/985/985
f 972/972/972 366/366/366 977/977/977
f 366/366/366 987/987/987 977/977/977
f 977/977/977 987/987/987 978/978/978
f 987/987/987 988/988/988 978/978/978
f 978/978/978 988/988/988 980/980/980
f 988/988/988 989/989/989 980/980/980
f 980/980/980 989/989/989 982/982/982
f 989/989/989 370/370/370 982/982/982
f 982/982/982 370/370/370 984/984/984
f 370/370/370 990/990/990 984/984/984
f 984/984/984 990/990/990 986/986/986
f 990/990/990 378/378/378 986/986/986
f 370/370/370 989/989/989 368/368/368
f 989/989/989 987/987/987 368/368/368
f 368/368/368 987/987/987 366/366/366
f 466/466/466 468/468/468 464/464/464
f 468/468/468 991/991/991 464/464/464
f 464/464/464 991/991/991 452/452/452
f 991/991/991 453/453/453 452/452/452
f 468/468/468 456/456/456 991/991/991
f 456/456/456 455/455/455 991/991/991
f 991/991/991 455/455/455 453/453/453
f 455/455/455 454/454/454 453/453/453
f 981/981/981 992/992/992 979/979/979
f 992/992/992 993/993/993 979/979/979
f 979/979/979 993/993/993 975/975/975
f 993/993/993 976/976/976 975/975/975
f 992/992/992 994/994/994 993/993/993
f 994/994/994 995/995/995 993/993/993
f 993/993/993 995/995/995 976/976/976
f 995/995/995 269/269/269 976/976/976
f 378/378/378 990/990/990 376/376/376
f 990/990/990 372/372/372 376/376/376
f 376/376/376 372/372/372 374/374/374
f 969/969/969 971/971/971 967/967/967
f 971/971/971 996/996/996 967/967/967
f 967/967/967 996/996/996 965/965/965
f 996/996/996 997/997/997 965/965/965
f 965/965/965 997/997/997 998/998/998
f 997/997/997 999/999/999 998/998/998
f 998/998/998 999/999/999 280/280/280
f 999/999/999 1000/1000/1000 280/280/280
f 280/280/280 1000/1000/1000 278/278/278
f 1000/1000/1000 274/274/274 278/278/278
f 278/278/278 274/274/274 276/276/276
f 971/971/971 267/267/267 996/996/996
f 267/267/267 1001/1001/1001 996/996/996
f 996/996/996 1001/1001/1001 997/997/997
f 1001/1001/1001 1002/1002/1002 997/997/997
f 997/997/997 1002/1002/1002 999/999/999
f 1002/1002/1002 1003/1003/1003 999/999/999
f 999/999/999 1003/1003/1003 1000/1000/1000
f 1003/1003/1003 263/263/263 1000/1000/1000
f 1000/1000/1000 263/263/263 274/274/274
f 1002/1002/1002 1001/1001/1001 1003/1003/1003
f 1001/1001/1001 1004/1004/1004 1003/1003/1003
f 1003/1003/1003 1004/1004/1004 263/263/263
f 1004/1004/1004 264/264/264 263/263/263
f 1001/1001/1001 267/267/267 1004/1004/1004
f 267/267/267 266/266/266 1004/1004/1004
f 1004/1004/1004 266/266/266 264/264/264
f 266/266/266 265/265/265 264/264/264
f 499/499/499 501/501/501 497/497/497
f 501/501/501 1005/1005/1005 497/497/497
f 497/497/497 1005/1005/1005 485/485/485
f 1005/1005/1005 486/486/486 485/485/485
f 501/501/501 489/489/489 1005/1005/1005
f 489/489/489 488/488/488 1005/1005/1005
f 1005/1005/1005 488/488/488 486/486/486
f 488/488/488 487/487/487 486/486/486
f 42/42/42 41/41/41 43/43/43
f 41/41/41 1006/1006/1006 43/43/43
f 43/43/43 1006/1006/1006 44/44/44
f 1006/1006/1006 56/56/56 44/44/44
f 41/41/41 40/40/40 1006/1006/1006
f 40/40/40 52/52/52 1006/1006/1006
f 1006/1006/1006 52/52/52 56/56/56
f 52/52/52 54/54/54 56/56/56
f 226/226/226 228/228/228 224/224/224
f 228/228/228 1007/1007/1007 224/224/224
f 224/224/224 1007/1007/1007 222/222/222
f 1007/1007/1007 945/945/945 222/222/222
f 228/228/228 230/230/230 1007/1007/1007
f 230/230/230 941/941/941 1007/1007/1007
f 1007/1007/1007 941/941/941 945/945/945
f 941/941/941 943/943/943 945/945/945
f 311/311/311 310/310/310 312/312/312
f 310/310/310 256/256/256 312/312/312
f 312/312/312 256/256/256 255/255/255
f 654/654/654 656/656/656 652/652/652
f 656/656/656 1008/1008/1008 652/652/652
f 652/652/652 1008/1008/1008 650/650/650
f 1008/1008/1008 1009/1009/1009 650/650/650
f 650/650/650 1009/1009/1009 1010/1010/1010
f 1009/1009/1009 1011/1011/1011 1010/1010/1010
f 1010/1010/1010 1011/1011/1011 1012/1012/1012
f 656/656/656 658/658/658 1008/1008/1008
f 658/658/658 1013/1013/1013 1008/1008/1008
f 1008/1008/1008 1013/1013/1013 1009/1009/1009
f 1013/1013/1013 1014/1014/1014 1009/1009/1009
f 1009/1009/1009 1014/1014/1014 1011/1011/1011
f 510/510/510 512/512/512 508/508/508
f 512/512/512 1015/1015/1015 508/508/508
f 508/508/508 1015/1015/1015 506/506/506
f 1015/1015/1015 1016/1016/1016 506/506/506
f 506/506/506 1016/1016/1016 504/504/504
f 1016/1016/1016 1017/1017/1017 504/504/504
f 504/504/504 1017/1017/1017 489/489/489
f 1017/1017/1017 490/490/490 489/489/489
f 512/512/512 514/514/514 1015/1015/1015
f 514/514/514 1018/1018/1018 1015/1015/1015
f 1015/1015/1015 1018/1018/1018 1016/1016/1016
f 1018/1018/1018 1019/1019/1019 1016/1016/1016
f 1016/1016/1016 1019/1019/1019 1017/1017/1017
f 1019/1019/1019 1020/1020/1020 1017/1017/1017
f 1017/1017/1017 1020/1020/1020 490/490/490
f 1020/1020/1020 491/491/491 490/490/490
f 1019/1019/1019 1018/1018/1018 1020/1020/1020
f 1018/1018/1018 1021/1021/1021 1020/1020/1020
f 1020/1020/1020 1021/1021/1021 491/491/491
f 1021/1021/1021 1022/1022/1022 491/491/491
f 491/491/491 1022/1022/1022 1023/1023/1023
f 1022/1022/1022 1024/1024/1024 1023/1023/1023
f 1023/1023/1023 1024/1024/1024 1025/1025/1025
f 1024/1024/1024 1026/1026/1026 1025/1025/1025
f 1025/1025/1025 1026/1026/1026 1027/1027/1027
f 1026/1026/1026 1028/1028/1028 1027/1027/1027
f 1027/1027/1027 1028/1028/1028 1029/1029/1029
f 1028/1028/1028 1030/1030/1030 1029/1029/1029
f 1018/1018/1018 514/514/514 1021/1021/1021
f 514/514/514 1031/1031/1031 1021/1021/1021
f 1021/1021/1021 1031/1031/1031 1022/1022/1022
f 1031/1031/1031 1032/1032/1032 1022/1022/1022
f 1022/1022/1022 1032/1032/1032 1024/1024/1024
f 1032/1032/1032 1033/1033/1033 1024/1024/1024
f 1024/1024/1024 1033/1033/1033 1026/1026/1026
f 1033/1033/1033 1034/1034/1034 1026/1026/1026
f 1026/1026/1026 1034/1034/1034 1028/1028/1028
f 1034/1034/1034 1035/1035/1035 1028/1028/1028
f 1028/1028/1028 1035/1035/1035 1030/1030/1030
f 1035/1035/1035 1036/1036/1036 1030/1030/1030
f 1032/1032/1032 1031/1031/1031 1033/1033/1033
f 1031/1031/1031 1037/1037/1037 1033/1033/1033
f 1033/1033/1033 1037/1037/1037 1034/1034/1034
f 1037/1037/1037 1038/1038/1038 1034/1034/1034
f 1034/1034/1034 1038/1038/1038 1039/1039/1039
f 1038/1038/1038 1040/1040/1040 1039/1039/1039
f 1039/1039/1039 1040/1040/1040 1041/1041/1041
f 1031/1031/1031 514/514/514 1037/1037/1037
f 514/514/514 1042/1042/1042 1037/1037/1037
f 1037/1037/1037 1042/1042/1042 1038/1038/1038
f 1042/1042/1042 1043/1043/1043 1038/1038/1038
f 1038/1038/1038 1043/1043/1043 1040/1040/1040
f 522/522/522 521/521/521 523/523/523
f 521/521/521 1044/1044/1044 523/523/523
f 523/523/523 1044/1044/1044 524/524/524
f 1044/1044/1044 536/536/536 524/524/524
f 521/521/521 520/520/520 1044/1044/1044
f 520/520/520 532/532/532 1044/1044/1044
f 1044/1044/1044 532/532/532 536/536/536
f 532/532/532 534/534/534 536/536/536
f 739/739/739 741/741/741 737/737/737
f 741/741/741 1045/1045/1045 737/737/737
f 737/737/737 1045/1045/1045 725/725/725
f 1045/1045/1045 726/726/726 725/725/725
f 741/741/741 729/729/729 1045/1045/1045
f 729/729/729 728/728/728 1045/1045/1045
f 1045/1045/1045 728/728/728 726/726/726
f 728/728/728 727/727/727 726/726/726
f 493/493/493 492/492/492 1046/1046/1046
f 492/492/492 1023/1023/1023 1046/1046/1046
f 1046/1046/1046 1023/1023/1023 1025/1025/1025
f 29/29/29 167/167/167 27/27/27
f 167/167/167 23/23/23 27/27/27
f 27/27/27 23/23/23 25/25/25
f 179/179/179 181/181/181 177/177/177
f 181/181/181 1047/1047/1047 177/177/177
f 177/177/177 1047/1047/1047 175/175/175
f 1047/1047/1047 1048/1048/1048 175/175/175
f 175/175/175 1048/1048/1048 1049/1049/1049
f 1048/1048/1048 1050/1050/1050 1049/1049/1049
f 1049/1049/1049 1050/1050/1050 1051/1051/1051
f 181/181/181 183/183/183 1047/1047/1047
f 183/183/183 1052/1052/1052 1047/1047/1047
f 1047/1047/1047 1052/1052/1052 1048/1048/1048
f 1052/1052/1052 1053/1053/1053 1048/1048/1048
f 1048/1048/1048 1053/1053/1053 1050/1050/1050
f 104/104/104 106/106/106 102/102/102
f 106/106/106 1054/1054/1054 102/102/102
f 102/102/102 1054/1054/1054 100/100/100
f 1054/1054/1054 1055/1055/1055 100/100/100
f 106/106/106 108/108/108 1054/1054/1054
f 108/108/108 1056/1056/1056 1054/1054/1054
f 1054/1054/1054 1056/1056/1056 1055/1055/1055
f 1056/1056/1056 1057/1057/1057 1055/1055/1055
f 1057/1057/1057 1056/1056/1056 1058/1058/1058
f 1056/1056/1056 1059/1059/1059 1058/1058/1058
f 1058/1058/1058 1059/1059/1059 1051/1051/1051
f 1059/1059/1059 1060/1060/1060 1051/1051/1051
f 1051/1051/1051 1060/1060/1060 1049/1049/1049
f 1060/1060/1060 1061/1061/1061 1049/1049/1049
f 1049/1049/1049 1061/1061/1061 175/175/175
f 1061/1061/1061 173/173/173 175/175/175
f 1056/1056/1056 108/108/108 1059/1059/1059
f 108/108/108 1062/1062/1062 1059/1059/1059
f 1059/1059/1059 1062/1062/1062 1060/1060/1060
f 1062/1062/1062 1063/1063/1063 1060/1060/1060
f 1060/1060/1060 1063/1063/1063 1061/1061/1061
f 1063/1063/1063 1064/1064/1064 1061/1061/1061
f 1061/1061/1061 1064/1064/1064 173/173/173
f 1064/1064/1064 112/112/112 173/173/173
f 112/112/112 1064/1064/1064 110/110/110
f 1064/1064/1064 1062/1062/1062 110/110/110
f 110/110/110 1062/1062/1062 108/108/108
f 555/555/555 554/554/554 556/556/556
f 554/554/554 1065/1065/1065 556/556/556
f 556/556/556 1065/1065/1065 557/557/557
f 1065/1065/1065 569/569/569 557/557/557
f 554/554/554 553/553/553 1065/1065/1065
f 553/553/553 565/565/565 1065/1065/1065
f 1065/1065/1065 565/565/565 569/569/569
f 565/565/565 567/567/567 569/569/569
f 5/5/5 7/7/7 1066/1066/1066
f 7/7/7 1067/1067/1067 1066/1066/1066
f 1066/1066/1066 1067/1067/1067 1068/1068/1068
f 1067/1067/1067 1069/1069/1069 1068/1068/1068
f 7/7/7 9/9/9 1067/1067/1067
f 9/9/9 82/82/82 1067/1067/1067
f 1067/1067/1067 82/82/82 1069/1069/1069
f 82/82/82 84/84/84 1069/1069/1069
f 600/600/600 602/602/602 598/598/598
f 602/602/602 1070/1070/1070 598/598/598
f 598/598/598 1070/1070/1070 586/586/586
f 1070/1070/1070 587/587/587 586/586/586
f 602/602/602 590/590/590 1070/1070/1070
f 590/590/590 589/589/589 1070/1070/1070
f 1070/1070/1070 589/589/589 587/587/587
f 589/589/589 588/588/588 587/587/587
f 528/528/528 527/527/527 1071/1071/1071
f 527/527/527 1072/1072/1072 1071/1071/1071
f 1071/1071/1071 1072/1072/1072 547/547/547
f 1072/1072/1072 545/545/545 547/547/547
f 527/527/527 526/526/526 1072/1072/1072
f 526/526/526 541/541/541 1072/1072/1072
f 1072/1072/1072 541/541/541 545/545/545
f 541/541/541 543/543/543 545/545/545
f 561/561/561 560/560/560 1073/1073/1073
f 560/560/560 1074/1074/1074 1073/1073/1073
f 1073/1073/1073 1074/1074/1074 580/580/580
f 1074/1074/1074 578/578/578 580/580/580
f 560/560/560 559/559/559 1074/1074/1074
f 559/559/559 574/574/574 1074/1074/1074
f 1074/1074/1074 574/574/574 578/578/578
f 574/574/574 576/576/576 578/578/578
f 94/94/94 93/93/93 1075/1075/1075
f 93/93/93 98/98/98 1075/1075/1075
f 1075/1075/1075 98/98/98 1076/1076/1076
f 98/98/98 100/100/100 1076/1076/1076
f 1076/1076/1076 100/100/100 1077/1077/1077
f 100/100/100 1078/1078/1078 1077/1077/1077
f 1077/1077/1077 1078/1078/1078 1079/1079/1079
f 1078/1078/1078 1080/1080/1080 1079/1079/1079
f 1079/1079/1079 1080/1080/1080 1081/1081/1081
f 1081/1081/1081 1082/1082/1082 1079/1079/1079
f 1082/1082/1082 1083/1083/1083 1079/1079/1079
f 1079/1079/1079 1083/1083/1083 1077/1077/1077
f 1083/1083/1083 1084/1084/1084 1077/1077/1077
f 1077/1077/1077 1084/1084/1084 1076/1076/1076
f 1084/1084/1084 1085/1085/1085 1076/1076/1076
f 1076/1076/1076 1085/1085/1085 1075/1075/1075
f 1085/1085/1085 1086/1086/1086 1075/1075/1075
f 1075/1075/1075 1086/1086/1086 94/94/94
f 1086/1086/1086 95/95/95 94/94/94
f 1085/1085/1085 1084/1084/1084 1086/1086/1086
f 1084/1084/1084 1087/1087/1087 1086/1086/1086
f 1086/1086/1086 1087/1087/1087 95/95/95
f 1087/1087/1087 1088/1088/1088 95/95/95
f 1084/1084/1084 1083/1083/1083 1087/1087/1087
f 1083/1083/1083 1089/1089/1089 1087/1087/1087
f 1087/1087/1087 1089/1089/1089 1088/1088/1088
f 1089/1089/1089 1090/1090/1090 1088/1088/1088
f 1083/1083/1083 1091/1091/1091 1089/1089/1089
f 1091/1091/1091 1092/1092/1092 1089/1089/1089
f 1089/1089/1089 1092/1092/1092 1090/1090/1090
f 1091/1091/1091 1083/1083/1083 1093/1093/1093
f 1083/1083/1083 1082/1082/1082 1093/1093/1093
f 1093/1093/1093 1082/1082/1082 1094/1094/1094
f 1082/1082/1082 1095/1095/1095 1094/1094/1094
f 1094/1094/1094 1095/1095/1095 1096/1096/1096
f 1095/1095/1095 1097/1097/1097 1096/1096/1096
f 1096/1096/1096 1097/1097/1097 1098/1098/1098
f 1097/1097/1097 1099/1099/1099 1098/1098/1098
f 1098/1098/1098 1099/1099/1099 1100/1100/1100
f 1100/1100/1100 1101/1101/1101 1098/1098/1098
f 1101/1101/1101 1102/1102/1102 1098/1098/1098
f 1098/1098/1098 1102/1102/1102 1096/1096/1096
f 1102/1102/1102 1103/1103/1103 1096/1096/1096
f 1096/1096/1096 1103/1103/1103 1094/1094/1094
f 1103/1103/1103 1104/1104/1104 1094/1094/1094
f 1094/1094/1094 1104/1104/1104 1093/1093/1093
f 1104/1104/1104 1105/1105/1105 1093/1093/1093
f 1093/1093/1093 1105/1105/1105 1091/1091/1091
f 1105/1105/1105 1106/1106/1106 1091/1091/1091
f 1091/1091/1091 1106/1106/1106 1092/1092/1092
f 1100/1100/1100 922/922/922 1101/1101/1101
f 922/922/922 1107/1107/1107 1101/1101/1101
f 1101/1101/1101 1107/1107/1107 1108/1108/1108
f 1107/1107/1107 1109/1109/1109 1108/1108/1108
f 1108/1108/1108 1109/1109/1109 1110/1110/1110
f 1109/1109/1109 1111/1111/1111 1110/1110/1110
f 1110/1110/1110 1111/1111/1111 925/925/925
f 1111/1111/1111 920/920/920 925/925/925
f 925/925/925 927/927/927 1110/1110/1110
f 927/927/927 1112/1112/1112 1110/1110/1110
f 1110/1110/1110 1112/1112/1112 1108/1108/1108
f 1112/1112/1112 1102/1102/1102 1108/1108/1108
f 1108/1108/1108 1102/1102/1102 1101/1101/1101
f 927/927/927 1113/1113/1113 1112/1112/1112
f 1113/1113/1113 1114/1114/1114 1112/1112/1112
f 1112/1112/1112 1114/1114/1114 1102/1102/1102
f 1114/1114/1114 1115/1115/1115 1102/1102/1102
f 1102/1102/1102 1115/1115/1115 1103/1103/1103
f 1115/1115/1115 1105/1105/1105 1103/1103/1103
f 1103/1103/1103 1105/1105/1105 1104/1104/1104
f 1113/1113/1113 1116/1116/1116 1114/1114/1114
f 1116/1116/1116 1117/1117/1117 1114/1114/1114
f 1114/1114/1114 1117/1117/1117 1115/1115/1115
f 1117/1117/1117 1106/1106/1106 1115/1115/1115
f 1115/1115/1115 1106/1106/1106 1105/1105/1105
f 922/922/922 921/921/921 1107/1107/1107
f 921/921/921 1111/1111/1111 1107/1107/1107
f 1107/1107/1107 1111/1111/1111 1109/1109/1109
f 1118/1118/1118 1119/1119/1119 1120/1120/1120
f 1119/1119/1119 1121/1121/1121 1120/1120/1120
f 1120/1120/1120 1121/1121/1121 1122/1122/1122
f 1121/1121/1121 1123/1123/1123 1122/1122/1122
f 1122/1122/1122 1123/1123/1123 1124/1124/1124
f 1123/1123/1123 1125/1125/1125 1124/1124/1124
f 1124/1124/1124 1125/1125/1125 1126/1126/1126
f 1125/1125/1125 1127/1127/1127 1126/1126/1126
f 1126/1126/1126 1127/1127/1127 1128/1128/1128
f 1127/1127/1127 1129/1129/1129 1128/1128/1128
f 1128/1128/1128 1129/1129/1129 1130/1130/1130
f 1129/1129/1129 1131/1131/1131 1130/1130/1130
f 1130/1130/1130 1131/1131/1131 1132/1132/1132
f 1131/1131/1131 1133/1133/1133 1132/1132/1132
f 1132/1132/1132 1133/1133/1133 1134/1134/1134
f 1133/1133/1133 1135/1135/1135 1134/1134/1134
f 1134/1134/1134 1135/1135/1135 1136/1136/1136
f 1135/1135/1135 1137/1137/1137 1136/1136/1136
f 1136/1136/1136 1137/1137/1137 1138/1138/1138
f 1137/1137/1137 1139/1139/1139 1138/1138/1138
f 1138/1138/1138 1139/1139/1139 1140/1140/1140
f 1139/1139/1139 1141/1141/1141 1140/1140/1140
f 1140/1140/1140 1141/1141/1141 1142/1142/1142
f 1141/1141/1141 1143/1143/1143 1142/1142/1142
f 1142/1142/1142 1143/1143/1143 1144/1144/1144
f 1143/1143/1143 1145/1145/1145 1144/1144/1144
f 1144/1144/1144 1145/1145/1145 1146/1146/1146
f 1145/1145/1145 1147/1147/1147 1146/1146/1146
f 1146/1146/1146 1147/1147/1147 1148/1148/1148
f 1147/1147/1147 1149/1149/1149 1148/1148/1148
f 1148/1148/1148 1149/1149/1149 1150/1150/1150
f 1149/1149/1149 1151/1151/1151 1150/1150/1150
f 1150/1150/1150 1151/1151/1151 1152/1152/1152
f 1152/1152/1152 1153/1153/1153 1150/1150/1150
f 1153/1153/1153 1154/1154/1154 1150/1150/1150
f 1150/1150/1150 1154/1154/1154 1148/1148/1148
f 1154/1154/1154 1155/1155/1155 1148/1148/1148
f 1148/1148/1148 1155/1155/1155 1146/1146/1146
f 1155/1155/1155 1156/1156/1156 1146/1146/1146
f 1146/1146/1146 1156/1156/1156 1144/1144/1144
f 1156/1156/1156 1157/1157/1157 1144/1144/1144
f 1144/1144/1144 1157/1157/1157 1142/1142/1142
f 1157/1157/1157 1158/1158/1158 1142/1142/1142
f 1142/1142/1142 1158/1158/1158 1140/1140/1140
f 1158/1158/1158 1159/1159/1159 1140/1140/1140
f 1140/1140/1140 1159/1159/1159 1138/1138/1138
f 1159/1159/1159 1160/1160/1160 1138/1138/1138
f 1138/1138/1138 1160/1160/1160 1136/1136/1136
f 1160/1160/1160 1161/1161/1161 1136/1136/1136
f 1136/1136/1136 1161/1161/1161 1134/1134/1134
f 1161/1161/1161 1162/1162/1162 1134/1134/1134
f 1134/1134/1134 1162/1162/1162 1132/1132/1132
f 1162/1162/1162 1163/1163/1163 1132/1132/1132
f 1132/1132/1132 1163/1163/1163 1130/1130/1130
f 1163/1163/1163 1164/1164/1164 1130/1130/1130
f 1130/1130/1130 1164/1164/1164 1128/1128/1128
f 1164/1164/1164 1165/1165/1165 1128/1128/1128
f 1128/1128/1128 1165/1165/1165 1126/1126/1126
f 1165/1165/1165 1166/1166/1166 1126/1126/1126
f 1126/1126/1126 1166/1166/1166 1124/1124/1124
f 1166/1166/1166 1167/1167/1167 1124/1124/1124
f 1124/1124/1124 1167/1167/1167 1122/1122/1122
f 1167/1167/1167 1168/1168/1168 1122/1122/1122
f 1122/1122/1122 1168/1168/1168 1120/1120/1120
f 1168/1168/1168 1169/1169/1169 1120/1120/1120
f 1120/1120/1120 1169/1169/1169 1118/1118/1118
f 1169/1169/1169 1170/1170/1170 1118/1118/1118
f 1164/1164/1164 1163/1163/1163 1165/1165/1165
f 1163/1163/1163 1171/1171/1171 1165/1165/1165
f 1165/1165/1165 1171/1171/1171 1166/1166/1166
f 1171/1171/1171 1172/1172/1172 1166/1166/1166
f 1166/1166/1166 1172/1172/1172 1167/1167/1167
f 1172/1172/1172 1173/1173/1173 1167/1167/1167
f 1167/1167/1167 1173/1173/1173 1168/1168/1168
f 1173/1173/1173 1174/1174/1174 1168/1168/1168
f 1168/1168/1168 1174/1174/1174 1175/1175/1175
f 1174/1174/1174 1176/1176/1176 1175/1175/1175
f 1175/1175/1175 1176/1176/1176 1177/1177/1177
f 1176/1176/1176 1178/1178/1178 1177/1177/1177
f 1177/1177/1177 1178/1178/1178 1179/1179/1179
f 1178/1178/1178 1180/1180/1180 1179/1179/1179
f 1179/1179/1179 1180/1180/1180 1181/1181/1181
f 1180/1180/1180 1182/1182/1182 1181/1181/1181
f 1163/1163/1163 1162/1162/1162 1171/1171/1171
f 1162/1162/1162 1183/1183/1183 1171/1171/1171
f 1171/1171/1171 1183/1183/1183 1172/1172/1172
f 1183/1183/1183 1184/1184/1184 1172/1172/1172
f 1172/1172/1172 1184/1184/1184 1173/1173/1173
f 1184/1184/1184 1185/1185/1185 1173/1173/1173
f 1173/1173/1173 1185/1185/1185 1174/1174/1174
f 1185/1185/1185 1186/1186/1186 1174/1174/1174
f 1174/1174/1174 1186/1186/1186 1176/1176/1176
f 1186/1186/1186 1187/1187/1187 1176/1176/1176
f 1176/1176/1176 1187/1187/1187 1178/1178/1178
f 1187/1187/1187 1188/1188/1188 1178/1178/1178
f 1178/1178/1178 1188/1188/1188 1180/1180/1180
f 1188/1188/1188 1189/1189/1189 1180/1180/1180
f 1180/1180/1180 1189/1189/1189 1182/1182/1182
f 1189/1189/1189 1190/1190/1190 1182/1182/1182
f 1184/1184/1184 1183/1183/1183 1185/1185/1185
f 1183/1183/1183 1191/1191/1191 1185/1185/1185
f 1185/1185/1185 1191/1191/1191 1186/1186/1186
f 1191/1191/1191 1192/1192/1192 1186/1186/1186
f 1186/1186/1186 1192/1192/1192 1193/1193/1193
f 1192/1192/1192 1194/1194/1194 1193/1193/1193
f 1193/1193/1193 1194/1194/1194 1195/1195/1195
f 1194/1194/1194 1196/1196/1196 1195/1195/1195
f 1195/1195/1195 1196/1196/1196 1197/1197/1197
f 1196/1196/1196 1198/1198/1198 1197/1197/1197
f 1197/1197/1197 1198/1198/1198 1199/1199/1199
f 1198/1198/1198 1200/1200/1200 1199/1199/1199
f 1199/1199/1199 1200/1200/1200 1201/1201/1201
f 1200/1200/1200 1202/1202/1202 1201/1201/1201
f 1201/1201/1201 1202/1202/1202 1203/1203/1203
f 1202/1202/1202 1204/1204/1204 1203/1203/1203
f 1203/1203/1203 1204/1204/1204 1205/1205/1205
f 1204/1204/1204 1206/1206/1206 1205/1205/1205
f 1205/1205/1205 1206/1206/1206 1207/1207/1207
f 1206/1206/1206 1208/1208/1208 1207/1207/1207
f 1207/1207/1207 1208/1208/1208 1209/1209/1209
f 1208/1208/1208 1210/1210/1210 1209/1209/1209
f 1209/1209/1209 1210/1210/1210 1211/1211/1211
f 1210/1210/1210 1212/1212/1212 1211/1211/1211
f 1211/1211/1211 1212/1212/1212 1213/1213/1213
f 1212/1212/1212 1214/1214/1214 1213/1213/1213
f 1213/1213/1213 1214/1214/1214 1215/1215/1215
f 1214/1214/1214 1216/1216/1216 1215/1215/1215
f 1215/1215/1215 1216/1216/1216 1217/1217/1217
f 1216/1216/1216 1218/1218/1218 1217/1217/1217
f 1217/1217/1217 1218/1218/1218 1219/1219/1219
f 1183/1183/1183 1162/1162/1162 1191/1191/1191
f 1162/1162/1162 1220/1220/1220 1191/1191/1191
f 1191/1191/1191 1220/1220/1220 1192/1192/1192
f 1220/1220/1220 1221/1221/1221 1192/1192/1192
f 1192/1192/1192 1221/1221/1221 1194/1194/1194
f 1221/1221/1221 1222/1222/1222 1194/1194/1194
f 1194/1194/1194 1222/1222/1222 1196/1196/1196
f 1222/1222/1222 1223/1223/1223 1196/1196/1196
f 1196/1196/1196 1223/1223/1223 1198/1198/1198
f 1223/1223/1223 1224/1224/1224 1198/1198/1198
f 1198/1198/1198 1224/1224/1224 1200/1200/1200
f 1224/1224/1224 1225/1225/1225 1200/1200/1200
f 1200/1200/1200 1225/1225/1225 1202/1202/1202
f 1225/1225/1225 1226/1226/1226 1202/1202/1202
f 1202/1202/1202 1226/1226/1226 1204/1204/1204
f 1226/1226/1226 1227/1227/1227 1204/1204/1204
f 1204/1204/1204 1227/1227/1227 1206/1206/1206
f 1227/1227/1227 1228/1228/1228 1206/1206/1206
f 1206/1206/1206 1228/1228/1228 1208/1208/1208
f 1228/1228/1228 1229/1229/1229 1208/1208/1208
f 1208/1208/1208 1229/1229/1229 1210/1210/1210
f 1229/1229/1229 1230/1230/1230 1210/1210/1210
f 1210/1210/1210 1230/1230/1230 1212/1212/1212
f 1230/1230/1230 1231/1231/1231 1212/1212/1212
f 1212/1212/1212 1231/1231/1231 1214/1214/1214
f 1231/1231/1231 1232/1232/1232 1214/1214/1214
f 1214/1214/1214 1232/1232/1232 1216/1216/1216
f 1232/1232/1232 1233/1233/1233 1216/1216/1216
f 1216/1216/1216 1233/1233/1233 1218/1218/1218
f 1221/1221/1221 1220/1220/1220 1222/1222/1222
f 1220/1220/1220 1234/1234/1234 1222/1222/1222
f 1222/1222/1222 1234/1234/1234 1223/1223/1223
f 1234/1234/1234 1235/1235/1235 1223/1223/1223
f 1223/1223/1223 1235/1235/1235 1224/1224/1224
f 1235/1235/1235 1236/1236/1236 1224/1224/1224
f 1224/1224/1224 1236/1236/1236 1225/1225/1225
f 1236/1236/1236 1237/1237/1237 1225/1225/1225
f 1225/1225/1225 1237/1237/1237 1238/1238/1238
f 1237/1237/1237 1239/1239/1239 1238/1238/1238
f 1238/1238/1238 1239/1239/1239 1240/1240/1240
f 1239/1239/1239 1241/1241/1241 1240/1240/1240
f 1240/1240/1240 1241/1241/1241 1242/1242/1242
f 1241/1241/1241 1243/1243/1243 1242/1242/1242
f 1242/1242/1242 1243/1243/1243 1244/1244/1244
f 1243/1243/1243 1245/1245/1245 1244/1244/1244
f 1244/1244/1244 1245/1245/1245 1246/1246/1246
f 1245/1245/1245 1247/1247/1247 1246/1246/1246
f 1246/1246/1246 1247/1247/1247 1248/1248/1248
f 1247/1247/1247 1249/1249/1249 1248/1248/1248
f 1248/1248/1248 1249/1249/1249 1250/1250/1250
f 1249/1249/1249 1251/1251/1251 1250/1250/1250
f 1250/1250/1250 1251/1251/1251 1252/1252/1252
f 1251/1251/1251 1253/1253/1253 1252/1252/1252
f 1252/1252/1252 1253/1253/1253 1254/1254/1254
f 1253/1253/1253 1255/1255/1255 1254/1254/1254
f 1254/1254/1254 1255/1255/1255 1256/1256/1256
f 1255/1255/1255 1257/1257/1257 1256/1256/1256
f 1256/1256/1256 1257/1257/1257 1258/1258/1258
f 1257/1257/1257 1259/1259/1259 1258/1258/1258
f 1258/1258/1258 1259/1259/1259 1260/1260/1260
f 1220/1220/1220 1162/1162/1162 1234/1234/1234
f 1162/1162/1162 1261/1261/1261 1234/1234/1234
f 1234/1234/1234 1261/1261/1261 1235/1235/1235
f 1261/1261/1261 1262/1262/1262 1235/1235/1235
f 1235/1235/1235 1262/1262/1262 1236/1236/1236
f 1262/1262/1262 1263/1263/1263 1236/1236/1236
f 1236/1236/1236 1263/1263/1263 1237/1237/1237
f 1263/1263/1263 1264/1264/1264 1237/1237/1237
f 1237/1237/1237 1264/1264/1264 1239/1239/1239
f 1264/1264/1264 1265/1265/1265 1239/1239/1239
f 1239/1239/1239 1265/1265/1265 1241/1241/1241
f 1265/1265/1265 1266/1266/1266 1241/1241/1241
f 1241/1241/1241 1266/1266/1266 1243/1243/1243
f 1266/1266/1266 1267/1267/1267 1243/1243/1243
f 1243/1243/1243 1267/1267/1267 1245/1245/1245
f 1267/1267/1267 1268/1268/1268 1245/1245/1245
f 1245/1245/1245 1268/1268/1268 1247/1247/1247
f 1268/1268/1268 1269/1269/1269 1247/1247/1247
f 1247/1247/1247 1269/1269/1269 1249/1249/1249
f 1269/1269/1269 1270/1270/1270 1249/1249/1249
f 1249/1249/1249 1270/1270/1270 1251/1251/1251
f 1270/1270/1270 1271/1271/1271 1251/1251/1251
f 1251/1251/1251 1271/1271/1271 1253/1253/1253
f 1271/1271/1271 1272/1272/1272 1253/1253/1253
f 1253/1253/1253 1272/1272/1272 1255/1255/1255
f 1272/1272/1272 1273/1273/1273 1255/1255/1255
f 1255/1255/1255 1273/1273/1273 1257/1257/1257
f 1273/1273/1273 1274/1274/1274 1257/1257/1257
f 1257/1257/1257 1274/1274/1274 1259/1259/1259
f 1262/1262/1262 1261/1261/1261 1263/1263/1263
f 1261/1261/1261 1275/1275/1275 1263/1263/1263
f 1263/1263/1263 1275/1275/1275 1264/1264/1264
f 1275/1275/1275 1276/1276/1276 1264/1264/1264
f 1264/1264/1264 1276/1276/1276 1277/1277/1277
f 1276/1276/1276 1278/1278/1278 1277/1277/1277
f 1277/1277/1277 1278/1278/1278 1279/1279/1279
f 1278/1278/1278 1280/1280/1280 1279/1279/1279
f 1279/1279/1279 1280/1280/1280 1281/1281/1281
f 1280/1280/1280 1282/1282/1282 1281/1281/1281
f 1281/1281/1281 1282/1282/1282 1283/1283/1283
f 1282/1282/1282 1284/1284/1284 1283/1283/1283
f 1283/1283/1283 1284/1284/1284 1285/1285/1285
f 1284/1284/1284 1155/1155/1155 1285/1285/1285
f 1285/1285/1285 1155/1155/1155 1154/1154/1154
f 1261/1261/1261 1162/1162/1162 1275/1275/1275
f 1162/1162/1162 1286/1286/1286 1275/1275/1275
f 1275/1275/1275 1286/1286/1286 1276/1276/1276
f 1286/1286/1286 1287/1287/1287 1276/1276/1276
f 1276/1276/1276 1287/1287/1287 1278/1278/1278
f 1287/1287/1287 1288/1288/1288 1278/1278/1278
f 1278/1278/1278 1288/1288/1288 1280/1280/1280
f 1288/1288/1288 1160/1160/1160 1280/1280/1280
f 1280/1280/1280 1160/1160/1160 1282/1282/1282
f 1160/1160/1160 1289/1289/1289 1282/1282/1282
f 1282/1282/1282 1289/1289/1289 1284/1284/1284
f 1289/1289/1289 1156/1156/1156 1284/1284/1284
f 1284/1284/1284 1156/1156/1156 1155/1155/1155
f 1156/1156/1156 1289/1289/1289 1157/1157/1157
f 1289/1289/1289 1159/1159/1159 1157/1157/1157
f 1157/1157/1157 1159/1159/1159 1158/1158/1158
f 1190/1190/1190 1189/1189/1189 1290/1290/1290
f 1189/1189/1189 1291/1291/1291 1290/1290/1290
f 1290/1290/1290 1291/1291/1291 1292/1292/1292
f 1291/1291/1291 1293/1293/1293 1292/1292/1292
f 1292/1292/1292 1293/1293/1293 1294/1294/1294
f 1293/1293/1293 1295/1295/1295 1294/1294/1294
f 1294/1294/1294 1295/1295/1295 1296/1296/1296
f 1295/1295/1295 1297/1297/1297 1296/1296/1296
f 1296/1296/1296 1297/1297/1297 1298/1298/1298
f 1297/1297/1297 1299/1299/1299 1298/1298/1298
f 1298/1298/1298 1299/1299/1299 1300/1300/1300
f 1299/1299/1299 1301/1301/1301 1300/1300/1300
f 1300/1300/1300 1301/1301/1301 1302/1302/1302
f 1301/1301/1301 1303/1303/1303 1302/1302/1302
f 1302/1302/1302 1303/1303/1303 1304/1304/1304
f 1303/1303/1303 1305/1305/1305 1304/1304/1304
f 1304/1304/1304 1305/1305/1305 1306/1306/1306
f 1305/1305/1305 1307/1307/1307 1306/1306/1306
f 1306/1306/1306 1307/1307/1307 1308/1308/1308
f 1307/1307/1307 1309/1309/1309 1308/1308/1308
f 1308/1308/1308 1309/1309/1309 1310/1310/1310
f 1309/1309/1309 1311/1311/1311 1310/1310/1310
f 1310/1310/1310 1311/1311/1311 1312/1312/1312
f 1311/1311/1311 1313/1313/1313 1312/1312/1312
f 1312/1312/1312 1313/1313/1313 1314/1314/1314
f 1313/1313/1313 1315/1315/1315 1314/1314/1314
f 1314/1314/1314 1315/1315/1315 1316/1316/1316
f 1315/1315/1315 1317/1317/1317 1316/1316/1316
f 1316/1316/1316 1317/1317/1317 1318/1318/1318
f 1317/1317/1317 1319/1319/1319 1318/1318/1318
f 1318/1318/1318 1319/1319/1319 1320/1320/1320
f 1319/1319/1319 1321/1321/1321 1320/1320/1320
f 1320/1320/1320 1321/1321/1321 1322/1322/1322
f 1321/1321/1321 1323/1323/1323 1322/1322/1322
f 1322/1322/1322 1323/1323/1323 1324/1324/1324
f 1323/1323/1323 1325/1325/1325 1324/1324/1324
f 1324/1324/1324 1325/1325/1325 1326/1326/1326
f 1325/1325/1325 1327/1327/1327 1326/1326/1326
f 1326/1326/1326 1327/1327/1327 1328/1328/1328
f 1327/1327/1327 1329/1329/1329 1328/1328/1328
f 1328/1328/1328 1329/1329/1329 1330/1330/1330
f 1329/1329/1329 1331/1331/1331 1330/1330/1330
f 1330/1330/1330 1331/1331/1331 1332/1332/1332
f 1189/1189/1189 1188/1188/1188 1291/1291/1291
f 1188/1188/1188 1333/1333/1333 1291/1291/1291
f 1291/1291/1291 1333/1333/1333 1293/1293/1293
f 1333/1333/1333 1334/1334/1334 1293/1293/1293
f 1293/1293/1293 1334/1334/1334 1295/1295/1295
f 1334/1334/1334 1335/1335/1335 1295/1295/1295
f 1295/1295/1295 1335/1335/1335 1297/1297/1297
f 1335/1335/1335 1336/1336/1336 1297/1297/1297
f 1297/1297/1297 1336/1336/1336 1299/1299/1299
f 1336/1336/1336 1337/1337/1337 1299/1299/1299
f 1299/1299/1299 1337/1337/1337 1301/1301/1301
f 1337/1337/1337 1195/1195/1195 1301/1301/1301
f 1301/1301/1301 1195/1195/1195 1303/1303/1303
f 1195/1195/1195 1338/1338/1338 1303/1303/1303
f 1303/1303/1303 1338/1338/1338 1305/1305/1305
f 1338/1338/1338 1339/1339/1339 1305/1305/1305
f 1305/1305/1305 1339/1339/1339 1307/1307/1307
f 1339/1339/1339 1340/1340/1340 1307/1307/1307
f 1307/1307/1307 1340/1340/1340 1309/1309/1309
f 1340/1340/1340 1203/1203/1203 1309/1309/1309
f 1309/1309/1309 1203/1203/1203 1311/1311/1311
f 1203/1203/1203 1205/1205/1205 1311/1311/1311
f 1311/1311/1311 1205/1205/1205 1313/1313/1313
f 1205/1205/1205 1207/1207/1207 1313/1313/1313
f 1313/1313/1313 1207/1207/1207 1315/1315/1315
f 1207/1207/1207 1341/1341/1341 1315/1315/1315
f 1315/1315/1315 1341/1341/1341 1317/1317/1317
f 1341/1341/1341 1342/1342/1342 1317/1317/1317
f 1317/1317/1317 1342/1342/1342 1319/1319/1319
f 1342/1342/1342 1343/1343/1343 1319/1319/1319
f 1319/1319/1319 1343/1343/1343 1321/1321/1321
f 1343/1343/1343 1215/1215/1215 1321/1321/1321
f 1321/1321/1321 1215/1215/1215 1323/1323/1323
f 1215/1215/1215 1217/1217/1217 1323/1323/1323
f 1323/1323/1323 1217/1217/1217 1325/1325/1325
f 1217/1217/1217 1219/1219/1219 1325/1325/1325
f 1325/1325/1325 1219/1219/1219 1327/1327/1327
f 1219/1219/1219 1344/1344/1344 1327/1327/1327
f 1327/1327/1327 1344/1344/1344 1329/1329/1329
f 1344/1344/1344 1345/1345/1345 1329/1329/1329
f 1329/1329/1329 1345/1345/1345 1331/1331/1331
f 1334/1334/1334 1333/1333/1333 1335/1335/1335
f 1333/1333/1333 1346/1346/1346 1335/1335/1335
f 1335/1335/1335 1346/1346/1346 1336/1336/1336
f 1346/1346/1346 1347/1347/1347 1336/1336/1336
f 1336/1336/1336 1347/1347/1347 1337/1337/1337
f 1347/1347/1347 1348/1348/1348 1337/1337/1337
f 1337/1337/1337 1348/1348/1348 1195/1195/1195
f 1348/1348/1348 1193/1193/1193 1195/1195/1195
f 1333/1333/1333 1188/1188/1188 1346/1346/1346
f 1188/1188/1188 1349/1349/1349 1346/1346/1346
f 1346/1346/1346 1349/1349/1349 1347/1347/1347
f 1349/1349/1349 1350/1350/1350 1347/1347/1347
f 1347/1347/1347 1350/1350/1350 1348/1348/1348
f 1350/1350/1350 1351/1351/1351 1348/1348/1348
f 1348/1348/1348 1351/1351/1351 1193/1193/1193
f 1351/1351/1351 1186/1186/1186 1193/1193/1193
f 1186/1186/1186 1351/1351/1351 1187/1187/1187
f 1351/1351/1351 1349/1349/1349 1187/1187/1187
f 1187/1187/1187 1349/1349/1349 1188/1188/1188
f 1283/1283/1283 1285/1285/1285 1281/1281/1281
f 1285/1285/1285 1352/1352/1352 1281/1281/1281
f 1281/1281/1281 1352/1352/1352 1279/1279/1279
f 1352/1352/1352 1353/1353/1353 1279/1279/1279
f 1279/1279/1279 1353/1353/1353 1354/1354/1354
f 1353/1353/1353 1355/1355/1355 1354/1354/1354
f 1354/1354/1354 1355/1355/1355 1356/1356/1356
f 1355/1355/1355 1357/1357/1357 1356/1356/1356
f 1356/1356/1356 1357/1357/1357 1358/1358/1358
f 1357/1357/1357 1359/1359/1359 1358/1358/1358
f 1358/1358/1358 1359/1359/1359 1360/1360/1360
f 1360/1360/1360 1361/1361/1361 1358/1358/1358
f 1361/1361/1361 1362/1362/1362 1358/1358/1358
f 1358/1358/1358 1362/1362/1362 1356/1356/1356
f 1362/1362/1362 1363/1363/1363 1356/1356/1356
f 1356/1356/1356 1363/1363/1363 1364/1364/1364
f 1363/1363/1363 1365/1365/1365 1364/1364/1364
f 1364/1364/1364 1365/1365/1365 1266/1266/1266
f 1365/1365/1365 1366/1366/1366 1266/1266/1266
f 1266/1266/1266 1366/1366/1366 1267/1267/1267
f 1366/1366/1366 1269/1269/1269 1267/1267/1267
f 1267/1267/1267 1269/1269/1269 1268/1268/1268
f 1361/1361/1361 1367/1367/1367 1362/1362/1362
f 1367/1367/1367 1368/1368/1368 1362/1362/1362
f 1362/1362/1362 1368/1368/1368 1363/1363/1363
f 1368/1368/1368 1369/1369/1369 1363/1363/1363
f 1363/1363/1363 1369/1369/1369 1365/1365/1365
f 1369/1369/1369 1370/1370/1370 1365/1365/1365
f 1365/1365/1365 1370/1370/1370 1366/1366/1366
f 1370/1370/1370 1270/1270/1270 1366/1366/1366
f 1366/1366/1366 1270/1270/1270 1269/1269/1269
f 1369/1369/1369 1368/1368/1368 1370/1370/1370
f 1368/1368/1368 1371/1371/1371 1370/1370/1370
f 1370/1370/1370 1371/1371/1371 1270/1270/1270
f 1371/1371/1371 1372/1372/1372 1270/1270/1270
f 1270/1270/1270 1372/1372/1372 1271/1271/1271
f 1372/1372/1372 1373/1373/1373 1271/1271/1271
f 1271/1271/1271 1373/1373/1373 1272/1272/1272
f 1368/1368/1368 1367/1367/1367 1371/1371/1371
f 1367/1367/1367 1374/1374/1374 1371/1371/1371
f 1371/1371/1371 1374/1374/1374 1372/1372/1372
f 1374/1374/1374 1375/1375/1375 1372/1372/1372
f 1372/1372/1372 1375/1375/1375 1373/1373/1373
f 1300/1300/1300 1302/1302/1302 1298/1298/1298
f 1302/1302/1302 1376/1376/1376 1298/1298/1298
f 1298/1298/1298 1376/1376/1376 1296/1296/1296
f 1376/1376/1376 1377/1377/1377 1296/1296/1296
f 1296/1296/1296 1377/1377/1377 1378/1378/1378
f 1377/1377/1377 1379/1379/1379 1378/1378/1378
f 1378/1378/1378 1379/1379/1379 1380/1380/1380
f 1379/1379/1379 1381/1381/1381 1380/1380/1380
f 1380/1380/1380 1381/1381/1381 1382/1382/1382
f 1381/1381/1381 1383/1383/1383 1382/1382/1382
f 1382/1382/1382 1383/1383/1383 1384/1384/1384
f 1383/1383/1383 1385/1385/1385 1384/1384/1384
f 1302/1302/1302 1304/1304/1304 1376/1376/1376
f 1304/1304/1304 1386/1386/1386 1376/1376/1376
f 1376/1376/1376 1386/1386/1386 1377/1377/1377
f 1386/1386/1386 1387/1387/1387 1377/1377/1377
f 1377/1377/1377 1387/1387/1387 1379/1379/1379
f 1387/1387/1387 1388/1388/1388 1379/1379/1379
f 1379/1379/1379 1388/1388/1388 1381/1381/1381
f 1388/1388/1388 1389/1389/1389 1381/1381/1381
f 1381/1381/1381 1389/1389/1389 1383/1383/1383
f 1389/1389/1389 1390/1390/1390 1383/1383/1383
f 1383/1383/1383 1390/1390/1390 1385/1385/1385
f 1390/1390/1390 1391/1391/1391 1385/1385/1385
f 1386/1386/1386 1304/1304/1304 1392/1392/1392
f 1304/1304/1304 1393/1393/1393 1392/1392/1392
f 1392/1392/1392 1393/1393/1393 1394/1394/1394
f 1393/1393/1393 1395/1395/1395 1394/1394/1394
f 1394/1394/1394 1395/1395/1395 1396/1396/1396
f 1395/1395/1395 1397/1397/1397 1396/1396/1396
f 1396/1396/1396 1397/1397/1397 1398/1398/1398
f 1397/1397/1397 1308/1308/1308 1398/1398/1398
f 1398/1398/1398 1308/1308/1308 1399/1399/1399
f 1308/1308/1308 1400/1400/1400 1399/1399/1399
f 1399/1399/1399 1400/1400/1400 1401/1401/1401
f 1400/1400/1400 1316/1316/1316 1401/1401/1401
f 1401/1401/1401 1316/1316/1316 1402/1402/1402
f 1316/1316/1316 1403/1403/1403 1402/1402/1402
f 1402/1402/1402 1403/1403/1403 1404/1404/1404
f 1403/1403/1403 1405/1405/1405 1404/1404/1404
f 1404/1404/1404 1405/1405/1405 1406/1406/1406
f 1405/1405/1405 1407/1407/1407 1406/1406/1406
f 1406/1406/1406 1407/1407/1407 1408/1408/1408
f 1407/1407/1407 1320/1320/1320 1408/1408/1408
f 1408/1408/1408 1320/1320/1320 1409/1409/1409
f 1320/1320/1320 1410/1410/1410 1409/1409/1409
f 1409/1409/1409 1410/1410/1410 1411/1411/1411
f 1410/1410/1410 1328/1328/1328 1411/1411/1411
f 1411/1411/1411 1328/1328/1328 1412/1412/1412
f 1328/1328/1328 1413/1413/1413 1412/1412/1412
f 1412/1412/1412 1413/1413/1413 1414/1414/1414
f 1413/1413/1413 1415/1415/1415 1414/1414/1414
f 1414/1414/1414 1415/1415/1415 1416/1416/1416
f 1415/1415/1415 1417/1417/1417 1416/1416/1416
f 1416/1416/1416 1417/1417/1417 1418/1418/1418
f 1417/1417/1417 1332/1332/1332 1418/1418/1418
f 1418/1418/1418 1332/1332/1332 1419/1419/1419
f 1419/1419/1419 1420/1420/1420 1418/1418/1418
f 1420/1420/1420 1421/1421/1421 1418/1418/1418
f 1418/1418/1418 1421/1421/1421 1416/1416/1416
f 1421/1421/1421 1422/1422/1422 1416/1416/1416
f 1416/1416/1416 1422/1422/1422 1414/1414/1414
f 1422/1422/1422 1423/1423/1423 1414/1414/1414
f 1414/1414/1414 1423/1423/1423 1412/1412/1412
f 1423/1423/1423 1424/1424/1424 1412/1412/1412
f 1412/1412/1412 1424/1424/1424 1411/1411/1411
f 1424/1424/1424 1425/1425/1425 1411/1411/1411
f 1411/1411/1411 1425/1425/1425 1409/1409/1409
f 1425/1425/1425 1426/1426/1426 1409/1409/1409
f 1409/1409/1409 1426/1426/1426 1408/1408/1408
f 1426/1426/1426 1427/1427/1427 1408/1408/1408
f 1408/1408/1408 1427/1427/1427 1406/1406/1406
f 1427/1427/1427 1428/1428/1428 1406/1406/1406
f 1406/1406/1406 1428/1428/1428 1404/1404/1404
f 1428/1428/1428 1429/1429/1429 1404/1404/1404
f 1404/1404/1404 1429/1429/1429 1402/1402/1402
f 1429/1429/1429 1430/1430/1430 1402/1402/1402
f 1402/1402/1402 1430/1430/1430 1401/1401/1401
f 1430/1430/1430 1431/1431/1431 1401/1401/1401
f 1401/1401/1401 1431/1431/1431 1399/1399/1399
f 1431/1431/1431 1432/1432/1432 1399/1399/1399
f 1399/1399/1399 1432/1432/1432 1398/1398/1398
f 1432/1432/1432 1433/1433/1433 1398/1398/1398
f 1398/1398/1398 1433/1433/1433 1396/1396/1396
f 1433/1433/1433 1434/1434/1434 1396/1396/1396
f 1396/1396/1396 1434/1434/1434 1394/1394/1394
f 1434/1434/1434 1389/1389/1389 1394/1394/1394
f 1394/1394/1394 1389/1389/1389 1392/1392/1392
f 1389/1389/1389 1388/1388/1388 1392/1392/1392
f 1392/1392/1392 1388/1388/1388 1386/1386/1386
f 1388/1388/1388 1387/1387/1387 1386/1386/1386
f 1421/1421/1421 1435/1435/1435 1422/1422/1422
f 1435/1435/1435 1436/1436/1436 1422/1422/1422
f 1422/1422/1422 1436/1436/1436 1423/1423/1423
f 1436/1436/1436 1437/1437/1437 1423/1423/1423
f 1423/1423/1423 1437/1437/1437 1438/1438/1438
f 1437/1437/1437 1439/1439/1439 1438/1438/1438
f 1438/1438/1438 1439/1439/1439 1440/1440/1440
f 1439/1439/1439 1441/1441/1441 1440/1440/1440
f 1440/1440/1440 1441/1441/1441 1442/1442/1442
f 1441/1441/1441 1443/1443/1443 1442/1442/1442
f 1442/1442/1442 1443/1443/1443 1427/1427/1427
f 1443/1443/1443 1444/1444/1444 1427/1427/1427
f 1427/1427/1427 1444/1444/1444 1428/1428/1428
f 1444/1444/1444 1445/1445/1445 1428/1428/1428
f 1428/1428/1428 1445/1445/1445 1429/1429/1429
f 1445/1445/1445 1446/1446/1446 1429/1429/1429
f 1429/1429/1429 1446/1446/1446 1447/1447/1447
f 1446/1446/1446 1448/1448/1448 1447/1447/1447
f 1447/1447/1447 1448/1448/1448 1449/1449/1449
f 1448/1448/1448 1450/1450/1450 1449/1449/1449
f 1449/1449/1449 1450/1450/1450 1451/1451/1451
f 1450/1450/1450 1452/1452/1452 1451/1451/1451
f 1451/1451/1451 1452/1452/1452 1433/1433/1433
f 1452/1452/1452 1453/1453/1453 1433/1433/1433
f 1433/1433/1433 1453/1453/1453 1434/1434/1434
f 1453/1453/1453 1454/1454/1454 1434/1434/1434
f 1434/1434/1434 1454/1454/1454 1389/1389/1389
f 1454/1454/1454 1390/1390/1390 1389/1389/1389
f 1435/1435/1435 1455/1455/1455 1436/1436/1436
f 1455/1455/1455 1456/1456/1456 1436/1436/1436
f 1436/1436/1436 1456/1456/1456 1437/1437/1437
f 1456/1456/1456 1457/1457/1457 1437/1437/1437
f 1437/1437/1437 1457/1457/1457 1439/1439/1439
f 1457/1457/1457 1458/1458/1458 1439/1439/1439
f 1439/1439/1439 1458/1458/1458 1441/1441/1441
f 1458/1458/1458 1459/1459/1459 1441/1441/1441
f 1441/1441/1441 1459/1459/1459 1443/1443/1443
f 1459/1459/1459 1460/1460/1460 1443/1443/1443
f 1443/1443/1443 1460/1460/1460 1444/1444/1444
f 1460/1460/1460 1461/1461/1461 1444/1444/1444
f 1444/1444/1444 1461/1461/1461 1445/1445/1445
f 1461/1461/1461 1462/1462/1462 1445/1445/1445
f 1445/1445/1445 1462/1462/1462 1446/1446/1446
f 1462/1462/1462 1463/1463/1463 1446/1446/1446
f 1446/1446/1446 1463/1463/1463 1448/1448/1448
f 1463/1463/1463 1464/1464/1464 1448/1448/1448
f 1448/1448/1448 1464/1464/1464 1450/1450/1450
f 1464/1464/1464 1465/1465/1465 1450/1450/1450
f 1450/1450/1450 1465/1465/1465 1452/1452/1452
f 1465/1465/1465 1466/1466/1466 1452/1452/1452
f 1452/1452/1452 1466/1466/1466 1453/1453/1453
f 1466/1466/1466 1467/1467/1467 1453/1453/1453
f 1453/1453/1453 1467/1467/1467 1454/1454/1454
f 1467/1467/1467 1468/1468/1468 1454/1454/1454
f 1454/1454/1454 1468/1468/1468 1390/1390/1390
f 1468/1468/1468 1391/1391/1391 1390/1390/1390
f 1457/1457/1457 1469/1469/1469 1458/1458/1458
f 1469/1469/1469 1470/1470/1470 1458/1458/1458
f 1458/1458/1458 1470/1470/1470 1459/1459/1459
f 1470/1470/1470 1471/1471/1471 1459/1459/1459
f 1459/1459/1459 1471/1471/1471 1472/1472/1472
f 1471/1471/1471 1473/1473/1473 1472/1472/1472
f 1472/1472/1472 1473/1473/1473 1474/1474/1474
f 1473/1473/1473 1475/1475/1475 1474/1474/1474
f 1474/1474/1474 1475/1475/1475 1476/1476/1476
f 1475/1475/1475 1477/1477/1477 1476/1476/1476
f 1476/1476/1476 1477/1477/1477 1463/1463/1463
f 1477/1477/1477 1478/1478/1478 1463/1463/1463
f 1463/1463/1463 1478/1478/1478 1464/1464/1464
f 1478/1478/1478 1479/1479/1479 1464/1464/1464
f 1464/1464/1464 1479/1479/1479 1465/1465/1465
f 1479/1479/1479 1480/1480/1480 1465/1465/1465
f 1465/1465/1465 1480/1480/1480 1481/1481/1481
f 1480/1480/1480 1482/1482/1482 1481/1481/1481
f 1481/1481/1481 1482/1482/1482 1483/1483/1483
f 1469/1469/1469 1484/1484/1484 1470/1470/1470
f 1484/1484/1484 1485/1485/1485 1470/1470/1470
f 1470/1470/1470 1485/1485/1485 1471/1471/1471
f 1485/1485/1485 1486/1486/1486 1471/1471/1471
f 1471/1471/1471 1486/1486/1486 1473/1473/1473
f 1486/1486/1486 1487/1487/1487 1473/1473/1473
f 1473/1473/1473 1487/1487/1487 1475/1475/1475
f 1487/1487/1487 1488/1488/1488 1475/1475/1475
f 1475/1475/1475 1488/1488/1488 1477/1477/1477
f 1488/1488/1488 1489/1489/1489 1477/1477/1477
f 1477/1477/1477 1489/1489/1489 1478/1478/1478
f 1489/1489/1489 1490/1490/1490 1478/1478/1478
f 1478/1478/1478 1490/1490/1490 1479/1479/1479
f 1490/1490/1490 1491/1491/1491 1479/1479/1479
f 1479/1479/1479 1491/1491/1491 1480/1480/1480
f 1491/1491/1491 1492/1492/1492 1480/1480/1480
f 1480/1480/1480 1492/1492/1492 1482/1482/1482
f 1485/1485/1485 1484/1484/1484 1493/1493/1493
f 1484/1484/1484 1469/1469/1469 1493/1493/1493
f 1493/1493/1493 1469/1469/1469 1494/1494/1494
f 1469/1469/1469 1457/1457/1457 1494/1494/1494
f 1494/1494/1494 1457/1457/1457 1495/1495/1495
f 1457/1457/1457 1496/1496/1496 1495/1495/1495
f 1495/1495/1495 1496/1496/1496 1497/1497/1497
f 1496/1496/1496 1498/1498/1498 1497/1497/1497
f 1497/1497/1497 1498/1498/1498 1499/1499/1499
f 1498/1498/1498 1500/1500/1500 1499/1499/1499
f 1499/1499/1499 1500/1500/1500 1501/1501/1501
f 1500/1500/1500 1502/1502/1502 1501/1501/1501
f 1501/1501/1501 1502/1502/1502 1503/1503/1503
f 1502/1502/1502 1504/1504/1504 1503/1503/1503
f 1503/1503/1503 1504/1504/1504 1505/1505/1505
f 1504/1504/1504 1506/1506/1506 1505/1505/1505
f 1505/1505/1505 1506/1506/1506 1507/1507/1507
f 1506/1506/1506 1508/1508/1508 1507/1507/1507
f 1507/1507/1507 1508/1508/1508 1509/1509/1509
f 1508/1508/1508 1510/1510/1510 1509/1509/1509
f 1509/1509/1509 1510/1510/1510 1511/1511/1511
f 1510/1510/1510 1512/1512/1512 1511/1511/1511
f 1511/1511/1511 1512/1512/1512 1513/1513/1513
f 1512/1512/1512 1514/1514/1514 1513/1513/1513
f 1513/1513/1513 1514/1514/1514 1515/1515/1515
f 1514/1514/1514 1516/1516/1516 1515/1515/1515
f 1515/1515/1515 1516/1516/1516 1517/1517/1517
f 1516/1516/1516 1518/1518/1518 1517/1517/1517
f 1517/1517/1517 1518/1518/1518 1519/1519/1519
f 1518/1518/1518 1520/1520/1520 1519/1519/1519
f 1519/1519/1519 1520/1520/1520 1521/1521/1521
f 1520/1520/1520 1522/1522/1522 1521/1521/1521
f 1521/1521/1521 1522/1522/1522 1523/1523/1523
f 1522/1522/1522 1524/1524/1524 1523/1523/1523
f 1523/1523/1523 1524/1524/1524 1525/1525/1525
f 1524/1524/1524 1526/1526/1526 1525/1525/1525
f 1525/1525/1525 1526/1526/1526 1527/1527/1527
f 1527/1527/1527 1528/1528/1528 1525/1525/1525
f 1528/1528/1528 1529/1529/1529 1525/1525/1525
f 1525/1525/1525 1529/1529/1529 1523/1523/1523
f 1529/1529/1529 1530/1530/1530 1523/1523/1523
f 1523/1523/1523 1530/1530/1530 1521/1521/1521
f 1530/1530/1530 1531/1531/1531 1521/1521/1521
f 1521/1521/1521 1531/1531/1531 1519/1519/1519
f 1531/1531/1531 1532/1532/1532 1519/1519/1519
f 1519/1519/1519 1532/1532/1532 1517/1517/1517
f 1532/1532/1532 1533/1533/1533 1517/1517/1517
f 1517/1517/1517 1533/1533/1533 1515/1515/1515
f 1533/1533/1533 1534/1534/1534 1515/1515/1515
f 1515/1515/1515 1534/1534/1534 1513/1513/1513
f 1534/1534/1534 1535/1535/1535 1513/1513/1513
f 1513/1513/1513 1535/1535/1535 1511/1511/1511
f 1535/1535/1535 1536/1536/1536 1511/1511/1511
f 1511/1511/1511 1536/1536/1536 1509/1509/1509
f 1536/1536/1536 1537/1537/1537 1509/1509/1509
f 1509/1509/1509 1537/1537/1537 1507/1507/1507
f 1537/1537/1537 1538/1538/1538 1507/1507/1507
f 1507/1507/1507 1538/1538/1538 1505/1505/1505
f 1538/1538/1538 1539/1539/1539 1505/1505/1505
f 1505/1505/1505 1539/1539/1539 1503/1503/1503
f 1539/1539/1539 1540/1540/1540 1503/1503/1503
f 1503/1503/1503 1540/1540/1540 1501/1501/1501
f 1540/1540/1540 1541/1541/1541 1501/1501/1501
f 1501/1501/1501 1541/1541/1541 1499/1499/1499
f 1541/1541/1541 1542/1542/1542 1499/1499/1499
f 1499/1499/1499 1542/1542/1542 1497/1497/1497
f 1542/1542/1542 1543/1543/1543 1497/1497/1497
f 1497/1497/1497 1543/1543/1543 1495/1495/1495
f 1543/1543/1543 1544/1544/1544 1495/1495/1495
f 1495/1495/1495 1544/1544/1544 1494/1494/1494
f 1544/1544/1544 1545/1545/1545 1494/1494/1494
f 1494/1494/1494 1545/1545/1545 1493/1493/1493
f 1545/1545/1545 1546/1546/1546 1493/1493/1493
f 1493/1493/1493 1546/1546/1546 1485/1485/1485
f 1546/1546/1546 1486/1486/1486 1485/1485/1485
f 1541/1541/1541 1540/1540/1540 1547/1547/1547
f 1540/1540/1540 1548/1548/1548 1547/1547/1547
f 1547/1547/1547 1548/1548/1548 1549/1549/1549
f 1548/1548/1548 1550/1550/1550 1549/1549/1549
f 1549/1549/1549 1550/1550/1550 1551/1551/1551
f 1550/1550/1550 1552/1552/1552 1551/1551/1551
f 1551/1551/1551 1552/1552/1552 1545/1545/1545
f 1552/1552/1552 1553/1553/1553 1545/1545/1545
f 1545/1545/1545 1553/1553/1553 1546/1546/1546
f 1553/1553/1553 1554/1554/1554 1546/1546/1546
f 1546/1546/1546 1554/1554/1554 1486/1486/1486
f 1554/1554/1554 1555/1555/1555 1486/1486/1486
f 1486/1486/1486 1555/1555/1555 1556/1556/1556
f 1555/1555/1555 1557/1557/1557 1556/1556/1556
f 1556/1556/1556 1557/1557/1557 1558/1558/1558
f 1557/1557/1557 1559/1559/1559 1558/1558/1558
f 1558/1558/1558 1559/1559/1559 1560/1560/1560
f 1559/1559/1559 1561/1561/1561 1560/1560/1560
f 1560/1560/1560 1561/1561/1561 1488/1488/1488
f 1561/1561/1561 1562/1562/1562 1488/1488/1488
f 1488/1488/1488 1562/1562/1562 1563/1563/1563
f 1562/1562/1562 1564/1564/1564 1563/1563/1563
f 1563/1563/1563 1564/1564/1564 1492/1492/1492
f 1540/1540/1540 1539/1539/1539 1548/1548/1548
f 1539/1539/1539 1565/1565/1565 1548/1548/1548
f 1548/1548/1548 1565/1565/1565 1550/1550/1550
f 1565/1565/1565 1566/1566/1566 1550/1550/1550
f 1550/1550/1550 1566/1566/1566 1552/1552/1552
f 1566/1566/1566 1567/1567/1567 1552/1552/1552
f 1552/1552/1552 1567/1567/1567 1553/1553/1553
f 1567/1567/1567 1568/1568/1568 1553/1553/1553
f 1553/1553/1553 1568/1568/1568 1554/1554/1554
f 1568/1568/1568 1569/1569/1569 1554/1554/1554
f 1554/1554/1554 1569/1569/1569 1555/1555/1555
f 1569/1569/1569 1570/1570/1570 1555/1555/1555
f 1555/1555/1555 1570/1570/1570 1557/1557/1557
f 1570/1570/1570 1571/1571/1571 1557/1557/1557
f 1557/1557/1557 1571/1571/1571 1559/1559/1559
f 1571/1571/1571 1572/1572/1572 1559/1559/1559
f 1559/1559/1559 1572/1572/1572 1561/1561/1561
f 1572/1572/1572 1573/1573/1573 1561/1561/1561
f 1561/1561/1561 1573/1573/1573 1562/1562/1562
f 1573/1573/1573 1574/1574/1574 1562/1562/1562
f 1562/1562/1562 1574/1574/1574 1564/1564/1564
f 1539/1539/1539 1575/1575/1575 1565/1565/1565
f 1575/1575/1575 1576/1576/1576 1565/1565/1565
f 1565/1565/1565 1576/1576/1576 1566/1566/1566
f 1576/1576/1576 1577/1577/1577 1566/1566/1566
f 1566/1566/1566 1577/1577/1577 1578/1578/1578
f 1577/1577/1577 1579/1579/1579 1578/1578/1578
f 1578/1578/1578 1579/1579/1579 1580/1580/1580
f 1579/1579/1579 1581/1581/1581 1580/1580/1580
f 1580/1580/1580 1581/1581/1581 1582/1582/1582
f 1581/1581/1581 1583/1583/1583 1582/1582/1582
f 1582/1582/1582 1583/1583/1583 1570/1570/1570
f 1583/1583/1583 1584/1584/1584 1570/1570/1570
f 1570/1570/1570 1584/1584/1584 1571/1571/1571
f 1584/1584/1584 1585/1585/1585 1571/1571/1571
f 1571/1571/1571 1585/1585/1585 1572/1572/1572
f 1575/1575/1575 1586/1586/1586 1576/1576/1576
f 1586/1586/1586 1587/1587/1587 1576/1576/1576
f 1576/1576/1576 1587/1587/1587 1577/1577/1577
f 1587/1587/1587 1588/1588/1588 1577/1577/1577
f 1577/1577/1577 1588/1588/1588 1579/1579/1579
f 1588/1588/1588 1589/1589/1589 1579/1579/1579
f 1579/1579/1579 1589/1589/1589 1581/1581/1581
f 1589/1589/1589 1590/1590/1590 1581/1581/1581
f 1581/1581/1581 1590/1590/1590 1583/1583/1583
f 1590/1590/1590 1591/1591/1591 1583/1583/1583
f 1583/1583/1583 1591/1591/1591 1584/1584/1584
f 1591/1591/1591 1592/1592/1592 1584/1584/1584
f 1584/1584/1584 1592/1592/1592 1585/1585/1585
f 1587/1587/1587 1586/1586/1586 1593/1593/1593
f 1586/1586/1586 1575/1575/1575 1593/1593/1593
f 1593/1593/1593 1575/1575/1575 1594/1594/1594
f 1575/1575/1575 1539/1539/1539 1594/1594/1594
f 1594/1594/1594 1539/1539/1539 1595/1595/1595
f 1539/1539/1539 1596/1596/1596 1595/1595/1595
f 1595/1595/1595 1596/1596/1596 1597/1597/1597
f 1596/1596/1596 1535/1535/1535 1597/1597/1597
f 1597/1597/1597 1535/1535/1535 1598/1598/1598
f 1535/1535/1535 1599/1599/1599 1598/1598/1598
f 1598/1598/1598 1599/1599/1599 1600/1600/1600
f 1599/1599/1599 1601/1601/1601 1600/1600/1600
f 1600/1600/1600 1601/1601/1601 1602/1602/1602
f 1601/1601/1601 1603/1603/1603 1602/1602/1602
f 1602/1602/1602 1603/1603/1603 1604/1604/1604
f 1603/1603/1603 1533/1533/1533 1604/1604/1604
f 1604/1604/1604 1533/1533/1533 1605/1605/1605
f 1533/1533/1533 1606/1606/1606 1605/1605/1605
f 1605/1605/1605 1606/1606/1606 1607/1607/1607
f 1606/1606/1606 1529/1529/1529 1607/1607/1607
f 1607/1607/1607 1529/1529/1529 1608/1608/1608
f 1529/1529/1529 1609/1609/1609 1608/1608/1608
f 1608/1608/1608 1609/1609/1609 1610/1610/1610
f 1609/1609/1609 1611/1611/1611 1610/1610/1610
f 1610/1610/1610 1611/1611/1611 1612/1612/1612
f 1611/1611/1611 1613/1613/1613 1612/1612/1612
f 1612/1612/1612 1613/1613/1613 1614/1614/1614
f 1613/1613/1613 1615/1615/1615 1614/1614/1614
f 1614/1614/1614 1615/1615/1615 1616/1616/1616
f 1616/1616/1616 1617/1617/1617 1614/1614/1614
f 1617/1617/1617 1618/1618/1618 1614/1614/1614
f 1614/1614/1614 1618/1618/1618 1612/1612/1612
f 1618/1618/1618 1619/1619/1619 1612/1612/1612
f 1612/1612/1612 1619/1619/1619 1610/1610/1610
f 1619/1619/1619 1620/1620/1620 1610/1610/1610
f 1610/1610/1610 1620/1620/1620 1608/1608/1608
f 1620/1620/1620 1621/1621/1621 1608/1608/1608
f 1608/1608/1608 1621/1621/1621 1607/1607/1607
f 1621/1621/1621 1622/1622/1622 1607/1607/1607
f 1607/1607/1607 1622/1622/1622 1605/1605/1605
f 1622/1622/1622 1623/1623/1623 1605/1605/1605
f 1605/1605/1605 1623/1623/1623 1604/1604/1604
f 1623/1623/1623 1624/1624/1624 1604/1604/1604
f 1604/1604/1604 1624/1624/1624 1602/1602/1602
f 1624/1624/1624 1625/1625/1625 1602/1602/1602
f 1602/1602/1602 1625/1625/1625 1600/1600/1600
f 1625/1625/1625 1626/1626/1626 1600/1600/1600
f 1600/1600/1600 1626/1626/1626 1598/1598/1598
f 1626/1626/1626 1627/1627/1627 1598/1598/1598
f 1598/1598/1598 1627/1627/1627 1597/1597/1597
f 1627/1627/1627 1628/1628/1628 1597/1597/1597
f 1597/1597/1597 1628/1628/1628 1595/1595/1595
f 1628/1628/1628 1629/1629/1629 1595/1595/1595
f 1595/1595/1595 1629/1629/1629 1594/1594/1594
f 1629/1629/1629 1630/1630/1630 1594/1594/1594
f 1594/1594/1594 1630/1630/1630 1593/1593/1593
f 1630/1630/1630 1631/1631/1631 1593/1593/1593
f 1593/1593/1593 1631/1631/1631 1587/1587/1587
f 1631/1631/1631 1588/1588/1588 1587/1587/1587
f 1618/1618/1618 1632/1632/1632 1619/1619/1619
f 1632/1632/1632 1633/1633/1633 1619/1619/1619
f 1619/1619/1619 1633/1633/1633 1620/1620/1620
f 1633/1633/1633 1634/1634/1634 1620/1620/1620
f 1620/1620/1620 1634/1634/1634 1635/1635/1635
f 1634/1634/1634 1636/1636/1636 1635/1635/1635
f 1635/1635/1635 1636/1636/1636 1637/1637/1637
f 1636/1636/1636 1638/1638/1638 1637/1637/1637
f 1637/1637/1637 1638/1638/1638 1639/1639/1639
f 1638/1638/1638 1640/1640/1640 1639/1639/1639
f 1639/1639/1639 1640/1640/1640 1624/1624/1624
f 1640/1640/1640 1641/1641/1641 1624/1624/1624
f 1624/1624/1624 1641/1641/1641 1625/1625/1625
f 1641/1641/1641 1642/1642/1642 1625/1625/1625
f 1625/1625/1625 1642/1642/1642 1626/1626/1626
f 1642/1642/1642 1643/1643/1643 1626/1626/1626
f 1626/1626/1626 1643/1643/1643 1644/1644/1644
f 1643/1643/1643 1645/1645/1645 1644/1644/1644
f 1644/1644/1644 1645/1645/1645 1646/1646/1646
f 1645/1645/1645 1647/1647/1647 1646/1646/1646
f 1646/1646/1646 1647/1647/1647 1648/1648/1648
f 1647/1647/1647 1649/1649/1649 1648/1648/1648
f 1648/1648/1648 1649/1649/1649 1630/1630/1630
f 1649/1649/1649 1650/1650/1650 1630/1630/1630
f 1630/1630/1630 1650/1650/1650 1631/1631/1631
f 1650/1650/1650 1651/1651/1651 1631/1631/1631
f 1631/1631/1631 1651/1651/1651 1588/1588/1588
f 1651/1651/1651 1652/1652/1652 1588/1588/1588
f 1588/1588/1588 1652/1652/1652 1653/1653/1653
f 1652/1652/1652 1654/1654/1654 1653/1653/1653
f 1653/1653/1653 1654/1654/1654 1655/1655/1655
f 1632/1632/1632 1656/1656/1656 1633/1633/1633
f 1656/1656/1656 1657/1657/1657 1633/1633/1633
f 1633/1633/1633 1657/1657/1657 1634/1634/1634
f 1657/1657/1657 1658/1658/1658 1634/1634/1634
f 1634/1634/1634 1658/1658/1658 1636/1636/1636
f 1658/1658/1658 1659/1659/1659 1636/1636/1636
f 1636/1636/1636 1659/1659/1659 1638/1638/1638
f 1659/1659/1659 1660/1660/1660 1638/1638/1638
f 1638/1638/1638 1660/1660/1660 1640/1640/1640
f 1660/1660/1660 1661/1661/1661 1640/1640/1640
f 1640/1640/1640 1661/1661/1661 1641/1641/1641
f 1661/1661/1661 1662/1662/1662 1641/1641/1641
f 1641/1641/1641 1662/1662/1662 1642/1642/1642
f 1662/1662/1662 1663/1663/1663 1642/1642/1642
f 1642/1642/1642 1663/1663/1663 1643/1643/1643
f 1663/1663/1663 1664/1664/1664 1643/1643/1643
f 1643/1643/1643 1664/1664/1664 1645/1645/1645
f 1664/1664/1664 1665/1665/1665 1645/1645/1645
f 1645/1645/1645 1665/1665/1665 1647/1647/1647
f 1665/1665/1665 1666/1666/1666 1647/1647/1647
f 1647/1647/1647 1666/1666/1666 1649/1649/1649
f 1666/1666/1666 1667/1667/1667 1649/1649/1649
f 1649/1649/1649 1667/1667/1667 1650/1650/1650
f 1667/1667/1667 1668/1668/1668 1650/1650/1650
f 1650/1650/1650 1668/1668/1668 1651/1651/1651
f 1668/1668/1668 1669/1669/1669 1651/1651/1651
f 1651/1651/1651 1669/1669/1669 1652/1652/1652
f 1669/1669/1669 1670/1670/1670 1652/1652/1652
f 1652/1652/1652 1670/1670/1670 1654/1654/1654
f 1658/1658/1658 1671/1671/1671 1659/1659/1659
f 1671/1671/1671 1672/1672/1672 1659/1659/1659
f 1659/1659/1659 1672/1672/1672 1660/1660/1660
f 1672/1672/1672 1673/1673/1673 1660/1660/1660
f 1660/1660/1660 1673/1673/1673 1674/1674/1674
f 1673/1673/1673 1675/1675/1675 1674/1674/1674
f 1674/1674/1674 1675/1675/1675 1676/1676/1676
f 1675/1675/1675 1677/1677/1677 1676/1676/1676
f 1676/1676/1676 1677/1677/1677 1678/1678/1678
f 1677/1677/1677 1679/1679/1679 1678/1678/1678
f 1678/1678/1678 1679/1679/1679 1664/1664/1664
f 1679/1679/1679 1680/1680/1680 1664/1664/1664
f 1664/1664/1664 1680/1680/1680 1665/1665/1665
f 1680/1680/1680 1681/1681/1681 1665/1665/1665
f 1665/1665/1665 1681/1681/1681 1666/1666/1666
f 1681/1681/1681 1682/1682/1682 1666/1666/1666
f 1666/1666/1666 1682/1682/1682 1683/1683/1683
f 1682/1682/1682 1684/1684/1684 1683/1683/1683
f 1683/1683/1683 1684/1684/1684 1685/1685/1685
f 1671/1671/1671 1686/1686/1686 1672/1672/1672
f 1686/1686/1686 1687/1687/1687 1672/1672/1672
f 1672/1672/1672 1687/1687/1687 1673/1673/1673
f 1687/1687/1687 1688/1688/1688 1673/1673/1673
f 1673/1673/1673 1688/1688/1688 1675/1675/1675
f 1688/1688/1688 1689/1689/1689 1675/1675/1675
f 1675/1675/1675 1689/1689/1689 1677/1677/1677
f 1689/1689/1689 1690/1690/1690 1677/1677/1677
f 1677/1677/1677 1690/1690/1690 1679/1679/1679
f 1690/1690/1690 1691/1691/1691 1679/1679/1679
f 1679/1679/1679 1691/1691/1691 1680/1680/1680
f 1691/1691/1691 1692/1692/1692 1680/1680/1680
f 1680/1680/1680 1692/1692/1692 1681/1681/1681
f 1692/1692/1692 1693/1693/1693 1681/1681/1681
f 1681/1681/1681 1693/1693/1693 1682/1682/1682
f 1693/1693/1693 1694/1694/1694 1682/1682/1682
f 1682/1682/1682 1694/1694/1694 1684/1684/1684
f 1687/1687/1687 1686/1686/1686 1695/1695/1695
f 1686/1686/1686 1671/1671/1671 1695/1695/1695
f 1695/1695/1695 1671/1671/1671 1696/1696/1696
f 1671/1671/1671 1658/1658/1658 1696/1696/1696
f 1696/1696/1696 1658/1658/1658 1697/1697/1697
f 1658/1658/1658 1698/1698/1698 1697/1697/1697
f 1697/1697/1697 1698/1698/1698 1699/1699/1699
f 1698/1698/1698 1700/1700/1700 1699/1699/1699
f 1699/1699/1699 1700/1700/1700 1701/1701/1701
f 1700/1700/1700 1702/1702/1702 1701/1701/1701
f 1701/1701/1701 1702/1702/1702 1703/1703/1703
f 1702/1702/1702 1704/1704/1704 1703/1703/1703
f 1703/1703/1703 1704/1704/1704 1705/1705/1705
f 1704/1704/1704 1706/1706/1706 1705/1705/1705
f 1705/1705/1705 1706/1706/1706 1707/1707/1707
f 1706/1706/1706 1708/1708/1708 1707/1707/1707
f 1707/1707/1707 1708/1708/1708 1709/1709/1709
f 1708/1708/1708 1710/1710/1710 1709/1709/1709
f 1709/1709/1709 1710/1710/1710 1711/1711/1711
f 1710/1710/1710 1712/1712/1712 1711/1711/1711
f 1711/1711/1711 1712/1712/1712 1713/1713/1713
f 1712/1712/1712 1714/1714/1714 1713/1713/1713
f 1713/1713/1713 1714/1714/1714 1715/1715/1715
f 1714/1714/1714 1716/1716/1716 1715/1715/1715
f 1715/1715/1715 1716/1716/1716 1717/1717/1717
f 1717/1717/1717 1718/1718/1718 1715/1715/1715
f 1718/1718/1718 1719/1719/1719 1715/1715/1715
f 1715/1715/1715 1719/1719/1719 1713/1713/1713
f 1719/1719/1719 1720/1720/1720 1713/1713/1713
f 1713/1713/1713 1720/1720/1720 1711/1711/1711
f 1720/1720/1720 1721/1721/1721 1711/1711/1711
f 1711/1711/1711 1721/1721/1721 1709/1709/1709
f 1721/1721/1721 1722/1722/1722 1709/1709/1709
f 1709/1709/1709 1722/1722/1722 1707/1707/1707
f 1722/1722/1722 1723/1723/1723 1707/1707/1707
f 1707/1707/1707 1723/1723/1723 1705/1705/1705
f 1723/1723/1723 1724/1724/1724 1705/1705/1705
f 1705/1705/1705 1724/1724/1724 1703/1703/1703
f 1724/1724/1724 1725/1725/1725 1703/1703/1703
f 1703/1703/1703 1725/1725/1725 1701/1701/1701
f 1725/1725/1725 1726/1726/1726 1701/1701/1701
f 1701/1701/1701 1726/1726/1726 1699/1699/1699
f 1726/1726/1726 1727/1727/1727 1699/1699/1699
f 1699/1699/1699 1727/1727/1727 1697/1697/1697
f 1727/1727/1727 1728/1728/1728 1697/1697/1697
f 1697/1697/1697 1728/1728/1728 1696/1696/1696
f 1728/1728/1728 1729/1729/1729 1696/1696/1696
f 1696/1696/1696 1729/1729/1729 1695/1695/1695
f 1729/1729/1729 1730/1730/1730 1695/1695/1695
f 1695/1695/1695 1730/1730/1730 1687/1687/1687
f 1730/1730/1730 1688/1688/1688 1687/1687/1687
f 1718/1718/1718 1731/1731/1731 1719/1719/1719
f 1731/1731/1731 1732/1732/1732 1719/1719/1719
f 1719/1719/1719 1732/1732/1732 1733/1733/1733
f 1732/1732/1732 1734/1734/1734 1733/1733/1733
f 1733/1733/1733 1734/1734/1734 1735/1735/1735
f 1734/1734/1734 1736/1736/1736 1735/1735/1735
f 1735/1735/1735 1736/1736/1736 1737/1737/1737
f 1736/1736/1736 1738/1738/1738 1737/1737/1737
f 1737/1737/1737 1738/1738/1738 1723/1723/1723
f 1738/1738/1738 1739/1739/1739 1723/1723/1723
f 1723/1723/1723 1739/1739/1739 1724/1724/1724
f 1739/1739/1739 1740/1740/1740 1724/1724/1724
f 1724/1724/1724 1740/1740/1740 1725/1725/1725
f 1740/1740/1740 1741/1741/1741 1725/1725/1725
f 1725/1725/1725 1741/1741/1741 1742/1742/1742
f 1741/1741/1741 1743/1743/1743 1742/1742/1742
f 1742/1742/1742 1743/1743/1743 1744/1744/1744
f 1743/1743/1743 1745/1745/1745 1744/1744/1744
f 1744/1744/1744 1745/1745/1745 1746/1746/1746
f 1745/1745/1745 1747/1747/1747 1746/1746/1746
f 1746/1746/1746 1747/1747/1747 1729/1729/1729
f 1747/1747/1747 1748/1748/1748 1729/1729/1729
f 1729/1729/1729 1748/1748/1748 1730/1730/1730
f 1748/1748/1748 1749/1749/1749 1730/1730/1730
f 1730/1730/1730 1749/1749/1749 1688/1688/1688
f 1749/1749/1749 1750/1750/1750 1688/1688/1688
f 1688/1688/1688 1750/1750/1750 1751/1751/1751
f 1750/1750/1750 1752/1752/1752 1751/1751/1751
f 1751/1751/1751 1752/1752/1752 1753/1753/1753
f 1752/1752/1752 1754/1754/1754 1753/1753/1753
f 1753/1753/1753 1754/1754/1754 1755/1755/1755
f 1754/1754/1754 1756/1756/1756 1755/1755/1755
f 1755/1755/1755 1756/1756/1756 1690/1690/1690
f 1756/1756/1756 1757/1757/1757 1690/1690/1690
f 1690/1690/1690 1757/1757/1757 1758/1758/1758
f 1757/1757/1757 1759/1759/1759 1758/1758/1758
f 1758/1758/1758 1759/1759/1759 1694/1694/1694
f 1731/1731/1731 1760/1760/1760 1732/1732/1732
f 1760/1760/1760 1761/1761/1761 1732/1732/1732
f 1732/1732/1732 1761/1761/1761 1734/1734/1734
f 1761/1761/1761 1762/1762/1762 1734/1734/1734
f 1734/1734/1734 1762/1762/1762 1736/1736/1736
f 1762/1762/1762 1763/1763/1763 1736/1736/1736
f 1736/1736/1736 1763/1763/1763 1738/1738/1738
f 1763/1763/1763 1764/1764/1764 1738/1738/1738
f 1738/1738/1738 1764/1764/1764 1739/1739/1739
f 1764/1764/1764 1765/1765/1765 1739/1739/1739
f 1739/1739/1739 1765/1765/1765 1740/1740/1740
f 1765/1765/1765 1766/1766/1766 1740/1740/1740
f 1740/1740/1740 1766/1766/1766 1741/1741/1741
f 1766/1766/1766 1767/1767/1767 1741/1741/1741
f 1741/1741/1741 1767/1767/1767 1743/1743/1743
f 1767/1767/1767 1768/1768/1768 1743/1743/1743
f 1743/1743/1743 1768/1768/1768 1745/1745/1745
f 1768/1768/1768 1769/1769/1769 1745/1745/1745
f 1745/1745/1745 1769/1769/1769 1747/1747/1747
f 1769/1769/1769 1770/1770/1770 1747/1747/1747
f 1747/1747/1747 1770/1770/1770 1748/1748/1748
f 1770/1770/1770 1771/1771/1771 1748/1748/1748
f 1748/1748/1748 1771/1771/1771 1749/1749/1749
f 1771/1771/1771 1772/1772/1772 1749/1749/1749
f 1749/1749/1749 1772/1772/1772 1750/1750/1750
f 1772/1772/1772 1773/1773/1773 1750/1750/1750
f 1750/1750/1750 1773/1773/1773 1752/1752/1752
f 1773/1773/1773 1774/1774/1774 1752/1752/1752
f 1752/1752/1752 1774/1774/1774 1754/1754/1754
f 1774/1774/1774 1775/1775/1775 1754/1754/1754
f 1754/1754/1754 1775/1775/1775 1756/1756/1756
f 1775/1775/1775 1776/1776/1776 1756/1756/1756
f 1756/1756/1756 1776/1776/1776 1757/1757/1757
f 1776/1776/1776 1777/1777/1777 1757/1757/1757
f 1757/1757/1757 1777/1777/1777 1759/1759/1759
f 1761/1761/1761 1778/1778/1778 1762/1762/1762
f 1778/1778/1778 1779/1779/1779 1762/1762/1762
f 1762/1762/1762 1779/1779/1779 1763/1763/1763
f 1779/1779/1779 1780/1780/1780 1763/1763/1763
f 1763/1763/1763 1780/1780/1780 1781/1781/1781
f 1780/1780/1780 1782/1782/1782 1781/1781/1781
f 1781/1781/1781 1782/1782/1782 1783/1783/1783
f 1782/1782/1782 1784/1784/1784 1783/1783/1783
f 1783/1783/1783 1784/1784/1784 1785/1785/1785
f 1784/1784/1784 1786/1786/1786 1785/1785/1785
f 1785/1785/1785 1786/1786/1786 1767/1767/1767
f 1786/1786/1786 1787/1787/1787 1767/1767/1767
f 1767/1767/1767 1787/1787/1787 1768/1768/1768
f 1787/1787/1787 1788/1788/1788 1768/1768/1768
f 1768/1768/1768 1788/1788/1788 1769/1769/1769
f 1788/1788/1788 1789/1789/1789 1769/1769/1769
f 1769/1769/1769 1789/1789/1789 1790/1790/1790
f 1789/1789/1789 1791/1791/1791 1790/1790/1790
f 1790/1790/1790 1791/1791/1791 1792/1792/1792
f 1791/1791/1791 1793/1793/1793 1792/1792/1792
f 1792/1792/1792 1793/1793/1793 1794/1794/1794
f 1793/1793/1793 1795/1795/1795 1794/1794/1794
f 1794/1794/1794 1795/1795/1795 1773/1773/1773
f 1795/1795/1795 1796/1796/1796 1773/1773/1773
f 1773/1773/1773 1796/1796/1796 1774/1774/1774
f 1796/1796/1796 1797/1797/1797 1774/1774/1774
f 1774/1774/1774 1797/1797/1797 1775/1775/1775
f 1778/1778/1778 1798/1798/1798 1779/1779/1779
f 1798/1798/1798 1799/1799/1799 1779/1779/1779
f 1779/1779/1779 1799/1799/1799 1780/1780/1780
f 1799/1799/1799 1800/1800/1800 1780/1780/1780
f 1780/1780/1780 1800/1800/1800 1782/1782/1782
f 1800/1800/1800 1801/1801/1801 1782/1782/1782
f 1782/1782/1782 1801/1801/1801 1784/1784/1784
f 1801/1801/1801 1802/1802/1802 1784/1784/1784
f 1784/1784/1784 1802/1802/1802 1786/1786/1786
f 1802/1802/1802 1803/1803/1803 1786/1786/1786
f 1786/1786/1786 1803/1803/1803 1787/1787/1787
f 1803/1803/1803 1804/1804/1804 1787/1787/1787
f 1787/1787/1787 1804/1804/1804 1788/1788/1788
f 1804/1804/1804 1805/1805/1805 1788/1788/1788
f 1788/1788/1788 1805/1805/1805 1789/1789/1789
f 1805/1805/1805 1806/1806/1806 1789/1789/1789
f 1789/1789/1789 1806/1806/1806 1791/1791/1791
f 1806/1806/1806 1807/1807/1807 1791/1791/1791
f 1791/1791/1791 1807/1807/1807 1793/1793/1793
f 1807/1807/1807 1808/1808/1808 1793/1793/1793
f 1793/1793/1793 1808/1808/1808 1795/1795/1795
f 1808/1808/1808 1809/1809/1809 1795/1795/1795
f 1795/1795/1795 1809/1809/1809 1796/1796/1796
f 1809/1809/1809 1810/1810/1810 1796/1796/1796
f 1796/1796/1796 1810/1810/1810 1797/1797/1797
f 1800/1800/1800 1811/1811/1811 1801/1801/1801
f 1811/1811/1811 1812/1812/1812 1801/1801/1801
f 1801/1801/1801 1812/1812/1812 1802/1802/1802
f 1812/1812/1812 1813/1813/1813 1802/1802/1802
f 1802/1802/1802 1813/1813/1813 1814/1814/1814
f 1813/1813/1813 1815/1815/1815 1814/1814/1814
f 1814/1814/1814 1815/1815/1815 1816/1816/1816
f 1815/1815/1815 1817/1817/1817 1816/1816/1816
f 1816/1816/1816 1817/1817/1817 1818/1818/1818
f 1817/1817/1817 1819/1819/1819 1818/1818/1818
f 1818/1818/1818 1819/1819/1819 1806/1806/1806
f 1819/1819/1819 1820/1820/1820 1806/1806/1806
f 1806/1806/1806 1820/1820/1820 1807/1807/1807
f 1820/1820/1820 1821/1821/1821 1807/1807/1807
f 1807/1807/1807 1821/1821/1821 1808/1808/1808
f 1811/1811/1811 1822/1822/1822 1812/1812/1812
f 1822/1822/1822 1823/1823/1823 1812/1812/1812
f 1812/1812/1812 1823/1823/1823 1813/1813/1813
f 1823/1823/1823 1824/1824/1824 1813/1813/1813
f 1813/1813/1813 1824/1824/1824 1815/1815/1815
f 1824/1824/1824 1825/1825/1825 1815/1815/1815
f 1815/1815/1815 1825/1825/1825 1817/1817/1817
f 1825/1825/1825 1826/1826/1826 1817/1817/1817
f 1817/1817/1817 1826/1826/1826 1819/1819/1819
f 1826/1826/1826 1827/1827/1827 1819/1819/1819
f 1819/1819/1819 1827/1827/1827 1820/1820/1820
f 1827/1827/1827 1828/1828/1828 1820/1820/1820
f 1820/1820/1820 1828/1828/1828 1821/1821/1821
f 1823/1823/1823 1822/1822/1822 1829/1829/1829
f 1822/1822/1822 1811/1811/1811 1829/1829/1829
f 1829/1829/1829 1811/1811/1811 1830/1830/1830
f 1811/1811/1811 1800/1800/1800 1830/1830/1830
f 1830/1830/1830 1800/1800/1800 1831/1831/1831
f 1800/1800/1800 1832/1832/1832 1831/1831/1831
f 1831/1831/1831 1832/1832/1832 1833/1833/1833
f 1832/1832/1832 1834/1834/1834 1833/1833/1833
f 1833/1833/1833 1834/1834/1834 1835/1835/1835
f 1834/1834/1834 1836/1836/1836 1835/1835/1835
f 1835/1835/1835 1836/1836/1836 1837/1837/1837
f 1836/1836/1836 1838/1838/1838 1837/1837/1837
f 1837/1837/1837 1838/1838/1838 1839/1839/1839
f 1838/1838/1838 1840/1840/1840 1839/1839/1839
f 1839/1839/1839 1840/1840/1840 1841/1841/1841
f 1840/1840/1840 1842/1842/1842 1841/1841/1841
f 1841/1841/1841 1842/1842/1842 1843/1843/1843
f 1842/1842/1842 1844/1844/1844 1843/1843/1843
f 1843/1843/1843 1844/1844/1844 1845/1845/1845
f 1844/1844/1844 1846/1846/1846 1845/1845/1845
f 1845/1845/1845 1846/1846/1846 1847/1847/1847
f 1846/1846/1846 1848/1848/1848 1847/1847/1847
f 1847/1847/1847 1848/1848/1848 1849/1849/1849
f 1848/1848/1848 1850/1850/1850 1849/1849/1849
f 1849/1849/1849 1850/1850/1850 1851/1851/1851
f 1850/1850/1850 1852/1852/1852 1851/1851/1851
f 1851/1851/1851 1852/1852/1852 1853/1853/1853
f 1852/1852/1852 1854/1854/1854 1853/1853/1853
f 1853/1853/1853 1854/1854/1854 1855/1855/1855
f 1855/1855/1855 1856/1856/1856 1853/1853/1853
f 1856/1856/1856 1857/1857/1857 1853/1853/1853
f 1853/1853/1853 1857/1857/1857 1851/1851/1851
f 1857/1857/1857 1858/1858/1858 1851/1851/1851
f 1851/1851/1851 1858/1858/1858 1849/1849/1849
f 1858/1858/1858 1859/1859/1859 1849/1849/1849
f 1849/1849/1849 1859/1859/1859 1847/1847/1847
f 1859/1859/1859 1860/1860/1860 1847/1847/1847
f 1847/1847/1847 1860/1860/1860 1845/1845/1845
f 1860/1860/1860 1861/1861/1861 1845/1845/1845
f 1845/1845/1845 1861/1861/1861 1843/1843/1843
f 1861/1861/1861 1862/1862/1862 1843/1843/1843
f 1843/1843/1843 1862/1862/1862 1841/1841/1841
f 1862/1862/1862 1863/1863/1863 1841/1841/1841
f 1841/1841/1841 1863/1863/1863 1839/1839/1839
f 1863/1863/1863 1864/1864/1864 1839/1839/1839
f 1839/1839/1839 1864/1864/1864 1837/1837/1837
f 1864/1864/1864 1865/1865/1865 1837/1837/1837
f 1837/1837/1837 1865/1865/1865 1835/1835/1835
f 1865/1865/1865 1866/1866/1866 1835/1835/1835
f 1835/1835/1835 1866/1866/1866 1833/1833/1833
f 1866/1866/1866 1867/1867/1867 1833/1833/1833
f 1833/1833/1833 1867/1867/1867 1831/1831/1831
f 1867/1867/1867 1868/1868/1868 1831/1831/1831
f 1831/1831/1831 1868/1868/1868 1830/1830/1830
f 1868/1868/1868 1869/1869/1869 1830/1830/1830
f 1830/1830/1830 1869/1869/1869 1829/1829/1829
f 1869/1869/1869 1870/1870/1870 1829/1829/1829
f 1829/1829/1829 1870/1870/1870 1823/1823/1823
f 1870/1870/1870 1824/1824/1824 1823/1823/1823
f 1857/1857/1857 1871/1871/1871 1858/1858/1858
f 1871/1871/1871 1872/1872/1872 1858/1858/1858
f 1858/1858/1858 1872/1872/1872 1859/1859/1859
f 1872/1872/1872 1873/1873/1873 1859/1859/1859
f 1859/1859/1859 1873/1873/1873 1874/1874/1874
f 1873/1873/1873 1875/1875/1875 1874/1874/1874
f 1874/1874/1874 1875/1875/1875 1876/1876/1876
f 1875/1875/1875 1877/1877/1877 1876/1876/1876
f 1876/1876/1876 1877/1877/1877 1878/1878/1878
f 1877/1877/1877 1879/1879/1879 1878/1878/1878
f 1878/1878/1878 1879/1879/1879 1863/1863/1863
f 1879/1879/1879 1880/1880/1880 1863/1863/1863
f 1863/1863/1863 1880/1880/1880 1864/1864/1864
f 1880/1880/1880 1881/1881/1881 1864/1864/1864
f 1864/1864/1864 1881/1881/1881 1865/1865/1865
f 1881/1881/1881 1882/1882/1882 1865/1865/1865
f 1865/1865/1865 1882/1882/1882 1883/1883/1883
f 1882/1882/1882 1884/1884/1884 1883/1883/1883
f 1883/1883/1883 1884/1884/1884 1885/1885/1885
f 1884/1884/1884 1886/1886/1886 1885/1885/1885
f 1885/1885/1885 1886/1886/1886 1887/1887/1887
f 1886/1886/1886 1888/1888/1888 1887/1887/1887
f 1887/1887/1887 1888/1888/1888 1889/1889/1889
f 1888/1888/1888 1890/1890/1890 1889/1889/1889
f 1889/1889/1889 1890/1890/1890 1891/1891/1891
f 1890/1890/1890 1892/1892/1892 1891/1891/1891
f 1891/1891/1891 1892/1892/1892 1893/1893/1893
f 1892/1892/1892 1894/1894/1894 1893/1893/1893
f 1893/1893/1893 1894/1894/1894 1895/1895/1895
f 1894/1894/1894 1896/1896/1896 1895/1895/1895
f 1895/1895/1895 1896/1896/1896 1897/1897/1897
f 1896/1896/1896 1898/1898/1898 1897/1897/1897
f 1897/1897/1897 1898/1898/1898 1899/1899/1899
f 1898/1898/1898 1900/1900/1900 1899/1899/1899
f 1899/1899/1899 1900/1900/1900 1901/1901/1901
f 1900/1900/1900 1902/1902/1902 1901/1901/1901
f 1871/1871/1871 1903/1903/1903 1872/1872/1872
f 1903/1903/1903 1904/1904/1904 1872/1872/1872
f 1872/1872/1872 1904/1904/1904 1873/1873/1873
f 1904/1904/1904 1905/1905/1905 1873/1873/1873
f 1873/1873/1873 1905/1905/1905 1875/1875/1875
f 1905/1905/1905 1906/1906/1906 1875/1875/1875
f 1875/1875/1875 1906/1906/1906 1877/1877/1877
f 1906/1906/1906 1907/1907/1907 1877/1877/1877
f 1877/1877/1877 1907/1907/1907 1879/1879/1879
f 1907/1907/1907 1908/1908/1908 1879/1879/1879
f 1879/1879/1879 1908/1908/1908 1880/1880/1880
f 1908/1908/1908 1909/1909/1909 1880/1880/1880
f 1880/1880/1880 1909/1909/1909 1881/1881/1881
f 1909/1909/1909 1910/1910/1910 1881/1881/1881
f 1881/1881/1881 1910/1910/1910 1882/1882/1882
f 1910/1910/1910 1911/1911/1911 1882/1882/1882
f 1882/1882/1882 1911/1911/1911 1884/1884/1884
f 1911/1911/1911 1912/1912/1912 1884/1884/1884
f 1884/1884/1884 1912/1912/1912 1886/1886/1886
f 1912/1912/1912 1913/1913/1913 1886/1886/1886
f 1886/1886/1886 1913/1913/1913 1888/1888/1888
f 1913/1913/1913 1914/1914/1914 1888/1888/1888
f 1888/1888/1888 1914/1914/1914 1890/1890/1890
f 1914/1914/1914 1915/1915/1915 1890/1890/1890
f 1890/1890/1890 1915/1915/1915 1892/1892/1892
f 1915/1915/1915 1916/1916/1916 1892/1892/1892
f 1892/1892/1892 1916/1916/1916 1894/1894/1894
f 1916/1916/1916 1917/1917/1917 1894/1894/1894
f 1894/1894/1894 1917/1917/1917 1896/1896/1896
f 1917/1917/1917 1918/1918/1918 1896/1896/1896
f 1896/1896/1896 1918/1918/1918 1898/1898/1898
f 1918/1918/1918 1919/1919/1919 1898/1898/1898
f 1898/1898/1898 1919/1919/1919 1900/1900/1900
f 1919/1919/1919 1920/1920/1920 1900/1900/1900
f 1900/1900/1900 1920/1920/1920 1902/1902/1902
f 1920/1920/1920 1921/1921/1921 1902/1902/1902
f 1909/1909/1909 1908/1908/1908 1910/1910/1910
f 1908/1908/1908 1922/1922/1922 1910/1910/1910
f 1910/1910/1910 1922/1922/1922 1911/1911/1911
f 1922/1922/1922 1923/1923/1923 1911/1911/1911
f 1911/1911/1911 1923/1923/1923 1912/1912/1912
f 1923/1923/1923 1924/1924/1924 1912/1912/1912
f 1912/1912/1912 1924/1924/1924 1913/1913/1913
f 1924/1924/1924 1925/1925/1925 1913/1913/1913
f 1913/1913/1913 1925/1925/1925 1926/1926/1926
f 1925/1925/1925 1927/1927/1927 1926/1926/1926
f 1926/1926/1926 1927/1927/1927 1928/1928/1928
f 1927/1927/1927 1929/1929/1929 1928/1928/1928
f 1928/1928/1928 1929/1929/1929 1930/1930/1930
f 1929/1929/1929 1931/1931/1931 1930/1930/1930
f 1930/1930/1930 1931/1931/1931 1917/1917/1917
f 1931/1931/1931 1932/1932/1932 1917/1917/1917
f 1917/1917/1917 1932/1932/1932 1918/1918/1918
f 1932/1932/1932 1933/1933/1933 1918/1918/1918
f 1918/1918/1918 1933/1933/1933 1919/1919/1919
f 1933/1933/1933 1934/1934/1934 1919/1919/1919
f 1919/1919/1919 1934/1934/1934 1935/1935/1935
f 1934/1934/1934 1936/1936/1936 1935/1935/1935
f 1935/1935/1935 1936/1936/1936 1937/1937/1937
f 1936/1936/1936 1938/1938/1938 1937/1937/1937
f 1937/1937/1937 1938/1938/1938 1939/1939/1939
f 1938/1938/1938 1940/1940/1940 1939/1939/1939
f 1939/1939/1939 1940/1940/1940 1941/1941/1941
f 1940/1940/1940 1942/1942/1942 1941/1941/1941
f 1908/1908/1908 1907/1907/1907 1922/1922/1922
f 1907/1907/1907 1943/1943/1943 1922/1922/1922
f 1922/1922/1922 1943/1943/1943 1923/1923/1923
f 1943/1943/1943 1944/1944/1944 1923/1923/1923
f 1923/1923/1923 1944/1944/1944 1924/1924/1924
f 1944/1944/1944 1945/1945/1945 1924/1924/1924
f 1924/1924/1924 1945/1945/1945 1925/1925/1925
f 1945/1945/1945 1946/1946/1946 1925/1925/1925
f 1925/1925/1925 1946/1946/1946 1927/1927/1927
f 1946/1946/1946 1947/1947/1947 1927/1927/1927
f 1927/1927/1927 1947/1947/1947 1929/1929/1929
f 1947/1947/1947 1948/1948/1948 1929/1929/1929
f 1929/1929/1929 1948/1948/1948 1931/1931/1931
f 1948/1948/1948 1949/1949/1949 1931/1931/1931
f 1931/1931/1931 1949/1949/1949 1932/1932/1932
f 1949/1949/1949 1950/1950/1950 1932/1932/1932
f 1932/1932/1932 1950/1950/1950 1933/1933/1933
f 1950/1950/1950 1951/1951/1951 1933/1933/1933
f 1933/1933/1933 1951/1951/1951 1934/1934/1934
f 1951/1951/1951 1952/1952/1952 1934/1934/1934
f 1934/1934/1934 1952/1952/1952 1936/1936/1936
f 1952/1952/1952 1953/1953/1953 1936/1936/1936
f 1936/1936/1936 1953/1953/1953 1938/1938/1938
f 1953/1953/1953 1954/1954/1954 1938/1938/1938
f 1938/1938/1938 1954/1954/1954 1940/1940/1940
f 1954/1954/1954 1955/1955/1955 1940/1940/1940
f 1940/1940/1940 1955/1955/1955 1942/1942/1942
f 1955/1955/1955 1956/1956/1956 1942/1942/1942
f 1946/1946/1946 1957/1957/1957 1947/1947/1947
f 1957/1957/1957 1958/1958/1958 1947/1947/1947
f 1947/1947/1947 1958/1958/1958 1948/1948/1948
f 1958/1958/1958 1959/1959/1959 1948/1948/1948
f 1948/1948/1948 1959/1959/1959 1960/1960/1960
f 1959/1959/1959 1961/1961/1961 1960/1960/1960
f 1960/1960/1960 1961/1961/1961 1962/1962/1962
f 1961/1961/1961 1963/1963/1963 1962/1962/1962
f 1962/1962/1962 1963/1963/1963 1964/1964/1964
f 1963/1963/1963 1965/1965/1965 1964/1964/1964
f 1964/1964/1964 1965/1965/1965 1952/1952/1952
f 1965/1965/1965 1966/1966/1966 1952/1952/1952
f 1952/1952/1952 1966/1966/1966 1953/1953/1953
f 1966/1966/1966 1967/1967/1967 1953/1953/1953
f 1953/1953/1953 1967/1967/1967 1954/1954/1954
f 1967/1967/1967 1968/1968/1968 1954/1954/1954
f 1954/1954/1954 1968/1968/1968 1969/1969/1969
f 1968/1968/1968 1970/1970/1970 1969/1969/1969
f 1969/1969/1969 1970/1970/1970 1971/1971/1971
f 1970/1970/1970 1972/1972/1972 1971/1971/1971
f 1971/1971/1971 1972/1972/1972 1973/1973/1973
f 1972/1972/1972 1974/1974/1974 1973/1973/1973
f 1973/1973/1973 1974/1974/1974 1975/1975/1975
f 1974/1974/1974 1976/1976/1976 1975/1975/1975
f 1957/1957/1957 1977/1977/1977 1958/1958/1958
f 1977/1977/1977 1978/1978/1978 1958/1958/1958
f 1958/1958/1958 1978/1978/1978 1959/1959/1959
f 1978/1978/1978 1979/1979/1979 1959/1959/1959
f 1959/1959/1959 1979/1979/1979 1961/1961/1961
f 1979/1979/1979 1980/1980/1980 1961/1961/1961
f 1961/1961/1961 1980/1980/1980 1963/1963/1963
f 1980/1980/1980 1981/1981/1981 1963/1963/1963
f 1963/1963/1963 1981/1981/1981 1965/1965/1965
f 1981/1981/1981 1982/1982/1982 1965/1965/1965
f 1965/1965/1965 1982/1982/1982 1966/1966/1966
f 1982/1982/1982 1983/1983/1983 1966/1966/1966
f 1966/1966/1966 1983/1983/1983 1967/1967/1967
f 1983/1983/1983 1984/1984/1984 1967/1967/1967
f 1967/1967/1967 1984/1984/1984 1968/1968/1968
f 1984/1984/1984 1985/1985/1985 1968/1968/1968
f 1968/1968/1968 1985/1985/1985 1970/1970/1970
f 1985/1985/1985 1986/1986/1986 1970/1970/1970
f 1970/1970/1970 1986/1986/1986 1972/1972/1972
f 1986/1986/1986 1987/1987/1987 1972/1972/1972
f 1972/1972/1972 1987/1987/1987 1974/1974/1974
f 1987/1987/1987 1988/1988/1988 1974/1974/1974
f 1974/1974/1974 1988/1988/1988 1976/1976/1976
f 1988/1988/1988 1989/1989/1989 1976/1976/1976
f 1979/1979/1979 1990/1990/1990 1980/1980/1980
f 1990/1990/1990 1991/1991/1991 1980/1980/1980
f 1980/1980/1980 1991/1991/1991 1981/1981/1981
f 1991/1991/1991 1992/1992/1992 1981/1981/1981
f 1981/1981/1981 1992/1992/1992 1993/1993/1993
f 1992/1992/1992 1994/1994/1994 1993/1993/1993
f 1993/1993/1993 1994/1994/1994 1995/1995/1995
f 1994/1994/1994 1996/1996/1996 1995/1995/1995
f 1995/1995/1995 1996/1996/1996 1997/1997/1997
f 1996/1996/1996 1998/1998/1998 1997/1997/1997
f 1997/1997/1997 1998/1998/1998 1985/1985/1985
f 1998/1998/1998 1999/1999/1999 1985/1985/1985
f 1985/1985/1985 1999/1999/1999 1986/1986/1986
f 1999/1999/1999 2000/2000/2000 1986/1986/1986
f 1986/1986/1986 2000/2000/2000 1987/1987/1987
f 2000/2000/2000 2001/2001/2001 1987/1987/1987
f 1987/1987/1987 2001/2001/2001 2002/2002/2002
f 2001/2001/2001 2003/2003/2003 2002/2002/2002
f 2002/2002/2002 2003/2003/2003 2004/2004/2004
f 2003/2003/2003 2005/2005/2005 2004/2004/2004
f 2004/2004/2004 2005/2005/2005 2006/2006/2006
f 2005/2005/2005 2007/2007/2007 2006/2006/2006
f 2006/2006/2006 2007/2007/2007 2008/2008/2008
f 2007/2007/2007 2009/2009/2009 2008/2008/2008
f 1990/1990/1990 2010/2010/2010 1991/1991/1991
f 2010/2010/2010 2011/2011/2011 1991/1991/1991
f 1991/1991/1991 2011/2011/2011 1992/1992/1992
f 2011/2011/2011 2012/2012/2012 1992/1992/1992
f 1992/1992/1992 2012/2012/2012 1994/1994/1994
f 2012/2012/2012 2013/2013/2013 1994/1994/1994
f 1994/1994/1994 2013/2013/2013 1996/1996/1996
f 2013/2013/2013 2014/2014/2014 1996/1996/1996
f 1996/1996/1996 2014/2014/2014 1998/1998/1998
f 2014/2014/2014 2015/2015/2015 1998/1998/1998
f 1998/1998/1998 2015/2015/2015 1999/1999/1999
f 2015/2015/2015 2016/2016/2016 1999/1999/1999
f 1999/1999/1999 2016/2016/2016 2000/2000/2000
f 2016/2016/2016 2017/2017/2017 2000/2000/2000
f 2000/2000/2000 2017/2017/2017 2001/2001/2001
f 2017/2017/2017 2018/2018/2018 2001/2001/2001
f 2001/2001/2001 2018/2018/2018 2003/2003/2003
f 2018/2018/2018 2019/2019/2019 2003/2003/2003
f 2003/2003/2003 2019/2019/2019 2005/2005/2005
f 2019/2019/2019 2020/2020/2020 2005/2005/2005
f 2005/2005/2005 2020/2020/2020 2007/2007/2007
f 2020/2020/2020 2021/2021/2021 2007/2007/2007
f 2007/2007/2007 2021/2021/2021 2009/2009/2009
f 2021/2021/2021 2022/2022/2022 2009/2009/2009
f 2012/2012/2012 2023/2023/2023 2013/2013/2013
f 2023/2023/2023 2024/2024/2024 2013/2013/2013
f 2013/2013/2013 2024/2024/2024 2014/2014/2014
f 2024/2024/2024 2025/2025/2025 2014/2014/2014
f 2014/2014/2014 2025/2025/2025 2026/2026/2026
f 2025/2025/2025 2027/2027/2027 2026/2026/2026
f 2026/2026/2026 2027/2027/2027 2028/2028/2028
f 2027/2027/2027 2029/2029/2029 2028/2028/2028
f 2028/2028/2028 2029/2029/2029 2030/2030/2030
f 2029/2029/2029 2031/2031/2031 2030/2030/2030
f 2030/2030/2030 2031/2031/2031 2018/2018/2018
f 2031/2031/2031 2032/2032/2032 2018/2018/2018
f 2018/2018/2018 2032/2032/2032 2019/2019/2019
f 2032/2032/2032 2033/2033/2033 2019/2019/2019
f 2019/2019/2019 2033/2033/2033 2020/2020/2020
f 2033/2033/2033 2034/2034/2034 2020/2020/2020
f 2020/2020/2020 2034/2034/2034 2035/2035/2035
f 2034/2034/2034 2036/2036/2036 2035/2035/2035
f 2035/2035/2035 2036/2036/2036 2037/2037/2037
f 2036/2036/2036 2038/2038/2038 2037/2037/2037
f 2037/2037/2037 2038/2038/2038 2039/2039/2039
f 2038/2038/2038 2040/2040/2040 2039/2039/2039
f 2039/2039/2039 2040/2040/2040 2041/2041/2041
f 2040/2040/2040 2042/2042/2042 2041/2041/2041
f 2023/2023/2023 2043/2043/2043 2024/2024/2024
f 2043/2043/2043 2044/2044/2044 2024/2024/2024
f 2024/2024/2024 2044/2044/2044 2025/2025/2025
f 2044/2044/2044 2045/2045/2045 2025/2025/2025
f 2025/2025/2025 2045/2045/2045 2027/2027/2027
f 2045/2045/2045 2046/2046/2046 2027/2027/2027
f 2027/2027/2027 2046/2046/2046 2029/2029/2029
f 2046/2046/2046 2047/2047/2047 2029/2029/2029
f 2029/2029/2029 2047/2047/2047 2031/2031/2031
f 2047/2047/2047 2048/2048/2048 2031/2031/2031
f 2031/2031/2031 2048/2048/2048 2032/2032/2032
f 2048/2048/2048 2049/2049/2049 2032/2032/2032
f 2032/2032/2032 2049/2049/2049 2033/2033/2033
f 2049/2049/2049 2050/2050/2050 2033/2033/2033
f 2033/2033/2033 2050/2050/2050 2034/2034/2034
f 2050/2050/2050 2051/2051/2051 2034/2034/2034
f 2034/2034/2034 2051/2051/2051 2036/2036/2036
f 2051/2051/2051 2052/2052/2052 2036/2036/2036
f 2036/2036/2036 2052/2052/2052 2038/2038/2038
f 2052/2052/2052 2053/2053/2053 2038/2038/2038
f 2038/2038/2038 2053/2053/2053 2040/2040/2040
f 2053/2053/2053 2054/2054/2054 2040/2040/2040
f 2040/2040/2040 2054/2054/2054 2042/2042/2042
f 2054/2054/2054 2055/2055/2055 2042/2042/2042
f 2049/2049/2049 2048/2048/2048 2050/2050/2050
f 2048/2048/2048 2056/2056/2056 2050/2050/2050
f 2050/2050/2050 2056/2056/2056 2051/2051/2051
f 2056/2056/2056 2057/2057/2057 2051/2051/2051
f 2051/2051/2051 2057/2057/2057 2052/2052/2052
f 2057/2057/2057 2058/2058/2058 2052/2052/2052
f 2052/2052/2052 2058/2058/2058 2053/2053/2053
f 2058/2058/2058 2059/2059/2059 2053/2053/2053
f 2053/2053/2053 2059/2059/2059 2060/2060/2060
f 2059/2059/2059 2061/2061/2061 2060/2060/2060
f 2060/2060/2060 2061/2061/2061 2062/2062/2062
f 2061/2061/2061 2063/2063/2063 2062/2062/2062
f 2062/2062/2062 2063/2063/2063 2064/2064/2064
f 2063/2063/2063 2065/2065/2065 2064/2064/2064
f 2064/2064/2064 2065/2065/2065 2066/2066/2066
f 2065/2065/2065 2067/2067/2067 2066/2066/2066
f 2048/2048/2048 2047/2047/2047 2056/2056/2056
f 2047/2047/2047 2068/2068/2068 2056/2056/2056
f 2056/2056/2056 2068/2068/2068 2057/2057/2057
f 2068/2068/2068 2069/2069/2069 2057/2057/2057
f 2057/2057/2057 2069/2069/2069 2058/2058/2058
f 2069/2069/2069 2070/2070/2070 2058/2058/2058
f 2058/2058/2058 2070/2070/2070 2059/2059/2059
f 2070/2070/2070 2071/2071/2071 2059/2059/2059
f 2059/2059/2059 2071/2071/2071 2061/2061/2061
f 2071/2071/2071 2072/2072/2072 2061/2061/2061
f 2061/2061/2061 2072/2072/2072 2063/2063/2063
f 2072/2072/2072 2073/2073/2073 2063/2063/2063
f 2063/2063/2063 2073/2073/2073 2065/2065/2065
f 2073/2073/2073 2074/2074/2074 2065/2065/2065
f 2065/2065/2065 2074/2074/2074 2067/2067/2067
f 2074/2074/2074 2075/2075/2075 2067/2067/2067
f 2069/2069/2069 2068/2068/2068 2070/2070/2070
f 2068/2068/2068 2076/2076/2076 2070/2070/2070
f 2070/2070/2070 2076/2076/2076 2071/2071/2071
f 2076/2076/2076 2077/2077/2077 2071/2071/2071
f 2071/2071/2071 2077/2077/2077 2078/2078/2078
f 2077/2077/2077 2079/2079/2079 2078/2078/2078
f 2078/2078/2078 2079/2079/2079 2080/2080/2080
f 2079/2079/2079 2081/2081/2081 2080/2080/2080
f 2080/2080/2080 2081/2081/2081 2082/2082/2082
f 2081/2081/2081 2083/2083/2083 2082/2082/2082
f 2082/2082/2082 2083/2083/2083 2084/2084/2084
f 2083/2083/2083 2085/2085/2085 2084/2084/2084
f 2084/2084/2084 2085/2085/2085 2086/2086/2086
f 2085/2085/2085 2087/2087/2087 2086/2086/2086
f 2086/2086/2086 2087/2087/2087 2088/2088/2088
f 2087/2087/2087 2089/2089/2089 2088/2088/2088
f 2088/2088/2088 2089/2089/2089 2090/2090/2090
f 2089/2089/2089 2091/2091/2091 2090/2090/2090
f 2090/2090/2090 2091/2091/2091 2092/2092/2092
f 2091/2091/2091 2093/2093/2093 2092/2092/2092
f 2092/2092/2092 2093/2093/2093 2094/2094/2094
f 2093/2093/2093 2095/2095/2095 2094/2094/2094
f 2094/2094/2094 2095/2095/2095 2096/2096/2096
f 2095/2095/2095 2097/2097/2097 2096/2096/2096
f 2096/2096/2096 2097/2097/2097 2098/2098/2098
f 2097/2097/2097 2099/2099/2099 2098/2098/2098
f 2098/2098/2098 2099/2099/2099 2100/2100/2100
f 2099/2099/2099 2101/2101/2101 2100/2100/2100
f 2100/2100/2100 2101/2101/2101 2102/2102/2102
f 2101/2101/2101 2103/2103/2103 2102/2102/2102
f 2102/2102/2102 2103/2103/2103 2104/2104/2104
f 2103/2103/2103 2105/2105/2105 2104/2104/2104
f 2104/2104/2104 2105/2105/2105 2106/2106/2106
f 2105/2105/2105 2107/2107/2107 2106/2106/2106
f 2106/2106/2106 2107/2107/2107 2108/2108/2108
f 2107/2107/2107 2109/2109/2109 2108/2108/2108
f 2068/2068/2068 2047/2047/2047 2076/2076/2076
f 2047/2047/2047 2110/2110/2110 2076/2076/2076
f 2076/2076/2076 2110/2110/2110 2077/2077/2077
f 2110/2110/2110 2111/2111/2111 2077/2077/2077
f 2077/2077/2077 2111/2111/2111 2079/2079/2079
f 2111/2111/2111 2112/2112/2112 2079/2079/2079
f 2079/2079/2079 2112/2112/2112 2081/2081/2081
f 2112/2112/2112 2113/2113/2113 2081/2081/2081
f 2081/2081/2081 2113/2113/2113 2083/2083/2083
f 2113/2113/2113 2114/2114/2114 2083/2083/2083
f 2083/2083/2083 2114/2114/2114 2085/2085/2085
f 2114/2114/2114 2115/2115/2115 2085/2085/2085
f 2085/2085/2085 2115/2115/2115 2087/2087/2087
f 2115/2115/2115 2116/2116/2116 2087/2087/2087
f 2087/2087/2087 2116/2116/2116 2089/2089/2089
f 2116/2116/2116 2117/2117/2117 2089/2089/2089
f 2089/2089/2089 2117/2117/2117 2091/2091/2091
f 2117/2117/2117 2118/2118/2118 2091/2091/2091
f 2091/2091/2091 2118/2118/2118 2093/2093/2093
f 2118/2118/2118 2119/2119/2119 2093/2093/2093
f 2093/2093/2093 2119/2119/2119 2095/2095/2095
f 2119/2119/2119 2120/2120/2120 2095/2095/2095
f 2095/2095/2095 2120/2120/2120 2097/2097/2097
f 2120/2120/2120 2121/2121/2121 2097/2097/2097
f 2097/2097/2097 2121/2121/2121 2099/2099/2099
f 2121/2121/2121 2122/2122/2122 2099/2099/2099
f 2099/2099/2099 2122/2122/2122 2101/2101/2101
f 2122/2122/2122 2123/2123/2123 2101/2101/2101
f 2101/2101/2101 2123/2123/2123 2103/2103/2103
f 2123/2123/2123 2124/2124/2124 2103/2103/2103
f 2103/2103/2103 2124/2124/2124 2105/2105/2105
f 2124/2124/2124 2125/2125/2125 2105/2105/2105
f 2105/2105/2105 2125/2125/2125 2107/2107/2107
f 2125/2125/2125 2126/2126/2126 2107/2107/2107
f 2107/2107/2107 2126/2126/2126 2109/2109/2109
f 2126/2126/2126 2127/2127/2127 2109/2109/2109
f 2111/2111/2111 2110/2110/2110 2112/2112/2112
f 2110/2110/2110 2128/2128/2128 2112/2112/2112
f 2112/2112/2112 2128/2128/2128 2113/2113/2113
f 2128/2128/2128 2129/2129/2129 2113/2113/2113
f 2113/2113/2113 2129/2129/2129 2114/2114/2114
f 2129/2129/2129 2130/2130/2130 2114/2114/2114
f 2114/2114/2114 2130/2130/2130 2115/2115/2115
f 2130/2130/2130 2131/2131/2131 2115/2115/2115
f 2115/2115/2115 2131/2131/2131 2132/2132/2132
f 2131/2131/2131 2133/2133/2133 2132/2132/2132
f 2132/2132/2132 2133/2133/2133 2134/2134/2134
f 2133/2133/2133 2135/2135/2135 2134/2134/2134
f 2134/2134/2134 2135/2135/2135 2136/2136/2136
f 2135/2135/2135 2137/2137/2137 2136/2136/2136
f 2136/2136/2136 2137/2137/2137 2138/2138/2138
f 2137/2137/2137 2139/2139/2139 2138/2138/2138
f 2138/2138/2138 2139/2139/2139 2140/2140/2140
f 2139/2139/2139 2141/2141/2141 2140/2140/2140
f 2140/2140/2140 2141/2141/2141 2142/2142/2142
f 2141/2141/2141 2143/2143/2143 2142/2142/2142
f 2142/2142/2142 2143/2143/2143 2144/2144/2144
f 2143/2143/2143 2145/2145/2145 2144/2144/2144
f 2144/2144/2144 2145/2145/2145 2146/2146/2146
f 2145/2145/2145 2147/2147/2147 2146/2146/2146
f 2110/2110/2110 2047/2047/2047 2128/2128/2128
f 2047/2047/2047 2148/2148/2148 2128/2128/2128
f 2128/2128/2128 2148/2148/2148 2129/2129/2129
f 2148/2148/2148 2149/2149/2149 2129/2129/2129
f 2129/2129/2129 2149/2149/2149 2130/2130/2130
f 2149/2149/2149 2150/2150/2150 2130/2130/2130
f 2130/2130/2130 2150/2150/2150 2131/2131/2131
f 2150/2150/2150 2045/2045/2045 2131/2131/2131
f 2131/2131/2131 2045/2045/2045 2133/2133/2133
f 2045/2045/2045 2151/2151/2151 2133/2133/2133
f 2133/2133/2133 2151/2151/2151 2135/2135/2135
f 2151/2151/2151 2152/2152/2152 2135/2135/2135
f 2135/2135/2135 2152/2152/2152 2137/2137/2137
f 2152/2152/2152 2153/2153/2153 2137/2137/2137
f 2137/2137/2137 2153/2153/2153 2139/2139/2139
f 2153/2153/2153 2154/2154/2154 2139/2139/2139
f 2139/2139/2139 2154/2154/2154 2141/2141/2141
f 2154/2154/2154 2155/2155/2155 2141/2141/2141
f 2141/2141/2141 2155/2155/2155 2143/2143/2143
f 2155/2155/2155 2156/2156/2156 2143/2143/2143
f 2143/2143/2143 2156/2156/2156 2145/2145/2145
f 2156/2156/2156 2157/2157/2157 2145/2145/2145
f 2145/2145/2145 2157/2157/2157 2147/2147/2147
f 2157/2157/2157 2158/2158/2158 2147/2147/2147
f 2045/2045/2045 2044/2044/2044 2151/2151/2151
f 2044/2044/2044 2159/2159/2159 2151/2151/2151
f 2151/2151/2151 2159/2159/2159 2152/2152/2152
f 2159/2159/2159 2160/2160/2160 2152/2152/2152
f 2152/2152/2152 2160/2160/2160 2161/2161/2161
f 2160/2160/2160 2162/2162/2162 2161/2161/2161
f 2161/2161/2161 2162/2162/2162 2163/2163/2163
f 2162/2162/2162 2164/2164/2164 2163/2163/2163
f 2163/2163/2163 2164/2164/2164 2165/2165/2165
f 2164/2164/2164 2166/2166/2166 2165/2165/2165
f 2165/2165/2165 2166/2166/2166 2156/2156/2156
f 2166/2166/2166 2167/2167/2167 2156/2156/2156
f 2156/2156/2156 2167/2167/2167 2157/2157/2157
f 2167/2167/2167 2168/2168/2168 2157/2157/2157
f 2157/2157/2157 2168/2168/2168 2158/2158/2158
f 2168/2168/2168 2169/2169/2169 2158/2158/2158
f 2158/2158/2158 2169/2169/2169 2170/2170/2170
f 2169/2169/2169 2171/2171/2171 2170/2170/2170
f 2170/2170/2170 2171/2171/2171 2172/2172/2172
f 2171/2171/2171 2173/2173/2173 2172/2172/2172
f 2044/2044/2044 2043/2043/2043 2159/2159/2159
f 2043/2043/2043 2023/2023/2023 2159/2159/2159
f 2159/2159/2159 2023/2023/2023 2160/2160/2160
f 2023/2023/2023 2012/2012/2012 2160/2160/2160
f 2160/2160/2160 2012/2012/2012 2162/2162/2162
f 2012/2012/2012 2174/2174/2174 2162/2162/2162
f 2162/2162/2162 2174/2174/2174 2164/2164/2164
f 2174/2174/2174 2175/2175/2175 2164/2164/2164
f 2164/2164/2164 2175/2175/2175 2166/2166/2166
f 2175/2175/2175 2176/2176/2176 2166/2166/2166
f 2166/2166/2166 2176/2176/2176 2167/2167/2167
f 2176/2176/2176 2177/2177/2177 2167/2167/2167
f 2167/2167/2167 2177/2177/2177 2168/2168/2168
f 2177/2177/2177 2178/2178/2178 2168/2168/2168
f 2168/2168/2168 2178/2178/2178 2169/2169/2169
f 2178/2178/2178 2179/2179/2179 2169/2169/2169
f 2169/2169/2169 2179/2179/2179 2171/2171/2171
f 2179/2179/2179 2180/2180/2180 2171/2171/2171
f 2171/2171/2171 2180/2180/2180 2173/2173/2173
f 2180/2180/2180 2181/2181/2181 2173/2173/2173
f 2012/2012/2012 2011/2011/2011 2174/2174/2174
f 2011/2011/2011 2182/2182/2182 2174/2174/2174
f 2174/2174/2174 2182/2182/2182 2175/2175/2175
f 2182/2182/2182 2183/2183/2183 2175/2175/2175
f 2175/2175/2175 2183/2183/2183 2184/2184/2184
f 2183/2183/2183 2185/2185/2185 2184/2184/2184
f 2184/2184/2184 2185/2185/2185 2186/2186/2186
f 2185/2185/2185 2187/2187/2187 2186/2186/2186
f 2186/2186/2186 2187/2187/2187 2188/2188/2188
f 2187/2187/2187 2189/2189/2189 2188/2188/2188
f 2188/2188/2188 2189/2189/2189 2179/2179/2179
f 2189/2189/2189 2190/2190/2190 2179/2179/2179
f 2179/2179/2179 2190/2190/2190 2180/2180/2180
f 2190/2190/2190 2191/2191/2191 2180/2180/2180
f 2180/2180/2180 2191/2191/2191 2181/2181/2181
f 2191/2191/2191 2192/2192/2192 2181/2181/2181
f 2181/2181/2181 2192/2192/2192 2193/2193/2193
f 2192/2192/2192 2194/2194/2194 2193/2193/2193
f 2193/2193/2193 2194/2194/2194 2195/2195/2195
f 2194/2194/2194 2196/2196/2196 2195/2195/2195
f 2011/2011/2011 2010/2010/2010 2182/2182/2182
f 2010/2010/2010 1990/1990/1990 2182/2182/2182
f 2182/2182/2182 1990/1990/1990 2183/2183/2183
f 1990/1990/1990 1979/1979/1979 2183/2183/2183
f 2183/2183/2183 1979/1979/1979 2185/2185/2185
f 1979/1979/1979 2197/2197/2197 2185/2185/2185
f 2185/2185/2185 2197/2197/2197 2187/2187/2187
f 2197/2197/2197 2198/2198/2198 2187/2187/2187
f 2187/2187/2187 2198/2198/2198 2189/2189/2189
f 2198/2198/2198 2199/2199/2199 2189/2189/2189
f 2189/2189/2189 2199/2199/2199 2190/2190/2190
f 2199/2199/2199 2200/2200/2200 2190/2190/2190
f 2190/2190/2190 2200/2200/2200 2191/2191/2191
f 2200/2200/2200 2201/2201/2201 2191/2191/2191
f 2191/2191/2191 2201/2201/2201 2192/2192/2192
f 2201/2201/2201 2202/2202/2202 2192/2192/2192
f 2192/2192/2192 2202/2202/2202 2194/2194/2194
f 2202/2202/2202 2203/2203/2203 2194/2194/2194
f 2194/2194/2194 2203/2203/2203 2196/2196/2196
f 2203/2203/2203 2204/2204/2204 2196/2196/2196
f 2200/2200/2200 2199/2199/2199 2201/2201/2201
f 2199/2199/2199 2205/2205/2205 2201/2201/2201
f 2201/2201/2201 2205/2205/2205 2202/2202/2202
f 2205/2205/2205 2206/2206/2206 2202/2202/2202
f 2202/2202/2202 2206/2206/2206 2207/2207/2207
f 2206/2206/2206 2208/2208/2208 2207/2207/2207
f 2207/2207/2207 2208/2208/2208 1907/1907/1907
f 2208/2208/2208 2209/2209/2209 1907/1907/1907
f 1907/1907/1907 2209/2209/2209 1943/1943/1943
f 2209/2209/2209 1945/1945/1945 1943/1943/1943
f 1943/1943/1943 1945/1945/1945 1944/1944/1944
f 2199/2199/2199 2198/2198/2198 2205/2205/2205
f 2198/2198/2198 2210/2210/2210 2205/2205/2205
f 2205/2205/2205 2210/2210/2210 2206/2206/2206
f 2210/2210/2210 2211/2211/2211 2206/2206/2206
f 2206/2206/2206 2211/2211/2211 2208/2208/2208
f 2211/2211/2211 2212/2212/2212 2208/2208/2208
f 2208/2208/2208 2212/2212/2212 2209/2209/2209
f 2212/2212/2212 1946/1946/1946 2209/2209/2209
f 2209/2209/2209 1946/1946/1946 1945/1945/1945
f 2211/2211/2211 2210/2210/2210 2212/2212/2212
f 2210/2210/2210 2213/2213/2213 2212/2212/2212
f 2212/2212/2212 2213/2213/2213 1946/1946/1946
f 2213/2213/2213 1957/1957/1957 1946/1946/1946
f 2210/2210/2210 2198/2198/2198 2213/2213/2213
f 2198/2198/2198 2214/2214/2214 2213/2213/2213
f 2213/2213/2213 2214/2214/2214 1957/1957/1957
f 2214/2214/2214 1977/1977/1977 1957/1957/1957
f 1977/1977/1977 2214/2214/2214 1978/1978/1978
f 2214/2214/2214 2197/2197/2197 1978/1978/1978
f 1978/1978/1978 2197/2197/2197 1979/1979/1979
f 1588/1588/1588 1653/1653/1653 1589/1589/1589
f 1653/1653/1653 2215/2215/2215 1589/1589/1589
f 1589/1589/1589 2215/2215/2215 1590/1590/1590
f 2045/2045/2045 2150/2150/2150 2046/2046/2046
f 2150/2150/2150 2148/2148/2148 2046/2046/2046
f 2046/2046/2046 2148/2148/2148 2047/2047/2047
f 1971/1971/1971 1973/1973/1973 1969/1969/1969
f 1973/1973/1973 2216/2216/2216 1969/1969/1969
f 1969/1969/1969 2216/2216/2216 1954/1954/1954
f 2216/2216/2216 1955/1955/1955 1954/1954/1954
f 1973/1973/1973 1975/1975/1975 2216/2216/2216
f 1975/1975/1975 2217/2217/2217 2216/2216/2216
f 2216/2216/2216 2217/2217/2217 1955/1955/1955
f 2217/2217/2217 1956/1956/1956 1955/1955/1955
f 2154/2154/2154 2153/2153/2153 2155/2155/2155
f 2153/2153/2153 2218/2218/2218 2155/2155/2155
f 2155/2155/2155 2218/2218/2218 2156/2156/2156
f 2218/2218/2218 2165/2165/2165 2156/2156/2156
f 2153/2153/2153 2152/2152/2152 2218/2218/2218
f 2152/2152/2152 2161/2161/2161 2218/2218/2218
f 2218/2218/2218 2161/2161/2161 2165/2165/2165
f 2161/2161/2161 2163/2163/2163 2165/2165/2165
f 1861/1861/1861 1860/1860/1860 1862/1862/1862
f 1860/1860/1860 2219/2219/2219 1862/1862/1862
f 1862/1862/1862 2219/2219/2219 1863/1863/1863
f 2219/2219/2219 1878/1878/1878 1863/1863/1863
f 1860/1860/1860 1859/1859/1859 2219/2219/2219
f 1859/1859/1859 1874/1874/1874 2219/2219/2219
f 2219/2219/2219 1874/1874/1874 1878/1878/1878
f 1874/1874/1874 1876/1876/1876 1878/1878/1878
f 1989/1989/1989 1988/1988/1988 2220/2220/2220
f 1988/1988/1988 2221/2221/2221 2220/2220/2220
f 2220/2220/2220 2221/2221/2221 2008/2008/2008
f 2221/2221/2221 2006/2006/2006 2008/2008/2008
f 1988/1988/1988 1987/1987/1987 2221/2221/2221
f 1987/1987/1987 2002/2002/2002 2221/2221/2221
f 2221/2221/2221 2002/2002/2002 2006/2006/2006
f 2002/2002/2002 2004/2004/2004 2006/2006/2006
f 1771/1771/1771 1770/1770/1770 1772/1772/1772
f 1770/1770/1770 2222/2222/2222 1772/1772/1772
f 1772/1772/1772 2222/2222/2222 1773/1773/1773
f 2222/2222/2222 1794/1794/1794 1773/1773/1773
f 1770/1770/1770 1769/1769/1769 2222/2222/2222
f 1769/1769/1769 1790/1790/1790 2222/2222/2222
f 2222/2222/2222 1790/1790/1790 1794/1794/1794
f 1790/1790/1790 1792/1792/1792 1794/1794/1794
f 1601/1601/1601 1599/1599/1599 1603/1603/1603
f 1599/1599/1599 1534/1534/1534 1603/1603/1603
f 1603/1603/1603 1534/1534/1534 1533/1533/1533
f 2055/2055/2055 2054/2054/2054 2223/2223/2223
f 2054/2054/2054 2224/2224/2224 2223/2223/2223
f 2223/2223/2223 2224/2224/2224 2066/2066/2066
f 2224/2224/2224 2064/2064/2064 2066/2066/2066
f 2054/2054/2054 2053/2053/2053 2224/2224/2224
f 2053/2053/2053 2060/2060/2060 2224/2224/2224
f 2224/2224/2224 2060/2060/2060 2064/2064/2064
f 2060/2060/2060 2062/2062/2062 2064/2064/2064
f 1753/1753/1753 1755/1755/1755 1751/1751/1751
f 1755/1755/1755 1689/1689/1689 1751/1751/1751
f 1751/1751/1751 1689/1689/1689 1688/1688/1688
f 2104/2104/2104 2225/2225/2225 2102/2102/2102
f 2225/2225/2225 2226/2226/2226 2102/2102/2102
f 2102/2102/2102 2226/2226/2226 2100/2100/2100
f 2226/2226/2226 2227/2227/2227 2100/2100/2100
f 2100/2100/2100 2227/2227/2227 2228/2228/2228
f 2227/2227/2227 2229/2229/2229 2228/2228/2228
f 2228/2228/2228 2229/2229/2229 2230/2230/2230
f 2229/2229/2229 2231/2231/2231 2230/2230/2230
f 2230/2230/2230 2231/2231/2231 2232/2232/2232
f 2231/2231/2231 2233/2233/2233 2232/2232/2232
f 2232/2232/2232 2233/2233/2233 2092/2092/2092
f 2233/2233/2233 2234/2234/2234 2092/2092/2092
f 2092/2092/2092 2234/2234/2234 2090/2090/2090
f 2234/2234/2234 2235/2235/2235 2090/2090/2090
f 2090/2090/2090 2235/2235/2235 2088/2088/2088
f 2235/2235/2235 2236/2236/2236 2088/2088/2088
f 2088/2088/2088 2236/2236/2236 2237/2237/2237
f 2236/2236/2236 2238/2238/2238 2237/2237/2237
f 2237/2237/2237 2238/2238/2238 2239/2239/2239
f 2238/2238/2238 2240/2240/2240 2239/2239/2239
f 2239/2239/2239 2240/2240/2240 2241/2241/2241
f 2240/2240/2240 2242/2242/2242 2241/2241/2241
f 2241/2241/2241 2242/2242/2242 2080/2080/2080
f 2242/2242/2242 2243/2243/2243 2080/2080/2080
f 2080/2080/2080 2243/2243/2243 2244/2244/2244
f 2243/2243/2243 2245/2245/2245 2244/2244/2244
f 2244/2244/2244 2245/2245/2245 2246/2246/2246
f 2245/2245/2245 2247/2247/2247 2246/2246/2246
f 2246/2246/2246 2247/2247/2247 2248/2248/2248
f 2247/2247/2247 2249/2249/2249 2248/2248/2248
f 2248/2248/2248 2249/2249/2249 2250/2250/2250
f 2249/2249/2249 2251/2251/2251 2250/2250/2250
f 2250/2250/2250 2251/2251/2251 2252/2252/2252
f 2251/2251/2251 2253/2253/2253 2252/2252/2252
f 2252/2252/2252 2253/2253/2253 2254/2254/2254
f 2253/2253/2253 2255/2255/2255 2254/2254/2254
f 2254/2254/2254 2255/2255/2255 2256/2256/2256
f 2255/2255/2255 2257/2257/2257 2256/2256/2256
f 2256/2256/2256 2257/2257/2257 2258/2258/2258
f 2225/2225/2225 2259/2259/2259 2226/2226/2226
f 2259/2259/2259 2260/2260/2260 2226/2226/2226
f 2226/2226/2226 2260/2260/2260 2227/2227/2227
f 2260/2260/2260 2261/2261/2261 2227/2227/2227
f 2227/2227/2227 2261/2261/2261 2229/2229/2229
f 2261/2261/2261 2262/2262/2262 2229/2229/2229
f 2229/2229/2229 2262/2262/2262 2231/2231/2231
f 2262/2262/2262 2263/2263/2263 2231/2231/2231
f 2231/2231/2231 2263/2263/2263 2233/2233/2233
f 2263/2263/2263 2264/2264/2264 2233/2233/2233
f 2233/2233/2233 2264/2264/2264 2234/2234/2234
f 2264/2264/2264 2265/2265/2265 2234/2234/2234
f 2234/2234/2234 2265/2265/2265 2235/2235/2235
f 2265/2265/2265 2266/2266/2266 2235/2235/2235
f 2235/2235/2235 2266/2266/2266 2236/2236/2236
f 2266/2266/2266 2267/2267/2267 2236/2236/2236
f 2236/2236/2236 2267/2267/2267 2238/2238/2238
f 2267/2267/2267 2268/2268/2268 2238/2238/2238
f 2238/2238/2238 2268/2268/2268 2240/2240/2240
f 2268/2268/2268 2269/2269/2269 2240/2240/2240
f 2240/2240/2240 2269/2269/2269 2242/2242/2242
f 2269/2269/2269 2270/2270/2270 2242/2242/2242
f 2242/2242/2242 2270/2270/2270 2243/2243/2243
f 2270/2270/2270 2271/2271/2271 2243/2243/2243
f 2243/2243/2243 2271/2271/2271 2245/2245/2245
f 2271/2271/2271 2272/2272/2272 2245/2245/2245
f 2245/2245/2245 2272/2272/2272 2247/2247/2247
f 2272/2272/2272 2273/2273/2273 2247/2247/2247
f 2247/2247/2247 2273/2273/2273 2249/2249/2249
f 2273/2273/2273 2274/2274/2274 2249/2249/2249
f 2249/2249/2249 2274/2274/2274 2251/2251/2251
f 2274/2274/2274 2275/2275/2275 2251/2251/2251
f 2251/2251/2251 2275/2275/2275 2253/2253/2253
f 2275/2275/2275 2276/2276/2276 2253/2253/2253
f 2253/2253/2253 2276/2276/2276 2255/2255/2255
f 2276/2276/2276 2277/2277/2277 2255/2255/2255
f 2255/2255/2255 2277/2277/2277 2257/2257/2257
f 2261/2261/2261 2278/2278/2278 2262/2262/2262
f 2278/2278/2278 2279/2279/2279 2262/2262/2262
f 2262/2262/2262 2279/2279/2279 2263/2263/2263
f 2279/2279/2279 2280/2280/2280 2263/2263/2263
f 2263/2263/2263 2280/2280/2280 2281/2281/2281
f 2280/2280/2280 2282/2282/2282 2281/2281/2281
f 2281/2281/2281 2282/2282/2282 2283/2283/2283
f 2282/2282/2282 2284/2284/2284 2283/2283/2283
f 2283/2283/2283 2284/2284/2284 2285/2285/2285
f 2284/2284/2284 2286/2286/2286 2285/2285/2285
f 2285/2285/2285 2286/2286/2286 2267/2267/2267
f 2286/2286/2286 2287/2287/2287 2267/2267/2267
f 2267/2267/2267 2287/2287/2287 2268/2268/2268
f 2287/2287/2287 2288/2288/2288 2268/2268/2268
f 2268/2268/2268 2288/2288/2288 2269/2269/2269
f 2288/2288/2288 2289/2289/2289 2269/2269/2269
f 2269/2269/2269 2289/2289/2289 2290/2290/2290
f 2289/2289/2289 2291/2291/2291 2290/2290/2290
f 2290/2290/2290 2291/2291/2291 2292/2292/2292
f 2291/2291/2291 2293/2293/2293 2292/2292/2292
f 2292/2292/2292 2293/2293/2293 2294/2294/2294
f 2293/2293/2293 2295/2295/2295 2294/2294/2294
f 2294/2294/2294 2295/2295/2295 2273/2273/2273
f 2295/2295/2295 2296/2296/2296 2273/2273/2273
f 2273/2273/2273 2296/2296/2296 2274/2274/2274
f 2296/2296/2296 2297/2297/2297 2274/2274/2274
f 2274/2274/2274 2297/2297/2297 2275/2275/2275
f 2297/2297/2297 2298/2298/2298 2275/2275/2275
f 2275/2275/2275 2298/2298/2298 2299/2299/2299
f 2298/2298/2298 2300/2300/2300 2299/2299/2299
f 2299/2299/2299 2300/2300/2300 2301/2301/2301
f 2278/2278/2278 2302/2302/2302 2279/2279/2279
f 2302/2302/2302 2303/2303/2303 2279/2279/2279
f 2279/2279/2279 2303/2303/2303 2280/2280/2280
f 2303/2303/2303 2304/2304/2304 2280/2280/2280
f 2280/2280/2280 2304/2304/2304 2282/2282/2282
f 2304/2304/2304 2305/2305/2305 2282/2282/2282
f 2282/2282/2282 2305/2305/2305 2284/2284/2284
f 2305/2305/2305 2306/2306/2306 2284/2284/2284
f 2284/2284/2284 2306/2306/2306 2286/2286/2286
f 2306/2306/2306 2307/2307/2307 2286/2286/2286
f 2286/2286/2286 2307/2307/2307 2287/2287/2287
f 2307/2307/2307 2308/2308/2308 2287/2287/2287
f 2287/2287/2287 2308/2308/2308 2288/2288/2288
f 2308/2308/2308 2309/2309/2309 2288/2288/2288
f 2288/2288/2288 2309/2309/2309 2289/2289/2289
f 2309/2309/2309 2310/2310/2310 2289/2289/2289
f 2289/2289/2289 2310/2310/2310 2291/2291/2291
f 2310/2310/2310 2311/2311/2311 2291/2291/2291
f 2291/2291/2291 2311/2311/2311 2293/2293/2293
f 2311/2311/2311 2312/2312/2312 2293/2293/2293
f 2293/2293/2293 2312/2312/2312 2295/2295/2295
f 2312/2312/2312 2313/2313/2313 2295/2295/2295
f 2295/2295/2295 2313/2313/2313 2296/2296/2296
f 2313/2313/2313 2314/2314/2314 2296/2296/2296
f 2296/2296/2296 2314/2314/2314 2297/2297/2297
f 2314/2314/2314 2315/2315/2315 2297/2297/2297
f 2297/2297/2297 2315/2315/2315 2298/2298/2298
f 2315/2315/2315 2316/2316/2316 2298/2298/2298
f 2298/2298/2298 2316/2316/2316 2300/2300/2300
f 2308/2308/2308 2307/2307/2307 2309/2309/2309
f 2307/2307/2307 2317/2317/2317 2309/2309/2309
f 2309/2309/2309 2317/2317/2317 2310/2310/2310
f 2317/2317/2317 2318/2318/2318 2310/2310/2310
f 2310/2310/2310 2318/2318/2318 2311/2311/2311
f 2318/2318/2318 2319/2319/2319 2311/2311/2311
f 2311/2311/2311 2319/2319/2319 2312/2312/2312
f 2319/2319/2319 2320/2320/2320 2312/2312/2312
f 2312/2312/2312 2320/2320/2320 2321/2321/2321
f 2320/2320/2320 2322/2322/2322 2321/2321/2321
f 2321/2321/2321 2322/2322/2322 2323/2323/2323
f 2307/2307/2307 2306/2306/2306 2317/2317/2317
f 2306/2306/2306 2324/2324/2324 2317/2317/2317
f 2317/2317/2317 2324/2324/2324 2318/2318/2318
f 2324/2324/2324 2325/2325/2325 2318/2318/2318
f 2318/2318/2318 2325/2325/2325 2319/2319/2319
f 2325/2325/2325 2326/2326/2326 2319/2319/2319
f 2319/2319/2319 2326/2326/2326 2320/2320/2320
f 2326/2326/2326 2327/2327/2327 2320/2320/2320
f 2320/2320/2320 2327/2327/2327 2322/2322/2322
f 2325/2325/2325 2324/2324/2324 2326/2326/2326
f 2324/2324/2324 2328/2328/2328 2326/2326/2326
f 2326/2326/2326 2328/2328/2328 2327/2327/2327
f 2328/2328/2328 2329/2329/2329 2327/2327/2327
f 2324/2324/2324 2306/2306/2306 2328/2328/2328
f 2306/2306/2306 2330/2330/2330 2328/2328/2328
f 2328/2328/2328 2330/2330/2330 2329/2329/2329
f 2330/2330/2330 2331/2331/2331 2329/2329/2329
f 2331/2331/2331 2330/2330/2330 2332/2332/2332
f 2330/2330/2330 2305/2305/2305 2332/2332/2332
f 2332/2332/2332 2305/2305/2305 2304/2304/2304
f 1622/1622/1622 1621/1621/1621 1623/1623/1623
f 1621/1621/1621 2333/2333/2333 1623/1623/1623
f 1623/1623/1623 2333/2333/2333 1624/1624/1624
f 2333/2333/2333 1639/1639/1639 1624/1624/1624
f 1621/1621/1621 1620/1620/1620 2333/2333/2333
f 1620/1620/1620 1635/1635/1635 2333/2333/2333
f 2333/2333/2333 1635/1635/1635 1639/1639/1639
f 1635/1635/1635 1637/1637/1637 1639/1639/1639
f 2314/2314/2314 2313/2313/2313 2315/2315/2315
f 2313/2313/2313 2334/2334/2334 2315/2315/2315
f 2315/2315/2315 2334/2334/2334 2316/2316/2316
f 2334/2334/2334 2335/2335/2335 2316/2316/2316
f 2313/2313/2313 2312/2312/2312 2334/2334/2334
f 2312/2312/2312 2321/2321/2321 2334/2334/2334
f 2334/2334/2334 2321/2321/2321 2335/2335/2335
f 2321/2321/2321 2323/2323/2323 2335/2335/2335
f 2177/2177/2177 2176/2176/2176 2178/2178/2178
f 2176/2176/2176 2336/2336/2336 2178/2178/2178
f 2178/2178/2178 2336/2336/2336 2179/2179/2179
f 2336/2336/2336 2188/2188/2188 2179/2179/2179
f 2176/2176/2176 2175/2175/2175 2336/2336/2336
f 2175/2175/2175 2184/2184/2184 2336/2336/2336
f 2336/2336/2336 2184/2184/2184 2188/2188/2188
f 2184/2184/2184 2186/2186/2186 2188/2188/2188
f 1676/1676/1676 1678/1678/1678 1674/1674/1674
f 1678/1678/1678 2337/2337/2337 1674/1674/1674
f 1674/1674/1674 2337/2337/2337 1660/1660/1660
f 2337/2337/2337 1661/1661/1661 1660/1660/1660
f 1678/1678/1678 1664/1664/1664 2337/2337/2337
f 1664/1664/1664 1663/1663/1663 2337/2337/2337
f 2337/2337/2337 1663/1663/1663 1661/1661/1661
f 1663/1663/1663 1662/1662/1662 1661/1661/1661
f 1694/1694/1694 1693/1693/1693 1758/1758/1758
f 1693/1693/1693 1691/1691/1691 1758/1758/1758
f 1758/1758/1758 1691/1691/1691 1690/1690/1690
f 1983/1983/1983 1982/1982/1982 1984/1984/1984
f 1982/1982/1982 2338/2338/2338 1984/1984/1984
f 1984/1984/1984 2338/2338/2338 1985/1985/1985
f 2338/2338/2338 1997/1997/1997 1985/1985/1985
f 1982/1982/1982 1981/1981/1981 2338/2338/2338
f 1981/1981/1981 1993/1993/1993 2338/2338/2338
f 2338/2338/2338 1993/1993/1993 1997/1997/1997
f 1993/1993/1993 1995/1995/1995 1997/1997/1997
f 1312/1312/1312 1314/1314/1314 1310/1310/1310
f 1314/1314/1314 1400/1400/1400 1310/1310/1310
f 1310/1310/1310 1400/1400/1400 1308/1308/1308
f 2084/2084/2084 2086/2086/2086 2082/2082/2082
f 2086/2086/2086 2339/2339/2339 2082/2082/2082
f 2082/2082/2082 2339/2339/2339 2080/2080/2080
f 2339/2339/2339 2241/2241/2241 2080/2080/2080
f 2086/2086/2086 2088/2088/2088 2339/2339/2339
f 2088/2088/2088 2237/2237/2237 2339/2339/2339
f 2339/2339/2339 2237/2237/2237 2241/2241/2241
f 2237/2237/2237 2239/2239/2239 2241/2241/2241
f 2277/2277/2277 2276/2276/2276 2340/2340/2340
f 2276/2276/2276 2341/2341/2341 2340/2340/2340
f 2340/2340/2340 2341/2341/2341 2342/2342/2342
f 2341/2341/2341 2343/2343/2343 2342/2342/2342
f 2276/2276/2276 2275/2275/2275 2341/2341/2341
f 2275/2275/2275 2299/2299/2299 2341/2341/2341
f 2341/2341/2341 2299/2299/2299 2343/2343/2343
f 2299/2299/2299 2301/2301/2301 2343/2343/2343
f 1527/1527/1527 1615/1615/1615 1528/1528/1528
f 1615/1615/1615 1613/1613/1613 1528/1528/1528
f 1528/1528/1528 1613/1613/1613 1609/1609/1609
f 1613/1613/1613 1611/1611/1611 1609/1609/1609
f 1502/1502/1502 1500/1500/1500 1504/1504/1504
f 1500/1500/1500 2344/2344/2344 1504/1504/1504
f 1504/1504/1504 2344/2344/2344 1506/1506/1506
f 2344/2344/2344 2345/2345/2345 1506/1506/1506
f 1506/1506/1506 2345/2345/2345 2346/2346/2346
f 2345/2345/2345 2347/2347/2347 2346/2346/2346
f 2346/2346/2346 2347/2347/2347 2348/2348/2348
f 2347/2347/2347 2349/2349/2349 2348/2348/2348
f 2348/2348/2348 2349/2349/2349 2350/2350/2350
f 2349/2349/2349 2351/2351/2351 2350/2350/2350
f 2350/2350/2350 2351/2351/2351 2352/2352/2352
f 2351/2351/2351 2353/2353/2353 2352/2352/2352
f 2352/2352/2352 2353/2353/2353 2354/2354/2354
f 2353/2353/2353 2355/2355/2355 2354/2354/2354
f 2354/2354/2354 2355/2355/2355 2356/2356/2356
f 2355/2355/2355 2357/2357/2357 2356/2356/2356
f 2356/2356/2356 2357/2357/2357 2358/2358/2358
f 2357/2357/2357 2359/2359/2359 2358/2358/2358
f 2358/2358/2358 2359/2359/2359 2360/2360/2360
f 2359/2359/2359 2361/2361/2361 2360/2360/2360
f 2360/2360/2360 2361/2361/2361 2362/2362/2362
f 2361/2361/2361 2363/2363/2363 2362/2362/2362
f 2362/2362/2362 2363/2363/2363 2364/2364/2364
f 2363/2363/2363 2365/2365/2365 2364/2364/2364
f 1500/1500/1500 1498/1498/1498 2344/2344/2344
f 1498/1498/1498 2366/2366/2366 2344/2344/2344
f 2344/2344/2344 2366/2366/2366 2345/2345/2345
f 2366/2366/2366 2367/2367/2367 2345/2345/2345
f 2345/2345/2345 2367/2367/2367 2347/2347/2347
f 2367/2367/2367 2368/2368/2368 2347/2347/2347
f 2347/2347/2347 2368/2368/2368 2349/2349/2349
f 2368/2368/2368 2369/2369/2369 2349/2349/2349
f 2349/2349/2349 2369/2369/2369 2351/2351/2351
f 2369/2369/2369 2370/2370/2370 2351/2351/2351
f 2351/2351/2351 2370/2370/2370 2353/2353/2353
f 2370/2370/2370 2371/2371/2371 2353/2353/2353
f 2353/2353/2353 2371/2371/2371 2355/2355/2355
f 2371/2371/2371 2372/2372/2372 2355/2355/2355
f 2355/2355/2355 2372/2372/2372 2357/2357/2357
f 2372/2372/2372 2373/2373/2373 2357/2357/2357
f 2357/2357/2357 2373/2373/2373 2359/2359/2359
f 2373/2373/2373 2374/2374/2374 2359/2359/2359
f 2359/2359/2359 2374/2374/2374 2361/2361/2361
f 2374/2374/2374 2375/2375/2375 2361/2361/2361
f 2361/2361/2361 2375/2375/2375 2363/2363/2363
f 2375/2375/2375 2376/2376/2376 2363/2363/2363
f 2363/2363/2363 2376/2376/2376 2365/2365/2365
f 2376/2376/2376 1260/1260/1260 2365/2365/2365
f 2369/2369/2369 2377/2377/2377 2370/2370/2370
f 2377/2377/2377 2378/2378/2378 2370/2370/2370
f 2370/2370/2370 2378/2378/2378 2371/2371/2371
f 2378/2378/2378 2379/2379/2379 2371/2371/2371
f 2371/2371/2371 2379/2379/2379 2380/2380/2380
f 2379/2379/2379 2381/2381/2381 2380/2380/2380
f 2380/2380/2380 2381/2381/2381 2382/2382/2382
f 2381/2381/2381 2383/2383/2383 2382/2382/2382
f 2382/2382/2382 2383/2383/2383 2384/2384/2384
f 2383/2383/2383 2385/2385/2385 2384/2384/2384
f 2384/2384/2384 2385/2385/2385 2375/2375/2375
f 2385/2385/2385 2386/2386/2386 2375/2375/2375
f 2375/2375/2375 2386/2386/2386 2376/2376/2376
f 2386/2386/2386 2387/2387/2387 2376/2376/2376
f 2376/2376/2376 2387/2387/2387 1260/1260/1260
f 2387/2387/2387 1258/1258/1258 1260/1260/1260
f 2377/2377/2377 2388/2388/2388 2378/2378/2378
f 2388/2388/2388 2389/2389/2389 2378/2378/2378
f 2378/2378/2378 2389/2389/2389 2379/2379/2379
f 2389/2389/2389 2390/2390/2390 2379/2379/2379
f 2379/2379/2379 2390/2390/2390 2381/2381/2381
f 2390/2390/2390 2391/2391/2391 2381/2381/2381
f 2381/2381/2381 2391/2391/2391 2383/2383/2383
f 2391/2391/2391 2392/2392/2392 2383/2383/2383
f 2383/2383/2383 2392/2392/2392 2385/2385/2385
f 2392/2392/2392 2393/2393/2393 2385/2385/2385
f 2385/2385/2385 2393/2393/2393 2386/2386/2386
f 2393/2393/2393 2394/2394/2394 2386/2386/2386
f 2386/2386/2386 2394/2394/2394 2387/2387/2387
f 2394/2394/2394 2395/2395/2395 2387/2387/2387
f 2387/2387/2387 2395/2395/2395 1258/1258/1258
f 2395/2395/2395 1256/1256/1256 1258/1258/1258
f 2389/2389/2389 2388/2388/2388 2396/2396/2396
f 2388/2388/2388 2377/2377/2377 2396/2396/2396
f 2396/2396/2396 2377/2377/2377 2397/2397/2397
f 2377/2377/2377 2369/2369/2369 2397/2397/2397
f 2397/2397/2397 2369/2369/2369 2398/2398/2398
f 2369/2369/2369 2399/2399/2399 2398/2398/2398
f 2398/2398/2398 2399/2399/2399 2400/2400/2400
f 2399/2399/2399 1498/1498/1498 2400/2400/2400
f 2400/2400/2400 1498/1498/1498 2401/2401/2401
f 1498/1498/1498 2402/2402/2402 2401/2401/2401
f 2401/2401/2401 2402/2402/2402 2403/2403/2403
f 2402/2402/2402 2404/2404/2404 2403/2403/2403
f 2403/2403/2403 2404/2404/2404 2405/2405/2405
f 2404/2404/2404 2406/2406/2406 2405/2405/2405
f 2405/2405/2405 2406/2406/2406 2407/2407/2407
f 2406/2406/2406 1421/1421/1421 2407/2407/2407
f 2407/2407/2407 1421/1421/1421 1420/1420/1420
f 1420/1420/1420 2408/2408/2408 2407/2407/2407
f 2408/2408/2408 2409/2409/2409 2407/2407/2407
f 2407/2407/2407 2409/2409/2409 2405/2405/2405
f 2409/2409/2409 2410/2410/2410 2405/2405/2405
f 2405/2405/2405 2410/2410/2410 2403/2403/2403
f 2410/2410/2410 2411/2411/2411 2403/2403/2403
f 2403/2403/2403 2411/2411/2411 2401/2401/2401
f 2411/2411/2411 2412/2412/2412 2401/2401/2401
f 2401/2401/2401 2412/2412/2412 2400/2400/2400
f 2412/2412/2412 2413/2413/2413 2400/2400/2400
f 2400/2400/2400 2413/2413/2413 2398/2398/2398
f 2413/2413/2413 2414/2414/2414 2398/2398/2398
f 2398/2398/2398 2414/2414/2414 2397/2397/2397
f 2414/2414/2414 2415/2415/2415 2397/2397/2397
f 2397/2397/2397 2415/2415/2415 2396/2396/2396
f 2415/2415/2415 2416/2416/2416 2396/2396/2396
f 2396/2396/2396 2416/2416/2416 2389/2389/2389
f 2416/2416/2416 2390/2390/2390 2389/2389/2389
f 2409/2409/2409 2417/2417/2417 2410/2410/2410
f 2417/2417/2417 2418/2418/2418 2410/2410/2410
f 2410/2410/2410 2418/2418/2418 2411/2411/2411
f 2418/2418/2418 2419/2419/2419 2411/2411/2411
f 2411/2411/2411 2419/2419/2419 2420/2420/2420
f 2419/2419/2419 2421/2421/2421 2420/2420/2420
f 2420/2420/2420 2421/2421/2421 2422/2422/2422
f 2421/2421/2421 2423/2423/2423 2422/2422/2422
f 2422/2422/2422 2423/2423/2423 2424/2424/2424
f 2423/2423/2423 2425/2425/2425 2424/2424/2424
f 2424/2424/2424 2425/2425/2425 2415/2415/2415
f 2425/2425/2425 2426/2426/2426 2415/2415/2415
f 2415/2415/2415 2426/2426/2426 2416/2416/2416
f 2426/2426/2426 2427/2427/2427 2416/2416/2416
f 2416/2416/2416 2427/2427/2427 2390/2390/2390
f 2427/2427/2427 2428/2428/2428 2390/2390/2390
f 2390/2390/2390 2428/2428/2428 2429/2429/2429
f 2428/2428/2428 2430/2430/2430 2429/2429/2429
f 2429/2429/2429 2430/2430/2430 2431/2431/2431
f 2430/2430/2430 2432/2432/2432 2431/2431/2431
f 2431/2431/2431 2432/2432/2432 2433/2433/2433
f 2432/2432/2432 2434/2434/2434 2433/2433/2433
f 2433/2433/2433 2434/2434/2434 2392/2392/2392
f 2434/2434/2434 2435/2435/2435 2392/2392/2392
f 2392/2392/2392 2435/2435/2435 2436/2436/2436
f 2435/2435/2435 2437/2437/2437 2436/2436/2436
f 2436/2436/2436 2437/2437/2437 1256/1256/1256
f 2437/2437/2437 2438/2438/2438 1256/1256/1256
f 1256/1256/1256 2438/2438/2438 1254/1254/1254
f 2438/2438/2438 1250/1250/1250 1254/1254/1254
f 1254/1254/1254 1250/1250/1250 1252/1252/1252
f 2417/2417/2417 2439/2439/2439 2418/2418/2418
f 2439/2439/2439 2440/2440/2440 2418/2418/2418
f 2418/2418/2418 2440/2440/2440 2419/2419/2419
f 2440/2440/2440 2441/2441/2441 2419/2419/2419
f 2419/2419/2419 2441/2441/2441 2421/2421/2421
f 2441/2441/2441 2442/2442/2442 2421/2421/2421
f 2421/2421/2421 2442/2442/2442 2423/2423/2423
f 2442/2442/2442 2443/2443/2443 2423/2423/2423
f 2423/2423/2423 2443/2443/2443 2425/2425/2425
f 2443/2443/2443 2444/2444/2444 2425/2425/2425
f 2425/2425/2425 2444/2444/2444 2426/2426/2426
f 2444/2444/2444 2445/2445/2445 2426/2426/2426
f 2426/2426/2426 2445/2445/2445 2427/2427/2427
f 2445/2445/2445 2446/2446/2446 2427/2427/2427
f 2427/2427/2427 2446/2446/2446 2428/2428/2428
f 2446/2446/2446 2447/2447/2447 2428/2428/2428
f 2428/2428/2428 2447/2447/2447 2430/2430/2430
f 2447/2447/2447 2448/2448/2448 2430/2430/2430
f 2430/2430/2430 2448/2448/2448 2432/2432/2432
f 2448/2448/2448 2449/2449/2449 2432/2432/2432
f 2432/2432/2432 2449/2449/2449 2434/2434/2434
f 2449/2449/2449 2450/2450/2450 2434/2434/2434
f 2434/2434/2434 2450/2450/2450 2435/2435/2435
f 2450/2450/2450 2451/2451/2451 2435/2435/2435
f 2435/2435/2435 2451/2451/2451 2437/2437/2437
f 2451/2451/2451 2452/2452/2452 2437/2437/2437
f 2437/2437/2437 2452/2452/2452 2438/2438/2438
f 2452/2452/2452 1248/1248/1248 2438/2438/2438
f 2438/2438/2438 1248/1248/1248 1250/1250/1250
f 2441/2441/2441 2453/2453/2453 2442/2442/2442
f 2453/2453/2453 2454/2454/2454 2442/2442/2442
f 2442/2442/2442 2454/2454/2454 2443/2443/2443
f 2454/2454/2454 2455/2455/2455 2443/2443/2443
f 2443/2443/2443 2455/2455/2455 2456/2456/2456
f 2455/2455/2455 2457/2457/2457 2456/2456/2456
f 2456/2456/2456 2457/2457/2457 2458/2458/2458
f 2457/2457/2457 2459/2459/2459 2458/2458/2458
f 2458/2458/2458 2459/2459/2459 2460/2460/2460
f 2459/2459/2459 2461/2461/2461 2460/2460/2460
f 2460/2460/2460 2461/2461/2461 2447/2447/2447
f 2461/2461/2461 2462/2462/2462 2447/2447/2447
f 2447/2447/2447 2462/2462/2462 2448/2448/2448
f 2462/2462/2462 2463/2463/2463 2448/2448/2448
f 2448/2448/2448 2463/2463/2463 2449/2449/2449
f 2463/2463/2463 2464/2464/2464 2449/2449/2449
f 2449/2449/2449 2464/2464/2464 2465/2465/2465
f 2464/2464/2464 2466/2466/2466 2465/2465/2465
f 2465/2465/2465 2466/2466/2466 2467/2467/2467
f 2466/2466/2466 2468/2468/2468 2467/2467/2467
f 2467/2467/2467 2468/2468/2468 2469/2469/2469
f 2468/2468/2468 1246/1246/1246 2469/2469/2469
f 2469/2469/2469 1246/1246/1246 1248/1248/1248
f 2453/2453/2453 2470/2470/2470 2454/2454/2454
f 2470/2470/2470 2471/2471/2471 2454/2454/2454
f 2454/2454/2454 2471/2471/2471 2455/2455/2455
f 2471/2471/2471 2472/2472/2472 2455/2455/2455
f 2455/2455/2455 2472/2472/2472 2457/2457/2457
f 2472/2472/2472 2473/2473/2473 2457/2457/2457
f 2457/2457/2457 2473/2473/2473 2459/2459/2459
f 2473/2473/2473 2474/2474/2474 2459/2459/2459
f 2459/2459/2459 2474/2474/2474 2461/2461/2461
f 2474/2474/2474 2475/2475/2475 2461/2461/2461
f 2461/2461/2461 2475/2475/2475 2462/2462/2462
f 2475/2475/2475 2476/2476/2476 2462/2462/2462
f 2462/2462/2462 2476/2476/2476 2463/2463/2463
f 2476/2476/2476 2477/2477/2477 2463/2463/2463
f 2463/2463/2463 2477/2477/2477 2464/2464/2464
f 2477/2477/2477 2478/2478/2478 2464/2464/2464
f 2464/2464/2464 2478/2478/2478 2466/2466/2466
f 2478/2478/2478 2479/2479/2479 2466/2466/2466
f 2466/2466/2466 2479/2479/2479 2468/2468/2468
f 2479/2479/2479 1244/1244/1244 2468/2468/2468
f 2468/2468/2468 1244/1244/1244 1246/1246/1246
f 2472/2472/2472 2480/2480/2480 2473/2473/2473
f 2480/2480/2480 2481/2481/2481 2473/2473/2473
f 2473/2473/2473 2481/2481/2481 2474/2474/2474
f 2481/2481/2481 2482/2482/2482 2474/2474/2474
f 2474/2474/2474 2482/2482/2482 2483/2483/2483
f 2482/2482/2482 2484/2484/2484 2483/2483/2483
f 2483/2483/2483 2484/2484/2484 2485/2485/2485
f 2484/2484/2484 2486/2486/2486 2485/2485/2485
f 2485/2485/2485 2486/2486/2486 2487/2487/2487
f 2486/2486/2486 2488/2488/2488 2487/2487/2487
f 2487/2487/2487 2488/2488/2488 2478/2478/2478
f 2488/2488/2488 2489/2489/2489 2478/2478/2478
f 2478/2478/2478 2489/2489/2489 2479/2479/2479
f 2489/2489/2489 2490/2490/2490 2479/2479/2479
f 2479/2479/2479 2490/2490/2490 1244/1244/1244
f 2490/2490/2490 2491/2491/2491 1244/1244/1244
f 1244/1244/1244 2491/2491/2491 1242/1242/1242
f 2491/2491/2491 1238/1238/1238 1242/1242/1242
f 1242/1242/1242 1238/1238/1238 1240/1240/1240
f 2480/2480/2480 2492/2492/2492 2481/2481/2481
f 2492/2492/2492 2493/2493/2493 2481/2481/2481
f 2481/2481/2481 2493/2493/2493 2482/2482/2482
f 2493/2493/2493 2494/2494/2494 2482/2482/2482
f 2482/2482/2482 2494/2494/2494 2484/2484/2484
f 2494/2494/2494 2495/2495/2495 2484/2484/2484
f 2484/2484/2484 2495/2495/2495 2486/2486/2486
f 2495/2495/2495 2496/2496/2496 2486/2486/2486
f 2486/2486/2486 2496/2496/2496 2488/2488/2488
f 2496/2496/2496 2497/2497/2497 2488/2488/2488
f 2488/2488/2488 2497/2497/2497 2489/2489/2489
f 2497/2497/2497 2498/2498/2498 2489/2489/2489
f 2489/2489/2489 2498/2498/2498 2490/2490/2490
f 2498/2498/2498 2499/2499/2499 2490/2490/2490
f 2490/2490/2490 2499/2499/2499 2491/2491/2491
f 2499/2499/2499 1225/1225/1225 2491/2491/2491
f 2491/2491/2491 1225/1225/1225 1238/1238/1238
f 2494/2494/2494 2500/2500/2500 2495/2495/2495
f 2500/2500/2500 2501/2501/2501 2495/2495/2495
f 2495/2495/2495 2501/2501/2501 2496/2496/2496
f 2501/2501/2501 2502/2502/2502 2496/2496/2496
f 2496/2496/2496 2502/2502/2502 2503/2503/2503
f 2502/2502/2502 2504/2504/2504 2503/2503/2503
f 2503/2503/2503 2504/2504/2504 2505/2505/2505
f 2504/2504/2504 2506/2506/2506 2505/2505/2505
f 2505/2505/2505 2506/2506/2506 2507/2507/2507
f 2506/2506/2506 2508/2508/2508 2507/2507/2507
f 2507/2507/2507 2508/2508/2508 1225/1225/1225
f 2508/2508/2508 1226/1226/1226 1225/1225/1225
f 2500/2500/2500 2509/2509/2509 2501/2501/2501
f 2509/2509/2509 2510/2510/2510 2501/2501/2501
f 2501/2501/2501 2510/2510/2510 2502/2502/2502
f 2510/2510/2510 2511/2511/2511 2502/2502/2502
f 2502/2502/2502 2511/2511/2511 2504/2504/2504
f 2511/2511/2511 2512/2512/2512 2504/2504/2504
f 2504/2504/2504 2512/2512/2512 2506/2506/2506
f 2512/2512/2512 1229/1229/1229 2506/2506/2506
f 2506/2506/2506 1229/1229/1229 2508/2508/2508
f 1229/1229/1229 1228/1228/1228 2508/2508/2508
f 2508/2508/2508 1228/1228/1228 1226/1226/1226
f 1228/1228/1228 1227/1227/1227 1226/1226/1226
f 2511/2511/2511 2513/2513/2513 2512/2512/2512
f 2513/2513/2513 2514/2514/2514 2512/2512/2512
f 2512/2512/2512 2514/2514/2514 1229/1229/1229
f 2514/2514/2514 1230/1230/1230 1229/1229/1229
f 2513/2513/2513 2515/2515/2515 2514/2514/2514
f 2515/2515/2515 2516/2516/2516 2514/2514/2514
f 2514/2514/2514 2516/2516/2516 1230/1230/1230
f 2516/2516/2516 1231/1231/1231 1230/1230/1230
f 2498/2498/2498 2497/2497/2497 2499/2499/2499
f 2497/2497/2497 2517/2517/2517 2499/2499/2499
f 2499/2499/2499 2517/2517/2517 1225/1225/1225
f 2517/2517/2517 2507/2507/2507 1225/1225/1225
f 2497/2497/2497 2496/2496/2496 2517/2517/2517
f 2496/2496/2496 2503/2503/2503 2517/2517/2517
f 2517/2517/2517 2503/2503/2503 2507/2507/2507
f 2503/2503/2503 2505/2505/2505 2507/2507/2507
f 2367/2367/2367 2366/2366/2366 2368/2368/2368
f 2366/2366/2366 2399/2399/2399 2368/2368/2368
f 2368/2368/2368 2399/2399/2399 2369/2369/2369
f 1533/1533/1533 1532/1532/1532 1606/1606/1606
f 1532/1532/1532 1530/1530/1530 1606/1606/1606
f 1606/1606/1606 1530/1530/1530 1529/1529/1529
f 2382/2382/2382 2384/2384/2384 2380/2380/2380
f 2384/2384/2384 2518/2518/2518 2380/2380/2380
f 2380/2380/2380 2518/2518/2518 2371/2371/2371
f 2518/2518/2518 2372/2372/2372 2371/2371/2371
f 2384/2384/2384 2375/2375/2375 2518/2518/2518
f 2375/2375/2375 2374/2374/2374 2518/2518/2518
f 2518/2518/2518 2374/2374/2374 2372/2372/2372
f 2374/2374/2374 2373/2373/2373 2372/2372/2372
f 2404/2404/2404 2402/2402/2402 2406/2406/2406
f 2402/2402/2402 2519/2519/2519 2406/2406/2406
f 2406/2406/2406 2519/2519/2519 1421/1421/1421
f 2519/2519/2519 1435/1435/1435 1421/1421/1421
f 2402/2402/2402 1498/1498/1498 2519/2519/2519
f 1498/1498/1498 2520/2520/2520 2519/2519/2519
f 2519/2519/2519 2520/2520/2520 1435/1435/1435
f 2520/2520/2520 1455/1455/1455 1435/1435/1435
f 1498/1498/1498 1496/1496/1496 2520/2520/2520
f 1496/1496/1496 1456/1456/1456 2520/2520/2520
f 2520/2520/2520 1456/1456/1456 1455/1455/1455
f 1488/1488/1488 1563/1563/1563 1489/1489/1489
f 1563/1563/1563 1491/1491/1491 1489/1489/1489
f 1489/1489/1489 1491/1491/1491 1490/1490/1490
f 1867/1867/1867 1866/1866/1866 1868/1868/1868
f 1866/1866/1866 2521/2521/2521 1868/1868/1868
f 1868/1868/1868 2521/2521/2521 1869/1869/1869
f 2521/2521/2521 2522/2522/2522 1869/1869/1869
f 1869/1869/1869 2522/2522/2522 2523/2523/2523
f 2522/2522/2522 2524/2524/2524 2523/2523/2523
f 2523/2523/2523 2524/2524/2524 2525/2525/2525
f 2524/2524/2524 2526/2526/2526 2525/2525/2525
f 2525/2525/2525 2526/2526/2526 2527/2527/2527
f 2526/2526/2526 2528/2528/2528 2527/2527/2527
f 2527/2527/2527 2528/2528/2528 2529/2529/2529
f 2528/2528/2528 2530/2530/2530 2529/2529/2529
f 2529/2529/2529 2530/2530/2530 2531/2531/2531
f 2530/2530/2530 2532/2532/2532 2531/2531/2531
f 2531/2531/2531 2532/2532/2532 2533/2533/2533
f 2532/2532/2532 2534/2534/2534 2533/2533/2533
f 1866/1866/1866 1865/1865/1865 2521/2521/2521
f 1865/1865/1865 2535/2535/2535 2521/2521/2521
f 2521/2521/2521 2535/2535/2535 2522/2522/2522
f 2535/2535/2535 2536/2536/2536 2522/2522/2522
f 2522/2522/2522 2536/2536/2536 2524/2524/2524
f 2536/2536/2536 2537/2537/2537 2524/2524/2524
f 2524/2524/2524 2537/2537/2537 2526/2526/2526
f 2537/2537/2537 1889/1889/1889 2526/2526/2526
f 2526/2526/2526 1889/1889/1889 2528/2528/2528
f 1889/1889/1889 1891/1891/1891 2528/2528/2528
f 2528/2528/2528 1891/1891/1891 2530/2530/2530
f 1891/1891/1891 1893/1893/1893 2530/2530/2530
f 2530/2530/2530 1893/1893/1893 2532/2532/2532
f 1893/1893/1893 2538/2538/2538 2532/2532/2532
f 2532/2532/2532 2538/2538/2538 2534/2534/2534
f 2538/2538/2538 2539/2539/2539 2534/2534/2534
f 2536/2536/2536 2535/2535/2535 2537/2537/2537
f 2535/2535/2535 2540/2540/2540 2537/2537/2537
f 2537/2537/2537 2540/2540/2540 1889/1889/1889
f 2540/2540/2540 1887/1887/1887 1889/1889/1889
f 2535/2535/2535 1865/1865/1865 2540/2540/2540
f 1865/1865/1865 1883/1883/1883 2540/2540/2540
f 2540/2540/2540 1883/1883/1883 1887/1887/1887
f 1883/1883/1883 1885/1885/1885 1887/1887/1887
f 2392/2392/2392 2436/2436/2436 2393/2393/2393
f 2436/2436/2436 2395/2395/2395 2393/2393/2393
f 2393/2393/2393 2395/2395/2395 2394/2394/2394
f 2445/2445/2445 2444/2444/2444 2446/2446/2446
f 2444/2444/2444 2541/2541/2541 2446/2446/2446
f 2446/2446/2446 2541/2541/2541 2447/2447/2447
f 2541/2541/2541 2460/2460/2460 2447/2447/2447
f 2444/2444/2444 2443/2443/2443 2541/2541/2541
f 2443/2443/2443 2456/2456/2456 2541/2541/2541
f 2541/2541/2541 2456/2456/2456 2460/2460/2460
f 2456/2456/2456 2458/2458/2458 2460/2460/2460
f 1474/1474/1474 1476/1476/1476 1472/1472/1472
f 1476/1476/1476 2542/2542/2542 1472/1472/1472
f 1472/1472/1472 2542/2542/2542 1459/1459/1459
f 2542/2542/2542 1460/1460/1460 1459/1459/1459
f 1476/1476/1476 1463/1463/1463 2542/2542/2542
f 1463/1463/1463 1462/1462/1462 2542/2542/2542
f 2542/2542/2542 1462/1462/1462 1460/1460/1460
f 1462/1462/1462 1461/1461/1461 1460/1460/1460
f 1712/1712/1712 1710/1710/1710 2543/2543/2543
f 1710/1710/1710 2544/2544/2544 2543/2543/2543
f 2543/2543/2543 2544/2544/2544 2545/2545/2545
f 2544/2544/2544 2546/2546/2546 2545/2545/2545
f 1710/1710/1710 1708/1708/1708 2544/2544/2544
f 1708/1708/1708 2547/2547/2547 2544/2544/2544
f 2544/2544/2544 2547/2547/2547 2546/2546/2546
f 2547/2547/2547 2548/2548/2548 2546/2546/2546
f 1708/1708/1708 2549/2549/2549 2547/2547/2547
f 2549/2549/2549 2550/2550/2550 2547/2547/2547
f 2547/2547/2547 2550/2550/2550 2548/2548/2548
f 2550/2550/2550 2551/2551/2551 2548/2548/2548
f 2548/2548/2548 2551/2551/2551 2552/2552/2552
f 2551/2551/2551 1617/1617/1617 2552/2552/2552
f 2552/2552/2552 1617/1617/1617 2553/2553/2553
f 1617/1617/1617 1616/1616/1616 2553/2553/2553
f 2551/2551/2551 2550/2550/2550 2554/2554/2554
f 2550/2550/2550 2555/2555/2555 2554/2554/2554
f 2554/2554/2554 2555/2555/2555 2556/2556/2556
f 2555/2555/2555 2549/2549/2549 2556/2556/2556
f 2556/2556/2556 2549/2549/2549 2557/2557/2557
f 2549/2549/2549 1708/1708/1708 2557/2557/2557
f 2557/2557/2557 1708/1708/1708 1706/1706/1706
f 1706/1706/1706 1702/1702/1702 2557/2557/2557
f 1702/1702/1702 1700/1700/1700 2557/2557/2557
f 2557/2557/2557 1700/1700/1700 2556/2556/2556
f 1700/1700/1700 2558/2558/2558 2556/2556/2556
f 2556/2556/2556 2558/2558/2558 2554/2554/2554
f 2558/2558/2558 1618/1618/1618 2554/2554/2554
f 2554/2554/2554 1618/1618/1618 2551/2551/2551
f 1618/1618/1618 1617/1617/1617 2551/2551/2551
f 1700/1700/1700 2559/2559/2559 2558/2558/2558
f 2559/2559/2559 1632/1632/1632 2558/2558/2558
f 2558/2558/2558 1632/1632/1632 1618/1618/1618
f 1700/1700/1700 1698/1698/1698 2559/2559/2559
f 1698/1698/1698 1657/1657/1657 2559/2559/2559
f 2559/2559/2559 1657/1657/1657 1656/1656/1656
f 2022/2022/2022 2021/2021/2021 2560/2560/2560
f 2021/2021/2021 2561/2561/2561 2560/2560/2560
f 2560/2560/2560 2561/2561/2561 2041/2041/2041
f 2561/2561/2561 2039/2039/2039 2041/2041/2041
f 2021/2021/2021 2020/2020/2020 2561/2561/2561
f 2020/2020/2020 2035/2035/2035 2561/2561/2561
f 2561/2561/2561 2035/2035/2035 2039/2039/2039
f 2035/2035/2035 2037/2037/2037 2039/2039/2039
f 2283/2283/2283 2285/2285/2285 2281/2281/2281
f 2285/2285/2285 2562/2562/2562 2281/2281/2281
f 2281/2281/2281 2562/2562/2562 2263/2263/2263
f 2562/2562/2562 2264/2264/2264 2263/2263/2263
f 2285/2285/2285 2267/2267/2267 2562/2562/2562
f 2267/2267/2267 2266/2266/2266 2562/2562/2562
f 2562/2562/2562 2266/2266/2266 2264/2264/2264
f 2266/2266/2266 2265/2265/2265 2264/2264/2264
f 1514/1514/1514 1512/1512/1512 1516/1516/1516
f 1512/1512/1512 2563/2563/2563 1516/1516/1516
f 1516/1516/1516 2563/2563/2563 1518/1518/1518
f 2563/2563/2563 2564/2564/2564 1518/1518/1518
f 1518/1518/1518 2564/2564/2564 2565/2565/2565
f 2564/2564/2564 2566/2566/2566 2565/2565/2565
f 2565/2565/2565 2566/2566/2566 2567/2567/2567
f 2566/2566/2566 2568/2568/2568 2567/2567/2567
f 2567/2567/2567 2568/2568/2568 2569/2569/2569
f 2568/2568/2568 2570/2570/2570 2569/2569/2569
f 2569/2569/2569 2570/2570/2570 2571/2571/2571
f 2570/2570/2570 2572/2572/2572 2571/2571/2571
f 1512/1512/1512 1510/1510/1510 2563/2563/2563
f 1510/1510/1510 2573/2573/2573 2563/2563/2563
f 2563/2563/2563 2573/2573/2573 2564/2564/2564
f 2573/2573/2573 2574/2574/2574 2564/2564/2564
f 2564/2564/2564 2574/2574/2574 2566/2566/2566
f 2574/2574/2574 2575/2575/2575 2566/2566/2566
f 2566/2566/2566 2575/2575/2575 2568/2568/2568
f 2575/2575/2575 2576/2576/2576 2568/2568/2568
f 2568/2568/2568 2576/2576/2576 2570/2570/2570
f 2576/2576/2576 2577/2577/2577 2570/2570/2570
f 2570/2570/2570 2577/2577/2577 2572/2572/2572
f 2577/2577/2577 2578/2578/2578 2572/2572/2572
f 2574/2574/2574 2573/2573/2573 2575/2575/2575
f 2573/2573/2573 2579/2579/2579 2575/2575/2575
f 2575/2575/2575 2579/2579/2579 2576/2576/2576
f 2579/2579/2579 2580/2580/2580 2576/2576/2576
f 2576/2576/2576 2580/2580/2580 2581/2581/2581
f 2580/2580/2580 2582/2582/2582 2581/2581/2581
f 2581/2581/2581 2582/2582/2582 2348/2348/2348
f 2582/2582/2582 2346/2346/2346 2348/2348/2348
f 2573/2573/2573 1510/1510/1510 2579/2579/2579
f 1510/1510/1510 2583/2583/2583 2579/2579/2579
f 2579/2579/2579 2583/2583/2583 2580/2580/2580
f 2583/2583/2583 2584/2584/2584 2580/2580/2580
f 2580/2580/2580 2584/2584/2584 2582/2582/2582
f 2584/2584/2584 2585/2585/2585 2582/2582/2582
f 2582/2582/2582 2585/2585/2585 2346/2346/2346
f 2585/2585/2585 1506/1506/1506 2346/2346/2346
f 1506/1506/1506 2585/2585/2585 1508/1508/1508
f 2585/2585/2585 2583/2583/2583 1508/1508/1508
f 1508/1508/1508 2583/2583/2583 1510/1510/1510
f 1415/1415/1415 1413/1413/1413 1417/1417/1417
f 1413/1413/1413 1330/1330/1330 1417/1417/1417
f 1417/1417/1417 1330/1330/1330 1332/1332/1332
f 1467/1467/1467 1466/1466/1466 1468/1468/1468
f 1466/1466/1466 2586/2586/2586 1468/1468/1468
f 1468/1468/1468 2586/2586/2586 1391/1391/1391
f 2586/2586/2586 2587/2587/2587 1391/1391/1391
f 1466/1466/1466 1465/1465/1465 2586/2586/2586
f 1465/1465/1465 1481/1481/1481 2586/2586/2586
f 2586/2586/2586 1481/1481/1481 2587/2587/2587
f 1481/1481/1481 1483/1483/1483 2587/2587/2587
f 1721/1721/1721 1720/1720/1720 1722/1722/1722
f 1720/1720/1720 2588/2588/2588 1722/1722/1722
f 1722/1722/1722 2588/2588/2588 1723/1723/1723
f 2588/2588/2588 1737/1737/1737 1723/1723/1723
f 1720/1720/1720 1719/1719/1719 2588/2588/2588
f 1719/1719/1719 1733/1733/1733 2588/2588/2588
f 2588/2588/2588 1733/1733/1733 1737/1737/1737
f 1733/1733/1733 1735/1735/1735 1737/1737/1737
f 2142/2142/2142 2589/2589/2589 2140/2140/2140
f 2589/2589/2589 2590/2590/2590 2140/2140/2140
f 2140/2140/2140 2590/2590/2590 2138/2138/2138
f 2590/2590/2590 2591/2591/2591 2138/2138/2138
f 2138/2138/2138 2591/2591/2591 2592/2592/2592
f 2591/2591/2591 2593/2593/2593 2592/2592/2592
f 2592/2592/2592 2593/2593/2593 2594/2594/2594
f 2593/2593/2593 2595/2595/2595 2594/2594/2594
f 2594/2594/2594 2595/2595/2595 2596/2596/2596
f 2595/2595/2595 2597/2597/2597 2596/2596/2596
f 2596/2596/2596 2597/2597/2597 2115/2115/2115
f 2597/2597/2597 2598/2598/2598 2115/2115/2115
f 2115/2115/2115 2598/2598/2598 2599/2599/2599
f 2598/2598/2598 2600/2600/2600 2599/2599/2599
f 2599/2599/2599 2600/2600/2600 2119/2119/2119
f 2600/2600/2600 2601/2601/2601 2119/2119/2119
f 2119/2119/2119 2601/2601/2601 2602/2602/2602
f 2601/2601/2601 2603/2603/2603 2602/2602/2602
f 2602/2602/2602 2603/2603/2603 2604/2604/2604
f 2603/2603/2603 2605/2605/2605 2604/2604/2604
f 2604/2604/2604 2605/2605/2605 2606/2606/2606
f 2605/2605/2605 2607/2607/2607 2606/2606/2606
f 2606/2606/2606 2607/2607/2607 2121/2121/2121
f 2607/2607/2607 2608/2608/2608 2121/2121/2121
f 2121/2121/2121 2608/2608/2608 2609/2609/2609
f 2608/2608/2608 2610/2610/2610 2609/2609/2609
f 2609/2609/2609 2610/2610/2610 2125/2125/2125
f 2610/2610/2610 2611/2611/2611 2125/2125/2125
f 2125/2125/2125 2611/2611/2611 2612/2612/2612
f 2611/2611/2611 2613/2613/2613 2612/2612/2612
f 2612/2612/2612 2613/2613/2613 2614/2614/2614
f 2613/2613/2613 2615/2615/2615 2614/2614/2614
f 2614/2614/2614 2615/2615/2615 2616/2616/2616
f 2615/2615/2615 2617/2617/2617 2616/2616/2616
f 2616/2616/2616 2617/2617/2617 2127/2127/2127
f 2617/2617/2617 2618/2618/2618 2127/2127/2127
f 2589/2589/2589 2619/2619/2619 2590/2590/2590
f 2619/2619/2619 2620/2620/2620 2590/2590/2590
f 2590/2590/2590 2620/2620/2620 2591/2591/2591
f 2620/2620/2620 2621/2621/2621 2591/2591/2591
f 2591/2591/2591 2621/2621/2621 2593/2593/2593
f 2621/2621/2621 2622/2622/2622 2593/2593/2593
f 2593/2593/2593 2622/2622/2622 2595/2595/2595
f 2622/2622/2622 2623/2623/2623 2595/2595/2595
f 2595/2595/2595 2623/2623/2623 2597/2597/2597
f 2623/2623/2623 2624/2624/2624 2597/2597/2597
f 2597/2597/2597 2624/2624/2624 2598/2598/2598
f 2624/2624/2624 2625/2625/2625 2598/2598/2598
f 2598/2598/2598 2625/2625/2625 2600/2600/2600
f 2625/2625/2625 2626/2626/2626 2600/2600/2600
f 2600/2600/2600 2626/2626/2626 2601/2601/2601
f 2626/2626/2626 2627/2627/2627 2601/2601/2601
f 2601/2601/2601 2627/2627/2627 2603/2603/2603
f 2627/2627/2627 2628/2628/2628 2603/2603/2603
f 2603/2603/2603 2628/2628/2628 2605/2605/2605
f 2628/2628/2628 2629/2629/2629 2605/2605/2605
f 2605/2605/2605 2629/2629/2629 2607/2607/2607
f 2629/2629/2629 2630/2630/2630 2607/2607/2607
f 2607/2607/2607 2630/2630/2630 2608/2608/2608
f 2630/2630/2630 2631/2631/2631 2608/2608/2608
f 2608/2608/2608 2631/2631/2631 2610/2610/2610
f 2631/2631/2631 2632/2632/2632 2610/2610/2610
f 2610/2610/2610 2632/2632/2632 2611/2611/2611
f 2632/2632/2632 2633/2633/2633 2611/2611/2611
f 2611/2611/2611 2633/2633/2633 2613/2613/2613
f 2633/2633/2633 2634/2634/2634 2613/2613/2613
f 2613/2613/2613 2634/2634/2634 2615/2615/2615
f 2634/2634/2634 2635/2635/2635 2615/2615/2615
f 2615/2615/2615 2635/2635/2635 2617/2617/2617
f 2635/2635/2635 2636/2636/2636 2617/2617/2617
f 2617/2617/2617 2636/2636/2636 2618/2618/2618
f 2636/2636/2636 2637/2637/2637 2618/2618/2618
f 2621/2621/2621 2638/2638/2638 2622/2622/2622
f 2638/2638/2638 2639/2639/2639 2622/2622/2622
f 2622/2622/2622 2639/2639/2639 2623/2623/2623
f 2639/2639/2639 2640/2640/2640 2623/2623/2623
f 2623/2623/2623 2640/2640/2640 2641/2641/2641
f 2640/2640/2640 2642/2642/2642 2641/2641/2641
f 2641/2641/2641 2642/2642/2642 2643/2643/2643
f 2642/2642/2642 2644/2644/2644 2643/2643/2643
f 2643/2643/2643 2644/2644/2644 2645/2645/2645
f 2644/2644/2644 2646/2646/2646 2645/2645/2645
f 2645/2645/2645 2646/2646/2646 2627/2627/2627
f 2646/2646/2646 2647/2647/2647 2627/2627/2627
f 2627/2627/2627 2647/2647/2647 2628/2628/2628
f 2647/2647/2647 2648/2648/2648 2628/2628/2628
f 2628/2628/2628 2648/2648/2648 2629/2629/2629
f 2648/2648/2648 2649/2649/2649 2629/2629/2629
f 2629/2629/2629 2649/2649/2649 2650/2650/2650
f 2649/2649/2649 2651/2651/2651 2650/2650/2650
f 2650/2650/2650 2651/2651/2651 2652/2652/2652
f 2651/2651/2651 2653/2653/2653 2652/2652/2652
f 2652/2652/2652 2653/2653/2653 2654/2654/2654
f 2653/2653/2653 2655/2655/2655 2654/2654/2654
f 2654/2654/2654 2655/2655/2655 2633/2633/2633
f 2655/2655/2655 2656/2656/2656 2633/2633/2633
f 2633/2633/2633 2656/2656/2656 2634/2634/2634
f 2656/2656/2656 2657/2657/2657 2634/2634/2634
f 2634/2634/2634 2657/2657/2657 2635/2635/2635
f 2657/2657/2657 2658/2658/2658 2635/2635/2635
f 2635/2635/2635 2658/2658/2658 2659/2659/2659
f 2658/2658/2658 2660/2660/2660 2659/2659/2659
f 2659/2659/2659 2660/2660/2660 2661/2661/2661
f 2660/2660/2660 2662/2662/2662 2661/2661/2661
f 2661/2661/2661 2662/2662/2662 2663/2663/2663
f 2662/2662/2662 2664/2664/2664 2663/2663/2663
f 2663/2663/2663 2664/2664/2664 2665/2665/2665
f 2664/2664/2664 2666/2666/2666 2665/2665/2665
f 2638/2638/2638 2667/2667/2667 2639/2639/2639
f 2667/2667/2667 2668/2668/2668 2639/2639/2639
f 2639/2639/2639 2668/2668/2668 2640/2640/2640
f 2668/2668/2668 2669/2669/2669 2640/2640/2640
f 2640/2640/2640 2669/2669/2669 2642/2642/2642
f 2669/2669/2669 2670/2670/2670 2642/2642/2642
f 2642/2642/2642 2670/2670/2670 2644/2644/2644
f 2670/2670/2670 2671/2671/2671 2644/2644/2644
f 2644/2644/2644 2671/2671/2671 2646/2646/2646
f 2671/2671/2671 2672/2672/2672 2646/2646/2646
f 2646/2646/2646 2672/2672/2672 2647/2647/2647
f 2672/2672/2672 2673/2673/2673 2647/2647/2647
f 2647/2647/2647 2673/2673/2673 2648/2648/2648
f 2673/2673/2673 2674/2674/2674 2648/2648/2648
f 2648/2648/2648 2674/2674/2674 2649/2649/2649
f 2674/2674/2674 2675/2675/2675 2649/2649/2649
f 2649/2649/2649 2675/2675/2675 2651/2651/2651
f 2675/2675/2675 2676/2676/2676 2651/2651/2651
f 2651/2651/2651 2676/2676/2676 2653/2653/2653
f 2676/2676/2676 2677/2677/2677 2653/2653/2653
f 2653/2653/2653 2677/2677/2677 2655/2655/2655
f 2677/2677/2677 2678/2678/2678 2655/2655/2655
f 2655/2655/2655 2678/2678/2678 2656/2656/2656
f 2678/2678/2678 2679/2679/2679 2656/2656/2656
f 2656/2656/2656 2679/2679/2679 2657/2657/2657
f 2679/2679/2679 2680/2680/2680 2657/2657/2657
f 2657/2657/2657 2680/2680/2680 2658/2658/2658
f 2680/2680/2680 2681/2681/2681 2658/2658/2658
f 2658/2658/2658 2681/2681/2681 2660/2660/2660
f 2681/2681/2681 2682/2682/2682 2660/2660/2660
f 2660/2660/2660 2682/2682/2682 2662/2662/2662
f 2682/2682/2682 1857/1857/1857 2662/2662/2662
f 2662/2662/2662 1857/1857/1857 2664/2664/2664
f 1857/1857/1857 1856/1856/1856 2664/2664/2664
f 2664/2664/2664 1856/1856/1856 2666/2666/2666
f 1856/1856/1856 2683/2683/2683 2666/2666/2666
f 2669/2669/2669 2684/2684/2684 2670/2670/2670
f 2684/2684/2684 2685/2685/2685 2670/2670/2670
f 2670/2670/2670 2685/2685/2685 2671/2671/2671
f 2685/2685/2685 2686/2686/2686 2671/2671/2671
f 2671/2671/2671 2686/2686/2686 2687/2687/2687
f 2686/2686/2686 2688/2688/2688 2687/2687/2687
f 2687/2687/2687 2688/2688/2688 2689/2689/2689
f 2688/2688/2688 2690/2690/2690 2689/2689/2689
f 2689/2689/2689 2690/2690/2690 2691/2691/2691
f 2690/2690/2690 2692/2692/2692 2691/2691/2691
f 2691/2691/2691 2692/2692/2692 2675/2675/2675
f 2692/2692/2692 2693/2693/2693 2675/2675/2675
f 2675/2675/2675 2693/2693/2693 2676/2676/2676
f 2693/2693/2693 2694/2694/2694 2676/2676/2676
f 2676/2676/2676 2694/2694/2694 2677/2677/2677
f 2694/2694/2694 2695/2695/2695 2677/2677/2677
f 2677/2677/2677 2695/2695/2695 2696/2696/2696
f 2695/2695/2695 2697/2697/2697 2696/2696/2696
f 2696/2696/2696 2697/2697/2697 2698/2698/2698
f 2697/2697/2697 2699/2699/2699 2698/2698/2698
f 2698/2698/2698 2699/2699/2699 2700/2700/2700
f 2699/2699/2699 2701/2701/2701 2700/2700/2700
f 2700/2700/2700 2701/2701/2701 2681/2681/2681
f 2701/2701/2701 2702/2702/2702 2681/2681/2681
f 2681/2681/2681 2702/2702/2702 2682/2682/2682
f 2702/2702/2702 1871/1871/1871 2682/2682/2682
f 2682/2682/2682 1871/1871/1871 1857/1857/1857
f 2684/2684/2684 2703/2703/2703 2685/2685/2685
f 2703/2703/2703 2704/2704/2704 2685/2685/2685
f 2685/2685/2685 2704/2704/2704 2686/2686/2686
f 2704/2704/2704 2705/2705/2705 2686/2686/2686
f 2686/2686/2686 2705/2705/2705 2688/2688/2688
f 2705/2705/2705 2706/2706/2706 2688/2688/2688
f 2688/2688/2688 2706/2706/2706 2690/2690/2690
f 2706/2706/2706 2707/2707/2707 2690/2690/2690
f 2690/2690/2690 2707/2707/2707 2692/2692/2692
f 2707/2707/2707 2708/2708/2708 2692/2692/2692
f 2692/2692/2692 2708/2708/2708 2693/2693/2693
f 2708/2708/2708 2709/2709/2709 2693/2693/2693
f 2693/2693/2693 2709/2709/2709 2694/2694/2694
f 2709/2709/2709 2710/2710/2710 2694/2694/2694
f 2694/2694/2694 2710/2710/2710 2695/2695/2695
f 2710/2710/2710 2711/2711/2711 2695/2695/2695
f 2695/2695/2695 2711/2711/2711 2697/2697/2697
f 2711/2711/2711 2712/2712/2712 2697/2697/2697
f 2697/2697/2697 2712/2712/2712 2699/2699/2699
f 2712/2712/2712 1905/1905/1905 2699/2699/2699
f 2699/2699/2699 1905/1905/1905 2701/2701/2701
f 1905/1905/1905 1904/1904/1904 2701/2701/2701
f 2701/2701/2701 1904/1904/1904 2702/2702/2702
f 1904/1904/1904 1903/1903/1903 2702/2702/2702
f 2702/2702/2702 1903/1903/1903 1871/1871/1871
f 2705/2705/2705 2713/2713/2713 2706/2706/2706
f 2713/2713/2713 2714/2714/2714 2706/2706/2706
f 2706/2706/2706 2714/2714/2714 2707/2707/2707
f 2714/2714/2714 2715/2715/2715 2707/2707/2707
f 2707/2707/2707 2715/2715/2715 2716/2716/2716
f 2715/2715/2715 2717/2717/2717 2716/2716/2716
f 2716/2716/2716 2717/2717/2717 2718/2718/2718
f 2717/2717/2717 2719/2719/2719 2718/2718/2718
f 2718/2718/2718 2719/2719/2719 2720/2720/2720
f 2719/2719/2719 2721/2721/2721 2720/2720/2720
f 2720/2720/2720 2721/2721/2721 2711/2711/2711
f 2721/2721/2721 2722/2722/2722 2711/2711/2711
f 2711/2711/2711 2722/2722/2722 2712/2712/2712
f 2722/2722/2722 2723/2723/2723 2712/2712/2712
f 2712/2712/2712 2723/2723/2723 1905/1905/1905
f 2723/2723/2723 1906/1906/1906 1905/1905/1905
f 2713/2713/2713 2724/2724/2724 2714/2714/2714
f 2724/2724/2724 2725/2725/2725 2714/2714/2714
f 2714/2714/2714 2725/2725/2725 2715/2715/2715
f 2725/2725/2725 2726/2726/2726 2715/2715/2715
f 2715/2715/2715 2726/2726/2726 2717/2717/2717
f 2726/2726/2726 2727/2727/2727 2717/2717/2717
f 2717/2717/2717 2727/2727/2727 2719/2719/2719
f 2727/2727/2727 2728/2728/2728 2719/2719/2719
f 2719/2719/2719 2728/2728/2728 2721/2721/2721
f 2728/2728/2728 2729/2729/2729 2721/2721/2721
f 2721/2721/2721 2729/2729/2729 2722/2722/2722
f 2729/2729/2729 2730/2730/2730 2722/2722/2722
f 2722/2722/2722 2730/2730/2730 2723/2723/2723
f 2730/2730/2730 2731/2731/2731 2723/2723/2723
f 2723/2723/2723 2731/2731/2731 1906/1906/1906
f 2731/2731/2731 1907/1907/1907 1906/1906/1906
f 2726/2726/2726 2732/2732/2732 2727/2727/2727
f 2732/2732/2732 2733/2733/2733 2727/2727/2727
f 2727/2727/2727 2733/2733/2733 2728/2728/2728
f 2733/2733/2733 2734/2734/2734 2728/2728/2728
f 2728/2728/2728 2734/2734/2734 2735/2735/2735
f 2734/2734/2734 2736/2736/2736 2735/2735/2735
f 2735/2735/2735 2736/2736/2736 2737/2737/2737
f 2736/2736/2736 2738/2738/2738 2737/2737/2737
f 2737/2737/2737 2738/2738/2738 2739/2739/2739
f 2738/2738/2738 2207/2207/2207 2739/2739/2739
f 2739/2739/2739 2207/2207/2207 1907/1907/1907
f 2732/2732/2732 2740/2740/2740 2733/2733/2733
f 2740/2740/2740 2741/2741/2741 2733/2733/2733
f 2733/2733/2733 2741/2741/2741 2734/2734/2734
f 2741/2741/2741 2204/2204/2204 2734/2734/2734
f 2734/2734/2734 2204/2204/2204 2736/2736/2736
f 2204/2204/2204 2203/2203/2203 2736/2736/2736
f 2736/2736/2736 2203/2203/2203 2738/2738/2738
f 2203/2203/2203 2202/2202/2202 2738/2738/2738
f 2738/2738/2738 2202/2202/2202 2207/2207/2207
f 2119/2119/2119 2118/2118/2118 2599/2599/2599
f 2118/2118/2118 2116/2116/2116 2599/2599/2599
f 2599/2599/2599 2116/2116/2116 2115/2115/2115
f 2643/2643/2643 2645/2645/2645 2641/2641/2641
f 2645/2645/2645 2742/2742/2742 2641/2641/2641
f 2641/2641/2641 2742/2742/2742 2623/2623/2623
f 2742/2742/2742 2624/2624/2624 2623/2623/2623
f 2645/2645/2645 2627/2627/2627 2742/2742/2742
f 2627/2627/2627 2626/2626/2626 2742/2742/2742
f 2742/2742/2742 2626/2626/2626 2624/2624/2624
f 2626/2626/2626 2625/2625/2625 2624/2624/2624
f 2119/2119/2119 2602/2602/2602 2120/2120/2120
f 2602/2602/2602 2606/2606/2606 2120/2120/2120
f 2120/2120/2120 2606/2606/2606 2121/2121/2121
f 1440/1440/1440 1442/1442/1442 1438/1438/1438
f 1442/1442/1442 2743/2743/2743 1438/1438/1438
f 1438/1438/1438 2743/2743/2743 1423/1423/1423
f 2743/2743/2743 1424/1424/1424 1423/1423/1423
f 1442/1442/1442 1427/1427/1427 2743/2743/2743
f 1427/1427/1427 1426/1426/1426 2743/2743/2743
f 2743/2743/2743 1426/1426/1426 1424/1424/1424
f 1426/1426/1426 1425/1425/1425 1424/1424/1424
f 2631/2631/2631 2630/2630/2630 2632/2632/2632
f 2630/2630/2630 2744/2744/2744 2632/2632/2632
f 2632/2632/2632 2744/2744/2744 2633/2633/2633
f 2744/2744/2744 2654/2654/2654 2633/2633/2633
f 2630/2630/2630 2629/2629/2629 2744/2744/2744
f 2629/2629/2629 2650/2650/2650 2744/2744/2744
f 2744/2744/2744 2650/2650/2650 2654/2654/2654
f 2650/2650/2650 2652/2652/2652 2654/2654/2654
f 2679/2679/2679 2678/2678/2678 2680/2680/2680
f 2678/2678/2678 2745/2745/2745 2680/2680/2680
f 2680/2680/2680 2745/2745/2745 2681/2681/2681
f 2745/2745/2745 2700/2700/2700 2681/2681/2681
f 2678/2678/2678 2677/2677/2677 2745/2745/2745
f 2677/2677/2677 2696/2696/2696 2745/2745/2745
f 2745/2745/2745 2696/2696/2696 2700/2700/2700
f 2696/2696/2696 2698/2698/2698 2700/2700/2700
f 2689/2689/2689 2691/2691/2691 2687/2687/2687
f 2691/2691/2691 2746/2746/2746 2687/2687/2687
f 2687/2687/2687 2746/2746/2746 2671/2671/2671
f 2746/2746/2746 2672/2672/2672 2671/2671/2671
f 2691/2691/2691 2675/2675/2675 2746/2746/2746
f 2675/2675/2675 2674/2674/2674 2746/2746/2746
f 2746/2746/2746 2674/2674/2674 2672/2672/2672
f 2674/2674/2674 2673/2673/2673 2672/2672/2672
f 1419/1419/1419 2747/2747/2747 1420/1420/1420
f 2747/2747/2747 2408/2408/2408 1420/1420/1420
f 2730/2730/2730 2729/2729/2729 2731/2731/2731
f 2729/2729/2729 2748/2748/2748 2731/2731/2731
f 2731/2731/2731 2748/2748/2748 1907/1907/1907
f 2748/2748/2748 2739/2739/2739 1907/1907/1907
f 2729/2729/2729 2728/2728/2728 2748/2748/2748
f 2728/2728/2728 2735/2735/2735 2748/2748/2748
f 2748/2748/2748 2735/2735/2735 2739/2739/2739
f 2735/2735/2735 2737/2737/2737 2739/2739/2739
f 1727/1727/1727 1726/1726/1726 1728/1728/1728
f 1726/1726/1726 2749/2749/2749 1728/1728/1728
f 1728/1728/1728 2749/2749/2749 1729/1729/1729
f 2749/2749/2749 1746/1746/1746 1729/1729/1729
f 1726/1726/1726 1725/1725/1725 2749/2749/2749
f 1725/1725/1725 1742/1742/1742 2749/2749/2749
f 2749/2749/2749 1742/1742/1742 1746/1746/1746
f 1742/1742/1742 1744/1744/1744 1746/1746/1746
f 2709/2709/2709 2708/2708/2708 2710/2710/2710
f 2708/2708/2708 2750/2750/2750 2710/2710/2710
f 2710/2710/2710 2750/2750/2750 2711/2711/2711
f 2750/2750/2750 2720/2720/2720 2711/2711/2711
f 2708/2708/2708 2707/2707/2707 2750/2750/2750
f 2707/2707/2707 2716/2716/2716 2750/2750/2750
f 2750/2750/2750 2716/2716/2716 2720/2720/2720
f 2716/2716/2716 2718/2718/2718 2720/2720/2720
f 1543/1543/1543 1542/1542/1542 1544/1544/1544
f 1542/1542/1542 2751/2751/2751 1544/1544/1544
f 1544/1544/1544 2751/2751/2751 1545/1545/1545
f 2751/2751/2751 1551/1551/1551 1545/1545/1545
f 1542/1542/1542 1541/1541/1541 2751/2751/2751
f 1541/1541/1541 1547/1547/1547 2751/2751/2751
f 2751/2751/2751 1547/1547/1547 1551/1551/1551
f 1547/1547/1547 1549/1549/1549 1551/1551/1551
f 2614/2614/2614 2616/2616/2616 2612/2612/2612
f 2616/2616/2616 2126/2126/2126 2612/2612/2612
f 2612/2612/2612 2126/2126/2126 2125/2125/2125
f 1897/1897/1897 1899/1899/1899 1895/1895/1895
f 1899/1899/1899 2752/2752/2752 1895/1895/1895
f 1895/1895/1895 2752/2752/2752 1893/1893/1893
f 2752/2752/2752 2538/2538/2538 1893/1893/1893
f 1899/1899/1899 1901/1901/1901 2752/2752/2752
f 1901/1901/1901 2753/2753/2753 2752/2752/2752
f 2752/2752/2752 2753/2753/2753 2538/2538/2538
f 2753/2753/2753 2539/2539/2539 2538/2538/2538
f 2075/2075/2075 2074/2074/2074 2754/2754/2754
f 2074/2074/2074 2755/2755/2755 2754/2754/2754
f 2754/2754/2754 2755/2755/2755 2756/2756/2756
f 2755/2755/2755 2757/2757/2757 2756/2756/2756
f 2756/2756/2756 2757/2757/2757 2758/2758/2758
f 2757/2757/2757 2759/2759/2759 2758/2758/2758
f 2758/2758/2758 2759/2759/2759 2760/2760/2760
f 2759/2759/2759 2761/2761/2761 2760/2760/2760
f 2760/2760/2760 2761/2761/2761 2762/2762/2762
f 2761/2761/2761 2763/2763/2763 2762/2762/2762
f 2762/2762/2762 2763/2763/2763 2764/2764/2764
f 2763/2763/2763 2765/2765/2765 2764/2764/2764
f 2764/2764/2764 2765/2765/2765 2766/2766/2766
f 2765/2765/2765 2244/2244/2244 2766/2766/2766
f 2766/2766/2766 2244/2244/2244 2246/2246/2246
f 2074/2074/2074 2073/2073/2073 2755/2755/2755
f 2073/2073/2073 2767/2767/2767 2755/2755/2755
f 2755/2755/2755 2767/2767/2767 2757/2757/2757
f 2767/2767/2767 2768/2768/2768 2757/2757/2757
f 2757/2757/2757 2768/2768/2768 2759/2759/2759
f 2768/2768/2768 2769/2769/2769 2759/2759/2759
f 2759/2759/2759 2769/2769/2769 2761/2761/2761
f 2769/2769/2769 2770/2770/2770 2761/2761/2761
f 2761/2761/2761 2770/2770/2770 2763/2763/2763
f 2770/2770/2770 2771/2771/2771 2763/2763/2763
f 2763/2763/2763 2771/2771/2771 2765/2765/2765
f 2771/2771/2771 2080/2080/2080 2765/2765/2765
f 2765/2765/2765 2080/2080/2080 2244/2244/2244
f 2768/2768/2768 2767/2767/2767 2769/2769/2769
f 2767/2767/2767 2772/2772/2772 2769/2769/2769
f 2769/2769/2769 2772/2772/2772 2770/2770/2770
f 2772/2772/2772 2773/2773/2773 2770/2770/2770
f 2770/2770/2770 2773/2773/2773 2771/2771/2771
f 2773/2773/2773 2774/2774/2774 2771/2771/2771
f 2771/2771/2771 2774/2774/2774 2080/2080/2080
f 2774/2774/2774 2078/2078/2078 2080/2080/2080
f 2767/2767/2767 2073/2073/2073 2772/2772/2772
f 2073/2073/2073 2775/2775/2775 2772/2772/2772
f 2772/2772/2772 2775/2775/2775 2773/2773/2773
f 2775/2775/2775 2776/2776/2776 2773/2773/2773
f 2773/2773/2773 2776/2776/2776 2774/2774/2774
f 2776/2776/2776 2777/2777/2777 2774/2774/2774
f 2774/2774/2774 2777/2777/2777 2078/2078/2078
f 2777/2777/2777 2071/2071/2071 2078/2078/2078
f 2071/2071/2071 2777/2777/2777 2072/2072/2072
f 2777/2777/2777 2775/2775/2775 2072/2072/2072
f 2072/2072/2072 2775/2775/2775 2073/2073/2073
f 1342/1342/1342 1341/1341/1341 1343/1343/1343
f 1341/1341/1341 2778/2778/2778 1343/1343/1343
f 1343/1343/1343 2778/2778/2778 1215/1215/1215
f 2778/2778/2778 1213/1213/1213 1215/1215/1215
f 1341/1341/1341 1207/1207/1207 2778/2778/2778
f 1207/1207/1207 1209/1209/1209 2778/2778/2778
f 2778/2778/2778 1209/1209/1209 1213/1213/1213
f 1209/1209/1209 1211/1211/1211 1213/1213/1213
f 1537/1537/1537 1536/1536/1536 1538/1538/1538
f 1536/1536/1536 1596/1596/1596 1538/1538/1538
f 1538/1538/1538 1596/1596/1596 1539/1539/1539
f 1668/1668/1668 1667/1667/1667 1669/1669/1669
f 1667/1667/1667 2779/2779/2779 1669/1669/1669
f 1669/1669/1669 2779/2779/2779 1670/1670/1670
f 2779/2779/2779 2780/2780/2780 1670/1670/1670
f 1667/1667/1667 1666/1666/1666 2779/2779/2779
f 1666/1666/1666 1683/1683/1683 2779/2779/2779
f 2779/2779/2779 1683/1683/1683 2780/2780/2780
f 1683/1683/1683 1685/1685/1685 2780/2780/2780
f 2476/2476/2476 2475/2475/2475 2477/2477/2477
f 2475/2475/2475 2781/2781/2781 2477/2477/2477
f 2477/2477/2477 2781/2781/2781 2478/2478/2478
f 2781/2781/2781 2487/2487/2487 2478/2478/2478
f 2475/2475/2475 2474/2474/2474 2781/2781/2781
f 2474/2474/2474 2483/2483/2483 2781/2781/2781
f 2781/2781/2781 2483/2483/2483 2487/2487/2487
f 2483/2483/2483 2485/2485/2485 2487/2487/2487
f 1950/1950/1950 1949/1949/1949 1951/1951/1951
f 1949/1949/1949 2782/2782/2782 1951/1951/1951
f 1951/1951/1951 2782/2782/2782 1952/1952/1952
f 2782/2782/2782 1964/1964/1964 1952/1952/1952
f 1949/1949/1949 1948/1948/1948 2782/2782/2782
f 1948/1948/1948 1960/1960/1960 2782/2782/2782
f 2782/2782/2782 1960/1960/1960 1964/1964/1964
f 1960/1960/1960 1962/1962/1962 1964/1964/1964
f 1162/1162/1162 1161/1161/1161 1286/1286/1286
f 1161/1161/1161 1288/1288/1288 1286/1286/1286
f 1286/1286/1286 1288/1288/1288 1287/1287/1287
f 1304/1304/1304 1306/1306/1306 1393/1393/1393
f 1306/1306/1306 1397/1397/1397 1393/1393/1393
f 1393/1393/1393 1397/1397/1397 1395/1395/1395
f 2360/2360/2360 2783/2783/2783 2358/2358/2358
f 2783/2783/2783 2784/2784/2784 2358/2358/2358
f 2358/2358/2358 2784/2784/2784 2356/2356/2356
f 2784/2784/2784 2785/2785/2785 2356/2356/2356
f 2356/2356/2356 2785/2785/2785 2786/2786/2786
f 2785/2785/2785 2787/2787/2787 2786/2786/2786
f 2786/2786/2786 2787/2787/2787 2788/2788/2788
f 2787/2787/2787 2789/2789/2789 2788/2788/2788
f 2788/2788/2788 2789/2789/2789 2790/2790/2790
f 2789/2789/2789 2581/2581/2581 2790/2790/2790
f 2790/2790/2790 2581/2581/2581 2348/2348/2348
f 2783/2783/2783 2791/2791/2791 2784/2784/2784
f 2791/2791/2791 2792/2792/2792 2784/2784/2784
f 2784/2784/2784 2792/2792/2792 2785/2785/2785
f 2792/2792/2792 2578/2578/2578 2785/2785/2785
f 2785/2785/2785 2578/2578/2578 2787/2787/2787
f 2578/2578/2578 2577/2577/2577 2787/2787/2787
f 2787/2787/2787 2577/2577/2577 2789/2789/2789
f 2577/2577/2577 2576/2576/2576 2789/2789/2789
f 2789/2789/2789 2576/2576/2576 2581/2581/2581
f 1816/1816/1816 1818/1818/1818 1814/1814/1814
f 1818/1818/1818 2793/2793/2793 1814/1814/1814
f 1814/1814/1814 2793/2793/2793 1802/1802/1802
f 2793/2793/2793 1803/1803/1803 1802/1802/1802
f 1818/1818/1818 1806/1806/1806 2793/2793/2793
f 1806/1806/1806 1805/1805/1805 2793/2793/2793
f 2793/2793/2793 1805/1805/1805 1803/1803/1803
f 1805/1805/1805 1804/1804/1804 1803/1803/1803
f 2788/2788/2788 2790/2790/2790 2786/2786/2786
f 2790/2790/2790 2794/2794/2794 2786/2786/2786
f 2786/2786/2786 2794/2794/2794 2356/2356/2356
f 2794/2794/2794 2354/2354/2354 2356/2356/2356
f 2790/2790/2790 2348/2348/2348 2794/2794/2794
f 2348/2348/2348 2350/2350/2350 2794/2794/2794
f 2794/2794/2794 2350/2350/2350 2354/2354/2354
f 2350/2350/2350 2352/2352/2352 2354/2354/2354
f 1380/1380/1380 2795/2795/2795 1378/1378/1378
f 2795/2795/2795 2796/2796/2796 1378/1378/1378
f 1378/1378/1378 2796/2796/2796 1296/1296/1296
f 2796/2796/2796 1294/1294/1294 1296/1296/1296
f 2795/2795/2795 2797/2797/2797 2796/2796/2796
f 2797/2797/2797 2798/2798/2798 2796/2796/2796
f 2796/2796/2796 2798/2798/2798 1294/1294/1294
f 2798/2798/2798 1292/1292/1292 1294/1294/1294
f 1199/1199/1199 1201/1201/1201 1197/1197/1197
f 1201/1201/1201 2799/2799/2799 1197/1197/1197
f 1197/1197/1197 2799/2799/2799 1195/1195/1195
f 2799/2799/2799 1338/1338/1338 1195/1195/1195
f 1201/1201/1201 1203/1203/1203 2799/2799/2799
f 1203/1203/1203 1340/1340/1340 2799/2799/2799
f 2799/2799/2799 1340/1340/1340 1338/1338/1338
f 1340/1340/1340 1339/1339/1339 1338/1338/1338
f 1826/1826/1826 1825/1825/1825 2800/2800/2800
f 1825/1825/1825 2801/2801/2801 2800/2800/2800
f 2800/2800/2800 2801/2801/2801 2802/2802/2802
f 2801/2801/2801 2803/2803/2803 2802/2802/2802
f 2803/2803/2803 2801/2801/2801 2804/2804/2804
f 2801/2801/2801 1824/1824/1824 2804/2804/2804
f 2804/2804/2804 1824/1824/1824 2805/2805/2805
f 1824/1824/1824 1870/1870/1870 2805/2805/2805
f 2805/2805/2805 1870/1870/1870 2806/2806/2806
f 1870/1870/1870 1869/1869/1869 2806/2806/2806
f 2806/2806/2806 1869/1869/1869 2523/2523/2523
f 2523/2523/2523 2807/2807/2807 2806/2806/2806
f 2807/2807/2807 2808/2808/2808 2806/2806/2806
f 2806/2806/2806 2808/2808/2808 2805/2805/2805
f 2808/2808/2808 2809/2809/2809 2805/2805/2805
f 2805/2805/2805 2809/2809/2809 2804/2804/2804
f 2809/2809/2809 2810/2810/2810 2804/2804/2804
f 2804/2804/2804 2810/2810/2810 2803/2803/2803
f 2523/2523/2523 2525/2525/2525 2807/2807/2807
f 2525/2525/2525 2811/2811/2811 2807/2807/2807
f 2807/2807/2807 2811/2811/2811 2809/2809/2809
f 2811/2811/2811 2810/2810/2810 2809/2809/2809
f 2811/2811/2811 2525/2525/2525 2812/2812/2812
f 2525/2525/2525 2813/2813/2813 2812/2812/2812
f 2812/2812/2812 2813/2813/2813 2814/2814/2814
f 2813/2813/2813 2533/2533/2533 2814/2814/2814
f 2533/2533/2533 2813/2813/2813 2531/2531/2531
f 2813/2813/2813 2527/2527/2527 2531/2531/2531
f 2531/2531/2531 2527/2527/2527 2529/2529/2529
f 2467/2467/2467 2469/2469/2469 2465/2465/2465
f 2469/2469/2469 2815/2815/2815 2465/2465/2465
f 2465/2465/2465 2815/2815/2815 2449/2449/2449
f 2815/2815/2815 2450/2450/2450 2449/2449/2449
f 2469/2469/2469 1248/1248/1248 2815/2815/2815
f 1248/1248/1248 2452/2452/2452 2815/2815/2815
f 2815/2815/2815 2452/2452/2452 2450/2450/2450
f 2452/2452/2452 2451/2451/2451 2450/2450/2450
f 1646/1646/1646 1648/1648/1648 1644/1644/1644
f 1648/1648/1648 2816/2816/2816 1644/1644/1644
f 1644/1644/1644 2816/2816/2816 1626/1626/1626
f 2816/2816/2816 1627/1627/1627 1626/1626/1626
f 1648/1648/1648 1630/1630/1630 2816/2816/2816
f 1630/1630/1630 1629/1629/1629 2816/2816/2816
f 2816/2816/2816 1629/1629/1629 1627/1627/1627
f 1629/1629/1629 1628/1628/1628 1627/1627/1627
f 2422/2422/2422 2424/2424/2424 2420/2420/2420
f 2424/2424/2424 2817/2817/2817 2420/2420/2420
f 2420/2420/2420 2817/2817/2817 2411/2411/2411
f 2817/2817/2817 2412/2412/2412 2411/2411/2411
f 2424/2424/2424 2415/2415/2415 2817/2817/2817
f 2415/2415/2415 2414/2414/2414 2817/2817/2817
f 2817/2817/2817 2414/2414/2414 2412/2412/2412
f 2414/2414/2414 2413/2413/2413 2412/2412/2412
f 1152/1152/1152 2818/2818/2818 1153/1153/1153
f 2818/2818/2818 2819/2819/2819 1153/1153/1153
f 1153/1153/1153 2819/2819/2819 2820/2820/2820
f 2819/2819/2819 2821/2821/2821 2820/2820/2820
f 2820/2820/2820 2821/2821/2821 2822/2822/2822
f 2821/2821/2821 1357/1357/1357 2822/2822/2822
f 2822/2822/2822 1357/1357/1357 1355/1355/1355
f 1355/1355/1355 2823/2823/2823 2822/2822/2822
f 2823/2823/2823 2824/2824/2824 2822/2822/2822
f 2822/2822/2822 2824/2824/2824 2820/2820/2820
f 2824/2824/2824 1154/1154/1154 2820/2820/2820
f 2820/2820/2820 1154/1154/1154 1153/1153/1153
f 1355/1355/1355 1353/1353/1353 2823/2823/2823
f 1353/1353/1353 2824/2824/2824 2823/2823/2823
f 1353/1353/1353 1352/1352/1352 2824/2824/2824
f 1352/1352/1352 1154/1154/1154 2824/2824/2824
f 2810/2810/2810 2811/2811/2811 2825/2825/2825
f 2811/2811/2811 2812/2812/2812 2825/2825/2825
f 2825/2825/2825 2812/2812/2812 2826/2826/2826
f 2812/2812/2812 2814/2814/2814 2826/2826/2826
f 2392/2392/2392 2391/2391/2391 2433/2433/2433
f 2391/2391/2391 2429/2429/2429 2433/2433/2433
f 2433/2433/2433 2429/2429/2429 2431/2431/2431
f 1123/1123/1123 1121/1121/1121 1125/1125/1125
f 1121/1121/1121 2827/2827/2827 1125/1125/1125
f 1125/1125/1125 2827/2827/2827 1127/1127/1127
f 2827/2827/2827 2828/2828/2828 1127/1127/1127
f 1127/1127/1127 2828/2828/2828 2829/2829/2829
f 2828/2828/2828 2830/2830/2830 2829/2829/2829
f 2829/2829/2829 2830/2830/2830 2831/2831/2831
f 1121/1121/1121 1119/1119/1119 2827/2827/2827
f 1119/1119/1119 2832/2832/2832 2827/2827/2827
f 2827/2827/2827 2832/2832/2832 2828/2828/2828
f 2832/2832/2832 2833/2833/2833 2828/2828/2828
f 2828/2828/2828 2833/2833/2833 2830/2830/2830
f 2567/2567/2567 2834/2834/2834 2565/2565/2565
f 2834/2834/2834 2835/2835/2835 2565/2565/2565
f 2565/2565/2565 2835/2835/2835 1518/1518/1518
f 2835/2835/2835 1520/1520/1520 1518/1518/1518
f 2834/2834/2834 2836/2836/2836 2835/2835/2835
f 2836/2836/2836 2837/2837/2837 2835/2835/2835
f 2835/2835/2835 2837/2837/2837 1520/1520/1520
f 2837/2837/2837 1522/1522/1522 1520/1520/1520
f 1937/1937/1937 1939/1939/1939 1935/1935/1935
f 1939/1939/1939 2838/2838/2838 1935/1935/1935
f 1935/1935/1935 2838/2838/2838 1919/1919/1919
f 2838/2838/2838 1920/1920/1920 1919/1919/1919
f 1939/1939/1939 1941/1941/1941 2838/2838/2838
f 1941/1941/1941 2839/2839/2839 2838/2838/2838
f 2838/2838/2838 2839/2839/2839 1920/1920/1920
f 2839/2839/2839 1921/1921/1921 1920/1920/1920
f 1558/1558/1558 1560/1560/1560 1556/1556/1556
f 1560/1560/1560 1487/1487/1487 1556/1556/1556
f 1556/1556/1556 1487/1487/1487 1486/1486/1486
f 2125/2125/2125 2124/2124/2124 2609/2609/2609
f 2124/2124/2124 2122/2122/2122 2609/2609/2609
f 2609/2609/2609 2122/2122/2122 2121/2121/2121
f 2016/2016/2016 2015/2015/2015 2017/2017/2017
f 2015/2015/2015 2840/2840/2840 2017/2017/2017
f 2017/2017/2017 2840/2840/2840 2018/2018/2018
f 2840/2840/2840 2030/2030/2030 2018/2018/2018
f 2015/2015/2015 2014/2014/2014 2840/2840/2840
f 2014/2014/2014 2026/2026/2026 2840/2840/2840
f 2840/2840/2840 2026/2026/2026 2030/2030/2030
f 2026/2026/2026 2028/2028/2028 2030/2030/2030
f 1320/1320/1320 1322/1322/1322 1410/1410/1410
f 1322/1322/1322 1326/1326/1326 1410/1410/1410
f 1410/1410/1410 1326/1326/1326 1328/1328/1328
f 1928/1928/1928 1930/1930/1930 1926/1926/1926
f 1930/1930/1930 2841/2841/2841 1926/1926/1926
f 1926/1926/1926 2841/2841/2841 1913/1913/1913
f 2841/2841/2841 1914/1914/1914 1913/1913/1913
f 1930/1930/1930 1917/1917/1917 2841/2841/2841
f 1917/1917/1917 1916/1916/1916 2841/2841/2841
f 2841/2841/2841 1916/1916/1916 1914/1914/1914
f 1916/1916/1916 1915/1915/1915 1914/1914/1914
f 2230/2230/2230 2232/2232/2232 2228/2228/2228
f 2232/2232/2232 2842/2842/2842 2228/2228/2228
f 2228/2228/2228 2842/2842/2842 2100/2100/2100
f 2842/2842/2842 2098/2098/2098 2100/2100/2100
f 2232/2232/2232 2092/2092/2092 2842/2842/2842
f 2092/2092/2092 2094/2094/2094 2842/2842/2842
f 2842/2842/2842 2094/2094/2094 2098/2098/2098
f 2094/2094/2094 2096/2096/2096 2098/2098/2098
f 2637/2637/2637 2636/2636/2636 2843/2843/2843
f 2636/2636/2636 2844/2844/2844 2843/2843/2843
f 2843/2843/2843 2844/2844/2844 2665/2665/2665
f 2844/2844/2844 2663/2663/2663 2665/2665/2665
f 2636/2636/2636 2635/2635/2635 2844/2844/2844
f 2635/2635/2635 2659/2659/2659 2844/2844/2844
f 2844/2844/2844 2659/2659/2659 2663/2663/2663
f 2659/2659/2659 2661/2661/2661 2663/2663/2663
f 1316/1316/1316 1318/1318/1318 1403/1403/1403
f 1318/1318/1318 1407/1407/1407 1403/1403/1403
f 1403/1403/1403 1407/1407/1407 1405/1405/1405
f 1783/1783/1783 1785/1785/1785 1781/1781/1781
f 1785/1785/1785 2845/2845/2845 1781/1781/1781
f 1781/1781/1781 2845/2845/2845 1763/1763/1763
f 2845/2845/2845 1764/1764/1764 1763/1763/1763
f 1785/1785/1785 1767/1767/1767 2845/2845/2845
f 1767/1767/1767 1766/1766/1766 2845/2845/2845
f 2845/2845/2845 1766/1766/1766 1764/1764/1764
f 1766/1766/1766 1765/1765/1765 1764/1764/1764
f 1135/1135/1135 1133/1133/1133 1137/1137/1137
f 1133/1133/1133 2846/2846/2846 1137/1137/1137
f 1137/1137/1137 2846/2846/2846 1139/1139/1139
f 2846/2846/2846 2847/2847/2847 1139/1139/1139
f 1139/1139/1139 2847/2847/2847 2848/2848/2848
f 2847/2847/2847 2849/2849/2849 2848/2848/2848
f 2848/2848/2848 2849/2849/2849 2850/2850/2850
f 2849/2849/2849 2851/2851/2851 2850/2850/2850
f 2850/2850/2850 2851/2851/2851 2852/2852/2852
f 2851/2851/2851 2853/2853/2853 2852/2852/2852
f 2852/2852/2852 2853/2853/2853 2854/2854/2854
f 2853/2853/2853 2855/2855/2855 2854/2854/2854
f 1133/1133/1133 1131/1131/1131 2846/2846/2846
f 1131/1131/1131 2856/2856/2856 2846/2846/2846
f 2846/2846/2846 2856/2856/2856 2847/2847/2847
f 2856/2856/2856 2857/2857/2857 2847/2847/2847
f 2847/2847/2847 2857/2857/2857 2849/2849/2849
f 2857/2857/2857 2858/2858/2858 2849/2849/2849
f 2849/2849/2849 2858/2858/2858 2851/2851/2851
f 2858/2858/2858 2859/2859/2859 2851/2851/2851
f 2851/2851/2851 2859/2859/2859 2853/2853/2853
f 2859/2859/2859 2860/2860/2860 2853/2853/2853
f 2853/2853/2853 2860/2860/2860 2855/2855/2855
f 2860/2860/2860 2831/2831/2831 2855/2855/2855
f 2857/2857/2857 2856/2856/2856 2858/2858/2858
f 2856/2856/2856 2861/2861/2861 2858/2858/2858
f 2858/2858/2858 2861/2861/2861 2859/2859/2859
f 2861/2861/2861 2862/2862/2862 2859/2859/2859
f 2859/2859/2859 2862/2862/2862 2860/2860/2860
f 2862/2862/2862 2863/2863/2863 2860/2860/2860
f 2860/2860/2860 2863/2863/2863 2831/2831/2831
f 2863/2863/2863 2829/2829/2829 2831/2831/2831
f 2856/2856/2856 1131/1131/1131 2861/2861/2861
f 1131/1131/1131 2864/2864/2864 2861/2861/2861
f 2861/2861/2861 2864/2864/2864 2862/2862/2862
f 2864/2864/2864 2865/2865/2865 2862/2862/2862
f 2862/2862/2862 2865/2865/2865 2863/2863/2863
f 2865/2865/2865 2866/2866/2866 2863/2863/2863
f 2863/2863/2863 2866/2866/2866 2829/2829/2829
f 2866/2866/2866 1127/1127/1127 2829/2829/2829
f 1127/1127/1127 2866/2866/2866 1129/1129/1129
f 2866/2866/2866 2864/2864/2864 1129/1129/1129
f 1129/1129/1129 2864/2864/2864 1131/1131/1131
f 2850/2850/2850 2867/2867/2867 2848/2848/2848
f 2867/2867/2867 2868/2868/2868 2848/2848/2848
f 2848/2848/2848 2868/2868/2868 1139/1139/1139
f 2868/2868/2868 1141/1141/1141 1139/1139/1139
f 2867/2867/2867 2869/2869/2869 2868/2868/2868
f 2869/2869/2869 2870/2870/2870 2868/2868/2868
f 2868/2868/2868 2870/2870/2870 1141/1141/1141
f 2870/2870/2870 1143/1143/1143 1141/1141/1141
f 1431/1431/1431 1430/1430/1430 1432/1432/1432
f 1430/1430/1430 2871/2871/2871 1432/1432/1432
f 1432/1432/1432 2871/2871/2871 1433/1433/1433
f 2871/2871/2871 1451/1451/1451 1433/1433/1433
f 1430/1430/1430 1429/1429/1429 2871/2871/2871
f 1429/1429/1429 1447/1447/1447 2871/2871/2871
f 2871/2871/2871 1447/1447/1447 1451/1451/1451
f 1447/1447/1447 1449/1449/1449 1451/1451/1451
f 2134/2134/2134 2136/2136/2136 2132/2132/2132
f 2136/2136/2136 2872/2872/2872 2132/2132/2132
f 2132/2132/2132 2872/2872/2872 2115/2115/2115
f 2872/2872/2872 2596/2596/2596 2115/2115/2115
f 2136/2136/2136 2138/2138/2138 2872/2872/2872
f 2138/2138/2138 2592/2592/2592 2872/2872/2872
f 2872/2872/2872 2592/2592/2592 2596/2596/2596
f 2592/2592/2592 2594/2594/2594 2596/2596/2596
f 2271/2271/2271 2270/2270/2270 2272/2272/2272
f 2270/2270/2270 2873/2873/2873 2272/2272/2272
f 2272/2272/2272 2873/2873/2873 2273/2273/2273
f 2873/2873/2873 2294/2294/2294 2273/2273/2273
f 2270/2270/2270 2269/2269/2269 2873/2873/2873
f 2269/2269/2269 2290/2290/2290 2873/2873/2873
f 2873/2873/2873 2290/2290/2290 2294/2294/2294
f 2290/2290/2290 2292/2292/2292 2294/2294/2294
f 2250/2250/2250 2252/2252/2252 2248/2248/2248
f 2252/2252/2252 2874/2874/2874 2248/2248/2248
f 2248/2248/2248 2874/2874/2874 2246/2246/2246
f 2874/2874/2874 2875/2875/2875 2246/2246/2246
f 2246/2246/2246 2875/2875/2875 2876/2876/2876
f 2875/2875/2875 2877/2877/2877 2876/2876/2876
f 2876/2876/2876 2877/2877/2877 2760/2760/2760
f 2877/2877/2877 2878/2878/2878 2760/2760/2760
f 2760/2760/2760 2878/2878/2878 2879/2879/2879
f 2878/2878/2878 2880/2880/2880 2879/2879/2879
f 2879/2879/2879 2880/2880/2880 2881/2881/2881
f 2252/2252/2252 2254/2254/2254 2874/2874/2874
f 2254/2254/2254 2882/2882/2882 2874/2874/2874
f 2874/2874/2874 2882/2882/2882 2875/2875/2875
f 2882/2882/2882 2883/2883/2883 2875/2875/2875
f 2875/2875/2875 2883/2883/2883 2877/2877/2877
f 2883/2883/2883 2884/2884/2884 2877/2877/2877
f 2877/2877/2877 2884/2884/2884 2878/2878/2878
f 2884/2884/2884 2258/2258/2258 2878/2878/2878
f 2878/2878/2878 2258/2258/2258 2880/2880/2880
f 2258/2258/2258 2884/2884/2884 2256/2256/2256
f 2884/2884/2884 2882/2882/2882 2256/2256/2256
f 2256/2256/2256 2882/2882/2882 2254/2254/2254
f 1717/1717/1717 2885/2885/2885 1718/1718/1718
f 2885/2885/2885 2886/2886/2886 1718/1718/1718
f 1718/1718/1718 2886/2886/2886 1731/1731/1731
f 2886/2886/2886 2887/2887/2887 1731/1731/1731
f 1731/1731/1731 2887/2887/2887 1760/1760/1760
f 2887/2887/2887 2888/2888/2888 1760/1760/1760
f 1760/1760/1760 2888/2888/2888 2889/2889/2889
f 2888/2888/2888 2890/2890/2890 2889/2889/2889
f 2889/2889/2889 2890/2890/2890 2891/2891/2891
f 2890/2890/2890 2892/2892/2892 2891/2891/2891
f 2891/2891/2891 2892/2892/2892 2893/2893/2893
f 2892/2892/2892 1842/1842/1842 2893/2893/2893
f 2893/2893/2893 1842/1842/1842 2894/2894/2894
f 1842/1842/1842 1840/1840/1840 2894/2894/2894
f 2894/2894/2894 1840/1840/1840 1836/1836/1836
f 1840/1840/1840 1838/1838/1838 1836/1836/1836
f 1836/1836/1836 1834/1834/1834 2894/2894/2894
f 1834/1834/1834 2895/2895/2895 2894/2894/2894
f 2894/2894/2894 2895/2895/2895 2893/2893/2893
f 2895/2895/2895 2896/2896/2896 2893/2893/2893
f 2893/2893/2893 2896/2896/2896 2891/2891/2891
f 2896/2896/2896 2897/2897/2897 2891/2891/2891
f 2891/2891/2891 2897/2897/2897 2889/2889/2889
f 2897/2897/2897 1761/1761/1761 2889/2889/2889
f 2889/2889/2889 1761/1761/1761 1760/1760/1760
f 2896/2896/2896 2895/2895/2895 2897/2897/2897
f 2895/2895/2895 2898/2898/2898 2897/2897/2897
f 2897/2897/2897 2898/2898/2898 1761/1761/1761
f 2898/2898/2898 1778/1778/1778 1761/1761/1761
f 2895/2895/2895 1834/1834/1834 2898/2898/2898
f 1834/1834/1834 2899/2899/2899 2898/2898/2898
f 2898/2898/2898 2899/2899/2899 1778/1778/1778
f 2899/2899/2899 1798/1798/1798 1778/1778/1778
f 1834/1834/1834 1832/1832/1832 2899/2899/2899
f 1832/1832/1832 1799/1799/1799 2899/2899/2899
f 2899/2899/2899 1799/1799/1799 1798/1798/1798
f 2760/2760/2760 2762/2762/2762 2876/2876/2876
f 2762/2762/2762 2766/2766/2766 2876/2876/2876
f 2876/2876/2876 2766/2766/2766 2246/2246/2246
f 2887/2887/2887 2886/2886/2886 2888/2888/2888
f 2886/2886/2886 2900/2900/2900 2888/2888/2888
f 2888/2888/2888 2900/2900/2900 2890/2890/2890
f 2900/2900/2900 2901/2901/2901 2890/2890/2890
f 2890/2890/2890 2901/2901/2901 2902/2902/2902
f 2901/2901/2901 2903/2903/2903 2902/2902/2902
f 2902/2902/2902 2903/2903/2903 2904/2904/2904
f 2886/2886/2886 2885/2885/2885 2900/2900/2900
f 2885/2885/2885 2905/2905/2905 2900/2900/2900
f 2900/2900/2900 2905/2905/2905 2901/2901/2901
f 2905/2905/2905 2906/2906/2906 2901/2901/2901
f 2901/2901/2901 2906/2906/2906 2903/2903/2903
f 2760/2760/2760 2879/2879/2879 2758/2758/2758
f 2879/2879/2879 2907/2907/2907 2758/2758/2758
f 2758/2758/2758 2907/2907/2907 2756/2756/2756
f 1170/1170/1170 1169/1169/1169 2908/2908/2908
f 1169/1169/1169 2909/2909/2909 2908/2908/2908
f 2908/2908/2908 2909/2909/2909 1181/1181/1181
f 2909/2909/2909 1179/1179/1179 1181/1181/1181
f 1169/1169/1169 1168/1168/1168 2909/2909/2909
f 1168/1168/1168 1175/1175/1175 2909/2909/2909
f 2909/2909/2909 1175/1175/1175 1179/1179/1179
f 1175/1175/1175 1177/1177/1177 1179/1179/1179
f 1580/1580/1580 1582/1582/1582 1578/1578/1578
f 1582/1582/1582 2910/2910/2910 1578/1578/1578
f 1578/1578/1578 2910/2910/2910 1566/1566/1566
f 2910/2910/2910 1567/1567/1567 1566/1566/1566
f 1582/1582/1582 1570/1570/1570 2910/2910/2910
f 1570/1570/1570 1569/1569/1569 2910/2910/2910
f 2910/2910/2910 1569/1569/1569 1567/1567/1567
f 1569/1569/1569 1568/1568/1568 1567/1567/1567
f 1850/1850/1850 1848/1848/1848 1852/1852/1852
f 1848/1848/1848 2911/2911/2911 1852/1852/1852
f 1852/1852/1852 2911/2911/2911 1854/1854/1854
f 2911/2911/2911 2912/2912/2912 1854/1854/1854
f 2912/2912/2912 2911/2911/2911 2913/2913/2913
f 2911/2911/2911 1846/1846/1846 2913/2913/2913
f 2913/2913/2913 1846/1846/1846 2914/2914/2914
f 1846/1846/1846 2915/2915/2915 2914/2914/2914
f 2914/2914/2914 2915/2915/2915 2916/2916/2916
f 2915/2915/2915 2917/2917/2917 2916/2916/2916
f 2916/2916/2916 2917/2917/2917 2918/2918/2918
f 2917/2917/2917 2919/2919/2919 2918/2918/2918
f 2918/2918/2918 2919/2919/2919 2892/2892/2892
f 2919/2919/2919 1842/1842/1842 2892/2892/2892
f 2892/2892/2892 2890/2890/2890 2918/2918/2918
f 2890/2890/2890 2902/2902/2902 2918/2918/2918
f 2918/2918/2918 2902/2902/2902 2916/2916/2916
f 2902/2902/2902 2904/2904/2904 2916/2916/2916
f 2916/2916/2916 2904/2904/2904 2914/2914/2914
f 2904/2904/2904 2920/2920/2920 2914/2914/2914
f 2914/2914/2914 2920/2920/2920 2913/2913/2913
f 2920/2920/2920 2921/2921/2921 2913/2913/2913
f 2913/2913/2913 2921/2921/2921 2912/2912/2912
f 2917/2917/2917 2915/2915/2915 2919/2919/2919
f 2915/2915/2915 1844/1844/1844 2919/2919/2919
f 2919/2919/2919 1844/1844/1844 1842/1842/1842
f 284/284/284 356/356/356 2922/2922/2922
f 356/356/356 2923/2923/2923 2922/2922/2922
f 2922/2922/2922 2923/2923/2923 2924/2924/2924
f 2923/2923/2923 2925/2925/2925 2924/2924/2924
f 2924/2924/2924 2925/2925/2925 2926/2926/2926
f 2925/2925/2925 998/998/998 2926/2926/2926
f 2926/2926/2926 998/998/998 280/280/280
f 356/356/356 358/358/358 2923/2923/2923
f 358/358/358 963/963/963 2923/2923/2923
f 2923/2923/2923 963/963/963 2925/2925/2925
f 963/963/963 965/965/965 2925/2925/2925
f 2925/2925/2925 965/965/965 998/998/998
f 284/284/284 2922/2922/2922 282/282/282
f 2922/2922/2922 2926/2926/2926 282/282/282
f 282/282/282 2926/2926/2926 280/280/280
f 1266/1266/1266 1265/1265/1265 2927/2927/2927
f 1265/1265/1265 2928/2928/2928 2927/2927/2927
f 2927/2927/2927 2928/2928/2928 2929/2929/2929
f 2928/2928/2928 2930/2930/2930 2929/2929/2929
f 2929/2929/2929 2930/2930/2930 2931/2931/2931
f 2930/2930/2930 1354/1354/1354 2931/2931/2931
f 2931/2931/2931 1354/1354/1354 1356/1356/1356
f 1265/1265/1265 1264/1264/1264 2928/2928/2928
f 1264/1264/1264 1277/1277/1277 2928/2928/2928
f 2928/2928/2928 1277/1277/1277 2930/2930/2930
f 1277/1277/1277 1279/1279/1279 2930/2930/2930
f 2930/2930/2930 1279/1279/1279 1354/1354/1354
f 1266/1266/1266 2927/2927/2927 1364/1364/1364
f 2927/2927/2927 2931/2931/2931 1364/1364/1364
f 1364/1364/1364 2931/2931/2931 1356/1356/1356
f 2932/2932/2932 2933/2933/2933 2934/2934/2934
f 2933/2933/2933 2935/2935/2935 2934/2934/2934
f 2934/2934/2934 2935/2935/2935 2936/2936/2936
f 2935/2935/2935 2937/2937/2937 2936/2936/2936
f 2936/2936/2936 2937/2937/2937 2938/2938/2938
f 2937/2937/2937 2939/2939/2939 2938/2938/2938
f 2938/2938/2938 2939/2939/2939 2940/2940/2940
f 2939/2939/2939 2941/2941/2941 2940/2940/2940
f 2940/2940/2940 2941/2941/2941 2942/2942/2942
f 2941/2941/2941 2943/2943/2943 2942/2942/2942
f 2942/2942/2942 2943/2943/2943 2944/2944/2944
f 2943/2943/2943 2945/2945/2945 2944/2944/2944
f 2933/2933/2933 2946/2946/2946 2935/2935/2935
f 2946/2946/2946 2947/2947/2947 2935/2935/2935
f 2935/2935/2935 2947/2947/2947 2937/2937/2937
f 2947/2947/2947 2948/2948/2948 2937/2937/2937
f 2937/2937/2937 2948/2948/2948 2939/2939/2939
f 2948/2948/2948 2949/2949/2949 2939/2939/2939
f 2939/2939/2939 2949/2949/2949 2941/2941/2941
f 2949/2949/2949 2950/2950/2950 2941/2941/2941
f 2941/2941/2941 2950/2950/2950 2943/2943/2943
f 2950/2950/2950 2951/2951/2951 2943/2943/2943
f 2943/2943/2943 2951/2951/2951 2945/2945/2945
f 2951/2951/2951 1041/1041/1041 2945/2945/2945
f 2948/2948/2948 2947/2947/2947 2949/2949/2949
f 2947/2947/2947 2952/2952/2952 2949/2949/2949
f 2949/2949/2949 2952/2952/2952 2950/2950/2950
f 2952/2952/2952 2953/2953/2953 2950/2950/2950
f 2950/2950/2950 2953/2953/2953 2954/2954/2954
f 2953/2953/2953 2955/2955/2955 2954/2954/2954
f 2954/2954/2954 2955/2955/2955 1036/1036/1036
f 2947/2947/2947 2946/2946/2946 2952/2952/2952
f 2946/2946/2946 2956/2956/2956 2952/2952/2952
f 2952/2952/2952 2956/2956/2956 2953/2953/2953
f 2956/2956/2956 2957/2957/2957 2953/2953/2953
f 2953/2953/2953 2957/2957/2957 2955/2955/2955
f 2932/2932/2932 2934/2934/2934 2958/2958/2958
f 2934/2934/2934 2959/2959/2959 2958/2958/2958
f 2958/2958/2958 2959/2959/2959 2960/2960/2960
f 2959/2959/2959 2961/2961/2961 2960/2960/2960
f 2960/2960/2960 2961/2961/2961 2962/2962/2962
f 2961/2961/2961 2963/2963/2963 2962/2962/2962
f 2962/2962/2962 2963/2963/2963 2964/2964/2964
f 2963/2963/2963 2965/2965/2965 2964/2964/2964
f 2964/2964/2964 2965/2965/2965 2966/2966/2966
f 2965/2965/2965 2967/2967/2967 2966/2966/2966
f 2966/2966/2966 2967/2967/2967 2968/2968/2968
f 2934/2934/2934 2936/2936/2936 2959/2959/2959
f 2936/2936/2936 2969/2969/2969 2959/2959/2959
f 2959/2959/2959 2969/2969/2969 2961/2961/2961
f 2969/2969/2969 2970/2970/2970 2961/2961/2961
f 2961/2961/2961 2970/2970/2970 2963/2963/2963
f 2970/2970/2970 2971/2971/2971 2963/2963/2963
f 2963/2963/2963 2971/2971/2971 2965/2965/2965
f 2971/2971/2971 2972/2972/2972 2965/2965/2965
f 2965/2965/2965 2972/2972/2972 2967/2967/2967
f 2970/2970/2970 2969/2969/2969 2971/2971/2971
f 2969/2969/2969 2973/2973/2973 2971/2971/2971
f 2971/2971/2971 2973/2973/2973 2972/2972/2972
f 2973/2973/2973 2974/2974/2974 2972/2972/2972
f 2969/2969/2969 2936/2936/2936 2973/2973/2973
f 2936/2936/2936 2975/2975/2975 2973/2973/2973
f 2973/2973/2973 2975/2975/2975 2974/2974/2974
f 2975/2975/2975 2976/2976/2976 2974/2974/2974
f 2976/2976/2976 2975/2975/2975 2977/2977/2977
f 2975/2975/2975 2938/2938/2938 2977/2977/2977
f 2977/2977/2977 2938/2938/2938 2940/2940/2940
f 2960/2960/2960 2962/2962/2962 2978/2978/2978
f 2962/2962/2962 2979/2979/2979 2978/2978/2978
f 2978/2978/2978 2979/2979/2979 2980/2980/2980
f 2979/2979/2979 2981/2981/2981 2980/2980/2980
f 2962/2962/2962 2964/2964/2964 2979/2979/2979
f 2964/2964/2964 2982/2982/2982 2979/2979/2979
f 2979/2979/2979 2982/2982/2982 2981/2981/2981
f 2982/2982/2982 1012/1012/1012 2981/2981/2981
f 2964/2964/2964 2983/2983/2983 2982/2982/2982
f 2983/2983/2983 2984/2984/2984 2982/2982/2982
f 2982/2982/2982 2984/2984/2984 1012/1012/1012
f 2984/2984/2984 1010/1010/1010 1012/1012/1012
f 1010/1010/1010 2984/2984/2984 2985/2985/2985
f 2984/2984/2984 2986/2986/2986 2985/2985/2985
f 2985/2985/2985 2986/2986/2986 2987/2987/2987
f 2986/2986/2986 2983/2983/2983 2987/2987/2987
f 2987/2987/2987 2983/2983/2983 2988/2988/2988
f 2983/2983/2983 2964/2964/2964 2988/2988/2988
f 2988/2988/2988 2964/2964/2964 2966/2966/2966
f 2966/2966/2966 2989/2989/2989 2988/2988/2988
f 2989/2989/2989 646/646/646 2988/2988/2988
f 2988/2988/2988 646/646/646 2987/2987/2987
f 646/646/646 648/648/648 2987/2987/2987
f 2987/2987/2987 648/648/648 2985/2985/2985
f 648/648/648 650/650/650 2985/2985/2985
f 2985/2985/2985 650/650/650 1010/1010/1010
f 1041/1041/1041 2951/2951/2951 2990/2990/2990
f 2951/2951/2951 2991/2991/2991 2990/2990/2990
f 2990/2990/2990 2991/2991/2991 2992/2992/2992
f 2991/2991/2991 2993/2993/2993 2992/2992/2992
f 2992/2992/2992 2993/2993/2993 2994/2994/2994
f 2993/2993/2993 1035/1035/1035 2994/2994/2994
f 2994/2994/2994 1035/1035/1035 1034/1034/1034
f 2951/2951/2951 2950/2950/2950 2991/2991/2991
f 2950/2950/2950 2954/2954/2954 2991/2991/2991
f 2991/2991/2991 2954/2954/2954 2993/2993/2993
f 2954/2954/2954 1036/1036/1036 2993/2993/2993
f 2993/2993/2993 1036/1036/1036 1035/1035/1035
f 2992/2992/2992 2994/2994/2994 2990/2990/2990
f 2994/2994/2994 1039/1039/1039 2990/2990/2990
f 2990/2990/2990 1039/1039/1039 1041/1041/1041
f 2866/2866/2866 2865/2865/2865 2864/2864/2864
f 1161/1161/1161 1160/1160/1160 1288/1288/1288
f 70/70/70 35/35/35 34/34/34
f 167/167/167 21/21/21 23/23/23
f 168/168/168 170/170/170 169/169/169
f 1349/1349/1349 1351/1351/1351 1350/1350/1350
f 2927/2927/2927 2929/2929/2929 2931/2931/2931
f 1352/1352/1352 1285/1285/1285 1154/1154/1154
f 1289/1289/1289 1160/1160/1160 1159/1159/1159
f 2821/2821/2821 1359/1359/1359 1357/1357/1357
f 19/19/19 21/21/21 166/166/166
f 135/135/135 137/137/137 136/136/136
f 345/345/345 344/344/344 343/343/343
f 1400/1400/1400 1314/1314/1314 1316/1316/1316
f 1308/1308/1308 1397/1397/1397 1306/1306/1306
f 1095/1095/1095 1082/1082/1082 1081/1081/1081
f 921/921/921 920/920/920 1111/1111/1111
f 2391/2391/2391 2390/2390/2390 2429/2429/2429
f 2436/2436/2436 1256/1256/1256 2395/2395/2395
f 1498/1498/1498 2399/2399/2399 2366/2366/2366
f 1496/1496/1496 1457/1457/1457 1456/1456/1456
f 956/956/956 192/192/192 191/191/191
f 1330/1330/1330 1413/1413/1413 1328/1328/1328
f 1596/1596/1596 1536/1536/1536 1535/1535/1535
f 2583/2583/2583 2585/2585/2585 2584/2584/2584
f 246/246/246 904/904/904 244/244/244
f 257/257/257 256/256/256 310/310/310
f 955/955/955 954/954/954 953/953/953
f 1322/1322/1322 1324/1324/1324 1326/1326/1326
f 1320/1320/1320 1407/1407/1407 1318/1318/1318
f 1563/1563/1563 1492/1492/1492 1491/1491/1491
f 1488/1488/1488 1487/1487/1487 1560/1560/1560
f 1653/1653/1653 1655/1655/1655 2215/2215/2215
f 1534/1534/1534 1599/1599/1599 1535/1535/1535
f 1532/1532/1532 1531/1531/1531 1530/1530/1530
f 2922/2922/2922 2924/2924/2924 2926/2926/2926
f 884/884/884 886/886/886 885/885/885
f 313/313/313 255/255/255 254/254/254
f 213/213/213 217/217/217 214/214/214
f 212/212/212 211/211/211 210/210/210
f 140/140/140 314/314/314 141/141/141
f 139/139/139 138/138/138 322/322/322
f 1064/1064/1064 1063/1063/1063 1062/1062/1062
f 837/837/837 841/841/841 838/838/838
f 1690/1690/1690 1689/1689/1689 1755/1755/1755
f 1691/1691/1691 1693/1693/1693 1692/1692/1692
f 1528/1528/1528 1609/1609/1609 1529/1529/1529
f 987/987/987 989/989/989 988/988/988
f 829/829/829 833/833/833 830/830/830
f 1698/1698/1698 1658/1658/1658 1657/1657/1657
f 1702/1702/1702 1706/1706/1706 1704/1704/1704
f 2559/2559/2559 1656/1656/1656 1632/1632/1632
f 2550/2550/2550 2549/2549/2549 2555/2555/2555
f 990/990/990 370/370/370 372/372/372
f 821/821/821 825/825/825 822/822/822
f 813/813/813 817/817/817 814/814/814
f 1824/1824/1824 2801/2801/2801 1825/1825/1825
f 1800/1800/1800 1799/1799/1799 1832/1832/1832
f 1844/1844/1844 2915/2915/2915 1846/1846/1846
f 805/805/805 809/809/809 806/806/806
f 2807/2807/2807 2809/2809/2809 2808/2808/2808
f 2525/2525/2525 2527/2527/2527 2813/2813/2813
f 2911/2911/2911 1848/1848/1848 1846/1846/1846
f 1855/1855/1855 2683/2683/2683 1856/1856/1856
f 1023/1023/1023 492/492/492 491/491/491
f 797/797/797 801/801/801 798/798/798
f 789/789/789 793/793/793 790/790/790
f 2198/2198/2198 2197/2197/2197 2214/2214/2214
f 781/781/781 785/785/785 782/782/782
f 773/773/773 777/777/777 774/774/774
f 2116/2116/2116 2118/2118/2118 2117/2117/2117
f 2989/2989/2989 2966/2966/2966 2968/2968/2968
f 764/764/764 769/769/769 765/765/765
f 2148/2148/2148 2150/2150/2150 2149/2149/2149
f 2606/2606/2606 2602/2602/2602 2604/2604/2604
f 2122/2122/2122 2124/2124/2124 2123/2123/2123
f 2984/2984/2984 2983/2983/2983 2986/2986/2986
f 2305/2305/2305 2330/2330/2330 2306/2306/2306
f 867/867/867 865/865/865 863/863/863
f 734/734/734 752/752/752 745/745/745
f 2775/2775/2775 2777/2777/2777 2776/2776/2776
f 2879/2879/2879 2881/2881/2881 2907/2907/2907
f 2762/2762/2762 2764/2764/2764 2766/2766/2766
f 2882/2882/2882 2884/2884/2884 2883/2883/2883
f 858/858/858 677/677/677 676/676/676
f 2127/2127/2127 2126/2126/2126 2616/2616/2616
f 2938/2938/2938 2975/2975/2975 2936/2936/2936
f 1039/1039/1039 2994/2994/2994 1034/1034/1034

