# Exported by Sketchfab Model Ripper robust edition
o model_0
v -0.646342933177948 -1.4553520679473877 1.9731491804122925
v -0.6717121601104736 -1.4299778938293457 1.9780259132385254
v -0.6963667869567871 -1.4367681741714478 1.9517663717269897
v -0.6938655376434326 -1.4056758880615234 1.9772756099700928
v -0.7153043746948242 -1.4124661684036255 1.951391339302063
v -0.6681390404701233 -1.3920953273773193 1.9892799854278564
v -0.6467002630233765 -1.413895606994629 1.991905927658081
v -0.6245468258857727 -1.434266448020935 1.9896551370620728
v -0.6048946380615234 -1.4160399436950684 1.9907805919647217
v -0.6249041557312012 -1.3974560499191284 1.9904054403305054
v -0.6438417434692383 -1.3785147666931152 1.988154649734497
v -0.6581342816352844 -1.359573483467102 1.9844032526016235
v -0.6845754384994507 -1.3695801496505737 1.9847784042358398
v -0.7099446654319763 -1.379586935043335 1.9723988771438599
v -0.6924363374710083 -1.3488519191741943 1.9746496677398682
v -0.7142323851585388 -1.3563569784164429 1.962645411491394
v -0.7263810634613037 -1.3856624364852905 1.9468896389007568
v -0.6677817106246948 -1.3409894704818726 1.9769004583358765
v -0.6370528340339661 -1.3442059755325317 1.9926562309265137
v -0.6231176257133484 -1.3635046482086182 1.9986584186553955
v -0.6041800379753113 -1.382088541984558 1.9994087219238281
v -0.5834558606147766 -1.4017446041107178 1.997908115386963
v -0.5863143801689148 -1.4349812269210815 1.988154649734497
v -0.6034653782844543 -1.450706124305725 1.9859038591384888
v -0.6159713268280029 -1.4667882919311523 1.973899483680725
v -0.6191871762275696 -1.4817984104156494 1.965646505355835
v -0.606681227684021 -1.4850149154663086 1.9682724475860596
v -0.599892258644104 -1.4767950773239136 1.9731491804122925
v -0.588458240032196 -1.465358853340149 1.981777310371399
v -0.6781437993049622 -1.4607127904891968 1.952141523361206
v -0.6656378507614136 -1.4839427471160889 1.9528918266296387
v -0.641697883605957 -1.4803688526153564 1.9637707471847534
v -0.7199494242668152 -1.443915843963623 1.9191296100616455
v -0.7381723523139954 -1.4163973331451416 1.9232560396194458
v -0.7446039915084839 -1.387091875076294 1.9198799133300781
v -0.7560380101203918 -1.4142531156539917 1.8924949169158936
v -0.7438893914222717 -1.4364107847213745 1.8861175775527954
v -0.7442467212677002 -1.4592833518981934 1.8801155090332031
v -0.7249518036842346 -1.4667882919311523 1.9014981985092163
v -0.7295968532562256 -1.4868018627166748 1.891744613647461
v -0.7074434757232666 -1.4828705787658691 1.911626935005188
v -0.6956521272659302 -1.467860460281372 1.9285080432891846
v -0.681359589099884 -1.4910904169082642 1.9337599277496338
v -0.6538465023040771 -1.5093169212341309 1.9536421298980713
v -0.6338369846343994 -1.5039561986923218 1.9622702598571777
v -0.6152567267417908 -1.5007396936416626 1.964521050453186
v -0.6027507781982422 -1.4982380867004395 1.9686475992202759
v -0.593103289604187 -1.493234634399414 1.9780259132385254
v -0.5788108110427856 -1.4846575260162354 1.9870291948318481
v -0.5609451532363892 -1.476080298423767 1.9896551370620728
v -0.5720218420028687 -1.4546372890472412 1.9866540431976318
v -0.5402209758758545 -1.4685752391815186 1.983652949333191
v -0.551297664642334 -1.4449880123138428 1.9844032526016235
v -0.5659475326538086 -1.4224728345870972 1.9892799854278564
v -0.5430794954299927 -1.4113940000534058 1.9877794981002808
v -0.5598732233047485 -1.3874492645263672 1.9956573247909546
v -0.5791680812835693 -1.3642194271087646 2.0001590251922607
v -0.5981056690216064 -1.3438485860824585 1.9975329637527466
v -0.6141847968101501 -1.3238351345062256 1.9922810792922974
v -0.6291919350624084 -1.308110237121582 1.982527494430542
v -0.648486852645874 -1.3270516395568848 1.9847784042358398
v -0.6602781414985657 -1.3098971843719482 1.9784010648727417
v -0.6438417434692383 -1.294529676437378 1.9723988771438599
v -0.6102543473243713 -1.2941722869873047 1.9690226316452026
v -0.5934606194496155 -1.3091824054718018 1.9780259132385254
v -0.5766668915748596 -1.328123688697815 1.9840281009674072
v -0.5584439635276794 -1.3492093086242676 1.9870291948318481
v -0.542007565498352 -1.373868703842163 1.9832777976989746
v -0.5262857675552368 -1.3988856077194214 1.9761502742767334
v -0.529144287109375 -1.4349812269210815 1.9791513681411743
v -0.5166383385658264 -1.4582111835479736 1.975775122642517
v -0.6920790076255798 -1.5039561986923218 1.9146279096603394
v -0.6684963703155518 -1.5157498121261597 1.9367610216140747
v -0.5119932889938354 -1.4228302240371704 1.9678972959518433
v -0.500201940536499 -1.4121087789535522 1.9555177688598633
v -0.5166383385658264 -1.3892362117767334 1.9603945016860962
v -0.5295016169548035 -1.3638620376586914 1.966396689414978
v -0.5448660254478455 -1.3395600318908691 1.9678972959518433
v -0.5620170831680298 -1.319189190864563 1.9641458988189697
v -0.5791680812835693 -1.30131995677948 1.9585188627243042
v -0.5970337390899658 -1.285595178604126 1.9525166749954224
v -0.5891728401184082 -1.280234456062317 1.9367609024047852
v -0.5705925822257996 -1.2970314025878906 1.9401371479034424
v -0.5523696541786194 -1.313828468322754 1.9453890323638916
v -0.5366478562355042 -1.334913969039917 1.9487652778625488
v -0.5230699777603149 -1.3588587045669556 1.9491404294967651
v -0.51092129945755 -1.383518099784851 1.945764183998108
v -0.4937703013420105 -1.4053184986114502 1.9423880577087402
v -0.475904643535614 -1.4267613887786865 1.9401371479034424
v -0.48340821266174316 -1.4335516691207886 1.9528918266296387
v -0.4705449640750885 -1.4567816257476807 1.9498907327651978
v -0.48519477248191833 -1.4675030708312988 1.9615199565887451
v -0.49591416120529175 -1.4446306228637695 1.9652713537216187
v -0.4623267650604248 -1.4503487348556519 1.937886357307434
v -0.46196943521499634 -1.4792968034744263 1.9450139999389648
v -0.4544658660888672 -1.4732211828231812 1.9333847761154175
v -0.44946348667144775 -1.4925199747085571 1.926632285118103
v -0.4541085660457611 -1.4700047969818115 1.9217555522918701
v -0.46054017543792725 -1.4478470087051392 1.9251317977905273
v -0.4734034538269043 -1.4242597818374634 1.9273825883865356
v -0.4648279547691345 -1.4482043981552124 1.9131274223327637
v -0.47554734349250793 -1.4249745607376099 1.915378212928772
v -0.4912691116333008 -1.4028167724609375 1.929633378982544
v -0.5080628395080566 -1.3817311525344849 1.9326344728469849
v -0.5198541283607483 -1.3574291467666626 1.9337599277496338
v -0.5098493695259094 -1.3831607103347778 1.9213804006576538
v -0.4926983714103699 -1.403531551361084 1.918379306793213
v -0.48376554250717163 -1.428905725479126 1.9056247472763062
v -0.47661927342414856 -1.4896608591079712 1.9566432237625122
v -0.45518049597740173 -1.4993102550506592 1.937136173248291
v -0.4994873106479645 -1.4078201055526733 1.9093760251998901
v -0.5159236788749695 -1.3878066539764404 1.9131274223327637
v -0.5287869572639465 -1.3660063743591309 1.9116268157958984
v -0.5270004272460938 -1.3960264921188354 1.9101263284683228
v -0.51092129945755 -1.4160399436950684 1.9056247472763062
v -0.5216407179832458 -1.3599308729171753 1.9206300973892212
v -0.5330747365951538 -1.3341991901397705 1.9318841695785522
v -0.5487964749336243 -1.3134710788726807 1.927757740020752
v -0.5673767924308777 -1.295959234237671 1.9240063428878784
v -0.5509403944015503 -1.3174022436141968 1.91350257396698
v -0.5352185964584351 -1.3374156951904297 1.9176290035247803
v -0.5416502356529236 -1.3449207544326782 1.9067500829696655
v -0.5527269244194031 -1.3559995889663696 1.901123046875
v -0.5563000440597534 -1.324549913406372 1.9018733501434326
v -0.5409356355667114 -1.3756556510925293 1.9090008735656738
v -0.5395063757896423 -1.40639066696167 1.9108766317367554
v -0.5548708438873291 -1.3867346048355103 1.9097511768341064
v -0.5673767924308777 -1.368507981300354 1.9014981985092163
v -0.5791680812835693 -1.3506388664245605 1.8913694620132446
v -0.5791680812835693 -1.3788721561431885 1.899247407913208
v -0.5655902028083801 -1.396741271018982 1.9071252346038818
v -0.5659475326538086 -1.33634352684021 1.8947457075119019
v -0.5730937719345093 -1.3048938512802124 1.8988722562789917
v -0.581669270992279 -1.316330075263977 1.8906192779541016
v -0.5934606194496155 -1.332769751548767 1.8864927291870117
v -0.6006068587303162 -1.2998905181884766 1.8909943103790283
v -0.5934606194496155 -1.2880969047546387 1.8996224403381348
v -0.5881009101867676 -1.2805918455123901 1.9093760251998901
v -0.5684487223625183 -1.2984609603881836 1.910501480102539
v -0.5863143801689148 -1.2784475088119507 1.9221307039260864
v -0.6098970174789429 -1.2662965059280396 1.9337599277496338
v -0.6166859865188599 -1.2716572284698486 1.9472647905349731
v -0.6281200051307678 -1.2809491157531738 1.9611448049545288
v -0.6459856033325195 -1.2662965059280396 1.9566432237625122
v -0.6595635414123535 -1.2770179510116577 1.96827232837677
v -0.6606354713439941 -1.249142050743103 1.953266978263855
v -0.635623574256897 -1.258791446685791 1.9431382417678833
v -0.6749279499053955 -1.2888115644454956 1.9769004583358765
v -0.6738560199737549 -1.2566471099853516 1.964521050453186
v -0.6781437993049622 -1.3224055767059326 1.977650761604309
v -0.6985106468200684 -1.3309828042984009 1.969397783279419
v -0.7167335748672485 -1.3381304740905762 1.9555177688598633
v -0.7278103232383728 -1.3627898693084717 1.9397621154785156
v -0.7417455315589905 -1.3642194271087646 1.9138777256011963
v -0.6917216777801514 -1.300605297088623 1.9772756099700928
v -0.7099446654319763 -1.3102545738220215 1.969397783279419
v -0.7278103232383728 -1.319189190864563 1.956268072128296
v -0.7424601316452026 -1.3266942501068115 1.9371360540390015
v -0.7313834428787231 -1.3452781438827515 1.936010718345642
v -0.7228079438209534 -1.285595178604126 1.9641458988189697
v -0.705656886100769 -1.2748736143112183 1.9697729349136353
v -0.6895778179168701 -1.2652243375778198 1.9705232381820679
v -0.6856473684310913 -1.2348467111587524 1.9558929204940796
v -0.7010118365287781 -1.2419943809509277 1.9588940143585205
v -0.7174482345581055 -1.2509289979934692 1.958143711090088
v -0.7335273027420044 -1.2627226114273071 1.9528918266296387
v -0.746033251285553 -1.2755883932113647 1.942763090133667
v -0.7378150820732117 -1.295959234237671 1.9517663717269897
v -0.7506783604621887 -1.3038216829299927 1.9363858699798584
v -0.7535368204116821 -1.2859525680541992 1.9341349601745605
v -0.7538941502571106 -1.2612930536270142 1.9303836822509766
v -0.7424601316452026 -1.2448534965515137 1.9382615089416504
v -0.7270956635475159 -1.2316303253173828 1.9442636966705322
v -0.7338846325874329 -1.2173349857330322 1.929633378982544
v -0.7106592655181885 -1.222338318824768 1.9453890323638916
v -0.6967240571975708 -1.2159054279327393 1.9431382417678833
v -0.6867192983627319 -1.2112594842910767 1.9367609024047852
v -0.6731414198875427 -1.2298433780670166 1.9468896389007568
v -0.6649232506752014 -1.226626992225647 1.9352604150772095
v -0.6517026424407959 -1.2444961071014404 1.9393868446350098
v -0.6470575928688049 -1.242351770401001 1.9258819818496704
v -0.6302638649940491 -1.2555749416351318 1.9300085306167603
v -0.6284772753715515 -1.255932331085205 1.9180041551589966
v -0.6081104278564453 -1.2652243375778198 1.9210052490234375
v -0.6098970174789429 -1.269155502319336 1.9101263284683228
v -0.6138274669647217 -1.277375340461731 1.9007478952407837
v -0.6441990733146667 -1.242351770401001 1.9131274223327637
v -0.62883460521698 -1.2595062255859375 1.9067500829696655
v -0.6313357949256897 -1.267011284828186 1.896246314048767
v -0.6595635414123535 -1.2244826555252075 1.9225057363510132
v -0.6795730590820312 -1.2076857089996338 1.9281327724456787
v -0.7024410963058472 -1.199823260307312 1.926632285118103
v -0.705656886100769 -1.2055413722991943 1.9330096244812012
v -0.7195920944213867 -1.1991084814071655 1.9217555522918701
v -0.7178055644035339 -1.2084003686904907 1.9322593212127686
v -0.6985106468200684 -1.1962493658065796 1.9191296100616455
v -0.6952947974205017 -1.1962493658065796 1.9097511768341064
v -0.6756426095962524 -1.2076857089996338 1.9165035486221313
v -0.6745706796646118 -1.2109020948410034 1.9033738374710083
v -0.6574196219444275 -1.2255548238754272 1.9082505702972412
v -0.6584916114807129 -1.2302007675170898 1.893620252609253
v -0.6438417434692383 -1.2455682754516602 1.8996224403381348
v -0.6459856033325195 -1.253430724143982 1.8872430324554443
v -0.6492014527320862 -1.2659391164779663 1.8752386569976807
v -0.6617074012756348 -1.2394927740097046 1.879365086555481
v -0.6199017763137817 -1.2891690731048584 1.8924949169158936
v -0.6352662444114685 -1.278804898262024 1.8864927291870117
v -0.6274053454399109 -1.3059660196304321 1.8861175775527954
v -0.6102543473243713 -1.3174022436141968 1.885742425918579
v -0.6059665679931641 -1.3481372594833374 1.883866786956787
v -0.5909594297409058 -1.363147258758545 1.8891186714172363
v -0.5838131904602051 -1.3874493837356567 1.8894938230514526
v -0.5981056690216064 -1.372796654701233 1.8804905414581299
v -0.6145420670509338 -1.3599308729171753 1.8741133213043213
v -0.6213310360908508 -1.3349140882492065 1.8823662996292114
v -0.6366955041885376 -1.3234777450561523 1.8801153898239136
v -0.6413405537605286 -1.2948871850967407 1.8782397508621216
v -0.6549184322357178 -1.282021403312683 1.8651100397109985
v -0.6663524508476257 -1.2527159452438354 1.8658602237701416
v -0.6724267601966858 -1.2687982320785522 1.8549813032150269
v -0.6624220013618469 -1.2973887920379639 1.856481909751892
v -0.6495587825775146 -1.3113267421722412 1.8711121082305908
v -0.646342933177948 -1.3374156951904297 1.8684861660003662
v -0.6309784650802612 -1.3484946489334106 1.8703619241714478
v -0.6227602958679199 -1.3706523180007935 1.8579823970794678
v -0.6031080484390259 -1.382088541984558 1.863234281539917
v -0.5863143801689148 -1.3956691026687622 1.8729878664016724
v -0.5970337390899658 -1.4106792211532593 1.8542311191558838
v -0.5720218420028687 -1.4096070528030396 1.8797403573989868
v -0.5698779821395874 -1.4031741619110107 1.8958711624145508
v -0.6156140565872192 -1.3978134393692017 1.8463531732559204
v -0.6366955041885376 -1.386377215385437 1.844102382659912
v -0.6413405537605286 -1.359573483467102 1.8553564548492432
v -0.6567050218582153 -1.3481372594833374 1.8549813032150269
v -0.6588488817214966 -1.324549913406372 1.861358642578125
v -0.6713548302650452 -1.310969352722168 1.8482288122177124
v -0.6799303889274597 -1.2845230102539062 1.845978021621704
v -0.7002971768379211 -1.2755885124206543 1.8422267436981201
v -0.6924363374710083 -1.258791446685791 1.8504797220230103
v -0.6860046982765198 -1.2423518896102905 1.8609834909439087
v -0.6806449890136719 -1.2276991605758667 1.874488353729248
v -0.6763572096824646 -1.2173349857330322 1.8891186714172363
v -0.6956521272659302 -1.2084004878997803 1.8853672742843628
v -0.7006545066833496 -1.2209088802337646 1.872612714767456
v -0.7067288160324097 -1.2359189987182617 1.8598580360412598
v -0.7128031849861145 -1.2527159452438354 1.8493542671203613
v -0.6888631582260132 -1.2995331287384033 1.8373498916625977
v -0.7253091335296631 -1.2330598831176758 1.861358642578125
v -0.7185201644897461 -1.216977596282959 1.872612714767456
v -0.7131604552268982 -1.205183982849121 1.883866786956787
v -0.6942228674888611 -1.2005380392074585 1.898121953010559
v -0.7153043746948242 -1.19303297996521 1.9037489891052246
v -0.7185201644897461 -1.1941051483154297 1.9127522706985474
v -0.7371004223823547 -1.2076857089996338 1.917253851890564
v -0.7488917708396912 -1.231987714767456 1.923631191253662
v -0.7596111297607422 -1.2509289979934692 1.9157533645629883
v -0.7517502903938293 -1.2234104871749878 1.9097511768341064
v -0.7513929605484009 -1.2180497646331787 1.8984971046447754
v -0.7371004223823547 -1.201252818107605 1.9063749313354492
v -0.7338846325874329 -1.1994658708572388 1.8969964981079102
v -0.748177170753479 -1.2151907682418823 1.8891186714172363
v -0.75889652967453 -1.234846830368042 1.8808656930923462
v -0.7624696493148804 -1.2384206056594849 1.8906192779541016
v -0.7696159482002258 -1.2605783939361572 1.8827413320541382
v -0.7706878781318665 -1.2662965059280396 1.8947457075119019
v -0.7624696493148804 -1.2434239387512207 1.9022483825683594
v -0.7646135687828064 -1.2559324502944946 1.872612714767456
v -0.7610403895378113 -1.280234456062317 1.923631191253662
v -0.7674720287322998 -1.2734441757202148 1.9086257219314575
v -0.7610403895378113 -1.304179072380066 1.9191296100616455
v -0.7549660801887512 -1.3288384675979614 1.9161285161972046
v -0.7453186511993408 -1.3470649719238281 1.9131274223327637
v -0.7542514801025391 -1.3602882623672485 1.8876181840896606
v -0.7581819295883179 -1.384947657585144 1.891744613647461
v -0.7628269791603088 -1.4085348844528198 1.8636094331741333
v -0.7642562389373779 -1.381016492843628 1.8658602237701416
v -0.763541579246521 -1.3545701503753662 1.8651100397109985
v -0.75889652967453 -1.3417043685913086 1.88874351978302
v -0.7660427689552307 -1.3227629661560059 1.8936203718185425
v -0.770330548286438 -1.2988183498382568 1.9014981985092163
v -0.7742609977722168 -1.2902411222457886 1.885742425918579
v -0.7731890678405762 -1.3127562999725342 1.8752386569976807
v -0.7671147584915161 -1.3331271409988403 1.8673608303070068
v -0.7681866884231567 -1.349924087524414 1.848979115486145
v -0.7653281688690186 -1.376727819442749 1.848228931427002
v -0.7642562389373779 -1.403531551361084 1.8429769277572632
v -0.7574672698974609 -1.4285483360290527 1.8343487977981567
v -0.7638989090919495 -1.3988856077194214 1.8298472166061401
v -0.7574672698974609 -1.4249745607376099 1.818593144416809
v -0.7463905811309814 -1.4528504610061646 1.8140915632247925
v -0.7524648904800415 -1.4560668468475342 1.8302223682403564
v -0.7449613213539124 -1.4850149154663086 1.830972671508789
v -0.734599232673645 -1.4792968034744263 1.8148417472839355
v -0.728524923324585 -1.5082447528839111 1.8317229747772217
v -0.7213786840438843 -1.5007396936416626 1.8152168989181519
v -0.7070861458778381 -1.5182515382766724 1.8133412599563599
v -0.7110165953636169 -1.5264713764190674 1.8290969133377075
v -0.6967240571975708 -1.5421961545944214 1.822719693183899
v -0.6935082674026489 -1.5336189270019531 1.8095898628234863
v -0.6835035085678101 -1.548271656036377 1.8024623394012451
v -0.6856473684310913 -1.5547045469284058 1.8140915632247925
v -0.6824315786361694 -1.5711442232131958 1.8017120361328125
v -0.6792157292366028 -1.564711332321167 1.7889574766159058
v -0.6720694899559021 -1.592944622039795 1.7878320217132568
v -0.6663524508476257 -1.5854395627975464 1.7747023105621338
v -0.6420552134513855 -1.6025938987731934 1.769450306892395
v -0.6499160528182983 -1.6129580736160278 1.779954195022583
v -0.6266907453536987 -1.6247516870498657 1.7773282527923584
v -0.6209737062454224 -1.6161744594573975 1.7638232707977295
v -0.610611617565155 -1.638689637184143 1.7702006101608276
v -0.6052519679069519 -1.6311845779418945 1.758196234703064
v -0.5948898792266846 -1.6494110822677612 1.7495681047439575
v -0.6023934483528137 -1.6569161415100098 1.757446050643921
v -0.593817949295044 -1.6783591508865356 1.740189790725708
v -0.5855997204780579 -1.6683523654937744 1.7338124513626099
v -0.5759522914886475 -1.699087381362915 1.7244340181350708
v -0.5691633224487305 -1.6872936487197876 1.717681646347046
v -0.5459380149841309 -1.7037333250045776 1.7083032131195068
v -0.5537988543510437 -1.7180286645889282 1.7139302492141724
v -0.5330747365951538 -1.7337534427642822 1.701175570487976
v -0.5234272480010986 -1.716241717338562 1.6977994441986084
v -0.5105640292167664 -1.7451897859573364 1.6887961626052856
v -0.5005592703819275 -1.724461555480957 1.6857950687408447
v -0.4773339033126831 -1.7308944463729858 1.673790693283081
v -0.487338662147522 -1.7537668943405151 1.6782922744750977
v -0.4651852548122406 -1.7627015113830566 1.6704144477844238
v -0.4530366063117981 -1.7387568950653076 1.665537714958191
v -0.4437464773654938 -1.7727081775665283 1.661411166191101
v -0.42909663915634155 -1.7476913928985596 1.6580350399017334
v -0.41944918036460876 -1.7830723524093628 1.6572847366333008
v -0.4037274122238159 -1.7573407888412476 1.6557841300964355
v -0.3783581852912903 -1.7659180164337158 1.6599106788635254
v -0.3958665430545807 -1.7905774116516113 1.661411166191101
v -0.35549017786979675 -1.7723509073257446 1.6651625633239746
v -0.3740704357624054 -1.7970103025436401 1.6621614694595337
v -0.3347660005092621 -1.778069019317627 1.6651625633239746
v -0.3565621078014374 -1.8023710250854492 1.6565344333648682
v -0.316900372505188 -1.7823575735092163 1.6546587944030762
v -0.7638989090919495 -1.3731540441513062 1.8373498916625977
v -0.387648344039917 -1.818453311920166 1.6700392961502075
v -0.3018932044506073 -1.7891478538513184 1.6407787799835205
v -0.32440394163131714 -1.8138072490692139 1.634026288986206
v -0.34048300981521606 -1.8070169687271118 1.6460306644439697
v -0.3697826862335205 -1.8248862028121948 1.664412260055542
v -0.28760069608688354 -1.7995119094848633 1.6261484622955322
v -0.3083248436450958 -1.8223844766616821 1.6205214262008667
v -0.29188844561576843 -1.8320338726043701 1.6058911085128784
v -0.2729508578777313 -1.811663031578064 1.6118932962417603
v -0.257943719625473 -1.8223844766616821 1.5965126752853394
v -0.2747374176979065 -1.8413257598876953 1.5908856391906738
v -0.2568717896938324 -1.8488308191299438 1.5747548341751099
v -0.2418646365404129 -1.8323912620544434 1.581132173538208
v -0.2254282385110855 -1.8402535915374756 1.5646260976791382
v -0.23757688701152802 -1.8559784889221191 1.5589990615844727
v -0.2175673544406891 -1.862411379814148 1.5436185598373413
v -0.20720528066158295 -1.8481160402297974 1.5484952926635742
v -0.18826769292354584 -1.8563358783721924 1.5334898233413696
v -0.19720050692558289 -1.8684868812561035 1.5282379388809204
v -0.1764763593673706 -1.875991940498352 1.5151082277297974
v -0.16897279024124146 -1.8649131059646606 1.5192346572875977
v -0.14967787265777588 -1.8738476037979126 1.5057297945022583
v -0.1561095118522644 -1.8831396102905273 1.5027287006378174
v -0.13752925395965576 -1.8895725011825562 1.489223837852478
v -0.13216954469680786 -1.8824248313903809 1.492224931716919
v -0.11751969903707504 -1.8888577222824097 1.476844310760498
v -0.12180744856595993 -1.894575834274292 1.4745935201644897
v -0.10894419997930527 -1.8970775604248047 1.4580875635147095
v -0.105728380382061 -1.8927890062332153 1.4599632024765015
v -0.09608092159032822 -1.8935037851333618 1.4404561519622803
v -0.09858211129903793 -1.897434949874878 1.4393306970596313
v -0.08857735246419907 -1.8970775604248047 1.4198236465454102
v -0.08643346279859543 -1.8938610553741455 1.420949101448059
v -0.07928722351789474 -1.8917168378829956 1.400316596031189
v -0.08071645349264145 -1.894575834274292 1.39919114112854
v -0.07499944418668747 -1.8906446695327759 1.3781836032867432
v -0.07357021421194077 -1.88778555393219 1.3793089389801025
v -0.06821050494909286 -1.8831396102905273 1.3579262495040894
v -0.06963976472616196 -1.88564133644104 1.3571759462356567
v -0.06535201519727707 -1.880280613899231 1.335793137550354
v -0.06463738530874252 -1.877421498298645 1.3365434408187866
v -0.06106426566839218 -1.872060775756836 1.3151607513427734
v -0.06177886575460434 -1.8749198913574219 1.3144104480743408
v -0.058920376002788544 -1.8699164390563965 1.2926524877548218
v -0.05784844607114792 -1.8674148321151733 1.293027639389038
v -0.05606185644865036 -1.8631261587142944 1.2712697982788086
v -0.056776486337184906 -1.8652704954147339 1.2708946466445923
v -0.054989926517009735 -1.8609819412231445 1.2510124444961548
v -0.054989926517009735 -1.8634835481643677 1.2506372928619385
v -0.05213143676519394 -1.8591949939727783 1.2375075817108154
v -0.053203366696834564 -1.8613393306732178 1.2397583723068237
v -0.04963024705648422 -1.860267162322998 1.2330058813095093
v -0.05213143676519394 -1.8624114990234375 1.2371324300765991
v -0.04820098727941513 -1.861696720123291 1.2326308488845825
v -0.05070217698812485 -1.863840937614441 1.2367572784423828
v -0.053203366696834564 -1.8674148321151733 1.2498869895935059
v -0.05427529662847519 -1.8656278848648071 1.2502621412277222
v -0.05606185644865036 -1.8699164390563965 1.2697691917419434
v -0.056776486337184906 -1.8677722215652466 1.270519495010376
v -0.058920376002788544 -1.8724181652069092 1.2919023036956787
v -0.06177886575460434 -1.877421498298645 1.3136601448059082
v -0.06570931524038315 -1.882782220840454 1.335042953491211
v -0.0649946853518486 -1.88564133644104 1.3342926502227783
v -0.06999706476926804 -1.8885003328323364 1.3564256429672241
v -0.05391799658536911 -1.8591949939727783 1.251387596130371
v -0.05856304615736008 -1.8749198913574219 1.2915271520614624
v -0.06142156571149826 -1.880280613899231 1.3129098415374756
v -0.054989926517009735 -1.872060775756836 1.2693941593170166
v -0.053203366696834564 -1.873490333557129 1.2693941593170166
v -0.05713381618261337 -1.8770641088485718 1.291152000427246
v -0.060349635779857635 -1.8824248313903809 1.3125348091125488
v -0.06392275542020798 -1.888500452041626 1.333917498588562
v -0.06999706476926804 -1.8913594484329224 1.3556753396987915
v -0.07571407407522202 -1.8963627815246582 1.376682996749878
v -0.07571407407522202 -1.8935037851333618 1.3774333000183105
v -0.08178841322660446 -1.897434949874878 1.398440957069397
v -0.08214571326971054 -1.9006513357162476 1.3976906538009644
v -0.07428484410047531 -1.8992218971252441 1.376682996749878
v -0.081431083381176 -1.9038678407669067 1.3976906538009644
v -0.07249825447797775 -1.9017235040664673 1.376682996749878
v -0.06892513483762741 -1.8942184448242188 1.3553003072738647
v -0.06713857501745224 -1.8967201709747314 1.3549251556396484
v -0.062493495643138885 -1.8906446695327759 1.333917498588562
v -0.058205746114254 -1.8845691680908203 1.3125348091125488
v -0.0553472563624382 -1.878851056098938 1.2907768487930298
v -0.06428005546331406 -1.8981497287750244 1.3553003072738647
v -0.05963500589132309 -1.8920742273330688 1.333917498588562
v -0.05606185644865036 -1.8859987258911133 1.3125348091125488
v -0.06142156571149826 -1.8981497287750244 1.3560504913330078
v -0.06999706476926804 -1.9035104513168335 1.3770581483840942
v -0.07642870396375656 -1.908156394958496 1.398440957069397
v -0.07928722351789474 -1.9067269563674927 1.3976906538009644
v -0.08750542253255844 -1.9106581211090088 1.4186981916427612
v -0.08964928239583969 -1.9077990055084229 1.4183231592178345
v -0.0907212421298027 -1.9038678407669067 1.4183231592178345
v -0.09036391228437424 -1.9002939462661743 1.4190733432769775
v -0.1003686711192131 -1.9017235040664673 1.4385803937911987
v -0.10072600096464157 -1.9063695669174194 1.438205361366272
v -0.09965404123067856 -1.911015510559082 1.438205361366272
v -0.09679555147886276 -1.914589285850525 1.438955545425415
v -0.08428960293531418 -1.912445068359375 1.4198236465454102
v -0.0732128843665123 -1.908156394958496 1.3995662927627563
v -0.06678124517202377 -1.9038678407669067 1.3778084516525269
v -0.05856304615736008 -1.8970775604248047 1.3568007946014404
v -0.056776486337184906 -1.892431616783142 1.3342926502227783
v -0.053203366696834564 -1.8863561153411865 1.3125348091125488
v -0.053203366696834564 -1.8799232244491577 1.2907768487930298
v -0.051059477031230927 -1.8745625019073486 1.2693941593170166
v -0.05141680687665939 -1.8688443899154663 1.2498869895935059
v -0.049272917211055756 -1.8652704954147339 1.2375075817108154
v -0.04677172750234604 -1.8631261587142944 1.233756184577942
v -0.047843657433986664 -1.8663426637649536 1.2397583723068237
v -0.049272917211055756 -1.8695590496063232 1.2502621412277222
v -0.04855828732252121 -1.8745625019073486 1.2693941593170166
v -0.05034484714269638 -1.8799232244491577 1.291152000427246
v -0.05034484714269638 -1.88564133644104 1.313284993171692
v -0.04820098727941513 -1.8795658349990845 1.2915271520614624
v -0.04641442745923996 -1.8738477230072021 1.2697691917419434
v -0.04534246772527695 -1.8681296110153198 1.2506372928619385
v -0.04498516768217087 -1.872060775756836 1.270519495010376
v -0.04605709761381149 -1.8777788877487183 1.292277455329895
v -0.047129057347774506 -1.8692017793655396 1.2502621412277222
v -0.04605709761381149 -1.8652704954147339 1.2378827333450317
v -0.04534246772527695 -1.8620541095733643 1.233756184577942
v -0.04641442745923996 -1.8606245517730713 1.2322556972503662
v -0.04820098727941513 -1.8584802150726318 1.2322556972503662
v -0.051059477031230927 -1.857408046722412 1.2371324300765991
v -0.05213143676519394 -1.8591949939727783 1.2375075817108154
v -0.054989926517009735 -1.8609819412231445 1.2510124444961548
v -0.05391799658536911 -1.8591949939727783 1.251387596130371
v -0.05248873680830002 -1.857408046722412 1.2517627477645874
v -0.05427529662847519 -1.8613393306732178 1.2720201015472412
v -0.05606185644865036 -1.8631261587142944 1.2712697982788086
v -0.05784844607114792 -1.8674148321151733 1.293027639389038
v -0.05641918629407883 -1.8656278848648071 1.2937779426574707
v -0.05927767604589462 -1.8699164390563965 1.3159109354019165
v -0.06106426566839218 -1.872060775756836 1.3151607513427734
v -0.06463738530874252 -1.877421498298645 1.3365434408187866
v -0.06285082548856735 -1.8752771615982056 1.3376688957214355
v -0.0664239451289177 -1.8813526630401611 1.3590515851974487
v -0.06821050494909286 -1.8831396102905273 1.3579262495040894
v -0.07357021421194077 -1.88778555393219 1.3793089389801025
v -0.07142632454633713 -1.88564133644104 1.3800592422485352
v -0.07678603380918503 -1.8895725011825562 1.4014419317245483
v -0.07928722351789474 -1.8917168378829956 1.400316596031189
v -0.08643346279859543 -1.8938610553741455 1.420949101448059
v -0.08393227308988571 -1.8913594484329224 1.4220744371414185
v -0.09286510199308395 -1.8906446695327759 1.4423317909240723
v -0.09608092159032822 -1.8935037851333618 1.4404561519622803
v -0.105728380382061 -1.8927890062332153 1.4599632024765015
v -0.1017979308962822 -1.8888577222824097 1.4614636898040771
v -0.11287464946508408 -1.884211778640747 1.4790951013565063
v -0.11751969903707504 -1.8888577222824097 1.476844310760498
v -0.13216954469680786 -1.8824248313903809 1.492224931716919
v -0.12645253539085388 -1.8770641088485718 1.4952260255813599
v -0.1425316333770752 -1.8670573234558105 1.510231375694275
v -0.14967787265777588 -1.8738476037979126 1.5057297945022583
v -0.16897279024124146 -1.8649131059646606 1.5192346572875977
v -0.15968266129493713 -1.8566932678222656 1.5248616933822632
v -0.17754830420017242 -1.8466864824295044 1.5398671627044678
v -0.18826769292354584 -1.8563358783721924 1.5334898233413696
v -0.20720528066158295 -1.8481160402297974 1.5484952926635742
v -0.19469931721687317 -1.8377519845962524 1.5556228160858154
v -0.21042108535766602 -1.828817367553711 1.571753740310669
v -0.2254282385110855 -1.8402535915374756 1.5646260976791382
v -0.2418646365404129 -1.8323912620544434 1.581132173538208
v -0.22471360862255096 -1.8195254802703857 1.5882596969604492
v -0.23829150199890137 -1.8084465265274048 1.6036403179168701
v -0.257943719625473 -1.8223844766616821 1.5965126752853394
v -0.2729508578777313 -1.811663031578064 1.6118932962417603
v -0.25079745054244995 -1.796652913093567 1.619771122932434
v -0.26294609904289246 -1.7827149629592896 1.6355267763137817
v -0.28760069608688354 -1.7995119094848633 1.6261484622955322
v -0.3018932044506073 -1.7891478538513184 1.6407787799835205
v -0.2747374176979065 -1.7691344022750854 1.6520328521728516
v -0.316900372505188 -1.7823575735092163 1.6546587944030762
v -0.28760069608688354 -1.7584129571914673 1.6704144477844238
v -0.24829627573490143 -1.7605571746826172 1.6632869243621826
v -0.25865834951400757 -1.7466192245483398 1.6835442781448364
v -0.30367979407310486 -1.7501931190490723 1.6906718015670776
v -0.3347660005092621 -1.778069019317627 1.6651625633239746
v -0.3361952602863312 -1.7491209506988525 1.6842944622039795
v -0.35549017786979675 -1.7723509073257446 1.6651625633239746
v -0.3615644872188568 -1.7423306703567505 1.673790693283081
v -0.3783581852912903 -1.7659180164337158 1.6599106788635254
v -0.4037274122238159 -1.7573407888412476 1.6557841300964355
v -0.3872910141944885 -1.733396053314209 1.6670382022857666
v -0.42909663915634155 -1.7476913928985596 1.6580350399017334
v -0.4130175709724426 -1.724461555480957 1.6662880182266235
v -0.4383867681026459 -1.7155269384384155 1.6689139604568481
v -0.4530366063117981 -1.7387568950653076 1.665537714958191
v -0.4773339033126831 -1.7308944463729858 1.673790693283081
v -0.46447062492370605 -1.7076644897460938 1.6752911806106567
v -0.4898398518562317 -1.7023037672042847 1.6854199171066284
v -0.5005592703819275 -1.724461555480957 1.6857950687408447
v -0.5141371488571167 -1.6969430446624756 1.6959236860275269
v -0.5234272480010986 -1.716241717338562 1.6977994441986084
v -0.5459380149841309 -1.7037333250045776 1.7083032131195068
v -0.5362905263900757 -1.6887232065200806 1.7075529098510742
v -0.5573720335960388 -1.6755000352859497 1.7191821336746216
v -0.5691633224487305 -1.6872936487197876 1.717681646347046
v -0.5720218420028687 -1.6590604782104492 1.7334372997283936
v -0.5855997204780579 -1.6683523654937744 1.7338124513626099
v -0.5820266008377075 -1.6401190757751465 1.7446913719177246
v -0.5948898792266846 -1.6494110822677612 1.7495681047439575
v -0.6052519679069519 -1.6311845779418945 1.758196234703064
v -0.5945325493812561 -1.6211777925491333 1.7495681047439575
v -0.612755537033081 -1.6047382354736328 1.7548201084136963
v -0.6209737062454224 -1.6161744594573975 1.7638232707977295
v -0.6420552134513855 -1.6025938987731934 1.769450306892395
v -0.63490891456604 -1.5911576747894287 1.7623227834701538
v -0.6570623517036438 -1.5757901668548584 1.768700122833252
v -0.6663524508476257 -1.5854395627975464 1.7747023105621338
v -0.6702829003334045 -1.5575636625289917 1.7825801372528076
v -0.6792157292366028 -1.564711332321167 1.7889574766159058
v -0.6835035085678101 -1.548271656036377 1.8024623394012451
v -0.6767145395278931 -1.5411239862442017 1.7945845127105713
v -0.6860046982765198 -1.5250418186187744 1.8002115488052368
v -0.6935082674026489 -1.5336189270019531 1.8095898628234863
v -0.7070861458778381 -1.5182515382766724 1.8133412599563599
v -0.6988679766654968 -1.5100317001342773 1.8009617328643799
v -0.712445855140686 -1.4935921430587769 1.8013368844985962
v -0.7213786840438843 -1.5007396936416626 1.8152168989181519
v -0.7256664037704468 -1.473578691482544 1.8017120361328125
v -0.734599232673645 -1.4792968034744263 1.8148417472839355
v -0.7463905811309814 -1.4528504610061646 1.8140915632247925
v -0.7403162717819214 -1.4489191770553589 1.8017120361328125
v -0.7546087503433228 -1.4203286170959473 1.8077142238616943
v -0.7574672698974609 -1.4249745607376099 1.818593144416809
v -0.7599684596061707 -1.3938822746276855 1.8212190866470337
v -0.7638989090919495 -1.3988856077194214 1.8298472166061401
v -0.7638989090919495 -1.3731540441513062 1.8373498916625977
v -0.7599684596061707 -1.369937539100647 1.8298472166061401
v -0.7653281688690186 -1.343133807182312 1.8287217617034912
v -0.7681866884231567 -1.3463503122329712 1.8373498916625977
v -0.7671147584915161 -1.3156154155731201 1.8320980072021484
v -0.7706878781318665 -1.3199039697647095 1.8411012887954712
v -0.7696159482002258 -1.2963166236877441 1.8512299060821533
v -0.763541579246521 -1.2913132905960083 1.8426017761230469
v -0.7599684596061707 -1.2716572284698486 1.8542309999465942
v -0.7674720287322998 -1.2763031721115112 1.8628591299057007
v -0.7567526698112488 -1.2527159452438354 1.8636094331741333
v -0.7646135687828064 -1.2559324502944946 1.872612714767456
v -0.75889652967453 -1.234846830368042 1.8808656930923462
v -0.7510356307029724 -1.2330598831176758 1.872612714767456
v -0.7417455315589905 -1.2144759893417358 1.8812408447265625
v -0.748177170753479 -1.2151907682418823 1.8891186714172363
v -0.7338846325874329 -1.1994658708572388 1.8969964981079102
v -0.7288822531700134 -1.201252818107605 1.88874351978302
v -0.7128031849861145 -1.196964144706726 1.8939954042434692
v -0.7249518036842346 -1.2055413722991943 1.8827413320541382
v -0.7320980429649353 -1.2155481576919556 1.875613808631897
v -0.7399589419364929 -1.231987714767456 1.8654850721359253
v -0.7456759810447693 -1.250571608543396 1.8561067581176758
v -0.7310261130332947 -1.2502142190933228 1.8512299060821533
v -0.04462786763906479 -1.8645557165145874 1.2378827333450317
v -0.7496063709259033 -1.2691556215286255 1.847103476524353
v -0.7546087503433228 -1.288454294204712 1.835849404335022
v -0.75889652967453 -1.3120415210723877 1.825345516204834
v -0.7424601316452026 -1.2873821258544922 1.8324731588363647
v -0.736743152141571 -1.2680834531784058 1.8418515920639038
v -0.7195920944213867 -1.2698702812194824 1.8407261371612549
v -0.7270956635475159 -1.288454294204712 1.8320980072021484
v -0.7085154056549072 -1.2920280694961548 1.832848310470581
v -0.7160189747810364 -1.3106119632720947 1.8238450288772583
v -0.6974387168884277 -1.3152580261230469 1.8290969133377075
v -0.7328127026557922 -1.309539794921875 1.8223445415496826
v -0.7471051812171936 -1.3102545738220215 1.8227195739746094
v -0.7581819295883179 -1.3399174213409424 1.8223445415496826
v -0.7538941502571106 -1.366363763809204 1.824595332145691
v -0.75282222032547 -1.3899509906768799 1.8159672021865845
v -0.7456759810447693 -1.363147258758545 1.8200936317443848
v -0.748177170753479 -1.3370583057403564 1.818593144416809
v -0.7360284924507141 -1.3345566987991333 1.8155920505523682
v -0.7203067541122437 -1.332769751548767 1.8170925378799438
v -0.721735954284668 -1.3570717573165894 1.8170925378799438
v -0.7038703560829163 -1.3331271409988403 1.8238450288772583
v -0.7349565625190735 -1.3599308729171753 1.8170925378799438
v -0.7324553728103638 -1.3828033208847046 1.8137164115905762
v -0.7431747317314148 -1.3867346048355103 1.814091444015503
v -0.7471051812171936 -1.4149678945541382 1.8009617328643799
v -0.7320980429649353 -1.4428436756134033 1.794209361076355
v -0.7153043746948242 -1.4664310216903687 1.7938342094421387
v -0.7210213541984558 -1.4349812269210815 1.7927087545394897
v -0.736743152141571 -1.4096070528030396 1.8002114295959473
v -0.7249518036842346 -1.403531551361084 1.8024623394012451
v -0.7117311954498291 -1.3963838815689087 1.8088395595550537
v -0.7195920944213867 -1.378157377243042 1.816717505455017
v -0.7067288160324097 -1.3720818758010864 1.8272212743759155
v -0.7074434757232666 -1.3534979820251465 1.8238450288772583
v -0.6967240571975708 -1.3495666980743408 1.8320980072021484
v -0.6899351477622986 -1.337773084640503 1.8343487977981567
v -0.6806449890136719 -1.3241925239562988 1.8399758338928223
v -0.6688536405563354 -1.3359861373901367 1.8504797220230103
v -0.6695683002471924 -1.361003041267395 1.8448526859283447
v -0.6552757620811462 -1.3738688230514526 1.8433520793914795
v -0.6517026424407959 -1.4038889408111572 1.832848310470581
v -0.6309784650802612 -1.4163973331451416 1.83397376537323
v -0.6109689474105835 -1.4292631149291992 1.8373498916625977
v -0.6409832239151001 -1.4299778938293457 1.8144665956497192
v -0.6627793312072754 -1.4160399436950684 1.8140915632247925
v -0.6831461787223816 -1.4024593830108643 1.8170925378799438
v -0.670640230178833 -1.3910231590270996 1.8343487977981567
v -0.6842181086540222 -1.3760130405426025 1.8373498916625977
v -0.6802876591682434 -1.3481372594833374 1.8433520793914795
v -0.692793607711792 -1.361003041267395 1.837725043296814
v -0.6985106468200684 -1.38780677318573 1.8230947256088257
v -0.6960094571113586 -1.4138957262039185 1.8013368844985962
v -0.6749279499053955 -1.4296205043792725 1.7998363971710205
v -0.7088727355003357 -1.4256893396377563 1.794959545135498
v -0.6885058879852295 -1.443915843963623 1.793083906173706
v -0.7020837664604187 -1.4564242362976074 1.7915832996368408
v -0.7002971768379211 -1.4846575260162354 1.7938342094421387
v -0.6874339580535889 -1.5007398128509521 1.793083906173706
v -0.6756426095962524 -1.5164645910263062 1.7934590578079224
v -0.670640230178833 -1.4889460802078247 1.7919584512710571
v -0.6849327683448792 -1.4732213020324707 1.7915832996368408
v -0.6684963703155518 -1.4592833518981934 1.7923336029052734
v -0.6534892320632935 -1.4442732334136963 1.8002114295959473
v -0.6331223845481873 -1.460355520248413 1.799086093902588
v -0.6513453125953674 -1.4753655195236206 1.7923336029052734
v -0.6391966938972473 -1.49394953250885 1.7927087545394897
v -0.6599208116531372 -1.5061005353927612 1.791208267211914
v -0.665995180606842 -1.5332616567611694 1.7900828123092651
v -0.6584916114807129 -1.54970121383667 1.779954195022583
v -0.646342933177948 -1.5654261112213135 1.7690751552581787
v -0.6270480155944824 -1.5786492824554443 1.7596968412399292
v -0.6031080484390259 -1.5911576747894287 1.7499432563781738
v -0.5798827409744263 -1.608669400215149 1.7446913719177246
v -0.5645182728767395 -1.629040241241455 1.7420654296875
v -0.5537988543510437 -1.6483389139175415 1.7338124513626099
v -0.5409356355667114 -1.6629916429519653 1.7233086824417114
v -0.5234272480010986 -1.6729984283447266 1.7120546102523804
v -0.5019884705543518 -1.6794313192367554 1.702301025390625
v -0.5077055096626282 -1.6604899168014526 1.7214329242706299
v -0.522355318069458 -1.6508406400680542 1.7281854152679443
v -0.5341466665267944 -1.6376174688339233 1.7341876029968262
v -0.5155664086341858 -1.6301124095916748 1.7379388809204102
v -0.5459380149841309 -1.6179614067077637 1.7379388809204102
v -0.5059189200401306 -1.6440503597259521 1.7379388809204102
v -0.5620170831680298 -1.5911576747894287 1.7446913719177246
v -0.5252138376235962 -1.6111711263656616 1.7386891841888428
v -0.49984461069107056 -1.625109076499939 1.7495681047439575
v -0.593817949295044 -1.5761475563049316 1.75444495677948
v -0.617400586605072 -1.5657835006713867 1.7653238773345947
v -0.6331223845481873 -1.5543471574783325 1.7743271589279175
v -0.6431271433830261 -1.5404092073440552 1.7825801372528076
v -0.6509880423545837 -1.5239696502685547 1.7889573574066162
v -0.6313357949256897 -1.513962984085083 1.793083906173706
v -0.624189555644989 -1.5300451517105103 1.7908331155776978
v -0.6159713268280029 -1.5418387651443481 1.7859563827514648
v -0.6041800379753113 -1.551130771636963 1.778828740119934
v -0.5855997204780579 -1.5586358308792114 1.768700122833252
v -0.5602304935455322 -1.5643539428710938 1.7604470252990723
v -0.5362905263900757 -1.5664982795715332 1.758196234703064
v -0.5334320664405823 -1.5879411697387695 1.7435659170150757
v -0.5148517489433289 -1.5868691205978394 1.7495681047439575
v -0.5080628395080566 -1.6075972318649292 1.7465670108795166
v -0.4884105920791626 -1.6186761856079102 1.7626979351043701
v -0.4909117817878723 -1.638689637184143 1.7521940469741821
v -0.48054972290992737 -1.6301124095916748 1.7668243646621704
v -0.4801923930644989 -1.6497684717178345 1.7518190145492554
v -0.49305567145347595 -1.6536996364593506 1.7349379062652588
v -0.475904643535614 -1.6615620851516724 1.7304362058639526
v -0.4884105920791626 -1.6669228076934814 1.7139302492141724
v -0.4776912033557892 -1.684077262878418 1.6932977437973022
v -0.45089274644851685 -1.6890805959701538 1.6857950687408447
v -0.4240942597389221 -1.6965856552124023 1.6831691265106201
v -0.39943966269493103 -1.7051628828048706 1.6839193105697632
v -0.3754996955394745 -1.714812159538269 1.6876707077026367
v -0.35263165831565857 -1.7262483835220337 1.6981744766235352
v -0.32690513134002686 -1.733396053314209 1.711679458618164
v -0.32547587156295776 -1.716241717338562 1.739064335823059
v -0.29832008481025696 -1.7291074991226196 1.7191821336746216
v -0.29689082503318787 -1.7101662158966064 1.7398146390914917
v -0.27652397751808167 -1.7076644897460938 1.745066523551941
v -0.27402278780937195 -1.7241041660308838 1.7270599603652954
v -0.2690204083919525 -1.7366125583648682 1.705302119255066
v -0.23721957206726074 -1.7491209506988525 1.6962988376617432
v -0.22792942821979523 -1.7627015113830566 1.67491614818573
v -0.23936344683170319 -1.7762820720672607 1.6456555128097534
v -0.23007330298423767 -1.7898626327514648 1.6287744045257568
v -0.21971122920513153 -1.8023710250854492 1.6122684478759766
v -0.20827721059322357 -1.814164638519287 1.5968878269195557
v -0.195771262049675 -1.8241714239120483 1.5807570219039917
v -0.1818360537290573 -1.8338207006454468 1.5646260976791382
v -0.16647160053253174 -1.8427553176879883 1.548120141029358
v -0.15039250254631042 -1.8524047136306763 1.5316141843795776
v -0.13467073440551758 -1.863840937614441 1.5158584117889404
v -0.12002088874578476 -1.8742049932479858 1.4993524551391602
v -0.10751494020223618 -1.8817100524902344 1.4820961952209473
v -0.09751018136739731 -1.8863561153411865 1.463714599609375
v -0.08893465250730515 -1.8885003328323364 1.4438323974609375
v -0.08107378333806992 -1.889215111732483 1.4235750436782837
v -0.07428484410047531 -1.8881429433822632 1.402192234992981
v -0.06892513483762741 -1.884211778640747 1.381184697151184
v -0.06392275542020798 -1.8799232244491577 1.3598018884658813
v -0.05999230593442917 -1.873490333557129 1.3384190797805786
v -0.06106426566839218 -1.8795658349990845 1.360552191734314
v -0.05713381618261337 -1.873490333557129 1.3391693830490112
v -0.056776486337184906 -1.8684868812561035 1.3166612386703491
v -0.05427529662847519 -1.8645557165145874 1.294153094291687
v -0.05141680687665939 -1.8645557165145874 1.2945282459259033
v -0.05391799658536911 -1.8684868812561035 1.3170363903045654
v -0.05427529662847519 -1.8749198913574219 1.3391693830490112
v -0.05856304615736008 -1.8806380033493042 1.3609273433685303
v -0.06320812553167343 -1.88564133644104 1.3823100328445435
v -0.06606664508581161 -1.884211778640747 1.3819348812103271
v -0.07142632454633713 -1.8874281644821167 1.4033176898956299
v -0.07750066369771957 -1.8888577222824097 1.424700379371643
v -0.08464690297842026 -1.8885003328323364 1.4457080364227295
v -0.09250780194997787 -1.8863561153411865 1.4663405418395996
v -0.10215526074171066 -1.8817100524902344 1.4858475923538208
v -0.1139465793967247 -1.874562382698059 1.5046043395996094
v -0.1275244653224945 -1.8649131059646606 1.5226109027862549
v -0.14217430353164673 -1.854191541671753 1.5398671627044678
v -0.15646684169769287 -1.843827486038208 1.5571234226226807
v -0.17075935006141663 -1.8348928689956665 1.5743796825408936
v -0.18362261354923248 -1.8259583711624146 1.5908856391906738
v -0.19469931721687317 -1.81559419631958 1.6070165634155273
v -0.20470409095287323 -1.8045153617858887 1.622772216796875
v -0.213279590010643 -1.7920069694519043 1.638903021812439
v -0.22078317403793335 -1.778069019317627 1.6561592817306519
v -0.21578079462051392 -1.7727081775665283 1.6865453720092773
v -0.22364167869091034 -1.7576981782913208 1.7083032131195068
v -0.23721957206726074 -1.7466192245483398 1.7304362058639526
v -0.24901089072227478 -1.7387568950653076 1.7180567979812622
v -0.25758638978004456 -1.726605772972107 1.7379390001296997
v -0.26294609904289246 -1.7115957736968994 1.7555702924728394
v -0.2797397971153259 -1.69086754322052 1.7626979351043701
v -0.29581889510154724 -1.6926543712615967 1.7559454441070557
v -0.315828412771225 -1.6969430446624756 1.7559454441070557
v -0.3340514004230499 -1.6969430446624756 1.7649487257003784
v -0.31332722306251526 -1.6837198734283447 1.7679498195648193
v -0.3726411759853363 -1.7040907144546509 1.7139302492141724
v -0.35406091809272766 -1.7151695489883423 1.7233086824417114
v -0.3469146490097046 -1.70945143699646 1.7518190145492554
v -0.39229339361190796 -1.6940839290618896 1.7090535163879395
v -0.3776435852050781 -1.7001594305038452 1.7360632419586182
v -0.36370837688446045 -1.7083792686462402 1.7416902780532837
v -0.3565621078014374 -1.7033759355545044 1.7589465379714966
v -0.3479866087436676 -1.6919397115707397 1.7713260650634766
v -0.3236893117427826 -1.6787165403366089 1.778828740119934
v -0.3340514004230499 -1.6726409196853638 1.792333722114563
v -0.31225529313087463 -1.6683523654937744 1.7900828123092651
v -0.3008212745189667 -1.6762148141860962 1.7717012166976929
v -0.28760069608688354 -1.6747852563858032 1.7814546823501587
v -0.3672814965248108 -1.7008742094039917 1.756320595741272
v -0.35799136757850647 -1.684077262878418 1.7713260650634766
v -0.34620001912117004 -1.6597751379013062 1.8024623394012451
v -0.3233320116996765 -1.6612046957015991 1.8047131299972534
v -0.30260783433914185 -1.666208028793335 1.7998363971710205
v -0.3794301450252533 -1.694441318511963 1.751443862915039
v -0.36942538619041443 -1.677286982536316 1.7630730867385864
v -0.3930080235004425 -1.685506820678711 1.745066523551941
v -0.3930080235004425 -1.6912249326705933 1.730811357498169
v -0.410873681306839 -1.682647705078125 1.7270599603652954
v -0.41444680094718933 -1.6858642101287842 1.7056772708892822
v -0.4394587278366089 -1.6780017614364624 1.7045518159866333
v -0.4648279547691345 -1.6726410388946533 1.7079280614852905
v -0.4541085660457611 -1.6687097549438477 1.726684808731079
v -0.4462476670742035 -1.665493369102478 1.743941068649292
v -0.43159782886505127 -1.6751426458358765 1.7255594730377197
v -0.42623814940452576 -1.6704967021942139 1.7405649423599243
v -0.4083724915981293 -1.6769295930862427 1.7405649423599243
v -0.3847898244857788 -1.669067144393921 1.7540698051452637
v -0.3769289553165436 -1.643692970275879 1.7747023105621338
v -0.4022981524467468 -1.6608473062515259 1.7499432563781738
v -0.4201638102531433 -1.65584397315979 1.751443862915039
v -0.4383867681026459 -1.651912808418274 1.757446050643921
v -0.4655425548553467 -1.6583456993103027 1.7484427690505981
v -0.46983033418655396 -1.638689637184143 1.767574667930603
v -0.4558951258659363 -1.6461946964263916 1.764573574066162
v -0.43481364846229553 -1.6279680728912354 1.7698254585266113
v -0.41659069061279297 -1.629040241241455 1.764573574066162
v -0.39622384309768677 -1.6333287954330444 1.765699028968811
v -0.39801040291786194 -1.6075972318649292 1.7882071733474731
v -0.4201638102531433 -1.6022365093231201 1.784830927848816
v -0.4394587278366089 -1.6018791198730469 1.786706566810608
v -0.4516073763370514 -1.625109076499939 1.7773282527923584
v -0.46447062492370605 -1.6211777925491333 1.7810795307159424
v -0.47411808371543884 -1.6151022911071777 1.7803293466567993
v -0.4812643527984619 -1.6061677932739258 1.7765779495239258
v -0.4791204631328583 -1.590085506439209 1.7919585704803467
v -0.47233152389526367 -1.5958036184310913 1.7945845127105713
v -0.4641133248806 -1.599734902381897 1.7945845127105713
v -0.4541085660457611 -1.6015217304229736 1.7915834188461304
v -0.4566097557544708 -1.5825804471969604 1.80921471118927
v -0.4437464773654938 -1.581865668296814 1.8065887689590454
v -0.4240942597389221 -1.5825804471969604 1.8050882816314697
v -0.40051159262657166 -1.5897281169891357 1.8080893754959106
v -0.40194085240364075 -1.5740032196044922 1.824595332145691
v -0.3780008852481842 -1.598305344581604 1.814841866493225
v -0.381931334733963 -1.5775771141052246 1.8290969133377075
v -0.36263641715049744 -1.603666067123413 1.8253456354141235
v -0.37585699558258057 -1.6190335750579834 1.797210454940796
v -0.35977792739868164 -1.6286828517913818 1.8110904693603516
v -0.36120718717575073 -1.6540570259094238 1.7885823249816895
v -0.3465573489665985 -1.6286828517913818 1.8212190866470337
v -0.3358379602432251 -1.6247516870498657 1.8287218809127808
v -0.35298898816108704 -1.6040234565734863 1.8354742527008057
v -0.3629937469959259 -1.5807934999465942 1.8467283248901367
v -0.3697826862335205 -1.5797213315963745 1.8373500108718872
v -0.3805020749568939 -1.5568488836288452 1.8504797220230103
v -0.3890775740146637 -1.556491494178772 1.8433520793914795
v -0.39229339361190796 -1.5343337059020996 1.8636094331741333
v -0.3862190842628479 -1.5339763164520264 1.8714873790740967
v -0.37478506565093994 -1.5575636625289917 1.858357548713684
v -0.3594205975532532 -1.5815082788467407 1.8557316064834595
v -0.3454853892326355 -1.6029512882232666 1.8437272310256958
v -0.35977792739868164 -1.5850821733474731 1.864359736442566
v -0.37335580587387085 -1.5600652694702148 1.8666105270385742
v -0.38443252444267273 -1.5375502109527588 1.8804906606674194
v -0.40444204211235046 -1.5182515382766724 1.8846170902252197
v -0.4094444215297699 -1.5189663171768188 1.8759889602661133
v -0.42766737937927246 -1.5089595317840576 1.8842419385910034
v -0.4162333607673645 -1.521467924118042 1.8677359819412231
v -0.40051159262657166 -1.5361206531524658 1.856481909751892
v -0.41266024112701416 -1.5404092073440552 1.8508548736572266
v -0.40479937195777893 -1.5568488836288452 1.8384753465652466
v -0.42480888962745667 -1.559350609779358 1.8396008014678955
v -0.42516618967056274 -1.5718590021133423 1.824595332145691
v -0.4408879578113556 -1.5600652694702148 1.8429770469665527
v -0.44410377740859985 -1.5693572759628296 1.8249704837799072
v -0.4255235195159912 -1.528258204460144 1.8602333068847656
v -0.4244515597820282 -1.5475568771362305 1.8489792346954346
v -0.4351709485054016 -1.5432683229446411 1.8538559675216675
v -0.4512500464916229 -1.5586358308792114 1.844102382659912
v -0.4458903670310974 -1.5407665967941284 1.8587327003479004
v -0.4405306577682495 -1.5211105346679688 1.866235375404358
v -0.43338438868522644 -1.5121760368347168 1.8752386569976807
v -0.4587536156177521 -1.5139628648757935 1.8703619241714478
v -0.44982078671455383 -1.5018118619918823 1.8797403573989868
v -0.4433891475200653 -1.4985954761505127 1.8894938230514526
v -0.4566097557544708 -1.4850149154663086 1.8939955234527588
v -0.4391013979911804 -1.498952865600586 1.8999977111816406
v -0.4233796298503876 -1.5086021423339844 1.8936203718185425
v -0.4212357699871063 -1.5118186473846436 1.9033738374710083
v -0.4026554822921753 -1.5218253135681152 1.8939955234527588
v -0.3872910141944885 -1.5443404912948608 1.8891187906265259
v -0.375142365694046 -1.5643539428710938 1.874863624572754
v -0.36227911710739136 -1.5904428958892822 1.872612714767456
v -0.3797874450683594 -1.5711442232131958 1.8827414512634277
v -0.39407995343208313 -1.5543471574783325 1.8966214656829834
v -0.4040847420692444 -1.5300451517105103 1.9029988050460815
v -0.42230769991874695 -1.519323706626892 1.912377119064331
v -0.4105163514614105 -1.5418387651443481 1.910501480102539
v -0.4173053205013275 -1.556491494178772 1.9240063428878784
v -0.4026554822921753 -1.5679277181625366 1.9067500829696655
v -0.386576384305954 -1.5815082788467407 1.8913695812225342
v -0.3683534264564514 -1.5997347831726074 1.8804906606674194
v -0.3451280891895294 -1.6115285158157349 1.861358642578125
v -0.3422695994377136 -1.605095624923706 1.8531056642532349
v -0.3304782509803772 -1.6254664659500122 1.8381001949310303
v -0.33119288086891174 -1.647624135017395 1.8152168989181519
v -0.316900372505188 -1.659417748451233 1.8133412599563599
v -0.4273100793361664 -1.5304025411605835 1.9217555522918701
v -0.3251185715198517 -1.6454799175262451 1.8242201805114746
v -0.32547587156295776 -1.6486963033676147 1.8335986137390137
v -0.31332722306251526 -1.6619194746017456 1.822719693183899
v -0.29546159505844116 -1.6694245338439941 1.8110904693603516
v -0.27795323729515076 -1.6790738105773926 1.7938342094421387
v -0.2922457754611969 -1.6780017614364624 1.8238451480865479
v -0.3136845529079437 -1.6687097549438477 1.8335986137390137
v -0.26866310834884644 -1.6951560974121094 1.7739520072937012
v -0.26437535881996155 -1.7058775424957275 1.7870817184448242
v -0.2729508578777313 -1.6897953748703003 1.8077142238616943
v -0.29438963532447815 -1.69086754322052 1.8377251625061035
v -0.2775959372520447 -1.7058775424957275 1.8204689025878906
v -0.2690204083919525 -1.7208876609802246 1.8002115488052368
v -0.2911738157272339 -1.724461555480957 1.8302223682403564
v -0.30510902404785156 -1.7087366580963135 1.8486040830612183
v -0.3276197612285614 -1.6933691501617432 1.857607364654541
v -0.3179723024368286 -1.6783591508865356 1.8456029891967773
v -0.33762452006340027 -1.6654932498931885 1.8516051769256592
v -0.32976362109184265 -1.6551291942596436 1.8422267436981201
v -0.34084033966064453 -1.6390469074249268 1.8546062707901
v -0.3333367705345154 -1.6311845779418945 1.847103476524353
v -0.3533462882041931 -1.6215351819992065 1.8673608303070068
v -0.3669241666793823 -1.6390469074249268 1.875613808631897
v -0.351917028427124 -1.6526274681091309 1.861358642578125
v -0.3479866087436676 -1.681218147277832 1.862484097480774
v -0.3422695994377136 -1.711953043937683 1.8651100397109985
v -0.3211881220340729 -1.7276779413223267 1.8561067581176758
v -0.3068956136703491 -1.7437602281570435 1.838850498199463
v -0.3219027519226074 -1.7598423957824707 1.8444775342941284
v -0.33905377984046936 -1.7434028387069702 1.8579825162887573
v -0.35977792739868164 -1.7298222780227661 1.8639847040176392
v -0.3805020749568939 -1.7198154926300049 1.8692365884780884
v -0.36227911710739136 -1.7015889883041382 1.8681111335754395
v -0.36263641715049744 -1.6733556985855103 1.8684862852096558
v -0.3712119460105896 -1.667637586593628 1.8797403573989868
v -0.3740704357624054 -1.6955134868621826 1.8778647184371948
v -0.3919360935688019 -1.7144547700881958 1.883116602897644
v -0.40980175137519836 -1.738756775856018 1.8654851913452148
v -0.3765716254711151 -1.7423306703567505 1.8549814224243164
v -0.3551328480243683 -1.755196452140808 1.8538559675216675
v -0.33762452006340027 -1.7709213495254517 1.8429770469665527
v -0.36513760685920715 -1.7612719535827637 1.8444775342941284
v -0.35298898816108704 -1.7741377353668213 1.8343489170074463
v -0.3654949367046356 -1.7744951248168945 1.8253456354141235
v -0.34012570977211 -1.7866461277008057 1.8238451480865479
v -0.38550445437431335 -1.7541242837905884 1.8403511047363281
v -0.3233320116996765 -1.7866461277008057 1.8268462419509888
v -0.30653828382492065 -1.7762820720672607 1.8272212743759155
v -0.31761500239372253 -1.7995119094848633 1.8107153177261353
v -0.34477078914642334 -1.7920068502426147 1.8140915632247925
v -0.35406091809272766 -1.7980824708938599 1.8028374910354614
v -0.3754996955394745 -1.7812854051589966 1.820844054222107
v -0.3722838759422302 -1.8009414672851562 1.8080893754959106
v -0.35298898816108704 -1.8230992555618286 1.793083906173706
v -0.3776435852050781 -1.812377691268921 1.7983359098434448
v -0.39372265338897705 -1.8113055229187012 1.8088396787643433
v -0.38443252444267273 -1.7945085763931274 1.8204689025878906
v -0.40444204211235046 -1.7880756855010986 1.835099220275879
v -0.3972957730293274 -1.768419623374939 1.836974859237671
v -0.4255235195159912 -1.7648457288742065 1.8478537797927856
v -0.4205211400985718 -1.7509078979492188 1.8512300252914429
v -0.31761500239372253 -1.8077317476272583 1.795334815979004
v -0.45911094546318054 -1.7383993864059448 1.8516051769256592
v -0.457324355840683 -1.7530521154403687 1.8429770469665527
v -0.4555377960205078 -1.7659178972244263 1.8392256498336792
v -0.41980651021003723 -1.7255336046218872 1.8834917545318604
v -0.40051159262657166 -1.7040907144546509 1.894370675086975
v -0.3822886347770691 -1.6897953748703003 1.8887436389923096
v -0.3776435852050781 -1.6644212007522583 1.8902441263198853
v -0.38014477491378784 -1.6429781913757324 1.889868974685669
v -0.3905068337917328 -1.623679518699646 1.8977469205856323
v -0.37871551513671875 -1.612600564956665 1.8883684873580933
v -0.3930080235004425 -1.595446228981018 1.9018733501434326
v -0.4040847420692444 -1.583295226097107 1.9225058555603027
v -0.4137321710586548 -1.600449562072754 1.9326344728469849
v -0.40158355236053467 -1.6104563474655151 1.912377119064331
v -0.4308831989765167 -1.6179614067077637 1.9375113248825073
v -0.4173053205013275 -1.6265385150909424 1.9198799133300781
v -0.40622860193252563 -1.6347583532333374 1.9075003862380981
v -0.422664999961853 -1.5704294443130493 1.940887451171875
v -0.4351709485054016 -1.5861542224884033 1.9491405487060547
v -0.44517573714256287 -1.5543471574783325 1.9536421298980713
v -0.4355282783508301 -1.5432683229446411 1.9363858699798584
v -0.46732914447784424 -1.5382649898529053 1.9585188627243042
v -0.4544658660888672 -1.5271860361099243 1.9427632093429565
v -0.46840107440948486 -1.5089595317840576 1.9491404294967651
v -0.44410377740859985 -1.5164645910263062 1.9292582273483276
v -0.4855521023273468 -1.5225400924682617 1.9618951082229614
v -0.49877268075942993 -1.5035988092422485 1.9667718410491943
v -0.5073481798171997 -1.4814410209655762 1.9720237255096436
v -0.5309308767318726 -1.4939494132995605 1.9829027652740479
v -0.5502257347106934 -1.5035988092422485 1.9915308952331543
v -0.5680913925170898 -1.511103868484497 1.9877794981002808
v -0.5830985307693481 -1.5171793699264526 1.977650761604309
v -0.593817949295044 -1.5203957557678223 1.966396689414978
v -0.6059665679931641 -1.5236122608184814 1.9611448049545288
v -0.6213310360908508 -1.5289729833602905 1.9600194692611694
v -0.6399112939834595 -1.5357632637023926 1.952141523361206
v -0.6556330919265747 -1.5429109334945679 1.9382615089416504
v -0.663851261138916 -1.551130771636963 1.9176291227340698
v -0.6774291396141052 -1.5264712572097778 1.9168788194656372
v -0.7024410963058472 -1.522897481918335 1.8951208591461182
v -0.7185201644897461 -1.5032414197921753 1.8947457075119019
v -0.7263810634613037 -1.51253342628479 1.872612714767456
v -0.7403162717819214 -1.4875165224075317 1.8744884729385376
v -0.7471051812171936 -1.4868018627166748 1.8523553609848022
v -0.7538941502571106 -1.4567816257476807 1.8534808158874512
v -0.7542514801025391 -1.431764841079712 1.8568570613861084
v -0.7306687831878662 -1.5132482051849365 1.8512300252914429
v -0.7117311954498291 -1.532546877861023 1.848228931427002
v -0.6956521272659302 -1.5493438243865967 1.8418515920639038
v -0.6827888488769531 -1.5614948272705078 1.832848310470581
v -0.6781437993049622 -1.5754327774047852 1.8212190866470337
v -0.6731414198875427 -1.5961610078811646 1.807339072227478
v -0.6559904217720032 -1.6190335750579834 1.7964601516723633
v -0.6331223845481873 -1.6336861848831177 1.7915834188461304
v -0.612755537033081 -1.6451225280761719 1.7844557762145996
v -0.6031080484390259 -1.6637064218521118 1.7702006101608276
v -0.5959618091583252 -1.6869362592697144 1.7529443502426147
v -0.5784534811973572 -1.7083792686462402 1.737188696861267
v -0.5595158934593201 -1.7298222780227661 1.7236838340759277
v -0.5766668915748596 -1.7158843278884888 1.7555702924728394
v -0.5909594297409058 -1.6919397115707397 1.7713260650634766
v -0.5988203287124634 -1.667637586593628 1.7870817184448242
v -0.6152567267417908 -1.6511980295181274 1.8017120361328125
v -0.5945325493812561 -1.6683523654937744 1.8110904693603516
v -0.582383930683136 -1.6922969818115234 1.7968353033065796
v -0.570949912071228 -1.7237467765808105 1.7852060794830322
v -0.5602304935455322 -1.7387568950653076 1.740189790725708
v -0.5391490459442139 -1.7480487823486328 1.7101788520812988
v -0.5155664086341858 -1.761629343032837 1.6985496282577515
v -0.49341297149658203 -1.7734229564666748 1.6895464658737183
v -0.4734034538269043 -1.7841445207595825 1.6820436716079712
v -0.45339393615722656 -1.795223355293274 1.6741658449172974
v -0.4312405288219452 -1.8063021898269653 1.6685388088226318
v -0.4083724915981293 -1.8130924701690674 1.6696642637252808
v -0.4148041307926178 -1.8277451992034912 1.6887961626052856
v -0.4355282783508301 -1.8209549188613892 1.691046953201294
v -0.4558951258659363 -1.8120204210281372 1.6962988376617432
v -0.4744753837585449 -1.8002266883850098 1.703426480293274
v -0.49341297149658203 -1.7877182960510254 1.7094286680221558
v -0.5141371488571167 -1.7730655670166016 1.716556191444397
v -0.5380771160125732 -1.7576981782913208 1.7263097763061523
v -0.5545135140419006 -1.746976613998413 1.7611973285675049
v -0.5402209758758545 -1.7559112310409546 1.781829833984375
v -0.5527269244194031 -1.7426880598068237 1.8017120361328125
v -0.5720218420028687 -1.7126678228378296 1.82159423828125
v -0.5788108110427856 -1.6887232065200806 1.8275964260101318
v -0.5913167595863342 -1.666208028793335 1.8403511047363281
v -0.6152567267417908 -1.6536996364593506 1.8260959386825562
v -0.5334320664405823 -1.765560507774353 1.7473173141479492
v -0.6088250875473022 -1.6483389139175415 1.8549814224243164
v -0.5859570503234863 -1.6644212007522583 1.8651100397109985
v -0.5784534811973572 -1.6872936487197876 1.8527305126190186
v -0.5720218420028687 -1.7048054933547974 1.8426018953323364
v -0.5588012337684631 -1.7298222780227661 1.8283467292785645
v -0.5312881469726562 -1.7505505084991455 1.8163423538208008
v -0.5205687880516052 -1.7609145641326904 1.8028374910354614
v -0.524499237537384 -1.772350788116455 1.7702006101608276
v -0.5034177303314209 -1.7877182960510254 1.7653238773345947
v -0.51092129945755 -1.783429741859436 1.7394394874572754
v -0.48912522196769714 -1.7987971305847168 1.7356880903244019
v -0.4691157042980194 -1.8116629123687744 1.7319368124008179
v -0.4501781165599823 -1.8213123083114624 1.7263097763061523
v -0.4312405288219452 -1.827387809753418 1.7203075885772705
v -0.4137321710586548 -1.832748532295227 1.7161810398101807
v -0.3972957730293274 -1.842397928237915 1.712804913520813
v -0.3958665430545807 -1.8352502584457397 1.686170220375061
v -0.3780008852481842 -1.843827486038208 1.6805431842803955
v -0.35441821813583374 -1.8316764831542969 1.6527830362319946
v -0.3386964499950409 -1.8388240337371826 1.6377776861190796
v -0.3222600519657135 -1.8463290929794312 1.6220219135284424
v -0.30403709411621094 -1.8538341522216797 1.6058911085128784
v -0.28509950637817383 -1.8613392114639282 1.5901353359222412
v -0.2650899887084961 -1.8674147129058838 1.573629379272461
v -0.2447231411933899 -1.8724181652069092 1.5578737258911133
v -0.2239989936351776 -1.877421498298645 1.542117953300476
v -0.20291751623153687 -1.8824248313903809 1.5267374515533447
v -0.18112142384052277 -1.88778555393219 1.5136076211929321
v -0.1600399613380432 -1.8931463956832886 1.5012282133102417
v -0.1411023736000061 -1.8981497287750244 1.488098382949829
v -0.12466596812009811 -1.901366114616394 1.4734680652618408
v -0.11108805984258652 -1.9024382829666138 1.4569621086120605
v -0.11216001957654953 -1.908156394958496 1.4565869569778442
v -0.11108805984258652 -1.9135171175003052 1.4573372602462769
v -0.12573790550231934 -1.908156394958496 1.4734680652618408
v -0.1425316333770752 -1.9063695669174194 1.4884735345840454
v -0.16182652115821838 -1.9031530618667603 1.502353549003601
v -0.14145967364311218 -1.9138745069503784 1.49109947681427
v -0.12466596812009811 -1.9149466753005981 1.474968671798706
v -0.10787224024534225 -1.9181631803512573 1.4588377475738525
v -0.10394182056188583 -1.9210221767425537 1.4610886573791504
v -0.09322243183851242 -1.9170910120010376 1.4408313035964966
v -0.08893465250730515 -1.9170910120010376 1.4427069425582886
v -0.08035915344953537 -1.9128024578094482 1.420949101448059
v -0.06999706476926804 -1.9070842266082764 1.4006917476654053
v -0.06392275542020798 -1.9024382829666138 1.37855863571167
v -0.056776486337184906 -1.8949332237243652 1.357551097869873
v -0.05391799658536911 -1.8917168378829956 1.335042953491211
v -0.05213143676519394 -1.889215111732483 1.335793137550354
v -0.04855828732252121 -1.8834969997406006 1.3140352964401245
v -0.047843657433986664 -1.8806380033493042 1.3147855997085571
v -0.051059477031230927 -1.8863561153411865 1.336918592453003
v -0.047486357390880585 -1.8777788877487183 1.3155357837677002
v -0.04534246772527695 -1.8752771615982056 1.2926524877548218
v -0.04427053779363632 -1.8699164390563965 1.2708946466445923
v -0.04427053779363632 -1.8667000532150269 1.2510124444961548
v -0.043555907905101776 -1.8634835481643677 1.238257884979248
v -0.04462786763906479 -1.8613393306732178 1.2341313362121582
v -0.04534246772527695 -1.8595523834228516 1.2326308488845825
v -0.047129057347774506 -1.857408046722412 1.2326308488845825
v -0.0499875470995903 -1.8563358783721924 1.2375075817108154
v -0.05034484714269638 -1.8566932678222656 1.2521378993988037
v -0.04855828732252121 -1.8556212186813354 1.238257884979248
v -0.04605709761381149 -1.8566932678222656 1.233756184577942
v -0.04677172750234604 -1.8556212186813354 1.2412588596343994
v -0.047843657433986664 -1.8566932678222656 1.2528880834579468
v -0.05213143676519394 -1.860267162322998 1.2723952531814575
v -0.04963024705648422 -1.860267162322998 1.2723952531814575
v -0.045699797570705414 -1.8577654361724854 1.25251305103302
v -0.04498516768217087 -1.8563358783721924 1.2390080690383911
v -0.04391323775053024 -1.8577654361724854 1.2386329174041748
v -0.04462786763906479 -1.8584802150726318 1.233756184577942
v -0.04391323775053024 -1.8599097728729248 1.2348816394805908
v -0.0431986078619957 -1.8620541095733643 1.2390080690383911
v -0.0431986078619957 -1.8652704954147339 1.251387596130371
v -0.04427053779363632 -1.8674148321151733 1.271644949913025
v -0.04534246772527695 -1.8724181652069092 1.2934027910232544
v -0.047843657433986664 -1.8749198913574219 1.3162860870361328
v -0.051059477031230927 -1.8834969997406006 1.3376688957214355
v -0.0553472563624382 -1.8888577222824097 1.359426736831665
v -0.05606185644865036 -1.8920742273330688 1.3586764335632324
v -0.060706935822963715 -1.897434949874878 1.3804343938827515
v -0.06177886575460434 -1.9002939462661743 1.3796840906143188
v -0.06785320490598679 -1.9045826196670532 1.4018170833587646
v -0.07678603380918503 -1.9113729000091553 1.4224495887756348
v -0.08464690297842026 -1.9156614542007446 1.4445825815200806
v -0.0989394411444664 -1.921379566192627 1.4640897512435913
v -0.11716239899396896 -1.9231665134429932 1.4813460111618042
v -0.12180744856595993 -1.9199501276016235 1.4775946140289307
v -0.13824385404586792 -1.9195927381515503 1.4952260255813599
v -0.13359880447387695 -1.9235239028930664 1.5001027584075928
v -0.16075459122657776 -1.9113729000091553 1.5057297945022583
v -0.1575387716293335 -1.9181631803512573 1.5109816789627075
v -0.1818360537290573 -1.9085137844085693 1.5192346572875977
v -0.18290799856185913 -1.8992218971252441 1.514733076095581
v -0.20470409095287323 -1.8952906131744385 1.528988242149353
v -0.22578555345535278 -1.8917168378829956 1.5443687438964844
v -0.24686701595783234 -1.8885003328323364 1.5608748197555542
v -0.22364167869091034 -1.9035104513168335 1.5503709316253662
v -0.20291751623153687 -1.905654788017273 1.533864974975586
v -0.1779056042432785 -1.9156614542007446 1.525987148284912
v -0.17218859493732452 -1.9203073978424072 1.5342401266098022
v -0.1982724517583847 -1.9135171175003052 1.5417428016662598
v -0.2186392843723297 -1.9128023386001587 1.5582488775253296
v -0.24436582624912262 -1.9017235040664673 1.567627191543579
v -0.15253639221191406 -1.9220943450927734 1.517734169960022
v -0.16468504071235657 -1.921379566192627 1.5424931049346924
v -0.1914834976196289 -1.918520450592041 1.5507460832595825
v -0.2107784003019333 -1.917805790901184 1.5680023431777954
v -0.23864881694316864 -1.9113729000091553 1.5762553215026855
v -0.12788179516792297 -1.9245960712432861 1.5057297945022583
v -0.11180268973112106 -1.9238812923431396 1.4850972890853882
v -0.105728380382061 -1.9220943450927734 1.489223837852478
v -0.09393706172704697 -1.919235348701477 1.466715693473816
v -0.081431083381176 -1.912445068359375 1.4460831880569458
v -0.07428484410047531 -1.9088711738586426 1.4239501953125
v -0.0664239451289177 -1.9017235040664673 1.4025673866271973
v -0.060349635779857635 -1.8942184448242188 1.381184697151184
v -0.0553472563624382 -1.8859987258911133 1.3601770401000977
v -0.05141680687665939 -1.880280613899231 1.3384190797805786
v -0.049272917211055756 -1.8724181652069092 1.3166612386703491
v -0.04605709761381149 -1.8699164390563965 1.2937779426574707
v -0.04462786763906479 -1.8652704954147339 1.2720201015472412
v -0.0431986078619957 -1.8631261587142944 1.2521378993988037
v -0.04284127801656723 -1.8609819412231445 1.2412588596343994
v -0.0431986078619957 -1.8591949939727783 1.2390080690383911
v -0.04427053779363632 -1.8591949939727783 1.2521378993988037
v -0.047486357390880585 -1.8613393306732178 1.2723952531814575
v -0.048915617167949677 -1.8656278848648071 1.2945282459259033
v -0.051059477031230927 -1.8699164390563965 1.3170363903045654
v -0.05213143676519394 -1.877421498298645 1.338794231414795
v -0.05641918629407883 -1.8831396102905273 1.360552191734314
v -0.06177886575460434 -1.8881429433822632 1.3823100328445435
v -0.06856783479452133 -1.8888577222824097 1.4040679931640625
v -0.07428484410047531 -1.8902872800827026 1.425825834274292
v -0.08071645349264145 -1.8902872800827026 1.4475836753845215
v -0.08786272257566452 -1.8885003328323364 1.468591332435608
v -0.09715285152196884 -1.884211778640747 1.489223837852478
v -0.1085868701338768 -1.8777788877487183 1.5094811916351318
v -0.12145014852285385 -1.8684868812561035 1.528988242149353
v -0.13538536429405212 -1.858837604522705 1.5477449893951416
v -0.14896324276924133 -1.8495455980300903 1.5661267042160034
v -0.16254115104675293 -1.8413257598876953 1.584133267402649
v -0.17468979954719543 -1.8327486515045166 1.6013894081115723
v -0.18540918827056885 -1.8230992555618286 1.617895483970642
v -0.19541394710540771 -1.8127350807189941 1.634026288986206
v -0.20291751623153687 -1.8009414672851562 1.6505322456359863
v -0.20863452553749084 -1.787003517150879 1.667413353919983
v -0.213279590010643 -1.7873609066009521 1.6977994441986084
v -0.2214977890253067 -1.7730655670166016 1.7188069820404053
v -0.043555907905101776 -1.8609819412231445 1.2521378993988037
v -0.2583010196685791 -1.7212450504302979 1.768700122833252
v -0.2500828206539154 -1.7351830005645752 1.7503184080123901
v -0.24936820566654205 -1.7480487823486328 1.7623227834701538
v -0.23543299734592438 -1.760199785232544 1.7409400939941406
v -0.22864405810832977 -1.7916494607925415 1.727810263633728
v -0.2608022093772888 -1.7351830005645752 1.7814546823501587
v -0.2679484784603119 -1.753409504890442 1.7938342094421387
v -0.2554425299167633 -1.7652031183242798 1.7713260650634766
v -0.24115000665187836 -1.7773542404174805 1.7480676174163818
v -0.26687654852867126 -1.7845019102096558 1.776953101158142
v -0.2783105671405792 -1.773780345916748 1.8024623394012451
v -0.2933177053928375 -1.7594850063323975 1.8219693899154663
v -0.28081175684928894 -1.7394715547561646 1.8114656209945679
v -0.29403233528137207 -1.7909348011016846 1.8069640398025513
v -0.2872433662414551 -1.8027284145355225 1.779954195022583
v -0.25651445984840393 -1.7962955236434937 1.7510687112808228
v -0.24686701595783234 -1.8127350807189941 1.7338124513626099
v -0.22114048898220062 -1.8066595792770386 1.7083032131195068
v -0.213279590010643 -1.820597529411316 1.691046953201294
v -0.20613333582878113 -1.8016562461853027 1.6794177293777466
v -0.19934439659118652 -1.8148794174194336 1.66253662109375
v -0.19255544245243073 -1.8263156414031982 1.645280361175537
v -0.1818360537290573 -1.8359650373458862 1.6287744045257568
v -0.1711166650056839 -1.8441848754882812 1.6107678413391113
v -0.15861070156097412 -1.8516899347305298 1.592386245727539
v -0.1450328230857849 -1.858837604522705 1.573629379272461
v -0.13145491480827332 -1.8666999340057373 1.5541223287582397
v -0.11787702888250351 -1.8752771615982056 1.5342401266098022
v -0.10537105053663254 -1.8831396102905273 1.5136076211929321
v -0.09429436177015305 -1.8895725011825562 1.492224931716919
v -0.08500423282384872 -1.8931463956832886 1.4704669713974
v -0.07821526378393173 -1.8942184448242188 1.448333978652954
v -0.0717836543917656 -1.8935037851333618 1.4262009859085083
v -0.0664239451289177 -1.8913594484329224 1.4040679931640625
v -0.060706935822963715 -1.8910020589828491 1.3819348812103271
v -0.047129057347774506 -1.8674148321151733 1.2945282459259033
v -0.04605709761381149 -1.8631261587142944 1.2723952531814575
v -0.06535201519727707 -1.8949332237243652 1.4040679931640625
v -0.07106902450323105 -1.897434949874878 1.4262009859085083
v -0.07750066369771957 -1.898864507675171 1.4487091302871704
v -0.08464690297842026 -1.898864507675171 1.4712172746658325
v -0.09322243183851242 -1.8963627815246582 1.494100570678711
v -0.10501375049352646 -1.8910020589828491 1.5162335634231567
v -0.11823432892560959 -1.884211778640747 1.5372412204742432
v -0.13109761476516724 -1.8770641088485718 1.5582488775253296
v -0.14467549324035645 -1.8702738285064697 1.5785061120986938
v -0.15861070156097412 -1.8645557165145874 1.5980132818222046
v -0.1711166650056839 -1.858837604522705 1.617895483970642
v -0.18362261354923248 -1.8516899347305298 1.6374025344848633
v -0.19505663216114044 -1.8431127071380615 1.6557841300964355
v -0.20470409095287323 -1.832748532295227 1.673790693283081
v -0.22864405810832977 -1.842397928237915 1.7015507221221924
v -0.23936344683170319 -1.828817367553711 1.717681646347046
v -0.26973503828048706 -1.8266730308532715 1.7345627546310425
v -0.27688130736351013 -1.808803915977478 1.749568223953247
v -0.2965335249900818 -1.812377691268921 1.768700122833252
v -0.29045918583869934 -1.820597529411316 1.7529443502426147
v -0.2858141362667084 -1.8345354795455933 1.7368135452270508
v -0.2640180289745331 -1.8452569246292114 1.719557285308838
v -0.2525840103626251 -1.8602670431137085 1.702301025390625
v -0.21578079462051392 -1.8534767627716064 1.6839194297790527
v -0.2036321461200714 -1.8620539903640747 1.6632869243621826
v -0.18933962285518646 -1.8695590496063232 1.6434047222137451
v -0.1750470995903015 -1.8749197721481323 1.6223970651626587
v -0.16182652115821838 -1.878851056098938 1.6010143756866455
v -0.14824864268302917 -1.8831396102905273 1.5803818702697754
v -0.1343134343624115 -1.8885003328323364 1.5597493648529053
v -0.12109284847974777 -1.8938610553741455 1.5387417078018188
v -0.1071576401591301 -1.8999366760253906 1.5173590183258057
v -0.09500899165868759 -1.9035104513168335 1.4944757223129272
v -0.0853615328669548 -1.9049400091171265 1.4712172746658325
v -0.07821526378393173 -1.9035104513168335 1.448333978652954
v -0.07142632454633713 -1.901366114616394 1.425825834274292
v -0.06535201519727707 -1.8981497287750244 1.4033176898956299
v -0.07249825447797775 -1.9052973985671997 1.4250755310058594
v -0.07928722351789474 -1.908156394958496 1.4472085237503052
v -0.08714809268712997 -1.9103007316589355 1.4704669713974
v -0.09786748141050339 -1.9106581211090088 1.4937254190444946
v -0.11073075979948044 -1.9085137844085693 1.5169838666915894
v -0.12573790550231934 -1.90422523021698 1.538366675376892
v -0.14038774371147156 -1.899936556816101 1.5589990615844727
v -0.15503758192062378 -1.8963627815246582 1.5792564153671265
v -0.1696874052286148 -1.893146276473999 1.5995137691497803
v -0.18433724343776703 -1.8902872800827026 1.621646761894226
v -0.20077364146709442 -1.8859986066818237 1.6430295705795288
v -0.21828198432922363 -1.879565715789795 1.664412260055542
v -0.2365049421787262 -1.870631217956543 1.6839194297790527
v -0.2700923681259155 -1.8702738285064697 1.6970491409301758
v -0.281169056892395 -1.8516899347305298 1.7169313430786133
v -0.2986774146556854 -1.849188208580017 1.7454416751861572
v -0.3068956136703491 -1.83417809009552 1.7679498195648193
v -0.315828412771225 -1.8188105821609497 1.7822049856185913
v -0.3347660005092621 -1.8495455980300903 1.7762027978897095
v -0.31904423236846924 -1.8670573234558105 1.7473173141479492
v -0.29153114557266235 -1.864912986755371 1.719557285308838
v -0.28081175684928894 -1.882782220840454 1.6947983503341675
v -0.2518693804740906 -1.8856412172317505 1.6805431842803955
v -0.2322171926498413 -1.8942184448242188 1.6599106788635254
v -0.21292228996753693 -1.9002939462661743 1.6385279893875122
v -0.195771262049675 -1.9035104513168335 1.6167700290679932
v -0.1793348640203476 -1.9056546688079834 1.59538733959198
v -0.16361308097839355 -1.908156394958496 1.5755051374435425
v -0.1478913128376007 -1.9106581211090088 1.555622935295105
v -0.13181224465370178 -1.9135171175003052 1.5357407331466675
v -0.11573313921689987 -1.9160188436508179 1.5143579244613647
v -0.10144063085317612 -1.9167336225509644 1.4918497800827026
v -0.09000661224126816 -1.9153040647506714 1.4689664840698242
v -0.12145014852285385 -1.9220943450927734 1.5106065273284912
v -0.1386011838912964 -1.9199501276016235 1.530863881111145
v -0.1561095118522644 -1.917805790901184 1.5499958992004395
v -0.17326053977012634 -1.9167336225509644 1.568752646446228
v -0.19041156768798828 -1.9149466753005981 1.5882596969604492
v -0.2079198956489563 -1.9124449491500854 1.6081418991088867
v -0.22578555345535278 -1.9103007316589355 1.6295247077941895
v -0.2447231411933899 -1.9049400091171265 1.6509073972702026
v -0.263660728931427 -1.8970775604248047 1.6726653575897217
v -0.29296037554740906 -1.894575834274292 1.6876707077026367
v -0.30546635389328003 -1.8820674419403076 1.7173064947128296
v -0.33905377984046936 -1.8742049932479858 1.7356882095336914
v -0.3601352274417877 -1.8566932678222656 1.7608222961425781
v -0.3776435852050781 -1.835607647895813 1.7720763683319092
v -0.39122146368026733 -1.8230992555618286 1.7754526138305664
v -0.3919360935688019 -1.8416831493377686 1.7435660362243652
v -0.40479937195777893 -1.8309617042541504 1.7469422817230225
v -0.40622860193252563 -1.8230992555618286 1.7837055921554565
v -0.3737131357192993 -1.857408046722412 1.7349379062652588
v -0.3533462882041931 -1.8738476037979126 1.7169313430786133
v -0.3797874450683594 -1.8552637100219727 1.7060524225234985
v -0.41980651021003723 -1.8281025886535645 1.752569317817688
v -0.4391013979911804 -1.8245288133621216 1.7600719928741455
v -0.4269527494907379 -1.8198827505111694 1.7927088737487793
v -0.4151614308357239 -1.8084465265274048 1.819718599319458
v -0.4308831989765167 -1.7841445207595825 1.8396008014678955
v -0.4516073763370514 -1.7798558473587036 1.8343489170074463
v -0.4405306577682495 -1.8012988567352295 1.8223445415496826
v -0.4501781165599823 -1.8109482526779175 1.796085000038147
v -0.46018287539482117 -1.8152368068695068 1.7641985416412354
v -0.4812643527984619 -1.802013635635376 1.7649487257003784
v -0.49162641167640686 -1.7830723524093628 1.7908331155776978
v -0.5084201097488403 -1.772350788116455 1.7949596643447876
v -0.48483747243881226 -1.7598423957824707 1.8159672021865845
v -0.47554734349250793 -1.772350788116455 1.814841866493225
v -0.46196943521499634 -1.7877182960510254 1.817842960357666
v -0.4719741940498352 -1.796652913093567 1.793083906173706
v -0.4937703013420105 -1.7516225576400757 1.8223445415496826
v -0.5059189200401306 -1.748406171798706 1.832848310470581
v -0.5173529386520386 -1.7419732809066772 1.8478537797927856
v -0.540578305721283 -1.740186333656311 1.8381003141403198
v -0.5634463429450989 -1.7130252122879028 1.8527305126190186
v -0.5680913925170898 -1.689437985420227 1.8714873790740967
v -0.5691633224487305 -1.6665654182434082 1.8819911479949951
v -0.5941752195358276 -1.6444077491760254 1.8763641119003296
v -0.6091824173927307 -1.629040241241455 1.8958711624145508
v -0.6270480155944824 -1.6286828517913818 1.8669856786727905
v -0.635623574256897 -1.6369026899337769 1.8373500108718872
v -0.6370528340339661 -1.638689637184143 1.8110904693603516
v -0.6556330919265747 -1.6193909645080566 1.8193434476852417
v -0.6663524508476257 -1.5975905656814575 1.8350991010665894
v -0.6692109704017639 -1.5793640613555908 1.8489792346954346
v -0.6785011291503906 -1.566855549812317 1.8602333068847656
v -0.6917216777801514 -1.5514881610870361 1.8673608303070068
v -0.6709975600242615 -1.5622096061706543 1.8909944295883179
v -0.6584916114807129 -1.5797213315963745 1.8827414512634277
v -0.6474148631095886 -1.6022365093231201 1.8681111335754395
v -0.6495587825775146 -1.619390845298767 1.8411012887954712
v -0.635623574256897 -1.5997347831726074 1.904124140739441
v -0.6506307125091553 -1.5747179985046387 1.9127522706985474
v -0.6856473684310913 -1.5421961545944214 1.8939955234527588
v -0.7085154056549072 -1.5329042673110962 1.870737075805664
v -0.5691633224487305 -1.6501258611679077 1.8891187906265259
v -0.6413405537605286 -1.5689998865127563 1.93413507938385
v -0.6263334155082703 -1.5614948272705078 1.9480150938034058
v -0.6088250875473022 -1.5539897680282593 1.954392433166504
v -0.5945325493812561 -1.5471994876861572 1.9547675848007202
v -0.5834558606147766 -1.5450552701950073 1.962645411491394
v -0.5716645121574402 -1.544697880744934 1.9746497869491577
v -0.5552281141281128 -1.5407665967941284 1.983652949333191
v -0.5384344458580017 -1.5332615375518799 1.9859038591384888
v -0.5198541283607483 -1.5196809768676758 1.9780259132385254
v -0.50484699010849 -1.5407665967941284 1.9686475992202759
v -0.6259760856628418 -1.595446228981018 1.926632285118103
v -0.611326277256012 -1.5868690013885498 1.9412626028060913
v -0.522355318069458 -1.5593504905700684 1.9735243320465088
v -0.5402209758758545 -1.5693572759628296 1.9742746353149414
v -0.5588012337684631 -1.5693572759628296 1.9667718410491943
v -0.5734511017799377 -1.566855549812317 1.9573935270309448
v -0.5834558606147766 -1.5682851076126099 1.948390245437622
v -0.5666621327400208 -1.579006552696228 1.952141523361206
v -0.5516549944877625 -1.5882985591888428 1.952141523361206
v -0.5270004272460938 -1.5882985591888428 1.9566432237625122
v -0.5034177303314209 -1.5793639421463013 1.956268072128296
v -0.48519477248191833 -1.5554193258285522 1.9615199565887451
v -0.46054017543792725 -1.570072054862976 1.9592691659927368
v -0.475904643535614 -1.5897281169891357 1.9566432237625122
v -0.45196467638015747 -1.603666067123413 1.9510161876678467
v -0.4830509126186371 -1.6050955057144165 1.9491405487060547
v -0.47018763422966003 -1.6179614067077637 1.9431383609771729
v -0.452679306268692 -1.6311845779418945 1.932259440422058
v -0.4380294680595398 -1.639404296875 1.9191296100616455
v -0.5741657018661499 -1.5807934999465942 1.9468896389007568
v -0.46840107440948486 -1.6358305215835571 1.9217555522918701
v -0.4841228425502777 -1.622249960899353 1.9333847761154175
v -0.49698612093925476 -1.6040234565734863 1.9431383609771729
v -0.5137798190116882 -1.6075972318649292 1.9427632093429565
v -0.5334320664405823 -1.6122431755065918 1.9468896389007568
v -0.5741657018661499 -1.594016671180725 1.942012906074524
v -0.595247209072113 -1.5761475563049316 1.9476399421691895
v -0.5902448296546936 -1.6075972318649292 1.9333847761154175
v -0.5523696541786194 -1.619390845298767 1.9416377544403076
v -0.5248565077781677 -1.6472667455673218 1.9405124187469482
v -0.5091347694396973 -1.6369026899337769 1.9393869638442993
v -0.4962714910507202 -1.6279680728912354 1.9326344728469849
v -0.4791204631328583 -1.6447651386260986 1.9202550649642944
v -0.4898398518562317 -1.6583455801010132 1.9243814945220947
v -0.5030604600906372 -1.6704967021942139 1.9266324043273926
v -0.5366478562355042 -1.654414415359497 1.9315091371536255
v -0.516281008720398 -1.6765722036361694 1.9217555522918701
v -0.5437940955162048 -1.6579883098602295 1.9191296100616455
v -0.564160943031311 -1.6283254623413086 1.9318842887878418
v -0.46697181463241577 -1.6569161415100098 1.9090009927749634
v -0.47840583324432373 -1.67442786693573 1.9101263284683228
v -0.49162641167640686 -1.6890805959701538 1.9093761444091797
v -0.5069908499717712 -1.6933691501617432 1.9063750505447388
v -0.45518049597740173 -1.6458371877670288 1.9120020866394043
v -0.42659544944763184 -1.643692970275879 1.908625841140747
v -0.4148041307926178 -1.6533422470092773 1.9071252346038818
v -0.3947945833206177 -1.6469093561172485 1.9026236534118652
v -0.387648344039917 -1.6601325273513794 1.8996225595474243
v -0.39086416363716125 -1.6808607578277588 1.8984971046447754
v -0.4094444215297699 -1.6905101537704468 1.9026236534118652
v -0.4230223298072815 -1.6951560974121094 1.901123046875
v -0.422664999961853 -1.7087366580963135 1.8958711624145508
v -0.45089274644851685 -1.721602439880371 1.8789900541305542
v -0.44517573714256287 -1.6515554189682007 1.904124140739441
v -0.44553303718566895 -1.7019463777542114 1.8939955234527588
v -0.4362429082393646 -1.684791922569275 1.901123046875
v -0.4219503700733185 -1.67442786693573 1.9052495956420898
v -0.4022981524467468 -1.667637586593628 1.9059998989105225
v -0.43445634841918945 -1.6608473062515259 1.9048744440078735
v -0.4491061568260193 -1.672998309135437 1.8988722562789917
v -0.4608975052833557 -1.6926543712615967 1.8928700685501099
v -0.47018763422966003 -1.7126678228378296 1.8778647184371948
v -0.4812643527984619 -1.731966495513916 1.8542311191558838
v -0.4966287910938263 -1.7308944463729858 1.864359736442566
v -0.4859094023704529 -1.7069497108459473 1.8883684873580933
v -0.47125956416130066 -1.6844346523284912 1.897371768951416
v -0.45911094546318054 -1.664063811302185 1.900372862815857
v -0.5055616497993469 -1.7101662158966064 1.8887436389923096
v -0.5087774395942688 -1.7255336046218872 1.8729878664016724
v -0.5255711674690247 -1.706592321395874 1.8872430324554443
v -0.5255711674690247 -1.7276779413223267 1.8684862852096558
v -0.524499237537384 -1.6887232065200806 1.8999977111816406
v -0.5295016169548035 -1.675857424736023 1.9123772382736206
v -0.5505830645561218 -1.6565587520599365 1.9075003862380981
v -0.5445087552070618 -1.6644212007522583 1.900372862815857
v -0.5452233552932739 -1.6769295930862427 1.8917447328567505
v -0.5480818748474121 -1.6965856552124023 1.8819911479949951
v -0.546652615070343 -1.721602439880371 1.862484097480774
v -0.5734511017799377 -1.6429781913757324 1.902248501777649
v -0.570949912071228 -1.6361879110336304 1.9176291227340698
v -0.6023934483528137 -1.6204630136489868 1.9206302165985107
v -0.5023458003997803 -1.4607127904891968 1.8902441263198853
v -0.517710268497467 -1.4675030708312988 1.889868974685669
v -0.511635959148407 -1.4778672456741333 1.884992241859436
v -0.5309308767318726 -1.4717917442321777 1.8834916353225708
v -0.5216407179832458 -1.4839427471160889 1.8804905414581299
v -0.5077055096626282 -1.490733027458191 1.8778645992279053
v -0.4951995611190796 -1.4785820245742798 1.8827414512634277
v -0.4855521023273468 -1.4546372890472412 1.8947457075119019
v -0.5119932889938354 -1.443915843963623 1.898121953010559
v -0.5266430974006653 -1.4514209032058716 1.8966214656829834
v -0.5395063757896423 -1.4553520679473877 1.8883684873580933
v -0.5452233552932739 -1.476080298423767 1.8677359819412231
v -0.5352185964584351 -1.4900182485580444 1.8658603429794312
v -0.516281008720398 -1.4943068027496338 1.8696116209030151
v -0.49019718170166016 -1.5003823041915894 1.870737075805664
v -0.4773339033126831 -1.4932347536087036 1.8763641119003296
v -0.4648279547691345 -1.4871591329574585 1.883866786956787
v -0.47661927342414856 -1.4717917442321777 1.8887436389923096
v -0.46589988470077515 -1.469290018081665 1.8988722562789917
v -0.4734034538269043 -1.5171793699264526 1.8639845848083496
v -0.4826935827732086 -1.5175367593765259 1.8534808158874512
v -0.4648279547691345 -1.537907600402832 1.8549813032150269
v -0.4558951258659363 -1.539337158203125 1.8602333068847656
v -0.45911094546318054 -1.5572062730789185 1.8433520793914795
v -0.4555377960205078 -1.5693572759628296 1.8260959386825562
v -0.46589988470077515 -1.581865668296814 1.8110904693603516
v -0.4730461537837982 -1.5793640613555908 1.8110904693603516
v -0.4798350930213928 -1.575075387954712 1.8095898628234863
v -0.4866240322589874 -1.5807934999465942 1.7878320217132568
v -0.48912522196769714 -1.5936592817306519 1.7713260650634766
v -0.4962714910507202 -1.6033086776733398 1.758196234703064
v -0.5041323900222778 -1.5890133380889893 1.7566957473754883
v -0.5173529386520386 -1.5704294443130493 1.7615724802017212
v -0.5159236788749695 -1.5572062730789185 1.7795790433883667
v -0.5348612666130066 -1.5504159927368164 1.7784535884857178
v -0.5559427738189697 -1.5468422174453735 1.7822049856185913
v -0.575594961643219 -1.5418387651443481 1.7904579639434814
v -0.5895301699638367 -1.5357632637023926 1.7987109422683716
v -0.5988203287124634 -1.5279008150100708 1.8039628267288208
v -0.6048946380615234 -1.5168219804763794 1.8047131299972534
v -0.6091824173927307 -1.501454472541809 1.8020871877670288
v -0.617400586605072 -1.480368971824646 1.7994612455368042
v -0.6199017763137817 -1.4449880123138428 1.8155920505523682
v -0.595247209072113 -1.445345401763916 1.8437272310256958
v -0.6027507781982422 -1.4635719060897827 1.8182179927825928
v -0.5934606194496155 -1.4835853576660156 1.8223445415496826
v -0.5830985307693481 -1.462499737739563 1.848979115486145
v -0.5795254111289978 -1.4239023923873901 1.861358642578125
v -0.5609451532363892 -1.4203286170959473 1.8827414512634277
v -0.5555854439735413 -1.418541669845581 1.8958711624145508
v -0.5498684644699097 -1.4149677753448486 1.9071252346038818
v -0.5366478562355042 -1.4335516691207886 1.902998685836792
v -0.524499237537384 -1.4256893396377563 1.9048744440078735
v -0.4962714910507202 -1.4353386163711548 1.899997591972351
v -0.4730461537837982 -1.4503487348556519 1.9029988050460815
v -0.4587536156177521 -1.4689326286315918 1.9101263284683228
v -0.4516073763370514 -1.4860870838165283 1.9056247472763062
v -0.4487488567829132 -1.4885886907577515 1.916503667831421
v -0.43695753812789917 -1.5018118619918823 1.9101263284683228
v -0.4380294680595398 -1.5075299739837646 1.9195047616958618
v -0.546652615070343 -1.4364107847213745 1.891744613647461
v -0.5598732233047485 -1.4378403425216675 1.8692364692687988
v -0.5516549944877625 -1.4596407413482666 1.8688613176345825
v -0.5759522914886475 -1.4782246351242065 1.851980209350586
v -0.5680913925170898 -1.4910904169082642 1.8504797220230103
v -0.5591585636138916 -1.4996676445007324 1.8448526859283447
v -0.5298588871955872 -1.4982380867004395 1.8546062707901
v -0.5037750601768494 -1.5010970830917358 1.8591078519821167
v -0.49162641167640686 -1.5200384855270386 1.837725043296814
v -0.4734034538269043 -1.5361206531524658 1.847103476524353
v -0.4662571847438812 -1.5547045469284058 1.8411012887954712
v -0.4641133248806 -1.5689998865127563 1.8272212743759155
v -0.47125956416130066 -1.5664981603622437 1.8268461227416992
v -0.4734034538269043 -1.551130771636963 1.836974859237671
v -0.47804853320121765 -1.5629243850708008 1.8253456354141235
v -0.47947776317596436 -1.5475568771362305 1.8317229747772217
v -0.48233628273010254 -1.5357632637023926 1.8347240686416626
v -0.48483747243881226 -1.5557767152786255 1.8223445415496826
v -0.4919837415218353 -1.5436257123947144 1.820468783378601
v -0.4980580508708954 -1.5572062730789185 1.8028374910354614
v -0.487338662147522 -1.5679277181625366 1.806213617324829
v -0.499129980802536 -1.5682851076126099 1.782955288887024
v -0.5016312003135681 -1.5793640613555908 1.766449213027954
v -0.5127078890800476 -1.5450552701950073 1.8005865812301636
v -0.5298588871955872 -1.5354058742523193 1.8009617328643799
v -0.5487964749336243 -1.5286155939102173 1.805463433265686
v -0.564160943031311 -1.5225400924682617 1.8137164115905762
v -0.5752376317977905 -1.516107201576233 1.8212190866470337
v -0.5838131904602051 -1.5093169212341309 1.8257207870483398
v -0.5891728401184082 -1.4985954761505127 1.8253456354141235
v -0.5495111346244812 -1.504313588142395 1.8362245559692383
v -0.5370051860809326 -1.511103868484497 1.826470971107483
v -0.5252138376235962 -1.502884030342102 1.8422267436981201
v -0.5087774395942688 -1.5071725845336914 1.8407261371612549
v -0.5198541283607483 -1.5182515382766724 1.820468783378601
v -0.5037750601768494 -1.5300451517105103 1.819718599319458
v -0.14610475301742554 -1.9231665134429932 1.5244866609573364
v -0.18290799856185913 -1.9195926189422607 1.5601245164871216
v -0.2011309564113617 -1.918520450592041 1.5785062313079834
v -0.23007330298423767 -1.9167336225509644 1.5867592096328735
v -0.21935391426086426 -1.9163762331008911 1.5976381301879883
v -0.2379341870546341 -1.914589285850525 1.6182706356048584
v -0.24901089072227478 -1.9149466753005981 1.606641411781311
v -0.2583010196685791 -1.9092285633087158 1.5957624912261963
v -0.2647326588630676 -1.8988643884658813 1.586008906364441
v -0.26723384857177734 -1.8845691680908203 1.578131079673767
v -0.28760069608688354 -1.8799231052398682 1.596137523651123
v -0.28474217653274536 -1.8952906131744385 1.605515956878662
v -0.27795323729515076 -1.9067268371582031 1.6160197257995605
v -0.2679484784603119 -1.911730170249939 1.627648949623108
v -0.25651445984840393 -1.9113729000091553 1.6396533250808716
v -0.27545204758644104 -1.9049400091171265 1.6621614694595337
v -0.30510902404785156 -1.899936556816101 1.676791787147522
v -0.3219027519226074 -1.889215111732483 1.7064275741577148
v -0.3347660005092621 -1.88778555393219 1.691046953201294
v -0.3154711127281189 -1.896005392074585 1.663662075996399
v -0.286886066198349 -1.9067268371582031 1.6505322456359863
v -0.2965335249900818 -1.9020808935165405 1.6385279893875122
v -0.3222600519657135 -1.8845691680908203 1.6490317583084106
v -0.3415549695491791 -1.877421498298645 1.6722902059555054
v -0.3604925572872162 -1.8670573234558105 1.6929227113723755
v -0.30403709411621094 -1.8906446695327759 1.6261484622955322
v -0.36120718717575073 -1.85276198387146 1.6692891120910645
v -0.34334152936935425 -1.860981822013855 1.6527831554412842
v -0.3261905014514923 -1.8681294918060303 1.6332759857177734
v -0.3076102137565613 -1.874562382698059 1.6141440868377686
v -0.7681866884231567 -1.3463503122329712 1.8373498916625977
v -0.7706878781318665 -1.3199039697647095 1.8411012887954712
v -0.7714024782180786 -1.3256220817565918 1.8523553609848022
v -0.7696159482002258 -1.2963166236877441 1.8512299060821533
v -0.7731890678405762 -1.3031069040298462 1.8617337942123413
v -0.7735463380813599 -1.282021403312683 1.8729878664016724
v -0.7674720287322998 -1.2763031721115112 1.8628591299057007
v 0.6656375527381897 -1.4839427471160889 1.9528918266296387
v 0.6781435012817383 -1.4607127904891968 1.952141523361206
v 0.6463426351547241 -1.4553520679473877 1.9731491804122925
v 0.6963664889335632 -1.4367681741714478 1.9517663717269897
v 0.7199491262435913 -1.443915843963623 1.9191296100616455
v 0.7153040766716003 -1.4124661684036255 1.951391339302063
v 0.6938652992248535 -1.4056758880615234 1.9772756099700928
v 0.6717118620872498 -1.4299778938293457 1.9780259132385254
v 0.6681387424468994 -1.3920953273773193 1.9892799854278564
v 0.6466999650001526 -1.413895606994629 1.991905927658081
v 0.6813593506813049 -1.4910904169082642 1.9337599277496338
v 0.6956518292427063 -1.467860460281372 1.9285080432891846
v 0.7099443674087524 -1.379586935043335 1.9723988771438599
v 0.7263807654380798 -1.3856624364852905 1.9468896389007568
v 0.7381721138954163 -1.4163973331451416 1.9232560396194458
v 0.756037712097168 -1.4142531156539917 1.8924949169158936
v 0.7438890933990479 -1.4364107847213745 1.8861175775527954
v 0.762826681137085 -1.4085348844528198 1.8636094331741333
v 0.758181631565094 -1.384947657585144 1.891744613647461
v 0.7446037530899048 -1.387091875076294 1.9198799133300781
v 0.7542511820793152 -1.3602882623672485 1.8876181840896606
v 0.7417452335357666 -1.3642194271087646 1.9138777256011963
v 0.7278100252151489 -1.3627898693084717 1.9397621154785156
v 0.7142321467399597 -1.3563569784164429 1.962645411491394
v 0.6924360394477844 -1.3488519191741943 1.9746496677398682
v 0.6845751404762268 -1.3695801496505737 1.9847784042358398
v 0.667781412601471 -1.3409894704818726 1.9769004583358765
v 0.6581339836120605 -1.359573483467102 1.9844032526016235
v 0.7167333364486694 -1.3381304740905762 1.9555177688598633
v 0.6985103487968445 -1.3309828042984009 1.969397783279419
v 0.7313831448554993 -1.3452781438827515 1.936010718345642
v 0.7453183531761169 -1.3470649719238281 1.9131274223327637
v 0.7588962316513062 -1.3417043685913086 1.88874351978302
v 0.7635413408279419 -1.3545701503753662 1.8651100397109985
v 0.764255940914154 -1.381016492843628 1.8658602237701416
v 0.7653278708457947 -1.376727819442749 1.848228931427002
v 0.7681863903999329 -1.349924087524414 1.848979115486145
v 0.7671144604682922 -1.3331271409988403 1.8673608303070068
v 0.7731887698173523 -1.3127562999725342 1.8752386569976807
v 0.7660425305366516 -1.3227629661560059 1.8936203718185425
v 0.7549657821655273 -1.3288384675979614 1.9161285161972046
v 0.7424598336219788 -1.3266942501068115 1.9371360540390015
v 0.7278100252151489 -1.319189190864563 1.956268072128296
v 0.7099443674087524 -1.3102545738220215 1.969397783279419
v 0.6917213797569275 -1.300605297088623 1.9772756099700928
v 0.6781435012817383 -1.3224055767059326 1.977650761604309
v 0.6749277114868164 -1.2888115644454956 1.9769004583358765
v 0.6602778434753418 -1.3098971843719482 1.9784010648727417
v 0.7228076457977295 -1.285595178604126 1.9641458988189697
v 0.7056565880775452 -1.2748736143112183 1.9697729349136353
v 0.7378147840499878 -1.295959234237671 1.9517663717269897
v 0.7506780624389648 -1.3038216829299927 1.9363858699798584
v 0.7610401511192322 -1.304179072380066 1.9191296100616455
v 0.7535365223884583 -1.2859525680541992 1.9341349601745605
v 0.7460329532623291 -1.2755883932113647 1.942763090133667
v 0.7703302502632141 -1.2988183498382568 1.9014981985092163
v 0.7610401511192322 -1.280234456062317 1.923631191253662
v 0.7538938522338867 -1.2612930536270142 1.9303836822509766
v 0.7742606997489929 -1.2902411222457886 1.885742425918579
v 0.7735460996627808 -1.282021403312683 1.8729878664016724
v 0.7731887698173523 -1.3031069040298462 1.8617337942123413
v 0.769615650177002 -1.2963166236877441 1.8512299060821533
v 0.7714021801948547 -1.3256220817565918 1.8523553609848022
v 0.7706875801086426 -1.3199039697647095 1.8411012887954712
v 0.7681863903999329 -1.3463503122329712 1.8373498916625977
v 0.7638986110687256 -1.3731540441513062 1.8373498916625977
v 0.764255940914154 -1.403531551361084 1.8429769277572632
v 0.7574669718742371 -1.4285483360290527 1.8343487977981567
v 0.7638986110687256 -1.3988856077194214 1.8298472166061401
v 0.7574669718742371 -1.4249745607376099 1.818593144416809
v 0.7463902831077576 -1.4528504610061646 1.8140915632247925
v 0.7524645924568176 -1.4560668468475342 1.8302223682403564
v 0.7449610233306885 -1.4850149154663086 1.830972671508789
v 0.7345989346504211 -1.4792968034744263 1.8148417472839355
v 0.7285246253013611 -1.5082447528839111 1.8317229747772217
v 0.7213783860206604 -1.5007396936416626 1.8152168989181519
v 0.7070858478546143 -1.5182515382766724 1.8133412599563599
v 0.7110162973403931 -1.5264713764190674 1.8290969133377075
v 0.6967237591743469 -1.5421961545944214 1.822719693183899
v 0.693507969379425 -1.5336189270019531 1.8095898628234863
v 0.6835032105445862 -1.548271656036377 1.8024623394012451
v 0.6856470704078674 -1.5547045469284058 1.8140915632247925
v 0.6824312806129456 -1.5711442232131958 1.8017120361328125
v 0.6792154312133789 -1.564711332321167 1.7889574766159058
v 0.6720691919326782 -1.592944622039795 1.7878320217132568
v 0.6663522124290466 -1.5854395627975464 1.7747023105621338
v 0.6420549154281616 -1.6025938987731934 1.769450306892395
v 0.6499158143997192 -1.6129580736160278 1.779954195022583
v 0.6266904473304749 -1.6247516870498657 1.7773282527923584
v 0.6209734082221985 -1.6161744594573975 1.7638232707977295
v 0.6106113791465759 -1.638689637184143 1.7702006101608276
v 0.605251669883728 -1.6311845779418945 1.758196234703064
v 0.5948895812034607 -1.6494110822677612 1.7495681047439575
v 0.6023931503295898 -1.6569161415100098 1.757446050643921
v 0.5938176512718201 -1.6783591508865356 1.740189790725708
v 0.585599422454834 -1.6683523654937744 1.7338124513626099
v 0.5759519934654236 -1.699087381362915 1.7244340181350708
v 0.5691630244255066 -1.6872936487197876 1.717681646347046
v 0.545937716960907 -1.7037333250045776 1.7083032131195068
v 0.5537986159324646 -1.7180286645889282 1.7139302492141724
v 0.5330744385719299 -1.7337534427642822 1.701175570487976
v 0.5234270095825195 -1.716241717338562 1.6977994441986084
v 0.5105637311935425 -1.7451897859573364 1.6887961626052856
v 0.5005589723587036 -1.724461555480957 1.6857950687408447
v 0.47733360528945923 -1.7308944463729858 1.673790693283081
v 0.4873383641242981 -1.7537668943405151 1.6782922744750977
v 0.4651849567890167 -1.7627015113830566 1.6704144477844238
v 0.4530363380908966 -1.7387568950653076 1.665537714958191
v 0.4437461793422699 -1.7727081775665283 1.661411166191101
v 0.4290963411331177 -1.7476913928985596 1.6580350399017334
v 0.4194489121437073 -1.7830723524093628 1.6572847366333008
v 0.40372714400291443 -1.7573407888412476 1.6557841300964355
v 0.3783579170703888 -1.7659180164337158 1.6599106788635254
v 0.3958662450313568 -1.7905774116516113 1.661411166191101
v 0.3554898798465729 -1.7723509073257446 1.6651625633239746
v 0.3740701377391815 -1.7970103025436401 1.6621614694595337
v 0.3347657322883606 -1.778069019317627 1.6651625633239746
v 0.3565618097782135 -1.8023710250854492 1.6565344333648682
v 0.3169000744819641 -1.7823575735092163 1.6546587944030762
v 0.7674717307090759 -1.2763031721115112 1.8628591299057007
v 0.3876480460166931 -1.818453311920166 1.6700392961502075
v 0.3018929362297058 -1.7891478538513184 1.6407787799835205
v 0.32440364360809326 -1.8138072490692139 1.634026288986206
v 0.3404827415943146 -1.8070169687271118 1.6460306644439697
v 0.36978238821029663 -1.8248862028121948 1.664412260055542
v 0.28760039806365967 -1.7995119094848633 1.6261484622955322
v 0.30832457542419434 -1.8223844766616821 1.6205214262008667
v 0.3386961817741394 -1.8388240337371826 1.6377776861190796
v 0.35441794991493225 -1.8316764831542969 1.6527830362319946
v 0.3780005872249603 -1.843827486038208 1.6805431842803955
v 0.36120688915252686 -1.85276198387146 1.6692891120910645
v 0.34334123134613037 -1.860981822013855 1.6527831554412842
v 0.322259783744812 -1.8463290929794312 1.6220219135284424
v 0.32619020342826843 -1.8681294918060303 1.6332759857177734
v 0.3415546715259552 -1.877421498298645 1.6722902059555054
v 0.3604922592639923 -1.8670573234558105 1.6929227113723755
v 0.3797871470451355 -1.8552637100219727 1.7060524225234985
v 0.3972955048084259 -1.842397928237915 1.712804913520813
v 0.3958662450313568 -1.8352502584457397 1.686170220375061
v 0.4148038327693939 -1.8277451992034912 1.6887961626052856
v 0.4083721935749054 -1.8130924701690674 1.6696642637252808
v 0.4312402307987213 -1.8063021898269653 1.6685388088226318
v 0.4533936381340027 -1.795223355293274 1.6741658449172974
v 0.4734031558036804 -1.7841445207595825 1.6820436716079712
v 0.49341270327568054 -1.7734229564666748 1.6895464658737183
v 0.5155661106109619 -1.761629343032837 1.6985496282577515
v 0.53914874792099 -1.7480487823486328 1.7101788520812988
v 0.5595155954360962 -1.7298222780227661 1.7236838340759277
v 0.5784531831741333 -1.7083792686462402 1.737188696861267
v 0.5959615111351013 -1.6869362592697144 1.7529443502426147
v 0.6031078100204468 -1.6637064218521118 1.7702006101608276
v 0.6127552390098572 -1.6451225280761719 1.7844557762145996
v 0.5988200306892395 -1.667637586593628 1.7870817184448242
v 0.5909591317176819 -1.6919397115707397 1.7713260650634766
v 0.5766665935516357 -1.7158843278884888 1.7555702924728394
v 0.5602301955223083 -1.7387568950653076 1.740189790725708
v 0.5380768179893494 -1.7576981782913208 1.7263097763061523
v 0.5141368508338928 -1.7730655670166016 1.716556191444397
v 0.49341270327568054 -1.7877182960510254 1.7094286680221558
v 0.47447511553764343 -1.8002266883850098 1.703426480293274
v 0.4558948278427124 -1.8120204210281372 1.6962988376617432
v 0.4355279803276062 -1.8209549188613892 1.691046953201294
v 0.4312402307987213 -1.827387809753418 1.7203075885772705
v 0.5709496140480042 -1.7237467765808105 1.7852060794830322
v 0.5545132160186768 -1.746976613998413 1.7611973285675049
v 0.4137319028377533 -1.832748532295227 1.7161810398101807
v 0.391935795545578 -1.8416831493377686 1.7435660362243652
v 0.40479907393455505 -1.8309617042541504 1.7469422817230225
v 0.41980621218681335 -1.8281025886535645 1.752569317817688
v 0.4501778185367584 -1.8213123083114624 1.7263097763061523
v 0.46911540627479553 -1.8116629123687744 1.7319368124008179
v 0.48912495374679565 -1.7987971305847168 1.7356880903244019
v 0.510921061038971 -1.783429741859436 1.7394394874572754
v 0.5334317684173584 -1.765560507774353 1.7473173141479492
v 0.5402206778526306 -1.7559112310409546 1.781829833984375
v 0.5527266263961792 -1.7426880598068237 1.8017120361328125
v 0.5720215439796448 -1.7126678228378296 1.82159423828125
v 0.5823836326599121 -1.6922969818115234 1.7968353033065796
v 0.5945322513580322 -1.6683523654937744 1.8110904693603516
v 0.6152564287185669 -1.6511980295181274 1.8017120361328125
v 0.6331220865249634 -1.6336861848831177 1.7915834188461304
v 0.6559901237487793 -1.6190335750579834 1.7964601516723633
v 0.6731411218643188 -1.5961610078811646 1.807339072227478
v 0.6781435012817383 -1.5754327774047852 1.8212190866470337
v 0.6827885508537292 -1.5614948272705078 1.832848310470581
v 0.6956518292427063 -1.5493438243865967 1.8418515920639038
v 0.71173095703125 -1.532546877861023 1.848228931427002
v 0.7306685447692871 -1.5132482051849365 1.8512300252914429
v 0.7471049427986145 -1.4868018627166748 1.8523553609848022
v 0.7538938522338867 -1.4567816257476807 1.8534808158874512
v 0.7542511820793152 -1.431764841079712 1.8568570613861084
v 0.7442464232444763 -1.4592833518981934 1.8801155090332031
v 0.7249515056610107 -1.4667882919311523 1.9014981985092163
v 0.7074431777000427 -1.4828705787658691 1.911626935005188
v 0.7295965552330017 -1.4868018627166748 1.891744613647461
v 0.7403159737586975 -1.4875165224075317 1.8744884729385376
v 0.7263807654380798 -1.51253342628479 1.872612714767456
v 0.7185198664665222 -1.5032414197921753 1.8947457075119019
v 0.7085151076316833 -1.5329042673110962 1.870737075805664
v 0.6917213797569275 -1.5514881610870361 1.8673608303070068
v 0.6785008311271667 -1.566855549812317 1.8602333068847656
v 0.66921067237854 -1.5793640613555908 1.8489792346954346
v 0.6709972620010376 -1.5622096061706543 1.8909944295883179
v 0.6856470704078674 -1.5421961545944214 1.8939955234527588
v 0.7024407982826233 -1.522897481918335 1.8951208591461182
v 0.692078709602356 -1.5039561986923218 1.9146279096603394
v 0.6684960722923279 -1.5157498121261597 1.9367610216140747
v 0.6774289011955261 -1.5264712572097778 1.9168788194656372
v 0.6638510227203369 -1.551130771636963 1.9176291227340698
v 0.658491313457489 -1.5797213315963745 1.8827414512634277
v 0.6474146246910095 -1.6022365093231201 1.8681111335754395
v 0.6506304144859314 -1.5747179985046387 1.9127522706985474
v 0.6663522124290466 -1.5975905656814575 1.8350991010665894
v 0.6556327939033508 -1.6193909645080566 1.8193434476852417
v 0.6370525360107422 -1.638689637184143 1.8110904693603516
v 0.6495584845542908 -1.619390845298767 1.8411012887954712
v 0.6356232762336731 -1.6369026899337769 1.8373500108718872
v 0.6152564287185669 -1.6536996364593506 1.8260959386825562
v 0.6270477771759033 -1.6286828517913818 1.8669856786727905
v 0.5913164615631104 -1.666208028793335 1.8403511047363281
v 0.6088247895240784 -1.6483389139175415 1.8549814224243164
v 0.5788105130195618 -1.6887232065200806 1.8275964260101318
v 0.5859567523002625 -1.6644212007522583 1.8651100397109985
v 0.39122116565704346 -1.8230992555618286 1.7754526138305664
v 0.40622833371162415 -1.8230992555618286 1.7837055921554565
v 0.5784531831741333 -1.6872936487197876 1.8527305126190186
v 0.5720215439796448 -1.7048054933547974 1.8426018953323364
v 0.558800995349884 -1.7298222780227661 1.8283467292785645
v 0.5312878489494324 -1.7505505084991455 1.8163423538208008
v 0.5205684900283813 -1.7609145641326904 1.8028374910354614
v 0.5244989395141602 -1.772350788116455 1.7702006101608276
v 0.503417432308197 -1.7877182960510254 1.7653238773345947
v 0.48126405477523804 -1.802013635635376 1.7649487257003784
v 0.4601825773715973 -1.8152368068695068 1.7641985416412354
v 0.43910112977027893 -1.8245288133621216 1.7600719928741455
v 0.4269524812698364 -1.8198827505111694 1.7927088737487793
v 0.4501778185367584 -1.8109482526779175 1.796085000038147
v 0.4719739258289337 -1.796652913093567 1.793083906173706
v 0.49162614345550537 -1.7830723524093628 1.7908331155776978
v 0.5084198713302612 -1.772350788116455 1.7949596643447876
v 0.4848371744155884 -1.7598423957824707 1.8159672021865845
v 0.47554704546928406 -1.772350788116455 1.814841866493225
v 0.46196913719177246 -1.7877182960510254 1.817842960357666
v 0.44053035974502563 -1.8012988567352295 1.8223445415496826
v 0.4151611328125 -1.8084465265274048 1.819718599319458
v 0.3937223553657532 -1.8113055229187012 1.8088396787643433
v 0.37764328718185425 -1.812377691268921 1.7983359098434448
v 0.4516070783138275 -1.7798558473587036 1.8343489170074463
v 0.43088293075561523 -1.7841445207595825 1.8396008014678955
v 0.4044417440891266 -1.7880756855010986 1.835099220275879
v 0.38443222641944885 -1.7945085763931274 1.8204689025878906
v 0.37228357791900635 -1.8009414672851562 1.8080893754959106
v 0.42552322149276733 -1.7648457288742065 1.8478537797927856
v 0.4555375277996063 -1.7659178972244263 1.8392256498336792
v 0.4573240876197815 -1.7530521154403687 1.8429770469665527
v 0.45911064743995667 -1.7383993864059448 1.8516051769256592
v 0.4937700033187866 -1.7516225576400757 1.8223445415496826
v 0.5059186220169067 -1.748406171798706 1.832848310470581
v 0.5173526406288147 -1.7419732809066772 1.8478537797927856
v 0.5405780076980591 -1.740186333656311 1.8381003141403198
v 0.563446044921875 -1.7130252122879028 1.8527305126190186
v 0.568091094493866 -1.689437985420227 1.8714873790740967
v 0.5691630244255066 -1.6665654182434082 1.8819911479949951
v 0.5941749811172485 -1.6444077491760254 1.8763641119003296
v 0.6091821193695068 -1.629040241241455 1.8958711624145508
v 0.6356232762336731 -1.5997347831726074 1.904124140739441
v 0.6413402557373047 -1.5689998865127563 1.93413507938385
v 0.6556327939033508 -1.5429109334945679 1.9382615089416504
v 0.6538462042808533 -1.5093169212341309 1.9536421298980713
v 0.6416975855827332 -1.4803688526153564 1.9637707471847534
v 0.6191868782043457 -1.4817984104156494 1.965646505355835
v 0.6338366866111755 -1.5039561986923218 1.9622702598571777
v 0.621330738067627 -1.5289729833602905 1.9600194692611694
v 0.6399109959602356 -1.5357632637023926 1.952141523361206
v 0.6263331174850464 -1.5614948272705078 1.9480150938034058
v 0.6088247895240784 -1.5539897680282593 1.954392433166504
v 0.5945322513580322 -1.5471994876861572 1.9547675848007202
v 0.6059662699699402 -1.5236122608184814 1.9611448049545288
v 0.6152564287185669 -1.5007396936416626 1.964521050453186
v 0.6066809296607971 -1.4850149154663086 1.9682724475860596
v 0.615971028804779 -1.4667882919311523 1.973899483680725
v 0.6034650802612305 -1.450706124305725 1.9859038591384888
v 0.6245465874671936 -1.434266448020935 1.9896551370620728
v 0.6048943400382996 -1.4160399436950684 1.9907805919647217
v 0.6249038577079773 -1.3974560499191284 1.9904054403305054
v 0.6438414454460144 -1.3785147666931152 1.988154649734497
v 0.6370525360107422 -1.3442059755325317 1.9926562309265137
v 0.6484865546226501 -1.3270516395568848 1.9847784042358398
v 0.6438414454460144 -1.294529676437378 1.9723988771438599
v 0.4205208420753479 -1.7509078979492188 1.8512300252914429
v 0.6027504801750183 -1.4982380867004395 1.9686475992202759
v 0.6291916370391846 -1.308110237121582 1.982527494430542
v 0.6141844987869263 -1.3238351345062256 1.9922810792922974
v 0.6102540493011475 -1.2941722869873047 1.9690226316452026
v 0.628119707107544 -1.2809491157531738 1.9611448049545288
v 0.6459853649139404 -1.2662965059280396 1.9566432237625122
v 0.6595632433891296 -1.2770179510116577 1.96827232837677
v 0.673855721950531 -1.2566471099853516 1.964521050453186
v 0.6895775198936462 -1.2652243375778198 1.9705232381820679
v 0.7010115385055542 -1.2419943809509277 1.9588940143585205
v 0.7174479365348816 -1.2509289979934692 1.958143711090088
v 0.7335270047187805 -1.2627226114273071 1.9528918266296387
v 0.7424598336219788 -1.2448534965515137 1.9382615089416504
v 0.727095365524292 -1.2316303253173828 1.9442636966705322
v 0.733884334564209 -1.2173349857330322 1.929633378982544
v 0.7106589674949646 -1.222338318824768 1.9453890323638916
v 0.7596108913421631 -1.2509289979934692 1.9157533645629883
v 0.7488914728164673 -1.231987714767456 1.923631191253662
v 0.7674717307090759 -1.2734441757202148 1.9086257219314575
v 0.7706875801086426 -1.2662965059280396 1.8947457075119019
v 0.769615650177002 -1.2605783939361572 1.8827413320541382
v 0.7646132707595825 -1.2559324502944946 1.872612714767456
v 0.7588962316513062 -1.234846830368042 1.8808656930923462
v 0.7624693512916565 -1.2384206056594849 1.8906192779541016
v 0.7624693512916565 -1.2434239387512207 1.9022483825683594
v 0.7517499923706055 -1.2234104871749878 1.9097511768341064
v 0.751392662525177 -1.2180497646331787 1.8984971046447754
v 0.7481768727302551 -1.2151907682418823 1.8891186714172363
v 0.733884334564209 -1.1994658708572388 1.8969964981079102
v 0.7371001243591309 -1.201252818107605 1.9063749313354492
v 0.7185198664665222 -1.1941051483154297 1.9127522706985474
v 0.7371001243591309 -1.2076857089996338 1.917253851890564
v 0.7178052663803101 -1.2084003686904907 1.9322593212127686
v 0.7153040766716003 -1.19303297996521 1.9037489891052246
v 0.6985103487968445 -1.1962493658065796 1.9191296100616455
v 0.7195917963981628 -1.1991084814071655 1.9217555522918701
v 0.7024407982826233 -1.199823260307312 1.926632285118103
v 0.7056565880775452 -1.2055413722991943 1.9330096244812012
v 0.6967237591743469 -1.2159054279327393 1.9431382417678833
v 0.6867190003395081 -1.2112594842910767 1.9367609024047852
v 0.6795727610588074 -1.2076857089996338 1.9281327724456787
v 0.6952945590019226 -1.1962493658065796 1.9097511768341064
v 0.6942225694656372 -1.2005380392074585 1.898121953010559
v 0.7128028869628906 -1.196964144706726 1.8939954042434692
v 0.733884334564209 -1.1994658708572388 1.8969964981079102
v 0.7288819551467896 -1.201252818107605 1.88874351978302
v 0.7417452335357666 -1.2144759893417358 1.8812408447265625
v 0.7481768727302551 -1.2151907682418823 1.8891186714172363
v 0.7588962316513062 -1.234846830368042 1.8808656930923462
v 0.7510353326797485 -1.2330598831176758 1.872612714767456
v 0.7567523717880249 -1.2527159452438354 1.8636094331741333
v 0.7646132707595825 -1.2559324502944946 1.872612714767456
v 0.7674717307090759 -1.2763031721115112 1.8628591299057007
v 0.7599681615829468 -1.2716572284698486 1.8542309999465942
v 0.769615650177002 -1.2963166236877441 1.8512299060821533
v 0.7635413408279419 -1.2913132905960083 1.8426017761230469
v 0.7671144604682922 -1.3156154155731201 1.8320980072021484
v 0.7706875801086426 -1.3199039697647095 1.8411012887954712
v 0.7681863903999329 -1.3463503122329712 1.8373498916625977
v 0.7653278708457947 -1.343133807182312 1.8287217617034912
v 0.7638986110687256 -1.3731540441513062 1.8373498916625977
v 0.7599681615829468 -1.369937539100647 1.8298472166061401
v 0.7599681615829468 -1.3938822746276855 1.8212190866470337
v 0.7638986110687256 -1.3988856077194214 1.8298472166061401
v 0.7574669718742371 -1.4249745607376099 1.818593144416809
v 0.7546085119247437 -1.4203286170959473 1.8077142238616943
v 0.7463902831077576 -1.4528504610061646 1.8140915632247925
v 0.7403159737586975 -1.4489191770553589 1.8017120361328125
v 0.7256661057472229 -1.473578691482544 1.8017120361328125
v 0.7345989346504211 -1.4792968034744263 1.8148417472839355
v 0.7213783860206604 -1.5007396936416626 1.8152168989181519
v 0.7124455571174622 -1.4935921430587769 1.8013368844985962
v 0.7070858478546143 -1.5182515382766724 1.8133412599563599
v 0.698867678642273 -1.5100317001342773 1.8009617328643799
v 0.6860044002532959 -1.5250418186187744 1.8002115488052368
v 0.693507969379425 -1.5336189270019531 1.8095898628234863
v 0.6835032105445862 -1.548271656036377 1.8024623394012451
v 0.6767142415046692 -1.5411239862442017 1.7945845127105713
v 0.6702826023101807 -1.5575636625289917 1.7825801372528076
v 0.6792154312133789 -1.564711332321167 1.7889574766159058
v 0.6663522124290466 -1.5854395627975464 1.7747023105621338
v 0.6570620536804199 -1.5757901668548584 1.768700122833252
v 0.6420549154281616 -1.6025938987731934 1.769450306892395
v 0.6349086165428162 -1.5911576747894287 1.7623227834701538
v 0.6127552390098572 -1.6047382354736328 1.7548201084136963
v 0.6209734082221985 -1.6161744594573975 1.7638232707977295
v 0.605251669883728 -1.6311845779418945 1.758196234703064
v 0.5945322513580322 -1.6211777925491333 1.7495681047439575
v 0.5820263028144836 -1.6401190757751465 1.7446913719177246
v 0.5948895812034607 -1.6494110822677612 1.7495681047439575
v 0.585599422454834 -1.6683523654937744 1.7338124513626099
v 0.5720215439796448 -1.6590604782104492 1.7334372997283936
v 0.5691630244255066 -1.6872936487197876 1.717681646347046
v 0.5573717355728149 -1.6755000352859497 1.7191821336746216
v 0.545937716960907 -1.7037333250045776 1.7083032131195068
v 0.5537986159324646 -1.6483389139175415 1.7338124513626099
v 0.5645179748535156 -1.629040241241455 1.7420654296875
v 0.5798824429512024 -1.608669400215149 1.7446913719177246
v 0.6031078100204468 -1.5911576747894287 1.7499432563781738
v 0.6270477771759033 -1.5786492824554443 1.7596968412399292
v 0.6463426351547241 -1.5654261112213135 1.7690751552581787
v 0.658491313457489 -1.54970121383667 1.779954195022583
v 0.6659948825836182 -1.5332616567611694 1.7900828123092651
v 0.6756423115730286 -1.5164645910263062 1.7934590578079224
v 0.687433660030365 -1.5007398128509521 1.793083906173706
v 0.700296938419342 -1.4846575260162354 1.7938342094421387
v 0.7153040766716003 -1.4664310216903687 1.7938342094421387
v 0.7320977449417114 -1.4428436756134033 1.794209361076355
v 0.7471049427986145 -1.4149678945541382 1.8009617328643799
v 0.7528219223022461 -1.3899509906768799 1.8159672021865845
v 0.7538938522338867 -1.366363763809204 1.824595332145691
v 0.758181631565094 -1.3399174213409424 1.8223445415496826
v 0.7588962316513062 -1.3120415210723877 1.825345516204834
v 0.7546085119247437 -1.288454294204712 1.835849404335022
v 0.7496061325073242 -1.2691556215286255 1.847103476524353
v 0.7456756830215454 -1.250571608543396 1.8561067581176758
v 0.739958643913269 -1.231987714767456 1.8654850721359253
v 0.7320977449417114 -1.2155481576919556 1.875613808631897
v 0.7249515056610107 -1.2055413722991943 1.8827413320541382
v 0.7131601572036743 -1.205183982849121 1.883866786956787
v 0.7185198664665222 -1.216977596282959 1.872612714767456
v 0.7253088355064392 -1.2330598831176758 1.861358642578125
v 0.7310258150100708 -1.2502142190933228 1.8512299060821533
v 0.7367428541183472 -1.2680834531784058 1.8418515920639038
v 0.7424598336219788 -1.2873821258544922 1.8324731588363647
v 0.7195917963981628 -1.2698702812194824 1.8407261371612549
v 0.7128028869628906 -1.2527159452438354 1.8493542671203613
v 0.7471049427986145 -1.3102545738220215 1.8227195739746094
v 0.7481768727302551 -1.3370583057403564 1.818593144416809
v 0.7328124046325684 -1.309539794921875 1.8223445415496826
v 0.727095365524292 -1.288454294204712 1.8320980072021484
v 0.700296938419342 -1.2755885124206543 1.8422267436981201
v 0.616685688495636 -1.2716572284698486 1.9472647905349731
v 0.6756423115730286 -1.2076857089996338 1.9165035486221313
v 0.7456756830215454 -1.363147258758545 1.8200936317443848
v 0.7360281944274902 -1.3345566987991333 1.8155920505523682
v 0.7203064560890198 -1.332769751548767 1.8170925378799438
v 0.7160186767578125 -1.3106119632720947 1.8238450288772583
v 0.7085151076316833 -1.2920280694961548 1.832848310470581
v 0.7431744933128357 -1.3867346048355103 1.814091444015503
v 0.7367428541183472 -1.4096070528030396 1.8002114295959473
v 0.7210210561752319 -1.4349812269210815 1.7927087545394897
v 0.7020834684371948 -1.4564242362976074 1.7915832996368408
v 0.6849324703216553 -1.4732213020324707 1.7915832996368408
v 0.6706399321556091 -1.4889460802078247 1.7919584512710571
v 0.6599205732345581 -1.5061005353927612 1.791208267211914
v 0.6509877443313599 -1.5239696502685547 1.7889573574066162
v 0.6431268453598022 -1.5404092073440552 1.7825801372528076
v 0.6331220865249634 -1.5543471574783325 1.7743271589279175
v 0.6174002885818481 -1.5657835006713867 1.7653238773345947
v 0.6041797399520874 -1.551130771636963 1.778828740119934
v 0.5938176512718201 -1.5761475563049316 1.75444495677948
v 0.6241892576217651 -1.5300451517105103 1.7908331155776978
v 0.615971028804779 -1.5418387651443481 1.7859563827514648
v 0.6313354969024658 -1.513962984085083 1.793083906173706
v 0.6391963958740234 -1.49394953250885 1.7927087545394897
v 0.6513450145721436 -1.4753655195236206 1.7923336029052734
v 0.6684960722923279 -1.4592833518981934 1.7923336029052734
v 0.6331220865249634 -1.460355520248413 1.799086093902588
v 0.6174002885818481 -1.480368971824646 1.7994612455368042
v 0.6091821193695068 -1.501454472541809 1.8020871877670288
v 0.6048943400382996 -1.5168219804763794 1.8047131299972534
v 0.5988200306892395 -1.5279008150100708 1.8039628267288208
v 0.5895298719406128 -1.5357632637023926 1.7987109422683716
v 0.585599422454834 -1.5586358308792114 1.768700122833252
v 0.5602301955223083 -1.5643539428710938 1.7604470252990723
v 0.5620167851448059 -1.5911576747894287 1.7446913719177246
v 0.545937716960907 -1.6179614067077637 1.7379388809204102
v 0.5341463685035706 -1.6376174688339233 1.7341876029968262
v 0.5409353375434875 -1.6629916429519653 1.7233086824417114
v 0.5362902283668518 -1.6887232065200806 1.7075529098510742
v 0.5141368508338928 -1.6969430446624756 1.6959236860275269
v 0.5234270095825195 -1.716241717338562 1.6977994441986084
v 0.5005589723587036 -1.724461555480957 1.6857950687408447
v 0.4898395538330078 -1.7023037672042847 1.6854199171066284
v 0.47733360528945923 -1.7308944463729858 1.673790693283081
v 0.4644703269004822 -1.7076644897460938 1.6752911806106567
v 0.4383864998817444 -1.7155269384384155 1.6689139604568481
v 0.4530363380908966 -1.7387568950653076 1.665537714958191
v 0.4290963411331177 -1.7476913928985596 1.6580350399017334
v 0.41301727294921875 -1.724461555480957 1.6662880182266235
v 0.38729074597358704 -1.733396053314209 1.6670382022857666
v 0.40372714400291443 -1.7573407888412476 1.6557841300964355
v 0.36156418919563293 -1.7423306703567505 1.673790693283081
v 0.3783579170703888 -1.7659180164337158 1.6599106788635254
v 0.3554898798465729 -1.7723509073257446 1.6651625633239746
v 0.3361949622631073 -1.7491209506988525 1.6842944622039795
v 0.3347657322883606 -1.778069019317627 1.6651625633239746
v 0.303679496049881 -1.7501931190490723 1.6906718015670776
v 0.3169000744819641 -1.7823575735092163 1.6546587944030762
v 0.326904833316803 -1.733396053314209 1.711679458618164
v 0.3526313602924347 -1.7262483835220337 1.6981744766235352
v 0.3754993975162506 -1.714812159538269 1.6876707077026367
v 0.3726409077644348 -1.7040907144546509 1.7139302492141724
v 0.39943936467170715 -1.7051628828048706 1.6839193105697632
v 0.3540606200695038 -1.7151695489883423 1.7233086824417114
v 0.3254755735397339 -1.716241717338562 1.739064335823059
v 0.2983197867870331 -1.7291074991226196 1.7191821336746216
v 0.27402251958847046 -1.7241041660308838 1.7270599603652954
v 0.2765237092971802 -1.7076644897460938 1.745066523551941
v 0.2968905568122864 -1.7101662158966064 1.7398146390914917
v 0.27973952889442444 -1.69086754322052 1.7626979351043701
v 0.29581859707832336 -1.6926543712615967 1.7559454441070557
v 0.28760039806365967 -1.6747852563858032 1.7814546823501587
v 0.3008209764957428 -1.6762148141860962 1.7717012166976929
v 0.31332695484161377 -1.6837198734283447 1.7679498195648193
v 0.3158281445503235 -1.6969430446624756 1.7559454441070557
v 0.33405110239982605 -1.6969430446624756 1.7649487257003784
v 0.3469143807888031 -1.70945143699646 1.7518190145492554
v 0.3637080788612366 -1.7083792686462402 1.7416902780532837
v 0.3565618097782135 -1.7033759355545044 1.7589465379714966
v 0.3672811985015869 -1.7008742094039917 1.756320595741272
v 0.37764328718185425 -1.7001594305038452 1.7360632419586182
v 0.39229312539100647 -1.6940839290618896 1.7090535163879395
v 0.42409396171569824 -1.6965856552124023 1.6831691265106201
v 0.45089244842529297 -1.6890805959701538 1.6857950687408447
v 0.4776909351348877 -1.684077262878418 1.6932977437973022
v 0.5019882321357727 -1.6794313192367554 1.702301025390625
v 0.5234270095825195 -1.6729984283447266 1.7120546102523804
v 0.5077052116394043 -1.6604899168014526 1.7214329242706299
v 0.5223550200462341 -1.6508406400680542 1.7281854152679443
v 0.5155661106109619 -1.6301124095916748 1.7379388809204102
v 0.5059186220169067 -1.6440503597259521 1.7379388809204102
v 0.5252135396003723 -1.6111711263656616 1.7386891841888428
v 0.49984434247016907 -1.625109076499939 1.7495681047439575
v 0.5334317684173584 -1.5879411697387695 1.7435659170150757
v 0.5362902283668518 -1.5664982795715332 1.758196234703064
v 0.5559424757957458 -1.5468422174453735 1.7822049856185913
v 0.5755946636199951 -1.5418387651443481 1.7904579639434814
v 0.5641606450080872 -1.5225400924682617 1.8137164115905762
v 0.5752373933792114 -1.516107201576233 1.8212190866470337
v 0.5838128924369812 -1.5093169212341309 1.8257207870483398
v 0.5891726016998291 -1.4985954761505127 1.8253456354141235
v 0.5934603214263916 -1.4835853576660156 1.8223445415496826
v 0.6027504801750183 -1.4635719060897827 1.8182179927825928
v 0.5830982327461243 -1.462499737739563 1.848979115486145
v 0.5952469110488892 -1.445345401763916 1.8437272310256958
v 0.6199014782905579 -1.4449880123138428 1.8155920505523682
v 0.5759519934654236 -1.4782246351242065 1.851980209350586
v 0.568091094493866 -1.4910904169082642 1.8504797220230103
v 0.5591582655906677 -1.4996676445007324 1.8448526859283447
v 0.5495108366012573 -1.504313588142395 1.8362245559692383
v 0.5487962365150452 -1.5286155939102173 1.805463433265686
v 0.5370048880577087 -1.511103868484497 1.826470971107483
v 0.5298586487770081 -1.5354058742523193 1.8009617328643799
v 0.5348610281944275 -1.5504159927368164 1.7784535884857178
v 0.5159234404563904 -1.5572062730789185 1.7795790433883667
v 0.5173526406288147 -1.5704294443130493 1.7615724802017212
v 0.514851450920105 -1.5868691205978394 1.7495681047439575
v 0.5080625414848328 -1.6075972318649292 1.7465670108795166
v 0.4884103238582611 -1.6186761856079102 1.7626979351043701
v 0.4909115135669708 -1.638689637184143 1.7521940469741821
v 0.504132091999054 -1.5890133380889893 1.7566957473754883
v 0.49627119302749634 -1.6033086776733398 1.758196234703064
v 0.4805494248867035 -1.6301124095916748 1.7668243646621704
v 0.4801921248435974 -1.6497684717178345 1.7518190145492554
v 0.4930553734302521 -1.6536996364593506 1.7349379062652588
v 0.47590434551239014 -1.6615620851516724 1.7304362058639526
v 0.4884103238582611 -1.6669228076934814 1.7139302492141724
v 0.46482765674591064 -1.6726410388946533 1.7079280614852905
v 0.439458429813385 -1.6780017614364624 1.7045518159866333
v 0.41444653272628784 -1.6858642101287842 1.7056772708892822
v 0.4108733832836151 -1.682647705078125 1.7270599603652954
v 0.39300772547721863 -1.6912249326705933 1.730811357498169
v 0.39300772547721863 -1.685506820678711 1.745066523551941
v 0.3794298470020294 -1.694441318511963 1.751443862915039
v 0.3579910695552826 -1.684077262878418 1.7713260650634766
v 0.3479863107204437 -1.6919397115707397 1.7713260650634766
v 0.3236890137195587 -1.6787165403366089 1.778828740119934
v 0.31225499510765076 -1.6683523654937744 1.7900828123092651
v 0.33405110239982605 -1.6726409196853638 1.792333722114563
v 0.34619975090026855 -1.6597751379013062 1.8024623394012451
v 0.32333171367645264 -1.6612046957015991 1.8047131299972534
v 0.30260756611824036 -1.666208028793335 1.7998363971710205
v 0.2779529392719269 -1.6790738105773926 1.7938342094421387
v 0.3169000744819641 -1.659417748451233 1.8133412599563599
v 0.31332695484161377 -1.6619194746017456 1.822719693183899
v 0.2954612970352173 -1.6694245338439941 1.8110904693603516
v 0.292245477437973 -1.6780017614364624 1.8238451480865479
v 0.33119258284568787 -1.647624135017395 1.8152168989181519
v 0.3358376622200012 -1.6247516870498657 1.8287218809127808
v 0.34655705094337463 -1.6286828517913818 1.8212190866470337
v 0.35977762937545776 -1.6286828517913818 1.8110904693603516
v 0.36120688915252686 -1.6540570259094238 1.7885823249816895
v 0.36942508816719055 -1.677286982536316 1.7630730867385864
v 0.3847895562648773 -1.669067144393921 1.7540698051452637
v 0.4083721935749054 -1.6769295930862427 1.7405649423599243
v 0.4262378513813019 -1.6704967021942139 1.7405649423599243
v 0.4315975308418274 -1.6751426458358765 1.7255594730377197
v 0.4462473690509796 -1.665493369102478 1.743941068649292
v 0.45410826802253723 -1.6687097549438477 1.726684808731079
v 0.4201635420322418 -1.65584397315979 1.751443862915039
v 0.40229788422584534 -1.6608473062515259 1.7499432563781738
v 0.3769286572933197 -1.643692970275879 1.7747023105621338
v 0.3758567273616791 -1.6190335750579834 1.797210454940796
v 0.36263614892959595 -1.603666067123413 1.8253456354141235
v 0.35298869013786316 -1.6040234565734863 1.8354742527008057
v 0.39801013469696045 -1.6075972318649292 1.7882071733474731
v 0.40051132440567017 -1.5897281169891357 1.8080893754959106
v 0.3780005872249603 -1.598305344581604 1.814841866493225
v 0.38193103671073914 -1.5775771141052246 1.8290969133377075
v 0.36978238821029663 -1.5797213315963745 1.8373500108718872
v 0.362993448972702 -1.5807934999465942 1.8467283248901367
v 0.3962235450744629 -1.6333287954330444 1.765699028968811
v 0.4165903925895691 -1.629040241241455 1.764573574066162
v 0.4201635420322418 -1.6022365093231201 1.784830927848816
v 0.42409396171569824 -1.5825804471969604 1.8050882816314697
v 0.40194055438041687 -1.5740032196044922 1.824595332145691
v 0.3890773057937622 -1.556491494178772 1.8433520793914795
v 0.38050177693367004 -1.5568488836288452 1.8504797220230103
v 0.37478476762771606 -1.5575636625289917 1.858357548713684
v 0.3594203293323517 -1.5815082788467407 1.8557316064834595
v 0.345485121011734 -1.6029512882232666 1.8437272310256958
v 0.3304779827594757 -1.6254664659500122 1.8381001949310303
v 0.3251182734966278 -1.6454799175262451 1.8242201805114746
v 0.3254755735397339 -1.6486963033676147 1.8335986137390137
v 0.31368425488471985 -1.6687097549438477 1.8335986137390137
v 0.29438936710357666 -1.69086754322052 1.8377251625061035
v 0.27295055985450745 -1.6897953748703003 1.8077142238616943
v 0.2775956392288208 -1.7058775424957275 1.8204689025878906
v 0.26437506079673767 -1.7058775424957275 1.7870817184448242
v 0.26866281032562256 -1.6951560974121094 1.7739520072937012
v 0.2629458010196686 -1.7115957736968994 1.7555702924728394
v 0.25758612155914307 -1.726605772972107 1.7379390001296997
v 0.2583007514476776 -1.7212450504302979 1.768700122833252
v 0.26080194115638733 -1.7351830005645752 1.7814546823501587
v 0.2500825524330139 -1.7351830005645752 1.7503184080123901
v 0.269020140171051 -1.7208876609802246 1.8002115488052368
v 0.2911735475063324 -1.724461555480957 1.8302223682403564
v 0.3051087558269501 -1.7087366580963135 1.8486040830612183
v 0.3276194632053375 -1.6933691501617432 1.857607364654541
v 0.31797200441360474 -1.6783591508865356 1.8456029891967773
v 0.3376242220401764 -1.6654932498931885 1.8516051769256592
v 0.32976335287094116 -1.6551291942596436 1.8422267436981201
v 0.34084004163742065 -1.6390469074249268 1.8546062707901
v 0.3333364725112915 -1.6311845779418945 1.847103476524353
v 0.34512779116630554 -1.6115285158157349 1.861358642578125
v 0.34226930141448975 -1.605095624923706 1.8531056642532349
v 0.35977762937545776 -1.5850821733474731 1.864359736442566
v 0.37335553765296936 -1.5600652694702148 1.8666105270385742
v 0.38443222641944885 -1.5375502109527588 1.8804906606674194
v 0.386218786239624 -1.5339763164520264 1.8714873790740967
v 0.39229312539100647 -1.5343337059020996 1.8636094331741333
v 0.35334599018096924 -1.6215351819992065 1.8673608303070068
v 0.3683531582355499 -1.5997347831726074 1.8804906606674194
v 0.3622788190841675 -1.5904428958892822 1.872612714767456
v 0.3797871470451355 -1.5711442232131958 1.8827414512634277
v 0.37514209747314453 -1.5643539428710938 1.874863624572754
v 0.39407968521118164 -1.5543471574783325 1.8966214656829834
v 0.38729074597358704 -1.5443404912948608 1.8891187906265259
v 0.3865761160850525 -1.5815082788467407 1.8913695812225342
v 0.39300772547721863 -1.595446228981018 1.9018733501434326
v 0.4026551842689514 -1.5679277181625366 1.9067500829696655
v 0.4040844440460205 -1.583295226097107 1.9225058555603027
v 0.41730502247810364 -1.556491494178772 1.9240063428878784
v 0.41051608324050903 -1.5418387651443481 1.910501480102539
v 0.4040844440460205 -1.5300451517105103 1.9029988050460815
v 0.4026551842689514 -1.5218253135681152 1.8939955234527588
v 0.4044417440891266 -1.5182515382766724 1.8846170902252197
v 0.409444123506546 -1.5189663171768188 1.8759889602661133
v 0.416233092546463 -1.521467924118042 1.8677359819412231
v 0.40051132440567017 -1.5361206531524658 1.856481909751892
v 0.4126599431037903 -1.5404092073440552 1.8508548736572266
v 0.40479907393455505 -1.5568488836288452 1.8384753465652466
v 0.4248085916042328 -1.559350609779358 1.8396008014678955
v 0.42516592144966125 -1.5718590021133423 1.824595332145691
v 0.44410350918769836 -1.5693572759628296 1.8249704837799072
v 0.4437461793422699 -1.581865668296814 1.8065887689590454
v 0.439458429813385 -1.6018791198730469 1.786706566810608
v 0.43481335043907166 -1.6279680728912354 1.7698254585266113
v 0.4383864998817444 -1.651912808418274 1.757446050643921
v 0.4655422866344452 -1.6583456993103027 1.7484427690505981
v 0.4698300361633301 -1.638689637184143 1.767574667930603
v 0.4558948278427124 -1.6461946964263916 1.764573574066162
v 0.4516070783138275 -1.625109076499939 1.7773282527923584
v 0.4644703269004822 -1.6211777925491333 1.7810795307159424
v 0.47411778569221497 -1.6151022911071777 1.7803293466567993
v 0.48126405477523804 -1.6061677932739258 1.7765779495239258
v 0.48912495374679565 -1.5936592817306519 1.7713260650634766
v 0.5016309022903442 -1.5793640613555908 1.766449213027954
v 0.4991297125816345 -1.5682851076126099 1.782955288887024
v 0.48662373423576355 -1.5807934999465942 1.7878320217132568
v 0.4791201651096344 -1.590085506439209 1.7919585704803467
v 0.4723312258720398 -1.5958036184310913 1.7945845127105713
v 0.4641130268573761 -1.599734902381897 1.7945845127105713
v 0.45410826802253723 -1.6015217304229736 1.7915834188461304
v 0.45660945773124695 -1.5825804471969604 1.80921471118927
v 0.4555375277996063 -1.5693572759628296 1.8260959386825562
v 0.46589958667755127 -1.581865668296814 1.8110904693603516
v 0.47304585576057434 -1.5793640613555908 1.8110904693603516
v 0.47983479499816895 -1.575075387954712 1.8095898628234863
v 0.4873383641242981 -1.5679277181625366 1.806213617324829
v 0.4980577528476715 -1.5572062730789185 1.8028374910354614
v 0.5127075910568237 -1.5450552701950073 1.8005865812301636
v 0.5037747621536255 -1.5300451517105103 1.819718599319458
v 0.5198538303375244 -1.5182515382766724 1.820468783378601
v 0.5087771415710449 -1.5071725845336914 1.8407261371612549
v 0.5252135396003723 -1.502884030342102 1.8422267436981201
v 0.5298586487770081 -1.4982380867004395 1.8546062707901
v 0.5037747621536255 -1.5010970830917358 1.8591078519821167
v 0.49162614345550537 -1.5200384855270386 1.837725043296814
v 0.5352182984352112 -1.4900182485580444 1.8658603429794312
v 0.5162807106971741 -1.4943068027496338 1.8696116209030151
v 0.5077052116394043 -1.490733027458191 1.8778645992279053
v 0.4901968836784363 -1.5003823041915894 1.870737075805664
v 0.48269331455230713 -1.5175367593765259 1.8534808158874512
v 0.4734031558036804 -1.5361206531524658 1.847103476524353
v 0.48233598470687866 -1.5357632637023926 1.8347240686416626
v 0.49198344349861145 -1.5436257123947144 1.820468783378601
v 0.47947749495506287 -1.5475568771362305 1.8317229747772217
v 0.4848371744155884 -1.5557767152786255 1.8223445415496826
v 0.4780482351779938 -1.5629243850708008 1.8253456354141235
v 0.4734031558036804 -1.551130771636963 1.836974859237671
v 0.46625691652297974 -1.5547045469284058 1.8411012887954712
v 0.46482765674591064 -1.537907600402832 1.8549813032150269
v 0.4734031558036804 -1.5171793699264526 1.8639845848083496
v 0.47125929594039917 -1.5664981603622437 1.8268461227416992
v 0.4641130268573761 -1.5689998865127563 1.8272212743759155
v 0.45911064743995667 -1.5572062730789185 1.8433520793914795
v 0.4558948278427124 -1.539337158203125 1.8602333068847656
v 0.4587533473968506 -1.5139628648757935 1.8703619241714478
v 0.47733360528945923 -1.4932347536087036 1.8763641119003296
v 0.4951992630958557 -1.4785820245742798 1.8827414512634277
v 0.46482765674591064 -1.4871591329574585 1.883866786956787
v 0.44982051849365234 -1.5018118619918823 1.8797403573989868
v 0.43338412046432495 -1.5121760368347168 1.8752386569976807
v 0.44053035974502563 -1.5211105346679688 1.866235375404358
v 0.44589006900787354 -1.5407665967941284 1.8587327003479004
v 0.45124974846839905 -1.5586358308792114 1.844102382659912
v 0.4408876895904541 -1.5600652694702148 1.8429770469665527
v 0.4244512915611267 -1.5475568771362305 1.8489792346954346
v 0.42552322149276733 -1.528258204460144 1.8602333068847656
v 0.4351706802845001 -1.5432683229446411 1.8538559675216675
v 0.42766711115837097 -1.5089595317840576 1.8842419385910034
v 0.4233793318271637 -1.5086021423339844 1.8936203718185425
v 0.42123547196388245 -1.5118186473846436 1.9033738374710083
v 0.43910112977027893 -1.498952865600586 1.8999977111816406
v 0.4433888792991638 -1.4985954761505127 1.8894938230514526
v 0.45660945773124695 -1.4850149154663086 1.8939955234527588
v 0.4766189754009247 -1.4717917442321777 1.8887436389923096
v 0.4855518043041229 -1.4546372890472412 1.8947457075119019
v 0.5023455023765564 -1.4607127904891968 1.8902441263198853
v 0.5116356611251831 -1.4778672456741333 1.884992241859436
v 0.521640419960022 -1.4839427471160889 1.8804905414581299
v 0.54522305727005 -1.476080298423767 1.8677359819412231
v 0.5516546964645386 -1.4596407413482666 1.8688613176345825
v 0.5598729252815247 -1.4378403425216675 1.8692364692687988
v 0.5395060777664185 -1.4553520679473877 1.8883684873580933
v 0.5309305787086487 -1.4717917442321777 1.8834916353225708
v 0.5177099704742432 -1.4675030708312988 1.889868974685669
v 0.46589958667755127 -1.469290018081665 1.8988722562789917
v 0.5266427993774414 -1.4514209032058716 1.8966214656829834
v 0.5466523170471191 -1.4364107847213745 1.891744613647461
v 0.5609448552131653 -1.4203286170959473 1.8827414512634277
v 0.5795251131057739 -1.4239023923873901 1.861358642578125
v 0.5970334410667419 -1.4106792211532593 1.8542311191558838
v 0.6109686493873596 -1.4292631149291992 1.8373498916625977
v 0.6309782266616821 -1.4163973331451416 1.83397376537323
v 0.640982985496521 -1.4299778938293457 1.8144665956497192
v 0.651702344417572 -1.4038889408111572 1.832848310470581
v 0.6627790331840515 -1.4160399436950684 1.8140915632247925
v 0.6831458806991577 -1.4024593830108643 1.8170925378799438
v 0.6534889340400696 -1.4442732334136963 1.8002114295959473
v 0.6885055899620056 -1.443915843963623 1.793083906173706
v 0.7088724374771118 -1.4256893396377563 1.794959545135498
v 0.7249515056610107 -1.403531551361084 1.8024623394012451
v 0.7324550747871399 -1.3828033208847046 1.8137164115905762
v 0.7349562644958496 -1.3599308729171753 1.8170925378799438
v 0.7217357158660889 -1.3570717573165894 1.8170925378799438
v 0.7195917963981628 -1.378157377243042 1.816717505455017
v 0.71173095703125 -1.3963838815689087 1.8088395595550537
v 0.6960091590881348 -1.4138957262039185 1.8013368844985962
v 0.6749277114868164 -1.4296205043792725 1.7998363971710205
v 0.6985103487968445 -1.38780677318573 1.8230947256088257
v 0.7067285180091858 -1.3720818758010864 1.8272212743759155
v 0.7074431777000427 -1.3534979820251465 1.8238450288772583
v 0.7038700580596924 -1.3331271409988403 1.8238450288772583
v 0.6967237591743469 -1.3495666980743408 1.8320980072021484
v 0.6927933096885681 -1.361003041267395 1.837725043296814
v 0.6842178106307983 -1.3760130405426025 1.8373498916625977
v 0.6706399321556091 -1.3910231590270996 1.8343487977981567
v 0.6552754640579224 -1.3738688230514526 1.8433520793914795
v 0.6366952061653137 -1.386377215385437 1.844102382659912
v 0.6156137585639954 -1.3978134393692017 1.8463531732559204
v 0.6031078100204468 -1.382088541984558 1.863234281539917
v 0.5863140821456909 -1.3956691026687622 1.8729878664016724
v 0.5720215439796448 -1.4096070528030396 1.8797403573989868
v 0.5698776841163635 -1.4031741619110107 1.8958711624145508
v 0.5555851459503174 -1.418541669845581 1.8958711624145508
v 0.5366475582122803 -1.4335516691207886 1.902998685836792
v 0.5119929909706116 -1.443915843963623 1.898121953010559
v 0.49627119302749634 -1.4353386163711548 1.899997591972351
v 0.510921061038971 -1.4160399436950684 1.9056247472763062
v 0.48376524448394775 -1.428905725479126 1.9056247472763062
v 0.47304585576057434 -1.4503487348556519 1.9029988050460815
v 0.46482765674591064 -1.4482043981552124 1.9131274223327637
v 0.4587533473968506 -1.4689326286315918 1.9101263284683228
v 0.45410826802253723 -1.4700047969818115 1.9217555522918701
v 0.4516070783138275 -1.4860870838165283 1.9056247472763062
v 0.44874855875968933 -1.4885886907577515 1.916503667831421
v 0.4369572401046753 -1.5018118619918823 1.9101263284683228
v 0.42230740189552307 -1.519323706626892 1.912377119064331
v 0.4273097813129425 -1.5304025411605835 1.9217555522918701
v 0.4355279803276062 -1.5432683229446411 1.9363858699798584
v 0.44410350918769836 -1.5164645910263062 1.9292582273483276
v 0.4380291700363159 -1.5075299739837646 1.9195047616958618
v 0.4494631886482239 -1.4925199747085571 1.926632285118103
v 0.4544655680656433 -1.4732211828231812 1.9333847761154175
v 0.46196913719177246 -1.4792968034744263 1.9450139999389648
v 0.45518019795417786 -1.4993102550506592 1.937136173248291
v 0.4623264670372009 -1.4503487348556519 1.937886357307434
v 0.46053990721702576 -1.4478470087051392 1.9251317977905273
v 0.4734031558036804 -1.4242597818374634 1.9273825883865356
v 0.47554704546928406 -1.4249745607376099 1.915378212928772
v 0.492698073387146 -1.403531551361084 1.918379306793213
v 0.4994870126247406 -1.4078201055526733 1.9093760251998901
v 0.5098490715026855 -1.3831607103347778 1.9213804006576538
v 0.5159234404563904 -1.3878066539764404 1.9131274223327637
v 0.4912688136100769 -1.4028167724609375 1.929633378982544
v 0.47590434551239014 -1.4267613887786865 1.9401371479034424
v 0.4705446660518646 -1.4567816257476807 1.9498907327651978
v 0.48519450426101685 -1.4675030708312988 1.9615199565887451
v 0.4766189754009247 -1.4896608591079712 1.9566432237625122
v 0.468400776386261 -1.5089595317840576 1.9491404294967651
v 0.4544655680656433 -1.5271860361099243 1.9427632093429565
v 0.46732884645462036 -1.5382649898529053 1.9585188627243042
v 0.445175439119339 -1.5543471574783325 1.9536421298980713
v 0.42266473174095154 -1.5704294443130493 1.940887451171875
v 0.4137319028377533 -1.600449562072754 1.9326344728469849
v 0.4015832543373108 -1.6104563474655151 1.912377119064331
v 0.3905065357685089 -1.623679518699646 1.8977469205856323
v 0.3787152171134949 -1.612600564956665 1.8883684873580933
v 0.36692389845848083 -1.6390469074249268 1.875613808631897
v 0.35191676020622253 -1.6526274681091309 1.861358642578125
v 0.3479863107204437 -1.681218147277832 1.862484097480774
v 0.34226930141448975 -1.711953043937683 1.8651100397109985
v 0.321187824010849 -1.7276779413223267 1.8561067581176758
v 0.30689531564712524 -1.7437602281570435 1.838850498199463
v 0.32190245389938354 -1.7598423957824707 1.8444775342941284
v 0.3390534818172455 -1.7434028387069702 1.8579825162887573
v 0.35977762937545776 -1.7298222780227661 1.8639847040176392
v 0.3765713572502136 -1.7423306703567505 1.8549814224243164
v 0.3551325798034668 -1.755196452140808 1.8538559675216675
v 0.3376242220401764 -1.7709213495254517 1.8429770469665527
v 0.36513733863830566 -1.7612719535827637 1.8444775342941284
v 0.3855041563510895 -1.7541242837905884 1.8403511047363281
v 0.4098014533519745 -1.738756775856018 1.8654851913452148
v 0.38050177693367004 -1.7198154926300049 1.8692365884780884
v 0.3622788190841675 -1.7015889883041382 1.8681111335754395
v 0.4834079444408417 -1.4335516691207886 1.9528918266296387
v 0.391935795545578 -1.7144547700881958 1.883116602897644
v 0.41980621218681335 -1.7255336046218872 1.8834917545318604
v 0.3972955048084259 -1.768419623374939 1.836974859237671
v 0.3754993975162506 -1.7812854051589966 1.820844054222107
v 0.3540606200695038 -1.7980824708938599 1.8028374910354614
v 0.36549463868141174 -1.7744951248168945 1.8253456354141235
v 0.35298869013786316 -1.7741377353668213 1.8343489170074463
v 0.3401254117488861 -1.7866461277008057 1.8238451480865479
v 0.34477049112319946 -1.7920068502426147 1.8140915632247925
v 0.31761470437049866 -1.8077317476272583 1.795334815979004
v 0.31761470437049866 -1.7995119094848633 1.8107153177261353
v 0.32333171367645264 -1.7866461277008057 1.8268462419509888
v 0.3065379858016968 -1.7762820720672607 1.8272212743759155
v 0.29331740736961365 -1.7594850063323975 1.8219693899154663
v 0.28081145882606506 -1.7394715547561646 1.8114656209945679
v 0.267948180437088 -1.753409504890442 1.7938342094421387
v 0.24936792254447937 -1.7480487823486328 1.7623227834701538
v 0.23721927404403687 -1.7466192245483398 1.7304362058639526
v 0.2490106076002121 -1.7387568950653076 1.7180567979812622
v 0.269020140171051 -1.7366125583648682 1.705302119255066
v 0.2586580514907837 -1.7466192245483398 1.6835442781448364
v 0.28760039806365967 -1.7584129571914673 1.6704144477844238
v 0.274737149477005 -1.7691344022750854 1.6520328521728516
v 0.3018929362297058 -1.7891478538513184 1.6407787799835205
v 0.24829597771167755 -1.7605571746826172 1.6632869243621826
v 0.23721927404403687 -1.7491209506988525 1.6962988376617432
v 0.22364138066768646 -1.7576981782913208 1.7083032131195068
v 0.22149750590324402 -1.7730655670166016 1.7188069820404053
v 0.2354327142238617 -1.760199785232544 1.7409400939941406
v 0.25544223189353943 -1.7652031183242798 1.7713260650634766
v 0.2668762505054474 -1.7845019102096558 1.776953101158142
v 0.27831026911735535 -1.773780345916748 1.8024623394012451
v 0.2872430980205536 -1.8027284145355225 1.779954195022583
v 0.2940320372581482 -1.7909348011016846 1.8069640398025513
v 0.24114972352981567 -1.7773542404174805 1.7480676174163818
v 0.25651416182518005 -1.7962955236434937 1.7510687112808228
v 0.2286437600851059 -1.7916494607925415 1.727810263633728
v 0.21327930688858032 -1.7873609066009521 1.6977994441986084
v 0.21578049659729004 -1.7727081775665283 1.6865453720092773
v 0.22792914509773254 -1.7627015113830566 1.67491614818573
v 0.2393631637096405 -1.7762820720672607 1.6456555128097534
v 0.22078287601470947 -1.778069019317627 1.6561592817306519
v 0.20863424241542816 -1.787003517150879 1.667413353919983
v 0.20613305270671844 -1.8016562461853027 1.6794177293777466
v 0.21327930688858032 -1.820597529411316 1.691046953201294
v 0.22114019095897675 -1.8066595792770386 1.7083032131195068
v 0.2286437600851059 -1.842397928237915 1.7015507221221924
v 0.2393631637096405 -1.828817367553711 1.717681646347046
v 0.24686673283576965 -1.8127350807189941 1.7338124513626099
v 0.2697347402572632 -1.8266730308532715 1.7345627546310425
v 0.27688100934028625 -1.808803915977478 1.749568223953247
v 0.2965332269668579 -1.812377691268921 1.768700122833252
v 0.29045891761779785 -1.820597529411316 1.7529443502426147
v 0.2858138382434845 -1.8345354795455933 1.7368135452270508
v 0.2640177607536316 -1.8452569246292114 1.719557285308838
v 0.25258374214172363 -1.8602670431137085 1.702301025390625
v 0.21578049659729004 -1.8534767627716064 1.6839194297790527
v 0.20470379292964935 -1.832748532295227 1.673790693283081
v 0.19934409856796265 -1.8148794174194336 1.66253662109375
v 0.20291723310947418 -1.8009414672851562 1.6505322456359863
v 0.21327930688858032 -1.7920069694519043 1.638903021812439
v 0.230073019862175 -1.7898626327514648 1.6287744045257568
v 0.2629458010196686 -1.7827149629592896 1.6355267763137817
v 0.28760039806365967 -1.7995119094848633 1.6261484622955322
v 0.27295055985450745 -1.811663031578064 1.6118932962417603
v 0.2507971525192261 -1.796652913093567 1.619771122932434
v 0.23829121887683868 -1.8084465265274048 1.6036403179168701
v 0.25794342160224915 -1.8223844766616821 1.5965126752853394
v 0.24186435341835022 -1.8323912620544434 1.581132173538208
v 0.22471332550048828 -1.8195254802703857 1.5882596969604492
v 0.21042080223560333 -1.828817367553711 1.571753740310669
v 0.22542795538902283 -1.8402535915374756 1.5646260976791382
v 0.20720498263835907 -1.8481160402297974 1.5484952926635742
v 0.19469903409481049 -1.8377519845962524 1.5556228160858154
v 0.17754800617694855 -1.8466864824295044 1.5398671627044678
v 0.18826739490032196 -1.8563358783721924 1.5334898233413696
v 0.16897249221801758 -1.8649131059646606 1.5192346572875977
v 0.15968236327171326 -1.8566932678222656 1.5248616933822632
v 0.14253133535385132 -1.8670573234558105 1.510231375694275
v 0.1496776044368744 -1.8738476037979126 1.5057297945022583
v 0.13216924667358398 -1.8824248313903809 1.492224931716919
v 0.12645223736763 -1.8770641088485718 1.4952260255813599
v 0.1128743514418602 -1.884211778640747 1.4790951013565063
v 0.11751943081617355 -1.8888577222824097 1.476844310760498
v 0.10572808235883713 -1.8927890062332153 1.4599632024765015
v 0.10179763287305832 -1.8888577222824097 1.4614636898040771
v 0.09286483377218246 -1.8906446695327759 1.4423317909240723
v 0.09608062356710434 -1.8935037851333618 1.4404561519622803
v 0.08643319457769394 -1.8938610553741455 1.420949101448059
v 0.08393200486898422 -1.8913594484329224 1.4220744371414185
v 0.07678573578596115 -1.8895725011825562 1.4014419317245483
v 0.07928692549467087 -1.8917168378829956 1.400316596031189
v 0.07356991618871689 -1.88778555393219 1.3793089389801025
v 0.07142602652311325 -1.88564133644104 1.3800592422485352
v 0.06642364710569382 -1.8813526630401611 1.3590515851974487
v 0.06821023672819138 -1.8831396102905273 1.3579262495040894
v 0.06463708728551865 -1.877421498298645 1.3365434408187866
v 0.06285052746534348 -1.8752771615982056 1.3376688957214355
v 0.059277407824993134 -1.8699164390563965 1.3159109354019165
v 0.061063967645168304 -1.872060775756836 1.3151607513427734
v 0.05784814804792404 -1.8674148321151733 1.293027639389038
v 0.05641888827085495 -1.8656278848648071 1.2937779426574707
v 0.0542750284075737 -1.8613393306732178 1.2720201015472412
v 0.05606158822774887 -1.8631261587142944 1.2712697982788086
v 0.05391769856214523 -1.8591949939727783 1.251387596130371
v 0.05248843878507614 -1.857408046722412 1.2517627477645874
v 0.05105920881032944 -1.857408046722412 1.2371324300765991
v 0.05498962849378586 -1.8609819412231445 1.2510124444961548
v 0.05213113874197006 -1.8591949939727783 1.2375075817108154
v 0.049629949033260345 -1.860267162322998 1.2330058813095093
v 0.048200689256191254 -1.8584802150726318 1.2322556972503662
v 0.04641412943601608 -1.8606245517730713 1.2322556972503662
v 0.04712875932455063 -1.857408046722412 1.2326308488845825
v 0.049987249076366425 -1.8563358783721924 1.2375075817108154
v 0.05034457892179489 -1.8566932678222656 1.2521378993988037
v 0.04855801910161972 -1.8556212186813354 1.238257884979248
v 0.046056829392910004 -1.8566932678222656 1.233756184577942
v 0.04462756961584091 -1.8584802150726318 1.233756184577942
v 0.04534219950437546 -1.8595523834228516 1.2326308488845825
v 0.04462756961584091 -1.8613393306732178 1.2341313362121582
v 0.04534219950437546 -1.8620541095733643 1.233756184577942
v 0.04355563968420029 -1.8634835481643677 1.238257884979248
v 0.043912939727306366 -1.8599097728729248 1.2348816394805908
v 0.043912939727306366 -1.8577654361724854 1.2386329174041748
v 0.04498486965894699 -1.8563358783721924 1.2390080690383911
v 0.04677142947912216 -1.8556212186813354 1.2412588596343994
v 0.04569949954748154 -1.8577654361724854 1.25251305103302
v 0.047843389213085175 -1.8566932678222656 1.2528880834579468
v 0.05213113874197006 -1.860267162322998 1.2723952531814575
v 0.0542750284075737 -1.8645557165145874 1.294153094291687
v 0.05677621811628342 -1.8684868812561035 1.3166612386703491
v 0.05999203771352768 -1.873490333557129 1.3384190797805786
v 0.0639224573969841 -1.8799232244491577 1.3598018884658813
v 0.06892483681440353 -1.884211778640747 1.381184697151184
v 0.07428454607725143 -1.8881429433822632 1.402192234992981
v 0.08107348531484604 -1.889215111732483 1.4235750436782837
v 0.08893438428640366 -1.8885003328323364 1.4438323974609375
v 0.09750988334417343 -1.8863561153411865 1.463714599609375
v 0.1075146421790123 -1.8817100524902344 1.4820961952209473
v 0.12002062052488327 -1.8742049932479858 1.4993524551391602
v 0.1346704363822937 -1.863840937614441 1.5158584117889404
v 0.15039223432540894 -1.8524047136306763 1.5316141843795776
v 0.16647130250930786 -1.8427553176879883 1.548120141029358
v 0.18183577060699463 -1.8338207006454468 1.5646260976791382
v 0.1957709640264511 -1.8241714239120483 1.5807570219039917
v 0.2082769274711609 -1.814164638519287 1.5968878269195557
v 0.1836223304271698 -1.8259583711624146 1.5908856391906738
v 0.19469903409481049 -1.81559419631958 1.6070165634155273
v 0.21971094608306885 -1.8023710250854492 1.6122684478759766
v 0.20470379292964935 -1.8045153617858887 1.622772216796875
v 0.18540889024734497 -1.8230992555618286 1.617895483970642
v 0.19541366398334503 -1.8127350807189941 1.634026288986206
v 0.19255515933036804 -1.8263156414031982 1.645280361175537
v 0.18183577060699463 -1.8359650373458862 1.6287744045257568
v 0.17468950152397156 -1.8327486515045166 1.6013894081115723
v 0.16254085302352905 -1.8413257598876953 1.584133267402649
v 0.17075906693935394 -1.8348928689956665 1.5743796825408936
v 0.156466543674469 -1.843827486038208 1.5571234226226807
v 0.14217403531074524 -1.854191541671753 1.5398671627044678
v 0.12752419710159302 -1.8649131059646606 1.5226109027862549
v 0.11394628137350082 -1.874562382698059 1.5046043395996094
v 0.10215496271848679 -1.8817100524902344 1.4858475923538208
v 0.092507503926754 -1.8863561153411865 1.4663405418395996
v 0.08464663475751877 -1.8885003328323364 1.4457080364227295
v 0.0775003656744957 -1.8888577222824097 1.424700379371643
v 0.07142602652311325 -1.8874281644821167 1.4033176898956299
v 0.06606634706258774 -1.884211778640747 1.3819348812103271
v 0.061063967645168304 -1.8795658349990845 1.360552191734314
v 0.057133518159389496 -1.873490333557129 1.3391693830490112
v 0.05391769856214523 -1.8684868812561035 1.3170363903045654
v 0.051416508853435516 -1.8645557165145874 1.2945282459259033
v 0.049629949033260345 -1.860267162322998 1.2723952531814575
v 0.04748605936765671 -1.8613393306732178 1.2723952531814575
v 0.0489153191447258 -1.8656278848648071 1.2945282459259033
v 0.05105920881032944 -1.8699164390563965 1.3170363903045654
v 0.0542750284075737 -1.8749198913574219 1.3391693830490112
v 0.05856277793645859 -1.8806380033493042 1.3609273433685303
v 0.06320782750844955 -1.88564133644104 1.3823100328445435
v 0.06856753677129745 -1.8888577222824097 1.4040679931640625
v 0.07428454607725143 -1.8902872800827026 1.425825834274292
v 0.08071618527173996 -1.8902872800827026 1.4475836753845215
v 0.08786242455244064 -1.8885003328323364 1.468591332435608
v 0.09715258330106735 -1.884211778640747 1.489223837852478
v 0.10858660191297531 -1.8777788877487183 1.5094811916351318
v 0.12144985049962997 -1.8684868812561035 1.528988242149353
v 0.11787673085927963 -1.8752771615982056 1.5342401266098022
v 0.13538506627082825 -1.858837604522705 1.5477449893951416
v 0.13145461678504944 -1.8666999340057373 1.5541223287582397
v 0.14896297454833984 -1.8495455980300903 1.5661267042160034
v 0.15861043334007263 -1.8516899347305298 1.592386245727539
v 0.17111636698246002 -1.8441848754882812 1.6107678413391113
v 0.1836223304271698 -1.8516899347305298 1.6374025344848633
v 0.19505634903907776 -1.8431127071380615 1.6557841300964355
v 0.20363186299800873 -1.8620539903640747 1.6632869243621826
v 0.18933933973312378 -1.8695590496063232 1.6434047222137451
v 0.17111636698246002 -1.858837604522705 1.617895483970642
v 0.15861043334007263 -1.8645557165145874 1.5980132818222046
v 0.14503252506256104 -1.858837604522705 1.573629379272461
v 0.13109731674194336 -1.8770641088485718 1.5582488775253296
v 0.14467522501945496 -1.8702738285064697 1.5785061120986938
v 0.1618262231349945 -1.878851056098938 1.6010143756866455
v 0.17504681646823883 -1.8749197721481323 1.6223970651626587
v 0.18433696031570435 -1.8902872800827026 1.621646761894226
v 0.16968712210655212 -1.893146276473999 1.5995137691497803
v 0.1482483446598053 -1.8831396102905273 1.5803818702697754
v 0.13431313633918762 -1.8885003328323364 1.5597493648529053
v 0.11823403090238571 -1.884211778640747 1.5372412204742432
v 0.10501345247030258 -1.8910020589828491 1.5162335634231567
v 0.10537078231573105 -1.8831396102905273 1.5136076211929321
v 0.09429406374692917 -1.8895725011825562 1.492224931716919
v 0.08500393480062485 -1.8931463956832886 1.4704669713974
v 0.07821499556303024 -1.8942184448242188 1.448333978652954
v 0.07178335636854172 -1.8935037851333618 1.4262009859085083
v 0.06642364710569382 -1.8913594484329224 1.4040679931640625
v 0.06177859753370285 -1.8881429433822632 1.3823100328445435
v 0.05641888827085495 -1.8831396102905273 1.360552191734314
v 0.05213113874197006 -1.877421498298645 1.338794231414795
v 0.051416508853435516 -1.880280613899231 1.3384190797805786
v 0.04927261918783188 -1.8724181652069092 1.3166612386703491
v 0.06070663779973984 -1.8910020589828491 1.3819348812103271
v 0.055346958339214325 -1.8859987258911133 1.3601770401000977
v 0.06034933775663376 -1.8942184448242188 1.381184697151184
v 0.06535171717405319 -1.8949332237243652 1.4040679931640625
v 0.06535171717405319 -1.8981497287750244 1.4033176898956299
v 0.07106872648000717 -1.897434949874878 1.4262009859085083
v 0.0775003656744957 -1.898864507675171 1.4487091302871704
v 0.08464663475751877 -1.898864507675171 1.4712172746658325
v 0.07821499556303024 -1.9035104513168335 1.448333978652954
v 0.07142602652311325 -1.901366114616394 1.425825834274292
v 0.06642364710569382 -1.9017235040664673 1.4025673866271973
v 0.07249798625707626 -1.9052973985671997 1.4250755310058594
v 0.07928692549467087 -1.908156394958496 1.4472085237503052
v 0.08714782446622849 -1.9103007316589355 1.4704669713974
v 0.08536123484373093 -1.9049400091171265 1.4712172746658325
v 0.09322213381528854 -1.8963627815246582 1.494100570678711
v 0.10715734213590622 -1.8999366760253906 1.5173590183258057
v 0.1210925504565239 -1.8938610553741455 1.5387417078018188
v 0.14038744568824768 -1.899936556816101 1.5589990615844727
v 0.1550372838973999 -1.8963627815246582 1.5792564153671265
v 0.16361281275749207 -1.908156394958496 1.5755051374435425
v 0.14789101481437683 -1.9106581211090088 1.555622935295105
v 0.12573763728141785 -1.90422523021698 1.538366675376892
v 0.11073046177625656 -1.9085137844085693 1.5169838666915894
v 0.09500869363546371 -1.9035104513168335 1.4944757223129272
v 0.0978672131896019 -1.9106581211090088 1.4937254190444946
v 0.115732841193676 -1.9160188436508179 1.5143579244613647
v 0.1318119466304779 -1.9135171175003052 1.5357407331466675
v 0.1386008858680725 -1.9199501276016235 1.530863881111145
v 0.12144985049962997 -1.9220943450927734 1.5106065273284912
v 0.10144033282995224 -1.9167336225509644 1.4918497800827026
v 0.09000631421804428 -1.9153040647506714 1.4689664840698242
v 0.0814308151602745 -1.912445068359375 1.4460831880569458
v 0.07428454607725143 -1.9088711738586426 1.4239501953125
v 0.09393676370382309 -1.919235348701477 1.466715693473816
v 0.10572808235883713 -1.9220943450927734 1.489223837852478
v 0.11180242151021957 -1.9238812923431396 1.4850972890853882
v 0.09893914312124252 -1.921379566192627 1.4640897512435913
v 0.08464663475751877 -1.9156614542007446 1.4445825815200806
v 0.07678573578596115 -1.9113729000091553 1.4224495887756348
v 0.06785290688276291 -1.9045826196670532 1.4018170833587646
v 0.06177859753370285 -1.9002939462661743 1.3796840906143188
v 0.06070663779973984 -1.897434949874878 1.3804343938827515
v 0.05606158822774887 -1.8920742273330688 1.3586764335632324
v 0.055346958339214325 -1.8888577222824097 1.359426736831665
v 0.05105920881032944 -1.8834969997406006 1.3376688957214355
v 0.047843389213085175 -1.8749198913574219 1.3162860870361328
v 0.046056829392910004 -1.8699164390563965 1.2937779426574707
v 0.04712875932455063 -1.8674148321151733 1.2945282459259033
v 0.046056829392910004 -1.8631261587142944 1.2723952531814575
v 0.044270239770412445 -1.8591949939727783 1.2521378993988037
v 0.04319830983877182 -1.8591949939727783 1.2390080690383911
v 0.04284100979566574 -1.8609819412231445 1.2412588596343994
v 0.04319830983877182 -1.8620541095733643 1.2390080690383911
v 0.04319830983877182 -1.8652704954147339 1.251387596130371
v 0.04319830983877182 -1.8631261587142944 1.2521378993988037
v 0.04355563968420029 -1.8609819412231445 1.2521378993988037
v 0.04462756961584091 -1.8652704954147339 1.2720201015472412
v 0.04534219950437546 -1.8724181652069092 1.2934027910232544
v 0.04748605936765671 -1.8777788877487183 1.3155357837677002
v 0.05105920881032944 -1.8863561153411865 1.336918592453003
v 0.05677621811628342 -1.8949332237243652 1.357551097869873
v 0.0639224573969841 -1.9024382829666138 1.37855863571167
v 0.06999679654836655 -1.9070842266082764 1.4006917476654053
v 0.08035885542631149 -1.9128024578094482 1.420949101448059
v 0.08893438428640366 -1.9170910120010376 1.4427069425582886
v 0.09322213381528854 -1.9170910120010376 1.4408313035964966
v 0.0842893049120903 -1.912445068359375 1.4198236465454102
v 0.07321261614561081 -1.908156394958496 1.3995662927627563
v 0.06678097695112228 -1.9038678407669067 1.3778084516525269
v 0.05856277793645859 -1.8970775604248047 1.3568007946014404
v 0.05391769856214523 -1.8917168378829956 1.335042953491211
v 0.05213113874197006 -1.889215111732483 1.335793137550354
v 0.04855801910161972 -1.8834969997406006 1.3140352964401245
v 0.047843389213085175 -1.8806380033493042 1.3147855997085571
v 0.04534219950437546 -1.8752771615982056 1.2926524877548218
v 0.044270239770412445 -1.8674148321151733 1.271644949913025
v 0.044270239770412445 -1.8699164390563965 1.2708946466445923
v 0.044270239770412445 -1.8667000532150269 1.2510124444961548
v 0.04462756961584091 -1.8645557165145874 1.2378827333450317
v 0.046056829392910004 -1.8652704954147339 1.2378827333450317
v 0.04677142947912216 -1.8631261587142944 1.233756184577942
v 0.048200689256191254 -1.861696720123291 1.2326308488845825
v 0.05213113874197006 -1.8624114990234375 1.2371324300765991
v 0.05320306867361069 -1.8613393306732178 1.2397583723068237
v 0.05498962849378586 -1.8634835481643677 1.2506372928619385
v 0.05213113874197006 -1.8591949939727783 1.2375075817108154
v 0.05498962849378586 -1.8609819412231445 1.2510124444961548
v 0.05070187896490097 -1.863840937614441 1.2367572784423828
v 0.05320306867361069 -1.8674148321151733 1.2498869895935059
v 0.0542750284075737 -1.8656278848648071 1.2502621412277222
v 0.04927261918783188 -1.8652704954147339 1.2375075817108154
v 0.047843389213085175 -1.8663426637649536 1.2397583723068237
v 0.04712875932455063 -1.8692017793655396 1.2502621412277222
v 0.04534219950437546 -1.8681296110153198 1.2506372928619385
v 0.04498486965894699 -1.872060775756836 1.270519495010376
v 0.046056829392910004 -1.8777788877487183 1.292277455329895
v 0.05034457892179489 -1.88564133644104 1.313284993171692
v 0.05677621811628342 -1.892431616783142 1.3342926502227783
v 0.061421267688274384 -1.8981497287750244 1.3560504913330078
v 0.06999679654836655 -1.9035104513168335 1.3770581483840942
v 0.07642843574285507 -1.908156394958496 1.398440957069397
v 0.07928692549467087 -1.9067269563674927 1.3976906538009644
v 0.07249798625707626 -1.9017235040664673 1.376682996749878
v 0.06427978724241257 -1.8981497287750244 1.3553003072738647
v 0.05963470786809921 -1.8920742273330688 1.333917498588562
v 0.05320306867361069 -1.8863561153411865 1.3125348091125488
v 0.05034457892179489 -1.8799232244491577 1.291152000427246
v 0.048200689256191254 -1.8795658349990845 1.2915271520614624
v 0.04641412943601608 -1.8738477230072021 1.2697691917419434
v 0.04855801910161972 -1.8745625019073486 1.2693941593170166
v 0.04927261918783188 -1.8695590496063232 1.2502621412277222
v 0.051416508853435516 -1.8688443899154663 1.2498869895935059
v 0.05320306867361069 -1.8799232244491577 1.2907768487930298
v 0.05606158822774887 -1.8859987258911133 1.3125348091125488
v 0.05105920881032944 -1.8745625019073486 1.2693941593170166
v 0.05320306867361069 -1.873490333557129 1.2693941593170166
v 0.05498962849378586 -1.872060775756836 1.2693941593170166
v 0.05606158822774887 -1.8699164390563965 1.2697691917419434
v 0.05677621811628342 -1.8677722215652466 1.270519495010376
v 0.05677621811628342 -1.8652704954147339 1.2708946466445923
v 0.05606158822774887 -1.8631261587142944 1.2712697982788086
v 0.05391769856214523 -1.8591949939727783 1.251387596130371
v 0.055346958339214325 -1.878851056098938 1.2907768487930298
v 0.05892007797956467 -1.8699164390563965 1.2926524877548218
v 0.05784814804792404 -1.8674148321151733 1.293027639389038
v 0.061063967645168304 -1.872060775756836 1.3151607513427734
v 0.06177859753370285 -1.8749198913574219 1.3144104480743408
v 0.05892007797956467 -1.8724181652069092 1.2919023036956787
v 0.05856277793645859 -1.8749198913574219 1.2915271520614624
v 0.057133518159389496 -1.8770641088485718 1.291152000427246
v 0.05820544809103012 -1.8845691680908203 1.3125348091125488
v 0.06034933775663376 -1.8824248313903809 1.3125348091125488
v 0.061421267688274384 -1.880280613899231 1.3129098415374756
v 0.06177859753370285 -1.877421498298645 1.3136601448059082
v 0.06499441713094711 -1.88564133644104 1.3342926502227783
v 0.06570901721715927 -1.882782220840454 1.335042953491211
v 0.0639224573969841 -1.888500452041626 1.333917498588562
v 0.062493227422237396 -1.8906446695327759 1.333917498588562
v 0.06713827699422836 -1.8967201709747314 1.3549251556396484
v 0.06892483681440353 -1.8942184448242188 1.3553003072738647
v 0.06999679654836655 -1.8913594484329224 1.3556753396987915
v 0.06999679654836655 -1.8885003328323364 1.3564256429672241
v 0.06963946670293808 -1.88564133644104 1.3571759462356567
v 0.06535171717405319 -1.880280613899231 1.335793137550354
v 0.06821023672819138 -1.8831396102905273 1.3579262495040894
v 0.06463708728551865 -1.877421498298645 1.3365434408187866
v 0.07499917596578598 -1.8906446695327759 1.3781836032867432
v 0.07356991618871689 -1.88778555393219 1.3793089389801025
v 0.07928692549467087 -1.8917168378829956 1.400316596031189
v 0.08071618527173996 -1.894575834274292 1.39919114112854
v 0.07571380585432053 -1.8935037851333618 1.3774333000183105
v 0.08178811520338058 -1.897434949874878 1.398440957069397
v 0.07571380585432053 -1.8963627815246582 1.376682996749878
v 0.08857705444097519 -1.8970775604248047 1.4198236465454102
v 0.09036361426115036 -1.9002939462661743 1.4190733432769775
v 0.08643319457769394 -1.8938610553741455 1.420949101448059
v 0.09608062356710434 -1.8935037851333618 1.4404561519622803
v 0.09858181327581406 -1.897434949874878 1.4393306970596313
v 0.10894390195608139 -1.8970775604248047 1.4580875635147095
v 0.11108779162168503 -1.9024382829666138 1.4569621086120605
v 0.12180718034505844 -1.894575834274292 1.4745935201644897
v 0.11751943081617355 -1.8888577222824097 1.476844310760498
v 0.10572808235883713 -1.8927890062332153 1.4599632024765015
v 0.10036840289831161 -1.9017235040664673 1.4385803937911987
v 0.09072094410657883 -1.9038678407669067 1.4183231592178345
v 0.08214541524648666 -1.9006513357162476 1.3976906538009644
v 0.07428454607725143 -1.8992218971252441 1.376682996749878
v 0.0814308151602745 -1.9038678407669067 1.3976906538009644
v 0.08750512450933456 -1.9106581211090088 1.4186981916427612
v 0.09679525345563889 -1.914589285850525 1.438955545425415
v 0.0896490141749382 -1.9077990055084229 1.4183231592178345
v 0.09965377300977707 -1.911015510559082 1.438205361366272
v 0.1007257029414177 -1.9063695669174194 1.438205361366272
v 0.11215972155332565 -1.908156394958496 1.4565869569778442
v 0.11108779162168503 -1.9135171175003052 1.4573372602462769
v 0.10787197202444077 -1.9181631803512573 1.4588377475738525
v 0.10394152253866196 -1.9210221767425537 1.4610886573791504
v 0.11716210097074509 -1.9231665134429932 1.4813460111618042
v 0.12573763728141785 -1.908156394958496 1.4734680652618408
v 0.12466567009687424 -1.901366114616394 1.4734680652618408
v 0.14110207557678223 -1.8981497287750244 1.488098382949829
v 0.14253133535385132 -1.9063695669174194 1.4884735345840454
v 0.1414594054222107 -1.9138745069503784 1.49109947681427
v 0.12466567009687424 -1.9149466753005981 1.474968671798706
v 0.13824358582496643 -1.9195927381515503 1.4952260255813599
v 0.12180718034505844 -1.9199501276016235 1.4775946140289307
v 0.13359850645065308 -1.9235239028930664 1.5001027584075928
v 0.1278814971446991 -1.9245960712432861 1.5057297945022583
v 0.14610445499420166 -1.9231665134429932 1.5244866609573364
v 0.15253609418869019 -1.9220943450927734 1.517734169960022
v 0.15753847360610962 -1.9181631803512573 1.5109816789627075
v 0.16075429320335388 -1.9113729000091553 1.5057297945022583
v 0.1618262231349945 -1.9031530618667603 1.502353549003601
v 0.16003966331481934 -1.8931463956832886 1.5012282133102417
v 0.15610921382904053 -1.8831396102905273 1.5027287006378174
v 0.13752895593643188 -1.8895725011825562 1.489223837852478
v 0.1496776044368744 -1.8738476037979126 1.5057297945022583
v 0.13216924667358398 -1.8824248313903809 1.492224931716919
v 0.17647606134414673 -1.875991940498352 1.5151082277297974
v 0.16897249221801758 -1.8649131059646606 1.5192346572875977
v 0.18826739490032196 -1.8563358783721924 1.5334898233413696
v 0.1972002238035202 -1.8684868812561035 1.5282379388809204
v 0.18112114071846008 -1.88778555393219 1.5136076211929321
v 0.20291723310947418 -1.8824248313903809 1.5267374515533447
v 0.18290770053863525 -1.8992218971252441 1.514733076095581
v 0.2175670564174652 -1.862411379814148 1.5436185598373413
v 0.22399869561195374 -1.877421498298645 1.542117953300476
v 0.20720498263835907 -1.8481160402297974 1.5484952926635742
v 0.22542795538902283 -1.8402535915374756 1.5646260976791382
v 0.23757658898830414 -1.8559784889221191 1.5589990615844727
v 0.2568714916706085 -1.8488308191299438 1.5747548341751099
v 0.2650896906852722 -1.8674147129058838 1.573629379272461
v 0.274737149477005 -1.8413257598876953 1.5908856391906738
v 0.25794342160224915 -1.8223844766616821 1.5965126752853394
v 0.24186435341835022 -1.8323912620544434 1.581132173538208
v 0.2447228580713272 -1.8724181652069092 1.5578737258911133
v 0.2257852554321289 -1.8917168378829956 1.5443687438964844
v 0.20470379292964935 -1.8952906131744385 1.528988242149353
v 0.18183577060699463 -1.9085137844085693 1.5192346572875977
v 0.17790532112121582 -1.9156614542007446 1.525987148284912
v 0.20291723310947418 -1.905654788017273 1.533864974975586
v 0.22364138066768646 -1.9035104513168335 1.5503709316253662
v 0.24686673283576965 -1.8885003328323364 1.5608748197555542
v 0.26723355054855347 -1.8845691680908203 1.578131079673767
v 0.28509920835494995 -1.8613392114639282 1.5901353359222412
v 0.30403679609298706 -1.8538341522216797 1.6058911085128784
v 0.29188814759254456 -1.8320338726043701 1.6058911085128784
v 0.27295055985450745 -1.811663031578064 1.6118932962417603
v 0.3076099455356598 -1.874562382698059 1.6141440868377686
v 0.28760039806365967 -1.8799231052398682 1.596137523651123
v 0.26473236083984375 -1.8988643884658813 1.586008906364441
v 0.24436554312705994 -1.9017235040664673 1.567627191543579
v 0.21863900125026703 -1.9128023386001587 1.5582488775253296
v 0.19827216863632202 -1.9135171175003052 1.5417428016662598
v 0.17218831181526184 -1.9203073978424072 1.5342401266098022
v 0.1646847426891327 -1.921379566192627 1.5424931049346924
v 0.19148321449756622 -1.918520450592041 1.5507460832595825
v 0.2107781171798706 -1.917805790901184 1.5680023431777954
v 0.23864853382110596 -1.9113729000091553 1.5762553215026855
v 0.2583007514476776 -1.9092285633087158 1.5957624912261963
v 0.28474190831184387 -1.8952906131744385 1.605515956878662
v 0.30403679609298706 -1.8906446695327759 1.6261484622955322
v 0.322259783744812 -1.8845691680908203 1.6490317583084106
v 0.3347657322883606 -1.88778555393219 1.691046953201294
v 0.35334599018096924 -1.8738476037979126 1.7169313430786133
v 0.37371283769607544 -1.857408046722412 1.7349379062652588
v 0.36013495922088623 -1.8566932678222656 1.7608222961425781
v 0.37764328718185425 -1.835607647895813 1.7720763683319092
v 0.35298869013786316 -1.8230992555618286 1.793083906173706
v 0.3158281445503235 -1.8188105821609497 1.7822049856185913
v 0.30689531564712524 -1.83417809009552 1.7679498195648193
v 0.3347657322883606 -1.8495455980300903 1.7762027978897095
v 0.31904396414756775 -1.8670573234558105 1.7473173141479492
v 0.3390534818172455 -1.8742049932479858 1.7356882095336914
v 0.30546605587005615 -1.8820674419403076 1.7173064947128296
v 0.32190245389938354 -1.889215111732483 1.7064275741577148
v 0.3051087558269501 -1.899936556816101 1.676791787147522
v 0.315470814704895 -1.896005392074585 1.663662075996399
v 0.2965332269668579 -1.9020808935165405 1.6385279893875122
v 0.2779529392719269 -1.9067268371582031 1.6160197257995605
v 0.2490106076002121 -1.9149466753005981 1.606641411781311
v 0.230073019862175 -1.9167336225509644 1.5867592096328735
v 0.20113065838813782 -1.918520450592041 1.5785062313079834
v 0.18290770053863525 -1.9195926189422607 1.5601245164871216
v 0.15610921382904053 -1.917805790901184 1.5499958992004395
v 0.17326025664806366 -1.9167336225509644 1.568752646446228
v 0.1904112696647644 -1.9149466753005981 1.5882596969604492
v 0.17933456599712372 -1.9056546688079834 1.59538733959198
v 0.1957709640264511 -1.9035104513168335 1.6167700290679932
v 0.20791961252689362 -1.9124449491500854 1.6081418991088867
v 0.21935363113880157 -1.9163762331008911 1.5976381301879883
v 0.2379339039325714 -1.914589285850525 1.6182706356048584
v 0.2257852554321289 -1.9103007316589355 1.6295247077941895
v 0.21292199194431305 -1.9002939462661743 1.6385279893875122
v 0.20077335834503174 -1.8859986066818237 1.6430295705795288
v 0.21828168630599976 -1.879565715789795 1.664412260055542
v 0.2365046590566635 -1.870631217956543 1.6839194297790527
v 0.23221689462661743 -1.8942184448242188 1.6599106788635254
v 0.2447228580713272 -1.9049400091171265 1.6509073972702026
v 0.25651416182518005 -1.9113729000091553 1.6396533250808716
v 0.267948180437088 -1.911730170249939 1.627648949623108
v 0.2868857681751251 -1.9067268371582031 1.6505322456359863
v 0.27545174956321716 -1.9049400091171265 1.6621614694595337
v 0.29296010732650757 -1.894575834274292 1.6876707077026367
v 0.2636604309082031 -1.8970775604248047 1.6726653575897217
v 0.2915308475494385 -1.864912986755371 1.719557285308838
v 0.28081145882606506 -1.882782220840454 1.6947983503341675
v 0.2518691122531891 -1.8856412172317505 1.6805431842803955
v 0.27009207010269165 -1.8702738285064697 1.6970491409301758
v 0.28116875886917114 -1.8516899347305298 1.7169313430786133
v 0.29867711663246155 -1.849188208580017 1.7454416751861572
v 0.5998919606208801 -1.4767950773239136 1.9731491804122925
v 0.5931029915809631 -1.493234634399414 1.9780259132385254
v 0.5938176512718201 -1.5203957557678223 1.966396689414978
v 0.5834555625915527 -1.5450552701950073 1.962645411491394
v 0.5834555625915527 -1.5682851076126099 1.948390245437622
v 0.5952469110488892 -1.5761475563049316 1.9476399421691895
v 0.6113259792327881 -1.5868690013885498 1.9412626028060913
v 0.6259757876396179 -1.595446228981018 1.926632285118103
v 0.6023931503295898 -1.6204630136489868 1.9206302165985107
v 0.5902445316314697 -1.6075972318649292 1.9333847761154175
v 0.574165403842926 -1.594016671180725 1.942012906074524
v 0.574165403842926 -1.5807934999465942 1.9468896389007568
v 0.5666618347167969 -1.579006552696228 1.952141523361206
v 0.5734508037567139 -1.566855549812317 1.9573935270309448
v 0.5716642141342163 -1.544697880744934 1.9746497869491577
v 0.5830982327461243 -1.5171793699264526 1.977650761604309
v 0.5788105130195618 -1.4846575260162354 1.9870291948318481
v 0.5884579420089722 -1.465358853340149 1.981777310371399
v 0.5863140821456909 -1.4349812269210815 1.988154649734497
v 0.5834555625915527 -1.4017446041107178 1.997908115386963
v 0.6041797399520874 -1.382088541984558 1.9994087219238281
v 0.6231173276901245 -1.3635046482086182 1.9986584186553955
v 0.5981054306030273 -1.3438485860824585 1.9975329637527466
v 0.5791677832603455 -1.3642194271087646 2.0001590251922607
v 0.5598729252815247 -1.3874492645263672 1.9956573247909546
v 0.5934603214263916 -1.3091824054718018 1.9780259132385254
v 0.5766665935516357 -1.328123688697815 1.9840281009674072
v 0.5584436655044556 -1.3492093086242676 1.9870291948318481
v 0.5791677832603455 -1.30131995677948 1.9585188627243042
v 0.5970334410667419 -1.285595178604126 1.9525166749954224
v 0.5891726016998291 -1.280234456062317 1.9367609024047852
v 0.609896719455719 -1.2662965059280396 1.9337599277496338
v 0.6356232762336731 -1.258791446685791 1.9431382417678833
v 0.6606351733207703 -1.249142050743103 1.953266978263855
v 0.6856470704078674 -1.2348467111587524 1.9558929204940796
v 0.6731411218643188 -1.2298433780670166 1.9468896389007568
v 0.6649229526519775 -1.226626992225647 1.9352604150772095
v 0.6595632433891296 -1.2244826555252075 1.9225057363510132
v 0.651702344417572 -1.2444961071014404 1.9393868446350098
v 0.6574193835258484 -1.2255548238754272 1.9082505702972412
v 0.6745703816413879 -1.2109020948410034 1.9033738374710083
v 0.6956518292427063 -1.2084004878997803 1.8853672742843628
v 0.7006542086601257 -1.2209088802337646 1.872612714767456
v 0.7067285180091858 -1.2359189987182617 1.8598580360412598
v 0.6924360394477844 -1.258791446685791 1.8504797220230103
v 0.6860044002532959 -1.2423518896102905 1.8609834909439087
v 0.680644690990448 -1.2276991605758667 1.874488353729248
v 0.6763569116592407 -1.2173349857330322 1.8891186714172363
v 0.658491313457489 -1.2302007675170898 1.893620252609253
v 0.6617071032524109 -1.2394927740097046 1.879365086555481
v 0.6663522124290466 -1.2527159452438354 1.8658602237701416
v 0.6724265217781067 -1.2687982320785522 1.8549813032150269
v 0.6799300909042358 -1.2845230102539062 1.845978021621704
v 0.6888629198074341 -1.2995331287384033 1.8373498916625977
v 0.6974384188652039 -1.3152580261230469 1.8290969133377075
v 0.6899348497390747 -1.337773084640503 1.8343487977981567
v 0.6802873611450195 -1.3481372594833374 1.8433520793914795
v 0.6695680022239685 -1.361003041267395 1.8448526859283447
v 0.6413402557373047 -1.359573483467102 1.8553564548492432
v 0.622759997844696 -1.3706523180007935 1.8579823970794678
v 0.5981054306030273 -1.372796654701233 1.8804905414581299
v 0.5838128924369812 -1.3874493837356567 1.8894938230514526
v 0.5655899047851562 -1.396741271018982 1.9071252346038818
v 0.5498681664466858 -1.4149677753448486 1.9071252346038818
v 0.5395060777664185 -1.40639066696167 1.9108766317367554
v 0.5244989395141602 -1.4256893396377563 1.9048744440078735
v 0.5270001292228699 -1.3960264921188354 1.9101263284683228
v 0.5287866592407227 -1.3660063743591309 1.9116268157958984
v 0.5409353375434875 -1.3756556510925293 1.9090008735656738
v 0.5548705458641052 -1.3867346048355103 1.9097511768341064
v 0.5673764944076538 -1.368507981300354 1.9014981985092163
v 0.5791677832603455 -1.3788721561431885 1.899247407913208
v 0.5909591317176819 -1.363147258758545 1.8891186714172363
v 0.6145418286323547 -1.3599308729171753 1.8741133213043213
v 0.6309782266616821 -1.3484946489334106 1.8703619241714478
v 0.6567047238349915 -1.3481372594833374 1.8549813032150269
v 0.6688534021377563 -1.3359861373901367 1.8504797220230103
v 0.680644690990448 -1.3241925239562988 1.8399758338928223
v 0.6713545322418213 -1.310969352722168 1.8482288122177124
v 0.6624217629432678 -1.2973887920379639 1.856481909751892
v 0.6549181938171387 -1.282021403312683 1.8651100397109985
v 0.6492011547088623 -1.2659391164779663 1.8752386569976807
v 0.6459853649139404 -1.253430724143982 1.8872430324554443
v 0.6438414454460144 -1.2455682754516602 1.8996224403381348
v 0.6313354969024658 -1.267011284828186 1.896246314048767
v 0.6352659463882446 -1.278804898262024 1.8864927291870117
v 0.6413402557373047 -1.2948871850967407 1.8782397508621216
v 0.6495584845542908 -1.3113267421722412 1.8711121082305908
v 0.6588485836982727 -1.324549913406372 1.861358642578125
v 0.6463426351547241 -1.3374156951904297 1.8684861660003662
v 0.621330738067627 -1.3349140882492065 1.8823662996292114
v 0.6059662699699402 -1.3481372594833374 1.883866786956787
v 0.5791677832603455 -1.3506388664245605 1.8913694620132446
v 0.5527266263961792 -1.3559995889663696 1.901123046875
v 0.6366952061653137 -1.3234777450561523 1.8801153898239136
v 0.6102540493011475 -1.3174022436141968 1.885742425918579
v 0.5934603214263916 -1.332769751548767 1.8864927291870117
v 0.5816690325737 -1.316330075263977 1.8906192779541016
v 0.5659472346305847 -1.33634352684021 1.8947457075119019
v 0.627405047416687 -1.3059660196304321 1.8861175775527954
v 0.6199014782905579 -1.2891690731048584 1.8924949169158936
v 0.6006066203117371 -1.2998905181884766 1.8909943103790283
v 0.5730934739112854 -1.3048938512802124 1.8988722562789917
v 0.5562998056411743 -1.324549913406372 1.9018733501434326
v 0.5416499376296997 -1.3449207544326782 1.9067500829696655
v 0.5352182984352112 -1.3374156951904297 1.9176290035247803
v 0.521640419960022 -1.3599308729171753 1.9206300973892212
v 0.5330744385719299 -1.3341991901397705 1.9318841695785522
v 0.5198538303375244 -1.3574291467666626 1.9337599277496338
v 0.5080625414848328 -1.3817311525344849 1.9326344728469849
v 0.5509400963783264 -1.3174022436141968 1.91350257396698
v 0.5230696797370911 -1.3588587045669556 1.9491404294967651
v 0.510921061038971 -1.383518099784851 1.945764183998108
v 0.4937700033187866 -1.4053184986114502 1.9423880577087402
v 0.5002016425132751 -1.4121087789535522 1.9555177688598633
v 0.5166380405426025 -1.3892362117767334 1.9603945016860962
v 0.5295013189315796 -1.3638620376586914 1.966396689414978
v 0.5262854695320129 -1.3988856077194214 1.9761502742767334
v 0.5119929909706116 -1.4228302240371704 1.9678972959518433
v 0.49591389298439026 -1.4446306228637695 1.9652713537216187
v 0.5166380405426025 -1.4582111835479736 1.975775122642517
v 0.5291439890861511 -1.4349812269210815 1.9791513681411743
v 0.5430791974067688 -1.4113940000534058 1.9877794981002808
v 0.5659472346305847 -1.4224728345870972 1.9892799854278564
v 0.5512974262237549 -1.4449880123138428 1.9844032526016235
v 0.5420072674751282 -1.373868703842163 1.9832777976989746
v 0.5448657870292664 -1.3395600318908691 1.9678972959518433
v 0.5366475582122803 -1.334913969039917 1.9487652778625488
v 0.5523693561553955 -1.313828468322754 1.9453890323638916
v 0.5487962365150452 -1.3134710788726807 1.927757740020752
v 0.5673764944076538 -1.295959234237671 1.9240063428878784
v 0.5684484243392944 -1.2984609603881836 1.910501480102539
v 0.5881006121635437 -1.2805918455123901 1.9093760251998901
v 0.5934603214263916 -1.2880969047546387 1.8996224403381348
v 0.6138271689414978 -1.277375340461731 1.9007478952407837
v 0.609896719455719 -1.269155502319336 1.9101263284683228
v 0.5863140821456909 -1.2784475088119507 1.9221307039260864
v 0.5705922842025757 -1.2970314025878906 1.9401371479034424
v 0.5620167851448059 -1.319189190864563 1.9641458988189697
v 0.6081101894378662 -1.2652243375778198 1.9210052490234375
v 0.6284769773483276 -1.255932331085205 1.9180041551589966
v 0.6302635669708252 -1.2555749416351318 1.9300085306167603
v 0.647057294845581 -1.242351770401001 1.9258819818496704
v 0.6441987752914429 -1.242351770401001 1.9131274223327637
v 0.6288343071937561 -1.2595062255859375 1.9067500829696655
v 0.558800995349884 -1.5693572759628296 1.9667718410491943
v 0.5516546964645386 -1.5882985591888428 1.952141523361206
v 0.5334317684173584 -1.6122431755065918 1.9468896389007568
v 0.5523693561553955 -1.619390845298767 1.9416377544403076
v 0.5641606450080872 -1.6283254623413086 1.9318842887878418
v 0.5709496140480042 -1.6361879110336304 1.9176291227340698
v 0.5734508037567139 -1.6429781913757324 1.902248501777649
v 0.5691630244255066 -1.6501258611679077 1.8891187906265259
v 0.550582766532898 -1.6565587520599365 1.9075003862380981
v 0.5445084571838379 -1.6644212007522583 1.900372862815857
v 0.5437938570976257 -1.6579883098602295 1.9191296100616455
v 0.5366475582122803 -1.654414415359497 1.9315091371536255
v 0.5248562693595886 -1.6472667455673218 1.9405124187469482
v 0.5091344714164734 -1.6369026899337769 1.9393869638442993
v 0.5137795209884644 -1.6075972318649292 1.9427632093429565
v 0.5270001292228699 -1.5882985591888428 1.9566432237625122
v 0.5402206778526306 -1.5693572759628296 1.9742746353149414
v 0.5552278161048889 -1.5407665967941284 1.983652949333191
v 0.568091094493866 -1.511103868484497 1.9877794981002808
v 0.5609448552131653 -1.476080298423767 1.9896551370620728
v 0.5720215439796448 -1.4546372890472412 1.9866540431976318
v 0.5295013189315796 -1.675857424736023 1.9123772382736206
v 0.5162807106971741 -1.6765722036361694 1.9217555522918701
v 0.5402206778526306 -1.4685752391815186 1.983652949333191
v 0.5502254366874695 -1.5035988092422485 1.9915308952331543
v 0.5309305787086487 -1.4939494132995605 1.9829027652740479
v 0.5073478817939758 -1.4814410209655762 1.9720237255096436
v 0.49877238273620605 -1.5035988092422485 1.9667718410491943
v 0.4855518043041229 -1.5225400924682617 1.9618951082229614
v 0.5048466920852661 -1.5407665967941284 1.9686475992202759
v 0.5198538303375244 -1.5196809768676758 1.9780259132385254
v 0.5384341478347778 -1.5332615375518799 1.9859038591384888
v 0.5223550200462341 -1.5593504905700684 1.9735243320465088
v 0.503417432308197 -1.5793639421463013 1.956268072128296
v 0.4969858229160309 -1.6040234565734863 1.9431383609771729
v 0.49627119302749634 -1.6279680728912354 1.9326344728469849
v 0.4898395538330078 -1.6583455801010132 1.9243814945220947
v 0.5030601620674133 -1.6704967021942139 1.9266324043273926
v 0.5069906115531921 -1.6933691501617432 1.9063750505447388
v 0.49162614345550537 -1.6890805959701538 1.9093761444091797
v 0.4859091341495514 -1.7069497108459473 1.8883684873580933
v 0.47840553522109985 -1.67442786693573 1.9101263284683228
v 0.5244989395141602 -1.6887232065200806 1.8999977111816406
v 0.505561351776123 -1.7101662158966064 1.8887436389923096
v 0.54522305727005 -1.6769295930862427 1.8917447328567505
v 0.5480815768241882 -1.6965856552124023 1.8819911479949951
v 0.5466523170471191 -1.721602439880371 1.862484097480774
v 0.5255708694458008 -1.7276779413223267 1.8684862852096558
v 0.5255708694458008 -1.706592321395874 1.8872430324554443
v 0.5087771415710449 -1.7255336046218872 1.8729878664016724
v 0.4966285228729248 -1.7308944463729858 1.864359736442566
v 0.48126405477523804 -1.731966495513916 1.8542311191558838
v 0.47018733620643616 -1.7126678228378296 1.8778647184371948
v 0.45089244842529297 -1.721602439880371 1.8789900541305542
v 0.46089720726013184 -1.6926543712615967 1.8928700685501099
v 0.44553273916244507 -1.7019463777542114 1.8939955234527588
v 0.42266473174095154 -1.7087366580963135 1.8958711624145508
v 0.40051132440567017 -1.7040907144546509 1.894370675086975
v 0.47125929594039917 -1.6844346523284912 1.897371768951416
v 0.4491058886051178 -1.672998309135437 1.8988722562789917
v 0.43624261021614075 -1.684791922569275 1.901123046875
v 0.4230220317840576 -1.6951560974121094 1.901123046875
v 0.421950101852417 -1.67442786693573 1.9052495956420898
v 0.409444123506546 -1.6905101537704468 1.9026236534118652
v 0.3822883367538452 -1.6897953748703003 1.8887436389923096
v 0.3740701377391815 -1.6955134868621826 1.8778647184371948
v 0.36263614892959595 -1.6733556985855103 1.8684862852096558
v 0.3712116479873657 -1.667637586593628 1.8797403573989868
v 0.37764328718185425 -1.6644212007522583 1.8902441263198853
v 0.38014447689056396 -1.6429781913757324 1.889868974685669
v 0.40622833371162415 -1.6347583532333374 1.9075003862380981
v 0.41730502247810364 -1.6265385150909424 1.9198799133300781
v 0.43088293075561523 -1.6179614067077637 1.9375113248825073
v 0.4351706802845001 -1.5861542224884033 1.9491405487060547
v 0.46053990721702576 -1.570072054862976 1.9592691659927368
v 0.48519450426101685 -1.5554193258285522 1.9615199565887451
v 0.47590434551239014 -1.5897281169891357 1.9566432237625122
v 0.4344560503959656 -1.6608473062515259 1.9048744440078735
v 0.4830506145954132 -1.6050955057144165 1.9491405487060547
v 0.48412254452705383 -1.622249960899353 1.9333847761154175
v 0.4519643783569336 -1.603666067123413 1.9510161876678467
v 0.47018733620643616 -1.6179614067077637 1.9431383609771729
v 0.45267900824546814 -1.6311845779418945 1.932259440422058
v 0.4380291700363159 -1.639404296875 1.9191296100616455
v 0.468400776386261 -1.6358305215835571 1.9217555522918701
v 0.4791201651096344 -1.6447651386260986 1.9202550649642944
v 0.4669715464115143 -1.6569161415100098 1.9090009927749634
v 0.45518019795417786 -1.6458371877670288 1.9120020866394043
v 0.42659515142440796 -1.643692970275879 1.908625841140747
v 0.445175439119339 -1.6515554189682007 1.904124140739441
v 0.4148038327693939 -1.6533422470092773 1.9071252346038818
v 0.3947943150997162 -1.6469093561172485 1.9026236534118652
v 0.3876480460166931 -1.6601325273513794 1.8996225595474243
v 0.3908638656139374 -1.6808607578277588 1.8984971046447754
v 0.40229788422584534 -1.667637586593628 1.9059998989105225
v 0.45911064743995667 -1.664063811302185 1.900372862815857
vn -0.3035110533237457 -0.45651906728744507 0.8363440036773682
vn -0.4186555743217468 -0.46427658200263977 0.7804964780807495
vn -0.6245839595794678 -0.47584617137908936 0.619245707988739
vn -0.516460657119751 -0.29485446214675903 0.8039460182189941
vn -0.6906126737594604 -0.3445279896259308 0.6358888745307922
vn -0.20982049405574799 -0.024029182270169258 0.977444589138031
vn -0.15223710238933563 -0.1501735895872116 0.9768683314323425
vn -0.12424197793006897 -0.299026757478714 0.9461220502853394
vn -0.07541158050298691 -0.14152827858924866 0.987057626247406
vn -0.12429655343294144 -0.06767364591360092 0.9899346828460693
vn -0.19507868587970734 -0.01092310156673193 0.9807267785072327
vn -0.2316824346780777 0.14585265517234802 0.9617953300476074
vn -0.2791445255279541 0.15880773961544037 0.9470261335372925
vn -0.6641961336135864 -0.054590124636888504 0.7455624938011169
vn -0.3574104905128479 0.23163942992687225 0.9047656655311584
vn -0.7257013320922852 0.14585259556770325 0.6723724007606506
vn -0.8282529711723328 -0.07638977468013763 0.5551230311393738
vn -0.23910951614379883 0.04149745777249336 0.9701054692268372
vn -0.29904481768608093 0.15017390251159668 0.9423481225967407
vn -0.20249100029468536 0.002184853656217456 0.9792816638946533
vn -0.11304984241724014 -0.13720153272151947 0.9840708374977112
vn 0.03207465633749962 -0.21460239589214325 0.9761747121810913
vn -0.0018876121612265706 -0.11118893325328827 0.9937974810600281
vn -0.08675739169120789 -0.34042277932167053 0.9362614750862122
vn -0.21328960359096527 -0.4604021906852722 0.8617060780525208
vn -0.16162775456905365 -0.2654951214790344 0.9504677057266235
vn -0.3347899615764618 -0.1501736044883728 0.9302491545677185
vn -0.41832202672958374 -0.2231292873620987 0.8804658055305481
vn -0.3027336597442627 -0.18892605602741241 0.9341623783111572
vn -0.5783395767211914 -0.35271844267845154 0.7356038689613342
vn -0.5424478650093079 -0.24437053501605988 0.8037620186805725
vn -0.23551924526691437 -0.2654951214790344 0.9349027276039124
vn -0.7042521238327026 -0.44090017676353455 0.5564494132995605
vn -0.7680552005767822 -0.3363111615180969 0.5449642539024353
vn -0.8630335330963135 0.032764654606580734 0.504082977771759
vn -0.8996906280517578 -0.2906765937805176 0.3256745934486389
vn -0.8484882116317749 -0.3363111913204193 0.408610463142395
vn -0.8587921857833862 -0.16742922365665436 0.4841935932636261
vn -0.7149092555046082 -0.2486051321029663 0.6535290479660034
vn -0.7532278895378113 -0.24437056481838226 0.6106805801391602
vn -0.6182412505149841 -0.2906765341758728 0.7302636504173279
vn -0.6659184098243713 -0.33631113171577454 0.6659184694290161
vn -0.7103826403617859 -0.2906765341758728 0.6409865021705627
vn -0.5122531652450562 -0.2654951512813568 0.8167674541473389
vn -0.22463715076446533 -0.1674291491508484 0.9599508047103882
vn -0.17456889152526855 -0.1501735895872116 0.9731256365776062
vn -0.455741822719574 -0.21033279597759247 0.8649043440818787
vn -0.5550174117088318 -0.13720156252384186 0.8204458355903625
vn -0.3332359790802002 -0.024029187858104706 0.9425371885299683
vn 0.04337966814637184 0.11553048342466354 0.9923562407493591
vn -0.06791467219591141 -0.0021845316514372826 0.9976887702941895
vn 0.2719154953956604 0.08074590563774109 0.958927571773529
vn 0.18764175474643707 -0.019660836085677147 0.9820407629013062
vn 0.12429195642471313 -0.20605912804603577 0.9706138372421265
vn 0.3630610704421997 -0.09380365908145905 0.9270315766334534
vn 0.333331435918808 0.0021848478354513645 0.9428071975708008
vn 0.1856818050146103 0.11553047597408295 0.9757945537567139
vn 0.09415028989315033 0.2697054445743561 0.9583290815353394
vn -0.0018864679150283337 0.38923367857933044 0.9211370944976807
vn -0.07535182684659958 0.5025206804275513 0.8612752556800842
vn -0.29554054141044617 0.1889263540506363 0.9364628195762634
vn -0.005659198388457298 0.1932152509689331 0.9811400175094604
vn 0.05466083809733391 0.45651936531066895 0.8880327939987183
vn 0.2010238915681839 0.6682643890380859 0.716248631477356
vn 0.2995184063911438 0.6181070804595947 0.7267959713935852
vn 0.3722049295902252 0.5025206804275513 0.7803438305854797
vn 0.4953807294368744 0.3608822524547577 0.7901657223701477
vn 0.5859332084655762 0.21460269391536713 0.7814268469810486
vn 0.6355933547019958 0.15880770981311798 0.7555139064788818
vn 0.38960394263267517 -0.015292124822735786 0.9208555221557617
vn 0.36140647530555725 0.03713144361972809 0.931668758392334
vn -0.6525099873542786 -0.369018018245697 0.661858320236206
vn -0.7289641499519348 -0.307354211807251 0.6116736531257629
vn 0.5449851155281067 0.15880772471427917 0.823268711566925
vn 0.6309707760810852 0.35271868109703064 0.6909887194633484
vn 0.7636630535125732 0.33631134033203125 0.5511019825935364
vn 0.7468805909156799 0.3445281684398651 0.5687439441680908
vn 0.6524956822395325 0.5025206804275513 0.5672057867050171
vn 0.5411351323127747 0.6215358972549438 0.566450297832489
vn 0.48944276571273804 0.6969946026802063 0.5240651369094849
vn 0.3980182707309723 0.72162926197052 0.5664209127426147
vn 0.531912624835968 0.7654200196266174 0.3622170090675354
vn 0.6000967025756836 0.7336177825927734 0.3188870847225189
vn 0.6611213088035583 0.6682643294334412 0.3410886228084564
vn 0.7732934355735779 0.5324284434318542 0.3442923128604889
vn 0.8422281742095947 0.4251466691493988 0.33151474595069885
vn 0.8109421730041504 0.4565192759037018 0.36600950360298157
vn 0.7231727838516235 0.5287247896194458 0.44437724351882935
vn 0.751063346862793 0.4681422710418701 0.46556058526039124
vn 0.6123964786529541 0.31980133056640625 0.7229782938957214
vn 0.6440936923027039 0.17173552513122559 0.7454195618629456
vn 0.49619975686073303 0.04586266353726387 0.8669962286949158
vn 0.4805262088775635 0.15880772471427917 0.8624817132949829
vn 0.8358286023139954 0.315658301115036 0.44916632771492004
vn 0.7118129134178162 0.04149741679430008 0.7011421918869019
vn 0.9063683748245239 0.18033774197101593 0.3820662796497345
vn 0.8723219037055969 0.25706014037132263 0.4159020781517029
vn 0.9462067484855652 0.30319347977638245 -0.1129889041185379
vn 0.9179144501686096 0.3932546079158783 -0.05276300013065338
vn 0.828562319278717 0.5580654144287109 0.045248959213495255
vn 0.7911656498908997 0.360882043838501 -0.4937823712825775
vn 0.73061203956604 0.5062932968139648 -0.45811915397644043
vn 0.7762535214424133 0.6249527335166931 0.0828520655632019
vn 0.8452650904655457 0.5324283838272095 0.045242682099342346
vn 0.8854013085365295 0.4642767012119293 0.022619234398007393
vn 0.7257627844810486 0.513809859752655 -0.4574580192565918
vn 0.6695069074630737 0.6112138628959656 -0.42211148142814636
vn 0.41129282116889954 0.3811689615249634 -0.8279784917831421
vn 0.5298382639884949 -0.03713115304708481 0.8472855091094971
vn 0.7355162501335144 0.06767392158508301 0.6741187572479248
vn 0.31247639656066895 0.40527236461639404 -0.8591349124908447
vn 0.35731077194213867 0.299026757478714 -0.8848231434822083
vn 0.4392545223236084 0.1285402774810791 -0.8891191482543945
vn 0.022632893174886703 0.10684558749198914 -0.9940179586410522
vn -0.0018874495290219784 0.2443705052137375 -0.96968013048172
vn 0.7879539132118225 0.39325451850891113 -0.47379270195961
vn 0.8370406627655029 0.5471406579017639 -8.914070548371456e-8
vn 0.7429691553115845 0.6682642698287964 -0.037679240107536316
vn 0.6795205473899841 0.7336177229881287 0.007543570827692747
vn 0.7178195714950562 0.5361218452453613 -0.44419416785240173
vn 0.7724684476852417 0.44481775164604187 -0.4532434940338135
vn 0.5635433793067932 0.18463356792926788 -0.8051890134811401
vn 0.3187994956970215 -0.14152859151363373 -0.9371961355209351
vn 0.5675896406173706 0.2990267872810364 -0.7670886516571045
vn 0.17083361744880676 -0.11553047597408295 -0.9785032272338867
vn 0.024529965594410896 0.13287216424942017 -0.990829586982727
vn 0.16347599029541016 -0.11118925362825394 -0.980261504650116
vn 0.29361364245414734 -0.2654954195022583 -0.9183154106140137
vn 0.35450875759124756 -0.13720184564590454 -0.9249320030212402
vn 0.5926268100738525 0.010923130437731743 -0.8054030537605286
vn 0.5074438452720642 0.22738640010356903 -0.8311415314674377
vn 0.38241952657699585 0.03713114187121391 -0.923242449760437
vn 0.49292534589767456 0.45651909708976746 -0.7406854033470154
vn 0.3043656349182129 0.19750013947486877 -0.9318558573722839
vn 0.20973636209964752 0.03713113069534302 -0.9770526885986328
vn 0.18192844092845917 0.3321930468082428 -0.9254997968673706
vn 0.32173120975494385 0.5361217856407166 -0.7804245352745056
vn 0.5151187777519226 0.718597412109375 -0.4671942889690399
vn 0.6687513589859009 0.6418573260307312 -0.37522104382514954
vn 0.6060134768486023 0.7954543828964233 -1.2959621642494312e-7
vn 0.43752017617225647 0.8261216282844543 0.3551044762134552
vn 0.3427283465862274 0.7155521512031555 0.6087055802345276
vn 0.20492881536483765 0.6077499985694885 0.7672314643859863
vn 0.36270377039909363 0.5580655336380005 0.746330201625824
vn 0.2891165316104889 0.4092632830142975 0.8653988838195801
vn 0.4769253134727478 0.5471407771110535 0.687880277633667
vn 0.43638649582862854 0.7155520915985107 0.5454832911491394
vn 0.10168547183275223 0.23163944482803345 0.9674725532531738
vn 0.27826377749443054 0.42514675855636597 0.8612894415855408
vn -0.1598275899887085 -0.10684559494256973 0.9813455939292908
vn -0.46273157000541687 -0.08945266157388687 0.8819737434387207
vn -0.6813342571258545 -0.12420594692230225 0.7213574051856995
vn -0.8707644939422607 0.02402942068874836 0.49111276865005493
vn -0.8888564109802246 0.05895266309380531 0.4543774127960205
vn -0.22453342378139496 0.028397386893630028 0.9740525484085083
vn -0.44912412762641907 -0.13287217915058136 0.8835340738296509
vn -0.6194708943367004 -0.24013131856918335 0.747390627861023
vn -0.7332624793052673 -0.3527184724807739 0.5813052654266357
vn -0.7736124992370605 -0.2739101052284241 0.5713991522789001
vn -0.5124984979629517 0.04586266353726387 0.857462465763092
vn -0.3059704601764679 0.20605944097042084 0.9294738173484802
vn -0.0396006777882576 0.3404230773448944 0.9394381046295166
vn 0.14818809926509857 0.5212873816490173 0.840416431427002
vn -0.16320505738258362 0.436974436044693 0.8845436573028564
vn -0.37420931458473206 0.323938250541687 0.8689254522323608
vn -0.5918244123458862 0.20605942606925964 0.779283881187439
vn -0.7313702702522278 0.0851001963019371 0.6766502261161804
vn -0.6805840730667114 -0.06331368535757065 0.7299292683601379
vn -0.7840665578842163 -0.16742919385433197 0.5976679921150208
vn -0.7871364951133728 -0.010923161171376705 0.6166820526123047
vn -0.8030186891555786 0.1846337914466858 0.566631555557251
vn -0.6836228370666504 0.29485470056533813 0.6676230430603027
vn -0.4698677957057953 0.4251467287540436 0.7736113667488098
vn -0.5698934197425842 0.5062934756278992 0.6472159028053284
vn -0.23995506763458252 0.5287248492240906 0.8141692876815796
vn -0.009432485327124596 0.6112140417098999 0.7914091348648071
vn 0.2542788088321686 0.6969946622848511 0.6704779863357544
vn 0.4387594163417816 0.5937784314155579 0.6744756102561951
vn 0.6123077869415283 0.6215358376502991 0.4886434078216553
vn 0.6017546653747559 0.6551609635353088 0.4567881226539612
vn 0.6749508380889893 0.6938547492027283 0.25101184844970703
vn 0.4929298758506775 0.8382340669631958 0.23320341110229492
vn 0.5499740839004517 0.8285757899284363 -0.10483662039041519
vn 0.47791385650634766 0.872148871421814 -0.1046648919582367
vn 0.41630658507347107 0.7216290235519409 -0.5531187057495117
vn 0.35511475801467896 0.5062932372093201 -0.7858502864837646
vn 0.7261117100715637 0.6875353455543518 0.007541141472756863
vn 0.601045548915863 0.6811634302139282 -0.4180437922477722
vn 0.6166788339614868 0.4719986319541931 -0.6300194263458252
vn 0.7188644409179688 0.6584557294845581 0.22286774218082428
vn 0.5015181303024292 0.7682245373725891 0.39788269996643066
vn 0.039516884833574295 0.8236516714096069 0.5657175779342651
vn -0.11442620307207108 0.6907017230987549 0.7140292525291443
vn -0.3289269208908081 0.7569190263748169 0.5646952390670776
vn -0.34636518359184265 0.6007871627807617 0.7204761505126953
vn 0.21604874730110168 0.9318208694458008 0.2916039526462555
vn 0.3729492425918579 0.9219872951507568 -0.1041555106639862
vn 0.6125246286392212 0.790128231048584 0.022604679688811302
vn 0.591998815536499 0.7540562152862549 -0.2844935953617096
vn 0.7294061183929443 0.67473965883255 -0.11266380548477173
vn 0.6690504550933838 0.6249526739120483 -0.4022507071495056
vn 0.7317234873771667 0.6042741537094116 -0.3153306841850281
vn 0.711275041103363 0.45651912689208984 -0.5344886183738708
vn 0.6850717067718506 0.3031933903694153 -0.6623824834823608
vn 0.6133469939231873 0.5212871432304382 -0.5933507680892944
vn 0.31651571393013 0.3115091025829315 -0.8959798812866211
vn 0.6295427083969116 0.24437054991722107 -0.7375357747077942
vn 0.3417178988456726 0.1674291491508484 -0.9247682690620422
vn 0.13735058903694153 0.163119837641716 -0.9769988059997559
vn 0.3454207479953766 0.1501736044883728 -0.9263543486595154
vn 0.49780768156051636 0.006553899496793747 -0.8672626614570618
vn 0.7505878806114197 0.44090017676353455 -0.49216344952583313
vn 0.6732008457183838 0.4052724242210388 -0.6185101866722107
vn 0.5369044542312622 0.4369741678237915 -0.7216558456420898
vn 0.30968257784843445 0.24437052011489868 -0.9189013838768005
vn 0.487038791179657 0.18463356792926788 -0.8536414504051208
vn 0.6429197788238525 0.0676736831665039 -0.7629380226135254
vn 0.6712068319320679 0.1501736342906952 -0.7258989214897156
vn 0.5455765724182129 0.4132457971572876 -0.7290912866592407
vn 0.5032298564910889 0.2906765341758728 -0.8137978315353394
vn 0.6615244746208191 0.050226740539073944 -0.7482396960258484
vn 0.6853472590446472 0.015292156487703323 -0.7280558347702026
vn 0.5449641942977905 0.33631113171577454 -0.768055260181427
vn 0.45462068915367126 0.45651909708976746 -0.7647942900657654
vn 0.4409310817718506 0.48351389169692993 -0.7561706900596619
vn 0.5920264720916748 0.4681420624256134 -0.6560088992118835
vn 0.6953080892562866 0.4526272714138031 -0.5582787990570068
vn 0.5668972730636597 0.36495351791381836 -0.7385366559028625
vn 0.6891204714775085 0.517553448677063 -0.5071995258331299
vn 0.7104591727256775 0.5616857409477234 -0.42397746443748474
vn 0.4299350678920746 0.3608819842338562 -0.8275989294052124
vn 0.2998519539833069 0.39325445890426636 -0.8691603541374207
vn 0.38299715518951416 0.4719986021518707 -0.7940595149993896
vn 0.4564749002456665 0.3608820140361786 -0.813261866569519
vn 0.6750047206878662 0.08945268392562866 -0.7323706746101379
vn 0.6397713422775269 0.037131164222955704 -0.767667829990387
vn 0.46504712104797363 0.23588746786117554 -0.8532809019088745
vn 0.25158774852752686 0.35271841287612915 -0.9012731909751892
vn 0.2750994563102722 0.38520485162734985 -0.8808731436729431
vn 0.33078017830848694 0.49494609236717224 -0.8035003542900085
vn 0.4121963381767273 0.6077497601509094 -0.6787741780281067
vn 0.5186104774475098 0.6907015442848206 -0.5039588809013367
vn 0.32679569721221924 0.703234076499939 -0.6314002871513367
vn 0.21032913029193878 0.6215356588363647 -0.7546224594116211
vn 0.12590676546096802 0.5507926940917969 -0.8250908851623535
vn 0.07907078415155411 0.4642765522003174 -0.8821536302566528
vn 0.466871440410614 0.21033279597759247 -0.85894775390625
vn -0.07346533983945847 0.5616856813430786 -0.824082612991333
vn 0.024493731558322906 0.6215356588363647 -0.7830028533935547
vn 0.13499875366687775 0.703234076499939 -0.6980237364768982
vn 0.40458303689956665 0.8161473274230957 -0.4125725030899048
vn -0.02419314906001091 0.9862475395202637 -0.16349491477012634
vn -0.2126890867948532 0.9395264983177185 0.26842746138572693
vn -0.631106436252594 0.5902569890022278 0.5032904744148254
vn -0.7628229856491089 0.3730756938457489 0.5281246304512024
vn -0.873668909072876 0.24013151228427887 0.4231305718421936
vn -0.8265025615692139 0.45262742042541504 0.33469676971435547
vn -0.8363646268844604 0.5434780716896057 0.07159436494112015
vn -0.6312547922134399 0.7482878565788269 0.2039182335138321
vn -0.4750165045261383 0.8522403240203857 -0.21919327974319458
vn -0.7228258848190308 0.6317508220672607 -0.28002431988716125
vn -0.8043679594993591 0.4681421220302582 -0.3658348023891449
vn -0.9176715016365051 0.3972681760787964 -0.007547224871814251
vn -0.9487378597259521 0.29067662358283997 -0.12411122769117355
vn -0.9689874053001404 0.18033771216869354 0.16894298791885376
vn -0.9151470065116882 0.3073543310165405 0.2608433961868286
vn -0.8301911354064941 0.36088207364082336 -0.42490798234939575
vn -0.8708476424217224 0.019661076366901398 0.4911596477031708
vn -0.9290450215339661 0.10684581100940704 0.35420241951942444
vn -0.8664249181747437 -0.18463362753391266 0.46391627192497253
vn -0.8316810727119446 -0.36495357751846313 0.41846808791160583
vn -0.8239835500717163 -0.3321931064128876 0.45901942253112793
vn -0.9117235541343689 0.019661063328385353 0.4103334844112396
vn -0.9352210164070129 0.06767386943101883 0.34753698110580444
vn -0.971987783908844 -0.2060592770576477 0.11304580420255661
vn -0.9884243011474609 -0.01966097205877304 0.1504354178905487
vn -0.9425833821296692 -0.07203247398138046 0.32611021399497986
vn -0.8868201971054077 -0.32806870341300964 0.3254548907279968
vn -0.9036341309547424 -0.32806870341300964 0.275347501039505
vn -0.9402067065238953 -0.12854038178920746 0.31541839241981506
vn -0.9935694932937622 0.0065540592186152935 0.11303403973579407
vn -0.9748861789703369 -0.20178170502185822 0.09423964470624924
vn -0.9426231384277344 -0.265495240688324 0.20241998136043549
vn -0.9829092621803284 -0.12854041159152985 0.13178308308124542
vn -0.9969450831413269 -0.07203253358602524 -0.030197124928236008
vn -0.9892414808273315 -0.1458524912595749 -0.011329002678394318
vn -0.9730722308158875 -0.22738653421401978 0.03775967285037041
vn -0.9752732515335083 -0.04149733483791351 -0.21707160770893097
vn -0.9498733282089233 -0.25283509492874146 -0.18388870358467102
vn -0.8378456830978394 -0.32393816113471985 -0.43940719962120056
vn -0.9575011730194092 -0.2017817497253418 -0.20609629154205322
vn -0.8454778790473938 -0.39726823568344116 -0.3568543791770935
vn -0.7030606865882874 -0.3811691999435425 -0.6003463268280029
vn -0.726853609085083 -0.5688943266868591 -0.38476359844207764
vn -0.6777685284614563 -0.45651930570602417 -0.5763852596282959
vn -0.6750742793083191 -0.47199881076812744 -0.567002534866333
vn -0.7291080951690674 -0.5937783718109131 -0.34033602476119995
vn -0.7823901772499084 -0.5361219644546509 -0.3169209361076355
vn -0.7212091088294983 -0.3486267328262329 -0.5985957384109497
vn -0.8824940919876099 -0.09380388259887695 -0.4608742296695709
vn -0.923745334148407 -0.3568038046360016 -0.13923214375972748
vn -0.9544079303741455 -0.29067665338516235 -0.0679163783788681
vn -0.8518480062484741 0.002184608718380332 -0.5237845182418823
vn -0.8202961683273315 -0.4758463203907013 -0.31730809807777405
vn -0.6408161520957947 -0.2528351843357086 -0.7248648405075073
vn -0.4471566081047058 -0.3690182566642761 -0.8147861361503601
vn -0.5432948470115662 -0.5652955770492554 -0.6207025647163391
vn -0.5386828184127808 -0.5831805467605591 -0.6080471277236938
vn -0.5468764305114746 -0.4251467287540436 -0.7212325930595398
vn -0.8282029032707214 -0.3608821928501129 -0.4287703335285187
vn -0.672391414642334 -0.22312955558300018 -0.70576411485672
vn -0.625164806842804 0.16742917895317078 -0.7623230218887329
vn -0.909113347530365 -0.07203259319067001 -0.41027331352233887
vn -0.8287193179130554 -0.09380389750003815 -0.5517473220825195
vn -0.5222254991531372 0.3115091323852539 -0.7938781976699829
vn -0.7042779326438904 -0.2864932715892792 -0.6495491862297058
vn -0.44403180480003357 0.14152829349040985 -0.8847629427909851
vn -0.3825729191303253 0.024029189720749855 -0.9236127734184265
vn -0.5733596682548523 -0.16742943227291107 -0.8020138144493103
vn -0.5314490795135498 -0.05895272642374039 -0.8450363874435425
vn -0.4153096377849579 0.08945265412330627 -0.9052712917327881
vn -0.47959157824516296 -0.10684589296579361 -0.8709626197814941
vn -0.42367783188819885 0.14152829349040985 -0.894688069820404
vn -0.3632429838180542 0.11118894815444946 -0.9250359535217285
vn -0.42386576533317566 -0.16742944717407227 -0.8901153206825256
vn -0.41684338450431824 -0.14152859151363373 -0.8978927135467529
vn -0.2721170485019684 0.1198691800236702 -0.9547688961029053
vn -0.33500897884368896 -0.14585264027118683 -0.9308577179908752
vn -0.12240187078714371 0.17603805661201477 -0.976743757724762
vn -0.07169158011674881 -0.20605945587158203 -0.9759097099304199
vn 0.0904553011059761 0.14152827858924866 -0.985792875289917
vn 0.21891160309314728 0.09380365163087845 -0.9712252616882324
vn 0.04153341054916382 -0.2273866981267929 -0.9729183912277222
vn 0.18739387392997742 0.27810969948768616 -0.9420926570892334
vn -0.1280052661895752 -0.019661158323287964 -0.9915785789489746
vn -0.060323283076286316 0.5902568101882935 -0.8049584031105042
vn -0.34483835101127625 0.2739100456237793 -0.8978083729743958
vn -0.29169175028800964 0.6617377400398254 -0.6906657218933105
vn -0.9582790732383728 -0.04149734601378441 -0.2828059196472168
vn -0.25146248936653137 -0.4052726626396179 -0.8789315819740295
vn -0.31462380290031433 0.6351317167282104 -0.7054215669631958
vn -0.46141552925109863 0.38520488142967224 -0.7991951704025269
vn -0.43833452463150024 0.369018018245697 -0.8195660710334778
vn -0.5211581587791443 -0.21033306419849396 -0.8271360993385315
vn -0.2733006477355957 0.6042740941047668 -0.7484381198883057
vn -0.4540289342403412 0.409263014793396 -0.7914300560951233
vn -0.44195157289505005 0.4330398440361023 -0.7855923175811768
vn -0.2752224802970886 0.6112138032913208 -0.7420716285705566
vn -0.30300089716911316 0.6181068420410156 -0.7253512740135193
vn -0.4609997272491455 0.4526272416114807 -0.7632874846458435
vn -0.4655606746673584 0.4681420624256134 -0.7510634064674377
vn -0.3144042491912842 0.6518535017967224 -0.69009929895401
vn -0.3364638686180115 0.6584555506706238 -0.6732223629951477
vn -0.46179014444351196 0.44090014696121216 -0.7696473002433777
vn -0.4569099247455597 0.4251464903354645 -0.7813345789909363
vn -0.31314802169799805 0.6385005712509155 -0.7030329704284668
vn -0.2765057384967804 0.631750762462616 -0.7241792678833008
vn -0.40549275279045105 0.4369741678237915 -0.802888035774231
vn -0.37883421778678894 0.40527236461639404 -0.832008957862854
vn -0.26813486218452454 0.6112138032913208 -0.7446619272232056
vn -0.2771679162979126 0.5937781929969788 -0.7553842663764954
vn -0.4092702567577362 0.40127405524253845 -0.8194369673728943
vn -0.4643110930919647 0.45651909708976746 -0.7589502930641174
vn -0.33196091651916504 0.631750762462616 -0.7004948258399963
vn -0.47450247406959534 0.6518535017967224 -0.5915525555610657
vn -0.5788034200668335 0.49494609236717224 -0.6480855941772461
vn -0.6919696927070618 0.5287246704101562 -0.491556853055954
vn -0.5781209468841553 0.6938546299934387 -0.4293506145477295
vn -0.6448186039924622 0.6843559145927429 -0.3403908610343933
vn -0.7763411402702332 0.47584620118141174 -0.41335800290107727
vn -0.768805980682373 0.5616857409477234 -0.3056902587413788
vn -0.6903963685035706 0.6715083122253418 -0.26912716031074524
vn -0.7426257729530334 0.6551609039306641 -0.13882091641426086
vn -0.8508639931678772 0.4835139811038971 -0.20553524792194366
vn -0.8925830125808716 0.42514657974243164 -0.15015321969985962
vn -0.8043112754821777 0.5867242813110352 -0.0940106064081192
vn -0.8068978786468506 0.590256929397583 -0.02263946831226349
vn -0.9175886511802673 0.38116908073425293 -0.11287690699100494
vn -0.9656246304512024 0.2358875870704651 -0.10920669138431549
vn -0.8708735108375549 0.4911448359489441 -0.01887151412665844
vn -0.8851766586303711 0.4642767012119293 -0.030156608670949936
vn -0.9741306900978088 0.20178170502185822 -0.10175258666276932
vn -0.9696635603904724 0.2358875870704651 -0.06410665810108185
vn -0.8753284811973572 0.4835140109062195 -0.0037722906563431025
vn -0.8752634525299072 0.4835140109062195 0.011316277086734772
vn -0.9813870787620544 0.18463368713855743 -0.05281824618577957
vn -0.9671911597251892 0.2401314228773117 -0.0829344093799591
vn -0.9844704866409302 -0.10684577375650406 -0.13929063081741333
vn -0.911068320274353 0.32806873321533203 -0.24965064227581024
vn -0.9761117100715637 0.0021846587769687176 -0.21725822985172272
vn -0.7771092653274536 -0.041497401893138885 -0.6279961466789246
vn -0.8661088347434998 -0.356803834438324 -0.3500664234161377
vn -0.34119412302970886 -0.5434781908988953 -0.7669537663459778
vn -0.6296019554138184 -0.6617379188537598 -0.4070678949356079
vn -0.7224218845367432 -0.6452018618583679 -0.24863865971565247
vn -0.8986408710479736 -0.3892335593700409 -0.2023409754037857
vn -0.9257972836494446 -0.3363112807273865 -0.17260979115962982
vn -0.9895048141479492 -0.08510010689496994 -0.11678289622068405
vn -0.9925928115844727 -0.015292294323444366 -0.12052258849143982
vn -0.9869207739830017 -0.03276459872722626 -0.1578412801027298
vn -0.9821720123291016 -0.010923292487859726 -0.18766683340072632
vn -0.9420733451843262 -0.22738657891750336 -0.24656258523464203
vn -0.9719242453575134 0.11986930668354034 -0.20247124135494232
vn -0.8097078204154968 0.5867242813110352 -0.011306485161185265
vn -0.919829785823822 -0.34042295813560486 -0.19500088691711426
vn -0.9385930895805359 -0.2739102244377136 -0.2098003625869751
vn -0.7927878499031067 -0.5724823474884033 -0.20916834473609924
vn -0.5501326322555542 -0.7980947494506836 -0.24576187133789062
vn -0.7575629949569702 -0.6077499389648438 -0.23819801211357117
vn -0.8056007623672485 -0.5287247896194458 -0.2673153579235077
vn -0.8442741632461548 -0.44872692227363586 -0.2929936647415161
vn -0.9530843496322632 -0.13287237286567688 -0.2719837427139282
vn -0.9368661046028137 -0.158807635307312 -0.31154778599739075
vn -0.9575580954551697 0.17603819072246552 -0.2282389998435974
vn -0.9200781583786011 0.28230416774749756 -0.27158892154693604
vn -0.940209150314331 -0.01092331763356924 -0.3404223620891571
vn -0.8140559196472168 -0.4642767608165741 -0.34894123673439026
vn -0.8330420255661011 -0.4012742340564728 -0.38081488013267517
vn -0.6066181063652039 -0.7185975313186646 -0.3400472402572632
vn -0.8620707988739014 -0.39726823568344116 -0.3146616220474243
vn -0.6261193156242371 -0.7063339948654175 -0.3302527070045471
vn -0.6293871402740479 -0.7032342553138733 -0.3306560516357422
vn -0.5890001654624939 -0.7482878565788269 -0.305195152759552
vn -0.5536377429962158 -0.7901282906532288 -0.2630257308483124
vn -0.21723560988903046 -0.93022620677948 -0.29578351974487305
vn -0.27711185812950134 -0.907891571521759 -0.3145504593849182
vn -0.3013526499271393 -0.9041935801506042 -0.3026888966560364
vn 0.23492906987667084 -0.9522644281387329 -0.19493812322616577
vn -0.28179576992988586 -0.9150791764259338 -0.2884809076786041
vn -0.17809036374092102 -0.94818115234375 -0.2631281316280365
vn -0.5622926950454712 -0.7453821897506714 -0.35809534788131714
vn -0.5515545010566711 -0.7424622774124146 -0.3801807165145874
vn -0.8060819506645203 -0.40527257323265076 -0.4312609136104584
vn -0.9060180187225342 -0.0458625890314579 -0.42074692249298096
vn -0.8748193383216858 0.3198011517524719 -0.36389338970184326
vn -0.8571216464042664 0.24437059462070465 -0.4534595012664795
vn -0.8675512671470642 -0.05459032952785492 -0.49434274435043335
vn -0.7718406915664673 -0.40527260303497314 -0.48991432785987854
vn -0.5275337100028992 -0.7453821897506714 -0.4075703024864197
vn -0.17177806794643402 -0.94818115234375 -0.26729175448417664
vn 0.21456213295459747 -0.9680594801902771 -0.12970715761184692
vn 0.1825600564479828 -0.9680594801902771 -0.17185071110725403
vn 0.6278377175331116 -0.7765498161315918 -0.052821964025497437
vn 0.1390969604253769 -0.9611546397209167 -0.2383985072374344
vn 0.09800300002098083 -0.9599394798278809 -0.26251035928726196
vn -0.2464970052242279 -0.93022620677948 -0.2718794345855713
vn -0.16974322497844696 -0.9509214758872986 -0.25871923565864563
vn -0.424882709980011 -0.8612532019615173 -0.2787787616252899
vn -0.31834185123443604 -0.8590245842933655 -0.4009179472923279
vn 0.08849288523197174 -0.8033296465873718 -0.5889232158660889
vn 0.030265269801020622 -0.9495603442192078 -0.3121204376220703
vn -0.04885188490152359 -0.9623514413833618 -0.2673821449279785
vn 0.21372471749782562 -0.94818115234375 -0.23510496318340302
vn 0.11214833706617355 -0.9611546397209167 -0.2521994709968567
vn 0.5449886322021484 -0.8236515522003174 -0.15679751336574554
vn 0.5192234516143799 -0.8358433246612549 -0.17824949324131012
vn 0.5790899991989136 -0.7954543828964233 -0.17862547934055328
vn 0.6488680839538574 -0.7395281791687012 -0.17907609045505524
vn 0.8713947534561157 -0.4835140109062195 -0.08297805488109589
vn 0.8557789921760559 -0.5138099193572998 -0.060346346348524094
vn 0.3285951018333435 -0.9133083820343018 -0.2406097650527954
vn 0.3705883324146271 -0.8700029253959656 -0.325206458568573
vn 0.4848242998123169 -0.6418575048446655 -0.5941080451011658
vn 0.1709209531545639 -0.2612803280353546 -0.9500097632408142
vn -0.5460315942764282 0.35271844267845154 -0.7598941922187805
vn -0.7723736763000488 0.5972883105278015 -0.21606843173503876
vn -0.911068320274353 0.32806873321533203 -0.24965064227581024
vn -0.9671911597251892 0.2401314228773117 -0.0829344093799591
vn -0.8097078204154968 0.5867242813110352 -0.011306485161185265
vn -0.5577372908592224 0.8285757899284363 0.048900578171014786
vn -0.6201310753822327 0.7792953848838806 0.09020042419433594
vn -0.8752634525299072 0.4835140109062195 0.011316277086734772
vn -0.8753284811973572 0.4835140109062195 -0.0037722906563431025
vn -0.6381884813308716 0.7654199600219727 0.0827508494257927
vn -0.659513533115387 0.7482877969741821 0.07146485894918442
vn -0.8851766586303711 0.4642767012119293 -0.030156608670949936
vn -0.8708735108375549 0.4911448359489441 -0.01887151412665844
vn -0.6809459924697876 0.7276512384414673 0.08268169313669205
vn -0.6443986892700195 0.762600839138031 0.05648259073495865
vn -0.8068978786468506 0.590256929397583 -0.02263946831226349
vn -0.8043112754821777 0.5867242813110352 -0.0940106064081192
vn -0.6198114156723022 0.7847417593002319 -0.003766508772969246
vn -0.5987132787704468 0.7980946898460388 -0.06772994995117188
vn -0.7426257729530334 0.6551609039306641 -0.13882091641426086
vn -0.6903963685035706 0.6715083122253418 -0.26912716031074524
vn -0.5830133557319641 0.7847416996955872 -0.21041825413703918
vn -0.4520145356655121 0.8545180559158325 -0.2558940351009369
vn -0.6448186039924622 0.6843559145927429 -0.3403908610343933
vn -0.5781209468841553 0.6938546299934387 -0.4293506145477295
vn -0.4404946565628052 0.8161473274230957 -0.3739892542362213
vn -0.3046613037586212 0.8059239387512207 -0.5076102614402771
vn -0.47450247406959534 0.6518535017967224 -0.5915525555610657
vn -0.33196091651916504 0.631750762462616 -0.7004948258399963
vn -0.17490410804748535 0.7792952656745911 -0.6017535924911499
vn -0.08646675199270248 0.7792952656745911 -0.6206628680229187
vn -0.2771679162979126 0.5937781929969788 -0.7553842663764954
vn -0.26813486218452454 0.6112138032913208 -0.7446619272232056
vn -0.08636004477739334 0.7682243585586548 -0.6343289613723755
vn -0.10125856101512909 0.7874423861503601 -0.6080141067504883
vn -0.2765057384967804 0.631750762462616 -0.7241792678833008
vn -0.31314802169799805 0.6385005712509155 -0.7030329704284668
vn -0.10486394912004471 0.8211657404899597 -0.5609726905822754
vn -0.1288532167673111 0.8085029125213623 -0.574212372303009
vn -0.3364638686180115 0.6584555506706238 -0.6732223629951477
vn -0.3144042491912842 0.6518535017967224 -0.69009929895401
vn -0.13283930718898773 0.7765496969223022 -0.6158930063247681
vn -0.12929321825504303 0.7540561556816101 -0.6439585089683533
vn -0.30300089716911316 0.6181068420410156 -0.7253512740135193
vn -0.2752224802970886 0.6112138032913208 -0.7420716285705566
vn -0.10146112740039825 0.7336176037788391 -0.6719455718994141
vn -0.07519706338644028 0.7276511192321777 -0.6818132400512695
vn -0.2733006477355957 0.6042740941047668 -0.7484381198883057
vn -0.31462380290031433 0.6351317167282104 -0.7054215669631958
vn -0.13658079504966736 0.7626007199287415 -0.6322861909866333
vn -0.29169175028800964 0.6617377400398254 -0.6906657218933105
vn -0.21874088048934937 0.8033294081687927 -0.5539081692695618
vn 0.1616268903017044 0.8186643123626709 -0.5510584712028503
vn 0.07502337545156479 0.8826282620429993 -0.4640462398529053
vn -0.03763064369559288 0.782025933265686 -0.6221088171005249
vn -0.060323283076286316 0.5902568101882935 -0.8049584031105042
vn 0.3007999062538147 0.6351317167282104 -0.7114261388778687
vn 0.18739387392997742 0.27810969948768616 -0.9420926570892334
vn 0.4012548625469208 0.48351389169692993 -0.777951717376709
vn 0.21891160309314728 0.09380365163087845 -0.9712252616882324
vn 0.0904553011059761 0.14152827858924866 -0.985792875289917
vn 0.2798497676849365 0.4526272118091583 -0.8466479182243347
vn -0.12240187078714371 0.17603805661201477 -0.976743757724762
vn 0.1315314918756485 0.4448176622390747 -0.8859100937843323
vn -0.02830064669251442 0.40527236461639404 -0.9137578010559082
vn -0.2721170485019684 0.1198691800236702 -0.9547688961029053
vn -0.3632429838180542 0.11118894815444946 -0.9250359535217285
vn -0.19482028484344482 0.38520485162734985 -0.9020323157310486
vn -0.2984422445297241 0.34042277932167053 -0.8916527032852173
vn -0.42367783188819885 0.14152829349040985 -0.894688069820404
vn -0.330843061208725 0.3031933605670929 -0.8936535716056824
vn -0.4153096377849579 0.08945265412330627 -0.9052712917327881
vn -0.3825729191303253 0.024029189720749855 -0.9236127734184265
vn -0.31104061007499695 0.33631110191345215 -0.888903021812439
vn -0.23113422095775604 0.468142032623291 -0.8528891801834106
vn -0.44403180480003357 0.14152829349040985 -0.8847629427909851
vn -0.27481207251548767 0.4290972352027893 -0.8604381680488586
vn -0.5222254991531372 0.3115091323852539 -0.7938781976699829
vn -0.3506791889667511 0.1846335530281067 -0.9181147217750549
vn -0.625164806842804 0.16742917895317078 -0.7623230218887329
vn -0.672391414642334 -0.22312955558300018 -0.70576411485672
vn -0.40843650698661804 -0.08945295214653015 -0.9083929657936096
vn -0.4151025116443634 -0.1889263540506363 -0.889941930770874
vn -0.5468764305114746 -0.4251467287540436 -0.7212325930595398
vn -0.4471566081047058 -0.3690182566642761 -0.8147861361503601
vn -0.38059744238853455 -0.13287247717380524 -0.9151450991630554
vn -0.38732534646987915 0.13720154762268066 -0.9116768836975098
vn -0.6408161520957947 -0.2528351843357086 -0.7248648405075073
vn -0.54137122631073 0.2823040783405304 -0.7919732332229614
vn -0.8518480062484741 0.002184608718380332 -0.5237845182418823
vn -0.8824940919876099 -0.09380388259887695 -0.4608742296695709
vn -0.6350989937782288 0.11118897050619125 -0.7643861770629883
vn -0.5275349617004395 -0.21033306419849396 -0.8230836987495422
vn -0.7212091088294983 -0.3486267328262329 -0.5985957384109497
vn -0.6750742793083191 -0.47199881076812744 -0.567002534866333
vn -0.47989243268966675 -0.3690182566642761 -0.7959451675415039
vn -0.5083910226821899 -0.36495375633239746 -0.7799662351608276
vn -0.6777685284614563 -0.45651930570602417 -0.5763852596282959
vn -0.5678638219833374 -0.3445281982421875 -0.7475499510765076
vn -0.7030606865882874 -0.3811691999435425 -0.6003463268280029
vn -0.8378456830978394 -0.32393816113471985 -0.43940719962120056
vn -0.6928955316543579 -0.3031936287879944 -0.6541936993598938
vn -0.8258780241012573 -0.09815311431884766 -0.5552399754524231
vn -0.9498733282089233 -0.25283509492874146 -0.18388870358467102
vn -0.817532479763031 0.15449205040931702 -0.5547727346420288
vn -0.9752732515335083 -0.04149733483791351 -0.21707160770893097
vn -0.9582790732383728 -0.04149734601378441 -0.2828059196472168
vn -0.7871665954589844 0.006553940009325743 -0.6167056560516357
vn -0.81254643201828 -0.08074584603309631 -0.5772767663002014
vn -0.975206732749939 -0.11118912696838379 -0.19133435189723969
vn -0.8299342393875122 0.16742920875549316 -0.5321433544158936
vn -0.9805020689964294 0.024029308930039406 -0.195033997297287
vn -0.9190243482589722 0.227386474609375 -0.32200875878334045
vn -0.7508625388145447 0.39325451850891113 -0.5306187868118286
vn -0.6876879334449768 0.4369741976261139 -0.5797748565673828
vn -0.8416889905929565 0.33219313621520996 -0.4256846308708191
vn -0.6576477885246277 0.4369741976261139 -0.6136391162872314
vn -0.8301911354064941 0.36088207364082336 -0.42490798234939575
vn -0.8043679594993591 0.4681421220302582 -0.3658348023891449
vn -0.586776852607727 0.5175533890724182 -0.622761070728302
vn -0.47929394245147705 0.6452016830444336 -0.5949723720550537
vn -0.7228258848190308 0.6317508220672607 -0.28002431988716125
vn -0.4750165045261383 0.8522403240203857 -0.21919327974319458
vn -0.26646557450294495 0.8136147260665894 -0.5167466998100281
vn 0.11955970525741577 0.8522403240203857 -0.5093052983283997
vn -0.05838268622756004 0.6875352263450623 -0.7238002419471741
vn -0.21415413916110992 0.6146661639213562 -0.7591597437858582
vn -0.3284733295440674 0.5544342994689941 -0.764661967754364
vn -0.42126989364624023 0.4873339533805847 -0.7648772597312927
vn -0.1407376378774643 0.5175533890724182 -0.8439972400665283
vn 0.6523492336273193 -0.7124929428100586 -0.2584458887577057
vn -0.46773627400398254 0.49873802065849304 -0.7297143936157227
vn -0.4603089988231659 0.47968459129333496 -0.7470062375068665
vn -0.46841558814048767 0.25283491611480713 -0.8465585112571716
vn -0.11849579215049744 0.4369741380214691 -0.8916346430778503
vn -0.174286350607872 0.48733392357826233 -0.8556458950042725
vn 0.08848932385444641 0.40127402544021606 -0.9116736054420471
vn 0.06594214588403702 0.40127402544021606 -0.9135813117027283
vn 0.2297084480524063 0.36495348811149597 -0.9022433161735535
vn 0.2241668403148651 0.29485443234443665 -0.928875744342804
vn 0.4557216465473175 0.1501736044883728 -0.8773629069328308
vn 0.04526720941066742 0.33631110191345215 -0.9406623840332031
vn -0.13720497488975525 0.282304048538208 -0.9494625926017761
vn -0.5040059089660645 -0.03713143244385719 -0.8629016876220703
vn -0.5737689137458801 0.04149716719985008 -0.8179652690887451
vn -0.4946461021900177 0.3239379823207855 -0.8064672350883484
vn -0.39625173807144165 0.04149715229868889 -0.9172036647796631
vn -0.30454087257385254 0.03276441618800163 -0.9519355893135071
vn -0.06978421658277512 0.11118893325328827 -0.9913461208343506
vn 0.24473367631435394 0.11118894070386887 -0.9631938338279724
vn 0.2393013834953308 0.010923103429377079 -0.9708839058876038
vn 0.49124404788017273 -0.00655418261885643 -0.8709973096847534
vn -0.1429530680179596 0.02402917854487896 -0.9894376993179321
vn -0.00943498034030199 0.3115091025829315 -0.9501963257789612
vn -0.22604796290397644 0.35271841287612915 -0.9080154299736023
vn -0.47724002599716187 0.1717352718114853 -0.8618288040161133
vn -0.35954537987709045 -0.09380395710468292 -0.9284007549285889
vn -0.26123183965682983 -0.1932152360677719 -0.945740818977356
vn -0.05843174085021019 0.13720153272151947 -0.9888181686401367
vn -0.11480660736560822 0.35271841287612915 -0.9286598563194275
vn 0.08476065844297409 0.4369741380214691 -0.8954715132713318
vn 0.29010218381881714 0.5324282646179199 -0.7952111959457397
vn 0.3571467995643616 0.2697051465511322 -0.894262433052063
vn 0.5436084270477295 0.1631198674440384 -0.8233357667922974
vn 0.5408924221992493 -0.11118923127651215 -0.8337100148200989
vn 0.6294847130775452 -0.18463382124900818 -0.754757821559906
vn 0.5829359889030457 -0.11986947059631348 -0.8036273717880249
vn 0.5987265110015869 0.002184563782066107 -0.8009505867958069
vn 0.5877892374992371 0.0850999504327774 -0.8045257925987244
vn 0.2968260645866394 0.27810969948768616 -0.9135367274284363
vn 0.25500789284706116 0.3608819842338562 -0.8970703482627869
vn 0.318278431892395 0.5175533890724182 -0.7942526340484619
vn 0.3843434751033783 0.47968459129333496 -0.7887856364250183
vn 0.5489358901977539 0.4369741678237915 -0.7125467658042908
vn 0.39281463623046875 0.5616856813430786 -0.7281523942947388
vn 0.3495849370956421 0.6042740941047668 -0.7159910798072815
vn 0.33196091651916504 0.631750762462616 -0.7004948258399963
vn 0.2939915657043457 0.4796845614910126 -0.8267234563827515
vn 0.3445351719856262 0.35271841287612915 -0.8699915409088135
vn 0.4647131860256195 0.006553896237164736 -0.88543701171875
vn 0.48293131589889526 0.05022672191262245 -0.8742165565490723
vn 0.37997815012931824 0.5398050546646118 -0.7511504888534546
vn 0.2492016702890396 0.5062932372093201 -0.8255699276924133
vn 0.2693334221839905 0.4172206521034241 -0.8679783344268799
vn 0.08286353945732117 0.29485443234443665 -0.951942503452301
vn 0.09796429425477982 0.19750012457370758 -0.975395679473877
vn -0.0302029550075531 -0.002184856915846467 -0.9995414018630981
vn -0.22074799239635468 -0.15880775451660156 -0.9623151421546936
vn -0.19693784415721893 -0.14585265517234802 -0.9695063233375549
vn -0.266780287027359 -0.08074590563774109 -0.9603688716888428
vn -0.015103200450539589 -0.0021848571486771107 -0.9998835325241089
vn -0.02263815514743328 -0.037131454795598984 -0.999053955078125
vn 0.11678244173526764 0.15449197590351105 -0.9810677766799927
vn 0.2801756262779236 0.40127402544021606 -0.8720554709434509
vn 0.3181544542312622 0.33631110191345215 -0.8863817453384399
vn 0.1148638054728508 0.08945263922214508 -0.9893454909324646
vn 0.1484767496585846 0.06331364065408707 -0.9868870377540588
vn -0.06222933158278465 0.05895242467522621 -0.9963192939758301
vn -0.3470771908760071 0.19750013947486877 -0.916804850101471
vn -0.260345458984375 0.4092629849910736 -0.8744850158691406
vn -0.18351082503795624 0.4251464605331421 -0.886326253414154
vn -0.24250072240829468 0.2864930033683777 -0.926884651184082
vn -0.22251743078231812 0.13720153272151947 -0.9652262330055237
vn -0.17275206744670868 0.02839706838130951 -0.9845559000968933
vn -0.23907259106636047 0.10684559494256973 -0.9651052951812744
vn -0.19102317094802856 0.36901798844337463 -0.9095800518989563
vn -0.15564842522144318 0.5324282646179199 -0.83204185962677
vn -0.18504007160663605 0.5760592222213745 -0.7961884140968323
vn -0.16664567589759827 0.6112138032913208 -0.773722767829895
vn 0.056511420756578445 0.7246469855308533 -0.6867992281913757
vn 0.05842432379722595 0.5361217856407166 -0.8421164155006409
vn -0.02074488066136837 0.2739100456237793 -0.9615315794944763
vn 0.3329392373561859 0.2188679426908493 -0.9171959161758423
vn -0.14096897840499878 0.13720153272151947 -0.9804608225822449
vn 0.4013352394104004 0.49114471673965454 -0.7731150388717651
vn -0.10359644889831543 0.3321930468082428 -0.9375049471855164
vn 0.16526982188224792 0.19750012457370758 -0.9662709832191467
vn 0.6086762547492981 0.19750016927719116 -0.7684444785118103
vn -0.0772121250629425 0.5287246108055115 -0.8452742099761963
vn -0.06399711221456528 0.6077497601509094 -0.7915457487106323
vn 0.013201944530010223 0.5652953386306763 -0.8247829675674438
vn 0.02639796771109104 0.4448176622390747 -0.8952320218086243
vn -0.049028489738702774 0.23163911700248718 -0.9715655446052551
vn 0.2316824346780777 0.14585232734680176 -0.9617953300476074
vn 0.2838357985019684 0.3730754554271698 -0.8833187222480774
vn 0.19594420492649078 0.6146661639213562 -0.7640624046325684
vn 0.018857192248106003 0.7336176037788391 -0.679300844669342
vn -0.06586061418056488 0.7395280599594116 -0.6698960065841675
vn -0.060250621289014816 0.6518535017967224 -0.7559477090835571
vn 0.11443688720464706 0.6779579520225525 -0.7261385917663574
vn 0.05657558515667915 0.4132457673549652 -0.9088603258132935
vn 0.3834713101387024 0.4251464903354645 -0.8198781609535217
vn 0.5081247687339783 0.20178158581256866 -0.8373132348060608
vn 0.7301081418991089 0.21460245549678802 -0.6487587690353394
vn 0.5858651995658875 0.40527239441871643 -0.7017950415611267
vn 0.608464777469635 0.38520488142967224 -0.6938211917877197
vn 0.42498013377189636 0.6682641506195068 -0.6105856895446777
vn 0.30857062339782715 0.7710142135620117 -0.5570648312568665
vn 0.257641464471817 0.8846737146377563 -0.38855281472206116
vn 0.050780657678842545 0.8186643123626709 -0.5720227360725403
vn -0.1201203241944313 0.6518535017967224 -0.7487711310386658
vn 0.02261935919523239 0.693854570388794 -0.7197598218917847
vn 0.1917731612920761 0.7001209259033203 -0.6877890229225159
vn 0.3201884627342224 0.693854570388794 -0.6450155973434448
vn 0.47882649302482605 0.6682641506195068 -0.5693401098251343
vn 0.5058870315551758 0.7216290831565857 -0.4725777804851532
vn 0.247970312833786 0.8110666275024414 -0.5297940373420715
vn 0.009414354339241982 0.8334366083145142 -0.552534818649292
vn 0.048913754522800446 0.7682243585586548 -0.6383092999458313
vn -0.0471145361661911 0.7094200849533081 -0.7032093405723572
vn 0.32283756136894226 0.7155519127845764 -0.6194847822189331
vn 0.20287549495697021 0.8059238791465759 -0.5561728477478027
vn 0.04326687380671501 0.8907087445259094 -0.4525107443332672
vn 0.4459652900695801 0.8567794561386108 -0.25892847776412964
vn 0.5287730693817139 0.7737894058227539 -0.34878212213516235
vn 0.18905925750732422 0.7980945706367493 -0.5721028447151184
vn 0.17778506875038147 0.8211658000946045 -0.5422907471656799
vn 0.1844664365053177 0.8406085968017578 -0.5092635154724121
vn 0.18185065686702728 0.8678401708602905 -0.46236759424209595
vn 0.17922042310237885 0.8985171318054199 -0.4006831645965576
vn 0.176382377743721 0.9168323874473572 -0.3582005202770233
vn 0.176382377743721 0.9168323874473572 -0.3582005202770233
vn 0.19795429706573486 0.8946470618247986 -0.4005255103111267
vn 0.19504721462726593 0.8907087445259094 -0.4106026887893677
vn 0.1203204095363617 0.9150790572166443 -0.3849068582057953
vn -0.01880035363137722 0.939526379108429 -0.34196004271507263
vn -0.1570713371038437 0.9548956155776978 -0.25199779868125916
vn -0.19056300818920135 0.9702134728431702 -0.1495715230703354
vn -0.31039437651634216 0.9453682899475098 -0.09967001527547836
vn -0.3546820878982544 0.9349566102027893 0.007529807277023792
vn -0.2774665355682373 0.953589141368866 0.11696179956197739
vn -0.3538452982902527 0.9219872951507568 0.15726707875728607
vn -0.32326754927635193 0.9269837141036987 0.19026120007038116
vn 0.08126417547464371 0.9635298848152161 0.25496336817741394
vn 0.1903804987668991 0.9439349174499512 0.2697075605392456
vn -0.2644698917865753 0.9509214162826538 0.16063657402992249
vn -0.24442385137081146 0.9574540853500366 0.15342286229133606
vn 0.19946233928203583 0.9599394798278809 0.19680210947990417
vn 0.21545930206775665 0.9509214758872986 0.22209390997886658
vn 0.6130771636962891 0.739528238773346 0.27791085839271545
vn 0.5370959043502808 0.7847418189048767 0.30936750769615173
vn 0.6303580403327942 0.7246471643447876 0.27845144271850586
vn 0.1883462816476822 0.9561840891838074 0.22413773834705353
vn 0.06639499217271805 0.9896226525306702 0.1274312138557434
vn 0.11584687978029251 0.9919826984405518 0.050495125353336334
vn 0.19521479308605194 0.9807319641113281 0.007482591550797224
vn 0.2304576188325882 0.9712626934051514 -0.05948196351528168
vn 0.3110702633857727 0.9439348578453064 -0.11055455356836319
vn 0.40163442492485046 0.9060511589050293 -0.1332709789276123
vn 0.4501422047615051 0.8805659413337708 -0.14824184775352478
vn 0.48795878887176514 0.865661084651947 -0.11192489415407181
vn 0.4622204303741455 0.8805659413337708 -0.1046704575419426
vn 0.4565505087375641 0.882628321647644 -0.11193280667066574
vn 0.4938183128833771 0.8567795157432556 -0.14856792986392975
vn 0.5244743227958679 0.8261215090751648 -0.20603381097316742
vn 0.5639128088951111 0.7874424457550049 -0.2488708645105362
vn 0.5637127161026001 0.7597670555114746 -0.3240092396736145
vn 0.5380069613456726 0.7482877373695374 -0.3880901038646698
vn 0.8705545663833618 0.4911448359489441 -0.030190689489245415
vn 0.8101046085357666 0.5831804275512695 0.06025882437825203
vn 0.7591705322265625 0.6351318359375 0.14236442744731903
vn 0.45688366889953613 0.8567794561386108 -0.23913656175136566
vn 0.6241114735603333 0.724647045135498 -0.292184054851532
vn 0.7727310061454773 0.5760592818260193 -0.26653799414634705
vn 0.4228571355342865 0.7336176633834839 -0.5319746732711792
vn 0.016966581344604492 0.6875352263450623 -0.7259528040885925
vn -0.24224604666233063 0.6875352263450623 -0.6845524907112122
vn -0.20432275533676147 0.7246469855308533 -0.6581329107284546
vn -0.2752831280231476 0.696994423866272 -0.6621313691139221
vn 0.535144567489624 0.8136147260665894 -0.22726918756961823
vn 0.37222519516944885 0.8887140154838562 -0.2676486074924469
vn 0.05816422402858734 0.8678401708602905 -0.49342718720436096
vn 0.4348777234554291 0.8453097343444824 -0.3103751838207245
vn 0.5341061353683472 0.8358433246612549 -0.12687227129936218
vn 0.39209356904029846 0.8907087445259094 -0.23000124096870422
vn 0.17141065001487732 0.7365798354148865 -0.6542694568634033
vn 0.16448847949504852 0.6682641506195068 -0.7255112528800964
vn -0.2962864935398102 0.7482876777648926 -0.593531608581543
vn -0.054634641855955124 0.7540561556816101 -0.6545336842536926
vn -0.06943586468696594 0.8907087445259094 -0.4492400884628296
vn 0.02259335108101368 0.8211657404899597 -0.5702423453330994
vn 0.40374454855918884 0.8590244650840759 -0.3147495687007904
vn 0.4524216949939728 0.6452016830444336 -0.6156536340713501
vn 0.5800291895866394 0.4604022204875946 -0.6720088720321655
vn 0.46144577860832214 0.5434779524803162 -0.7012128233909607
vn 0.11061828583478928 0.8007196187973022 -0.5887373089790344
vn 0.2930273115634918 0.9380210041999817 -0.18507158756256104
vn 0.5865393877029419 0.5212871432304382 -0.6198638677597046
vn 0.6407645344734192 0.3445279598236084 -0.6860913634300232
vn 0.5499311089515686 0.5025204420089722 -0.6671198606491089
vn 0.4988349676132202 0.8453097343444824 -0.1913505643606186
vn 0.39932572841644287 0.870002806186676 -0.28919559717178345
vn 0.33263835310935974 0.8634653091430664 -0.3791825771331787
vn 0.2174261063337326 0.8826282620429993 -0.4167652726173401
vn 0.10466475039720535 0.8721488118171692 -0.4779140055179596
vn 0.24728168547153473 0.9185681939125061 -0.30835723876953125
vn 0.14881296455860138 0.831014096736908 -0.535975992679596
vn 0.2902734577655792 0.90971440076828 -0.2969191372394562
vn 0.1750911921262741 0.7511790990829468 -0.6364534497261047
vn 0.36622336506843567 0.6077497601509094 -0.7046422362327576
vn 0.49059775471687317 0.369018018245697 -0.7893918752670288
vn 0.6519065499305725 0.42514652013778687 -0.6279078722000122
vn 0.22934488952159882 0.4330398142337799 -0.8717094659805298
vn -0.04148964211344719 0.5062932372093201 -0.8613627552986145
vn -0.12946967780590057 0.5867241621017456 -0.7993699908256531
vn 0.2579636871814728 0.8161473274230957 -0.5170669555664062
vn 0.31226983666419983 0.5937781929969788 -0.74156254529953
vn 0.018857184797525406 0.6485337615013123 -0.7609522938728333
vn -0.24749402701854706 0.48733392357826233 -0.8374080657958984
vn -0.01697133481502533 0.5287246108055115 -0.8486236929893494
vn 0.3835912048816681 0.5138098001480103 -0.767370343208313
vn 0.4260035753250122 0.6518535017967224 -0.6273818612098694
vn 0.12390431016683578 0.6650072932243347 -0.7364869713783264
vn -0.14248187839984894 0.6042740941047668 -0.7839335203170776
vn -0.2107953131198883 0.5138098001480103 -0.8316037654876709
vn 0.13708680868148804 0.5471405386924744 -0.8257386684417725
vn 0.5763801336288452 0.4211876094341278 -0.7002763152122498
vn 0.7720658779144287 0.3156581521034241 -0.55161052942276
vn 0.7292534112930298 0.4835139214992523 -0.48415258526802063
vn 0.4851624369621277 0.5652953386306763 -0.6671271324157715
vn 0.05273861065506935 0.6042740941047668 -0.7950292229652405
vn -0.20339363813400269 0.572482168674469 -0.7942891716957092
vn -0.138599693775177 0.7246469855308533 -0.6750383973121643
vn -0.07146111130714417 0.7597669959068298 -0.6462564468383789
vn 0.16380535066127777 0.7927987575531006 -0.5870587229728699
vn 0.3663142919540405 0.703234076499939 -0.6093239188194275
vn 0.16434891521930695 0.6843558549880981 -0.7103847861289978
vn 0.5059962272644043 0.5688941478729248 -0.6483265161514282
vn 0.38846534490585327 0.5867241621017456 -0.7105275988578796
vn 0.6194802522659302 0.4681420922279358 -0.6301485300064087
vn 0.6310552358627319 0.525010883808136 -0.5710803866386414
vn 0.6406330466270447 0.4681420922279358 -0.608631432056427
vn 0.7200247645378113 0.4092630445957184 -0.5604178309440613
vn 0.47310325503349304 0.49114471673965454 -0.7314028739929199
vn 0.552166223526001 0.5688941478729248 -0.6094849109649658
vn 0.6074767112731934 0.5287246108055115 -0.5928087830543518
vn 0.7527515888214111 0.5434780120849609 -0.37147900462150574
vn 0.6193922758102417 0.5398050546646118 -0.5700558423995972
vn 0.6025789380073547 0.6007869839668274 -0.5253129601478577
vn 0.34401580691337585 0.6215356588363647 -0.703808605670929
vn 0.45469480752944946 0.7063338756561279 -0.5425358414649963
vn 0.7162487506866455 0.6682642102241516 -0.20102399587631226
vn 0.8079096078872681 0.5324283242225647 -0.25259068608283997
vn 0.8319196105003357 0.5544344186782837 -0.022633831948041916
vn 0.6896144151687622 0.614666223526001 -0.3829064667224884
vn 0.8100473880767822 0.45262742042541504 0.3727622330188751
vn 0.8973661661148071 0.40926316380500793 0.1650383025407791
vn 0.8513691425323486 0.4330400228500366 0.29605215787887573
vn 0.5374095439910889 0.8406086564064026 -0.06758718192577362
vn 0.355374276638031 0.8334366679191589 -0.42319321632385254
vn 0.3679521381855011 0.8545180559158325 -0.36661988496780396
vn 0.18584121763706207 0.7453820109367371 -0.6402098536491394
vn 0.23523110151290894 0.6747395396232605 -0.6995662450790405
vn -0.018862565979361534 0.5937781929969788 -0.8044076561927795
vn 0.024493731558322906 0.6215356588363647 -0.7830028533935547
vn -0.14589351415634155 0.696994423866272 -0.7020782232284546
vn 0.08069540560245514 0.8285756707191467 -0.5540311932563782
vn -0.08647162467241287 0.7511790990829468 -0.6544101238250732
vn 0.041398946195840836 0.8567794561386108 -0.5140186548233032
vn -0.054644327610731125 0.572482168674469 -0.8180942535400391
vn -0.18132853507995605 0.5796253085136414 -0.7944523692131042
vn -0.20722462236881256 0.5398050546646118 -0.815885066986084
vn 0.09954094886779785 0.7306413054466248 -0.6754664182662964
vn -0.14822693169116974 0.5324282646179199 -0.8333959579467773
vn -0.047094933688640594 0.5138098001480103 -0.8566104769706726
vn 0.20955027639865875 0.7306413054466248 -0.6498091220855713
vn 0.16686390340328217 0.45651906728744507 -0.873926043510437
vn 0.2891792356967926 0.6146661639213562 -0.7338670492172241
vn 0.5075006484985352 0.776549756526947 -0.37338119745254517
vn 0.6479290723800659 0.6351317763328552 -0.42047062516212463
vn 0.5987132787704468 0.7980946898460388 -0.06772994995117188
vn 0.48136523365974426 0.8763908743858337 -0.015052343718707561
vn 0.5940189957618713 0.7063339948654175 0.3850112855434418
vn 0.6767016053199768 0.6249527931213379 0.389241486787796
vn 0.7700998187065125 0.14585259556770325 0.6210260391235352
vn 0.8305572867393494 0.25283515453338623 0.49623483419418335
vn 0.715507447719574 0.27810996770858765 0.6408618688583374
vn 0.7150304317474365 0.1717355102300644 0.6776713132858276
vn 0.7041493058204651 0.06767392158508301 0.7068196535110474
vn 0.6653442978858948 0.2990270256996155 0.6840320229530334
vn 0.6150245666503906 0.44090038537979126 0.6537213921546936
vn 0.6778401136398315 0.21460267901420593 0.7031916379928589
vn 0.7510761022567749 0.2990269958972931 0.5886149406433105
vn 0.7901602387428284 0.23588769137859344 0.5656887888908386
vn 0.6992650628089905 0.17173552513122559 0.6939274668693542
vn 0.6425141096115112 0.07638999074697495 0.7624566555023193
vn 0.7273070216178894 0.09815313667058945 0.679257333278656
vn 0.8521519303321838 0.4796847403049469 0.20914024114608765
vn 0.9194296002388 0.3932546079158783 -6.406943242609486e-8
vn 0.3431236445903778 0.5972882509231567 -0.7249227166175842
vn 0.5023117661476135 0.8285757303237915 -0.2472754418849945
vn 0.6352313160896301 0.3445281982421875 0.6912174224853516
vn 0.8331214189529419 0.5025205016136169 -0.23104509711265564
vn 0.887431800365448 0.27810990810394287 0.367586225271225
vn 0.6646022200584412 0.7155520915985107 0.21514925360679626
vn 0.5370646119117737 0.8261215686798096 0.1705424189567566
vn 0.7015174627304077 0.7124928832054138 0.01507148053497076
vn 0.6261559724807739 0.6215358376502991 0.4707673490047455
vn 0.6147151589393616 0.5760594010353088 0.5387771129608154
vn 0.8132491111755371 0.5580654144287109 -0.16489069163799286
vn 0.9608972668647766 0.18892623484134674 0.202443465590477
vn 0.8522257208824158 0.3730756640434265 0.3667776882648468
vn 0.6457093358039856 0.29485470056533813 0.704357922077179
vn 0.8136089444160461 -0.041497208178043365 0.5799297094345093
vn 0.883208692073822 -0.1025002971291542 0.4576418995857239
vn 0.7139523029327393 -0.23588749766349792 0.6592641472816467
vn 0.5864492654800415 -0.019660864025354385 0.8097472786903381
vn 0.4198017418384552 0.21033307909965515 0.8829079270362854
vn 0.49991703033447266 0.4369744062423706 0.7477542161941528
vn 0.5486847162246704 0.23588773608207703 0.8020610809326172
vn 0.7211944460868835 0.1889263093471527 0.6664723753929138
vn 0.6640801429748535 -0.0850999653339386 0.7428025007247925
vn 0.8351927995681763 0.03276466205716133 0.5489803552627563
vn 0.6121286749839783 -0.0807456225156784 0.7866247892379761
vn 0.6783251166343689 -0.05022674426436424 0.7330431938171387
vn 0.5967925190925598 -0.0589524582028389 0.8002270460128784
vn 0.3786983788013458 0.15880773961544037 0.9117936491966248
vn 0.25215739011764526 -0.04586236551403999 0.9665988087654114
vn 0.4590805768966675 -0.21033279597759247 0.8631368279457092
vn 0.6237813234329224 -0.24437054991722107 0.7424148917198181
vn 0.4325371980667114 -0.35271841287612915 0.8297597765922546
vn 0.20955929160118103 -0.33631110191345215 0.9181392788887024
vn 0.037745941430330276 -0.3608819842338562 0.931847333908081
vn 0.2928638458251953 -0.4330398142337799 0.8524712920188904
vn 0.3101203739643097 -0.10684559494256973 0.9446741938591003
vn 0.5926607847213745 -0.002184562850743532 0.8054491877555847
vn 0.8053297400474548 -0.08945270627737045 0.5860394239425659
vn 0.6435162425041199 -0.19750016927719116 0.7395137548446655
vn 0.450803279876709 -0.5471405386924744 0.7052755355834961
vn 0.04527726769447327 -0.7216290235519409 0.6907976865768433
vn -0.04905618354678154 -0.6747395396232605 0.7364238500595093
vn -0.10738425701856613 -0.5025204420089722 0.8578705191612244
vn 0.035871751606464386 -0.6283577084541321 0.7770971059799194
vn -0.31560221314430237 -0.693854570388794 0.647271990776062
vn -0.2815694808959961 -0.7540561556816101 0.5933952331542969
vn -0.19960695505142212 -0.6907014846801758 0.6950456500053406
vn -0.17334987223148346 -0.7737893462181091 0.609261691570282
vn 0.011327403597533703 -0.6418572664260864 0.7667405009269714
vn 0.14267395436763763 -0.696994423866272 0.7027395963668823
vn 0.5144267678260803 -0.4330398440361023 0.7401632070541382
vn 0.09412878006696701 -0.8211657404899597 0.5628734827041626
vn -0.2306307852268219 -0.7847416400909424 0.5753172636032104
vn 0.09421392530202866 -0.572482168674469 0.8144863247871399
vn 0.3049086332321167 -0.49873802065849304 0.8113514184951782
vn 0.30227744579315186 -0.6907014846801758 0.6569320559501648
vn 0.04150624945759773 -0.5138098001480103 0.8568994402885437
vn -0.02457893267273903 -0.8236514329910278 0.5665634274482727
vn 0.203221395611763 -0.831014096736908 0.5177997946739197
vn 0.39549314975738525 -0.5434779524803162 0.7404166460037231
vn 0.24581557512283325 -0.4758461117744446 0.8444792032241821
vn 0.3603924512863159 -0.33631110191345215 0.8700644373893738
vn 0.016985498368740082 -0.3321930468082428 0.9430584907531738
vn 0.022660985589027405 -0.5688941478729248 0.8220984935760498
vn 0.1312011182308197 -0.8211657404899597 0.5554035305976868
vn -0.22244404256343842 -0.7306413054466248 0.6455090045928955
vn -0.38565659523010254 -0.4251464903354645 0.8188525438308716
vn -0.47361648082733154 -0.35680365562438965 0.8052195906639099
vn 0.03397463634610176 -0.7001209259033203 0.7132155299186707
vn 0.34435245394706726 -0.4290972352027893 0.8350430727005005
vn 0.6588959693908691 -0.2570599615573883 0.7069485783576965
vn 0.7514187097549438 -0.06331370025873184 0.656781017780304
vn 0.681761622428894 0.0807458683848381 0.727104663848877
vn 0.6248806118965149 -0.11986920982599258 0.7714632749557495
vn 0.66120845079422 -0.058952465653419495 0.7478823065757751
vn 0.8054030537605286 0.010923358611762524 0.5926268100738525
vn 0.8277795314788818 0.14585258066654205 0.5417639017105103
vn 0.6623015999794006 -0.1889260858297348 0.7250266075134277
vn 0.7407516837120056 -0.21033282577991486 0.6380023956298828
vn 0.3811013400554657 -0.49114471673965454 0.7832870483398438
vn 0.5164662003517151 -0.49873802065849304 0.6960768699645996
vn 0.41282957792282104 -0.282304048538208 0.8659539222717285
vn 0.6769828796386719 0.19750040769577026 0.7090047597885132
vn 0.43558651208877563 -0.11553017050027847 0.8927021622657776
vn 0.5026975274085999 0.24013157188892365 0.8304408192634583
vn 0.6462398767471313 0.39726829528808594 0.6515765190124512
vn 0.3558250963687897 0.21460270881652832 0.9095790982246399
vn 0.6123964786529541 0.31980133056640625 0.7229782938957214
vn 0.602664589881897 0.06331393122673035 0.7954789400100708
vn 0.6705606579780579 0.2570601999759674 0.6958939433097839
vn 0.37884825468063354 0.12420621514320374 0.9170860648155212
vn 0.43774157762527466 0.010923407971858978 0.8990345001220703
vn 0.4309397339820862 -0.010923114605247974 0.9023146033287048
vn 0.3877727687358856 0.05459039658308029 0.9201370477676392
vn 0.14298582077026367 -0.010923100635409355 0.9896644353866577
vn -0.3099088668823242 -0.18892605602741241 0.9318065643310547
vn -0.5544663667678833 -0.27810972929000854 0.784360945224762
vn -0.49674198031425476 -0.3115091323852539 0.8100675940513611
vn -0.14296682178974152 -0.2570599317550659 0.9557618498802185
vn -0.17081214487552643 -0.23588745296001434 0.9566506147384644
vn -0.4173881411552429 -0.3115091025829315 0.8536680936813354
vn -0.6752463579177856 -0.37712588906288147 0.6338915228843689
vn -0.766715407371521 -0.46427664160728455 0.44339001178741455
vn -0.7374579906463623 -0.40127408504486084 0.5432630777359009
vn -0.6172938942909241 -0.5287246108055115 0.5825791358947754
vn -0.6407007575035095 -0.4290972948074341 0.6366930603981018
vn -0.7580572366714478 -0.5580653548240662 0.3375089168548584
vn -0.8593463897705078 -0.3445280194282532 0.3779209554195404
vn -0.9197443723678589 -0.3852050006389618 0.07541479915380478
vn -0.9772148132324219 -0.1458524614572525 0.15420211851596832
vn -0.9514275193214417 -0.214602530002594 0.22075186669826508
vn -0.7938046455383301 -0.607749879360199 -0.022677075117826462
vn -0.7266411781311035 -0.6843559741973877 -0.060410723090171814
vn -0.722970724105835 -0.6875353455543518 -0.06788548827171326
vn -0.8369042277336121 -0.5471406579017639 -0.015111967921257019
vn -0.905099093914032 -0.3852049708366394 0.18003545701503754
vn -0.8732509613037109 -0.4835140109062195 0.06039055436849594
vn -0.7138158082962036 -0.665007472038269 -0.2196180820465088
vn -0.550251841545105 -0.7032342553138733 -0.45020487904548645
vn -0.7710484862327576 -0.5398052334785461 -0.33777886629104614
vn -0.9324891567230225 -0.36088213324546814 -0.01510178204625845
vn -0.9012555480003357 -0.42118775844573975 -0.10168267786502838
vn -0.8184248208999634 -0.49873819947242737 -0.2853788435459137
vn -0.7636458873748779 -0.40527260303497314 -0.5025923252105713
vn -0.8452616333961487 -0.5324283838272095 -0.04530688747763634
vn -0.8355465531349182 -0.513809859752655 0.19457997381687164
vn -0.815619170665741 -0.5688942670822144 0.10547344386577606
vn -0.6666967272758484 -0.7216292023658752 -0.186458557844162
vn -0.7106180787086487 -0.6938546895980835 0.1165660172700882
vn -0.8596749305725098 -0.46427667140960693 0.21308733522891998
vn -0.850857675075531 -0.5175535082817078 0.09044115245342255
vn -0.7814127802848816 -0.6007870435714722 -0.1686682552099228
vn -0.6701892614364624 -0.47199881076812744 -0.5727682709693909
vn -0.5737656950950623 -0.5361220240592957 -0.6191657185554504
vn -0.5376957058906555 -0.5175536274909973 -0.6655986309051514
vn -0.5248684287071228 -0.47968482971191406 -0.7031469345092773
vn -0.48883765935897827 -0.49114495515823364 -0.7209815382957458
vn -0.2955552041530609 -0.5616859197616577 -0.7727587223052979
vn -0.12048306316137314 -0.5471407771110535 -0.8283240795135498
vn -0.35298293828964233 -0.845309853553772 -0.4010663628578186
vn -0.39300209283828735 -0.8545181751251221 -0.3396293520927429
vn -0.5220546722412109 -0.7737895250320435 -0.35875993967056274
vn -0.59214848279953 -0.7276512980461121 -0.34624242782592773
vn -0.6032719612121582 -0.7216292023658752 -0.3395794630050659
vn -0.6069673299789429 -0.7306414842605591 -0.31265580654144287
vn -0.6584175825119019 -0.7155520915985107 -0.23339150846004486
vn -0.7178877592086792 -0.6938546895980835 0.05659381300210953
vn -0.5801097750663757 -0.7847416996955872 0.2182959020137787
vn -0.6358731389045715 -0.7540562748908997 0.16451314091682434
vn -0.8946653008460999 -0.42909735441207886 0.12429560720920563
vn -0.903505802154541 -0.4172207713127136 0.09800025820732117
vn -0.731414794921875 -0.661737859249115 0.16472837328910828
vn -0.5594455599784851 -0.8211658596992493 0.11272697150707245
vn -0.6546800136566162 -0.7540562748908997 -0.0528511106967926
vn -0.5293679237365723 -0.7654199004173279 0.36592620611190796
vn -0.767336368560791 -0.4987380802631378 0.40305736660957336
vn -0.8843082189559937 -0.4172207713127136 0.20958496630191803
vn -0.8385784029960632 -0.4949461817741394 0.22762811183929443
vn -0.706821858882904 -0.6650073528289795 0.2411806434392929
vn -0.3289909362792969 -0.8846737146377563 0.33032914996147156
vn -0.34143486618995667 -0.8136147260665894 0.4705882668495178
vn -0.5901195406913757 -0.7820259928703308 0.20048505067825317
vn -0.5394636392593384 -0.8161473274230957 0.20708081126213074
vn -0.6155133247375488 -0.7820260524749756 -0.09787030518054962
vn -0.5676959753036499 -0.8186644315719604 -0.08665911108255386
vn -0.5115304589271545 -0.8545181155204773 -0.09019647538661957
vn -0.40025219321250916 -0.913308322429657 -0.07527301460504532
vn -0.3075617551803589 -0.9509214162826538 -0.03397400677204132
vn -0.4028310775756836 -0.9150791168212891 0.018902529031038284
vn -0.5577188730239868 -0.8285757899284363 -0.04911036416888237
vn -0.43716010451316833 -0.739528238773346 -0.5118486285209656
vn -0.5727882981300354 -0.5902570486068726 -0.5687795877456665
vn -0.6655198931694031 -0.07203264534473419 -0.7428960800170898
vn -0.696304976940155 -0.010923379100859165 -0.7176629304885864
vn -0.6644880771636963 0.04586239904165268 -0.745890200138092
vn -0.6306799650192261 0.0807456225156784 -0.7718309164047241
vn -0.6156981587409973 0.10684562474489212 -0.78070467710495
vn -0.6040568351745605 0.10250024497509003 -0.7903221249580383
vn -0.5826228857040405 0.12420593202114105 -0.8031957745552063
vn -0.5718351006507874 0.13287219405174255 -0.8095366358757019
vn -0.5281893610954285 0.1285402923822403 -0.8393410444259644
vn -0.48085933923721313 0.15449200570583344 -0.8630796670913696
vn -0.5019959211349487 0.1631198674440384 -0.8493479490280151
vn -0.5770144462585449 0.19321495294570923 -0.7935504913330078
vn -0.6768909096717834 0.2697051763534546 -0.6848925948143005
vn -0.7858731150627136 0.27810975909233093 -0.5523209571838379
vn -0.814075231552124 -0.024029435589909554 -0.5802620649337769
vn -0.7309923768043518 -0.4092632234096527 -0.546034574508667
vn -0.72365802526474 -0.0589527003467083 -0.6876363158226013
vn -0.6303920149803162 -0.12420619279146194 -0.7662758827209473
vn -0.5560817718505859 -0.17603835463523865 -0.8122706413269043
vn -0.5920059084892273 -0.49494630098342896 -0.6360480785369873
vn -0.66471928358078 -0.4369743764400482 -0.60597163438797
vn -0.515404224395752 -0.7365800142288208 -0.4379592537879944
vn -0.19040879607200623 -0.94818115234375 -0.2543562054634094
vn -0.14825685322284698 -0.9522644281387329 -0.2668565511703491
vn 0.21610502898693085 -0.9702134728431702 -0.10947342962026596
vn 0.19921761751174927 -0.9722933769226074 -0.12230253964662552
vn 0.5526149272918701 -0.8334367275238037 1.3578434732153255e-7
vn 0.5982764363288879 -0.8007197380065918 -0.030218956992030144
vn 0.866267204284668 -0.4949462115764618 0.06789273768663406
vn 0.5825820565223694 -0.8059239983558655 -0.10528383404016495
vn 0.87627112865448 -0.4796847105026245 0.04529328644275665
vn 0.8856902122497559 -0.4642767012119293 7.564042192598208e-8
vn 0.9793013334274292 -0.18463368713855743 0.08294132351875305
vn 0.9719161987304688 -0.19750027358531952 0.12795522809028625
vn 0.9925928115844727 -0.015292255207896233 0.12052258849143982
vn 0.988524317741394 -0.1415284276008606 0.05281423032283783
vn 0.9915892481803894 -0.12854042649269104 0.015105040743947029
vn 0.8365443348884583 -0.5361219048500061 -0.11299077421426773
vn 0.8645210266113281 -0.47199875116348267 -0.17268620431423187
vn 0.7835577130317688 -0.3771260678768158 -0.4937744736671448
vn 0.571057915687561 0.06767367571592331 -0.8181155920028687
vn -0.13471953570842743 0.7365798354148865 -0.6627976894378662
vn -0.5152508020401001 0.8453097939491272 -0.14130796492099762
vn -0.19107748568058014 0.9752739667892456 0.11104073375463486
vn -0.1477680802345276 0.9883291721343994 -0.03701413422822952
vn 0.34456098079681396 0.8965906500816345 -0.2782137095928192
vn 0.20129476487636566 0.976230263710022 0.0803418755531311
vn 0.2140076905488968 0.962351381778717 0.1675722599029541
vn -0.19610495865345 0.9669547080993652 0.1629151999950409
vn 0.25545230507850647 0.9467837810516357 0.19581785798072815
vn 0.5740931034088135 0.8007197380065918 0.17107011377811432
vn 0.561680257320404 0.8261215686798096 0.04514959827065468
vn 0.8391181826591492 0.5434780716896057 0.022633444517850876
vn 0.8255762457847595 0.42909732460975647 -0.36646878719329834
vn 0.9652689099311829 0.0021846515592187643 -0.2612491250038147
vn 0.964993417263031 -0.2401314526796341 -0.10547298938035965
vn 0.9633725881576538 -0.26549527049064636 -0.03775647655129433
vn 0.9882262349128723 0.12854044139385223 0.08298365026712418
vn 0.9874088764190674 0.12420608103275299 0.09796229749917984
vn 0.9397459626197815 0.29067668318748474 0.17995721101760864
vn 0.9844242930412292 -0.03276454284787178 0.17272897064685822
vn 0.9773238301277161 -0.11118906736373901 0.18020839989185333
vn 0.9509425163269043 -0.2781098186969757 0.1355108767747879
vn 0.9462103247642517 -0.2781098186969757 0.1653510481119156
vn 0.8353115916252136 -0.5434780716896057 0.08298292011022568
vn 0.7950620055198669 -0.5972883701324463 0.10546577721834183
vn 0.5230957865715027 -0.8522403836250305 0.007556314580142498
vn 0.5211870074272156 -0.8522403836250305 0.0452820360660553
vn 0.2015044391155243 -0.9780870079994202 -0.052361927926540375
vn -0.20090843737125397 -0.9561840891838074 -0.21295034885406494
vn -0.47434285283088684 -0.771014392375946 -0.42489486932754517
vn -0.44995608925819397 -0.7820261120796204 -0.43124786019325256
vn -0.2396775633096695 -0.9495603442192078 -0.2022123783826828
vn -0.5311368703842163 -0.532428503036499 -0.6591005921363831
vn -0.4123317003250122 -0.803329586982727 -0.42970237135887146
vn -0.5065783262252808 -0.5867244005203247 -0.6317696571350098
vn -0.5431610345840454 -0.20178185403347015 -0.8150215148925781
vn -0.582434892654419 -0.23588773608207703 -0.7778987884521484
vn -0.6136403679847717 -0.24013155698776245 -0.752185046672821
vn -0.6394730806350708 -0.24860535562038422 -0.7275091409683228
vn -0.5411046743392944 -0.5867244005203247 -0.6024617552757263
vn -0.5245387554168701 -0.6007871627807617 -0.6032527685165405
vn -0.3900885581970215 -0.8334367871284485 -0.3914256691932678
vn -0.21484826505184174 -0.9646899104118347 -0.15236008167266846
vn -0.36968663334846497 -0.845309853553772 -0.3857239782810211
vn -0.3881790339946747 -0.8358433842658997 -0.38817888498306274
vn -0.569625973701477 -0.5937784314155579 -0.5682899355888367
vn -0.22580119967460632 -0.9599394202232361 -0.16592201590538025
vn 0.024506092071533203 -0.9925254583358765 0.11955234408378601
vn -0.1973632425069809 -0.9680594801902771 -0.1546240597963333
vn -0.1732899248600006 -0.9752739667892456 -0.13715408742427826
vn -0.40305793285369873 -0.8429673314094543 -0.35630089044570923
vn 0.05627940595149994 -0.9957932829856873 0.07230794429779053
vn 0.09567524492740631 -0.9953833818435669 -0.007625357247889042
vn 0.4384470283985138 -0.870002806186676 0.2255200892686844
vn 0.5130520462989807 -0.8499464392662048 0.11986962705850601
vn 0.7557963132858276 -0.6317508816719055 0.17222905158996582
vn 0.7728967070579529 -0.6215357780456543 0.12776526808738708
vn 0.9150579571723938 -0.36088210344314575 0.18009161949157715
vn 0.9752732515335083 -0.04149726778268814 0.21707160770893097
vn 0.9673364758491516 0.10250040888786316 0.23184877634048462
vn 0.9690279960632324 0.14152847230434418 0.20237192511558533
vn 0.8250277638435364 0.5250110626220703 0.20902769267559052
vn 0.9419093132019043 0.3073543310165405 0.13542605936527252
vn 0.9315369725227356 0.34042295813560486 0.12787118554115295
vn 0.9969112873077393 0.05022687464952469 0.06037475913763046
vn 0.9999499917030334 -0.006554041989147663 -0.007551670540124178
vn 0.962942898273468 0.26970529556274414 -4.394065555857196e-8
vn 0.8223591446876526 0.5507928133010864 0.14266285300254822
vn 0.5927419662475586 0.7820261120796204 0.19259339570999146
vn 0.572139322757721 0.7954544425010681 0.19977213442325592
vn 0.6226486563682556 0.7482878565788269 0.2288535088300705
vn 0.8652281761169434 0.43697431683540344 0.24583247303962708
vn 0.8538162708282471 0.4330400228500366 0.28891897201538086
vn 0.8639747500419617 0.4172208607196808 0.28191205859184265
vn 0.5726582407951355 0.7874425649642944 0.22802792489528656
vn 0.5672229528427124 0.8007197976112366 0.19262908399105072
vn 0.6257134079933167 0.762600839138031 0.16408126056194305
vn 0.6224278807640076 0.7710143327713013 0.1346120983362198
vn 0.6443270444869995 0.7540562748908997 0.1274433434009552
vn 0.6495005488395691 0.7540562748908997 0.09771467745304108
vn 0.6681409478187561 0.736579954624176 0.1050601378083229
vn 0.6757867336273193 0.7246471047401428 0.1349029242992401
vn 0.6821817755699158 0.7124928832054138 0.16426163911819458
vn 0.6974912881851196 0.6938546895980835 0.17908520996570587
vn 0.7361000180244446 0.661737859249115 0.14233675599098206
vn 0.7779703140258789 0.6181069612503052 0.11272084712982178
vn 0.8366779685020447 0.5434780716896057 0.06783469021320343
vn 0.8677459359169006 0.4949462115764618 -0.04522500932216644
vn 0.8748168349266052 0.4796847105026245 -0.06780943274497986
vn 0.9435254335403442 0.05895264074206352 0.3260127604007721
vn 0.9107000231742859 0.08945287019014359 0.4032662510871887
vn 0.944373369216919 0.31150928139686584 0.10545578598976135
vn 0.9522933959960938 0.26128020882606506 0.15770207345485687
vn 0.8580257296562195 0.4911448657512665 0.150228351354599
vn 0.8769687414169312 0.1674293726682663 0.4504367411136627
vn 0.8679344654083252 0.1588076651096344 0.47060588002204895
vn 0.7673653364181519 -0.2654951810836792 0.5836632251739502
vn 0.9067353010177612 0.06331387162208557 0.41692015528678894
vn 0.8209202885627747 -0.06331371515989304 0.5675219893455505
vn 0.8127046823501587 -0.15880750119686127 0.5606168508529663
vn 0.7424896359443665 -0.269705206155777 0.6131625175476074
vn 0.7091019749641418 -0.4873339831829071 0.5095880627632141
vn 0.7416666150093079 -0.29902681708335876 0.6004278659820557
vn 0.6909347772598267 -0.18463358283042908 0.6989418268203735
vn 0.7789894938468933 -0.14585238695144653 0.6098380088806152
vn 0.529815137386322 -0.631750762462616 0.5658506155014038
vn 0.5117745995521545 -0.7569188475608826 0.40639957785606384
vn 0.5279867053031921 -0.5760592222213745 0.6240078806877136
vn 0.5138025879859924 -0.4604022204875946 0.7239037752151489
vn 0.8077174425125122 -0.2486051470041275 0.5345914363861084
vn 0.8350039720535278 -0.17173531651496887 0.5227574110031128
vn 0.9463147521018982 0.08510013669729233 0.31184348464012146
vn 0.9480650424957275 0.14585253596305847 0.2826654016971588
vn 0.9155882000923157 0.23588766157627106 0.3256612718105316
vn 0.8733293414115906 0.31150931119918823 0.37451010942459106
vn 0.8513683676719666 0.3608821928501129 0.3807045817375183
vn 0.8173263072967529 0.39325466752052307 0.421103835105896
vn 0.8089793920516968 0.4172208607196808 0.4141003489494324
vn 0.8201714158058167 0.42118778824806213 0.38719460368156433
vn 0.8401451110839844 0.39325466752052307 0.3735062777996063
vn 0.847227931022644 0.4092631936073303 0.33868640661239624
vn 0.8609152436256409 0.39726823568344116 0.31780946254730225
vn 0.8871910572052002 0.3649536967277527 0.28231337666511536
vn 0.8937944173812866 0.3649536669254303 0.2606537640094757
vn 0.8762896060943604 0.40527254343032837 0.26051998138427734
vn 0.8728564977645874 0.4172208309173584 0.2530776262283325
vn 0.9526965022087097 0.1674293428659439 0.2536469101905823
vn 0.8263676166534424 0.5361219048500061 0.17230738699436188
vn 0.8057224750518799 0.5688942670822144 0.16483481228351593
vn 0.9655492305755615 0.10250040888786316 0.23918254673480988
vn 0.9650846719741821 0.019661039113998413 0.2611992359161377
vn 0.9568284153938293 0.015292322263121605 0.2902507185935974
vn 0.9452795386314392 0.006554093677550554 0.32619577646255493
vn 0.9118976593017578 -0.0021846273448318243 0.4104118347167969
vn 0.8708476424217224 0.019661076366901398 0.4911596477031708
vn 0.8478681445121765 -0.0021846077870577574 0.5302026271820068
vn 0.8435983657836914 0.024029428139328957 0.5364367961883545
vn 0.8302010893821716 0.04586261138319969 0.5555742383003235
vn 0.8362743854522705 0.08074583858251572 0.54233318567276
vn 0.8523105978965759 0.08074583113193512 0.5167657136917114
vn 0.850606381893158 0.04586260765790939 0.5237990617752075
vn 0.8595631718635559 -0.015292191877961159 0.5108006000518799
vn 0.8618436455726624 -0.09815294295549393 0.4975856840610504
vn 0.5981977581977844 -0.39325448870658875 0.6982194185256958
vn 0.5646452903747559 -0.4211876094341278 0.7097722887992859
vn 0.34480252861976624 -0.5175533890724182 0.7831025719642639
vn 0.5138891339302063 -0.6617377996444702 0.5459131002426147
vn 0.4630826413631439 -0.7597670555114746 0.4564082622528076
vn 0.7087198495864868 -0.4448177218437195 0.5475886464118958
vn 0.6185213327407837 -0.5138098001480103 0.5945004820823669
vn 0.2952817678451538 -0.5760592222213745 0.7622102499008179
vn 0.3428104519844055 -0.6215356588363647 0.7043964862823486
vn 0.6735411882400513 -0.38520491123199463 0.6308402419090271
vn 0.726891279220581 -0.3239380121231079 0.6055520176887512
vn 0.7491338849067688 -0.27810975909233093 0.6012099385261536
vn 0.7822438478469849 -0.2612800896167755 0.5655327439308167
vn 0.7810770869255066 -0.27810975909233093 0.5590828061103821
vn 0.7618022561073303 -0.2948544919490814 0.5768172740936279
vn 0.7618022561073303 -0.2948544919490814 0.5768172740936279
vn 0.7750219702720642 -0.269705206155777 0.5714893937110901
vn 0.8092511892318726 -0.2570599913597107 0.5282354354858398
vn 0.8486901521682739 -0.29902684688568115 0.4362430274486542
vn 0.9104194045066833 -0.2358875423669815 0.3398435115814209
vn 0.9410017728805542 -0.20605924725532532 0.26843103766441345
vn 0.9497764706611633 -0.20178167521953583 0.2391837239265442
vn 0.9638195037841797 -0.1544921100139618 0.2172190397977829
vn 0.9020999670028687 -0.38116908073425293 0.20230120420455933
vn 0.884256899356842 -0.4012741446495056 0.23889075219631195
vn 0.8414342999458313 -0.4369742274284363 0.3178708255290985
vn 0.7928491234779358 -0.44090020656585693 0.42071038484573364
vn 0.7142773270606995 -0.47968462109565735 0.5096179842948914
vn 0.6779384613037109 -0.46427661180496216 0.569953203201294
vn 0.6519308686256409 -0.5025204420089722 0.5678550004959106
vn 0.6539461612701416 -0.5138098001480103 0.5552961826324463
vn 0.6552768349647522 -0.5434780120849609 0.5246369242668152
vn 0.627152681350708 -0.5544343590736389 0.547066867351532
vn 0.5810948014259338 -0.5471405386924744 0.6024665832519531
vn 0.5248475074768066 -0.5398050546646118 0.6581379771232605
vn 0.4464532732963562 -0.572482168674469 0.6877090334892273
vn 0.25805383920669556 -0.5902568101882935 0.7648562788963318
vn 0.41357874870300293 -0.5867241621017456 0.6962093114852905
vn 0.6733790040016174 -0.5062932968139648 0.5387279391288757
vn 0.6225284337997437 -0.4369741678237915 0.6492394804954529
vn 0.4177303910255432 -0.5688941478729248 0.7084213495254517
vn 0.1723089963197708 -0.6385005712509155 0.750084400177002
vn 0.3251264691352844 -0.7482876777648926 0.5782371759414673
vn 0.6540853977203369 -0.5062932372093201 0.5619958639144897
vn 0.3908509314060211 -0.631750762462616 0.6694225668907166
vn 0.310489296913147 -0.6249526143074036 0.7162615656852722
vn 0.3808293640613556 -0.7063338160514832 0.5967088937759399
vn 0.4337514042854309 -0.7336176633834839 0.523129940032959
vn 0.4543766975402832 -0.7654199004173279 0.45571285486221313
vn 0.5052701830863953 -0.7216290831565857 0.4732372760772705
vn 0.5126441121101379 -0.7032341361045837 0.49260303378105164
vn 0.5097152590751648 -0.6969944834709167 0.5043699741363525
vn 0.5375182628631592 -0.6779580116271973 0.5014449954032898
vn 0.5831333994865417 -0.6682642102241516 0.4619290232658386
vn 0.6893183588981628 -0.614666223526001 0.38343918323516846
vn 0.7236431837081909 -0.6452017426490784 0.2450617402791977
vn 0.3788275122642517 -0.8612530827522278 0.3387223184108734
vn 0.30790624022483826 -0.8784867525100708 0.36531469225883484
vn 0.2950787842273712 -0.8907087445259094 0.34578385949134827
vn 0.2820359766483307 -0.9041934609413147 0.3207645118236542
vn 0.2696117162704468 -0.90231853723526 0.33634909987449646
vn 0.23961807787418365 -0.9185681939125061 0.3143494725227356
vn 0.22878199815750122 -0.9060510993003845 0.3559918701648712
vn 0.22292086482048035 -0.8612530827522278 0.4566721022129059
vn 0.2054954320192337 -0.7927987575531006 0.5737959146499634
vn 0.24574565887451172 -0.8429672122001648 0.47855547070503235
vn 0.39053478837013245 -0.7626007795333862 0.5156769156455994
vn -0.183345228433609 -0.8965906500816345 0.40312492847442627
vn -0.34851589798927307 -0.8033294677734375 0.4829062521457672
vn -0.44547349214553833 -0.6682641506195068 0.5957989692687988
vn -0.21864205598831177 -0.876390814781189 0.4291093349456787
vn -0.5615250468254089 -0.7820259928703308 0.2704163193702698
vn -0.3435315787792206 -0.8965906500816345 0.279483824968338
vn 0.041400279849767685 -0.9623513221740723 0.26863712072372437
vn -0.5544477105140686 -0.8136147856712341 0.17498204112052917
vn -0.5206395983695984 -0.8453097939491272 0.11994060128927231
vn -0.607603132724762 -0.7792953848838806 -0.15335297584533691
vn -0.136204794049263 -0.983208417892456 0.12144742906093597
vn -0.26956671476364136 -0.9561840295791626 0.11421883851289749
vn -0.16392207145690918 -0.9333975911140442 0.31921547651290894
vn 0.0037789649795740843 -0.8007196187973022 0.5990273356437683
vn -0.10925457626581192 -0.5434779524803162 0.832283079624176
vn -0.43405890464782715 -0.5652953386306763 0.7014514207839966
vn -0.34456005692481995 -0.7246469855308533 0.5967956781387329
vn -0.42574888467788696 -0.8334366679191589 0.3523084223270416
vn -0.4523348808288574 -0.8805659413337708 0.14141009747982025
vn -0.5218373537063599 -0.831014096736908 0.19261689484119415
vn -0.46491697430610657 -0.7336176633834839 0.495638370513916
vn -0.3660275936126709 -0.7626007795333862 0.5333516001701355
vn -0.40659064054489136 -0.6112138032913208 0.6790447235107422
vn -0.6214898228645325 -0.4681420922279358 0.628166675567627
vn -0.5956748127937317 -0.5937782526016235 0.5409241318702698
vn -0.5436015129089355 -0.7365798950195312 0.40242695808410645
vn -0.071527399122715 -0.870002806186676 0.4878309369087219
vn 0.03964228555560112 -0.9202864766120911 0.3892316222190857
vn -0.0938473492860794 -0.880565881729126 0.46453893184661865
vn -0.4198448061943054 -0.8285757303237915 0.3703952729701996
vn -0.700638473033905 -0.5902568697929382 0.4008772373199463
vn -0.6896904110908508 -0.4487267732620239 0.5683057308197021
vn -0.5857389569282532 -0.3445279598236084 0.7336282134056091
vn -0.45778682827949524 -0.7365798950195312 0.4978767931461334
vn -0.5169689655303955 -0.7710142731666565 0.3718603253364563
vn -0.6570602655410767 -0.6518535614013672 0.3786274492740631
vn -0.6308385729789734 -0.7365798950195312 0.2439112663269043
vn -0.6415388584136963 -0.762600839138031 -0.08287259936332703
vn -0.7789941430091858 -0.6181069612503052 0.10541316121816635
vn -0.815906822681427 -0.4987380802631378 0.2925002872943878
vn -0.8238323330879211 -0.517553448677063 0.23116803169250488
vn -0.7218380570411682 -0.677958071231842 0.1390063315629959
vn -0.6961814761161804 -0.6811634302139282 0.2266002893447876
vn -0.7010601162910461 -0.6215357184410095 0.34958264231681824
vn -0.7575969696044922 -0.5972883105278015 0.2632365822792053
vn -0.7527514696121216 -0.565295398235321 0.33735203742980957
vn -0.766691267490387 -0.5544343590736389 0.3237082362174988
vn -0.6986985802650452 -0.6351317763328552 0.3292839527130127
vn -0.7558253407478333 -0.5434780120849609 0.365184485912323
vn -0.6612968444824219 -0.5760592818260193 0.48046037554740906
vn -0.7013141512870789 -0.6584556102752686 0.27312028408050537
vn -0.5334712862968445 -0.5972882509231567 0.5988782048225403
vn -0.6267371773719788 -0.4873339831829071 0.6080346703529358
vn -0.35161086916923523 -0.3811689615249634 0.8550321459770203
vn -0.06603708863258362 -0.2864930033683777 0.9558038115501404
vn -0.1765257716178894 -0.35271841287612915 0.9189278483390808
vn -0.577881932258606 -0.39325448870658875 0.7151247262954712
vn -0.5092713832855225 -0.40127405524253845 0.761328935623169
vn -0.2006065547466278 -0.3156580924987793 0.9274249076843262
vn 0.2503160536289215 -0.18033753335475922 0.9512203931808472
vn 0.4511665999889374 -0.024029195308685303 0.8921161890029907
vn 0.3650612533092499 -0.0720323771238327 0.928192675113678
vn -0.5717373490333557 -0.58318030834198 0.5770763754844666
vn -0.27114415168762207 -0.4796845614910126 0.8344959616661072
vn 0.37664952874183655 -0.2864930033683777 0.8809409141540527
vn -0.02833368629217148 -0.5062932372093201 0.8618957996368408
vn -0.40492016077041626 -0.5616856813430786 0.721490740776062
vn -0.5338695645332336 -0.48351389169692993 0.6936840415000916
vn -0.24623669683933258 -0.3608819842338562 0.8995174765586853
vn -0.3548262119293213 -0.5507926940917969 0.7554640173912048
vn -0.24595177173614502 -0.48351386189460754 0.8400726318359375
vn 0.04530520364642143 -0.6146661639213562 0.7874852418899536
vn 0.10168914496898651 -0.4132457673549652 0.9049239158630371
vn 0.10366105288267136 -0.14585232734680176 0.9838604927062988
vn 0.1969279795885086 -0.08509992808103561 0.9767176508903503
vn -0.024544067680835724 -0.26128003001213074 0.9649509787559509
vn 0.1671757996082306 -0.35680362582206726 0.9190992712974548
vn -0.2352268248796463 -0.4604021906852722 0.8559778928756714
vn -0.0830090343952179 -0.6077497601509094 0.7897782921791077
vn 0.04717983305454254 -0.7155519127845764 0.6969645023345947
vn 0.23342318832874298 -0.7276511192321777 0.6450096964836121
vn -0.40551140904426575 -0.35271841287612915 0.8432972431182861
vn 0.00944522675126791 -0.6650072932243347 0.7467771768569946
vn -0.0867382362484932 -0.6112138032913208 0.7866982817649841
vn -0.1298876851797104 -0.5100563764572144 0.8502773642539978
vn 0.17823511362075806 -0.4092629849910736 0.8948385715484619
vn 0.03586452826857567 -0.2231292724609375 0.9741289019584656
vn -0.23536467552185059 -0.3280686140060425 0.914863109588623
vn -0.028332026675343513 -0.3156580924987793 0.9484499096870422
vn -0.22418829798698425 -0.45651906728744507 0.8610051870346069
vn -0.29344111680984497 -0.299026757478714 0.9080062508583069
vn -0.056601908057928085 -0.3280686140060425 0.9429566264152527
vn 0.3421383500099182 -0.1285402774810791 0.9308161735534668
vn 0.35244500637054443 -0.2231292873620987 0.9088431596755981
vn 0.40930718183517456 -0.2906765043735504 0.8648553490638733
vn 0.49136438965797424 -0.25283491611480713 0.8334479928016663
vn 0.22774848341941833 -0.4526272118091583 0.8621248006820679
vn -0.44603148102760315 -0.5796253085136414 0.6819754242897034
vn -0.25206878781318665 -0.6551607847213745 0.7121977806091309
vn -0.6027796864509583 -0.6811634302139282 0.41553938388824463
vn -0.4415452778339386 -0.5361217856407166 0.7194519639015198
vn 0.4229189157485962 -0.40527239441871643 0.8104898929595947
vn 0.5360438823699951 -0.39726805686950684 0.744872510433197
vn 0.30882179737091064 -0.6146661639213562 0.7258199453353882
vn -0.20480848848819733 -0.7185973525047302 0.6645836234092712
vn 0.1315045803785324 -0.6418572664260864 0.7554640173912048
vn 0.14289894700050354 -0.48351386189460754 0.8635937571525574
vn 0.0678783655166626 -0.032764408737421036 0.997155487537384
vn 0.43609869480133057 0.04586266726255417 0.8987294435501099
vn 0.5412572026252747 -0.05022672563791275 0.8393556475639343
vn 0.4920828938484192 -0.21033279597759247 0.8447571396827698
vn 0.17452581226825714 -0.23588745296001434 0.9559800624847412
vn -0.11304221302270889 -0.2739100456237793 0.9550889134407043
vn -0.024551257491111755 -0.5025204420089722 0.864216685295105
vn -0.24989202618598938 -0.6907014846801758 0.678590714931488
vn 0.026415249332785606 -0.4132457673549652 0.9102362990379333
vn -0.2442787140607834 -0.4251464605331421 0.8715379238128662
vn -0.24472330510616302 -0.18892605602741241 0.951008677482605
vn -0.07541158050298691 -0.14152827858924866 0.987057626247406
vn 0.21354758739471436 -0.1198691800236702 0.9695507884025574
vn -0.17096781730651855 -0.1285402625799179 0.9768558740615845
vn -0.20798248052597046 -0.18892605602741241 0.9597136378288269
vn -0.14664326608181 -0.40127402544021606 0.9041431546211243
vn -0.08665540814399719 -0.6747395396232605 0.7329511642456055
vn 0.045287445187568665 -0.7954542636871338 0.6043190956115723
vn 0.18936938047409058 -0.8110665678977966 0.5534530282020569
vn 0.2642008662223816 -0.6779579520225525 0.6859817504882812
vn 0.3475312888622284 -0.4448176622390747 0.8254448771476746
vn 0.20419037342071533 -0.35680362582206726 0.9115906357765198
vn -0.028321702033281326 -0.7155519127845764 0.6979852318763733
vn 0.011331391520798206 -0.7626007199287415 0.6467702388763428
vn -0.3110889196395874 -0.5902568101882935 0.7448627948760986
vn -0.2489190399646759 -0.7424620985984802 0.6219238638877869
vn -0.4994824528694153 -0.5902568101882935 0.634124755859375
vn -0.6159074306488037 -0.6584556102752686 0.43254396319389343
vn -0.5610207319259644 -0.7737894058227539 0.2941184639930725
vn -0.6610769033432007 -0.565295398235321 0.4933745861053467
vn -0.4988139271736145 -0.38116899132728577 0.778392493724823
vn -0.46457451581954956 -0.4719986021518707 0.7492581605911255
vn -0.49493369460105896 -0.6584555506706238 0.5669893622398376
vn -0.4510018825531006 -0.8136147260665894 0.36691737174987793
vn -0.4521920382976532 -0.7365798950195312 0.502963662147522
vn -0.4094042181968689 -0.6843558549880981 0.6033616065979004
vn -0.024521203711628914 0.38923338055610657 -0.920812726020813
vn 0.04146937280893326 0.4251464605331421 -0.9041740894317627
vn -0.022631680592894554 0.5025204420089722 -0.8642690777778625
vn 0.450691282749176 0.4873339533805847 -0.7479190826416016
vn 0.3053019046783447 0.5937781929969788 -0.7444583177566528
vn 0.060323283076286316 0.5902568101882935 -0.8049584031105042
vn 0.018854951485991478 0.4251464605331421 -0.9049281477928162
vn 0.24585117399692535 0.4092629849910736 -0.8786700367927551
vn -0.07541823387145996 0.3486264944076538 -0.9342224597930908
vn 0.13348893821239471 0.4211875796318054 -0.8970962762832642
vn 0.6058918237686157 0.4290972650051117 -0.6699033975601196
vn 0.5099499821662903 0.35680365562438965 -0.7827146053314209
vn 0.36760085821151733 0.6682641506195068 -0.6467554569244385
vn 0.21953925490379333 0.8742781281471252 -0.432943731546402
vn 0.240536168217659 0.6811633706092834 -0.6914902329444885
vn 0.18536391854286194 0.48733392357826233 -0.8533146381378174
vn 0.3925585448741913 0.5688941478729248 -0.7226736545562744
vn 0.3100898563861847 0.468142032623291 -0.8274583220481873
vn 0.6458054780960083 0.4681420922279358 -0.6031402945518494
vn 0.41846150159835815 0.5760592222213745 -0.7021721601486206
vn 0.5774621367454529 0.6650073528289795 -0.47360607981681824
vn 0.58409184217453 0.5025204420089722 -0.6374244093894958
vn 0.23626910150051117 0.5138098001480103 -0.8247280716896057
vn 0.31771454215049744 0.6650072932243347 -0.6758866906166077
vn -0.039514243602752686 0.8285756707191467 -0.5584809184074402
vn 0.060201246291399 0.7276511192321777 -0.6833005547523499
vn 0.40162259340286255 0.671508252620697 -0.6227166056632996
vn 0.6392791271209717 0.5867242217063904 -0.49706828594207764
vn 0.7462984919548035 0.517553448677063 -0.41854149103164673
vn 0.7584870457649231 0.37712588906288147 -0.5314823389053345
vn 0.7022420763969421 0.24013133347034454 -0.6702186465263367
vn 0.6323142647743225 0.3730754852294922 -0.6789649128913879
vn 0.39251893758773804 0.6584555506706238 -0.6421566605567932
vn 0.43323028087615967 0.7306413650512695 -0.527707040309906
vn 0.15829874575138092 0.7847416400909424 -0.5992678999900818
vn -0.018834035843610764 0.7874423861503601 -0.6161004304885864
vn -0.041410114616155624 0.7874423861503601 -0.6149956583976746
vn 0.06209134683012962 0.7482876777648926 -0.6604620814323425
vn 0.3732302784919739 0.5398050546646118 -0.7545260787010193
vn 0.6013964414596558 0.1803375482559204 -0.778331995010376
vn 0.5706976056098938 0.07638972997665405 -0.8175994157791138
vn 0.45197823643684387 0.19321493804454803 -0.8708522915840149
vn 0.5081787109375 0.5025204420089722 -0.6994480490684509
vn 0.6752634644508362 0.32806864380836487 -0.6605983972549438
vn 0.6862117052078247 0.360882043838501 -0.6315675973892212
vn 0.7852329015731812 0.18463361263275146 -0.5910328030586243
vn 0.6812331676483154 0.22312931716442108 -0.6972336173057556
vn 0.5710195899009705 0.369018018245697 -0.73332279920578
vn 0.7241437435150146 0.49114474654197693 -0.48414120078086853
vn 0.7069265842437744 0.5507927536964417 -0.44371408224105835
vn 0.42079275846481323 0.4290972650051117 -0.7992552518844604
vn 0.2942708432674408 0.4330398142337799 -0.8519865870475769
vn -0.08475852757692337 0.2654951214790344 -0.9603793025016785
vn 0.0828736424446106 0.32393795251846313 -0.9424415826797485
vn 0.5590389370918274 0.369018018245697 -0.7424966096878052
vn 0.8299888372421265 0.37307554483413696 -0.4146482050418854
vn 0.7931746244430542 0.5796253681182861 -0.18683786690235138
vn 0.8841177821159363 0.4642767012119293 0.052752818912267685
vn 0.6944265961647034 0.6715084314346313 0.2585500180721283
vn 0.7005859017372131 0.40127426385879517 0.5900494456291199
vn 0.7225075364112854 0.4211876392364502 -0.548255205154419
vn 0.623833179473877 0.31980109214782715 -0.7131335139274597
vn 0.5950675010681152 0.2612800598144531 -0.7600180506706238
vn 0.5903305411338806 0.2739100754261017 -0.7592648267745972
vn 0.36989617347717285 0.5361217856407166 -0.7587820887565613
vn 0.125407874584198 0.8007196187973022 -0.5857652425765991
vn 0.14783364534378052 0.8926864266395569 -0.42574191093444824
vn 0.31918591260910034 0.8590244650840759 -0.40024662017822266
vn 0.5389423966407776 0.6181068420410156 -0.5722631216049194
vn 0.7021089792251587 0.45651912689208984 -0.5464734435081482
vn 0.5260816216468811 0.5324282646179199 -0.6631426215171814
vn 0.1162380650639534 0.7792952656745911 -0.6157820820808411
vn 0.3806331157684326 0.6682641506195068 -0.6391724944114685
vn 0.6549720764160156 0.40127405524253845 -0.6403051614761353
vn 0.605139434337616 0.525010883808136 -0.5984728932380676
vn 0.7021952271461487 0.2990267872810364 -0.6461461782455444
vn 0.6749423146247864 0.4290972948074341 -0.6002735495567322
vn 0.7397662401199341 0.3972680866718292 -0.5430690050125122
vn 0.6622804403305054 0.42514652013778687 -0.6169562935829163
vn 0.6452448964118958 0.5796253681182861 -0.4976881146430969
vn 0.7109090685844421 0.5507927536964417 -0.4373050332069397
vn 0.6372383832931519 0.6283577680587769 -0.4461992383003235
vn 0.639427900314331 0.5398051142692566 -0.5474873781204224
vn 0.4819158613681793 0.6551607847213745 -0.5818259716033936
vn 0.23618052899837494 0.7276511192321777 -0.6440051198005676
vn 0.04140002653002739 0.7682243585586548 -0.6388406157493591
vn -0.01319489348679781 0.7765496969223022 -0.6299178004264832
vn 0.11246158927679062 0.7453820109367371 -0.6570829749107361
vn 0.4524678885936737 0.525010883808136 -0.7208580374717712
vn 0.7541802525520325 0.19750018417835236 -0.6262633800506592
vn 0.009421025402843952 0.8545180559158325 -0.5193362832069397
vn 0.05647803470492363 0.7980945706367493 -0.5998793840408325
vn 0.08593667298555374 0.8965906500816345 -0.4344422519207001
vn 0.3437080681324005 0.798094630241394 -0.49488359689712524
vn 0.27709755301475525 0.7094200849533081 -0.6480278372764587
vn 0.5129647254943848 0.5544342994689941 -0.6553394794464111
vn 0.03179391101002693 -0.9919826984405518 0.1223088800907135
vn 0.015155431814491749 -0.9961841106414795 0.08595088869333267
vn 0.024595506489276886 -0.9930492043495178 0.11510176211595535
vn -0.1619887501001358 -0.983208417892456 -0.08402860909700394
vn 0.05554893985390663 -0.9876541495323181 0.14647068083286285
vn 0.04672862961888313 -0.9862475395202637 0.1585317850112915
vn -0.192674919962883 -0.97986900806427 -0.052278853952884674
vn -0.4311811029911041 -0.8382340669631958 -0.33383601903915405
vn -0.6007288098335266 -0.5937783718109131 -0.5353056192398071
vn -0.6607665419578552 -0.2823043167591095 -0.6954795718193054
vn -0.6792219281196594 -0.311509370803833 -0.6645445227622986
vn -0.6285194754600525 -0.6007871031761169 -0.49398189783096313
vn -0.46269696950912476 -0.845309853553772 -0.2671380639076233
vn -0.2124682515859604 -0.9771679639816284 1.5920122109491786e-7
vn 0.039491742849349976 -0.969145655632019 0.24330450594425201
vn 0.04152005538344383 -0.9333975911140442 0.35643380880355835
vn -0.1547025889158249 -0.9669546484947205 0.20264685153961182
vn -0.1223367378115654 -0.9333975911140442 0.33734655380249023
vn -0.5118787288665771 -0.8590245246887207 -0.007550240959972143
vn -0.5206605792045593 -0.8406086564064026 -0.14929687976837158
vn -0.2138800323009491 -0.9742990136146545 0.07068771123886108
vn -0.49574923515319824 -0.845309853553772 -0.19920828938484192
vn -0.6711388826370239 -0.6485339403152466 -0.35913267731666565
vn -0.6725749373435974 -0.6682643294334412 -0.317908376455307
vn -0.6306294798851013 -0.7424622774124146 -0.22595623135566711
vn -0.6641709208488464 -0.6215358376502991 -0.41541561484336853
vn -0.6764755845069885 -0.49873822927474976 -0.5418865084648132
vn -0.7313722372055054 -0.4251466989517212 -0.5332400798797607
vn -0.7393704652786255 -0.39325469732284546 -0.5465181469917297
vn -0.7057573199272156 -0.3445281684398651 -0.6190371513366699
vn -0.975206732749939 -0.11118912696838379 -0.19133435189723969
vn -0.9805020689964294 0.024029308930039406 -0.195033997297287
vn -0.9904640316963196 -0.11986932903528214 0.06791417300701141
vn -0.9190243482589722 0.227386474609375 -0.32200875878334045
vn -0.9917111396789551 0.010923241265118122 -0.12802237272262573
vn -0.9685319662094116 0.17173537611961365 -0.18014657497406006
vn -0.8416889905929565 0.33219313621520996 -0.4256846308708191
vn 0.5393147468566895 -0.24437053501605988 0.8058676719665527
vn 0.5783395767211914 -0.35271844267845154 0.7356038689613342
vn 0.3035110533237457 -0.45651906728744507 0.8363440036773682
vn 0.6245839595794678 -0.47584617137908936 0.619245707988739
vn 0.7065861225128174 -0.44090017676353455 0.553482711315155
vn 0.6880491971969604 -0.3445279896259308 0.6386617422103882
vn 0.5196335911750793 -0.29485446214675903 0.8018988966941833
vn 0.41532477736473083 -0.46427658200263977 0.7822739481925964
vn 0.20982049405574799 -0.024029182270169258 0.977444589138031
vn 0.1485070437192917 -0.1501735895872116 0.9774423241615295
vn 0.7103826403617859 -0.2906765341758728 0.6409865021705627
vn 0.6659184098243713 -0.33631113171577454 0.6659184694290161
vn 0.6613727807998657 -0.054590124636888504 0.7480681538581848
vn 0.8282529711723328 -0.07638977468013763 0.5551230311393738
vn 0.7680552005767822 -0.3363111615180969 0.5449642539024353
vn 0.8996906280517578 -0.2906765937805176 0.3256745934486389
vn 0.8484882116317749 -0.3363111913204193 0.408610463142395
vn 0.971987783908844 -0.2060592770576477 0.11304580420255661
vn 0.9352210164070129 0.06767386943101883 0.34753698110580444
vn 0.8630335330963135 0.032764654606580734 0.504082977771759
vn 0.9117235541343689 0.019661063328385353 0.4103334844112396
vn 0.8905678391456604 0.05895266309380531 0.45101386308670044
vn 0.8707644939422607 0.02402942068874836 0.49111276865005493
vn 0.7257013320922852 0.14585259556770325 0.6723724007606506
vn 0.3574104905128479 0.23163942992687225 0.9047656655311584
vn 0.2791445255279541 0.15880773961544037 0.9470261335372925
vn 0.23910951614379883 0.04149745777249336 0.9701054692268372
vn 0.2316824346780777 0.14585265517234802 0.9617953300476074
vn 0.6813342571258545 -0.12420594692230225 0.7213574051856995
vn 0.46607059240341187 -0.08945266157388687 0.8802138566970825
vn 0.7736124992370605 -0.2739101052284241 0.5713991522789001
vn 0.8258139491081238 -0.33219313621520996 0.45571815967559814
vn 0.8868201971054077 -0.32806870341300964 0.3254548907279968
vn 0.9425833821296692 -0.07203247398138046 0.32611021399497986
vn 0.9884243011474609 -0.01966097205877304 0.1504354178905487
vn 0.9969450831413269 -0.07203253358602524 -0.030197124928236008
vn 0.9824002981185913 -0.12854041159152985 0.13552503287792206
vn 0.9426231384277344 -0.265495240688324 0.20241998136043549
vn 0.9745156764984131 -0.20178170502185822 0.09799684584140778
vn 0.9036341309547424 -0.32806870341300964 0.275347501039505
vn 0.833370566368103 -0.36495357751846313 0.4150932729244232
vn 0.7332624793052673 -0.3527184724807739 0.5813052654266357
vn 0.6194708943367004 -0.24013131856918335 0.747390627861023
vn 0.4524853527545929 -0.13287217915058136 0.8818174004554749
vn 0.22453342378139496 0.028397386893630028 0.9740525484085083
vn 0.1635543406009674 -0.10684559494256973 0.9807313680648804
vn -0.10168547183275223 0.23163944482803345 0.9674725532531738
vn 0.009431904181838036 0.1932152509689331 0.9811110496520996
vn 0.51573646068573 0.04586265981197357 0.8555188775062561
vn 0.3023853302001953 0.20605944097042084 0.9306463003158569
vn 0.6833387017250061 -0.06331368535757065 0.7273510694503784
vn 0.7840665578842163 -0.16742919385433197 0.5976679921150208
vn 0.8664249181747437 -0.18463362753391266 0.46391627192497253
vn 0.7871364951133728 -0.010923161171376705 0.6166820526123047
vn 0.7339292764663696 0.0851001963019371 0.6738737225532532
vn 0.941400945186615 -0.12854038178920746 0.3118358254432678
vn 0.8708476424217224 0.019661076366901398 0.4911596477031708
vn 0.8030186891555786 0.1846337914466858 0.566631555557251
vn 0.9935694932937622 0.0065540592186152935 0.11303403973579407
vn 0.9685319662094116 0.17173537611961365 -0.18014657497406006
vn 0.9917111396789551 0.010923241265118122 -0.12802237272262573
vn 0.9177700877189636 0.227386474609375 -0.3255663812160492
vn 0.9904640316963196 -0.11986932903528214 0.06791417300701141
vn 0.9805020689964294 0.024029308930039406 -0.195033997297287
vn 0.9759265184402466 -0.11118912696838379 -0.187628373503685
vn 0.9582790732383728 -0.04149734601378441 -0.2828059196472168
vn 0.9892775416374207 -0.1458524912595749 -0.007552752271294594
vn 0.9730722308158875 -0.22738653421401978 0.03775967285037041
vn 0.9752732515335083 -0.04149733483791351 -0.21707160770893097
vn 0.9505837559700012 -0.25283509492874146 -0.18018034100532532
vn 0.8360849618911743 -0.32393816113471985 -0.4427482485771179
vn 0.9566996097564697 -0.2017817497253418 -0.20978565514087677
vn 0.8440014123916626 -0.39726823568344116 -0.36033254861831665
vn 0.7006022334098816 -0.3811691999435425 -0.6032134890556335
vn 0.726853609085083 -0.5688943266868591 -0.38476359844207764
vn 0.6777685284614563 -0.45651930570602417 -0.5763852596282959
vn 0.672637939453125 -0.47199881076812744 -0.5698906779289246
vn 0.7275018692016602 -0.5937783718109131 -0.3437561094760895
vn 0.7823901772499084 -0.5361219644546509 -0.3169209361076355
vn 0.7212091088294983 -0.3486267328262329 -0.5985957384109497
vn 0.8807411789894104 -0.09380388259887695 -0.4642152190208435
vn 0.9243007302284241 -0.3568038046360016 -0.1354961097240448
vn 0.9544079303741455 -0.29067665338516235 -0.0679163783788681
vn 0.8518480062484741 0.002184608718380332 -0.5237845182418823
vn 0.8202961683273315 -0.4758463203907013 -0.31730809807777405
vn 0.6379824280738831 -0.2528351843357086 -0.7273601293563843
vn 0.44384151697158813 -0.3690182566642761 -0.8165967464447021
vn 0.5432948470115662 -0.5652955770492554 -0.6207025647163391
vn 0.5386828184127808 -0.5831805467605591 -0.6080471277236938
vn 0.5438626408576965 -0.4251467287540436 -0.7235078811645508
vn 0.8282029032707214 -0.3608821928501129 -0.4287703335285187
vn 0.6696524024009705 -0.22312955558300018 -0.7083634734153748
vn 0.6280772686004639 0.16742917895317078 -0.7599252462387085
vn 0.909113347530365 -0.07203259319067001 -0.41027331352233887
vn 0.8308042883872986 -0.09380389750003815 -0.5486028790473938
vn 0.5253744125366211 0.3115091323852539 -0.7917978167533875
vn 0.7068328261375427 -0.2864932715892792 -0.6467680335044861
vn 0.44403180480003357 0.14152829349040985 -0.8847629427909851
vn 0.3825729191303253 0.024029189720749855 -0.9236127734184265
vn 0.5733596682548523 -0.16742943227291107 -0.8020138144493103
vn 0.5282506346702576 -0.05895272642374039 -0.8470394611358643
vn 0.41187602281570435 0.08945265412330627 -0.9068386554718018
vn 0.47627952694892883 -0.10684589296579361 -0.8727781772613525
vn 0.42367783188819885 0.14152829349040985 -0.894688069820404
vn 0.3597263693809509 0.11118894815444946 -0.9264091849327087
vn 0.42386576533317566 -0.16742944717407227 -0.8901153206825256
vn 0.41684338450431824 -0.14152859151363373 -0.8978927135467529
vn 0.2721170485019684 0.1198691800236702 -0.9547688961029053
vn 0.3385598361492157 -0.14585264027118683 -0.9295721054077148
vn 0.12614764273166656 0.17603805661201477 -0.9762670397758484
vn 0.07169158011674881 -0.20605945587158203 -0.9759097099304199
vn -0.0904553011059761 0.14152827858924866 -0.985792875289917
vn -0.21522946655750275 0.09380365163087845 -0.9720479249954224
vn -0.04153341054916382 -0.2273866981267929 -0.9729183912277222
vn -0.18739387392997742 0.27810969948768616 -0.9420926570892334
vn 0.1280052661895752 -0.019661158323287964 -0.9915785789489746
vn 0.060323283076286316 0.5902568101882935 -0.8049584031105042
vn 0.3483569622039795 0.2739100456237793 -0.8964489698410034
vn 0.2951597273349762 0.6617377400398254 -0.6891908049583435
vn 0.8399786353111267 0.33219313621520996 -0.42904967069625854
vn 0.24783191084861755 -0.4052726626396179 -0.879962146282196
vn 0.31462380290031433 0.6351317167282104 -0.7054215669631958
vn 0.46141552925109863 0.38520488142967224 -0.7991951704025269
vn 0.43833452463150024 0.369018018245697 -0.8195660710334778
vn 0.5243505239486694 -0.21033306419849396 -0.8251160383224487
vn 0.2733006477355957 0.6042740941047668 -0.7484381198883057
vn 0.4540289342403412 0.409263014793396 -0.7914300560951233
vn 0.696304976940155 -0.010923379100859165 -0.7176629304885864
vn 0.6655198931694031 -0.07203264534473419 -0.7428960800170898
vn 0.5754449963569641 -0.5902570486068726 -0.5660915970802307
vn 0.6788303256034851 -0.49873822927474976 -0.5389337539672852
vn 0.729141116142273 -0.4251466989517212 -0.5362867712974548
vn 0.6673031449317932 0.04586239904165268 -0.7433727979660034
vn 0.7371198534965515 -0.39325469732284546 -0.5495498776435852
vn 0.6709528565406799 -0.6682643294334412 -0.32131776213645935
vn 0.6318938732147217 -0.7424622774124146 -0.22239577770233154
vn 0.6085167527198792 -0.7792953848838806 -0.14968641102313995
vn 0.5573743581771851 -0.8285757899284363 -0.05287722870707512
vn 0.43716010451316833 -0.739528238773346 -0.5118486285209656
vn 0.35298293828964233 -0.845309853553772 -0.4010663628578186
vn 0.12048306316137314 -0.5471407771110535 -0.8283240795135498
vn 0.2955552041530609 -0.5616859197616577 -0.7727587223052979
vn 0.49195724725723267 -0.49114495515823364 -0.7188565731048584
vn 0.5248684287071228 -0.47968482971191406 -0.7031469345092773
vn 0.5376957058906555 -0.5175536274909973 -0.6655986309051514
vn 0.5737656950950623 -0.5361220240592957 -0.6191657185554504
vn 0.6677282452583313 -0.47199881076812744 -0.5756354331970215
vn 0.7615645527839661 -0.40527260303497314 -0.5057405829429626
vn 0.8171735405921936 -0.49873819947242737 -0.28894221782684326
vn 0.9008246064186096 -0.42118775844573975 -0.10543195903301239
vn 0.9324891567230225 -0.36088213324546814 -0.01510178204625845
vn 0.7710484862327576 -0.5398052334785461 -0.33777886629104614
vn 0.815619170665741 -0.5688942670822144 0.10547344386577606
vn 0.8355465531349182 -0.513809859752655 0.19457997381687164
vn 0.8452616333961487 -0.5324283838272095 -0.04530688747763634
vn 0.7822008728981018 -0.6007870435714722 -0.16497483849525452
vn 0.6596699357032776 -0.7155520915985107 -0.2298279106616974
vn 0.6069673299789429 -0.7306414842605591 -0.31265580654144287
vn 0.6032719612121582 -0.7216292023658752 -0.3395794630050659
vn 0.59214848279953 -0.7276512980461121 -0.34624242782592773
vn 0.5241840481758118 -0.7737895250320435 -0.3556414544582367
vn 0.39300209283828735 -0.8545181751251221 -0.3396293520927429
vn 0.3079540729522705 -0.9509214162826538 -0.030211899429559708
vn 0.850857675075531 -0.5175535082817078 0.09044115245342255
vn 0.7181746959686279 -0.6938546895980835 0.052827924489974976
vn 0.4029906094074249 -0.9150791168212891 0.015124048106372356
vn 0.5615250468254089 -0.7820259928703308 0.2704163193702698
vn 0.3435315787792206 -0.8965906500816345 0.279483824968338
vn 0.1387018859386444 -0.983208417892456 0.11858757585287094
vn 0.40025219321250916 -0.913308322429657 -0.07527301460504532
vn 0.5115304589271545 -0.8545181155204773 -0.09019647538661957
vn 0.567112922668457 -0.8186644315719604 -0.09039613604545593
vn 0.6155133247375488 -0.7820260524749756 -0.09787030518054962
vn 0.6546800136566162 -0.7540562748908997 -0.0528511106967926
vn 0.5814306139945984 -0.7847416996955872 0.21475309133529663
vn 0.6358731389045715 -0.7540562748908997 0.16451314091682434
vn 0.89517742395401 -0.42909735441207886 0.1205519586801529
vn 0.8605754375457764 -0.46427667140960693 0.20942090451717377
vn 0.7099969387054443 -0.6938546895980835 0.12029139697551727
vn 0.6666967272758484 -0.7216292023658752 -0.186458557844162
vn 0.5478509068489075 -0.7032342553138733 -0.4531234800815582
vn 0.7149177193641663 -0.665007472038269 -0.2160041481256485
vn 0.8732509613037109 -0.4835140109062195 0.06039055436849594
vn 0.905099093914032 -0.3852049708366394 0.18003545701503754
vn 0.8369042277336121 -0.5471406579017639 -0.015111967921257019
vn 0.722970724105835 -0.6875353455543518 -0.06788548827171326
vn 0.7266411781311035 -0.6843559741973877 -0.060410723090171814
vn 0.7938046455383301 -0.607749879360199 -0.022677075117826462
vn 0.9197443723678589 -0.3852050006389618 0.07541479915380478
vn 0.9777963161468506 -0.1458524614572525 0.15047074854373932
vn 0.9522734880447388 -0.214602530002594 0.2170737236738205
vn 0.8587921857833862 -0.16742922365665436 0.4841935932636261
vn 0.7149092555046082 -0.2486051321029663 0.6535290479660034
vn 0.6182412505149841 -0.2906765341758728 0.7302636504173279
vn 0.7508448362350464 -0.24437056481838226 0.6136082410812378
vn 0.8608596324920654 -0.3445280194282532 0.37446117401123047
vn 0.7580572366714478 -0.5580653548240662 0.3375089168548584
vn 0.6433585286140442 -0.4290972948074341 0.6340073347091675
vn 0.7013141512870789 -0.6584556102752686 0.27312028408050537
vn 0.6950032711029053 -0.6811634302139282 0.23018857836723328
vn 0.7225432395935059 -0.677958071231842 0.13529302179813385
vn 0.8238323330879211 -0.517553448677063 0.23116803169250488
vn 0.7010601162910461 -0.6215357184410095 0.34958264231681824
vn 0.6612968444824219 -0.5760592818260193 0.48046037554740906
vn 0.6172938942909241 -0.5287246108055115 0.5825791358947754
vn 0.6551944613456726 -0.369018018245697 0.6592009663581848
vn 0.7289641499519348 -0.307354211807251 0.6116736531257629
vn 0.7374579906463623 -0.40127408504486084 0.5432630777359009
vn 0.7685984373092651 -0.46427664160728455 0.440117746591568
vn 0.7563486695289612 -0.5972883105278015 0.26680195331573486
vn 0.7527514696121216 -0.565295398235321 0.33735203742980957
vn 0.7558253407478333 -0.5434780120849609 0.365184485912323
vn 0.814624547958374 -0.4987380802631378 0.29605260491371155
vn 0.7789941430091858 -0.6181069612503052 0.10541316121816635
vn 0.6415388584136963 -0.762600839138031 -0.08287259936332703
vn 0.766691267490387 -0.5544343590736389 0.3237082362174988
vn 0.6308385729789734 -0.7365798950195312 0.2439112663269043
vn 0.5594455599784851 -0.8211658596992493 0.11272697150707245
vn 0.6551670432090759 -0.6518535614013672 0.3818940818309784
vn 0.731414794921875 -0.661737859249115 0.16472837328910828
vn 0.5315075516700745 -0.7654199004173279 0.362811416387558
vn 0.903505802154541 -0.4172207713127136 0.09800025820732117
vn 0.7690852880477905 -0.4987380802631378 0.3997100591659546
vn 0.21864205598831177 -0.876390814781189 0.4291093349456787
vn -0.041400279849767685 -0.9623513221740723 0.26863712072372437
vn 0.8843082189559937 -0.4172207713127136 0.20958496630191803
vn 0.8395595550537109 -0.4949461817741394 0.22398217022418976
vn 0.7080329060554504 -0.6650073528289795 0.23760181665420532
vn 0.3316616117954254 -0.8846737146377563 0.3276475965976715
vn 0.3383668065071106 -0.8136147260665894 0.4727990925312042
vn 0.5901195406913757 -0.7820259928703308 0.20048505067825317
vn 0.5394636392593384 -0.8161473274230957 0.20708081126213074
vn 0.5218373537063599 -0.831014096736908 0.19261689484119415
vn 0.4523348808288574 -0.8805659413337708 0.14141009747982025
vn 0.2680675685405731 -0.9561840295791626 0.11769425123929977
vn 0.16392207145690918 -0.9333975911140442 0.31921547651290894
vn 0.4281502366065979 -0.8334366679191589 0.34938618540763855
vn 0.5436015129089355 -0.7365798950195312 0.40242695808410645
vn 0.4676656723022461 -0.7336176633834839 0.4930456280708313
vn 0.3660275936126709 -0.7626007795333862 0.5333516001701355
vn 0.40659064054489136 -0.6112138032913208 0.6790447235107422
vn 0.6187992095947266 -0.4681420922279358 0.6308173537254333
vn 0.5982083678245544 -0.5937782526016235 0.5381209254264832
vn 0.34782692790031433 -0.7246469855308533 0.5948975682258606
vn -0.0037789649795740843 -0.8007196187973022 0.5990273356437683
vn -0.203221395611763 -0.831014096736908 0.5177997946739197
vn 0.020799407735466957 -0.8236514329910278 0.5667147636413574
vn 0.43405890464782715 -0.5652953386306763 0.7014514207839966
vn 0.10925457626581192 -0.5434779524803162 0.832283079624176
vn -0.24581557512283325 -0.4758461117744446 0.8444792032241821
vn -0.39549314975738525 -0.5434779524803162 0.7404166460037231
vn -0.30570727586746216 -0.6907014846801758 0.6553429961204529
vn -0.020759498700499535 -0.3321930468082428 0.9429829716682434
vn 0.47686827182769775 -0.35680365562438965 0.8032980561256409
vn 0.3890695571899414 -0.4251464903354645 0.8172363638877869
vn 0.22244404256343842 -0.7306413054466248 0.6455090045928955
vn 0.071527399122715 -0.870002806186676 0.4878309369087219
vn -0.04340285807847977 -0.9202864766120911 0.3888302445411682
vn 0.0938473492860794 -0.880565881729126 0.46453893184661865
vn 0.41733279824256897 -0.8285757303237915 0.37322330474853516
vn 0.6987538933753967 -0.5902568697929382 0.40415316820144653
vn 0.6872813105583191 -0.4487267732620239 0.5712168216705322
vn 0.5886852145195007 -0.3445279598236084 0.7312661409378052
vn 0.45778682827949524 -0.7365798950195312 0.4978767931461334
vn 0.5191681981086731 -0.7710142731666565 0.3687836229801178
vn 0.6986985802650452 -0.6351317763328552 0.3292839527130127
vn 0.6267371773719788 -0.4873339831829071 0.6080346703529358
vn 0.6778236627578735 -0.37712588906288147 0.6311348080635071
vn 0.5122531652450562 -0.2654951512813568 0.8167674541473389
vn 0.23551924526691437 -0.2654951214790344 0.9349027276039124
vn 0.16162775456905365 -0.2654951214790344 0.9504677057266235
vn 0.22463715076446533 -0.1674291491508484 0.9599508047103882
vn 0.16709591448307037 -0.23588745296001434 0.9573066830635071
vn 0.41399437189102173 -0.3115091025829315 0.855319082736969
vn 0.35510095953941345 -0.3811689615249634 0.8535885810852051
vn 0.0698041319847107 -0.2864930033683777 0.9555360674858093
vn 0.1765257716178894 -0.35271841287612915 0.9189278483390808
vn 0.14296682178974152 -0.2570599317550659 0.9557618498802185
vn 0.17085295915603638 -0.1501735895872116 0.9737849235534668
vn 0.3312365710735321 -0.1501736044883728 0.9315203428268433
vn 0.21328960359096527 -0.4604021906852722 0.8617060780525208
vn 0.08675739169120789 -0.34042277932167053 0.9362614750862122
vn 0.12424197793006897 -0.299026757478714 0.9461220502853394
vn 0.07541158050298691 -0.14152827858924866 0.987057626247406
vn 0.12429655343294144 -0.06767364591360092 0.9899346828460693
vn 0.19507868587970734 -0.01092310156673193 0.9807267785072327
vn 0.2954454720020294 0.15017390251159668 0.9434828162193298
vn 0.2919374108314514 0.1889263540506363 0.9375923275947571
vn -0.05842529982328415 0.45651936531066895 0.8877931237220764
vn -0.022660985589027405 -0.5688941478729248 0.8220984935760498
vn 0.4590805768966675 -0.21033279597759247 0.8631368279457092
vn 0.07535182684659958 0.5025206804275513 0.8612752556800842
vn 0.005659372080117464 0.38923367857933044 0.9211216568946838
vn -0.2010238915681839 0.6682643890380859 0.716248631477356
vn -0.20492881536483765 0.6077499985694885 0.7672314643859863
vn -0.36609315872192383 0.5580655336380005 0.744673490524292
vn -0.2891165316104889 0.4092632830142975 0.8653988838195801
vn -0.27826377749443054 0.42514675855636597 0.8612894415855408
vn 0.035831108689308167 0.3404230773448944 0.9395893812179565
vn 0.1669137328863144 0.436974436044693 0.8838513493537903
vn 0.37420931458473206 0.323938250541687 0.8689254522323608
vn 0.5948238968849182 0.20605941116809845 0.7769967913627625
vn 0.6836228370666504 0.29485470056533813 0.6676230430603027
vn 0.4698677957057953 0.4251467287540436 0.7736113667488098
vn 0.5698934197425842 0.5062934756278992 0.6472159028053284
vn 0.2363349050283432 0.5287248492240906 0.8152275085449219
vn 0.873668909072876 0.24013151228427887 0.4231305718421936
vn 0.7649630308151245 0.3730756938457489 0.5250200629234314
vn 0.9290450215339661 0.10684581100940704 0.35420241951942444
vn 0.9696283340454102 0.18033771216869354 0.1652248352766037
vn 0.9492197036743164 0.29067662358283997 -0.12037056684494019
vn 0.8319023251533508 0.36088207364082336 -0.42154785990715027
vn 0.8043679594993591 0.4681421220302582 -0.3658348023891449
vn 0.9176715016365051 0.3972681760787964 -0.007547224871814251
vn 0.9151470065116882 0.3073543310165405 0.2608433961868286
vn 0.8279103636741638 0.45262742042541504 0.33119910955429077
vn 0.8360344171524048 0.5434780716896057 0.07535259425640106
vn 0.7228258848190308 0.6317508220672607 -0.28002431988716125
vn 0.4750165045261383 0.8522403240203857 -0.21919327974319458
vn 0.6300861835479736 0.7482878565788269 0.20750108361244202
vn 0.2126890867948532 0.9395264983177185 0.26842746138572693
vn 0.631106436252594 0.5902569890022278 0.5032904744148254
vn 0.34636518359184265 0.6007871627807617 0.7204761505126953
vn 0.027881864458322525 0.9862475395202637 -0.16290640830993652
vn -0.2190605252981186 0.9318208694458008 0.2893482744693756
vn 0.3256663382053375 0.7569190263748169 0.5665819048881531
vn -0.03575862944126129 0.8236516714096069 0.5659675598144531
vn 0.1181446835398674 0.6907017230987549 0.7134233713150024
vn 0.0056595769710838795 0.6112140417098999 0.7914450764656067
vn -0.2542788088321686 0.6969946622848511 0.6704779863357544
vn -0.5015181303024292 0.7682245373725891 0.39788269996643066
vn -0.37394461035728455 0.9219872951507568 -0.10052323341369629
vn -0.40458303689956665 0.8161473274230957 -0.4125725030899048
vn -0.11955970525741577 0.8522403240203857 -0.5093052983283997
vn 0.4750165045261383 0.8522403240203857 -0.21919327974319458
vn 0.26980718970298767 0.8136147260665894 -0.515009880065918
vn 0.48222243785858154 0.6452016830444336 -0.5926012992858887
vn 0.7228258848190308 0.6317508220672607 -0.28002431988716125
vn 0.8043679594993591 0.4681421220302582 -0.3658348023891449
vn 0.5895150899887085 0.5175533890724182 -0.6201696395874023
vn 0.6602157950401306 0.4369741976261139 -0.6108753085136414
vn 0.8319023251533508 0.36088207364082336 -0.42154785990715027
vn 0.8399786353111267 0.33219313621520996 -0.42904967069625854
vn 0.6852501034736633 0.4369741976261139 -0.5826541781425476
vn 0.9177700877189636 0.227386474609375 -0.3255663812160492
vn 0.7508625388145447 0.39325451850891113 -0.5306187868118286
vn 0.8319644331932068 0.16742920875549316 -0.5289636850357056
vn 0.9805020689964294 0.024029308930039406 -0.195033997297287
vn 0.9759265184402466 -0.11118912696838379 -0.187628373503685
vn 0.8103529214859009 -0.08074584603309631 -0.5803518295288086
vn 0.9582790732383728 -0.04149734601378441 -0.2828059196472168
vn 0.7871665954589844 0.006553940009325743 -0.6167056560516357
vn 0.817532479763031 0.15449205040931702 -0.5547727346420288
vn 0.9752732515335083 -0.04149733483791351 -0.21707160770893097
vn 0.9505837559700012 -0.25283509492874146 -0.18018034100532532
vn 0.8258780241012573 -0.09815311431884766 -0.5552399754524231
vn 0.8360849618911743 -0.32393816113471985 -0.4427482485771179
vn 0.6954817771911621 -0.3031936287879944 -0.651443600654602
vn 0.564852237701416 -0.3445281982421875 -0.7498281598091125
vn 0.7006022334098816 -0.3811691999435425 -0.6032134890556335
vn 0.6777685284614563 -0.45651930570602417 -0.5763852596282959
vn 0.5115485787391663 -0.36495375633239746 -0.7778989672660828
vn 0.672637939453125 -0.47199881076812744 -0.5698906779289246
vn 0.4766536355018616 -0.3690182566642761 -0.797888994216919
vn 0.5307115912437439 -0.21033306419849396 -0.821039080619812
vn 0.7212091088294983 -0.3486267328262329 -0.5985957384109497
vn 0.8807411789894104 -0.09380388259887695 -0.4642152190208435
vn 0.6379981637001038 0.11118897050619125 -0.7619680762290955
vn 0.5444809794425964 0.2823040783405304 -0.7898384928703308
vn 0.8518480062484741 0.002184608718380332 -0.5237845182418823
vn 0.6379824280738831 -0.2528351843357086 -0.7273601293563843
vn 0.39079418778419495 0.13720154762268066 -0.9101953506469727
vn 0.44384151697158813 -0.3690182566642761 -0.8165967464447021
vn 0.3771098256111145 -0.13287247717380524 -0.916587769985199
vn 0.418521523475647 -0.1889263540506363 -0.8883392214775085
vn 0.5438626408576965 -0.4251467287540436 -0.7235078811645508
vn 0.6696524024009705 -0.22312955558300018 -0.7083634734153748
vn 0.40499112010002136 -0.08945295214653015 -0.9099342823028564
vn 0.3506791889667511 0.1846335530281067 -0.9181147217750549
vn 0.6280772686004639 0.16742917895317078 -0.7599252462387085
vn 0.5253744125366211 0.3115091323852539 -0.7917978167533875
vn 0.27481207251548767 0.4290972352027893 -0.8604381680488586
vn 0.44403180480003357 0.14152829349040985 -0.8847629427909851
vn 0.23113422095775604 0.468142032623291 -0.8528891801834106
vn 0.3825729191303253 0.024029189720749855 -0.9236127734184265
vn 0.19102317094802856 0.36901798844337463 -0.9095800518989563
vn 0.23907259106636047 0.10684559494256973 -0.9651052951812744
vn 0.17275206744670868 0.02839706838130951 -0.9845559000968933
vn 0.21884025633335114 0.13720153272151947 -0.9660665988922119
vn 0.24250072240829468 0.2864930033683777 -0.926884651184082
vn 0.18351082503795624 0.4251464605331421 -0.886326253414154
vn 0.260345458984375 0.4092629849910736 -0.8744850158691406
vn 0.3470771908760071 0.19750013947486877 -0.916804850101471
vn 0.26313894987106323 -0.08074590563774109 -0.961372971534729
vn 0.20063725113868713 -0.14585265517234802 -0.9687474966049194
vn 0.22074799239635468 -0.15880775451660156 -0.9623151421546936
vn 0.26123183965682983 -0.1932152360677719 -0.945740818977356
vn 0.3630610704421997 -0.09380395710468292 -0.9270315766334534
vn 0.47724002599716187 0.1717352718114853 -0.8618288040161133
vn 0.4946461021900177 0.3239379823207855 -0.8064672350883484
vn 0.5737689137458801 0.04149716719985008 -0.8179652690887451
vn 0.5040059089660645 -0.03713143244385719 -0.8629016876220703
vn 0.4651082456111908 0.25283491611480713 -0.8483801484107971
vn 0.45709437131881714 0.47968459129333496 -0.748977541923523
vn 0.46773627400398254 0.49873802065849304 -0.7297143936157227
vn 0.4245712459087372 0.4873339533805847 -0.7630497217178345
vn 0.3250035047531128 0.5544342994689941 -0.7661432027816772
vn 0.21778176724910736 0.6146661639213562 -0.7581270337104797
vn 0.062140367925167084 0.6875352263450623 -0.7234873175621033
vn -0.13499875366687775 0.703234076499939 -0.6980237364768982
vn -0.028260471299290657 0.6215356588363647 -0.7828759551048279
vn 0.07722208648920059 0.5616856813430786 -0.8237390518188477
vn 0.14445504546165466 0.5175533890724182 -0.8433689475059509
vn 0.1705872118473053 0.48733392357826233 -0.8563910126686096
vn 0.11475490778684616 0.4369741380214691 -0.892123818397522
vn -0.08473483473062515 0.40127402544021606 -0.9120302200317383
vn -0.07907078415155411 0.4642765522003174 -0.8821536302566528
vn 0.13347072899341583 0.282304048538208 -0.9499947428703308
vn 0.30454087257385254 0.03276441618800163 -0.9519355893135071
vn -0.04526720941066742 0.33631110191345215 -0.9406623840332031
vn -0.06970317661762238 0.40127402544021606 -0.9133020043373108
vn -0.2552203834056854 0.35271841287612915 -0.9002512097358704
vn -0.3427283465862274 0.7155521512031555 0.6087055802345276
vn -0.6123740673065186 0.790128231048584 0.026369987055659294
vn 0.39625173807144165 0.04149715229868889 -0.9172036647796631
vn 0.06601781398057938 0.11118893325328827 -0.9916040897369385
vn -0.24107296764850616 0.11118894070386887 -0.9641165733337402
vn -0.2241668403148651 0.29485443234443665 -0.928875744342804
vn -0.22604918479919434 0.36495348811149597 -0.9031670689582825
vn 0.2297080010175705 0.35271841287612915 -0.9070964455604553
vn 0.11855081468820572 0.35271841287612915 -0.9281893372535706
vn 0.06219671666622162 0.13720153272151947 -0.9885885119438171
vn 0.0302029550075531 -0.002184856915846467 -0.9995414018630981
vn 0.02263815514743328 -0.037131454795598984 -0.999053955078125
vn 0.015103200450539589 -0.0021848571486771107 -0.9998835325241089
vn 0.06599545478820801 0.05895242467522621 -0.9960768818855286
vn 0.049028489738702774 0.23163911700248718 -0.9715655446052551
vn -0.02639796771109104 0.4448176622390747 -0.8952320218086243
vn -0.016973454505205154 0.5652953386306763 -0.8247140049934387
vn 0.06399711221456528 0.6077497601509094 -0.7915457487106323
vn -0.018857192248106003 0.7336176037788391 -0.679300844669342
vn 0.07345534861087799 0.5287246108055115 -0.8456089496612549
vn -0.28742340207099915 0.3730754554271698 -0.8821578621864319
vn -0.19228844344615936 0.6146661639213562 -0.7649906277656555
vn -0.2316824346780777 0.14585232734680176 -0.9617953300476074
vn -0.14474476873874664 0.06331364065408707 -0.9874413013458252
vn -0.11861221492290497 0.08945263922214508 -0.9889031052589417
vn -0.11678244173526764 0.15449197590351105 -0.9810677766799927
vn -0.3181544542312622 0.33631110191345215 -0.8863817453384399
vn -0.44862625002861023 0.19321493804454803 -0.87258380651474
vn -0.5706976056098938 0.07638972997665405 -0.8175994157791138
vn -0.6043775677680969 0.1803375631570816 -0.7760193943977356
vn -0.3766080141067505 0.5398050546646118 -0.7528458833694458
vn -0.0658424124121666 0.7482876777648926 -0.660098671913147
vn 0.06210819631814957 0.7395280599594116 -0.6702542901039124
vn 0.060250621289014816 0.6518535017967224 -0.7559477090835571
vn 0.09984371066093445 0.3321930468082428 -0.9379120469093323
vn 0.1447015404701233 0.13720153272151947 -0.9799169301986694
vn 0.016973519697785378 0.2739100456237793 -0.9616055488586426
vn 0.1593545824289322 0.5324282646179199 -0.8313400149345398
vn 0.31104061007499695 0.33631110191345215 -0.888903021812439
vn 0.3343808054924011 0.3031933605670929 -0.8923358917236328
vn 0.41187602281570435 0.08945265412330627 -0.9068386554718018
vn 0.42367783188819885 0.14152829349040985 -0.894688069820404
vn 0.3020173907279968 0.34042277932167053 -0.8904480934143066
vn 0.3597263693809509 0.11118894815444946 -0.9264091849327087
vn 0.19482028484344482 0.38520485162734985 -0.9020323157310486
vn 0.024528203532099724 0.40527236461639404 -0.9138668775558472
vn 0.2721170485019684 0.1198691800236702 -0.9547688961029053
vn 0.12614764273166656 0.17603805661201477 -0.9762670397758484
vn -0.1315314918756485 0.4448176622390747 -0.8859100937843323
vn -0.2834271192550659 0.4526272118091583 -0.8454570770263672
vn -0.0904553011059761 0.14152827858924866 -0.985792875289917
vn -0.40460366010665894 0.48351389169692993 -0.7762153148651123
vn -0.21522946655750275 0.09380365163087845 -0.9720479249954224
vn -0.18739387392997742 0.27810969948768616 -0.9420926570892334
vn -0.3007999062538147 0.6351317167282104 -0.7114261388778687
vn 0.060323283076286316 0.5902568101882935 -0.8049584031105042
vn 0.03763064369559288 0.782025933265686 -0.6221088171005249
vn 0.2951597273349762 0.6617377400398254 -0.6891908049583435
vn -0.247970312833786 0.8110666275024414 -0.5297940373420715
vn -0.5084525942802429 0.7216290831565857 -0.4698163866996765
vn -0.47882649302482605 0.6682641506195068 -0.5693401098251343
vn -0.5336612462997437 0.8136147260665894 -0.230730801820755
vn -0.3201884627342224 0.693854570388794 -0.6450155973434448
vn -0.3744080662727356 0.8887140154838562 -0.2645864188671112
vn -0.005648787599056959 0.8334366083145142 -0.5525861382484436
vn -0.048913754522800446 0.7682243585586548 -0.6383092999458313
vn -0.20287549495697021 0.8059238791465759 -0.5561728477478027
vn -0.32283756136894226 0.7155519127845764 -0.6194847822189331
vn 0.04335033893585205 0.7094200849533081 -0.70345139503479
vn -0.4228571355342865 0.7336176633834839 -0.5319746732711792
vn -0.013196704909205437 0.6875352263450623 -0.7260310649871826
vn -0.40604934096336365 0.8590244650840759 -0.31177058815956116
vn -0.02259335108101368 0.8211657404899597 -0.5702423453330994
vn 0.2752831280231476 0.696994423866272 -0.6621313691139221
vn 0.24579744040966034 0.6875352263450623 -0.6832853555679321
vn 0.20432275533676147 0.7246469855308533 -0.6581329107284546
vn -0.05442729964852333 0.8678401708602905 -0.493853360414505
vn -0.3901735842227936 0.8907087445259094 -0.2332434356212616
vn -0.17141065001487732 0.7365798354148865 -0.6542694568634033
vn -0.45545250177383423 0.6452016830444336 -0.6134148836135864
vn -0.5341061353683472 0.8358433246612549 -0.12687227129936218
vn -0.4348777234554291 0.8453097343444824 -0.3103751838207245
vn -0.18813899159431458 0.7001209259033203 -0.6887919902801514
vn -0.02261935919523239 0.693854570388794 -0.7197598218917847
vn 0.1201203241944313 0.6518535017967224 -0.7487711310386658
vn 0.17033226788043976 0.6112138032913208 -0.7729195356369019
vn 0.18136513233184814 0.5760592222213745 -0.7970335483551025
vn -0.056511420756578445 0.7246469855308533 -0.6867992281913757
vn -0.06218700855970383 0.5361217856407166 -0.8418468832969666
vn -0.3329392373561859 0.2188679426908493 -0.9171959161758423
vn -0.404681533575058 0.49114471673965454 -0.7713687419891357
vn -0.16526982188224792 0.19750012457370758 -0.9662709832191467
vn -0.6086762547492981 0.19750016927719116 -0.7684444785118103
vn -0.05657558515667915 0.4132457673549652 -0.9088603258132935
vn -0.1181567907333374 0.6779579520225525 -0.7255425453186035
vn 0.018834035843610764 0.7874423861503601 -0.6161004304885864
vn 0.041410114616155624 0.7874423861503601 -0.6149956583976746
vn 0.009425261989235878 0.7765496969223022 -0.6299854516983032
vn -0.11246158927679062 0.7453820109367371 -0.6570829749107361
vn -0.45565757155418396 0.525010883808136 -0.7188460826873779
vn -0.7541802525520325 0.19750018417835236 -0.6262633800506592
vn -0.7852329015731812 0.18463361263275146 -0.5910328030586243
vn -0.6887596845626831 0.360882043838501 -0.6287879347801208
vn -0.6812331676483154 0.22312931716442108 -0.6972336173057556
vn -0.6726210713386536 0.32806864380836487 -0.6632886528968811
vn -0.5081787109375 0.5025204420089722 -0.6994480490684509
vn -0.593303918838501 0.2739100754261017 -0.7569437026977539
vn -0.3665016293525696 0.5361217856407166 -0.7604274749755859
vn -0.12171756476163864 0.8007196187973022 -0.5865431427955627
vn -0.013188742101192474 0.8545180559158325 -0.5192542672157288
vn -0.04140002653002739 0.7682243585586548 -0.6388406157493591
vn -0.05647803470492363 0.7980945706367493 -0.5998793840408325
vn -0.23618052899837494 0.7276511192321777 -0.6440051198005676
vn -0.16193729639053345 0.7847416400909424 -0.5982949137687683
vn -0.43031010031700134 0.7306413650512695 -0.5300909876823425
vn -0.3892964720726013 0.6584555506706238 -0.6441153287887573
vn -0.3834713101387024 0.4251464903354645 -0.8198781609535217
vn -0.50489342212677 0.20178158581256866 -0.8392657041549683
vn -0.7275957465171814 0.21460245549678802 -0.6515752077102661
vn -0.5829629898071289 0.40527239441871643 -0.7042076587677002
vn -0.6350684762001038 0.3730754852294922 -0.6763894557952881
vn -0.7022420763969421 0.24013133347034454 -0.6702186465263367
vn -0.608464777469635 0.38520488142967224 -0.6938211917877197
vn -0.42498013377189636 0.6682641506195068 -0.6105856895446777
vn -0.3118610084056854 0.7710142135620117 -0.5552294850349426
vn -0.2607710063457489 0.8846737146377563 -0.3864594101905823
vn -0.04702789708971977 0.8186643123626709 -0.5723434686660767
vn -0.10466475039720535 0.8721488118171692 -0.4779140055179596
vn -0.2174261063337326 0.8826282620429993 -0.4167652726173401
vn -0.3297995924949646 0.8634653091430664 -0.38165420293807983
vn -0.39710354804992676 0.870002806186676 -0.2922394573688507
vn -0.4988349676132202 0.8453097343444824 -0.1913505643606186
vn -0.5499311089515686 0.5025204420089722 -0.6671198606491089
vn -0.5837947726249695 0.5212871432304382 -0.622449517250061
vn -0.5771671533584595 0.4604022204875946 -0.6744685769081116
vn -0.16448847949504852 0.6682641506195068 -0.7255112528800964
vn 0.2929098904132843 0.7482876777648926 -0.5952052474021912
vn 0.07315725833177567 0.8907087445259094 -0.4486491084098816
vn 0.05839290842413902 0.7540561556816101 -0.6542091369628906
vn -0.4645926356315613 0.5434779524803162 -0.6991318464279175
vn -0.10690955817699432 0.8007196187973022 -0.5894221067428589
vn -0.2930273115634918 0.9380210041999817 -0.18507158756256104
vn -0.7014263868331909 0.7124928832054138 0.018838565796613693
vn -0.5006369352340698 0.8285757303237915 -0.25064897537231445
vn -0.6646022200584412 0.7155520915985107 0.21514925360679626
vn -0.5370646119117737 0.8261215686798096 0.1705424189567566
vn -0.623883843421936 0.6215358376502991 0.47377434372901917
vn -0.3431236445903778 0.5972882509231567 -0.7249227166175842
vn -0.5493651628494263 0.5688941478729248 -0.6120108962059021
vn -0.4699294865131378 0.49114471673965454 -0.7334460616111755
vn -0.6406330466270447 0.4681420922279358 -0.608631432056427
vn -0.7200247645378113 0.4092630445957184 -0.5604178309440613
vn -0.6407645344734192 0.3445279598236084 -0.6860913634300232
vn -0.49059775471687317 0.369018018245697 -0.7893918752670288
vn -0.36622336506843567 0.6077497601509094 -0.7046422362327576
vn -0.1750911921262741 0.7511790990829468 -0.6364534497261047
vn -0.29294970631599426 0.90971440076828 -0.29427897930145264
vn -0.14881296455860138 0.831014096736908 -0.535975992679596
vn -0.24728168547153473 0.9185681939125061 -0.30835723876953125
vn 0.04148964211344719 0.5062932372093201 -0.8613627552986145
vn -0.23298941552639008 0.4330398142337799 -0.8707424402236938
vn -0.6519065499305725 0.42514652013778687 -0.6279078722000122
vn -0.6285185813903809 0.525010883808136 -0.5738710165023804
vn -0.6194802522659302 0.4681420922279358 -0.6301485300064087
vn -0.6048365235328674 0.5287246108055115 -0.5955023169517517
vn -0.4260035753250122 0.6518535017967224 -0.6273818612098694
vn -0.3663142919540405 0.703234076499939 -0.6093239188194275
vn -0.5089643001556396 0.5688941478729248 -0.6459990739822388
vn -0.39176806807518005 0.5867241621017456 -0.7087119221687317
vn -0.6219407916069031 0.5398050546646118 -0.567274272441864
vn -0.7510744333267212 0.5434780120849609 -0.37485840916633606
vn -0.3869591951370239 0.5138098001480103 -0.7656775116920471
vn 0.020742058753967285 0.5287246108055115 -0.8485399484634399
vn -0.12390431016683578 0.6650072932243347 -0.7364869713783264
vn -0.16380535066127777 0.7927987575531006 -0.5870587229728699
vn -0.16434891521930695 0.6843558549880981 -0.7103847861289978
vn -0.3406257927417755 0.6215356588363647 -0.7054555416107178
vn -0.6025789380073547 0.6007869839668274 -0.5253129601478577
vn -0.8067760467529297 0.5324283242225647 -0.2561883330345154
vn -0.8318084478378296 0.5544344186782837 -0.02640494517982006
vn -0.6914374828338623 0.614666223526001 -0.3796045482158661
vn -0.9194296002388 0.3932546079158783 -6.406924057955621e-8
vn -0.8331214189529419 0.5025205016136169 -0.23104509711265564
vn -0.887431800365448 0.27810990810394287 0.367586225271225
vn -0.6171941161155701 0.5760594010353088 0.5359355807304382
vn -0.6457093358039856 0.29485470056533813 0.704357922077179
vn -0.8537092804908752 0.3730756640434265 0.36331111192703247
vn -0.8136089444160461 -0.041497208178043365 0.5799297094345093
vn -0.960111677646637 0.18892623484134674 0.20613688230514526
vn -0.8139903545379639 0.5580654144287109 -0.16119161248207092
vn -0.7739523649215698 0.5760592818260193 -0.2629703879356384
vn -0.6241114735603333 0.724647045135498 -0.292184054851532
vn -0.9522933959960938 0.26128020882606506 0.15770207345485687
vn -0.9051526784896851 0.06331387162208557 0.4203450679779053
vn -0.8586686849594116 0.4911448657512665 0.14650891721248627
vn -0.883208692073822 -0.1025002971291542 0.4576418995857239
vn -0.7113867998123169 -0.23588749766349792 0.6620316505432129
vn -0.5864492654800415 -0.019660864025354385 0.8097472786903381
vn -0.4198017418384552 0.21033307909965515 0.8829079270362854
vn -0.4967762529850006 0.4369744062423706 0.749844491481781
vn -0.5455659627914429 0.23588773608207703 0.8041857481002808
vn -0.7237518429756165 0.1889263093471527 0.6636942625045776
vn -0.6612604856491089 -0.0850999653339386 0.7453137636184692
vn -0.8351927995681763 0.03276466205716133 0.5489803552627563
vn -0.7273070216178894 0.09815313667058945 0.679257333278656
vn -0.8530428409576416 0.4796847403049469 0.2054760605096817
vn -0.8116162419319153 0.45262742042541504 0.36933383345603943
vn -0.8973661661148071 0.40926316380500793 0.1650383025407791
vn -0.8501232862472534 0.4330400228500366 0.29961103200912476
vn -0.7162487506866455 0.6682642102241516 -0.20102399587631226
vn -0.45469480752944946 0.7063338756561279 -0.5425358414649963
vn -0.6091433167457581 -0.0807456225156784 0.7889388799667358
vn -0.6425141096115112 0.07638999074697495 0.7624566555023193
vn -0.715507447719574 0.27810996770858765 0.6408618688583374
vn -0.7150304317474365 0.1717355102300644 0.6776713132858276
vn -0.828614354133606 0.25283515453338623 0.49947237968444824
vn -0.7041493058204651 0.06767392158508301 0.7068196535110474
vn -0.7700998187065125 0.14585259556770325 0.6210260391235352
vn -0.6992650628089905 0.17173552513122559 0.6939274668693542
vn -0.8054030537605286 0.010923358611762524 0.5926268100738525
vn -0.7879575490951538 0.23588769137859344 0.5687529444694519
vn -0.8277795314788818 0.14585258066654205 0.5417639017105103
vn -0.7510761022567749 0.2990269958972931 0.5886149406433105
vn -0.6805523037910461 0.21460267901420593 0.7005670666694641
vn -0.6653442978858948 0.2990270256996155 0.6840320229530334
vn -0.6767016053199768 0.6249527931213379 0.389241486787796
vn -0.5374095439910889 0.8406086564064026 -0.06758718192577362
vn -0.3524820804595947 0.8334366679191589 -0.4256051480770111
vn -0.18584121763706207 0.7453820109367371 -0.6402098536491394
vn -0.23165446519851685 0.6747395396232605 -0.700758695602417
vn 0.018862565979361534 0.5937781929969788 -0.8044076561927795
vn -0.028260471299290657 0.6215356588363647 -0.7828759551048279
vn 0.14589351415634155 0.696994423866272 -0.7020782232284546
vn -0.08442061394453049 0.8285756707191467 -0.5534757971763611
vn -0.041398946195840836 0.8567794561386108 -0.5140186548233032
vn 0.07146111130714417 0.7597669959068298 -0.6462564468383789
vn 0.14248187839984894 0.6042740941047668 -0.7839335203170776
vn 0.25111040472984314 0.48733392357826233 -0.836330771446228
vn 0.13318869471549988 0.5867241621017456 -0.7987588047981262
vn -0.2579636871814728 0.8161473274230957 -0.5170669555664062
vn -0.31226983666419983 0.5937781929969788 -0.74156254529953
vn -0.018857184797525406 0.6485337615013123 -0.7609522938728333
vn 0.20713935792446136 0.5138098001480103 -0.832521915435791
vn -0.13336357474327087 0.5471405386924744 -0.8263481855392456
vn -0.5792890191078186 0.4211876094341278 -0.6978719234466553
vn -0.7720658779144287 0.3156581521034241 -0.55161052942276
vn -0.760646402835846 0.37712588906288147 -0.5283873081207275
vn -0.6369678378105164 0.5398050546646118 -0.5503475666046143
vn -0.6372383832931519 0.6283577680587769 -0.4461992383003235
vn -0.7444471120834351 0.517553448677063 -0.42182570695877075
vn -0.7271602153778076 0.4835139214992523 -0.48729076981544495
vn -0.4882080554962158 0.5652953386306763 -0.664901614189148
vn -0.05273861065506935 0.6042740941047668 -0.7950292229652405
vn 0.199738010764122 0.572482168674469 -0.7952162623405457
vn 0.138599693775177 0.7246469855308533 -0.6750383973121643
vn 0.03575637564063072 0.8285756707191467 -0.558734118938446
vn -0.060201246291399 0.7276511192321777 -0.6833005547523499
vn -0.3984467089176178 0.671508252620697 -0.624753475189209
vn -0.641585648059845 0.5867242217063904 -0.4940875768661499
vn -0.7089250683784485 0.5507927536964417 -0.44051405787467957
vn -0.6429353356361389 0.5796253681182861 -0.5006682276725769
vn -0.4790038764476776 0.6551607847213745 -0.5842256546020508
vn -0.5099886059761047 0.5544342994689941 -0.6576581597328186
vn -0.27362537384033203 0.7094200849533081 -0.6495015621185303
vn -0.3437080681324005 0.798094630241394 -0.49488359689712524
vn -0.08593667298555374 0.8965906500816345 -0.4344422519207001
vn -0.14783364534378052 0.8926864266395569 -0.42574191093444824
vn -0.3162325322628021 0.8590244650840759 -0.40258410573005676
vn -0.5416809320449829 0.6181068420410156 -0.5696715712547302
vn -0.36760085821151733 0.6682641506195068 -0.6467554569244385
vn -0.21617433428764343 0.8742781281471252 -0.43463364243507385
vn -0.060323283076286316 0.5902568101882935 -0.8049584031105042
vn -0.240536168217659 0.6811633706092834 -0.6914902329444885
vn -0.5774621367454529 0.6650073528289795 -0.47360607981681824
vn -0.6997858285903931 0.45651912689208984 -0.5494452118873596
vn -0.6749423146247864 0.4290972948074341 -0.6002735495567322
vn -0.6622804403305054 0.42514652013778687 -0.6169562935829163
vn -0.7021952271461487 0.2990267872810364 -0.6461461782455444
vn -0.7397662401199341 0.3972680866718292 -0.5430690050125122
vn -0.6077853441238403 0.525010883808136 -0.5957856178283691
vn -0.6576029062271118 0.40127408504486084 -0.6376029849052429
vn -0.5290314555168152 0.5324282646179199 -0.6607917547225952
vn -0.58409184217453 0.5025204420089722 -0.6374244093894958
vn -0.415217787027359 0.5760592222213745 -0.704095184803009
vn -0.3806331157684326 0.6682641506195068 -0.6391724944114685
vn -0.1162380650639534 0.7792952656745911 -0.6157820820808411
vn -0.31771454215049744 0.6650072932243347 -0.6758866906166077
vn -0.23989051580429077 0.5138098001480103 -0.8236819505691528
vn -0.16315725445747375 0.45651906728744507 -0.8746256232261658
vn -0.1816747635602951 0.48733392357826233 -0.854107677936554
vn -0.018854951485991478 0.4251464605331421 -0.9049281477928162
vn -0.39586877822875977 0.5688941478729248 -0.7208657264709473
vn -0.29268506169319153 0.6146661639213562 -0.7324759364128113
vn -0.20595933496952057 0.7306413054466248 -0.6509562134742737
vn 0.043330688029527664 0.5138098001480103 -0.856809139251709
vn 0.14451171457767487 0.5324282646179199 -0.8340482115745544
vn -0.09581003338098526 0.7306413054466248 -0.6760056614875793
vn 0.08647162467241287 0.7511790990829468 -0.6544101238250732
vn 0.18500235676765442 0.5796253085136414 -0.793604850769043
vn 0.05840672180056572 0.572482168674469 -0.8178342580795288
vn 0.21087898313999176 0.5398050546646118 -0.8149482011795044
vn -0.36528250575065613 0.8545180559158325 -0.3692798614501953
vn -0.48136523365974426 0.8763908743858337 -0.015052343718707561
vn -0.5940189957618713 0.7063339948654175 0.3850112855434418
vn -0.5987132787704468 0.7980946898460388 -0.06772994995117188
vn -0.5052573084831238 0.776549756526947 -0.3764113783836365
vn -0.6479290723800659 0.6351317763328552 -0.42047062516212463
vn -0.3100898563861847 0.468142032623291 -0.8274583220481873
vn -0.24585117399692535 0.4092629849910736 -0.8786700367927551
vn 0.020749406889081 0.38923338055610657 -0.9209054708480835
vn 0.022631680592894554 0.5025204420089722 -0.8642690777778625
vn -0.3053019046783447 0.5937781929969788 -0.7444583177566528
vn -0.5099499821662903 0.35680365562438965 -0.7827146053314209
vn -0.5950675010681152 0.2612800598144531 -0.7600180506706238
vn -0.6266677379608154 0.31980109214782715 -0.7106439471244812
vn -0.6058918237686157 0.4290972650051117 -0.6699033975601196
vn -0.44745510816574097 0.4873339533805847 -0.7498596906661987
vn -0.04146937280893326 0.4251464605331421 -0.9041740894317627
vn -0.6458054780960083 0.4681420922279358 -0.6031402945518494
vn -0.13722063601016998 0.4211875796318054 -0.8965330719947815
vn -0.7202199697494507 0.4211876392364502 -0.5512568354606628
vn -0.7262348532676697 0.49114474654197693 -0.48099878430366516
vn -0.5710195899009705 0.369018018245697 -0.73332279920578
vn -0.5698863863945007 0.36495351791381836 -0.736232578754425
vn -0.5519197583198547 0.4369741678237915 -0.7102380990982056
vn -0.38772985339164734 0.47968459129333496 -0.7871265411376953
vn -0.39613065123558044 0.5616856813430786 -0.7263537645339966
vn -0.3217749297618866 0.5175533890724182 -0.7928425669670105
vn -0.3495849370956421 0.6042740941047668 -0.7159910798072815
vn -0.33196091651916504 0.631750762462616 -0.7004948258399963
vn -0.27658262848854065 0.40127402544021606 -0.8732016682624817
vn -0.09796429425477982 0.19750012457370758 -0.975395679473877
vn -0.08286353945732117 0.29485443234443665 -0.951942503452301
vn -0.08851585537195206 0.4369741380214691 -0.8951081037521362
vn 0.005661047529429197 0.3115091025829315 -0.9502263069152832
vn 0.1429530680179596 0.02402917854487896 -0.9894376993179321
vn -0.2393013834953308 0.010923103429377079 -0.9708839058876038
vn -0.3571467995643616 0.2697051465511322 -0.894262433052063
vn -0.29364287853240967 0.5324282646179199 -0.793910562992096
vn -0.2492016702890396 0.5062932372093201 -0.8255699276924133
vn -0.2657289505004883 0.4172206521034241 -0.8690886497497559
vn -0.3766080141067505 0.5398050546646118 -0.7528458833694458
vn -0.5404539108276367 0.1631198674440384 -0.8254098296165466
vn -0.5377214550971985 -0.11118923127651215 -0.8357586860656738
vn -0.49124404788017273 -0.00655418261885643 -0.8709973096847534
vn -0.6294847130775452 -0.18463382124900818 -0.754757821559906
vn -0.48623281717300415 0.05022672191262245 -0.8723846077919006
vn -0.34102383255958557 0.35271841287612915 -0.8713738918304443
vn -0.29043588042259216 0.4796845614910126 -0.8279792666435242
vn -0.2586328685283661 0.3608819842338562 -0.89603191614151
vn -0.2998519539833069 0.39325445890426636 -0.8691603541374207
vn -0.4332777261734009 0.3608819842338562 -0.8258538842201233
vn -0.5920264720916748 0.4681420624256134 -0.6560088992118835
vn -0.6976624131202698 0.4526272714138031 -0.5553338527679443
vn -0.6913485527038574 0.517553448677063 -0.5041582584381104
vn -0.7085186243057251 0.5616857409477234 -0.4272124767303467
vn -0.7089250683784485 0.5507927536964417 -0.44051405787467957
vn -0.29783231019973755 0.4330398142337799 -0.8507481217384338
vn 0.07541823387145996 0.3486264944076538 -0.9342224597930908
vn -0.0828736424446106 0.32393795251846313 -0.9424415826797485
vn 0.005662320181727409 0.2443705052137375 -0.9696654081344604
vn -0.41129282116889954 0.3811689615249634 -0.8279784917831421
vn -0.5590389370918274 0.369018018245697 -0.7424966096878052
vn -0.7891626954078674 0.360882043838501 -0.49697721004486084
vn -0.8282967805862427 0.37307554483413696 -0.4180179834365845
vn -0.9466469287872314 0.30319347977638245 -0.10923948138952255
vn -0.7923017144203186 0.5796253681182861 -0.190505713224411
vn -0.8841177821159363 0.4642767012119293 0.052752818912267685
vn -0.6957340836524963 0.6715084314346313 0.2550108730792999
vn -0.617768406867981 0.44090038537979126 0.6511290669441223
vn -0.6352313160896301 0.3445281982421875 0.6912174224853516
vn -0.6462398767471313 0.39726829528808594 0.6515765190124512
vn -0.6732713580131531 0.2570601999759674 0.6932717561721802
vn -0.7030094861984253 0.40127426385879517 0.5871598124504089
vn -0.8706921935081482 0.25706014037132263 0.4193032383918762
vn -0.9078272581100464 0.18033774197101593 0.3785867393016815
vn -0.7118129134178162 0.04149741679430008 0.7011421918869019
vn -0.7355162501335144 0.06767392158508301 0.6741187572479248
vn -0.8358286023139954 0.315658301115036 0.44916632771492004
vn -0.9179144501686096 0.3932546079158783 -0.05276300013065338
vn -0.828759491443634 0.5580654144287109 0.041481491178274155
vn -0.73061203956604 0.5062932968139648 -0.45811915397644043
vn -0.6674870252609253 0.6112138628959656 -0.4252983629703522
vn -0.3160204291343689 0.40527236461639404 -0.8578376173973083
vn -0.7237457633018494 0.513809859752655 -0.4606424868106842
vn -0.35731077194213867 0.299026757478714 -0.8848231434822083
vn -0.7762535214424133 0.6249527335166931 0.0828520655632019
vn -0.751063346862793 0.4681422710418701 0.46556058526039124
vn -0.6440936923027039 0.17173552513122559 0.7454195618629456
vn -0.49291855096817017 0.04586266353726387 0.8688659071922302
vn -0.5298382639884949 -0.03713115304708481 0.8472855091094971
vn -0.6056675910949707 0.06331393122673035 0.7931948900222778
vn -0.6095129251480103 0.31980133056640625 0.7254109978675842
vn -0.3593372404575348 0.21460270881652832 0.9081973433494568
vn -0.5026975274085999 0.24013157188892365 0.8304408192634583
vn -0.6769828796386719 0.19750040769577026 0.7090047597885132
vn -0.6595087647438049 -0.1889260858297348 0.7275679707527161
vn -0.7382807731628418 -0.21033282577991486 0.6408600807189941
vn -0.6248806118965149 -0.11986920982599258 0.7714632749557495
vn -0.6640310883522034 -0.058952465653419495 0.7453773021697998
vn -0.6755490303039551 -0.05022674426436424 0.7356023192405701
vn -0.593762993812561 -0.0589524582028389 0.8024774789810181
vn -0.3786983788013458 0.15880773961544037 0.9117936491966248
vn -0.2558097839355469 -0.04586236551403999 0.9656386375427246
vn -0.455741822719574 -0.21033279597759247 0.8649043440818787
vn -0.626666784286499 -0.24437054991722107 0.739980936050415
vn -0.4325371980667114 -0.35271841287612915 0.8297597765922546
vn -0.20955929160118103 -0.33631110191345215 0.9181392788887024
vn -0.037745941430330276 -0.3608819842338562 0.931847333908081
vn 0.04905618354678154 -0.6747395396232605 0.7364238500595093
vn 0.10363487154245377 -0.5025204420089722 0.858331561088562
vn -0.03209804743528366 -0.6283577084541321 0.7772620916366577
vn 0.31899261474609375 -0.693854570388794 0.6456078886985779
vn -0.011327403597533703 -0.6418572664260864 0.7667405009269714
vn -0.04527726769447327 -0.7216290235519409 0.6907976865768433
vn -0.2928638458251953 -0.4330398142337799 0.8524712920188904
vn -0.31370675563812256 -0.10684559494256973 0.9434893131256104
vn -0.6152703166007996 0.31980133056640625 0.7205342054367065
vn -0.450803279876709 -0.5471405386924744 0.7052755355834961
vn -0.03397463634610176 -0.7001209259033203 0.7132155299186707
vn -0.3603924512863159 -0.33631110191345215 0.8700644373893738
vn -0.30844101309776306 -0.49873802065849304 0.8100151419639587
vn -0.09421392530202866 -0.572482168674469 0.8144863247871399
vn 0.1959710568189621 -0.6907014846801758 0.6960795521736145
vn 0.2815694808959961 -0.7540561556816101 0.5933952331542969
vn 0.17697873711585999 -0.7737893462181091 0.6082174777984619
vn 0.23413600027561188 -0.7847416400909424 0.5738996863365173
vn -0.1312011182308197 -0.8211657404899597 0.5554035305976868
vn -0.09412878006696701 -0.8211657404899597 0.5628734827041626
vn -0.14267395436763763 -0.696994423866272 0.7027395963668823
vn -0.5144267678260803 -0.4330398440361023 0.7401632070541382
vn -0.6909347772598267 -0.18463358283042908 0.6989418268203735
vn -0.7813117504119873 -0.14585238695144653 0.6068599820137024
vn -0.8230599761009216 -0.06331371515989304 0.5644144415855408
vn -0.8786858916282654 0.1674293726682663 0.4470776915550232
vn -0.7591705322265625 0.6351318359375 0.14236442744731903
vn -0.45688366889953613 0.8567794561386108 -0.23913656175136566
vn -0.03951449692249298 0.8907087445259094 -0.45285382866859436
vn -0.07502337545156479 0.8826282620429993 -0.4640462398529053
vn 0.21523521840572357 0.8033294081687927 -0.5552797317504883
vn 0.14026376605033875 0.7626007199287415 -0.6314793825149536
vn 0.31462380290031433 0.6351317167282104 -0.7054215669631958
vn -0.15800924599170685 0.8186643123626709 -0.5521066188812256
vn -0.4459652900695801 0.8567794561386108 -0.25892847776412964
vn -0.8103755116462708 0.5831804275512695 0.0564989298582077
vn -0.9091652631759644 0.08945287019014359 0.4067145586013794
vn -0.8679344654083252 0.1588076651096344 0.47060588002204895
vn -0.8127046823501587 -0.15880750119686127 0.5606168508529663
vn -0.7091019749641418 -0.4873339831829071 0.5095880627632141
vn -0.7416666150093079 -0.29902681708335876 0.6004278659820557
vn -0.509414792060852 -0.7569188475608826 0.40935370326042175
vn -0.5325649380683899 -0.631750762462616 0.5632633566856384
vn -0.7448887825012207 -0.269705206155777 0.6102457046508789
vn -0.5279867053031921 -0.5760592222213745 0.6240078806877136
vn -0.7673653364181519 -0.2654951810836792 0.5836632251739502
vn -0.9447512030601501 0.05895264074206352 0.322443425655365
vn -0.8706772327423096 0.4911448359489441 -0.026418102905154228
vn -0.5287730693817139 0.7737894058227539 -0.34878212213516235
vn -0.18905925750732422 0.7980945706367493 -0.5721028447151184
vn -0.5357935428619385 0.7482877373695374 -0.3911402225494385
vn -0.8751001358032227 0.4796847105026245 -0.06404915452003479
vn -0.9451261758804321 0.08510013669729233 0.31542742252349854
vn -0.8350039720535278 -0.17173531651496887 0.5227574110031128
vn -0.8077174425125122 -0.2486051470041275 0.5345914363861084
vn -0.5953253507614136 -0.39325448870658875 0.7006701231002808
vn -0.5675938129425049 -0.4211876094341278 0.7074165940284729
vn -0.5138025879859924 -0.4604022204875946 0.7239037752151489
vn -0.34480252861976624 -0.5175533890724182 0.7831025719642639
vn -0.5138891339302063 -0.6617377996444702 0.5459131002426147
vn -0.4604244828224182 -0.7597670555114746 0.4590896964073181
vn -0.711022675037384 -0.4448177218437195 0.5445951819419861
vn -0.6185213327407837 -0.5138098001480103 0.5945004820823669
vn -0.2952817678451538 -0.5760592222213745 0.7622102499008179
vn -0.3428104519844055 -0.6215356588363647 0.7043964862823486
vn -0.6735411882400513 -0.38520491123199463 0.6308402419090271
vn -0.8618436455726624 -0.09815294295549393 0.4975856840610504
vn -0.9480650424957275 0.14585253596305847 0.2826654016971588
vn -0.8677459359169006 0.4949462115764618 -0.04522500932216644
vn -0.5637127161026001 0.7597670555114746 -0.3240092396736145
vn -0.17778506875038147 0.8211658000946045 -0.5422907471656799
vn 0.07519706338644028 0.7276511192321777 -0.6818132400512695
vn 0.2733006477355957 0.6042740941047668 -0.7484381198883057
vn 0.2716817557811737 0.6112138032913208 -0.7433752417564392
vn 0.10146112740039825 0.7336176037788391 -0.6719455718994141
vn 0.1255926489830017 0.7540561556816101 -0.6446904540061951
vn 0.3064764142036438 0.6181068420410156 -0.7238895893096924
vn 0.3144042491912842 0.6518535017967224 -0.69009929895401
vn 0.13652241230010986 0.7765496969223022 -0.61508709192276
vn 0.13252457976341248 0.8085029125213623 -0.5733761787414551
vn 0.3398328125476837 0.6584555506706238 -0.6715281009674072
vn 0.3096986413002014 0.6385005712509155 -0.7045592665672302
vn 0.10486394912004471 0.8211657404899597 -0.5609726905822754
vn 0.10125856101512909 0.7874423861503601 -0.6080141067504883
vn 0.2765057384967804 0.631750762462616 -0.7241792678833008
vn 0.2645818591117859 0.6112138032913208 -0.7459317445755005
vn 0.08636004477739334 0.7682243585586548 -0.6343289613723755
vn 0.08646675199270248 0.7792952656745911 -0.6206628680229187
vn 0.2771679162979126 0.5937781929969788 -0.7553842663764954
vn 0.33196091651916504 0.631750762462616 -0.7004948258399963
vn 0.17490410804748535 0.7792952656745911 -0.6017535924911499
vn 0.3046613037586212 0.8059239387512207 -0.5076102614402771
vn 0.47450247406959534 0.6518535017967224 -0.5915525555610657
vn 0.5781209468841553 0.6938546299934387 -0.4293506145477295
vn 0.4404946565628052 0.8161473274230957 -0.3739892542362213
vn 0.45385923981666565 0.8545180559158325 -0.2526077628135681
vn 0.6448186039924622 0.6843559145927429 -0.3403908610343933
vn 0.6917577385902405 0.6715083122253418 -0.26560840010643005
vn 0.5817239880561829 0.7847416996955872 -0.2139570713043213
vn 0.5987132787704468 0.7980946898460388 -0.06772994995117188
vn 0.7433098554611206 0.6551609039306641 -0.13511009514331818
vn 0.8047401309013367 0.5867242813110352 -0.0902661606669426
vn 0.6198228597640991 0.7847417593002319 -1.278509103030956e-7
vn 0.6447169780731201 0.762600839138031 0.05272573605179787
vn 0.8068978786468506 0.590256929397583 -0.02263946831226349
vn 0.8709470629692078 0.4911448359489441 -0.015097652561962605
vn 0.6809459924697876 0.7276512384414673 0.08268169313669205
vn 0.6599088907241821 0.7482877969741821 0.06771703064441681
vn 0.8851766586303711 0.4642767012119293 -0.030156608670949936
vn 0.8753366470336914 0.4835140109062195 -7.877458330085574e-8
vn 0.6381884813308716 0.7654199600219727 0.0827508494257927
vn 0.6201310753822327 0.7792953848838806 0.09020042419433594
vn 0.8752065896987915 0.4835140109062195 0.015088068321347237
vn 0.8096464276313782 0.5867242813110352 -0.015074900351464748
vn 0.5580536723136902 0.8285757899284363 0.045147500932216644
vn 0.7723736763000488 0.5972883105278015 -0.21606843173503876
vn 0.9671911597251892 0.2401314228773117 -0.0829344093799591
vn 0.9100644588470459 0.32806873321533203 -0.2532854974269867
vn 0.7771092653274536 -0.041497401893138885 -0.6279961466789246
vn 0.5490916967391968 0.35271844267845154 -0.7576859593391418
vn -0.1746363788843155 -0.2612803280353546 -0.9493337869644165
vn 0.13471953570842743 0.7365798354148865 -0.6627976894378662
vn 0.5152508020401001 0.8453097939491272 -0.14130796492099762
vn 0.18916438519954681 0.9752739667892456 0.11426936835050583
vn 0.1477680802345276 0.9883291721343994 -0.03701413422822952
vn -0.34456098079681396 0.8965906500816345 -0.2782137095928192
vn -0.8255762457847595 0.42909732460975647 -0.36646878719329834
vn -0.571057915687561 0.06767367571592331 -0.8181155920028687
vn -0.7855631709098816 -0.3771260678768158 -0.4905776381492615
vn -0.4848242998123169 -0.6418575048446655 -0.5941080451011658
vn -0.863772988319397 -0.47199875116348267 -0.1763898879289627
vn -0.9652689099311829 0.0021846515592187643 -0.2612491250038147
vn -0.8392114043235779 0.5434780716896057 0.018861886113882065
vn -0.561680257320404 0.8261215686798096 0.04514959827065468
vn -0.20129476487636566 0.976230263710022 0.0803418755531311
vn -0.5751587152481079 0.8007197380065918 0.1674523800611496
vn -0.21630625426769257 0.962351381778717 0.16459451615810394
vn 0.19848643243312836 0.9669547080993652 0.16000518202781677
vn 0.24240317940711975 0.9574540853500366 0.15659596025943756
vn 0.2625020146369934 0.9509214162826538 0.1638326197862625
vn 0.3251608908176422 0.9269837141036987 0.18700700998306274
vn 0.35229894518852234 0.9219872951507568 0.160701185464859
vn 0.2774665355682373 0.953589141368866 0.11696179956197739
vn 0.3546820878982544 0.9349566102027893 0.007529807277023792
vn 0.3115207552909851 0.9453682899475098 -0.09609158337116241
vn 0.1928548365831375 0.9702134728431702 -0.14660459756851196
vn 0.1570713371038437 0.9548956155776978 -0.25199779868125916
vn 0.01880035363137722 0.939526379108429 -0.34196004271507263
vn -0.11672703921794891 0.9150790572166443 -0.3860117793083191
vn -0.19844402372837067 0.8907087445259094 -0.4089718163013458
vn -0.20132066309452057 0.8946470618247986 -0.39884406328201294
vn -0.17299523949623108 0.9168323874473572 -0.35984858870506287
vn -0.17975381016731262 0.9168323874473572 -0.35652056336402893
vn -0.17922042310237885 0.8985171318054199 -0.4006831645965576
vn -0.17834530770778656 0.8678401708602905 -0.46373096108436584
vn -0.4938183128833771 0.8567795157432556 -0.14856792986392975
vn -0.5244743227958679 0.8261215090751648 -0.20603381097316742
vn -0.1844664365053177 0.8406085968017578 -0.5092635154724121
vn -0.5639128088951111 0.7874424457550049 -0.2488708645105362
vn -0.777420699596405 0.6181069612503052 0.11645093560218811
vn -0.8363646268844604 0.5434780716896057 0.07159436494112015
vn -0.9168459177017212 0.23588766157627106 0.3221033215522766
vn -0.8718349933624268 0.31150931119918823 0.377975732088089
vn -0.7353752851486206 0.661737859249115 0.14603498578071594
vn -0.6974912881851196 0.6938546895980835 0.17908520996570587
vn -0.4565505087375641 0.882628321647644 -0.11193280667066574
vn -0.46303829550743103 0.8805659413337708 -0.10099096596240997
vn -0.48795878887176514 0.865661084651947 -0.11192489415407181
vn -0.4489489495754242 0.8805659413337708 -0.15181729197502136
vn -0.40043243765830994 0.9060511589050293 -0.1368400752544403
vn -0.3110702633857727 0.9439348578453064 -0.11055455356836319
vn -0.22948990762233734 0.9712626934051514 -0.06311260908842087
vn -0.19521479308605194 0.9807319641113281 0.007482591550797224
vn -0.11431459337472916 0.9919826984405518 0.053874216973781586
vn -0.06968081742525101 0.9896226525306702 0.1256646066904068
vn -0.19120480120182037 0.9561840891838074 0.22170424461364746
vn -0.08126417547464371 0.9635298848152161 0.25496336817741394
vn -0.1903804987668991 0.9439349174499512 0.2697075605392456
vn -0.21813732385635376 0.9509214758872986 0.21946418285369873
vn -0.19946233928203583 0.9599394798278809 0.19680210947990417
vn -0.2577217221260071 0.9467837810516357 0.192821204662323
vn -0.5927419662475586 0.7820261120796204 0.19259339570999146
vn -0.5733710527420044 0.7954544425010681 0.19620902836322784
vn -0.6213384866714478 0.7482878565788269 0.23238706588745117
vn -0.61151123046875 0.739528238773346 0.28133970499038696
vn -0.5389658808708191 0.7847418189048767 0.3060981035232544
vn -0.6303580403327942 0.7246471643447876 0.27845144271850586
vn -0.5726582407951355 0.7874425649642944 0.22802792489528656
vn -0.5684244632720947 0.8007197976112366 0.1890541911125183
vn -0.6247464418411255 0.762600839138031 0.16772545874118805
vn -0.6232134103775024 0.7710143327713013 0.13092724978923798
vn -0.6435844302177429 0.7540562748908997 0.1311417818069458
vn -0.6489286422729492 0.7540562748908997 0.1014433279633522
vn -0.6681409478187561 0.736579954624176 0.1050601378083229
vn -0.8401451110839844 0.39325466752052307 0.3735062777996063
vn -0.6757867336273193 0.7246471047401428 0.1349029242992401
vn -0.821775496006012 0.42118778824806213 0.38377848267555237
vn -0.6830540299415588 0.7124928832054138 0.16059580445289612
vn -0.8173263072967529 0.39325466752052307 0.421103835105896
vn -0.8498221039772034 0.3608821928501129 0.38414373993873596
vn -0.8525804877281189 0.04586260765790939 0.5205795764923096
vn -0.8595631718635559 -0.015292191877961159 0.5108006000518799
vn -0.7244682312011719 -0.3239380121231079 0.60844886302948
vn -0.7467641830444336 -0.27810975909233093 0.6041508316993713
vn -0.8523105978965759 0.08074583113193512 0.5167657136917114
vn -0.8362743854522705 0.08074583858251572 0.54233318567276
vn -0.807253897190094 0.4172208607196808 0.4174540936946869
vn -0.8435983657836914 0.024029428139328957 0.5364367961883545
vn -0.8280948400497437 0.04586261138319969 0.5587088465690613
vn -0.7832692861557007 -0.27810975909233093 0.5560073256492615
vn -0.7844504117965698 -0.2612800896167755 0.5624680519104004
vn -0.627152681350708 -0.5544343590736389 0.547066867351532
vn -0.6552768349647522 -0.5434780120849609 0.5246369242668152
vn -0.7640756964683533 -0.2948544919490814 0.5738023519515991
vn -0.7640756964683533 -0.2948544919490814 0.5738023519515991
vn -0.8478681445121765 -0.0021846077870577574 0.5302026271820068
vn -0.8708476424217224 0.019661076366901398 0.4911596477031708
vn -0.847227931022644 0.4092631936073303 0.33868640661239624
vn -0.8609152436256409 0.39726823568344116 0.31780946254730225
vn -0.8860393762588501 0.3649536967277527 0.28590744733810425
vn -0.8927304744720459 0.3649536669254303 0.2642747461795807
vn -0.8773576617240906 0.40527254343032837 0.25690022110939026
vn -0.8738992810249329 0.4172208309173584 0.24945303797721863
vn -0.8651372790336609 0.4172208607196808 0.27832409739494324
vn -0.8526001572608948 0.4330400228500366 0.29248812794685364
vn -0.8662517070770264 0.43697431683540344 0.24220122396945953
vn -0.9690279960632324 0.14152847230434418 0.20237192511558533
vn -0.8240934610366821 0.5250110626220703 0.2126813381910324
vn -0.9536601305007935 0.1674293428659439 0.2499995082616806
vn -0.9673364758491516 0.10250040888786316 0.23184877634048462
vn -0.9752732515335083 -0.04149726778268814 0.21707160770893097
vn -0.9655492305755615 0.10250040888786316 0.23918254673480988
vn -0.9638195037841797 -0.1544921100139618 0.2172190397977829
vn -0.9650846719741821 0.019661039113998413 0.2611992359161377
vn -0.9568284153938293 0.015292322263121605 0.2902507185935974
vn -0.9452795386314392 0.006554093677550554 0.32619577646255493
vn -0.9410017728805542 -0.20605924725532532 0.26843103766441345
vn -0.9488474130630493 -0.20178167521953583 0.24284306168556213
vn -0.9150579571723938 -0.36088210344314575 0.18009161949157715
vn -0.9012659788131714 -0.38116908073425293 0.20598484575748444
vn -0.884256899356842 -0.4012741446495056 0.23889075219631195
vn -0.8414342999458313 -0.4369742274284363 0.3178708255290985
vn -0.9117321968078613 -0.2358875423669815 0.33630552887916565
vn -0.9118976593017578 -0.0021846273448318243 0.4104118347167969
vn -0.8092511892318726 -0.2570599913597107 0.5282354354858398
vn -0.7772574424743652 -0.269705206155777 0.5684452652931213
vn -0.6494434475898743 -0.5025204420089722 0.5706981420516968
vn -0.6539461612701416 -0.5138098001480103 0.5552961826324463
vn -0.5152553915977478 -0.7032341361045837 0.4898710250854492
vn -0.5115227699279785 -0.7001209855079651 0.49817174673080444
vn -0.6755027770996094 -0.46427661180496216 0.5728378295898438
vn -0.7142773270606995 -0.47968462109565735 0.5096179842948914
vn -0.8486901521682739 -0.29902684688568115 0.4362430274486542
vn -0.7910727858543396 -0.44090020656585693 0.42404109239578247
vn -0.5854703187942505 -0.6682642102241516 0.4589635133743286
vn -0.5349329113960266 -0.6779580116271973 0.504202127456665
vn -0.3107874095439911 -0.8784867525100708 0.36286669969558716
vn -0.3788275122642517 -0.8612530827522278 0.3387223184108734
vn -0.6893183588981628 -0.614666223526001 0.38343918323516846
vn -0.7224218845367432 -0.6452017426490784 0.24863886833190918
vn -0.7566261887550354 -0.6317508816719055 0.16854578256607056
vn -0.7728967070579529 -0.6215357780456543 0.12776526808738708
vn -0.5130520462989807 -0.8499464392662048 0.11986962705850601
vn -0.4384470283985138 -0.870002806186676 0.2255200892686844
vn -0.09529643505811691 -0.9953833818435669 -0.011423042975366116
vn -0.20242203772068024 -0.9780870079994202 -0.04869427531957626
vn -0.5208463668823242 -0.8522403836250305 0.049044862389564514
vn -0.5230275988578796 -0.8522403836250305 0.011333909817039967
vn -0.7945564389228821 -0.5972883701324463 0.10920936614274979
vn -0.8353115916252136 -0.5434780716896057 0.08298292011022568
vn -0.9468531608581543 -0.2781098186969757 0.16162936389446259
vn -0.9514679908752441 -0.2781098186969757 0.13177081942558289
vn -0.9780013561248779 -0.11118906736373901 0.17649446427822113
vn -0.9844242930412292 -0.03276454284787178 0.17272897064685822
vn -0.940447986125946 0.29067668318748474 0.17625156044960022
vn -0.9419093132019043 0.3073543310165405 0.13542605936527252
vn -0.8255893588066101 0.5361219048500061 0.17599855363368988
vn -0.8049580454826355 0.5688942670822144 0.16852831840515137
vn -0.8217058777809143 0.5507928133010864 0.14637866616249084
vn -0.962942898273468 0.26970529556274414 -4.394045660660595e-8
vn -0.9999499917030334 -0.006554041989147663 -0.007551670540124178
vn -0.964993417263031 -0.2401314526796341 -0.10547298938035965
vn -0.9633725881576538 -0.26549527049064636 -0.03775647655129433
vn -0.997132420539856 0.05022687092423439 0.056605517864227295
vn -0.9447847604751587 0.31150928139686584 0.10170422494411469
vn -0.9310164451599121 0.34042295813560486 0.13160771131515503
vn -0.9874088764190674 0.12420608103275299 0.09796229749917984
vn -0.9925928115844727 -0.015292255207896233 0.12052258849143982
vn -0.9719161987304688 -0.19750027358531952 0.12795522809028625
vn -0.8659639954566956 -0.4949462115764618 0.07165620476007462
vn -0.5982764363288879 -0.8007197380065918 -0.030218956992030144
vn -0.5526019930839539 -0.8334367275238037 -0.0037821680307388306
vn -0.19921761751174927 -0.9722933769226074 -0.12230253964662552
vn -0.21778962016105652 -0.9702134728431702 -0.10608251392841339
vn 0.14825685322284698 -0.9522644281387329 -0.2668565511703491
vn 0.17177806794643402 -0.94818115234375 -0.26729175448417664
vn -0.21456213295459747 -0.9680594801902771 -0.12970715761184692
vn -0.1825600564479828 -0.9680594801902771 -0.17185071110725403
vn -0.6278377175331116 -0.7765498161315918 -0.052821964025497437
vn -0.5825820565223694 -0.8059239983558655 -0.10528383404016495
vn -0.87627112865448 -0.4796847105026245 0.04529328644275665
vn -0.8856821656227112 -0.4642767012119293 -0.0037753237411379814
vn -0.9793013334274292 -0.18463368713855743 0.08294132351875305
vn -0.988524317741394 -0.1415284276008606 0.05281423032283783
vn -0.9879030585289001 0.12854044139385223 0.0867462009191513
vn -0.9915245175361633 -0.12854042649269104 0.01888088509440422
vn -0.8365443348884583 -0.5361219048500061 -0.11299077421426773
vn -0.650947093963623 -0.7124929428100586 -0.26195740699768066
vn -0.3705883324146271 -0.8700029253959656 -0.325206458568573
vn -0.09222877025604248 -0.8033296465873718 -0.5883496999740601
vn 0.34119412302970886 -0.5434781908988953 -0.7669537663459778
vn 0.8646863698959351 -0.356803834438324 -0.35356542468070984
vn 0.9761117100715637 0.0021846587769687176 -0.21725822985172272
vn 0.984992504119873 -0.10684577375650406 -0.13554984331130981
vn 0.9100644588470459 0.32806873321533203 -0.2532854974269867
vn 0.9671911597251892 0.2401314228773117 -0.0829344093799591
vn 0.6296019554138184 -0.6617379188537598 -0.4070678949356079
vn 0.7236431837081909 -0.6452018618583679 -0.24506153166294098
vn 0.8986408710479736 -0.3892335593700409 -0.2023409754037857
vn 0.31834185123443604 -0.8590245842933655 -0.4009179472923279
vn -0.030265269801020622 -0.9495603442192078 -0.3121204376220703
vn -0.3285951018333435 -0.9133083820343018 -0.2406097650527954
vn -0.6488680839538574 -0.7395281791687012 -0.17907609045505524
vn -0.8713947534561157 -0.4835140109062195 -0.08297805488109589
vn -0.8557789921760559 -0.5138099193572998 -0.060346346348524094
vn -0.546022355556488 -0.8236515522003174 -0.15315894782543182
vn -0.13581344485282898 -0.9611546397209167 -0.2402842491865158
vn -0.23492906987667084 -0.9522644281387329 -0.19493812322616577
vn 0.27907806634902954 -0.9150791764259338 -0.2911108434200287
vn 0.17809036374092102 -0.94818115234375 -0.2631281316280365
vn 0.5622926950454712 -0.7453821897506714 -0.35809534788131714
vn 0.6066181063652039 -0.7185975313186646 -0.3400472402572632
vn 0.22027069330215454 -0.93022620677948 -0.29353025555610657
vn 0.27711185812950134 -0.907891571521759 -0.3145504593849182
vn -0.10153347253799438 -0.9599394798278809 -0.26116514205932617
vn -0.11559753865003586 -0.9611546397209167 -0.2506372332572937
vn -0.5192234516143799 -0.8358433246612549 -0.17824949324131012
vn -0.5790899991989136 -0.7954543828964233 -0.17862547934055328
vn -0.21372471749782562 -0.94818115234375 -0.23510496318340302
vn 0.04885188490152359 -0.9623514413833618 -0.2673821449279785
vn 0.424882709980011 -0.8612532019615173 -0.2787787616252899
vn 0.24928432703018188 -0.93022620677948 -0.2693260610103607
vn 0.2986622452735901 -0.9041935801506042 -0.3053438365459442
vn 0.17289307713508606 -0.9509214758872986 -0.2566249966621399
vn 0.5485807657241821 -0.7980947494506836 -0.24920670688152313
vn 0.7927878499031067 -0.5724823474884033 -0.20916834473609924
vn 0.9257972836494446 -0.3363112807273865 -0.17260979115962982
vn 0.9899402260780334 -0.08510009944438934 -0.11303222924470901
vn 0.9813870787620544 0.18463368713855743 -0.05281824618577957
vn 0.8752065896987915 0.4835140109062195 0.015088068321347237
vn 0.8096464276313782 0.5867242813110352 -0.015074900351464748
vn 0.5536377429962158 -0.7901282906532288 -0.2630257308483124
vn 0.9694072604179382 0.2358875870704651 -0.06787165999412537
vn 0.8753366470336914 0.4835140109062195 -7.877458330085574e-8
vn 0.8851766586303711 0.4642767012119293 -0.030156608670949936
vn 0.9737312197685242 0.20178170502185822 -0.10550681501626968
vn 0.9925928115844727 -0.015292294323444366 -0.12052258849143982
vn 0.919829785823822 -0.34042295813560486 -0.19500088691711426
vn 0.7575629949569702 -0.6077499389648438 -0.23819801211357117
vn 0.5890001654624939 -0.7482878565788269 -0.305195152759552
vn 0.8056007623672485 -0.5287247896194458 -0.2673153579235077
vn 0.9385930895805359 -0.2739102244377136 -0.2098003625869751
vn 0.9869207739830017 -0.03276459872722626 -0.1578412801027298
vn 0.9420733451843262 -0.22738657891750336 -0.24656258523464203
vn 0.9821720123291016 -0.010923292487859726 -0.18766683340072632
vn 0.8430277705192566 -0.44872692227363586 -0.2965608537197113
vn 0.6276205778121948 -0.7032342553138733 -0.3339970111846924
vn 0.6243489384651184 -0.7063339948654175 -0.33358755707740784
vn 0.8633590340614319 -0.39726823568344116 -0.3111094534397125
vn 0.9541131258010864 -0.13287237286567688 -0.2683524489402771
vn 0.9719242453575134 0.11986930668354034 -0.20247124135494232
vn 0.9175886511802673 0.38116908073425293 -0.11287690699100494
vn 0.9651932716369629 0.2358875870704651 -0.11295566707849503
vn 0.8068978786468506 0.590256929397583 -0.02263946831226349
vn 0.8709470629692078 0.4911448359489441 -0.015097652561962605
vn 0.8925830125808716 0.42514657974243164 -0.15015321969985962
vn 0.8047401309013367 0.5867242813110352 -0.0902661606669426
vn 0.7433098554611206 0.6551609039306641 -0.13511009514331818
vn 0.8499703407287598 0.4835139811038971 -0.20920008420944214
vn 0.9566755294799805 0.17603817582130432 -0.23191039264202118
vn 0.9190031886100769 0.28230413794517517 -0.27520447969436646
vn 0.9368661046028137 -0.158807635307312 -0.31154778599739075
vn 0.7701917886734009 0.5616857409477234 -0.302181601524353
vn 0.8733634352684021 0.3198011517524719 -0.3673737943172455
vn 0.6917577385902405 0.6715083122253418 -0.26560840010643005
vn 0.6448186039924622 0.6843559145927429 -0.3403908610343933
vn 0.7763411402702332 0.47584620118141174 -0.41335800290107727
vn 0.6941471099853516 0.5287246704101562 -0.4884772002696991
vn 0.7858731150627136 0.27810975909233093 -0.5523209571838379
vn 0.5788034200668335 0.49494609236717224 -0.6480855941772461
vn 0.47450247406959534 0.6518535017967224 -0.5915525555610657
vn 0.5781209468841553 0.6938546299934387 -0.4293506145477295
vn 0.8553498387336731 0.24437059462070465 -0.45679277181625366
vn 0.9076021909713745 -0.0458625890314579 -0.417318731546402
vn 0.940209150314331 -0.01092331763356924 -0.3404223620891571
vn 0.8155359625816345 -0.4642767608165741 -0.34546804428100586
vn 0.8330420255661011 -0.4012742340564728 -0.38081488013267517
vn 0.5536900162696838 -0.7424622774124146 -0.3770638108253479
vn 0.5275337100028992 -0.7453821897506714 -0.4075703024864197
vn 0.8078554272651672 -0.40527257323265076 -0.427929550409317
vn 0.7738565802574158 -0.40527260303497314 -0.4867238402366638
vn 0.8694139122962952 -0.05459032580256462 -0.49105942249298096
vn 0.814075231552124 -0.024029435589909554 -0.5802620649337769
vn 0.7287260293960571 -0.4092632234096527 -0.5490555763244629
vn 0.515404224395752 -0.7365800142288208 -0.4379592537879944
vn 0.19040879607200623 -0.94818115234375 -0.2543562054634094
vn 0.20364466309547424 -0.9561840891838074 -0.21033520996570587
vn 0.7262524366378784 -0.0589527003467083 -0.6848955750465393
vn 0.6768909096717834 0.2697051763534546 -0.6848925948143005
vn 0.5800616145133972 0.19321495294570923 -0.7913258075714111
vn 0.6303920149803162 -0.12420619279146194 -0.7662758827209473
vn 0.5892365574836731 -0.49494630098342896 -0.6386144757270813
vn 0.66471928358078 -0.4369743764400482 -0.60597163438797
vn 0.44995608925819397 -0.7820261120796204 -0.43124786019325256
vn 0.4718111753463745 -0.771014392375946 -0.4277043640613556
vn 0.2396775633096695 -0.9495603442192078 -0.2022123783826828
vn -0.05627940595149994 -0.9957932829856873 0.07230794429779053
vn -0.02812075987458229 -0.9919826984405518 0.12320526689291
vn 0.22801777720451355 -0.9599394202232361 -0.16286249458789825
vn 0.41505056619644165 -0.803329586982727 -0.4270768165588379
vn 0.5311368703842163 -0.532428503036499 -0.6591005921363831
vn 0.5529619455337524 -0.17603835463523865 -0.8143977522850037
vn 0.4987422227859497 0.1631198674440384 -0.851262629032135
vn 0.4126407504081726 0.40127405524253845 -0.8177449107170105
vn 0.46108922362327576 0.45651909708976746 -0.7609119415283203
vn 0.2771679162979126 0.5937781929969788 -0.7553842663764954
vn 0.33196091651916504 0.631750762462616 -0.7004948258399963
vn 0.3753962516784668 0.40527236461639404 -0.8335657715797424
vn 0.2645818591117859 0.6112138032913208 -0.7459317445755005
vn 0.2765057384967804 0.631750762462616 -0.7241792678833008
vn 0.40212157368659973 0.4369741678237915 -0.8045817613601685
vn 0.48085933923721313 0.15449200570583344 -0.8630796670913696
vn 0.5249893069267273 0.1285402923822403 -0.841346263885498
vn 0.5400153398513794 -0.20178185403347015 -0.817109227180481
vn 0.4569099247455597 0.4251464903354645 -0.7813345789909363
vn 0.5687482357025146 0.13287219405174255 -0.8117083311080933
vn 0.3096986413002014 0.6385005712509155 -0.7045592665672302
vn 0.3398328125476837 0.6584555506706238 -0.6715281009674072
vn 0.46502289175987244 0.44090014696121216 -0.767698347568512
vn 0.4655606746673584 0.4681420624256134 -0.7510634064674377
vn 0.6040568351745605 0.10250024497509003 -0.7903221249580383
vn 0.4577682316303253 0.4526272416114807 -0.7652298808097839
vn 0.3064764142036438 0.6181068420410156 -0.7238895893096924
vn 0.3144042491912842 0.6518535017967224 -0.69009929895401
vn 0.5826228857040405 0.12420593202114105 -0.8031957745552063
vn 0.6136403679847717 -0.24013155698776245 -0.752185046672821
vn 0.5794097185134888 -0.23588773608207703 -0.7801547050476074
vn 0.5065783262252808 -0.5867244005203247 -0.6317696571350098
vn 0.387400358915329 -0.8334367871284485 -0.39408639073371887
vn 0.5216829776763916 -0.6007871627807617 -0.605724036693573
vn 0.5411046743392944 -0.5867244005203247 -0.6024617552757263
vn 0.6394730806350708 -0.24860535562038422 -0.7275091409683228
vn 0.6607665419578552 -0.2823043167591095 -0.6954795718193054
vn 0.6156981587409973 0.10684562474489212 -0.78070467710495
vn 0.6306799650192261 0.0807456225156784 -0.7718309164047241
vn 0.4386614263057709 0.4330398440361023 -0.7874342203140259
vn 0.2716817557811737 0.6112138032913208 -0.7433752417564392
vn 0.7082417011260986 -0.3445281684398651 -0.6161931753158569
vn 0.6765772104263306 -0.311509370803833 -0.6672369241714478
vn 0.5982083678245544 -0.5937783718109131 -0.538120687007904
vn 0.5669510364532471 -0.5937784314155579 -0.5709586143493652
vn 0.3881790339946747 -0.8358433842658997 -0.38817888498306274
vn 0.36968663334846497 -0.845309853553772 -0.3857239782810211
vn 0.2170117199420929 -0.9646899104118347 -0.149262472987175
vn -0.020776182413101196 -0.9925254583358765 0.12025664746761322
vn 0.1973632425069809 -0.9680594801902771 -0.1546240597963333
vn 0.17090995609760284 -0.9752739667892456 -0.1401086300611496
vn 0.40555208921432495 -0.8429673314094543 -0.35345935821533203
vn 0.4334859251976013 -0.8382340669631958 -0.3308377265930176
vn 0.6308460831642151 -0.6007871031761169 -0.49100714921951294
vn 0.6641709208488464 -0.6215358376502991 -0.41541561484336853
vn 0.6693482398986816 -0.6485339403152466 -0.36245912313461304
vn 0.5118787288665771 -0.8590245246887207 -0.007550240959972143
vn 0.5206395983695984 -0.8453097939491272 0.11994060128927231
vn 0.5532978773117065 -0.8136147856712341 0.17858463525772095
vn 0.3515737056732178 -0.8033294677734375 0.48068463802337646
vn 0.4424439072608948 -0.6682641506195068 0.5980522036552429
vn -0.04150624945759773 -0.5138098001480103 0.8568994402885437
vn -0.4177303910255432 -0.5688941478729248 0.7084213495254517
vn -0.6225284337997437 -0.4369741678237915 0.6492394804954529
vn -0.1723089963197708 -0.6385005712509155 0.750084400177002
vn -0.3251264691352844 -0.7482876777648926 0.5782371759414673
vn 0.183345228433609 -0.8965906500816345 0.40312492847442627
vn -0.39053478837013245 -0.7626007795333862 0.5156769156455994
vn 0.1223367378115654 -0.9333975911140442 0.33734655380249023
vn 0.1547025889158249 -0.9669546484947205 0.20264685153961182
vn 0.5206605792045593 -0.8406086564064026 -0.14929687976837158
vn 0.49574923515319824 -0.845309853553772 -0.19920828938484192
vn 0.46269696950912476 -0.845309853553772 -0.2671380639076233
vn 0.192674919962883 -0.97986900806427 -0.052278853952884674
vn 0.16020557284355164 -0.983208417892456 -0.08738039433956146
vn -0.028309814631938934 -0.9930492043495178 0.11424494534730911
vn -0.015155431814491749 -0.9961841106414795 0.08595088869333267
vn -0.2950787842273712 -0.8907087445259094 0.34578385949134827
vn -0.27918633818626404 -0.9041934609413147 0.3232478201389313
vn -0.2696117162704468 -0.90231853723526 0.33634909987449646
vn -0.5052701830863953 -0.7216290831565857 0.4732372760772705
vn -0.4570448696613312 -0.7654199004173279 0.4530368745326996
vn -0.23961807787418365 -0.9185681939125061 0.3143494725227356
vn -0.05554893985390663 -0.9876541495323181 0.14647068083286285
vn -0.04308132082223892 -0.9862475395202637 0.15956155955791473
vn -0.22878199815750122 -0.9060510993003845 0.3559918701648712
vn -0.43083593249320984 -0.7336176633834839 0.5255336165428162
vn -0.5810948014259338 -0.5471405386924744 0.6024665832519531
vn -0.5248475074768066 -0.5398050546646118 0.6581379771232605
vn -0.4464532732963562 -0.572482168674469 0.6877090334892273
vn -0.3776412606239319 -0.7063338160514832 0.5987316370010376
vn -0.22292086482048035 -0.8612530827522278 0.4566721022129059
vn -0.035758648067712784 -0.969145655632019 0.24388112127780914
vn 0.2124682515859604 -0.9771679639816284 1.592011784623537e-7
vn 0.21266236901283264 -0.9742990136146545 0.07427074760198593
vn -0.04152005538344383 -0.9333975911140442 0.35643380880355835
vn -0.24237623810768127 -0.8429672122001648 0.4802708029747009
vn -0.20904694497585297 -0.7927987575531006 0.5725115537643433
vn -0.6516166925430298 -0.5062932372093201 0.5648564100265503
vn -0.39410680532455444 -0.631750762462616 0.6675109267234802
vn -0.3070184886455536 -0.6249526143074036 0.7177561521530151
vn -0.2616320252418518 -0.5902568101882935 0.7636396884918213
vn -0.41357874870300293 -0.5867241621017456 0.6962093114852905
vn -0.6757330298423767 -0.5062932968139648 0.5357723236083984
vn 0.414908230304718 -0.2231292873620987 0.8820796608924866
vn 0.5550174117088318 -0.13720156252384186 0.8204458355903625
vn 0.4999553859233856 -0.3115091323852539 0.8080883026123047
vn 0.5749402642250061 -0.39325448870658875 0.717491865158081
vn 0.24623669683933258 -0.3608819842338562 0.8995174765586853
vn 0.03210827335715294 -0.3156580924987793 0.9483296275138855
vn 0.27114415168762207 -0.4796845614910126 0.8344959616661072
vn 0.5717373490333557 -0.58318030834198 0.5770763754844666
vn 0.4094042181968689 -0.6843558549880981 0.6033616065979004
vn 0.22418829798698425 -0.45651906728744507 0.8610051870346069
vn 0.23536467552185059 -0.3280686140060425 0.914863109588623
vn 0.40551140904426575 -0.35271841287612915 0.8432972431182861
vn 0.3548262119293213 -0.5507926940917969 0.7554640173912048
vn 0.5338695645332336 -0.48351389169692993 0.6936840415000916
vn 0.5092713832855225 -0.40127405524253845 0.761328935623169
vn 0.5513780117034912 -0.27810972929000854 0.7865349650382996
vn 0.3332359790802002 -0.024029187858104706 0.9425371885299683
vn 0.3063235282897949 -0.18892605602741241 0.9329913854598999
vn 0.00566280959174037 -0.11118893325328827 0.9937831163406372
vn -0.035846538841724396 -0.21460239589214325 0.9760434627532959
vn 0.11304984241724014 -0.13720153272151947 0.9840708374977112
vn 0.20249100029468536 0.002184853656217456 0.9792816638946533
vn -0.09415028989315033 0.2697054445743561 0.9583290815353394
vn -0.1819736361503601 0.11553047597408295 0.9764928817749023
vn -0.333331435918808 0.0021848478354513645 0.9428071975708008
vn -0.30300089716911316 0.6181070804595947 0.7253510355949402
vn -0.3722049295902252 0.5025206804275513 0.7803438305854797
vn -0.4921818673610687 0.3608822524547577 0.7921622395515442
vn -0.48944276571273804 0.6969946026802063 0.5240651369094849
vn -0.3949283957481384 0.72162926197052 0.5685796141624451
vn -0.531912624835968 0.7654200196266174 0.3622170090675354
vn -0.43752017617225647 0.8261216282844543 0.3551044762134552
vn -0.43638649582862854 0.7155520915985107 0.5454832911491394
vn -0.4738200008869171 0.5471407771110535 0.690022885799408
vn -0.14447323977947235 0.5212873816490173 0.8410630226135254
vn -0.4387594163417816 0.5937784314155579 0.6744756102561951
vn -0.6146515607833862 0.6215358376502991 0.48569193482398987
vn -0.7177387475967407 0.6584557294845581 0.2264668047428131
vn -0.5994657278060913 0.6551609635353088 0.45978793501853943
vn -0.7288210988044739 0.67473965883255 -0.11638832837343216
vn -0.5936229825019836 0.7540562152862549 -0.2810888886451721
vn -0.32679569721221924 0.703234076499939 -0.6314002871513367
vn -0.20669621229171753 0.6215356588363647 -0.7556256651878357
vn -0.12217584997415543 0.5507926940917969 -0.8256515860557556
vn -0.2750994563102722 0.38520485162734985 -0.8808731436729431
vn -0.33078017830848694 0.49494609236717224 -0.8035003542900085
vn -0.4121963381767273 0.6077497601509094 -0.6787741780281067
vn -0.5212290287017822 0.6907015442848206 -0.501250147819519
vn -0.6690504550933838 0.6249526739120483 -0.4022507071495056
vn -0.6107192635536194 0.5212871432304382 -0.5960550904273987
vn -0.5455765724182129 0.4132457971572876 -0.7290912866592407
vn -0.5000181794166565 0.2906765341758728 -0.8157750964164734
vn -0.46173006296157837 0.23588746786117554 -0.8550803661346436
vn -0.466871440410614 0.21033279597759247 -0.85894775390625
vn -0.4590674042701721 0.1501736044883728 -0.8756169080734253
vn -0.5829359889030457 -0.11986947059631348 -0.8036273717880249
vn -0.4647131860256195 0.006553896237164736 -0.88543701171875
vn -0.2968260645866394 0.27810969948768616 -0.9135367274284363
vn -0.38299715518951416 0.4719986021518707 -0.7940595149993896
vn -0.44418564438819885 0.48351389169692993 -0.7542634606361389
vn -0.6757484674453735 0.4052724242210388 -0.6157258152961731
vn -0.7526510953903198 0.44090017676353455 -0.48900243639945984
vn -0.5042204260826111 0.22738640010356903 -0.8331009745597839
vn -0.42079275846481323 0.4290972650051117 -0.7992552518844604
vn -0.02075672708451748 0.13287216424942017 -0.9909157752990723
vn 0.08851517736911774 0.2654951214790344 -0.9600403308868408
vn -0.022632893174886703 0.10684558749198914 -0.9940179586410522
vn -0.4426370859146118 0.1285402774810791 -0.887440025806427
vn -0.16711527109146118 -0.11553047597408295 -0.9791451692581177
vn -0.16719859838485718 -0.11118925362825394 -0.9796333909034729
vn -0.29361364245414734 -0.2654954195022583 -0.9183154106140137
vn -0.5926268100738525 0.010923130437731743 -0.8054030537605286
vn -0.49780768156051636 0.006553899496793747 -0.8672626614570618
vn -0.5338728427886963 0.4369741678237915 -0.7239015102386475
vn -0.457859069108963 0.45651909708976746 -0.7628600001335144
vn -0.45318299531936646 0.3608820140361786 -0.8151008486747742
vn -0.5908339023590088 0.0850999504327774 -0.80229252576828
vn -0.5987265110015869 0.002184563782066107 -0.8009505867958069
vn -0.6397713422775269 0.037131164222955704 -0.767667829990387
vn -0.6643484234809875 0.050226740539073944 -0.7457334995269775
vn -0.6739728450775146 0.1501736342906952 -0.7233315110206604
vn -0.6824421882629395 0.3031933903694153 -0.6650912761688232
vn -0.7090026140213013 0.45651912689208984 -0.5374993681907654
vn -0.7317234873771667 0.6042741537094116 -0.3153306841850281
vn -0.6166788339614868 0.4719986319541931 -0.6300194263458252
vn -0.6324090957641602 0.24437054991722107 -0.7350794672966003
vn -0.6429197788238525 0.0676736831665039 -0.7629380226135254
vn -0.6853472590446472 0.015292156487703323 -0.7280558347702026
vn -0.6777752637863159 0.08945268392562866 -0.729807436466217
vn -0.5449641942977905 0.33631113171577454 -0.768055260181427
vn -0.31325745582580566 0.24437052011489868 -0.9176888465881348
vn -0.34895434975624084 0.1501736044883728 -0.9250290393829346
vn -0.35450875759124756 -0.13720184564590454 -0.9249320030212402
vn -0.3187994956970215 -0.14152859151363373 -0.9371961355209351
vn -0.487038791179657 0.18463356792926788 -0.8536414504051208
vn -0.1410880982875824 0.163119837641716 -0.9764660596847534
vn -0.20973636209964752 0.03713113069534302 -0.9770526885986328
vn -0.3043656349182129 0.19750013947486877 -0.9318558573722839
vn -0.38241952657699585 0.03713114187121391 -0.923242449760437
vn -0.3452540636062622 0.1674291491508484 -0.9234538674354553
vn -0.31295469403266907 0.3115091025829315 -0.8972299098968506
vn -0.18563085794448853 0.3321930468082428 -0.9247642755508423
vn -0.49606117606163025 0.45651909708976746 -0.7385889291763306
vn -0.5675896406173706 0.2990267872810364 -0.7670886516571045
vn -0.5635433793067932 0.18463356792926788 -0.8051890134811401
vn -0.7724684476852417 0.44481775164604187 -0.4532434940338135
vn -0.7879539132118225 0.39325451850891113 -0.47379270195961
vn -0.8370321989059448 0.5471406579017639 -0.0037728752940893173
vn -0.8854013085365295 0.4642767012119293 0.022619234398007393
vn -0.845055103302002 0.5324283838272095 0.04900885745882988
vn -0.7197974324226379 0.5361218452453613 -0.440981924533844
vn -0.8422281742095947 0.4251466691493988 0.33151474595069885
vn -0.8093831539154053 0.4565192759037018 0.369444340467453
vn -0.7211910486221313 0.5287247896194458 0.4475862979888916
vn -0.6337522864341736 0.35271868109703064 0.6884384751319885
vn -0.7636630535125732 0.33631134033203125 0.5511019825935364
vn -0.7468805909156799 0.3445281684398651 0.5687439441680908
vn -0.6355933547019958 0.15880770981311798 0.7555139064788818
vn -0.5449851155281067 0.15880772471427917 0.823268711566925
vn -0.4805262088775635 0.15880772471427917 0.8624817132949829
vn -0.36140647530555725 0.03713144361972809 0.931668758392334
vn -0.38960394263267517 -0.015292124822735786 0.9208555221557617
vn -0.35954537987709045 -0.09380365908145905 0.9284007549285889
vn -0.12429195642471313 -0.20605912804603577 0.9706138372421265
vn -0.18764175474643707 -0.019660836085677147 0.9820407629013062
vn -0.5829092264175415 0.21460269391536713 0.7836852073669434
vn -0.6524956822395325 0.5025206804275513 0.5672057867050171
vn -0.7748199701309204 0.5324284434318542 0.34084299206733704
vn -0.6611213088035583 0.6682643294334412 0.3410886228084564
vn -0.7429691553115845 0.6682642698287964 -0.037679240107536316
vn -0.6795205473899841 0.7336177229881287 0.007543570827692747
vn -0.6705880165100098 0.6418573260307312 -0.3719286620616913
vn -0.5151187777519226 0.718597412109375 -0.4671942889690399
vn -0.32521557807922363 0.5361217856407166 -0.7789789438247681
vn -0.35511475801467896 0.5062932372093201 -0.7858502864837646
vn -0.4193119704723358 0.7216290235519409 -0.5508438348770142
vn -0.6060017943382263 0.7954543828964233 0.0037698412779718637
vn -0.6000967025756836 0.7336177825927734 0.3188870847225189
vn -0.5384036302566528 0.6215358972549438 0.5690471529960632
vn -0.47791385650634766 0.872148871421814 -0.1046648919582367
vn -0.550666868686676 0.8285757899284363 -0.10113450139760971
vn -0.49130794405937195 0.8382340669631958 0.2366013079881668
vn -0.6749508380889893 0.6938547492027283 0.25101184844970703
vn -0.726141095161438 0.6875353455543518 0.0037705658469349146
vn -0.601045548915863 0.6811634302139282 -0.4180437922477722
vn 0.40492016077041626 -0.5616856813430786 0.721490740776062
vn 0.24595177173614502 -0.48351386189460754 0.8400726318359375
vn -0.03963775932788849 -0.2231292724609375 0.9739826321601868
vn 0.29344111680984497 -0.299026757478714 0.9080062508583069
vn 0.4415452778339386 -0.5361217856407166 0.7194519639015198
vn 0.4521920382976532 -0.7365798950195312 0.502963662147522
vn 0.44860580563545227 -0.8136147260665894 0.3698430359363556
vn 0.5306446552276611 -0.5972882509231567 0.6013842225074768
vn 0.562764048576355 -0.7737894058227539 0.2907688617706299
vn 0.6610769033432007 -0.565295398235321 0.4933745861053467
vn 0.6049152612686157 -0.6811634302139282 0.41242438554763794
vn 0.44603148102760315 -0.5796253085136414 0.6819754242897034
vn 0.056601908057928085 -0.3280686140060425 0.9429566264152527
vn -0.3456803858280182 -0.1285402774810791 0.9295065402984619
vn -0.18193741142749786 -0.4092629849910736 0.8940931558609009
vn -0.04530520364642143 -0.6146661639213562 0.7874852418899536
vn 0.03210986778140068 -0.5062932372093201 0.8617633581161499
vn 0.19691219925880432 -0.3156580924987793 0.9282163381576538
vn 0.3063235282897949 -0.18892605602741241 0.9329913854598999
vn -0.03960961848497391 0.11553048342466354 0.99251389503479
vn 0.06791467219591141 -0.0021845316514372826 0.9976887702941895
vn 0.6159074306488037 -0.6584556102752686 0.43254396319389343
vn 0.25206878781318665 -0.6551607847213745 0.7121977806091309
vn -0.2719154953956604 0.08074590563774109 0.958927571773529
vn -0.14298582077026367 -0.010923100635409355 0.9896644353866577
vn -0.384291410446167 0.05459039658308029 0.9215964674949646
vn -0.4309397339820862 -0.010923114605247974 0.9023146033287048
vn -0.43774157762527466 0.010923407971858978 0.8990345001220703
vn -0.37884825468063354 0.12420621514320374 0.9170860648155212
vn -0.3650612533092499 -0.0720323771238327 0.928192675113678
vn -0.4511665999889374 -0.024029195308685303 0.8921161890029907
vn -0.2503160536289215 -0.18033753335475922 0.9512203931808472
vn -0.37317416071891785 -0.2864930033683777 0.8824187517166138
vn -0.10168914496898651 -0.4132457673549652 0.9049239158630371
vn 0.133622407913208 -0.5100563764572144 0.8496984839439392
vn -0.3489217460155487 -0.2231292873620987 0.9102016091346741
vn -0.4881080389022827 -0.25283491611480713 0.8353592157363892
vn -0.22774848341941833 -0.4526272118091583 0.8621248006820679
vn 0.20480848848819733 -0.7185973525047302 0.6645836234092712
vn -0.30882179737091064 -0.6146661639213562 0.7258199453353882
vn -0.2606702744960785 -0.6779579520225525 0.6873310804367065
vn -0.5329723954200745 -0.39726805686950684 0.7470732927322388
vn 0.49650803208351135 -0.5902568101882935 0.636456310749054
vn 0.032095424830913544 -0.7155519127845764 0.697821855545044
vn 0.49562981724739075 -0.38116899132728577 0.7804237604141235
vn 0.4613589942455292 -0.4719986021518707 0.7512423992156982
vn 0.49493369460105896 -0.6584555506706238 0.5669893622398376
vn 0.25242283940315247 -0.7424620985984802 0.6205100417137146
vn 0.3075981140136719 -0.5902568101882935 0.7463111281394958
vn -0.011331391520798206 -0.7626007199287415 0.6467702388763428
vn -0.18936938047409058 -0.8110665678977966 0.5534530282020569
vn -0.045287445187568665 -0.7954542636871338 0.6043190956115723
vn 0.08665540814399719 -0.6747395396232605 0.7329511642456055
vn 0.25343579053878784 -0.6907014846801758 0.6772752404212952
vn 0.14664326608181 -0.40127402544021606 0.9041431546211243
vn 0.24064044654369354 -0.4251464605331421 0.8725494742393494
vn 0.028327111154794693 -0.5025204420089722 0.8641011118888855
vn -0.34085628390312195 -0.4290972352027893 0.8364762663841248
vn -0.3440473973751068 -0.4448176622390747 0.8269030451774597
vn 0.20429058372974396 -0.18892604112625122 0.9605063199996948
vn 0.24106460809707642 -0.18892605602741241 0.9519426822662354
vn 0.11304221302270889 -0.2739100456237793 0.9550889134407043
vn 0.07541158050298691 -0.14152827858924866 0.987057626247406
vn -0.17081214487552643 -0.23588745296001434 0.9566506147384644
vn -0.6588959693908691 -0.2570599615573883 0.7069485783576965
vn -0.6435162425041199 -0.19750016927719116 0.7395137548446655
vn -0.5926607847213745 -0.002184562850743532 0.8054491877555847
vn -0.8075448274612427 -0.08945270627737045 0.5829833149909973
vn -0.7538962960243225 -0.06331370025873184 0.6539356112480164
vn -0.681761622428894 0.0807458683848381 0.727104663848877
vn -0.41282957792282104 -0.282304048538208 0.8659539222717285
vn -0.5194942355155945 -0.49873802065849304 0.6938199400901794
vn -0.37770360708236694 -0.49114471673965454 0.7849311232566833
vn -0.43219220638275146 -0.11553017050027847 0.8943504095077515
vn -0.1932251900434494 -0.08509992808103561 0.9774569272994995
vn -0.10741592198610306 -0.14585232734680176 0.983457624912262
vn 0.028319066390395164 -0.26128003001213074 0.9648475646972656
vn 0.17468643188476562 -0.1285402625799179 0.9761977195739746
vn 0.2352268248796463 -0.4604021906852722 0.8559778928756714
vn 0.0867382362484932 -0.6112138032913208 0.7866982817649841
vn -0.17089055478572845 -0.35680362582206726 0.9184157848358154
vn 0.0830090343952179 -0.6077497601509094 0.7897782921791077
vn -0.05094776302576065 -0.7155519127845764 0.6966992616653442
vn -0.23342318832874298 -0.7276511192321777 0.6450096964836121
vn -0.005667232908308506 -0.6650072932243347 0.7468153834342957
vn -0.40930718183517456 -0.2906765043735504 0.8648553490638733
vn -0.42626118659973145 -0.40527239441871643 0.8087370991706848
vn -0.1315045803785324 -0.6418572664260864 0.7554640173912048
vn -0.14289894700050354 -0.48351386189460754 0.8635937571525574
vn -0.026415249332785606 -0.4132457673549652 0.9102362990379333
vn -0.0678783655166626 -0.032764408737421036 0.997155487537384
vn -0.43949320912361145 0.04586266726255417 0.8970743417739868
vn -0.5444265007972717 -0.05022672563791275 0.8373034596443176
vn -0.49534350633621216 -0.21033279597759247 0.8428493142127991
vn -0.21354758739471436 -0.1198691800236702 0.9695507884025574
vn -0.20787446200847626 -0.35680362582206726 0.9107576012611389
vt 0.6358956098556519 0.7937518954277039
vt 0.6570554375648499 0.8156366944313049
vt 0.6430705189704895 0.8429029583930969
vt 0.6755398511886597 0.8352492451667786
vt 0.6642302870750427 0.8601238131523132
vt 0.6884303092956543 0.8145603537559509
vt 0.6726212501525879 0.7950673699378967
vt 0.6583930850028992 0.7752155661582947
vt 0.6745669841766357 0.7605061531066895
vt 0.687214195728302 0.7794011831283569
vt 0.7010775208473206 0.7967416048049927
vt 0.7162784934043884 0.8102551698684692
vt 0.70557701587677 0.8299873471260071
vt 0.6954835653305054 0.8504371047019958
vt 0.7227237224578857 0.8402720093727112
vt 0.7142111659049988 0.8602433800697327
vt 0.6861197352409363 0.8735177516937256
vt 0.7314795255661011 0.8204202651977539
vt 0.7294121980667114 0.7929147481918335
vt 0.714576005935669 0.7801187634468079
vt 0.7014423608779907 0.7634958624839783
vt 0.6890383362770081 0.7444812059402466
vt 0.6621629595756531 0.742567777633667
vt 0.6476916074752808 0.755603015422821
vt 0.6307880878448486 0.7660072445869446
vt 0.6168031692504883 0.7679206728935242
vt 0.6168031692504883 0.7566792964935303
vt 0.6250725388526917 0.7514173984527588
vt 0.6378413438796997 0.7411327362060547
vt 0.6240996718406677 0.8246058225631714
vt 0.6064664721488953 0.8096572160720825
vt 0.6144925951957703 0.7878920435905457
vt 0.6271398663520813 0.8741157054901123
vt 0.6547448635101318 0.8882272243499756
vt 0.6794312596321106 0.8997077345848083
vt 0.6485428810119629 0.9171677231788635
vt 0.6247076988220215 0.9101119637489319
vt 0.6017237901687622 0.9066439270973206
vt 0.6019669771194458 0.880453884601593
vt 0.5816584825515747 0.8823673129081726
vt 0.5916303396224976 0.8589279055595398
vt 0.6101147532463074 0.8467298150062561
vt 0.5934544205665588 0.8280739188194275
vt 0.5877388715744019 0.7949478030204773
vt 0.5967378616333008 0.7774878144264221
vt 0.6025750041007996 0.7619411945343018
vt 0.6073177456855774 0.7510586380958557
vt 0.6149790287017822 0.7410131692886353
vt 0.6255589723587036 0.7288150787353516
vt 0.6356524229049683 0.7149427533149719
vt 0.6500021815299988 0.7276191711425781
vt 0.6459890604019165 0.6976023316383362
vt 0.661311686038971 0.7107571363449097
vt 0.6756614446640015 0.7265428900718689
vt 0.6885519027709961 0.7093220353126526
vt 0.70278000831604 0.7276191711425781
vt 0.7170081734657288 0.7461554408073425
vt 0.7308714985847473 0.7625391483306885
vt 0.7458292841911316 0.776052713394165
vt 0.7600573897361755 0.7880116105079651
vt 0.7437618970870972 0.8034386038780212
vt 0.758354902267456 0.8136036396026611
vt 0.7735558748245239 0.7998509407043457
vt 0.77538001537323 0.7727042436599731
vt 0.7610302567481995 0.7601473927497864
vt 0.7460724711418152 0.7462750673294067
vt 0.7314795255661011 0.7307285070419312
vt 0.7167649269104004 0.7131488919258118
vt 0.7022935748100281 0.6946126222610474
vt 0.6740805506706238 0.6923404335975647
vt 0.6590011715888977 0.6776309609413147
vt 0.575456440448761 0.8411091566085815
vt 0.5756996870040894 0.8106139302253723
vt 0.6884303092956543 0.6767938733100891
vt 0.7015639543533325 0.6650741100311279
vt 0.7154272794723511 0.6828928589820862
vt 0.7297769784927368 0.7004724740982056
vt 0.7446131706237793 0.7168561816215515
vt 0.7594493627548218 0.7319243550300598
vt 0.7741639018058777 0.7455575466156006
vt 0.7880272269248962 0.7589514851570129
vt 0.798485517501831 0.7486668229103088
vt 0.7848654389381409 0.7339574098587036
vt 0.7703940868377686 0.7199654579162598
vt 0.7555578947067261 0.7054951786994934
vt 0.740478515625 0.6895898580551147
vt 0.7262503504753113 0.6729670166969299
vt 0.711778998374939 0.6556265950202942
vt 0.6966996192932129 0.6387645602226257
vt 0.687214195728302 0.6482120752334595
vt 0.6721348166465759 0.633024275302887
vt 0.6592443585395813 0.6462986469268799
vt 0.6742021441459656 0.660290539264679
vt 0.6810122132301331 0.623457133769989
vt 0.6575418710708618 0.6196302771568298
vt 0.6666624546051025 0.6099435687065125
vt 0.6543800234794617 0.5971475839614868
vt 0.6743237376213074 0.6020507216453552
vt 0.6881870627403259 0.6158034801483154
vt 0.703752875328064 0.6309912800788879
vt 0.6954835653305054 0.6082693338394165
vt 0.7101981043815613 0.6239355206489563
vt 0.7196835279464722 0.6476141214370728
vt 0.7345197200775146 0.6643565893173218
vt 0.7493559122085571 0.6807402968406677
vt 0.7414513826370239 0.6570616364479065
vt 0.7260071635246277 0.6405583620071411
vt 0.7174946069717407 0.6167601943016052
vt 0.6446514129638672 0.6343397498130798
vt 0.644773006439209 0.6070734858512878
vt 0.7326955795288086 0.6335026025772095
vt 0.7482613921165466 0.6500059366226196
vt 0.7634624242782593 0.6655524969100952
vt 0.7566523551940918 0.641275942325592
vt 0.7414513826370239 0.6251314282417297
vt 0.75653076171875 0.6730865836143494
vt 0.7644352912902832 0.6959280967712402
vt 0.7793930768966675 0.710517942905426
vt 0.7936211824417114 0.725227415561676
vt 0.7870543599128723 0.7026250958442688
vt 0.7719749808311462 0.6881548166275024
vt 0.7791498303413391 0.6802619099617004
vt 0.7871759533882141 0.6703360676765442
vt 0.79422926902771 0.6947321891784668
vt 0.7719749808311462 0.6563441157341003
vt 0.7660161852836609 0.6314696073532104
vt 0.7814604043960571 0.6454614996910095
vt 0.796661376953125 0.6587359309196472
vt 0.8116191625595093 0.6723690629005432
vt 0.8043227195739746 0.6491687893867493
vt 0.7885136604309082 0.6369706988334656
vt 0.8021337389945984 0.6846867203712463
vt 0.8084573745727539 0.7107571363449097
vt 0.8161186575889587 0.7009508013725281
vt 0.825360894203186 0.6876764297485352
vt 0.8299819827079773 0.717334508895874
vt 0.8217126727104187 0.7277387380599976
vt 0.8142945766448975 0.7347944974899292
vt 0.801282525062561 0.7180520296096802
vt 0.806998074054718 0.7411327362060547
vt 0.8113759756088257 0.7644525766372681
vt 0.801282525062561 0.7736609578132629
vt 0.78863525390625 0.7857394218444824
vt 0.8014041185379028 0.7994921803474426
vt 0.7879056334495544 0.8125273585319519
vt 0.8147810101509094 0.8122881650924683
vt 0.8135648965835571 0.7882508039474487
vt 0.7750151753425598 0.8254429697990417
vt 0.8040794730186462 0.8246058225631714
vt 0.7464373111724854 0.8284326791763306
vt 0.7378031015396118 0.8469690084457397
vt 0.7297769784927368 0.866820752620697
vt 0.7056986093521118 0.8817694187164307
vt 0.7004694938659668 0.90676349401474
vt 0.7644352912902832 0.8388369679450989
vt 0.7559227347373962 0.8551010489463806
vt 0.7477749586105347 0.8735177516937256
vt 0.7396272420883179 0.8932499289512634
vt 0.7211428284645081 0.8876292705535889
vt 0.7770825028419495 0.8652660846710205
vt 0.7858383059501648 0.8504371047019958
vt 0.7945940494537354 0.8374018669128418
vt 0.822563886642456 0.8351296782493591
vt 0.8153890371322632 0.8474473357200623
vt 0.8072413206100464 0.8610804677009583
vt 0.7977558970451355 0.8756703734397888
vt 0.7869327664375305 0.8897818326950073
vt 0.7682051062583923 0.881530225276947
vt 0.7613950967788696 0.8980334997177124
vt 0.7778121829032898 0.9000664949417114
vt 0.8014041185379028 0.8998273611068726
vt 0.8158754706382751 0.8859550356864929
vt 0.8268201947212219 0.8706476092338562
vt 0.8438453078269958 0.8781816959381104
vt 0.8350895047187805 0.8564165234565735
vt 0.8410483002662659 0.8446968197822571
vt 0.8473719358444214 0.8363255858421326
vt 0.8303468227386475 0.8242470622062683
vt 0.8388593792915344 0.8152779340744019
vt 0.825360894203186 0.8018839359283447
vt 0.8349679112434387 0.7931539416313171
vt 0.8232935667037964 0.7792816162109375
vt 0.8314412832260132 0.7717475295066833
vt 0.8192805051803589 0.7573968172073364
vt 0.8266986012458801 0.7508194446563721
vt 0.8342382907867432 0.7423286437988281
vt 0.843723714351654 0.7851414680480957
vt 0.839102566242218 0.7638546228408813
vt 0.8468855023384094 0.7542875409126282
vt 0.8472503423690796 0.8072654604911804
vt 0.8539387583732605 0.8293893933296204
vt 0.8608704209327698 0.8486432433128357
vt 0.8535739183425903 0.8518721461296082
vt 0.8652483224868774 0.8633527159690857
vt 0.8519930243492126 0.8625155687332153
vt 0.8676804900169373 0.8445771932601929
vt 0.874004065990448 0.839195728302002
vt 0.8608704209327698 0.822812020778656
vt 0.8688965439796448 0.8153975009918213
vt 0.8560060858726501 0.7996117472648621
vt 0.865491509437561 0.790762186050415
vt 0.8524794578552246 0.7766506671905518
vt 0.8611136674880981 0.7663660049438477
vt 0.8698694109916687 0.7532112002372742
vt 0.8752201795578003 0.7797600030899048
vt 0.84238600730896 0.7308480739593506
vt 0.8550332188606262 0.7416110634803772
vt 0.8510201573371887 0.7154210805892944
vt 0.8384945392608643 0.7027446627616882
vt 0.8347247242927551 0.6740432977676392
vt 0.8200101256370544 0.6611276865005493
vt 0.8106462955474854 0.6406779885292053
vt 0.8273066282272339 0.6514409780502319
vt 0.843723714351654 0.6625627279281616
vt 0.8474935293197632 0.6871981024742126
vt 0.8595327138900757 0.6991569995880127
vt 0.8634241819381714 0.7259449362754822
vt 0.8788684010505676 0.7379038333892822
vt 0.8850704431533813 0.7658876776695251
vt 0.8947990536689758 0.7505802512168884
vt 0.8881106376647949 0.7233139872550964
vt 0.8723015785217285 0.7103983759880066
vt 0.870599091053009 0.6857630014419556
vt 0.8583166599273682 0.6741628646850586
vt 0.8553980588912964 0.6494079828262329
vt 0.8375216722488403 0.6385253667831421
vt 0.8192805051803589 0.6283603310585022
vt 0.8321709632873535 0.6111394762992859
vt 0.8031066060066223 0.6184344291687012
vt 0.7947156429290771 0.6295561790466309
vt 0.8513849973678589 0.6217828989028931
vt 0.8697478175163269 0.6338614225387573
vt 0.8712071180343628 0.6614864468574524
vt 0.8837327361106873 0.6740432977676392
vt 0.8828814625740051 0.6977218985557556
vt 0.8982040882110596 0.7102787494659424
vt 0.9047709107398987 0.7358708381652832
vt 0.9204583168029785 0.7471121549606323
vt 0.9102432727813721 0.7627783417701721
vt 0.8997849822044373 0.7786836624145508
vt 0.8888402581214905 0.7936323285102844
vt 0.8782603740692139 0.8057107925415039
vt 0.8909075856208801 0.8201810717582703
vt 0.9022171497344971 0.806069552898407
vt 0.9141347408294678 0.789685845375061
vt 0.9252010583877563 0.772943377494812
vt 0.9151076078414917 0.7218788862228394
vt 0.9275116324424744 0.7984158396720886
vt 0.9142563343048096 0.8155170679092407
vt 0.9022171497344971 0.8302265405654907
vt 0.8816654086112976 0.8313028216362
vt 0.8861649036407471 0.8560577630996704
vt 0.8760714530944824 0.8608413338661194
vt 0.857465386390686 0.8829652667045593
vt 0.830590009689331 0.8952829241752625
vt 0.8127136826515198 0.9110686779022217
vt 0.8420211672782898 0.903056263923645
vt 0.8508985638618469 0.9092748761177063
vt 0.8670724034309387 0.8858354091644287
vt 0.8754633665084839 0.8884663581848145
vt 0.8580734133720398 0.9139388203620911
vt 0.835697591304779 0.9353452920913696
vt 0.8290091156959534 0.9284090995788574
vt 0.8046875 0.9431185722351074
vt 0.7978774905204773 0.9343885779380798
vt 0.8217126727104187 0.9206358194351196
vt 0.8112543821334839 0.9514898061752319
vt 0.783406138420105 0.9102315902709961
vt 0.790459394454956 0.9227884411811829
vt 0.7605438232421875 0.9144172072410583
vt 0.7361006140708923 0.9139388203620911
vt 0.716400146484375 0.9109491109848022
vt 0.6997398138046265 0.9325947165489197
vt 0.6755398511886597 0.9260173439979553
vt 0.6451378464698792 0.9427598118782043
vt 0.6735941171646118 0.9488587975502014
vt 0.7010775208473206 0.9547187089920044
vt 0.7187106609344482 0.9355844259262085
vt 0.7397488355636597 0.9353452920913696
vt 0.7649217247962952 0.9311596751213074
vt 0.7725830078125 0.9444340467453003
vt 0.7478966116905212 0.9529248476028442
vt 0.7245478630065918 0.9566320776939392
vt 0.7030232548713684 0.9706240296363831
vt 0.6733508706092834 0.9652425050735474
vt 0.6431921124458313 0.9609373211860657
vt 0.6136413812637329 0.9573496580123901
vt 0.6428272724151611 0.9731354117393494
vt 0.6104795336723328 0.9711023569107056
vt 0.578253448009491 0.9612960815429688
vt 0.5849418640136719 0.9471845626831055
vt 0.5580664873123169 0.9302029609680176
vt 0.5494323372840881 0.9449123740196228
vt 0.5328936576843262 0.9125037789344788
vt 0.524502694606781 0.9269740581512451
vt 0.5018836259841919 0.910470724105835
vt 0.5102745890617371 0.8958808779716492
vt 0.48911476135253906 0.8824869394302368
vt 0.4819398820400238 0.8952829241752625
vt 0.463212251663208 0.8830848932266235
vt 0.47026553750038147 0.8723218441009521
vt 0.4498353898525238 0.8628743290901184
vt 0.44132283329963684 0.8719630837440491
vt 0.4256353974342346 0.8473277688026428
vt 0.4155419170856476 0.8553402423858643
vt 0.3910987079143524 0.8335750102996826
vt 0.40265148878097534 0.824845016002655
vt 0.38404545187950134 0.804395318031311
vt 0.3715198338031769 0.8132448792457581
vt 0.3676283657550812 0.7868157029151917
vt 0.3561972379684448 0.7948281764984131
vt 0.33990174531936646 0.776052713394165
vt 0.3496303856372833 0.7685186266899109
vt 0.32688969373703003 0.7474709749221802
vt 0.31837713718414307 0.755603015422821
vt 0.3043922185897827 0.7231943607330322
vt 0.2949067950248718 0.7314460277557373
vt 0.27301734685897827 0.7054951786994934
vt 0.28554296493530273 0.696526050567627
vt 0.26900428533554077 0.6708143949508667
vt 0.25356006622314453 0.6800227761268616
vt 0.25295203924179077 0.6465378403663635
vt 0.23495404422283173 0.6556265950202942
vt 0.2180505394935608 0.6321871280670166
vt 0.23896710574626923 0.6233375668525696
vt 0.22802239656448364 0.6006156802177429
vt 0.20491686463356018 0.6073126196861267
vt 0.21950982511043549 0.5769370198249817
vt 0.19494502246379852 0.5813618302345276
vt 0.21330782771110535 0.5520625114440918
vt 0.18764853477478027 0.5546934604644775
vt 0.1819329559803009 0.5293406248092651
vt 0.20820029079914093 0.5279055237770081
vt 0.17487969994544983 0.5079341530799866
vt 0.20248471200466156 0.5063795447349548
vt 0.16624553501605988 0.49083295464515686
vt 0.19640430808067322 0.48784321546554565
vt 0.15846261382102966 0.4738513231277466
vt 0.673958957195282 0.9757663607597351
vt 0.2272927463054657 0.5044661164283752
vt 0.15226060152053833 0.45567378401756287
vt 0.1819329559803009 0.44981393218040466
vt 0.18886461853981018 0.4694265127182007
vt 0.22133395075798035 0.4852122664451599
vt 0.14824753999710083 0.43510448932647705
vt 0.17548774182796478 0.429125040769577
vt 0.16965055465698242 0.40712064504623413
vt 0.14496412873268127 0.4125021696090698
vt 0.14143750071525574 0.38906270265579224
vt 0.16405658423900604 0.38427916169166565
vt 0.15821939706802368 0.3610788881778717
vt 0.138154074549675 0.3650253117084503
vt 0.13450583815574646 0.34086835384368896
vt 0.1526254266500473 0.3375198543071747
vt 0.14751788973808289 0.3137216567993164
vt 0.13158725202083588 0.31635260581970215
vt 0.12903347611427307 0.2920760214328766
vt 0.1432616114616394 0.28992342948913574
vt 0.13997820019721985 0.26660358905792236
vt 0.12757419049739838 0.2682778239250183
vt 0.12672293186187744 0.24567550420761108
vt 0.13705961406230927 0.2442404329776764
vt 0.1340194046497345 0.22295358777046204
vt 0.12562845647335052 0.22438865900039673
vt 0.12356112152338028 0.20501524209976196
vt 0.130006343126297 0.20346058905124664
vt 0.12453398108482361 0.18528304994106293
vt 0.11954805254936218 0.1870768964290619
vt 0.11346765607595444 0.16913853585720062
vt 0.11735910922288895 0.16734470427036285
vt 0.108603335916996 0.14988471567630768
vt 0.10544152557849884 0.15167854726314545
vt 0.0953480675816536 0.13517527282238007
vt 0.0979018285870552 0.1333814263343811
vt 0.08549781888723373 0.1177152693271637
vt 0.0833088755607605 0.11950910836458206
vt 0.0699319913983345 0.10444089025259018
vt 0.07199932634830475 0.10264705866575241
vt 0.0580144077539444 0.08769842982292175
vt 0.05594707280397415 0.0893726795911789
vt 0.042326975613832474 0.07406529039144516
vt 0.04427270218729973 0.07239104062318802
vt 0.03077421523630619 0.05696405842900276
vt 0.028950095176696777 0.05851871520280838
vt 0.01569482311606407 0.04309173673391342
vt 0.017397336661815643 0.04177625849843025
vt 0.005358144175261259 0.026827631518244743
vt 0.007182263769209385 0.02622968703508377
vt 0.0019531199941411614 0.013314074836671352
vt 0.0036556320264935493 0.015705855563282967
vt 0.004263672046363354 0.007812980562448502
vt 0.004385279957205057 0.013553253374993801
vt 0.005236535798758268 0.008889282122254372
vt 0.0054797520861029625 0.013194485567510128
vt 0.010465679690241814 0.024196673184633255
vt 0.008884776383638382 0.0251533854752779
vt 0.020802360028028488 0.03902570903301239
vt 0.019099848344922066 0.04034118726849556
vt 0.032598335295915604 0.055409401655197144
vt 0.04609682410955429 0.07071679830551147
vt 0.05996013432741165 0.08590459823608398
vt 0.061905864626169205 0.08423034846782684
vt 0.073945052921772 0.10085321962833405
vt 0.0038988480810076 0.02778434380888939
vt 0.034300848841667175 0.05397433415055275
vt 0.048042550683021545 0.06904254853725433
vt 0.02238326333463192 0.03771023079752922
vt 0.02408577688038349 0.03627516329288483
vt 0.03612496703863144 0.05241967737674713
vt 0.04986667260527611 0.06736830621957779
vt 0.06385159492492676 0.08243651688098907
vt 0.07601239532232285 0.09905938804149628
vt 0.08975409716367722 0.11412759870290756
vt 0.08768676221370697 0.11592143774032593
vt 0.10033398866653442 0.13158759474754333
vt 0.10276614874601364 0.12979376316070557
vt 0.09194304049015045 0.1123337671160698
vt 0.10519830882549286 0.1279999315738678
vt 0.0940103754401207 0.11053993552923203
vt 0.0779581218957901 0.09726555645465851
vt 0.07990384846925735 0.09547171741724014
vt 0.06579732149839401 0.0806426852941513
vt 0.05169079080224037 0.06581364572048187
vt 0.03782748058438301 0.05086502060294151
vt 0.08184957504272461 0.09367788583040237
vt 0.06762143969535828 0.07896843552589417
vt 0.053514912724494934 0.0640198141336441
vt 0.08391690999269485 0.09176445752382278
vt 0.09607771039009094 0.10862650722265244
vt 0.10981941968202591 0.12417307496070862
vt 0.10750886052846909 0.1260865032672882
vt 0.12027770280838013 0.14235059916973114
vt 0.11748071759939194 0.14438362419605255
vt 0.11456213146448135 0.14629703760147095
vt 0.11164353787899017 0.1480908840894699
vt 0.12125056982040405 0.16555087268352509
vt 0.12502041459083557 0.16351786255836487
vt 0.1286686509847641 0.16136525571346283
vt 0.13219529390335083 0.15909306704998016
vt 0.12307468801736832 0.1401980072259903
vt 0.11212997138500214 0.1221400648355484
vt 0.09814504534006119 0.10683267563581467
vt 0.08574103564023972 0.08997062593698502
vt 0.06956716626882553 0.07705501466989517
vt 0.0553390309214592 0.06234556436538696
vt 0.039529990404844284 0.04919077455997467
vt 0.025666680186986923 0.03484009578824043
vt 0.01216819230467081 0.02323996275663376
vt 0.006817440036684275 0.01367284171283245
vt 0.00620940001681447 0.010204761289060116
vt 0.008884776383638382 0.01510791014879942
vt 0.013870703987777233 0.022402839735150337
vt 0.027247583493590355 0.03340502828359604
vt 0.041232503950595856 0.04763611778616905
vt 0.05716315284371376 0.06067131832242012
vt 0.04281340911984444 0.04596187174320221
vt 0.028706880286335945 0.03185037150979042
vt 0.016424471512436867 0.01977188140153885
vt 0.030166175216436386 0.030295712873339653
vt 0.04451591894030571 0.04428762570023537
vt 0.015208392404019833 0.02108735963702202
vt 0.008763168007135391 0.013194485567510128
vt 0.0070606558583676815 0.009726405143737793
vt 0.00620940001681447 0.008530515246093273
vt 0.005722967907786369 0.00745421415194869
vt 0.009492816403508186 0.0035077768843621016
vt 0.009736032225191593 0.002192297950387001
vt 0.024207383394241333 0.0019531199941411614
vt 0.024450600147247314 0.003746954957023263
vt 0.0239641685038805 0.005660378839820623
vt 0.04074607044458389 0.016662567853927612
vt 0.0419621504843235 0.01486873161047697
vt 0.05837923288345337 0.028262700885534286
vt 0.05691993609070778 0.030056534335017204
vt 0.07285058498382568 0.04357009381055832
vt 0.07443148642778397 0.04165666922926903
vt 0.0899973139166832 0.05576816946268082
vt 0.08817319571971893 0.05768159404397011
vt 0.10276614874601364 0.07251062989234924
vt 0.1045902743935585 0.07047761976718903
vt 0.1193048432469368 0.08458911627531052
vt 0.11748071759939194 0.08662213385105133
vt 0.13292492926120758 0.09989651292562485
vt 0.13462744653224945 0.09738514572381973
vt 0.1512877494096756 0.10862650722265244
vt 0.14946362376213074 0.11161623150110245
vt 0.16709677875041962 0.12237924337387085
vt 0.16904251277446747 0.11843280494213104
vt 0.1872837096452713 0.12764115631580353
vt 0.18521638214588165 0.1324247121810913
vt 0.20382240414619446 0.14199183881282806
vt 0.2061329483985901 0.1357732117176056
vt 0.22680631279945374 0.14342691004276276
vt 0.22413094341754913 0.1509610116481781
vt 0.24650681018829346 0.1598106026649475
vt 0.249790221452713 0.15060225129127502
vt 0.2738686203956604 0.15741881728172302
vt 0.2697339355945587 0.16866017878055573
vt 0.292717844247818 0.17798812687397003
vt 0.2979469895362854 0.1650725156068802
vt 0.3217821717262268 0.1734437495470047
vt 0.3152153193950653 0.18791401386260986
vt 0.33722639083862305 0.19807907938957214
vt 0.34500929713249207 0.1816953867673874
vt 0.36787158250808716 0.19030579924583435
vt 0.35875099897384644 0.20848332345485687
vt 0.380154013633728 0.21900714933872223
vt 0.39085549116134644 0.1987966150045395
vt 0.4143258333206177 0.20800496637821198
vt 0.4020434319972992 0.23024852573871613
vt 0.42417609691619873 0.24244660139083862
vt 0.43840423226356506 0.2184092104434967
vt 0.46284744143486023 0.22881345450878143
vt 0.4455791115760803 0.25619933009147644
vt 0.4875338673591614 0.23754344880580902
vt 0.4672253131866455 0.2701912522315979
vt 0.4273379147052765 0.27629029750823975
vt 0.4461871385574341 0.29339152574539185
vt 0.49215495586395264 0.2847810983657837
vt 0.5123419165611267 0.24352289736270905
vt 0.5259619951248169 0.2750943899154663
vt 0.5386092066764832 0.24400125443935394
vt 0.5558775663375854 0.2693541347980499
vt 0.567430317401886 0.2432837188243866
vt 0.5967378616333008 0.24447961151599884
vt 0.5860363245010376 0.26947370171546936
vt 0.625437319278717 0.24926316738128662
vt 0.6140061616897583 0.27282220125198364
vt 0.6407599449157715 0.27880164980888367
vt 0.6530423760414124 0.25763440132141113
vt 0.6800393462181091 0.26648399233818054
vt 0.6678785085678101 0.2866945266723633
vt 0.6946322917938232 0.2950657606124878
vt 0.7063066363334656 0.2764098644256592
vt 0.7202915549278259 0.3043937087059021
vt 0.7311146855354309 0.288129597902298
vt 0.7538554072380066 0.30271944403648376
vt 0.7444915771484375 0.3155154883861542
vt 0.7674754858016968 0.32998573780059814
vt 0.7769609093666077 0.3194619119167328
vt 0.7865679264068604 0.34768491983413696
vt 0.7978774905204773 0.3384765684604645
vt 0.802255392074585 0.3669387400150299
vt 0.8147810101509094 0.3585675060749054
vt 0.830590009689331 0.37698423862457275
vt 0.817821204662323 0.3858337998390198
vt 0.8376433253288269 0.4040113389492035
vt 0.8488312363624573 0.39396587014198303
vt 0.8704774379730225 0.41154545545578003
vt 0.8603839874267578 0.42087337374687195
vt 0.8819085955619812 0.4392901062965393
vt 0.8921236991882324 0.4328323006629944
vt 0.8977176547050476 0.45997899770736694
vt 0.9078111052513123 0.45507583022117615
vt 0.9194855093955994 0.47265541553497314
vt 0.9095136523246765 0.4782761037349701
vt 0.921066403388977 0.4947793781757355
vt 0.9318894743919373 0.4870060980319977
vt 0.9459960460662842 0.5026722550392151
vt 0.9338352084159851 0.5112826824188232
vt 0.9467256665229797 0.5292209982872009
vt 0.9604673981666565 0.5213281512260437
vt 0.9591296911239624 0.5505078434944153
vt 0.9726281762123108 0.5446479916572571
vt 0.9828432202339172 0.5735885500907898
vt 0.9709256887435913 0.577415406703949
vt 0.9813839793205261 0.6079105734825134
vt 0.991355836391449 0.6055188179016113
vt 0.9881939888000488 0.6373294591903687
vt 0.9971929788589478 0.6354160308837891
vt 0.9980442523956299 0.6619648337364197
vt 0.9898965358734131 0.6635194420814514
vt 0.9881939888000488 0.6912640929222107
vt 0.9964633584022522 0.6904270052909851
vt 0.9847889542579651 0.720085084438324
vt 0.9936663508415222 0.7198458909988403
vt 0.9886804223060608 0.7489060163497925
vt 0.9785869717597961 0.7469925880432129
vt 0.9709256887435913 0.7703124284744263
vt 0.9813839793205261 0.7737805247306824
vt 0.9613186120986938 0.7912405133247375
vt 0.9711688756942749 0.7959045171737671
vt 0.956454336643219 0.8165934085845947
vt 0.9481849670410156 0.810853123664856
vt 0.9312814474105835 0.8284326791763306
vt 0.9372402429580688 0.8346513509750366
vt 0.9143779277801514 0.8481648564338684
vt 0.9123106002807617 0.8397936820983887
vt 0.8932181596755981 0.8433813452720642
vt 0.9121890068054199 0.8322595357894897
vt 0.9241065979003906 0.8219748735427856
vt 0.9388211369514465 0.8049932718276978
vt 0.9507387280464172 0.7860981822013855
vt 0.9388211369514465 0.7804775238037109
vt 0.009371208027005196 0.012476951815187931
vt 0.9603457450866699 0.7666051983833313
vt 0.9688583016395569 0.7448399662971497
vt 0.9760332107543945 0.7197263240814209
vt 0.9585216641426086 0.7422090172767639
vt 0.9490362405776978 0.7621803879737854
vt 0.9355377554893494 0.7559617757797241
vt 0.9457527995109558 0.7379038333892822
vt 0.9310382604598999 0.7310872673988342
vt 0.9407668709754944 0.7130293250083923
vt 0.9250794649124146 0.7070498466491699
vt 0.9545086026191711 0.7166169881820679
vt 0.9661829471588135 0.7186499834060669
vt 0.980046272277832 0.6919816732406616
vt 0.9816271662712097 0.6648349761962891
vt 0.9798030257225037 0.6393625140190125
vt 0.972506582736969 0.6657916307449341
vt 0.9708040356636047 0.6923404335975647
vt 0.9599809646606445 0.6922208070755005
vt 0.9470905065536499 0.6918620467185974
vt 0.9495226740837097 0.668183445930481
vt 0.9324975609779358 0.6905465722084045
vt 0.9618050456047058 0.6668679714202881
vt 0.9602241516113281 0.6433089375495911
vt 0.9706824421882629 0.6410367488861084
vt 0.972993016242981 0.6107807159423828
vt 0.9613186120986938 0.581481397151947
vt 0.9474553465843201 0.556248128414154
vt 0.9515900015830994 0.5866237282752991
vt 0.9642372131347656 0.6141291856765747
vt 0.9540221691131592 0.6187931895256042
vt 0.9419829845428467 0.6257293224334717
vt 0.947941780090332 0.6465378403663635
vt 0.9331055879592896 0.6526368856430054
vt 0.935780942440033 0.6708143949508667
vt 0.9237417578697205 0.6739237308502197
vt 0.9176613688468933 0.6854042410850525
vt 0.9085407853126526 0.6978415250778198
vt 0.8949206471443176 0.6861217617988586
vt 0.8968663811683655 0.6619648337364197
vt 0.8855568766593933 0.6476141214370728
vt 0.8839759230613708 0.6174777150154114
vt 0.8652483224868774 0.6038445830345154
vt 0.8461558818817139 0.5915268659591675
vt 0.878625214099884 0.5860257744789124
vt 0.8978392481803894 0.6013332009315491
vt 0.9149859547615051 0.6180756688117981
vt 0.9001498222351074 0.6325458884239197
vt 0.9109728932380676 0.6488100290298462
vt 0.9062302112579346 0.6747608184814453
vt 0.9179045557975769 0.6631606817245483
vt 0.9270251989364624 0.6363727450370789
vt 0.929092526435852 0.6043229103088379
vt 0.9108512997627258 0.5865041613578796
vt 0.9408884644508362 0.5937990546226501
vt 0.9231337308883667 0.5734689235687256
vt 0.9354161024093628 0.5635430812835693
vt 0.9339568614959717 0.5362767577171326
vt 0.9211879968643188 0.519055962562561
vt 0.9091488122940063 0.5021939277648926
vt 0.9057437777519226 0.5281447172164917
vt 0.9196071028709412 0.5450067520141602
vt 0.9048925042152405 0.5567265152931213
vt 0.8915156126022339 0.570598840713501
vt 0.8729096055030823 0.553856372833252
vt 0.8885970711708069 0.5401036143302917
vt 0.8753417730331421 0.5216869115829468
vt 0.8939477801322937 0.5109239220619202
vt 0.8978392481803894 0.484733909368515
vt 0.886651337146759 0.4661976099014282
vt 0.8723015785217285 0.447541743516922
vt 0.8523578643798828 0.43127763271331787
vt 0.827671468257904 0.41513311862945557
vt 0.8035930395126343 0.3965968191623688
vt 0.7857166528701782 0.3771038055419922
vt 0.7701508402824402 0.3585675060749054
vt 0.7533689737319946 0.3430209457874298
vt 0.7331820130348206 0.3307032883167267
vt 0.7100765109062195 0.3210165798664093
vt 0.7200483679771423 0.346010684967041
vt 0.7370734810829163 0.3561757504940033
vt 0.7522744536399841 0.3692109286785126
vt 0.7357357740402222 0.3782997131347656
vt 0.7682051062583923 0.3869101107120514
vt 0.72162926197052 0.3677758574485779
vt 0.7883920669555664 0.4114258587360382
vt 0.7500855326652527 0.39396587014198303
vt 0.7204132080078125 0.388823539018631
vt 0.8201317191123962 0.42876625061035156
vt 0.844210147857666 0.4440736472606659
vt 0.8608704209327698 0.45914188027381897
vt 0.8726664185523987 0.47516679763793945
vt 0.8831247091293335 0.49274638295173645
vt 0.8645186424255371 0.5031506419181824
vt 0.8550332188606262 0.4876040518283844
vt 0.8455477952957153 0.4749276041984558
vt 0.8331437706947327 0.4626099467277527
vt 0.8141729235649109 0.44981393218040466
vt 0.7896081209182739 0.43952926993370056
vt 0.7674754858016968 0.4363003671169281
vt 0.7621247172355652 0.41417640447616577
vt 0.7460724711418152 0.41788366436958313
vt 0.7347629070281982 0.4012607932090759
vt 0.7089820504188538 0.4014999568462372
vt 0.706549882888794 0.3805719017982483
vt 0.6963347792625427 0.395640105009079
vt 0.6931729912757874 0.3738749027252197
vt 0.706549882888794 0.35940465331077576
vt 0.6879438757896423 0.3518705368041992
vt 0.6992533802986145 0.33680233359336853
vt 0.6846604347229004 0.3127649426460266
vt 0.6577850580215454 0.30558958649635315
vt 0.6306664943695068 0.2999688982963562
vt 0.6047639846801758 0.29626163840293884
vt 0.5787398815155029 0.2939894497394562
vt 0.5506483912467957 0.2966204285621643
vt 0.5218273401260376 0.30558958649635315
vt 0.5270564556121826 0.33548682928085327
vt 0.49568161368370056 0.31838560104370117
vt 0.500910758972168 0.34373849630355835
vt 0.48376402258872986 0.352827250957489
vt 0.47427859902381897 0.3326167166233063
vt 0.4630906581878662 0.3115690350532532
vt 0.42916202545166016 0.30798137187957764
vt 0.4114072620868683 0.29040178656578064
vt 0.40800222754478455 0.2608633041381836
vt 0.3883017301559448 0.2472301572561264
vt 0.3686012327671051 0.23491248488426208
vt 0.3487791419029236 0.22319276630878448
vt 0.3287138044834137 0.21171222627162933
vt 0.30816206336021423 0.2003512680530548
vt 0.2870022654533386 0.1891099065542221
vt 0.26523444056510925 0.1783469021320343
vt 0.24298018217086792 0.16794265806674957
vt 0.22133395075798035 0.1577775925397873
vt 0.20114701986312866 0.1474929302930832
vt 0.18278421461582184 0.13696910440921783
vt 0.16490784287452698 0.1259669065475464
vt 0.14763949811458588 0.11448636651039124
vt 0.1311008185148239 0.10216870158910751
vt 0.11565659940242767 0.08877473324537277
vt 0.10106363892555237 0.07442405074834824
vt 0.08634907007217407 0.059714607894420624
vt 0.0992395207285881 0.07633747905492783
vt 0.0846465602517128 0.061628032475709915
vt 0.07114807516336441 0.045603103935718536
vt 0.05546063929796219 0.03185037150979042
vt 0.0540013425052166 0.03364420682191849
vt 0.06956716626882553 0.04751652851700783
vt 0.08282244205474854 0.06366104632616043
vt 0.09741540253162384 0.0781313106417656
vt 0.11212997138500214 0.09272117167711258
vt 0.1139540895819664 0.09080774337053299
vt 0.12927669286727905 0.10444089025259018
vt 0.14557217061519623 0.11735650151968002
vt 0.16271889209747314 0.12955458462238312
vt 0.18023045361042023 0.14127430319786072
vt 0.19835004210472107 0.15275484323501587
vt 0.2179289311170578 0.16399621963500977
vt 0.23884549736976624 0.17559634149074554
vt 0.26012691855430603 0.18731607496738434
vt 0.2809218764305115 0.1992749720811844
vt 0.300987184047699 0.21147304773330688
vt 0.3204444646835327 0.22367112338542938
vt 0.3391720950603485 0.23574961721897125
vt 0.3576565086841583 0.24794769287109375
vt 0.37577611207962036 0.2607437074184418
vt 0.3936524987220764 0.27473562955856323
vt 0.39839521050453186 0.30164316296577454
vt 0.4155419170856476 0.3189835548400879
vt 0.43220221996307373 0.3372806906700134
vt 0.44521427154541016 0.32615891098976135
vt 0.4590775966644287 0.34421682357788086
vt 0.4713599979877472 0.3620356023311615
vt 0.49349266290664673 0.37208107113838196
vt 0.5058966875076294 0.3645469546318054
vt 0.5229218006134033 0.35976341366767883
vt 0.5407981872558594 0.364427387714386
vt 0.5235298275947571 0.37590792775154114
vt 0.577280580997467 0.31874439120292664
vt 0.5541750192642212 0.3219732940196991
vt 0.5491890907287598 0.3478045165538788
vt 0.5994132161140442 0.31982067227363586
vt 0.5805639624595642 0.3389549255371094
vt 0.5643901228904724 0.3405095934867859
vt 0.558917760848999 0.35533860325813293
vt 0.5539318323135376 0.37100476026535034
vt 0.5339881181716919 0.38619258999824524
vt 0.5446895956993103 0.39898860454559326
vt 0.5257187485694885 0.4010215997695923
vt 0.5145308375358582 0.3834420442581177
vt 0.5054102540016174 0.3913348913192749
vt 0.5686463713645935 0.35402312874794006
vt 0.5647549629211426 0.3751903772354126
vt 0.5563639998435974 0.4127413332462311
vt 0.5360554456710815 0.4166877865791321
vt 0.5183007121086121 0.40975162386894226
vt 0.5816584825515747 0.3533056080341339
vt 0.5791046619415283 0.37291818857192993
vt 0.5983187556266785 0.352827250957489
vt 0.5985619425773621 0.3395528793334961
vt 0.6187489032745361 0.34038999676704407
vt 0.6231268048286438 0.3214949369430542
vt 0.6486644744873047 0.3243650496006012
vt 0.6746885776519775 0.3293878138065338
vt 0.6647167205810547 0.346010684967041
vt 0.6571770310401917 0.3609592914581299
vt 0.6410031318664551 0.3424229919910431
vt 0.636260449886322 0.35653451085090637
vt 0.6166815757751465 0.3537839651107788
vt 0.5972242951393127 0.37100476026535034
vt 0.5957649946212769 0.40090203285217285
vt 0.6157087087631226 0.37160271406173706
vt 0.6338282823562622 0.37351614236831665
vt 0.6526775360107422 0.37794092297554016
vt 0.6772423386573792 0.367297500371933
vt 0.6846604347229004 0.39085653424263
vt 0.6707971096038818 0.3849966824054718
vt 0.653285562992096 0.4022175073623657
vt 0.6355308294296265 0.40030407905578613
vt 0.617411196231842 0.4001844823360443
vt 0.6230051517486572 0.4294838011264801
vt 0.6436785459518433 0.4290054440498352
vt 0.6611900925636292 0.42924460768699646
vt 0.6701890826225281 0.4068814814090729
vt 0.6825931072235107 0.41106709837913513
vt 0.6925649642944336 0.41465476155281067
vt 0.7033880352973938 0.4187207818031311
vt 0.7024152278900146 0.43905091285705566
vt 0.6936594247817993 0.43653956055641174
vt 0.6855117082595825 0.43414777517318726
vt 0.6752966046333313 0.43163639307022095
vt 0.6799176931381226 0.4548366665840149
vt 0.6680001616477966 0.45364075899124146
vt 0.6501237750053406 0.45316243171691895
vt 0.6276262998580933 0.45268407464027405
vt 0.6312745213508606 0.47217705845832825
vt 0.6047639846801758 0.4538799524307251
vt 0.612668514251709 0.4744492471218109
vt 0.5879820585250854 0.45914188027381897
vt 0.5989267826080322 0.4304405152797699
vt 0.5780102014541626 0.4354632496833801
vt 0.5746051669120789 0.40520721673965454
vt 0.5652413964271545 0.4441932439804077
vt 0.5569720268249512 0.453521192073822
vt 0.5780102014541626 0.46679556369781494
vt 0.5929679870605469 0.48592981696128845
vt 0.6008725166320801 0.47959157824516296
vt 0.6144925951957703 0.49968254566192627
vt 0.6228835582733154 0.4948989748954773
vt 0.6285991668701172 0.5192951560020447
vt 0.6230051517486572 0.5240786671638489
vt 0.6081690192222595 0.5048248767852783
vt 0.5871308445930481 0.49214842915534973
vt 0.5712001919746399 0.4738513231277466
vt 0.5816584825515747 0.49812787771224976
vt 0.6029398441314697 0.5099672079086304
vt 0.6175327897071838 0.5287426710128784
vt 0.6366252899169922 0.5421366095542908
vt 0.6423408389091492 0.5366355180740356
vt 0.6558393239974976 0.5505078434944153
vt 0.6490293145179749 0.530656099319458
vt 0.6354091763496399 0.5143919587135315
vt 0.6448945999145508 0.5085321068763733
vt 0.6363820433616638 0.49119171500205994
vt 0.6537719964981079 0.48939788341522217
vt 0.6524342894554138 0.4725358486175537
vt 0.6682433485984802 0.4905937612056732
vt 0.6697026491165161 0.47325336933135986
vt 0.6566905975341797 0.5221652984619141
vt 0.6548664569854736 0.5024330615997314
vt 0.6642302870750427 0.5080537796020508
vt 0.6772423386573792 0.4920288324356079
vt 0.6738373041152954 0.5125981569290161
vt 0.6694594025611877 0.5313736200332642
vt 0.6627709865570068 0.5428541898727417
vt 0.6859981417655945 0.5387881398200989
vt 0.6771207451820374 0.5532584190368652
vt 0.668851375579834 0.5621079802513123
vt 0.6816202402114868 0.5738277435302734
vt 0.6607036590576172 0.56988126039505
vt 0.6489076614379883 0.5569656491279602
vt 0.6417328119277954 0.563064694404602
vt 0.6304232478141785 0.5471593737602234
vt 0.6112092137336731 0.5342437624931335
vt 0.5973458886146545 0.515946626663208
vt 0.5752132534980774 0.5044661164283752
vt 0.5902926325798035 0.5231219530105591
vt 0.6025750041007996 0.5416582822799683
vt 0.6228835582733154 0.5526604652404785
vt 0.6333418488502502 0.5694029331207275
vt 0.6125468611717224 0.5601945519447327
vt 0.5989267826080322 0.5710771679878235
vt 0.5901710391044617 0.551105797290802
vt 0.5801991820335388 0.5314931869506836
vt 0.5660926103591919 0.5123589634895325
vt 0.5592826008796692 0.48533186316490173
vt 0.5656061768531799 0.47959157824516296
vt 0.5511348247528076 0.4600985646247864
vt 0.5454192757606506 0.431995153427124
vt 0.5292454361915588 0.4255373477935791
vt 0.6219106912612915 0.5775349736213684
vt 0.5393388867378235 0.44096434116363525
vt 0.5332584977149963 0.44921597838401794
vt 0.5220705270767212 0.43366941809654236
vt 0.5097881555557251 0.4172857105731964
vt 0.4966544508934021 0.39898860454559326
vt 0.5000594854354858 0.42589613795280457
vt 0.513679563999176 0.4431169331073761
vt 0.4835208058357239 0.38033270835876465
vt 0.47306251525878906 0.38918229937553406
vt 0.48656100034713745 0.4074794054031372
vt 0.48935797810554504 0.43653956055641174
vt 0.4751298427581787 0.4182424247264862
vt 0.46138814091682434 0.4010215997695923
vt 0.46102333068847656 0.4324735105037689
vt 0.4754946827888489 0.44981393218040466
vt 0.48899316787719727 0.46823063492774963
vt 0.5027348399162292 0.4542387127876282
vt 0.5146524310112 0.4709811806678772
vt 0.5255971550941467 0.4589026868343353
vt 0.5366634726524353 0.47552555799484253
vt 0.5451760292053223 0.46679556369781494
vt 0.5496755242347717 0.4934639036655426
vt 0.5328936576843262 0.5062599182128906
vt 0.5235298275947571 0.4872452914714813
vt 0.49884340167045593 0.48533186316490173
vt 0.4723328649997711 0.48341843485832214
vt 0.4602936804294586 0.465121328830719
vt 0.4458223283290863 0.44837886095046997
vt 0.4326886534690857 0.4621315896511078
vt 0.4459439218044281 0.47911322116851807
vt 0.45469969511032104 0.49752992391586304
vt 0.45968562364578247 0.5164250135421753
vt 0.4791429042816162 0.5004000663757324
vt 0.5044373869895935 0.49920418858528137
vt 0.507964015007019 0.5114022493362427
vt 0.4836423993110657 0.5133156776428223
vt 0.466009259223938 0.5301777124404907
vt 0.43743136525154114 0.5403428077697754
vt 0.4377962052822113 0.5099672079086304
vt 0.4328102767467499 0.4899958372116089
vt 0.42150071263313293 0.4730142056941986
vt 0.42235198616981506 0.4964536428451538
vt 0.4115288555622101 0.4836575984954834
vt 0.4028947055339813 0.4931051433086395
vt 0.40155699849128723 0.4699048697948456
vt 0.41991981863975525 0.5143919587135315
vt 0.40775901079177856 0.4572284519672394
vt 0.4180957078933716 0.44491076469421387
vt 0.3938957154750824 0.44730255007743835
vt 0.3914635479450226 0.4714595377445221
vt 0.3790595233440399 0.4764822721481323
vt 0.3940173089504242 0.49956294894218445
vt 0.3749248683452606 0.49274638295173645
vt 0.3580213487148285 0.47074198722839355
vt 0.3608183264732361 0.4943010210990906
vt 0.3643449544906616 0.5102063417434692
vt 0.38246455788612366 0.5060207843780518
vt 0.38951781392097473 0.5261117219924927
vt 0.4061781167984009 0.5221652984619141
vt 0.4061781167984009 0.5479965209960938
vt 0.4189469516277313 0.5464418530464172
vt 0.3806404173374176 0.44239941239356995
vt 0.4168796241283417 0.583155632019043
vt 0.40374594926834106 0.5778937339782715
vt 0.3938957154750824 0.5720338821411133
vt 0.4523891508579254 0.5525408983230591
vt 0.47488662600517273 0.5404623746871948
vt 0.4885067343711853 0.5246766209602356
vt 0.5101529359817505 0.5221652984619141
vt 0.5279077291488647 0.52383953332901
vt 0.5427439212799072 0.5363963842391968
vt 0.5538102388381958 0.5231219530105591
vt 0.566943883895874 0.5410603284835815
vt 0.5756996870040894 0.561031699180603
vt 0.5613499283790588 0.5715555548667908
vt 0.5527157783508301 0.5525408983230591
vt 0.5460273027420044 0.5848299264907837
vt 0.5380011796951294 0.5671307444572449
vt 0.5313127636909485 0.5528996586799622
vt 0.5840905904769897 0.5826773047447205
vt 0.5707137584686279 0.5936794877052307
vt 0.5946705341339111 0.6040837168693542
vt 0.608047366142273 0.5902113914489746
vt 0.6058584451675415 0.6232179999351501
vt 0.6196001768112183 0.6073126196861267
vt 0.6317609548568726 0.6220220923423767
vt 0.6330986618995667 0.5932011604309082
vt 0.6158303022384644 0.6396016478538513
vt 0.6281127333641052 0.6537131667137146
vt 0.6433137059211731 0.6655524969100952
vt 0.6283559203147888 0.6860021948814392
vt 0.6172896027565002 0.702266275882721
vt 0.6082906126976013 0.7154210805892944
vt 0.5988051891326904 0.7288150787353516
vt 0.5912654995918274 0.7404152154922485
vt 0.5854282975196838 0.750460684299469
vt 0.5784966349601746 0.7630175352096558
vt 0.5688896179199219 0.7784444689750671
vt 0.5569720268249512 0.7927951812744141
vt 0.5406765341758728 0.8055912256240845
vt 0.5584313273429871 0.8232903480529785
vt 0.5519860982894897 0.8521113395690918
vt 0.5688896179199219 0.8689733743667603
vt 0.5522293448448181 0.8826065063476562
vt 0.5752132534980774 0.8976747393608093
vt 0.566943883895874 0.9152542948722839
vt 0.5944272875785828 0.9297245740890503
vt 0.6193569302558899 0.9372586607933044
vt 0.5417710542678833 0.8975551128387451
vt 0.519273579120636 0.8805735111236572
vt 0.49847859144210815 0.8662227988243103
vt 0.48011577129364014 0.8564165234565735
vt 0.4621177911758423 0.850078284740448
vt 0.439377099275589 0.8377606272697449
vt 0.4163931906223297 0.8175501227378845
vt 0.3976655602455139 0.7960240840911865
vt 0.37991079688072205 0.7782053351402283
vt 0.35984545946121216 0.7606257200241089
vt 0.3368615508079529 0.7401760220527649
vt 0.3155801594257355 0.7156602740287781
vt 0.2979469895362854 0.6894702911376953
vt 0.33065953850746155 0.7069302797317505
vt 0.3512113094329834 0.7310872673988342
vt 0.3737087845802307 0.7512977719306946
vt 0.39474695920944214 0.7693557143211365
vt 0.3940173089504242 0.7412523031234741
vt 0.37310072779655457 0.7211613655090332
vt 0.3541298806667328 0.6932971477508545
vt 0.31205353140830994 0.681816577911377
vt 0.2818947434425354 0.6636390686035156
vt 0.26778820157051086 0.6385253667831421
vt 0.2568434774875641 0.6152055263519287
vt 0.24845252931118011 0.5933207273483276
vt 0.24152088165283203 0.5710771679878235
vt 0.23592691123485565 0.5479965209960938
vt 0.23191384971141815 0.525513768196106
vt 0.25343847274780273 0.5225240588188171
vt 0.25732991099357605 0.5432129502296448
vt 0.2629238963127136 0.5636626482009888
vt 0.26924750208854675 0.5843515396118164
vt 0.2755711078643799 0.6059971451759338
vt 0.28371885418891907 0.6297953724861145
vt 0.29587966203689575 0.6557461619377136
vt 0.3285922110080719 0.6699772477149963
vt 0.34391480684280396 0.6525172591209412
vt 0.36288565397262573 0.6662700176239014
vt 0.38684242963790894 0.6941342353820801
vt 0.39997610449790955 0.713627278804779
vt 0.4191901683807373 0.731685221195221
vt 0.4154203236103058 0.7597886323928833
vt 0.3127831816673279 0.6455811262130737
vt 0.44010674953460693 0.7484276294708252
vt 0.439133882522583 0.720443844795227
vt 0.4204062521457672 0.7052560448646545
vt 0.4059349000453949 0.693775475025177
vt 0.3873288631439209 0.6735649704933167
vt 0.37358716130256653 0.6442656517028809
vt 0.3605751097202301 0.6325458884239197
vt 0.3311459720134735 0.6329047083854675
vt 0.32421430945396423 0.6099435687065125
vt 0.3031761348247528 0.619749903678894
vt 0.2977037727832794 0.5953537225723267
vt 0.29308268427848816 0.5735885500907898
vt 0.28773191571235657 0.553856372833252
vt 0.2820163369178772 0.5355592370033264
vt 0.2782464921474457 0.5185775756835938
vt 0.2752062976360321 0.5005196332931519
vt 0.250276654958725 0.5026722550392151
vt 0.24553394317626953 0.4828204810619354
vt 0.21440230309963226 0.46583884954452515
vt 0.20674099028110504 0.44491076469421387
vt 0.19859325885772705 0.4235043525695801
vt 0.19068872928619385 0.4012607932090759
vt 0.18302743136882782 0.3786584734916687
vt 0.1753661334514618 0.35581696033477783
vt 0.16819125413894653 0.33297547698020935
vt 0.16174602508544922 0.3098948001861572
vt 0.15615206956863403 0.2868141233921051
vt 0.1514093577861786 0.26397261023521423
vt 0.14690986275672913 0.24196824431419373
vt 0.14228875935077667 0.22092057764530182
vt 0.13632996380329132 0.20142757892608643
vt 0.12951990962028503 0.18336963653564453
vt 0.13438422977924347 0.1812170296907425
vt 0.13900533318519592 0.178825244307518
vt 0.14253196120262146 0.1992749720811844
vt 0.14970684051513672 0.21876797080039978
vt 0.15578724443912506 0.23957645893096924
vt 0.156516894698143 0.2163762003183365
vt 0.14824753999710083 0.19700278341770172
vt 0.1433832198381424 0.1763138771057129
vt 0.14751788973808289 0.17368292808532715
vt 0.13572192192077637 0.15670128166675568
vt 0.13900533318519592 0.15407033264636993
vt 0.12575006484985352 0.13804540038108826
vt 0.11444052308797836 0.12010705471038818
vt 0.10009077936410904 0.10491924732923508
vt 0.08768676221370697 0.08805719763040543
vt 0.0713912844657898 0.0752611756324768
vt 0.07333701848983765 0.07334775477647781
vt 0.058865662664175034 0.05887748301029205
vt 0.060689784586429596 0.05696405842900276
vt 0.0752827450633049 0.07143432646989822
vt 0.06251390278339386 0.05505063757300377
vt 0.04609682410955429 0.042613379657268524
vt 0.031625472009181976 0.028741056099534035
vt 0.017518943175673485 0.018575990572571754
vt 0.01010085642337799 0.011879007332026958
vt 0.007668695878237486 0.009487226605415344
vt 0.006939047947525978 0.008291336707770824
vt 0.006574224215000868 0.007095446810126305
vt 0.009979248046875 0.004464488942176104
vt 0.02359934337437153 0.00745421415194869
vt 0.010830503888428211 0.005540790036320686
vt 0.00791191216558218 0.007095446810126305
vt 0.013262663967907429 0.0068562692031264305
vt 0.023234520107507706 0.009367638267576694
vt 0.039529990404844284 0.01845640130341053
vt 0.038313910365104675 0.020250236615538597
vt 0.02226165682077408 0.011041884310543537
vt 0.011681759729981422 0.0075738029554486275
vt 0.0113169364631176 0.008650103583931923
vt 0.008033519610762596 0.00805215910077095
vt 0.008519952185451984 0.009128459729254246
vt 0.010952112264931202 0.011400651186704636
vt 0.018613416701555252 0.01738010160624981
vt 0.032963160425424576 0.027066810056567192
vt 0.04779933765530586 0.04081954434514046
vt 0.06433802098035812 0.0532568022608757
vt 0.07710686326026917 0.06952090561389923
vt 0.09157821536064148 0.08411076664924622
vt 0.08963248878717422 0.08614377677440643
vt 0.10422544926404953 0.10085321962833405
vt 0.10215811431407928 0.10288623720407486
vt 0.1166294664144516 0.11795444786548615
vt 0.1285470426082611 0.13565361499786377
vt 0.14228875935077667 0.151439368724823
vt 0.15165257453918457 0.17081278562545776
vt 0.15894904732704163 0.19162127375602722
vt 0.15371990203857422 0.1944914162158966
vt 0.16308371722698212 0.21374523639678955
vt 0.16952894628047943 0.21075551211833954
vt 0.16369175910949707 0.23706509172916412
vt 0.17159627377986908 0.23419496417045593
vt 0.17025859653949738 0.2583519220352173
vt 0.16138121485710144 0.26122206449508667
vt 0.1672183871269226 0.2834656238555908
vt 0.1739068329334259 0.3058287799358368
vt 0.18168973922729492 0.32807230949401855
vt 0.18509477376937866 0.3015235662460327
vt 0.17719024419784546 0.2799975574016571
vt 0.1792575865983963 0.2551230192184448
vt 0.1884997934103012 0.25129619240760803
vt 0.1872837096452713 0.2760511040687561
vt 0.19603948295116425 0.29673999547958374
vt 0.1939721554517746 0.3230495750904083
vt 0.1793791949748993 0.23096606135368347
vt 0.1978636085987091 0.24651262164115906
vt 0.19762039184570312 0.27138713002204895
vt 0.207227423787117 0.29147809743881226
vt 0.20564651489257812 0.317668080329895
vt 0.17597417533397675 0.20728743076324463
vt 0.16393497586250305 0.18839237093925476
vt 0.16904251277446747 0.18492428958415985
vt 0.15578724443912506 0.16770347952842712
vt 0.14545056223869324 0.1485692411661148
vt 0.1311008185148239 0.13314224779605865
vt 0.11894001811742783 0.1158018484711647
vt 0.10629278421401978 0.09882020950317383
vt 0.09352394193410873 0.0820777490735054
vt 0.07905258983373642 0.06760747730731964
vt 0.0660405382514 0.05134337767958641
vt 0.049380239099264145 0.03902570903301239
vt 0.034422457218170166 0.02539256401360035
vt 0.01982949674129486 0.015945032238960266
vt 0.012776232324540615 0.01152024045586586
vt 0.011438543908298016 0.009845994412899017
vt 0.021410400047898293 0.01271613035351038
vt 0.036976225674152374 0.022044071927666664
vt 0.05254204943776131 0.035438038408756256
vt 0.06786465644836426 0.04942995309829712
vt 0.08087671548128128 0.06557446718215942
vt 0.09546966850757599 0.08016432821750641
vt 0.11018423736095428 0.0947541818022728
vt 0.12745258212089539 0.10671308636665344
vt 0.14350482821464539 0.12010705471038818
vt 0.16028673946857452 0.1329030692577362
vt 0.17743346095085144 0.14534033834934235
vt 0.1953098326921463 0.15753841400146484
vt 0.21428069472312927 0.1699756681919098
vt 0.23446761071681976 0.1827716827392578
vt 0.25465455651283264 0.19568729400634766
vt 0.27459827065467834 0.20872250199317932
vt 0.2935691177845001 0.2218772917985916
vt 0.31205353140830994 0.23491248488426208
vt 0.3298082947731018 0.2477085143327713
vt 0.3471982181072235 0.26014578342437744
vt 0.36410173773765564 0.2730613946914673
vt 0.38112685084342957 0.28657492995262146
vt 0.386112779378891 0.31288450956344604
vt 0.4035027325153351 0.32902902364730835
vt 0.020559143275022507 0.014270787127315998
vt 0.4602936804294586 0.3722006678581238
vt 0.446916788816452 0.3552190363407135
vt 0.43475598096847534 0.3668191730976105
vt 0.42004141211509705 0.34756532311439514
vt 0.38903138041496277 0.34206423163414
vt 0.44813287258148193 0.3845183253288269
vt 0.43341830372810364 0.39898860454559326
vt 0.420527845621109 0.3796151876449585
vt 0.4058132767677307 0.3591654598712921
vt 0.40411078929901123 0.39360710978507996
vt 0.41748765110969543 0.4136980473995209
vt 0.431350976228714 0.43175598978996277
vt 0.446916788816452 0.4162094295024872
vt 0.40398916602134705 0.4285270869731903
vt 0.38659921288490295 0.4120238125324249
vt 0.388180136680603 0.37399449944496155
vt 0.3709118068218231 0.3606005311012268
vt 0.3715198338031769 0.32807230949401855
vt 0.35485953092575073 0.31527629494667053
vt 0.3688444495201111 0.2991317808628082
vt 0.3523057699203491 0.28609657287597656
vt 0.33601030707359314 0.2731809616088867
vt 0.31971481442451477 0.2599065899848938
vt 0.303054541349411 0.24603426456451416
vt 0.2857861816883087 0.23168358206748962
vt 0.26766660809516907 0.2174524962902069
vt 0.24893896281719208 0.20334099233150482
vt 0.22972489893436432 0.18922948837280273
vt 0.21038922667503357 0.17559634149074554
vt 0.19190481305122375 0.16232196986675262
vt 0.17439326643943787 0.14928676187992096
vt 0.15761135518550873 0.13613197207450867
vt 0.14131589233875275 0.12273801118135452
vt 0.12550684809684753 0.10898527503013611
vt 0.10836011916399002 0.09678719937801361
vt 0.050961144268512726 0.03723187372088432
vt 0.035760145634412766 0.023718317970633507
vt 0.12343951314687729 0.11125746369361877
vt 0.13888372480869293 0.12536896765232086
vt 0.15481437742710114 0.13936087489128113
vt 0.17098824679851532 0.15323320031166077
vt 0.18801335990428925 0.1671055257320404
vt 0.2060113400220871 0.18133662641048431
vt 0.2244957536458969 0.19580689072608948
vt 0.24273696541786194 0.21075551211833954
vt 0.2602485120296478 0.22582373023033142
vt 0.27703040838241577 0.2413703054189682
vt 0.292961061000824 0.25715604424476624
vt 0.308526873588562 0.27282220125198364
vt 0.32372787594795227 0.28789040446281433
vt 0.3391720950603485 0.3018823266029358
vt 0.33832085132598877 0.33596518635749817
vt 0.35340023040771484 0.3493591547012329
vt 0.3549811542034149 0.3799739480018616
vt 0.37188464403152466 0.39001941680908203
vt 0.37200626730918884 0.414415568113327
vt 0.3616695702075958 0.4030546247959137
vt 0.346225380897522 0.39396587014198303
vt 0.3363751173019409 0.37112435698509216
vt 0.3205660879611969 0.3572520315647125
vt 0.3243359327316284 0.3204186260700226
vt 0.3102293908596039 0.3035565912723541
vt 0.29624447226524353 0.28597700595855713
vt 0.28152990341186523 0.26839742064476013
vt 0.2669369578361511 0.2510569989681244
vt 0.2514927387237549 0.234553724527359
vt 0.2353188693523407 0.21864838898181915
vt 0.21829375624656677 0.20286263525485992
vt 0.2007821947336197 0.18743565678596497
vt 0.18363547325134277 0.17200867831707
vt 0.1674616038799286 0.15706005692481995
vt 0.15177418291568756 0.14247019588947296
vt 0.13632996380329132 0.1279999315738678
vt 0.12112896144390106 0.11352965980768204
vt 0.13365457952022552 0.13063088059425354
vt 0.1486123651266098 0.1455795019865036
vt 0.16369175910949707 0.1607673168182373
vt 0.17901436984539032 0.17667265236377716
vt 0.19494502246379852 0.193415105342865
vt 0.21099726855754852 0.210157573223114
vt 0.22644148766994476 0.22678044438362122
vt 0.24127766489982605 0.24364249408245087
vt 0.2555058002471924 0.2608633041381836
vt 0.26912590861320496 0.27928000688552856
vt 0.28250277042388916 0.2985338270664215
vt 0.2955148220062256 0.31874439120292664
vt 0.30791884660720825 0.3389549255371094
vt 0.3069459795951843 0.37112435698509216
vt 0.32628166675567627 0.38487708568573
vt 0.33601030707359314 0.41070830821990967
vt 0.35315701365470886 0.4250589907169342
vt 0.36774998903274536 0.4364199638366699
vt 0.3392937183380127 0.44921597838401794
vt 0.31983643770217896 0.42864668369293213
vt 0.3154585361480713 0.3961184620857239
vt 0.2942987382411957 0.3805719017982483
vt 0.292474627494812 0.3521097004413605
vt 0.2805570363998413 0.33058369159698486
vt 0.2682746350765228 0.30941644310951233
vt 0.25574901700019836 0.289325475692749
vt 0.24298018217086792 0.2703108489513397
vt 0.2300897240638733 0.2522529065608978
vt 0.21695606410503387 0.23443414270877838
vt 0.2030927538871765 0.21673496067523956
vt 0.1886214017868042 0.1987966150045395
vt 0.1740284413099289 0.18097785115242004
vt 0.15980030596256256 0.16435497999191284
vt 0.18217617273330688 0.20346058905124664
vt 0.1950666308403015 0.2223556488752365
vt 0.207227423787117 0.24101153016090393
vt 0.21890179812908173 0.25966742634773254
vt 0.23057615756988525 0.2785624861717224
vt 0.24237214028835297 0.2979359030723572
vt 0.2540464997291565 0.3181464374065399
vt 0.265842467546463 0.3390745222568512
vt 0.2782464921474457 0.36072012782096863
vt 0.27994900941848755 0.38918229937553406
vt 0.29964950680732727 0.4089144766330719
vt 0.3034193515777588 0.44144269824028015
vt 0.3204444646835327 0.46536049246788025
vt 0.3315108120441437 0.4866473376750946
vt 0.335645467042923 0.5020743012428284
vt 0.3034193515777588 0.49621444940567017
vt 0.30670276284217834 0.5112826824188232
vt 0.3390505015850067 0.5161858201026917
vt 0.29709574580192566 0.4748080372810364
vt 0.284934937953949 0.4508902132511139
vt 0.2710716128349304 0.4798307716846466
vt 0.31035101413726807 0.5253942012786865
vt 0.3155801594257355 0.5434520840644836
vt 0.3433067798614502 0.5349612832069397
vt 0.36811479926109314 0.5296993851661682
vt 0.3887881636619568 0.5478768944740295
vt 0.3844102919101715 0.5649781227111816
vt 0.3687228560447693 0.5508666038513184
vt 0.34573894739151 0.556248128414154
vt 0.3194715976715088 0.5636626482009888
vt 0.32141733169555664 0.5860257744789124
vt 0.34695500135421753 0.6007352471351624
vt 0.35181933641433716 0.618314802646637
vt 0.37699219584465027 0.6016919612884521
vt 0.3716414272785187 0.5897330641746521
vt 0.3684796392917633 0.5723926424980164
vt 0.34573894739151 0.5792092084884644
vt 0.3833158016204834 0.6110199093818665
vt 0.3902474641799927 0.6228591799736023
vt 0.4019218385219574 0.6344593167304993
vt 0.3926796317100525 0.6539523601531982
vt 0.41067761182785034 0.6809794902801514
vt 0.4329318702220917 0.6918620467185974
vt 0.4514162838459015 0.702266275882721
vt 0.45725348591804504 0.7319243550300598
vt 0.4793861210346222 0.7440028786659241
vt 0.46017205715179443 0.7668443918228149
vt 0.4348776042461395 0.7792816162109375
vt 0.4140826463699341 0.7881311774253845
vt 0.43317508697509766 0.8083417415618896
vt 0.4577398896217346 0.8222140669822693
vt 0.4791429042816162 0.8293893933296204
vt 0.4962896406650543 0.8365647792816162
vt 0.5138012170791626 0.8486432433128357
vt 0.5184223055839539 0.8185068368911743
vt 0.5005459189414978 0.806069552898407
vt 0.4764675498008728 0.7942302227020264
vt 0.44813287258148193 0.7963828444480896
vt 0.5015187859535217 0.7722258567810059
vt 0.5220705270767212 0.7892075181007385
vt 0.535325825214386 0.8346513509750366
vt 0.5321639776229858 0.8652660846710205
vt 0.46515798568725586 0.7071694731712341
vt 0.5377579927444458 0.7762919068336487
vt 0.5500403642654419 0.762419581413269
vt 0.5602554678916931 0.7486668229103088
vt 0.5675519108772278 0.7375450730323792
vt 0.5735107064247131 0.7273799777030945
vt 0.5803207755088806 0.7144643664360046
vt 0.5882253050804138 0.7008312344551086
vt 0.5972242951393127 0.6883939504623413
vt 0.6107227802276611 0.6726082563400269
vt 0.5968594551086426 0.6563441157341003
vt 0.5178142786026001 0.7583535313606262
vt 0.5315559506416321 0.7459163069725037
vt 0.5791046619415283 0.6714123487472534
vt 0.5690112113952637 0.6850454807281494
vt 0.5624443888664246 0.7007116675376892
vt 0.5577017068862915 0.7150623202323914
vt 0.5517429113388062 0.7248685956001282
vt 0.548094630241394 0.7076478004455566
vt 0.5448112487792969 0.6926991939544678
vt 0.551864504814148 0.6709339618682861
vt 0.5637820959091187 0.6513214111328125
vt 0.5882253050804138 0.6379274129867554
vt 0.5808072090148926 0.616640567779541
vt 0.5620795488357544 0.6268056631088257
vt 0.5547831058502197 0.6055188179016113
vt 0.5471217632293701 0.6300345659255981
vt 0.5389740467071533 0.6171189546585083
vt 0.5300966501235962 0.5994197726249695
vt 0.5232866406440735 0.5833948254585266
vt 0.5437167882919312 0.7145839929580688
vt 0.5181790590286255 0.6103023886680603
vt 0.5285157561302185 0.6275231838226318
vt 0.5422574877738953 0.6423522233963013
vt 0.5361770391464233 0.6562245488166809
vt 0.5293670296669006 0.6735649704933167
vt 0.532528817653656 0.712550938129425
vt 0.5434735417366028 0.73371821641922
vt 0.5163549780845642 0.7247490286827087
vt 0.5183007121086121 0.6888723373413086
vt 0.5035861134529114 0.6608884930610657
vt 0.5135579705238342 0.6490492224693298
vt 0.5218273401260376 0.6369706988334656
vt 0.5093017220497131 0.6181952357292175
vt 0.4979921579360962 0.628240704536438
vt 0.4871690273284912 0.6393625140190125
vt 0.4938574731349945 0.6691401600837708
vt 0.4791429042816162 0.648690402507782
vt 0.4836423993110657 0.6766742467880249
vt 0.5057750344276428 0.6984394788742065
vt 0.4995730519294739 0.6045621037483215
vt 0.48412883281707764 0.6142488121986389
vt 0.4709951877593994 0.6254901885986328
vt 0.46369868516921997 0.6370903253555298
vt 0.5112473964691162 0.5959516763687134
vt 0.5191519260406494 0.5704792141914368
vt 0.5140444040298462 0.5588790774345398
vt 0.5224353671073914 0.5410603284835815
vt 0.5125851035118103 0.5340045690536499
vt 0.4953167736530304 0.5352004766464233
vt 0.4847368896007538 0.5500295162200928
vt 0.47829166054725647 0.5605533123016357
vt 0.4673469364643097 0.5581615567207336
vt 0.4448494613170624 0.5796875953674316
vt 0.5069911479949951 0.5854278802871704
vt 0.4656444191932678 0.5783721208572388
vt 0.48291274905204773 0.5732297897338867
vt 0.4951951801776886 0.5624667406082153
vt 0.5045589804649353 0.5469201803207397
vt 0.5027348399162292 0.5750235915184021
vt 0.48814189434051514 0.586264967918396
vt 0.4683198034763336 0.5936794877052307
vt 0.44533589482307434 0.5983434915542603
vt 0.41724443435668945 0.6038445830345154
vt 0.42150071263313293 0.6187931895256042
vt 0.4512946903705597 0.6143683791160583
vt 0.473792165517807 0.6044424772262573
vt 0.49324944615364075 0.5953537225723267
vt 0.44521427154541016 0.6315892338752747
vt 0.4272162914276123 0.6306325197219849
vt 0.4419308602809906 0.6495275497436523
vt 0.420284628868103 0.6441460251808167
vt 0.4589559733867645 0.6535935997962952
vt 0.47221124172210693 0.6604101657867432
vt 0.47585949301719666 0.6855238676071167
vt 0.46771174669265747 0.6795443892478943
vt 0.4565238356590271 0.6765546798706055
vt 0.439377099275589 0.6720103025436401
vt 0.41590675711631775 0.663399875164032
vt 0.47731879353523254 0.7092024683952332
vt 0.4916685223579407 0.7051364183425903
vt 0.5005459189414978 0.7344357371330261
vt 0.7294121980667114 0.5849494934082031
vt 0.7431538701057434 0.5788504481315613
vt 0.7369518876075745 0.5694029331207275
vt 0.7548282742500305 0.5727514028549194
vt 0.7455860376358032 0.563064694404602
vt 0.7326955795288086 0.5572048425674438
vt 0.7213860750198364 0.5688049793243408
vt 0.7149408459663391 0.5929619669914246
vt 0.7398704886436462 0.6001372933387756
vt 0.7520312666893005 0.5929619669914246
vt 0.7635840177536011 0.5865041613578796
vt 0.7712453007698059 0.5621079802513123
vt 0.7600573897361755 0.5513449907302856
vt 0.7413297891616821 0.5506274700164795
vt 0.7161568999290466 0.5472789406776428
vt 0.7039961218833923 0.556248128414154
vt 0.6920785307884216 0.5655760765075684
vt 0.7046041488647461 0.5783721208572388
vt 0.6929298043251038 0.5865041613578796
vt 0.6998614072799683 0.5319715738296509
vt 0.7109277844429016 0.5249158143997192
vt 0.6906192302703857 0.5123589634895325
vt 0.6822282671928406 0.513913631439209
vt 0.6840524077415466 0.49262678623199463
vt 0.6802825331687927 0.47361212968826294
vt 0.6886734962463379 0.4563913345336914
vt 0.695726752281189 0.45806556940078735
vt 0.7030232548713684 0.4598594009876251
vt 0.7138463258743286 0.4426385760307312
vt 0.7166433334350586 0.4245806336402893
vt 0.7232101559638977 0.41058874130249023
vt 0.7350061535835266 0.4201558530330658
vt 0.7499639391899109 0.43510448932647705
vt 0.7483830451965332 0.4542387127876282
vt 0.7667458057403564 0.4586635231971741
vt 0.7866895198822021 0.4646429717540741
vt 0.8055387735366821 0.47456884384155273
vt 0.8191588521003723 0.48533186316490173
vt 0.828157901763916 0.4945402145385742
vt 0.835697591304779 0.5041073560714722
vt 0.8448181748390198 0.5173817276954651
vt 0.8571005463600159 0.5355592370033264
vt 0.8592895269393921 0.570957601070404
vt 0.8277930617332458 0.5787308812141418
vt 0.8417779803276062 0.5549326539039612
vt 0.8277930617332458 0.539146900177002
vt 0.8118624091148376 0.5659348368644714
vt 0.8135648965835571 0.6012135744094849
vt 0.79143226146698 0.6101827621459961
vt 0.7817035913467407 0.6169993281364441
vt 0.7737991213798523 0.6239355206489563
vt 0.761759877204895 0.6086280941963196
vt 0.7521528601646423 0.6159230470657349
vt 0.7271016240119934 0.6088672876358032
vt 0.7041177153587341 0.6010940074920654
vt 0.6829579472541809 0.5945166349411011
vt 0.6717699766159058 0.5819597840309143
vt 0.662649393081665 0.5896134376525879
vt 0.6521911025047302 0.5769370198249817
vt 0.6434352993965149 0.5838732123374939
vt 0.7723398208618164 0.6020507216453552
vt 0.7922835350036621 0.5922444462776184
vt 0.7804875373840332 0.5753823518753052
vt 0.8010392785072327 0.553856372833252
vt 0.7927699685096741 0.5434520840644836
vt 0.7852302193641663 0.5344829559326172
vt 0.7564091682434082 0.5390273332595825
vt 0.7311146855354309 0.539146900177002
vt 0.7228453159332275 0.5134352445602417
vt 0.7003478407859802 0.5086517333984375
vt 0.6906192302703857 0.49274638295173645
vt 0.6879438757896423 0.4748080372810364
vt 0.6943890452384949 0.4760039150714874
vt 0.6984021067619324 0.4923876225948334
vt 0.7011991143226624 0.47755858302116394
vt 0.7063066363334656 0.491550475358963
vt 0.711778998374939 0.5013567805290222
vt 0.7099549174308777 0.48054829239845276
vt 0.7211428284645081 0.4872452914714813
vt 0.7266151905059814 0.467991441488266
vt 0.7127518653869629 0.46284914016723633
vt 0.730141818523407 0.4484984576702118
vt 0.7335468530654907 0.43163639307022095
vt 0.7436403036117554 0.47504720091819763
vt 0.7613950967788696 0.48198336362838745
vt 0.7790282368659973 0.49035459756851196
vt 0.7936211824417114 0.5007588267326355
vt 0.8035930395126343 0.5106847286224365
vt 0.8111327290534973 0.5188167691230774
vt 0.818307638168335 0.5274271965026855
vt 0.7774473428726196 0.5245570540428162
vt 0.7665026187896729 0.5134352445602417
vt 0.7539770007133484 0.5274271965026855
vt 0.7390192151069641 0.5231219530105591
vt 0.7511799931526184 0.504346489906311
vt 0.7352493405342102 0.49573609232902527
vt 0.1872837096452713 0.22690002620220184
vt 0.20820029079914093 0.26600563526153564
vt 0.21865858137607574 0.28549864888191223
vt 0.21732088923454285 0.31192779541015625
vt 0.22948168218135834 0.3053504228591919
vt 0.2405480146408081 0.32568055391311646
vt 0.22790078818798065 0.33249711990356445
vt 0.21586158871650696 0.33871573209762573
vt 0.2033359706401825 0.3448147773742676
vt 0.1899590939283371 0.3504354655742645
vt 0.199079692363739 0.3727986216545105
vt 0.21367265284061432 0.36657997965812683
vt 0.22692792117595673 0.35988301038742065
vt 0.2393319308757782 0.3531860113143921
vt 0.25197917222976685 0.3463694453239441
vt 0.2642615735530853 0.3678954541683197
vt 0.26669374108314514 0.3967164158821106
vt 0.284448504447937 0.419199138879776
vt 0.26924750208854675 0.4270920157432556
vt 0.2536816895008087 0.4034133851528168
vt 0.25173595547676086 0.37459245324134827
vt 0.2393319308757782 0.38128942251205444
vt 0.2377510368824005 0.41070830821990967
vt 0.2511278986930847 0.4339085817337036
vt 0.2632887065410614 0.45746761560440063
vt 0.22498218715190887 0.3884647786617279
vt 0.23908871412277222 0.46189242601394653
vt 0.22972489893436432 0.43988803029060364
vt 0.21902340650558472 0.4177640676498413
vt 0.2086867243051529 0.3952813446521759
vt 0.7050905823707581 0.981147825717926
vt 0.7341548800468445 0.9815066456794739
vt 0.7302634119987488 0.9712219834327698
vt 0.7616382837295532 0.9751684069633484
vt 0.756044328212738 0.9652425050735474
vt 0.780122697353363 0.9551970362663269
vt 0.7866895198822021 0.9644054174423218
vt 0.6064664721488953 0.8096572160720825
vt 0.6240996718406677 0.8246058225631714
vt 0.6358956098556519 0.7937518954277039
vt 0.6430705189704895 0.8429029583930969
vt 0.6271398663520813 0.8741157054901123
vt 0.6642302870750427 0.8601238131523132
vt 0.6755398511886597 0.8352492451667786
vt 0.6570554375648499 0.8156366944313049
vt 0.6884303092956543 0.8145603537559509
vt 0.6726212501525879 0.7950673699378967
vt 0.5934544205665588 0.8280739188194275
vt 0.6101147532463074 0.8467298150062561
vt 0.6954835653305054 0.8504371047019958
vt 0.6861197352409363 0.8735177516937256
vt 0.6547448635101318 0.8882272243499756
vt 0.6485428810119629 0.9171677231788635
vt 0.6247076988220215 0.9101119637489319
vt 0.6451378464698792 0.9427598118782043
vt 0.6755398511886597 0.9260173439979553
vt 0.6794312596321106 0.8997077345848083
vt 0.6997398138046265 0.9325947165489197
vt 0.7004694938659668 0.90676349401474
vt 0.7056986093521118 0.8817694187164307
vt 0.7142111659049988 0.8602433800697327
vt 0.7227237224578857 0.8402720093727112
vt 0.70557701587677 0.8299873471260071
vt 0.7314795255661011 0.8204202651977539
vt 0.7162784934043884 0.8102551698684692
vt 0.7297769784927368 0.866820752620697
vt 0.7378031015396118 0.8469690084457397
vt 0.7211428284645081 0.8876292705535889
vt 0.716400146484375 0.9109491109848022
vt 0.7187106609344482 0.9355844259262085
vt 0.7010775208473206 0.9547187089920044
vt 0.6735941171646118 0.9488587975502014
vt 0.6733508706092834 0.9652425050735474
vt 0.7030232548713684 0.9706240296363831
vt 0.7245478630065918 0.9566320776939392
vt 0.7478966116905212 0.9529248476028442
vt 0.7397488355636597 0.9353452920913696
vt 0.7361006140708923 0.9139388203620911
vt 0.7396272420883179 0.8932499289512634
vt 0.7477749586105347 0.8735177516937256
vt 0.7559227347373962 0.8551010489463806
vt 0.7644352912902832 0.8388369679450989
vt 0.7464373111724854 0.8284326791763306
vt 0.7750151753425598 0.8254429697990417
vt 0.758354902267456 0.8136036396026611
vt 0.7770825028419495 0.8652660846710205
vt 0.7858383059501648 0.8504371047019958
vt 0.7682051062583923 0.881530225276947
vt 0.7613950967788696 0.8980334997177124
vt 0.7605438232421875 0.9144172072410583
vt 0.7778121829032898 0.9000664949417114
vt 0.7869327664375305 0.8897818326950073
vt 0.7649217247962952 0.9311596751213074
vt 0.783406138420105 0.9102315902709961
vt 0.8014041185379028 0.8998273611068726
vt 0.7725830078125 0.9444340467453003
vt 0.780122697353363 0.9551970362663269
vt 0.756044328212738 0.9652425050735474
vt 0.7616382837295532 0.9751684069633484
vt 0.7302634119987488 0.9712219834327698
vt 0.7341548800468445 0.9815066456794739
vt 0.7050905823707581 0.981147825717926
vt 0.673958957195282 0.9757663607597351
vt 0.6431921124458313 0.9609373211860657
vt 0.6136413812637329 0.9573496580123901
vt 0.6428272724151611 0.9731354117393494
vt 0.6104795336723328 0.9711023569107056
vt 0.578253448009491 0.9612960815429688
vt 0.5849418640136719 0.9471845626831055
vt 0.5580664873123169 0.9302029609680176
vt 0.5494323372840881 0.9449123740196228
vt 0.5328936576843262 0.9125037789344788
vt 0.524502694606781 0.9269740581512451
vt 0.5018836259841919 0.910470724105835
vt 0.5102745890617371 0.8958808779716492
vt 0.48911476135253906 0.8824869394302368
vt 0.4819398820400238 0.8952829241752625
vt 0.463212251663208 0.8830848932266235
vt 0.47026553750038147 0.8723218441009521
vt 0.4498353898525238 0.8628743290901184
vt 0.44132283329963684 0.8719630837440491
vt 0.4256353974342346 0.8473277688026428
vt 0.4155419170856476 0.8553402423858643
vt 0.3910987079143524 0.8335750102996826
vt 0.40265148878097534 0.824845016002655
vt 0.38404545187950134 0.804395318031311
vt 0.3715198338031769 0.8132448792457581
vt 0.3676283657550812 0.7868157029151917
vt 0.3561972379684448 0.7948281764984131
vt 0.33990174531936646 0.776052713394165
vt 0.3496303856372833 0.7685186266899109
vt 0.32688969373703003 0.7474709749221802
vt 0.31837713718414307 0.755603015422821
vt 0.3043922185897827 0.7231943607330322
vt 0.2949067950248718 0.7314460277557373
vt 0.27301734685897827 0.7054951786994934
vt 0.28554296493530273 0.696526050567627
vt 0.26900428533554077 0.6708143949508667
vt 0.25356006622314453 0.6800227761268616
vt 0.25295203924179077 0.6465378403663635
vt 0.23495404422283173 0.6556265950202942
vt 0.2180505394935608 0.6321871280670166
vt 0.23896710574626923 0.6233375668525696
vt 0.22802239656448364 0.6006156802177429
vt 0.20491686463356018 0.6073126196861267
vt 0.21950982511043549 0.5769370198249817
vt 0.19494502246379852 0.5813618302345276
vt 0.21330782771110535 0.5520625114440918
vt 0.18764853477478027 0.5546934604644775
vt 0.1819329559803009 0.5293406248092651
vt 0.20820029079914093 0.5279055237770081
vt 0.17487969994544983 0.5079341530799866
vt 0.20248471200466156 0.5063795447349548
vt 0.16624553501605988 0.49083295464515686
vt 0.19640430808067322 0.48784321546554565
vt 0.15846261382102966 0.4738513231277466
vt 0.7866895198822021 0.9644054174423218
vt 0.2272927463054657 0.5044661164283752
vt 0.15226060152053833 0.45567378401756287
vt 0.1819329559803009 0.44981393218040466
vt 0.18886461853981018 0.4694265127182007
vt 0.22133395075798035 0.4852122664451599
vt 0.14824753999710083 0.43510448932647705
vt 0.17548774182796478 0.429125040769577
vt 0.20674099028110504 0.44491076469421387
vt 0.21440230309963226 0.46583884954452515
vt 0.24553394317626953 0.4828204810619354
vt 0.23908871412277222 0.46189242601394653
vt 0.22972489893436432 0.43988803029060364
vt 0.19859325885772705 0.4235043525695801
vt 0.21902340650558472 0.4177640676498413
vt 0.2511278986930847 0.4339085817337036
vt 0.2632887065410614 0.45746761560440063
vt 0.2710716128349304 0.4798307716846466
vt 0.2752062976360321 0.5005196332931519
vt 0.250276654958725 0.5026722550392151
vt 0.25343847274780273 0.5225240588188171
vt 0.23191384971141815 0.525513768196106
vt 0.23592691123485565 0.5479965209960938
vt 0.24152088165283203 0.5710771679878235
vt 0.24845252931118011 0.5933207273483276
vt 0.2568434774875641 0.6152055263519287
vt 0.26778820157051086 0.6385253667831421
vt 0.2818947434425354 0.6636390686035156
vt 0.2979469895362854 0.6894702911376953
vt 0.3155801594257355 0.7156602740287781
vt 0.3368615508079529 0.7401760220527649
vt 0.35984545946121216 0.7606257200241089
vt 0.37991079688072205 0.7782053351402283
vt 0.3737087845802307 0.7512977719306946
vt 0.3512113094329834 0.7310872673988342
vt 0.33065953850746155 0.7069302797317505
vt 0.31205353140830994 0.681816577911377
vt 0.29587966203689575 0.6557461619377136
vt 0.28371885418891907 0.6297953724861145
vt 0.2755711078643799 0.6059971451759338
vt 0.26924750208854675 0.5843515396118164
vt 0.2629238963127136 0.5636626482009888
vt 0.25732991099357605 0.5432129502296448
vt 0.2820163369178772 0.5355592370033264
vt 0.3541298806667328 0.6932971477508545
vt 0.3285922110080719 0.6699772477149963
vt 0.2782464921474457 0.5185775756835938
vt 0.3034193515777588 0.49621444940567017
vt 0.30670276284217834 0.5112826824188232
vt 0.31035101413726807 0.5253942012786865
vt 0.28773191571235657 0.553856372833252
vt 0.29308268427848816 0.5735885500907898
vt 0.2977037727832794 0.5953537225723267
vt 0.3031761348247528 0.619749903678894
vt 0.3127831816673279 0.6455811262130737
vt 0.34391480684280396 0.6525172591209412
vt 0.36288565397262573 0.6662700176239014
vt 0.38684242963790894 0.6941342353820801
vt 0.37310072779655457 0.7211613655090332
vt 0.3940173089504242 0.7412523031234741
vt 0.39474695920944214 0.7693557143211365
vt 0.3976655602455139 0.7960240840911865
vt 0.4163931906223297 0.8175501227378845
vt 0.439377099275589 0.8377606272697449
vt 0.4621177911758423 0.850078284740448
vt 0.48011577129364014 0.8564165234565735
vt 0.49847859144210815 0.8662227988243103
vt 0.519273579120636 0.8805735111236572
vt 0.5417710542678833 0.8975551128387451
vt 0.566943883895874 0.9152542948722839
vt 0.5944272875785828 0.9297245740890503
vt 0.6193569302558899 0.9372586607933044
vt 0.6017237901687622 0.9066439270973206
vt 0.6019669771194458 0.880453884601593
vt 0.5916303396224976 0.8589279055595398
vt 0.5816584825515747 0.8823673129081726
vt 0.5752132534980774 0.8976747393608093
vt 0.5522293448448181 0.8826065063476562
vt 0.5688896179199219 0.8689733743667603
vt 0.5321639776229858 0.8652660846710205
vt 0.5138012170791626 0.8486432433128357
vt 0.4962896406650543 0.8365647792816162
vt 0.4791429042816162 0.8293893933296204
vt 0.5184223055839539 0.8185068368911743
vt 0.535325825214386 0.8346513509750366
vt 0.5519860982894897 0.8521113395690918
vt 0.575456440448761 0.8411091566085815
vt 0.5756996870040894 0.8106139302253723
vt 0.5584313273429871 0.8232903480529785
vt 0.5406765341758728 0.8055912256240845
vt 0.5005459189414978 0.806069552898407
vt 0.4764675498008728 0.7942302227020264
vt 0.5220705270767212 0.7892075181007385
vt 0.4577398896217346 0.8222140669822693
vt 0.43317508697509766 0.8083417415618896
vt 0.4140826463699341 0.7881311774253845
vt 0.44813287258148193 0.7963828444480896
vt 0.4348776042461395 0.7792816162109375
vt 0.4154203236103058 0.7597886323928833
vt 0.46017205715179443 0.7668443918228149
vt 0.4191901683807373 0.731685221195221
vt 0.44010674953460693 0.7484276294708252
vt 0.39997610449790955 0.713627278804779
vt 0.439133882522583 0.720443844795227
vt 0.335645467042923 0.5020743012428284
vt 0.3390505015850067 0.5161858201026917
vt 0.4204062521457672 0.7052560448646545
vt 0.4059349000453949 0.693775475025177
vt 0.3873288631439209 0.6735649704933167
vt 0.37358716130256653 0.6442656517028809
vt 0.3605751097202301 0.6325458884239197
vt 0.3311459720134735 0.6329047083854675
vt 0.32421430945396423 0.6099435687065125
vt 0.32141733169555664 0.5860257744789124
vt 0.3194715976715088 0.5636626482009888
vt 0.3155801594257355 0.5434520840644836
vt 0.3433067798614502 0.5349612832069397
vt 0.34573894739151 0.556248128414154
vt 0.34573894739151 0.5792092084884644
vt 0.34695500135421753 0.6007352471351624
vt 0.35181933641433716 0.618314802646637
vt 0.37699219584465027 0.6016919612884521
vt 0.3716414272785187 0.5897330641746521
vt 0.3684796392917633 0.5723926424980164
vt 0.3687228560447693 0.5508666038513184
vt 0.36811479926109314 0.5296993851661682
vt 0.3643449544906616 0.5102063417434692
vt 0.3608183264732361 0.4943010210990906
vt 0.3844102919101715 0.5649781227111816
vt 0.3887881636619568 0.5478768944740295
vt 0.38951781392097473 0.5261117219924927
vt 0.38246455788612366 0.5060207843780518
vt 0.3749248683452606 0.49274638295173645
vt 0.4061781167984009 0.5479965209960938
vt 0.3938957154750824 0.5720338821411133
vt 0.40374594926834106 0.5778937339782715
vt 0.4168796241283417 0.583155632019043
vt 0.3833158016204834 0.6110199093818665
vt 0.3902474641799927 0.6228591799736023
vt 0.4019218385219574 0.6344593167304993
vt 0.3926796317100525 0.6539523601531982
vt 0.41067761182785034 0.6809794902801514
vt 0.4329318702220917 0.6918620467185974
vt 0.4514162838459015 0.702266275882721
vt 0.45725348591804504 0.7319243550300598
vt 0.4793861210346222 0.7440028786659241
vt 0.5015187859535217 0.7722258567810059
vt 0.5377579927444458 0.7762919068336487
vt 0.5569720268249512 0.7927951812744141
vt 0.5877388715744019 0.7949478030204773
vt 0.6144925951957703 0.7878920435905457
vt 0.6168031692504883 0.7679206728935242
vt 0.5967378616333008 0.7774878144264221
vt 0.5784966349601746 0.7630175352096558
vt 0.5688896179199219 0.7784444689750671
vt 0.5500403642654419 0.762419581413269
vt 0.5602554678916931 0.7486668229103088
vt 0.5675519108772278 0.7375450730323792
vt 0.5854282975196838 0.750460684299469
vt 0.6025750041007996 0.7619411945343018
vt 0.6168031692504883 0.7566792964935303
vt 0.6307880878448486 0.7660072445869446
vt 0.6476916074752808 0.755603015422821
vt 0.6583930850028992 0.7752155661582947
vt 0.6745669841766357 0.7605061531066895
vt 0.687214195728302 0.7794011831283569
vt 0.7010775208473206 0.7967416048049927
vt 0.7294121980667114 0.7929147481918335
vt 0.7437618970870972 0.8034386038780212
vt 0.7735558748245239 0.7998509407043457
vt 0.4189469516277313 0.5464418530464172
vt 0.6073177456855774 0.7510586380958557
vt 0.7600573897361755 0.7880116105079651
vt 0.7458292841911316 0.776052713394165
vt 0.77538001537323 0.7727042436599731
vt 0.78863525390625 0.7857394218444824
vt 0.8014041185379028 0.7994921803474426
vt 0.7879056334495544 0.8125273585319519
vt 0.8040794730186462 0.8246058225631714
vt 0.7945940494537354 0.8374018669128418
vt 0.8153890371322632 0.8474473357200623
vt 0.8072413206100464 0.8610804677009583
vt 0.7977558970451355 0.8756703734397888
vt 0.8158754706382751 0.8859550356864929
vt 0.8268201947212219 0.8706476092338562
vt 0.8438453078269958 0.8781816959381104
vt 0.8350895047187805 0.8564165234565735
vt 0.8127136826515198 0.9110686779022217
vt 0.830590009689331 0.8952829241752625
vt 0.790459394454956 0.9227884411811829
vt 0.7978774905204773 0.9343885779380798
vt 0.8046875 0.9431185722351074
vt 0.8112543821334839 0.9514898061752319
vt 0.835697591304779 0.9353452920913696
vt 0.8290091156959534 0.9284090995788574
vt 0.8217126727104187 0.9206358194351196
vt 0.8420211672782898 0.903056263923645
vt 0.8508985638618469 0.9092748761177063
vt 0.8580734133720398 0.9139388203620911
vt 0.8754633665084839 0.8884663581848145
vt 0.8670724034309387 0.8858354091644287
vt 0.8760714530944824 0.8608413338661194
vt 0.857465386390686 0.8829652667045593
vt 0.8519930243492126 0.8625155687332153
vt 0.8861649036407471 0.8560577630996704
vt 0.8676804900169373 0.8445771932601929
vt 0.8652483224868774 0.8633527159690857
vt 0.8608704209327698 0.8486432433128357
vt 0.8535739183425903 0.8518721461296082
vt 0.8410483002662659 0.8446968197822571
vt 0.8473719358444214 0.8363255858421326
vt 0.8539387583732605 0.8293893933296204
vt 0.874004065990448 0.839195728302002
vt 0.8816654086112976 0.8313028216362
vt 0.8932181596755981 0.8433813452720642
vt 0.9143779277801514 0.8481648564338684
vt 0.9123106002807617 0.8397936820983887
vt 0.9312814474105835 0.8284326791763306
vt 0.9372402429580688 0.8346513509750366
vt 0.956454336643219 0.8165934085845947
vt 0.9481849670410156 0.810853123664856
vt 0.9613186120986938 0.7912405133247375
vt 0.9711688756942749 0.7959045171737671
vt 0.9813839793205261 0.7737805247306824
vt 0.9709256887435913 0.7703124284744263
vt 0.9886804223060608 0.7489060163497925
vt 0.9785869717597961 0.7469925880432129
vt 0.9847889542579651 0.720085084438324
vt 0.9936663508415222 0.7198458909988403
vt 0.9964633584022522 0.6904270052909851
vt 0.9881939888000488 0.6912640929222107
vt 0.9980442523956299 0.6619648337364197
vt 0.9898965358734131 0.6635194420814514
vt 0.9881939888000488 0.6373294591903687
vt 0.9971929788589478 0.6354160308837891
vt 0.991355836391449 0.6055188179016113
vt 0.9813839793205261 0.6079105734825134
vt 0.9828432202339172 0.5735885500907898
vt 0.9709256887435913 0.577415406703949
vt 0.9591296911239624 0.5505078434944153
vt 0.9726281762123108 0.5446479916572571
vt 0.9604673981666565 0.5213281512260437
vt 0.9467256665229797 0.5292209982872009
vt 0.9459960460662842 0.5026722550392151
vt 0.9338352084159851 0.5112826824188232
vt 0.921066403388977 0.4947793781757355
vt 0.9318894743919373 0.4870060980319977
vt 0.9194855093955994 0.47265541553497314
vt 0.9095136523246765 0.4782761037349701
vt 0.8977176547050476 0.45997899770736694
vt 0.9078111052513123 0.45507583022117615
vt 0.8921236991882324 0.4328323006629944
vt 0.8819085955619812 0.4392901062965393
vt 0.8704774379730225 0.41154545545578003
vt 0.8603839874267578 0.42087337374687195
vt 0.8376433253288269 0.4040113389492035
vt 0.8488312363624573 0.39396587014198303
vt 0.830590009689331 0.37698423862457275
vt 0.817821204662323 0.3858337998390198
vt 0.802255392074585 0.3669387400150299
vt 0.8147810101509094 0.3585675060749054
vt 0.7978774905204773 0.3384765684604645
vt 0.7865679264068604 0.34768491983413696
vt 0.7769609093666077 0.3194619119167328
vt 0.7674754858016968 0.32998573780059814
vt 0.7538554072380066 0.30271944403648376
vt 0.7701508402824402 0.3585675060749054
vt 0.7857166528701782 0.3771038055419922
vt 0.8035930395126343 0.3965968191623688
vt 0.827671468257904 0.41513311862945557
vt 0.8523578643798828 0.43127763271331787
vt 0.8723015785217285 0.447541743516922
vt 0.886651337146759 0.4661976099014282
vt 0.8978392481803894 0.484733909368515
vt 0.9091488122940063 0.5021939277648926
vt 0.9211879968643188 0.519055962562561
vt 0.9339568614959717 0.5362767577171326
vt 0.9474553465843201 0.556248128414154
vt 0.9613186120986938 0.581481397151947
vt 0.972993016242981 0.6107807159423828
vt 0.9798030257225037 0.6393625140190125
vt 0.9816271662712097 0.6648349761962891
vt 0.980046272277832 0.6919816732406616
vt 0.9760332107543945 0.7197263240814209
vt 0.9688583016395569 0.7448399662971497
vt 0.9603457450866699 0.7666051983833313
vt 0.9507387280464172 0.7860981822013855
vt 0.9388211369514465 0.8049932718276978
vt 0.9241065979003906 0.8219748735427856
vt 0.9121890068054199 0.8322595357894897
vt 0.9022171497344971 0.8302265405654907
vt 0.9142563343048096 0.8155170679092407
vt 0.9275116324424744 0.7984158396720886
vt 0.9388211369514465 0.7804775238037109
vt 0.9490362405776978 0.7621803879737854
vt 0.9585216641426086 0.7422090172767639
vt 0.9355377554893494 0.7559617757797241
vt 0.9252010583877563 0.772943377494812
vt 0.9661829471588135 0.7186499834060669
vt 0.9708040356636047 0.6923404335975647
vt 0.9545086026191711 0.7166169881820679
vt 0.9457527995109558 0.7379038333892822
vt 0.9204583168029785 0.7471121549606323
vt 0.801282525062561 0.7736609578132629
vt 0.8608704209327698 0.822812020778656
vt 0.972506582736969 0.6657916307449341
vt 0.9599809646606445 0.6922208070755005
vt 0.9470905065536499 0.6918620467185974
vt 0.9407668709754944 0.7130293250083923
vt 0.9310382604598999 0.7310872673988342
vt 0.9706824421882629 0.6410367488861084
vt 0.9642372131347656 0.6141291856765747
vt 0.9515900015830994 0.5866237282752991
vt 0.9354161024093628 0.5635430812835693
vt 0.9196071028709412 0.5450067520141602
vt 0.9057437777519226 0.5281447172164917
vt 0.8939477801322937 0.5109239220619202
vt 0.8831247091293335 0.49274638295173645
vt 0.8726664185523987 0.47516679763793945
vt 0.8608704209327698 0.45914188027381897
vt 0.844210147857666 0.4440736472606659
vt 0.8331437706947327 0.4626099467277527
vt 0.8201317191123962 0.42876625061035156
vt 0.8550332188606262 0.4876040518283844
vt 0.8455477952957153 0.4749276041984558
vt 0.8645186424255371 0.5031506419181824
vt 0.8753417730331421 0.5216869115829468
vt 0.8885970711708069 0.5401036143302917
vt 0.9048925042152405 0.5567265152931213
vt 0.8729096055030823 0.553856372833252
vt 0.8571005463600159 0.5355592370033264
vt 0.8448181748390198 0.5173817276954651
vt 0.835697591304779 0.5041073560714722
vt 0.828157901763916 0.4945402145385742
vt 0.8191588521003723 0.48533186316490173
vt 0.8141729235649109 0.44981393218040466
vt 0.7896081209182739 0.43952926993370056
vt 0.7883920669555664 0.4114258587360382
vt 0.7682051062583923 0.3869101107120514
vt 0.7522744536399841 0.3692109286785126
vt 0.7533689737319946 0.3430209457874298
vt 0.7444915771484375 0.3155154883861542
vt 0.7202915549278259 0.3043937087059021
vt 0.7311146855354309 0.288129597902298
vt 0.7063066363334656 0.2764098644256592
vt 0.6946322917938232 0.2950657606124878
vt 0.6800393462181091 0.26648399233818054
vt 0.6678785085678101 0.2866945266723633
vt 0.6407599449157715 0.27880164980888367
vt 0.6530423760414124 0.25763440132141113
vt 0.625437319278717 0.24926316738128662
vt 0.6140061616897583 0.27282220125198364
vt 0.5860363245010376 0.26947370171546936
vt 0.5967378616333008 0.24447961151599884
vt 0.5558775663375854 0.2693541347980499
vt 0.567430317401886 0.2432837188243866
vt 0.5386092066764832 0.24400125443935394
vt 0.5259619951248169 0.2750943899154663
vt 0.5123419165611267 0.24352289736270905
vt 0.49215495586395264 0.2847810983657837
vt 0.4875338673591614 0.23754344880580902
vt 0.5218273401260376 0.30558958649635315
vt 0.5506483912467957 0.2966204285621643
vt 0.5787398815155029 0.2939894497394562
vt 0.577280580997467 0.31874439120292664
vt 0.6047639846801758 0.29626163840293884
vt 0.5541750192642212 0.3219732940196991
vt 0.5270564556121826 0.33548682928085327
vt 0.49568161368370056 0.31838560104370117
vt 0.47427859902381897 0.3326167166233063
vt 0.48376402258872986 0.352827250957489
vt 0.500910758972168 0.34373849630355835
vt 0.49349266290664673 0.37208107113838196
vt 0.5058966875076294 0.3645469546318054
vt 0.5054102540016174 0.3913348913192749
vt 0.5145308375358582 0.3834420442581177
vt 0.5235298275947571 0.37590792775154114
vt 0.5229218006134033 0.35976341366767883
vt 0.5407981872558594 0.364427387714386
vt 0.5491890907287598 0.3478045165538788
vt 0.5643901228904724 0.3405095934867859
vt 0.558917760848999 0.35533860325813293
vt 0.5686463713645935 0.35402312874794006
vt 0.5805639624595642 0.3389549255371094
vt 0.5994132161140442 0.31982067227363586
vt 0.6306664943695068 0.2999688982963562
vt 0.6577850580215454 0.30558958649635315
vt 0.6846604347229004 0.3127649426460266
vt 0.7100765109062195 0.3210165798664093
vt 0.7331820130348206 0.3307032883167267
vt 0.7200483679771423 0.346010684967041
vt 0.7370734810829163 0.3561757504940033
vt 0.7357357740402222 0.3782997131347656
vt 0.72162926197052 0.3677758574485779
vt 0.7500855326652527 0.39396587014198303
vt 0.7204132080078125 0.388823539018631
vt 0.7621247172355652 0.41417640447616577
vt 0.7674754858016968 0.4363003671169281
vt 0.7866895198822021 0.4646429717540741
vt 0.8055387735366821 0.47456884384155273
vt 0.7936211824417114 0.5007588267326355
vt 0.8035930395126343 0.5106847286224365
vt 0.8111327290534973 0.5188167691230774
vt 0.818307638168335 0.5274271965026855
vt 0.8277930617332458 0.539146900177002
vt 0.8417779803276062 0.5549326539039612
vt 0.8118624091148376 0.5659348368644714
vt 0.8277930617332458 0.5787308812141418
vt 0.8592895269393921 0.570957601070404
vt 0.8010392785072327 0.553856372833252
vt 0.7927699685096741 0.5434520840644836
vt 0.7852302193641663 0.5344829559326172
vt 0.7774473428726196 0.5245570540428162
vt 0.7790282368659973 0.49035459756851196
vt 0.7665026187896729 0.5134352445602417
vt 0.7613950967788696 0.48198336362838745
vt 0.7667458057403564 0.4586635231971741
vt 0.7483830451965332 0.4542387127876282
vt 0.7499639391899109 0.43510448932647705
vt 0.7460724711418152 0.41788366436958313
vt 0.7347629070281982 0.4012607932090759
vt 0.7089820504188538 0.4014999568462372
vt 0.706549882888794 0.3805719017982483
vt 0.7350061535835266 0.4201558530330658
vt 0.7232101559638977 0.41058874130249023
vt 0.6963347792625427 0.395640105009079
vt 0.6931729912757874 0.3738749027252197
vt 0.706549882888794 0.35940465331077576
vt 0.6879438757896423 0.3518705368041992
vt 0.6992533802986145 0.33680233359336853
vt 0.6746885776519775 0.3293878138065338
vt 0.6486644744873047 0.3243650496006012
vt 0.6231268048286438 0.3214949369430542
vt 0.6187489032745361 0.34038999676704407
vt 0.5985619425773621 0.3395528793334961
vt 0.5983187556266785 0.352827250957489
vt 0.5816584825515747 0.3533056080341339
vt 0.5647549629211426 0.3751903772354126
vt 0.5539318323135376 0.37100476026535034
vt 0.5339881181716919 0.38619258999824524
vt 0.5257187485694885 0.4010215997695923
vt 0.5446895956993103 0.39898860454559326
vt 0.5563639998435974 0.4127413332462311
vt 0.5360554456710815 0.4166877865791321
vt 0.5183007121086121 0.40975162386894226
vt 0.4966544508934021 0.39898860454559326
vt 0.5292454361915588 0.4255373477935791
vt 0.5220705270767212 0.43366941809654236
vt 0.5097881555557251 0.4172857105731964
vt 0.5000594854354858 0.42589613795280457
vt 0.5454192757606506 0.431995153427124
vt 0.5569720268249512 0.453521192073822
vt 0.5652413964271545 0.4441932439804077
vt 0.5780102014541626 0.4354632496833801
vt 0.5746051669120789 0.40520721673965454
vt 0.5791046619415283 0.37291818857192993
vt 0.5972242951393127 0.37100476026535034
vt 0.6166815757751465 0.3537839651107788
vt 0.636260449886322 0.35653451085090637
vt 0.6410031318664551 0.3424229919910431
vt 0.6571770310401917 0.3609592914581299
vt 0.6647167205810547 0.346010684967041
vt 0.6338282823562622 0.37351614236831665
vt 0.6157087087631226 0.37160271406173706
vt 0.5957649946212769 0.40090203285217285
vt 0.5989267826080322 0.4304405152797699
vt 0.5879820585250854 0.45914188027381897
vt 0.5780102014541626 0.46679556369781494
vt 0.6230051517486572 0.4294838011264801
vt 0.6276262998580933 0.45268407464027405
vt 0.6047639846801758 0.4538799524307251
vt 0.612668514251709 0.4744492471218109
vt 0.6008725166320801 0.47959157824516296
vt 0.5929679870605469 0.48592981696128845
vt 0.617411196231842 0.4001844823360443
vt 0.6355308294296265 0.40030407905578613
vt 0.6436785459518433 0.4290054440498352
vt 0.6501237750053406 0.45316243171691895
vt 0.6312745213508606 0.47217705845832825
vt 0.6228835582733154 0.4948989748954773
vt 0.6144925951957703 0.49968254566192627
vt 0.6081690192222595 0.5048248767852783
vt 0.5871308445930481 0.49214842915534973
vt 0.5712001919746399 0.4738513231277466
vt 0.5511348247528076 0.4600985646247864
vt 0.5393388867378235 0.44096434116363525
vt 0.5332584977149963 0.44921597838401794
vt 0.513679563999176 0.4431169331073761
vt 0.48935797810554504 0.43653956055641174
vt 0.48656100034713745 0.4074794054031372
vt 0.4751298427581787 0.4182424247264862
vt 0.47306251525878906 0.38918229937553406
vt 0.4835208058357239 0.38033270835876465
vt 0.4713599979877472 0.3620356023311615
vt 0.4590775966644287 0.34421682357788086
vt 0.4602936804294586 0.3722006678581238
vt 0.44813287258148193 0.3845183253288269
vt 0.446916788816452 0.3552190363407135
vt 0.46138814091682434 0.4010215997695923
vt 0.46102333068847656 0.4324735105037689
vt 0.4754946827888489 0.44981393218040466
vt 0.48899316787719727 0.46823063492774963
vt 0.5027348399162292 0.4542387127876282
vt 0.5146524310112 0.4709811806678772
vt 0.5255971550941467 0.4589026868343353
vt 0.5366634726524353 0.47552555799484253
vt 0.5451760292053223 0.46679556369781494
vt 0.5592826008796692 0.48533186316490173
vt 0.5656061768531799 0.47959157824516296
vt 0.5816584825515747 0.49812787771224976
vt 0.6029398441314697 0.5099672079086304
vt 0.6175327897071838 0.5287426710128784
vt 0.6230051517486572 0.5240786671638489
vt 0.6285991668701172 0.5192951560020447
vt 0.5496755242347717 0.4934639036655426
vt 0.5660926103591919 0.5123589634895325
vt 0.5752132534980774 0.5044661164283752
vt 0.5902926325798035 0.5231219530105591
vt 0.5973458886146545 0.515946626663208
vt 0.6025750041007996 0.5416582822799683
vt 0.6112092137336731 0.5342437624931335
vt 0.5801991820335388 0.5314931869506836
vt 0.566943883895874 0.5410603284835815
vt 0.5901710391044617 0.551105797290802
vt 0.5756996870040894 0.561031699180603
vt 0.5989267826080322 0.5710771679878235
vt 0.6125468611717224 0.5601945519447327
vt 0.6228835582733154 0.5526604652404785
vt 0.6304232478141785 0.5471593737602234
vt 0.6366252899169922 0.5421366095542908
vt 0.6423408389091492 0.5366355180740356
vt 0.6490293145179749 0.530656099319458
vt 0.6354091763496399 0.5143919587135315
vt 0.6448945999145508 0.5085321068763733
vt 0.6363820433616638 0.49119171500205994
vt 0.6537719964981079 0.48939788341522217
vt 0.6524342894554138 0.4725358486175537
vt 0.6697026491165161 0.47325336933135986
vt 0.6680001616477966 0.45364075899124146
vt 0.6611900925636292 0.42924460768699646
vt 0.653285562992096 0.4022175073623657
vt 0.6526775360107422 0.37794092297554016
vt 0.6772423386573792 0.367297500371933
vt 0.6846604347229004 0.39085653424263
vt 0.6707971096038818 0.3849966824054718
vt 0.6701890826225281 0.4068814814090729
vt 0.6825931072235107 0.41106709837913513
vt 0.6925649642944336 0.41465476155281067
vt 0.7033880352973938 0.4187207818031311
vt 0.7166433334350586 0.4245806336402893
vt 0.7335468530654907 0.43163639307022095
vt 0.730141818523407 0.4484984576702118
vt 0.7138463258743286 0.4426385760307312
vt 0.7024152278900146 0.43905091285705566
vt 0.6936594247817993 0.43653956055641174
vt 0.6855117082595825 0.43414777517318726
vt 0.6752966046333313 0.43163639307022095
vt 0.6799176931381226 0.4548366665840149
vt 0.6802825331687927 0.47361212968826294
vt 0.6886734962463379 0.4563913345336914
vt 0.695726752281189 0.45806556940078735
vt 0.7030232548713684 0.4598594009876251
vt 0.7127518653869629 0.46284914016723633
vt 0.7266151905059814 0.467991441488266
vt 0.7436403036117554 0.47504720091819763
vt 0.7352493405342102 0.49573609232902527
vt 0.7511799931526184 0.504346489906311
vt 0.7390192151069641 0.5231219530105591
vt 0.7539770007133484 0.5274271965026855
vt 0.7564091682434082 0.5390273332595825
vt 0.7311146855354309 0.539146900177002
vt 0.7228453159332275 0.5134352445602417
vt 0.7600573897361755 0.5513449907302856
vt 0.7413297891616821 0.5506274700164795
vt 0.7326955795288086 0.5572048425674438
vt 0.7161568999290466 0.5472789406776428
vt 0.7109277844429016 0.5249158143997192
vt 0.7003478407859802 0.5086517333984375
vt 0.711778998374939 0.5013567805290222
vt 0.7211428284645081 0.4872452914714813
vt 0.7063066363334656 0.491550475358963
vt 0.7099549174308777 0.48054829239845276
vt 0.7011991143226624 0.47755858302116394
vt 0.6984021067619324 0.4923876225948334
vt 0.6906192302703857 0.49274638295173645
vt 0.6906192302703857 0.5123589634895325
vt 0.6998614072799683 0.5319715738296509
vt 0.6943890452384949 0.4760039150714874
vt 0.6879438757896423 0.4748080372810364
vt 0.6840524077415466 0.49262678623199463
vt 0.6822282671928406 0.513913631439209
vt 0.6859981417655945 0.5387881398200989
vt 0.7039961218833923 0.556248128414154
vt 0.7213860750198364 0.5688049793243408
vt 0.6920785307884216 0.5655760765075684
vt 0.6771207451820374 0.5532584190368652
vt 0.6627709865570068 0.5428541898727417
vt 0.6694594025611877 0.5313736200332642
vt 0.6738373041152954 0.5125981569290161
vt 0.6772423386573792 0.4920288324356079
vt 0.6682433485984802 0.4905937612056732
vt 0.6548664569854736 0.5024330615997314
vt 0.6566905975341797 0.5221652984619141
vt 0.6642302870750427 0.5080537796020508
vt 0.6558393239974976 0.5505078434944153
vt 0.6489076614379883 0.5569656491279602
vt 0.6417328119277954 0.563064694404602
vt 0.6607036590576172 0.56988126039505
vt 0.668851375579834 0.5621079802513123
vt 0.6816202402114868 0.5738277435302734
vt 0.7046041488647461 0.5783721208572388
vt 0.7149408459663391 0.5929619669914246
vt 0.7294121980667114 0.5849494934082031
vt 0.7369518876075745 0.5694029331207275
vt 0.7455860376358032 0.563064694404602
vt 0.7712453007698059 0.5621079802513123
vt 0.7804875373840332 0.5753823518753052
vt 0.7922835350036621 0.5922444462776184
vt 0.7635840177536011 0.5865041613578796
vt 0.7548282742500305 0.5727514028549194
vt 0.7431538701057434 0.5788504481315613
vt 0.6929298043251038 0.5865041613578796
vt 0.7520312666893005 0.5929619669914246
vt 0.7723398208618164 0.6020507216453552
vt 0.79143226146698 0.6101827621459961
vt 0.8135648965835571 0.6012135744094849
vt 0.8321709632873535 0.6111394762992859
vt 0.8461558818817139 0.5915268659591675
vt 0.8652483224868774 0.6038445830345154
vt 0.878625214099884 0.5860257744789124
vt 0.8839759230613708 0.6174777150154114
vt 0.8978392481803894 0.6013332009315491
vt 0.9149859547615051 0.6180756688117981
vt 0.8915156126022339 0.570598840713501
vt 0.9231337308883667 0.5734689235687256
vt 0.9408884644508362 0.5937990546226501
vt 0.9540221691131592 0.6187931895256042
vt 0.9602241516113281 0.6433089375495911
vt 0.9618050456047058 0.6668679714202881
vt 0.9495226740837097 0.668183445930481
vt 0.947941780090332 0.6465378403663635
vt 0.9419829845428467 0.6257293224334717
vt 0.929092526435852 0.6043229103088379
vt 0.9108512997627258 0.5865041613578796
vt 0.9270251989364624 0.6363727450370789
vt 0.9331055879592896 0.6526368856430054
vt 0.935780942440033 0.6708143949508667
vt 0.9324975609779358 0.6905465722084045
vt 0.9237417578697205 0.6739237308502197
vt 0.9179045557975769 0.6631606817245483
vt 0.9109728932380676 0.6488100290298462
vt 0.9001498222351074 0.6325458884239197
vt 0.8855568766593933 0.6476141214370728
vt 0.8697478175163269 0.6338614225387573
vt 0.8513849973678589 0.6217828989028931
vt 0.8375216722488403 0.6385253667831421
vt 0.8192805051803589 0.6283603310585022
vt 0.8031066060066223 0.6184344291687012
vt 0.7947156429290771 0.6295561790466309
vt 0.7817035913467407 0.6169993281364441
vt 0.761759877204895 0.6086280941963196
vt 0.7398704886436462 0.6001372933387756
vt 0.7271016240119934 0.6088672876358032
vt 0.7414513826370239 0.6251314282417297
vt 0.7174946069717407 0.6167601943016052
vt 0.7041177153587341 0.6010940074920654
vt 0.6954835653305054 0.6082693338394165
vt 0.6829579472541809 0.5945166349411011
vt 0.6743237376213074 0.6020507216453552
vt 0.6717699766159058 0.5819597840309143
vt 0.662649393081665 0.5896134376525879
vt 0.6521911025047302 0.5769370198249817
vt 0.6333418488502502 0.5694029331207275
vt 0.6219106912612915 0.5775349736213684
vt 0.608047366142273 0.5902113914489746
vt 0.6330986618995667 0.5932011604309082
vt 0.6434352993965149 0.5838732123374939
vt 0.6543800234794617 0.5971475839614868
vt 0.6666624546051025 0.6099435687065125
vt 0.6575418710708618 0.6196302771568298
vt 0.644773006439209 0.6070734858512878
vt 0.6810122132301331 0.623457133769989
vt 0.6881870627403259 0.6158034801483154
vt 0.703752875328064 0.6309912800788879
vt 0.7101981043815613 0.6239355206489563
vt 0.7260071635246277 0.6405583620071411
vt 0.7326955795288086 0.6335026025772095
vt 0.7414513826370239 0.6570616364479065
vt 0.7482613921165466 0.6500059366226196
vt 0.7196835279464722 0.6476141214370728
vt 0.6966996192932129 0.6387645602226257
vt 0.6721348166465759 0.633024275302887
vt 0.6592443585395813 0.6462986469268799
vt 0.6446514129638672 0.6343397498130798
vt 0.6317609548568726 0.6220220923423767
vt 0.6196001768112183 0.6073126196861267
vt 0.6058584451675415 0.6232179999351501
vt 0.5946705341339111 0.6040837168693542
vt 0.5840905904769897 0.5826773047447205
vt 0.5613499283790588 0.5715555548667908
vt 0.5527157783508301 0.5525408983230591
vt 0.5427439212799072 0.5363963842391968
vt 0.5538102388381958 0.5231219530105591
vt 0.5328936576843262 0.5062599182128906
vt 0.5235298275947571 0.4872452914714813
vt 0.49884340167045593 0.48533186316490173
vt 0.4723328649997711 0.48341843485832214
vt 0.4602936804294586 0.465121328830719
vt 0.4458223283290863 0.44837886095046997
vt 0.4326886534690857 0.4621315896511078
vt 0.4459439218044281 0.47911322116851807
vt 0.45469969511032104 0.49752992391586304
vt 0.4377962052822113 0.5099672079086304
vt 0.4328102767467499 0.4899958372116089
vt 0.42150071263313293 0.4730142056941986
vt 0.42235198616981506 0.4964536428451538
vt 0.41991981863975525 0.5143919587135315
vt 0.43743136525154114 0.5403428077697754
vt 0.45968562364578247 0.5164250135421753
vt 0.4791429042816162 0.5004000663757324
vt 0.687214195728302 0.6482120752334595
vt 0.466009259223938 0.5301777124404907
vt 0.4523891508579254 0.5525408983230591
vt 0.4061781167984009 0.5221652984619141
vt 0.3940173089504242 0.49956294894218445
vt 0.3790595233440399 0.4764822721481323
vt 0.4028947055339813 0.4931051433086395
vt 0.4115288555622101 0.4836575984954834
vt 0.40155699849128723 0.4699048697948456
vt 0.3914635479450226 0.4714595377445221
vt 0.3806404173374176 0.44239941239356995
vt 0.3938957154750824 0.44730255007743835
vt 0.40775901079177856 0.4572284519672394
vt 0.4180957078933716 0.44491076469421387
vt 0.431350976228714 0.43175598978996277
vt 0.446916788816452 0.4162094295024872
vt 0.43341830372810364 0.39898860454559326
vt 0.43475598096847534 0.3668191730976105
vt 0.43220221996307373 0.3372806906700134
vt 0.44521427154541016 0.32615891098976135
vt 0.4630906581878662 0.3115690350532532
vt 0.4461871385574341 0.29339152574539185
vt 0.4672253131866455 0.2701912522315979
vt 0.4455791115760803 0.25619933009147644
vt 0.46284744143486023 0.22881345450878143
vt 0.4273379147052765 0.27629029750823975
vt 0.42916202545166016 0.30798137187957764
vt 0.4155419170856476 0.3189835548400879
vt 0.4035027325153351 0.32902902364730835
vt 0.42004141211509705 0.34756532311439514
vt 0.420527845621109 0.3796151876449585
vt 0.40411078929901123 0.39360710978507996
vt 0.41748765110969543 0.4136980473995209
vt 0.38659921288490295 0.4120238125324249
vt 0.40398916602134705 0.4285270869731903
vt 0.4058132767677307 0.3591654598712921
vt 0.388180136680603 0.37399449944496155
vt 0.38903138041496277 0.34206423163414
vt 0.386112779378891 0.31288450956344604
vt 0.39839521050453186 0.30164316296577454
vt 0.4114072620868683 0.29040178656578064
vt 0.40800222754478455 0.2608633041381836
vt 0.3936524987220764 0.27473562955856323
vt 0.38112685084342957 0.28657492995262146
vt 0.3688444495201111 0.2991317808628082
vt 0.35485953092575073 0.31527629494667053
vt 0.3715198338031769 0.32807230949401855
vt 0.33832085132598877 0.33596518635749817
vt 0.35340023040771484 0.3493591547012329
vt 0.3709118068218231 0.3606005311012268
vt 0.3549811542034149 0.3799739480018616
vt 0.37188464403152466 0.39001941680908203
vt 0.37200626730918884 0.414415568113327
vt 0.3616695702075958 0.4030546247959137
vt 0.346225380897522 0.39396587014198303
vt 0.3363751173019409 0.37112435698509216
vt 0.3205660879611969 0.3572520315647125
vt 0.3243359327316284 0.3204186260700226
vt 0.3391720950603485 0.3018823266029358
vt 0.3523057699203491 0.28609657287597656
vt 0.36410173773765564 0.2730613946914673
vt 0.37577611207962036 0.2607437074184418
vt 0.3883017301559448 0.2472301572561264
vt 0.42417609691619873 0.24244660139083862
vt 0.43840423226356506 0.2184092104434967
vt 0.4143258333206177 0.20800496637821198
vt 0.4020434319972992 0.23024852573871613
vt 0.380154013633728 0.21900714933872223
vt 0.39085549116134644 0.1987966150045395
vt 0.36787158250808716 0.19030579924583435
vt 0.35875099897384644 0.20848332345485687
vt 0.33722639083862305 0.19807907938957214
vt 0.34500929713249207 0.1816953867673874
vt 0.3217821717262268 0.1734437495470047
vt 0.3152153193950653 0.18791401386260986
vt 0.292717844247818 0.17798812687397003
vt 0.2979469895362854 0.1650725156068802
vt 0.2738686203956604 0.15741881728172302
vt 0.2697339355945587 0.16866017878055573
vt 0.24650681018829346 0.1598106026649475
vt 0.249790221452713 0.15060225129127502
vt 0.22680631279945374 0.14342691004276276
vt 0.22413094341754913 0.1509610116481781
vt 0.20382240414619446 0.14199183881282806
vt 0.2061329483985901 0.1357732117176056
vt 0.1872837096452713 0.12764115631580353
vt 0.18521638214588165 0.1324247121810913
vt 0.16709677875041962 0.12237924337387085
vt 0.16904251277446747 0.11843280494213104
vt 0.1512877494096756 0.10862650722265244
vt 0.14946362376213074 0.11161623150110245
vt 0.13292492926120758 0.09989651292562485
vt 0.13462744653224945 0.09738514572381973
vt 0.1193048432469368 0.08458911627531052
vt 0.11748071759939194 0.08662213385105133
vt 0.10276614874601364 0.07251062989234924
vt 0.1045902743935585 0.07047761976718903
vt 0.0899973139166832 0.05576816946268082
vt 0.08817319571971893 0.05768159404397011
vt 0.07285058498382568 0.04357009381055832
vt 0.07443148642778397 0.04165666922926903
vt 0.05837923288345337 0.028262700885534286
vt 0.05691993609070778 0.030056534335017204
vt 0.04074607044458389 0.016662567853927612
vt 0.0419621504843235 0.01486873161047697
vt 0.024450600147247314 0.003746954957023263
vt 0.0239641685038805 0.005660378839820623
vt 0.009492816403508186 0.0035077768843621016
vt 0.024207383394241333 0.0019531199941411614
vt 0.009736032225191593 0.002192297950387001
vt 0.004263672046363354 0.007812980562448502
vt 0.005722967907786369 0.00745421415194869
vt 0.00620940001681447 0.008530515246093273
vt 0.006574224215000868 0.007095446810126305
vt 0.009979248046875 0.004464488942176104
vt 0.02359934337437153 0.00745421415194869
vt 0.010830503888428211 0.005540790036320686
vt 0.00791191216558218 0.007095446810126305
vt 0.008033519610762596 0.00805215910077095
vt 0.006939047947525978 0.008291336707770824
vt 0.007668695878237486 0.009487226605415344
vt 0.0070606558583676815 0.009726405143737793
vt 0.01010085642337799 0.011879007332026958
vt 0.008519952185451984 0.009128459729254246
vt 0.0113169364631176 0.008650103583931923
vt 0.011681759729981422 0.0075738029554486275
vt 0.013262663967907429 0.0068562692031264305
vt 0.02226165682077408 0.011041884310543537
vt 0.023234520107507706 0.009367638267576694
vt 0.039529990404844284 0.01845640130341053
vt 0.05546063929796219 0.03185037150979042
vt 0.07114807516336441 0.045603103935718536
vt 0.08634907007217407 0.059714607894420624
vt 0.10106363892555237 0.07442405074834824
vt 0.11565659940242767 0.08877473324537277
vt 0.1311008185148239 0.10216870158910751
vt 0.14763949811458588 0.11448636651039124
vt 0.16490784287452698 0.1259669065475464
vt 0.18278421461582184 0.13696910440921783
vt 0.20114701986312866 0.1474929302930832
vt 0.22133395075798035 0.1577775925397873
vt 0.24298018217086792 0.16794265806674957
vt 0.26523444056510925 0.1783469021320343
vt 0.2870022654533386 0.1891099065542221
vt 0.30816206336021423 0.2003512680530548
vt 0.3287138044834137 0.21171222627162933
vt 0.3487791419029236 0.22319276630878448
vt 0.3204444646835327 0.22367112338542938
vt 0.3391720950603485 0.23574961721897125
vt 0.3686012327671051 0.23491248488426208
vt 0.3576565086841583 0.24794769287109375
vt 0.3298082947731018 0.2477085143327713
vt 0.3471982181072235 0.26014578342437744
vt 0.33601030707359314 0.2731809616088867
vt 0.31971481442451477 0.2599065899848938
vt 0.31205353140830994 0.23491248488426208
vt 0.2935691177845001 0.2218772917985916
vt 0.300987184047699 0.21147304773330688
vt 0.2809218764305115 0.1992749720811844
vt 0.26012691855430603 0.18731607496738434
vt 0.23884549736976624 0.17559634149074554
vt 0.2179289311170578 0.16399621963500977
vt 0.19835004210472107 0.15275484323501587
vt 0.18023045361042023 0.14127430319786072
vt 0.16271889209747314 0.12955458462238312
vt 0.14557217061519623 0.11735650151968002
vt 0.12927669286727905 0.10444089025259018
vt 0.1139540895819664 0.09080774337053299
vt 0.0992395207285881 0.07633747905492783
vt 0.0846465602517128 0.061628032475709915
vt 0.06956716626882553 0.04751652851700783
vt 0.0540013425052166 0.03364420682191849
vt 0.038313910365104675 0.020250236615538597
vt 0.036976225674152374 0.022044071927666664
vt 0.05254204943776131 0.035438038408756256
vt 0.06786465644836426 0.04942995309829712
vt 0.08282244205474854 0.06366104632616043
vt 0.09741540253162384 0.0781313106417656
vt 0.11212997138500214 0.09272117167711258
vt 0.12745258212089539 0.10671308636665344
vt 0.14350482821464539 0.12010705471038818
vt 0.16028673946857452 0.1329030692577362
vt 0.17743346095085144 0.14534033834934235
vt 0.1953098326921463 0.15753841400146484
vt 0.21428069472312927 0.1699756681919098
vt 0.23446761071681976 0.1827716827392578
vt 0.22972489893436432 0.18922948837280273
vt 0.25465455651283264 0.19568729400634766
vt 0.24893896281719208 0.20334099233150482
vt 0.27459827065467834 0.20872250199317932
vt 0.2857861816883087 0.23168358206748962
vt 0.303054541349411 0.24603426456451416
vt 0.308526873588562 0.27282220125198364
vt 0.32372787594795227 0.28789040446281433
vt 0.3102293908596039 0.3035565912723541
vt 0.29624447226524353 0.28597700595855713
vt 0.292961061000824 0.25715604424476624
vt 0.27703040838241577 0.2413703054189682
vt 0.26766660809516907 0.2174524962902069
vt 0.24273696541786194 0.21075551211833954
vt 0.2602485120296478 0.22582373023033142
vt 0.2669369578361511 0.2510569989681244
vt 0.28152990341186523 0.26839742064476013
vt 0.26912590861320496 0.27928000688552856
vt 0.2555058002471924 0.2608633041381836
vt 0.2514927387237549 0.234553724527359
vt 0.2353188693523407 0.21864838898181915
vt 0.2244957536458969 0.19580689072608948
vt 0.2060113400220871 0.18133662641048431
vt 0.21038922667503357 0.17559634149074554
vt 0.19190481305122375 0.16232196986675262
vt 0.17439326643943787 0.14928676187992096
vt 0.15761135518550873 0.13613197207450867
vt 0.14131589233875275 0.12273801118135452
vt 0.12550684809684753 0.10898527503013611
vt 0.11018423736095428 0.0947541818022728
vt 0.09546966850757599 0.08016432821750641
vt 0.08087671548128128 0.06557446718215942
vt 0.07905258983373642 0.06760747730731964
vt 0.0660405382514 0.05134337767958641
vt 0.10836011916399002 0.09678719937801361
vt 0.09352394193410873 0.0820777490735054
vt 0.10629278421401978 0.09882020950317383
vt 0.12343951314687729 0.11125746369361877
vt 0.12112896144390106 0.11352965980768204
vt 0.13888372480869293 0.12536896765232086
vt 0.15481437742710114 0.13936087489128113
vt 0.17098824679851532 0.15323320031166077
vt 0.15177418291568756 0.14247019588947296
vt 0.13632996380329132 0.1279999315738678
vt 0.11894001811742783 0.1158018484711647
vt 0.13365457952022552 0.13063088059425354
vt 0.1486123651266098 0.1455795019865036
vt 0.16369175910949707 0.1607673168182373
vt 0.1674616038799286 0.15706005692481995
vt 0.18801335990428925 0.1671055257320404
vt 0.2007821947336197 0.18743565678596497
vt 0.21829375624656677 0.20286263525485992
vt 0.22644148766994476 0.22678044438362122
vt 0.24127766489982605 0.24364249408245087
vt 0.2300897240638733 0.2522529065608978
vt 0.21695606410503387 0.23443414270877838
vt 0.21099726855754852 0.210157573223114
vt 0.19494502246379852 0.193415105342865
vt 0.18363547325134277 0.17200867831707
vt 0.17901436984539032 0.17667265236377716
vt 0.1886214017868042 0.1987966150045395
vt 0.2030927538871765 0.21673496067523956
vt 0.1950666308403015 0.2223556488752365
vt 0.18217617273330688 0.20346058905124664
vt 0.1740284413099289 0.18097785115242004
vt 0.15980030596256256 0.16435497999191284
vt 0.14545056223869324 0.1485692411661148
vt 0.1311008185148239 0.13314224779605865
vt 0.15578724443912506 0.16770347952842712
vt 0.16904251277446747 0.18492428958415985
vt 0.16393497586250305 0.18839237093925476
vt 0.15165257453918457 0.17081278562545776
vt 0.14228875935077667 0.151439368724823
vt 0.1285470426082611 0.13565361499786377
vt 0.1166294664144516 0.11795444786548615
vt 0.10215811431407928 0.10288623720407486
vt 0.10422544926404953 0.10085321962833405
vt 0.08963248878717422 0.08614377677440643
vt 0.09157821536064148 0.08411076664924622
vt 0.07710686326026917 0.06952090561389923
vt 0.06433802098035812 0.0532568022608757
vt 0.049380239099264145 0.03902570903301239
vt 0.050961144268512726 0.03723187372088432
vt 0.035760145634412766 0.023718317970633507
vt 0.021410400047898293 0.01271613035351038
vt 0.011438543908298016 0.009845994412899017
vt 0.012776232324540615 0.01152024045586586
vt 0.010952112264931202 0.011400651186704636
vt 0.018613416701555252 0.01738010160624981
vt 0.01982949674129486 0.015945032238960266
vt 0.020559143275022507 0.014270787127315998
vt 0.034422457218170166 0.02539256401360035
vt 0.04779933765530586 0.04081954434514046
vt 0.06251390278339386 0.05505063757300377
vt 0.0752827450633049 0.07143432646989822
vt 0.08768676221370697 0.08805719763040543
vt 0.10009077936410904 0.10491924732923508
vt 0.11444052308797836 0.12010705471038818
vt 0.12575006484985352 0.13804540038108826
vt 0.13900533318519592 0.15407033264636993
vt 0.13572192192077637 0.15670128166675568
vt 0.12307468801736832 0.1401980072259903
vt 0.11212997138500214 0.1221400648355484
vt 0.09814504534006119 0.10683267563581467
vt 0.08574103564023972 0.08997062593698502
vt 0.0713912844657898 0.0752611756324768
vt 0.07333701848983765 0.07334775477647781
vt 0.058865662664175034 0.05887748301029205
vt 0.060689784586429596 0.05696405842900276
vt 0.04609682410955429 0.042613379657268524
vt 0.032963160425424576 0.027066810056567192
vt 0.031625472009181976 0.028741056099534035
vt 0.017518943175673485 0.018575990572571754
vt 0.009371208027005196 0.012476951815187931
vt 0.008763168007135391 0.013194485567510128
vt 0.00620940001681447 0.010204761289060116
vt 0.005236535798758268 0.008889282122254372
vt 0.004385279957205057 0.013553253374993801
vt 0.0036556320264935493 0.015705855563282967
vt 0.007182263769209385 0.02622968703508377
vt 0.0019531199941411614 0.013314074836671352
vt 0.005358144175261259 0.026827631518244743
vt 0.0054797520861029625 0.013194485567510128
vt 0.010465679690241814 0.024196673184633255
vt 0.008884776383638382 0.0251533854752779
vt 0.006817440036684275 0.01367284171283245
vt 0.008884776383638382 0.01510791014879942
vt 0.015208392404019833 0.02108735963702202
vt 0.016424471512436867 0.01977188140153885
vt 0.030166175216436386 0.030295712873339653
vt 0.04451591894030571 0.04428762570023537
vt 0.05716315284371376 0.06067131832242012
vt 0.06956716626882553 0.07705501466989517
vt 0.08391690999269485 0.09176445752382278
vt 0.09607771039009094 0.10862650722265244
vt 0.10981941968202591 0.12417307496070862
vt 0.10750886052846909 0.1260865032672882
vt 0.0940103754401207 0.11053993552923203
vt 0.08184957504272461 0.09367788583040237
vt 0.06762143969535828 0.07896843552589417
vt 0.0553390309214592 0.06234556436538696
vt 0.041232503950595856 0.04763611778616905
vt 0.04281340911984444 0.04596187174320221
vt 0.028706880286335945 0.03185037150979042
vt 0.027247583493590355 0.03340502828359604
vt 0.013870703987777233 0.022402839735150337
vt 0.01216819230467081 0.02323996275663376
vt 0.039529990404844284 0.04919077455997467
vt 0.053514912724494934 0.0640198141336441
vt 0.025666680186986923 0.03484009578824043
vt 0.02408577688038349 0.03627516329288483
vt 0.02238326333463192 0.03771023079752922
vt 0.020802360028028488 0.03902570903301239
vt 0.019099848344922066 0.04034118726849556
vt 0.017397336661815643 0.04177625849843025
vt 0.01569482311606407 0.04309173673391342
vt 0.0038988480810076 0.02778434380888939
vt 0.03782748058438301 0.05086502060294151
vt 0.03077421523630619 0.05696405842900276
vt 0.028950095176696777 0.05851871520280838
vt 0.042326975613832474 0.07406529039144516
vt 0.04427270218729973 0.07239104062318802
vt 0.032598335295915604 0.055409401655197144
vt 0.034300848841667175 0.05397433415055275
vt 0.03612496703863144 0.05241967737674713
vt 0.05169079080224037 0.06581364572048187
vt 0.04986667260527611 0.06736830621957779
vt 0.048042550683021545 0.06904254853725433
vt 0.04609682410955429 0.07071679830551147
vt 0.061905864626169205 0.08423034846782684
vt 0.05996013432741165 0.08590459823608398
vt 0.06385159492492676 0.08243651688098907
vt 0.06579732149839401 0.0806426852941513
vt 0.07990384846925735 0.09547171741724014
vt 0.0779581218957901 0.09726555645465851
vt 0.07601239532232285 0.09905938804149628
vt 0.073945052921772 0.10085321962833405
vt 0.07199932634830475 0.10264705866575241
vt 0.0580144077539444 0.08769842982292175
vt 0.0699319913983345 0.10444089025259018
vt 0.05594707280397415 0.0893726795911789
vt 0.08549781888723373 0.1177152693271637
vt 0.0833088755607605 0.11950910836458206
vt 0.0953480675816536 0.13517527282238007
vt 0.0979018285870552 0.1333814263343811
vt 0.08768676221370697 0.11592143774032593
vt 0.10033398866653442 0.13158759474754333
vt 0.08975409716367722 0.11412759870290756
vt 0.108603335916996 0.14988471567630768
vt 0.11164353787899017 0.1480908840894699
vt 0.10544152557849884 0.15167854726314545
vt 0.11346765607595444 0.16913853585720062
vt 0.11735910922288895 0.16734470427036285
vt 0.12453398108482361 0.18528304994106293
vt 0.12951990962028503 0.18336963653564453
vt 0.130006343126297 0.20346058905124664
vt 0.12356112152338028 0.20501524209976196
vt 0.11954805254936218 0.1870768964290619
vt 0.12125056982040405 0.16555087268352509
vt 0.11456213146448135 0.14629703760147095
vt 0.10276614874601364 0.12979376316070557
vt 0.09194304049015045 0.1123337671160698
vt 0.10519830882549286 0.1279999315738678
vt 0.12027770280838013 0.14235059916973114
vt 0.13219529390335083 0.15909306704998016
vt 0.11748071759939194 0.14438362419605255
vt 0.1286686509847641 0.16136525571346283
vt 0.12502041459083557 0.16351786255836487
vt 0.13438422977924347 0.1812170296907425
vt 0.13900533318519592 0.178825244307518
vt 0.1433832198381424 0.1763138771057129
vt 0.14751788973808289 0.17368292808532715
vt 0.15894904732704163 0.19162127375602722
vt 0.14253196120262146 0.1992749720811844
vt 0.13632996380329132 0.20142757892608643
vt 0.14228875935077667 0.22092057764530182
vt 0.14970684051513672 0.21876797080039978
vt 0.156516894698143 0.2163762003183365
vt 0.14824753999710083 0.19700278341770172
vt 0.16308371722698212 0.21374523639678955
vt 0.15371990203857422 0.1944914162158966
vt 0.16952894628047943 0.21075551211833954
vt 0.17597417533397675 0.20728743076324463
vt 0.1872837096452713 0.22690002620220184
vt 0.1793791949748993 0.23096606135368347
vt 0.17159627377986908 0.23419496417045593
vt 0.16369175910949707 0.23706509172916412
vt 0.15578724443912506 0.23957645893096924
vt 0.14690986275672913 0.24196824431419373
vt 0.13705961406230927 0.2442404329776764
vt 0.1340194046497345 0.22295358777046204
vt 0.12672293186187744 0.24567550420761108
vt 0.12562845647335052 0.22438865900039673
vt 0.13997820019721985 0.26660358905792236
vt 0.12757419049739838 0.2682778239250183
vt 0.12903347611427307 0.2920760214328766
vt 0.1432616114616394 0.28992342948913574
vt 0.1514093577861786 0.26397261023521423
vt 0.15615206956863403 0.2868141233921051
vt 0.16138121485710144 0.26122206449508667
vt 0.14751788973808289 0.3137216567993164
vt 0.16174602508544922 0.3098948001861572
vt 0.13158725202083588 0.31635260581970215
vt 0.13450583815574646 0.34086835384368896
vt 0.1526254266500473 0.3375198543071747
vt 0.15821939706802368 0.3610788881778717
vt 0.1753661334514618 0.35581696033477783
vt 0.16405658423900604 0.38427916169166565
vt 0.14143750071525574 0.38906270265579224
vt 0.138154074549675 0.3650253117084503
vt 0.16819125413894653 0.33297547698020935
vt 0.1739068329334259 0.3058287799358368
vt 0.1672183871269226 0.2834656238555908
vt 0.17025859653949738 0.2583519220352173
vt 0.1792575865983963 0.2551230192184448
vt 0.17719024419784546 0.2799975574016571
vt 0.18509477376937866 0.3015235662460327
vt 0.18168973922729492 0.32807230949401855
vt 0.1899590939283371 0.3504354655742645
vt 0.18302743136882782 0.3786584734916687
vt 0.19068872928619385 0.4012607932090759
vt 0.16965055465698242 0.40712064504623413
vt 0.14496412873268127 0.4125021696090698
vt 0.2086867243051529 0.3952813446521759
vt 0.199079692363739 0.3727986216545105
vt 0.2033359706401825 0.3448147773742676
vt 0.1939721554517746 0.3230495750904083
vt 0.19603948295116425 0.29673999547958374
vt 0.1872837096452713 0.2760511040687561
vt 0.1884997934103012 0.25129619240760803
vt 0.1978636085987091 0.24651262164115906
vt 0.19762039184570312 0.27138713002204895
vt 0.207227423787117 0.29147809743881226
vt 0.20564651489257812 0.317668080329895
vt 0.21586158871650696 0.33871573209762573
vt 0.21367265284061432 0.36657997965812683
vt 0.22498218715190887 0.3884647786617279
vt 0.2377510368824005 0.41070830821990967
vt 0.26924750208854675 0.4270920157432556
vt 0.284934937953949 0.4508902132511139
vt 0.29709574580192566 0.4748080372810364
vt 0.3204444646835327 0.46536049246788025
vt 0.3315108120441437 0.4866473376750946
vt 0.3580213487148285 0.47074198722839355
vt 0.36774998903274536 0.4364199638366699
vt 0.35315701365470886 0.4250589907169342
vt 0.3392937183380127 0.44921597838401794
vt 0.31983643770217896 0.42864668369293213
vt 0.3034193515777588 0.44144269824028015
vt 0.29964950680732727 0.4089144766330719
vt 0.284448504447937 0.419199138879776
vt 0.26669374108314514 0.3967164158821106
vt 0.2536816895008087 0.4034133851528168
vt 0.2393319308757782 0.38128942251205444
vt 0.22692792117595673 0.35988301038742065
vt 0.22790078818798065 0.33249711990356445
vt 0.21732088923454285 0.31192779541015625
vt 0.21865858137607574 0.28549864888191223
vt 0.20820029079914093 0.26600563526153564
vt 0.207227423787117 0.24101153016090393
vt 0.21890179812908173 0.25966742634773254
vt 0.23057615756988525 0.2785624861717224
vt 0.24298018217086792 0.2703108489513397
vt 0.25574901700019836 0.289325475692749
vt 0.24237214028835297 0.2979359030723572
vt 0.22948168218135834 0.3053504228591919
vt 0.2405480146408081 0.32568055391311646
vt 0.2540464997291565 0.3181464374065399
vt 0.2682746350765228 0.30941644310951233
vt 0.28250277042388916 0.2985338270664215
vt 0.2955148220062256 0.31874439120292664
vt 0.30791884660720825 0.3389549255371094
vt 0.2805570363998413 0.33058369159698486
vt 0.265842467546463 0.3390745222568512
vt 0.25197917222976685 0.3463694453239441
vt 0.2393319308757782 0.3531860113143921
vt 0.25173595547676086 0.37459245324134827
vt 0.2642615735530853 0.3678954541683197
vt 0.27994900941848755 0.38918229937553406
vt 0.2782464921474457 0.36072012782096863
vt 0.3154585361480713 0.3961184620857239
vt 0.2942987382411957 0.3805719017982483
vt 0.292474627494812 0.3521097004413605
vt 0.3069459795951843 0.37112435698509216
vt 0.32628166675567627 0.38487708568573
vt 0.33601030707359314 0.41070830821990967
vt 0.6250725388526917 0.7514173984527588
vt 0.6149790287017822 0.7410131692886353
vt 0.5912654995918274 0.7404152154922485
vt 0.5735107064247131 0.7273799777030945
vt 0.5517429113388062 0.7248685956001282
vt 0.5434735417366028 0.73371821641922
vt 0.5315559506416321 0.7459163069725037
vt 0.5178142786026001 0.7583535313606262
vt 0.5005459189414978 0.7344357371330261
vt 0.5163549780845642 0.7247490286827087
vt 0.532528817653656 0.712550938129425
vt 0.5437167882919312 0.7145839929580688
vt 0.548094630241394 0.7076478004455566
vt 0.5577017068862915 0.7150623202323914
vt 0.5803207755088806 0.7144643664360046
vt 0.5988051891326904 0.7288150787353516
vt 0.6255589723587036 0.7288150787353516
vt 0.6378413438796997 0.7411327362060547
vt 0.6621629595756531 0.742567777633667
vt 0.6890383362770081 0.7444812059402466
vt 0.7014423608779907 0.7634958624839783
vt 0.714576005935669 0.7801187634468079
vt 0.7308714985847473 0.7625391483306885
vt 0.7170081734657288 0.7461554408073425
vt 0.70278000831604 0.7276191711425781
vt 0.7610302567481995 0.7601473927497864
vt 0.7460724711418152 0.7462750673294067
vt 0.7314795255661011 0.7307285070419312
vt 0.7741639018058777 0.7455575466156006
vt 0.7880272269248962 0.7589514851570129
vt 0.798485517501831 0.7486668229103088
vt 0.8113759756088257 0.7644525766372681
vt 0.8135648965835571 0.7882508039474487
vt 0.8147810101509094 0.8122881650924683
vt 0.822563886642456 0.8351296782493591
vt 0.8303468227386475 0.8242470622062683
vt 0.8388593792915344 0.8152779340744019
vt 0.8472503423690796 0.8072654604911804
vt 0.825360894203186 0.8018839359283447
vt 0.8560060858726501 0.7996117472648621
vt 0.8688965439796448 0.8153975009918213
vt 0.8909075856208801 0.8201810717582703
vt 0.9022171497344971 0.806069552898407
vt 0.9141347408294678 0.789685845375061
vt 0.9102432727813721 0.7627783417701721
vt 0.8997849822044373 0.7786836624145508
vt 0.8888402581214905 0.7936323285102844
vt 0.8782603740692139 0.8057107925415039
vt 0.865491509437561 0.790762186050415
vt 0.8752201795578003 0.7797600030899048
vt 0.8850704431533813 0.7658876776695251
vt 0.8947990536689758 0.7505802512168884
vt 0.9047709107398987 0.7358708381652832
vt 0.9151076078414917 0.7218788862228394
vt 0.9250794649124146 0.7070498466491699
vt 0.9176613688468933 0.6854042410850525
vt 0.9062302112579346 0.6747608184814453
vt 0.8968663811683655 0.6619648337364197
vt 0.8712071180343628 0.6614864468574524
vt 0.8553980588912964 0.6494079828262329
vt 0.8273066282272339 0.6514409780502319
vt 0.8106462955474854 0.6406779885292053
vt 0.7885136604309082 0.6369706988334656
vt 0.7737991213798523 0.6239355206489563
vt 0.7660161852836609 0.6314696073532104
vt 0.7521528601646423 0.6159230470657349
vt 0.7566523551940918 0.641275942325592
vt 0.7634624242782593 0.6655524969100952
vt 0.7719749808311462 0.6563441157341003
vt 0.7814604043960571 0.6454614996910095
vt 0.796661376953125 0.6587359309196472
vt 0.8043227195739746 0.6491687893867493
vt 0.8200101256370544 0.6611276865005493
vt 0.843723714351654 0.6625627279281616
vt 0.8583166599273682 0.6741628646850586
vt 0.8837327361106873 0.6740432977676392
vt 0.8949206471443176 0.6861217617988586
vt 0.9085407853126526 0.6978415250778198
vt 0.8982040882110596 0.7102787494659424
vt 0.8881106376647949 0.7233139872550964
vt 0.8788684010505676 0.7379038333892822
vt 0.8698694109916687 0.7532112002372742
vt 0.8611136674880981 0.7663660049438477
vt 0.8524794578552246 0.7766506671905518
vt 0.8468855023384094 0.7542875409126282
vt 0.8550332188606262 0.7416110634803772
vt 0.8634241819381714 0.7259449362754822
vt 0.8723015785217285 0.7103983759880066
vt 0.8828814625740051 0.6977218985557556
vt 0.870599091053009 0.6857630014419556
vt 0.8474935293197632 0.6871981024742126
vt 0.8347247242927551 0.6740432977676392
vt 0.8116191625595093 0.6723690629005432
vt 0.7871759533882141 0.6703360676765442
vt 0.8595327138900757 0.6991569995880127
vt 0.8384945392608643 0.7027446627616882
vt 0.825360894203186 0.6876764297485352
vt 0.8161186575889587 0.7009508013725281
vt 0.8021337389945984 0.6846867203712463
vt 0.8510201573371887 0.7154210805892944
vt 0.84238600730896 0.7308480739593506
vt 0.8299819827079773 0.717334508895874
vt 0.8084573745727539 0.7107571363449097
vt 0.79422926902771 0.6947321891784668
vt 0.7791498303413391 0.6802619099617004
vt 0.7719749808311462 0.6881548166275024
vt 0.75653076171875 0.6730865836143494
vt 0.7644352912902832 0.6959280967712402
vt 0.7493559122085571 0.6807402968406677
vt 0.7345197200775146 0.6643565893173218
vt 0.7870543599128723 0.7026250958442688
vt 0.740478515625 0.6895898580551147
vt 0.7262503504753113 0.6729670166969299
vt 0.711778998374939 0.6556265950202942
vt 0.7015639543533325 0.6650741100311279
vt 0.7154272794723511 0.6828928589820862
vt 0.7297769784927368 0.7004724740982056
vt 0.7022935748100281 0.6946126222610474
vt 0.6884303092956543 0.6767938733100891
vt 0.6742021441459656 0.660290539264679
vt 0.6590011715888977 0.6776309609413147
vt 0.6740805506706238 0.6923404335975647
vt 0.6885519027709961 0.7093220353126526
vt 0.6756614446640015 0.7265428900718689
vt 0.661311686038971 0.7107571363449097
vt 0.7167649269104004 0.7131488919258118
vt 0.7446131706237793 0.7168561816215515
vt 0.7555578947067261 0.7054951786994934
vt 0.7703940868377686 0.7199654579162598
vt 0.7793930768966675 0.710517942905426
vt 0.7936211824417114 0.725227415561676
vt 0.801282525062561 0.7180520296096802
vt 0.8142945766448975 0.7347944974899292
vt 0.8217126727104187 0.7277387380599976
vt 0.8342382907867432 0.7423286437988281
vt 0.8266986012458801 0.7508194446563721
vt 0.806998074054718 0.7411327362060547
vt 0.7848654389381409 0.7339574098587036
vt 0.7594493627548218 0.7319243550300598
vt 0.8192805051803589 0.7573968172073364
vt 0.8314412832260132 0.7717475295066833
vt 0.8232935667037964 0.7792816162109375
vt 0.8349679112434387 0.7931539416313171
vt 0.843723714351654 0.7851414680480957
vt 0.839102566242218 0.7638546228408813
vt 0.5624443888664246 0.7007116675376892
vt 0.5448112487792969 0.6926991939544678
vt 0.5293670296669006 0.6735649704933167
vt 0.5183007121086121 0.6888723373413086
vt 0.5057750344276428 0.6984394788742065
vt 0.4916685223579407 0.7051364183425903
vt 0.47731879353523254 0.7092024683952332
vt 0.46515798568725586 0.7071694731712341
vt 0.47585949301719666 0.6855238676071167
vt 0.46771174669265747 0.6795443892478943
vt 0.4836423993110657 0.6766742467880249
vt 0.4938574731349945 0.6691401600837708
vt 0.5035861134529114 0.6608884930610657
vt 0.5135579705238342 0.6490492224693298
vt 0.5361770391464233 0.6562245488166809
vt 0.551864504814148 0.6709339618682861
vt 0.5690112113952637 0.6850454807281494
vt 0.5882253050804138 0.7008312344551086
vt 0.6082906126976013 0.7154210805892944
vt 0.6356524229049683 0.7149427533149719
vt 0.6500021815299988 0.7276191711425781
vt 0.47221124172210693 0.6604101657867432
vt 0.4791429042816162 0.648690402507782
vt 0.6459890604019165 0.6976023316383362
vt 0.6172896027565002 0.702266275882721
vt 0.6283559203147888 0.6860021948814392
vt 0.6433137059211731 0.6655524969100952
vt 0.6281127333641052 0.6537131667137146
vt 0.6158303022384644 0.6396016478538513
vt 0.5968594551086426 0.6563441157341003
vt 0.6107227802276611 0.6726082563400269
vt 0.5972242951393127 0.6883939504623413
vt 0.5791046619415283 0.6714123487472534
vt 0.5637820959091187 0.6513214111328125
vt 0.5422574877738953 0.6423522233963013
vt 0.5218273401260376 0.6369706988334656
vt 0.4979921579360962 0.628240704536438
vt 0.4871690273284912 0.6393625140190125
vt 0.46369868516921997 0.6370903253555298
vt 0.4709951877593994 0.6254901885986328
vt 0.4512946903705597 0.6143683791160583
vt 0.48412883281707764 0.6142488121986389
vt 0.4589559733867645 0.6535935997962952
vt 0.44521427154541016 0.6315892338752747
vt 0.4565238356590271 0.6765546798706055
vt 0.439377099275589 0.6720103025436401
vt 0.41590675711631775 0.663399875164032
vt 0.420284628868103 0.6441460251808167
vt 0.4419308602809906 0.6495275497436523
vt 0.4272162914276123 0.6306325197219849
vt 0.42150071263313293 0.6187931895256042
vt 0.41724443435668945 0.6038445830345154
vt 0.44533589482307434 0.5983434915542603
vt 0.4448494613170624 0.5796875953674316
vt 0.4683198034763336 0.5936794877052307
vt 0.4656444191932678 0.5783721208572388
vt 0.4673469364643097 0.5581615567207336
vt 0.47488662600517273 0.5404623746871948
vt 0.473792165517807 0.6044424772262573
vt 0.48814189434051514 0.586264967918396
vt 0.48291274905204773 0.5732297897338867
vt 0.47829166054725647 0.5605533123016357
vt 0.4951951801776886 0.5624667406082153
vt 0.4847368896007538 0.5500295162200928
vt 0.4885067343711853 0.5246766209602356
vt 0.4836423993110657 0.5133156776428223
vt 0.5044373869895935 0.49920418858528137
vt 0.507964015007019 0.5114022493362427
vt 0.5101529359817505 0.5221652984619141
vt 0.5279077291488647 0.52383953332901
vt 0.5313127636909485 0.5528996586799622
vt 0.5380011796951294 0.5671307444572449
vt 0.5460273027420044 0.5848299264907837
vt 0.5707137584686279 0.5936794877052307
vt 0.5808072090148926 0.616640567779541
vt 0.5882253050804138 0.6379274129867554
vt 0.5620795488357544 0.6268056631088257
vt 0.5027348399162292 0.5750235915184021
vt 0.5471217632293701 0.6300345659255981
vt 0.5285157561302185 0.6275231838226318
vt 0.5547831058502197 0.6055188179016113
vt 0.5389740467071533 0.6171189546585083
vt 0.5300966501235962 0.5994197726249695
vt 0.5232866406440735 0.5833948254585266
vt 0.5181790590286255 0.6103023886680603
vt 0.5093017220497131 0.6181952357292175
vt 0.4995730519294739 0.6045621037483215
vt 0.5112473964691162 0.5959516763687134
vt 0.5191519260406494 0.5704792141914368
vt 0.5069911479949951 0.5854278802871704
vt 0.5140444040298462 0.5588790774345398
vt 0.5224353671073914 0.5410603284835815
vt 0.5125851035118103 0.5340045690536499
vt 0.4953167736530304 0.5352004766464233
vt 0.5045589804649353 0.5469201803207397
vt 0.49324944615364075 0.5953537225723267
s on
f 1/1/1 2/2/2 3/3/3
f 2/2/2 4/4/4 3/3/3
f 3/3/3 4/4/4 5/5/5
f 4/4/4 2/2/2 6/6/6
f 6/6/6 2/2/2 7/7/7
f 2/2/2 1/1/1 7/7/7
f 1/1/1 8/8/8 7/7/7
f 8/8/8 9/9/9 7/7/7
f 9/9/9 10/10/10 7/7/7
f 7/7/7 10/10/10 6/6/6
f 10/10/10 11/11/11 6/6/6
f 11/11/11 12/12/12 6/6/6
f 12/12/12 13/13/13 6/6/6
f 6/6/6 13/13/13 14/14/14
f 13/13/13 15/15/15 14/14/14
f 15/15/15 16/16/16 14/14/14
f 16/16/16 17/17/17 14/14/14
f 14/14/14 17/17/17 4/4/4
f 17/17/17 5/5/5 4/4/4
f 6/6/6 14/14/14 4/4/4
f 15/15/15 13/13/13 18/18/18
f 13/13/13 12/12/12 18/18/18
f 18/18/18 12/12/12 19/19/19
f 12/12/12 11/11/11 19/19/19
f 19/19/19 11/11/11 20/20/20
f 11/11/11 10/10/10 20/20/20
f 20/20/20 10/10/10 21/21/21
f 10/10/10 9/9/9 21/21/21
f 21/21/21 9/9/9 22/22/22
f 22/22/22 9/9/9 23/23/23
f 9/9/9 8/8/8 23/23/23
f 23/23/23 8/8/8 24/24/24
f 8/8/8 1/1/1 24/24/24
f 24/24/24 1/1/1 25/25/25
f 1/1/1 26/26/26 25/25/25
f 26/26/26 27/27/27 25/25/25
f 27/27/27 28/28/28 25/25/25
f 28/28/28 29/29/29 25/25/25
f 25/25/25 29/29/29 24/24/24
f 29/29/29 23/23/23 24/24/24
f 3/3/3 30/30/30 1/1/1
f 30/30/30 31/31/31 1/1/1
f 31/31/31 32/32/32 1/1/1
f 1/1/1 32/32/32 26/26/26
f 30/30/30 3/3/3 33/33/33
f 3/3/3 5/5/5 33/33/33
f 33/33/33 5/5/5 34/34/34
f 5/5/5 17/17/17 34/34/34
f 17/17/17 35/35/35 34/34/34
f 35/35/35 36/36/36 34/34/34
f 34/34/34 36/36/36 33/33/33
f 36/36/36 37/37/37 33/33/33
f 37/37/37 38/38/38 33/33/33
f 33/33/33 38/38/38 39/39/39
f 38/38/38 40/40/40 39/39/39
f 40/40/40 41/41/41 39/39/39
f 39/39/39 41/41/41 33/33/33
f 41/41/41 42/42/42 33/33/33
f 33/33/33 42/42/42 30/30/30
f 42/42/42 43/43/43 30/30/30
f 30/30/30 43/43/43 31/31/31
f 43/43/43 44/44/44 31/31/31
f 31/31/31 44/44/44 32/32/32
f 44/44/44 45/45/45 32/32/32
f 32/32/32 45/45/45 26/26/26
f 45/45/45 46/46/46 26/26/26
f 26/26/26 46/46/46 27/27/27
f 46/46/46 47/47/47 27/27/27
f 47/47/47 48/48/48 27/27/27
f 27/27/27 48/48/48 28/28/28
f 48/48/48 49/49/49 28/28/28
f 28/28/28 49/49/49 29/29/29
f 49/49/49 50/50/50 29/29/29
f 29/29/29 50/50/50 51/51/51
f 50/50/50 52/52/52 51/51/51
f 52/52/52 53/53/53 51/51/51
f 51/51/51 53/53/53 23/23/23
f 53/53/53 54/54/54 23/23/23
f 23/23/23 54/54/54 22/22/22
f 54/54/54 55/55/55 22/22/22
f 55/55/55 56/56/56 22/22/22
f 22/22/22 56/56/56 21/21/21
f 56/56/56 57/57/57 21/21/21
f 21/21/21 57/57/57 20/20/20
f 57/57/57 58/58/58 20/20/20
f 20/20/20 58/58/58 19/19/19
f 58/58/58 59/59/59 19/19/19
f 59/59/59 60/60/60 19/19/19
f 60/60/60 61/61/61 19/19/19
f 19/19/19 61/61/61 18/18/18
f 18/18/18 61/61/61 62/62/62
f 62/62/62 61/61/61 63/63/63
f 61/61/61 60/60/60 63/63/63
f 63/63/63 60/60/60 64/64/64
f 60/60/60 59/59/59 64/64/64
f 64/64/64 59/59/59 65/65/65
f 59/59/59 58/58/58 65/65/65
f 65/65/65 58/58/58 66/66/66
f 58/58/58 57/57/57 66/66/66
f 66/66/66 57/57/57 67/67/67
f 57/57/57 56/56/56 67/67/67
f 67/67/67 56/56/56 68/68/68
f 68/68/68 56/56/56 69/69/69
f 56/56/56 55/55/55 69/69/69
f 69/69/69 55/55/55 70/70/70
f 55/55/55 53/53/53 70/70/70
f 70/70/70 53/53/53 71/71/71
f 53/53/53 52/52/52 71/71/71
f 29/29/29 51/51/51 23/23/23
f 55/55/55 54/54/54 53/53/53
f 43/43/43 42/42/42 72/72/72
f 42/42/42 41/41/41 72/72/72
f 72/72/72 73/73/73 43/43/43
f 73/73/73 44/44/44 43/43/43
f 71/71/71 74/74/74 70/70/70
f 70/70/70 74/74/74 69/69/69
f 74/74/74 75/75/75 69/69/69
f 75/75/75 76/76/76 69/69/69
f 76/76/76 77/77/77 69/69/69
f 69/69/69 77/77/77 68/68/68
f 77/77/77 78/78/78 68/68/68
f 68/68/68 78/78/78 67/67/67
f 67/67/67 78/78/78 66/66/66
f 78/78/78 79/79/79 66/66/66
f 66/66/66 79/79/79 65/65/65
f 79/79/79 80/80/80 65/65/65
f 65/65/65 80/80/80 64/64/64
f 64/64/64 80/80/80 81/81/81
f 81/81/81 80/80/80 82/82/82
f 82/82/82 80/80/80 83/83/83
f 80/80/80 79/79/79 83/83/83
f 83/83/83 79/79/79 84/84/84
f 79/79/79 78/78/78 84/84/84
f 84/84/84 78/78/78 85/85/85
f 85/85/85 78/78/78 86/86/86
f 78/78/78 77/77/77 86/86/86
f 77/77/77 76/76/76 86/86/86
f 86/86/86 76/76/76 87/87/87
f 76/76/76 75/75/75 87/87/87
f 87/87/87 75/75/75 88/88/88
f 88/88/88 75/75/75 89/89/89
f 75/75/75 90/90/90 89/89/89
f 89/89/89 90/90/90 91/91/91
f 91/91/91 90/90/90 92/92/92
f 90/90/90 93/93/93 92/92/92
f 92/92/92 93/93/93 71/71/71
f 71/71/71 93/93/93 74/74/74
f 74/74/74 93/93/93 75/75/75
f 93/93/93 90/90/90 75/75/75
f 89/89/89 91/91/91 94/94/94
f 91/91/91 95/95/95 94/94/94
f 94/94/94 95/95/95 96/96/96
f 95/95/95 97/97/97 96/96/96
f 97/97/97 98/98/98 96/96/96
f 96/96/96 98/98/98 94/94/94
f 98/98/98 99/99/99 94/94/94
f 94/94/94 99/99/99 89/89/89
f 89/89/89 99/99/99 100/100/100
f 99/99/99 101/101/101 100/100/100
f 101/101/101 102/102/102 100/100/100
f 102/102/102 103/103/103 100/100/100
f 100/100/100 103/103/103 89/89/89
f 89/89/89 103/103/103 88/88/88
f 88/88/88 103/103/103 87/87/87
f 103/103/103 104/104/104 87/87/87
f 87/87/87 104/104/104 86/86/86
f 86/86/86 104/104/104 105/105/105
f 105/105/105 104/104/104 106/106/106
f 104/104/104 103/103/103 106/106/106
f 106/106/106 103/103/103 107/107/107
f 103/103/103 102/102/102 107/107/107
f 107/107/107 102/102/102 108/108/108
f 102/102/102 101/101/101 108/108/108
f 91/91/91 92/92/92 95/95/95
f 92/92/92 109/109/109 95/95/95
f 109/109/109 110/110/110 95/95/95
f 95/95/95 110/110/110 97/97/97
f 101/101/101 99/99/99 98/98/98
f 108/108/108 111/111/111 107/107/107
f 107/107/107 111/111/111 106/106/106
f 111/111/111 112/112/112 106/106/106
f 106/106/106 112/112/112 113/113/113
f 113/113/113 112/112/112 114/114/114
f 114/114/114 112/112/112 115/115/115
f 112/112/112 111/111/111 115/115/115
f 115/115/115 111/111/111 108/108/108
f 113/113/113 116/116/116 106/106/106
f 106/106/106 116/116/116 105/105/105
f 116/116/116 117/117/117 105/105/105
f 105/105/105 117/117/117 86/86/86
f 86/86/86 117/117/117 85/85/85
f 85/85/85 117/117/117 84/84/84
f 117/117/117 118/118/118 84/84/84
f 84/84/84 118/118/118 83/83/83
f 83/83/83 118/118/118 119/119/119
f 119/119/119 118/118/118 120/120/120
f 118/118/118 117/117/117 120/120/120
f 120/120/120 117/117/117 121/121/121
f 117/117/117 116/116/116 121/121/121
f 116/116/116 113/113/113 121/121/121
f 121/121/121 113/113/113 122/122/122
f 113/113/113 123/123/123 122/122/122
f 123/123/123 124/124/124 122/122/122
f 124/124/124 120/120/120 122/122/122
f 122/122/122 120/120/120 121/121/121
f 123/123/123 113/113/113 125/125/125
f 113/113/113 114/114/114 125/125/125
f 125/125/125 114/114/114 126/126/126
f 114/114/114 115/115/115 126/126/126
f 126/126/126 127/127/127 125/125/125
f 125/125/125 127/127/127 123/123/123
f 127/127/127 128/128/128 123/123/123
f 123/123/123 128/128/128 129/129/129
f 129/129/129 128/128/128 130/130/130
f 130/130/130 128/128/128 131/131/131
f 128/128/128 127/127/127 131/131/131
f 131/131/131 127/127/127 126/126/126
f 129/129/129 132/132/132 123/123/123
f 123/123/123 132/132/132 124/124/124
f 132/132/132 133/133/133 124/124/124
f 124/124/124 133/133/133 120/120/120
f 133/133/133 132/132/132 134/134/134
f 132/132/132 129/129/129 134/134/134
f 129/129/129 135/135/135 134/134/134
f 135/135/135 136/136/136 134/134/134
f 134/134/134 136/136/136 133/133/133
f 136/136/136 137/137/137 133/133/133
f 137/137/137 138/138/138 133/133/133
f 133/133/133 138/138/138 139/139/139
f 138/138/138 140/140/140 139/139/139
f 139/139/139 140/140/140 119/119/119
f 119/119/119 140/140/140 83/83/83
f 83/83/83 140/140/140 82/82/82
f 140/140/140 141/141/141 82/82/82
f 82/82/82 141/141/141 81/81/81
f 141/141/141 142/142/142 81/81/81
f 81/81/81 142/142/142 64/64/64
f 142/142/142 143/143/143 64/64/64
f 64/64/64 143/143/143 63/63/63
f 143/143/143 144/144/144 63/63/63
f 63/63/63 144/144/144 145/145/145
f 145/145/145 144/144/144 146/146/146
f 146/146/146 144/144/144 147/147/147
f 144/144/144 143/143/143 147/147/147
f 143/143/143 142/142/142 147/147/147
f 147/147/147 142/142/142 141/141/141
f 133/133/133 139/139/139 120/120/120
f 120/120/120 139/139/139 119/119/119
f 63/63/63 145/145/145 148/148/148
f 148/148/148 145/145/145 149/149/149
f 145/145/145 146/146/146 149/149/149
f 63/63/63 148/148/148 62/62/62
f 148/148/148 150/150/150 62/62/62
f 62/62/62 150/150/150 18/18/18
f 150/150/150 151/151/151 18/18/18
f 18/18/18 151/151/151 15/15/15
f 151/151/151 152/152/152 15/15/15
f 15/15/15 152/152/152 16/16/16
f 152/152/152 153/153/153 16/16/16
f 16/16/16 153/153/153 17/17/17
f 153/153/153 154/154/154 17/17/17
f 17/17/17 154/154/154 35/35/35
f 151/151/151 150/150/150 155/155/155
f 155/155/155 150/150/150 148/148/148
f 155/155/155 156/156/156 151/151/151
f 151/151/151 156/156/156 152/152/152
f 156/156/156 157/157/157 152/152/152
f 157/157/157 158/158/158 152/152/152
f 158/158/158 159/159/159 152/152/152
f 152/152/152 159/159/159 153/153/153
f 159/159/159 154/154/154 153/153/153
f 157/157/157 156/156/156 160/160/160
f 156/156/156 155/155/155 160/160/160
f 160/160/160 155/155/155 161/161/161
f 155/155/155 148/148/148 161/161/161
f 161/161/161 148/148/148 162/162/162
f 148/148/148 149/149/149 162/162/162
f 162/162/162 149/149/149 163/163/163
f 149/149/149 146/146/146 163/163/163
f 163/163/163 164/164/164 162/162/162
f 162/162/162 164/164/164 161/161/161
f 164/164/164 165/165/165 161/161/161
f 161/161/161 165/165/165 160/160/160
f 165/165/165 166/166/166 160/160/160
f 166/166/166 167/167/167 160/160/160
f 167/167/167 168/168/168 160/160/160
f 160/160/160 168/168/168 157/157/157
f 157/157/157 168/168/168 158/158/158
f 158/158/158 168/168/168 169/169/169
f 169/169/169 168/168/168 170/170/170
f 168/168/168 167/167/167 170/170/170
f 170/170/170 167/167/167 171/171/171
f 167/167/167 166/166/166 171/171/171
f 171/171/171 166/166/166 172/172/172
f 166/166/166 173/173/173 172/172/172
f 172/172/172 173/173/173 174/174/174
f 174/174/174 173/173/173 175/175/175
f 173/173/173 164/164/164 175/175/175
f 164/164/164 163/163/163 175/175/175
f 175/175/175 163/163/163 176/176/176
f 176/176/176 163/163/163 177/177/177
f 177/177/177 163/163/163 178/178/178
f 163/163/163 146/146/146 178/178/178
f 178/178/178 146/146/146 179/179/179
f 179/179/179 146/146/146 180/180/180
f 146/146/146 147/147/147 180/180/180
f 180/180/180 147/147/147 181/181/181
f 181/181/181 147/147/147 182/182/182
f 147/147/147 141/141/141 182/182/182
f 182/182/182 141/141/141 183/183/183
f 141/141/141 184/184/184 183/183/183
f 183/183/183 184/184/184 185/185/185
f 184/184/184 140/140/140 185/185/185
f 140/140/140 138/138/138 185/185/185
f 138/138/138 137/137/137 185/185/185
f 185/185/185 137/137/137 186/186/186
f 137/137/137 136/136/136 186/186/186
f 164/164/164 173/173/173 165/165/165
f 173/173/173 166/166/166 165/165/165
f 140/140/140 184/184/184 141/141/141
f 182/182/182 183/183/183 187/187/187
f 187/187/187 183/183/183 188/188/188
f 183/183/183 185/185/185 188/188/188
f 188/188/188 185/185/185 189/189/189
f 185/185/185 186/186/186 189/189/189
f 182/182/182 187/187/187 181/181/181
f 187/187/187 190/190/190 181/181/181
f 181/181/181 190/190/190 180/180/180
f 180/180/180 190/190/190 179/179/179
f 190/190/190 191/191/191 179/179/179
f 179/179/179 191/191/191 178/178/178
f 178/178/178 191/191/191 177/177/177
f 191/191/191 192/192/192 177/177/177
f 177/177/177 192/192/192 193/193/193
f 192/192/192 194/194/194 193/193/193
f 194/194/194 195/195/195 193/193/193
f 193/193/193 195/195/195 175/175/175
f 195/195/195 174/174/174 175/175/175
f 177/177/177 193/193/193 176/176/176
f 193/193/193 175/175/175 176/176/176
f 194/194/194 192/192/192 196/196/196
f 192/192/192 191/191/191 196/196/196
f 196/196/196 191/191/191 197/197/197
f 191/191/191 198/198/198 197/197/197
f 197/197/197 198/198/198 199/199/199
f 198/198/198 200/200/200 199/199/199
f 199/199/199 200/200/200 201/201/201
f 200/200/200 187/187/187 201/201/201
f 201/201/201 187/187/187 202/202/202
f 187/187/187 188/188/188 202/202/202
f 188/188/188 189/189/189 202/202/202
f 202/202/202 189/189/189 203/203/203
f 189/189/189 204/204/204 203/203/203
f 204/204/204 205/205/205 203/203/203
f 205/205/205 201/201/201 203/203/203
f 203/203/203 201/201/201 202/202/202
f 191/191/191 190/190/190 198/198/198
f 198/198/198 190/190/190 200/200/200
f 190/190/190 187/187/187 200/200/200
f 186/186/186 206/206/206 189/189/189
f 206/206/206 207/207/207 189/189/189
f 189/189/189 207/207/207 204/204/204
f 186/186/186 136/136/136 206/206/206
f 206/206/206 136/136/136 208/208/208
f 208/208/208 136/136/136 209/209/209
f 136/136/136 135/135/135 209/209/209
f 209/209/209 135/135/135 210/210/210
f 135/135/135 129/129/129 210/210/210
f 210/210/210 129/129/129 211/211/211
f 129/129/129 130/130/130 211/211/211
f 211/211/211 130/130/130 212/212/212
f 130/130/130 131/131/131 212/212/212
f 208/208/208 207/207/207 206/206/206
f 212/212/212 213/213/213 211/211/211
f 213/213/213 214/214/214 211/211/211
f 211/211/211 214/214/214 210/210/210
f 214/214/214 215/215/215 210/210/210
f 210/210/210 215/215/215 209/209/209
f 215/215/215 216/216/216 209/209/209
f 209/209/209 216/216/216 208/208/208
f 216/216/216 217/217/217 208/208/208
f 208/208/208 217/217/217 207/207/207
f 217/217/217 218/218/218 207/207/207
f 207/207/207 218/218/218 204/204/204
f 218/218/218 219/219/219 204/204/204
f 204/204/204 219/219/219 205/205/205
f 219/219/219 218/218/218 220/220/220
f 220/220/220 218/218/218 221/221/221
f 218/218/218 217/217/217 221/221/221
f 221/221/221 217/217/217 222/222/222
f 217/217/217 216/216/216 222/222/222
f 222/222/222 216/216/216 223/223/223
f 216/216/216 215/215/215 223/223/223
f 223/223/223 215/215/215 224/224/224
f 215/215/215 214/214/214 224/224/224
f 224/224/224 214/214/214 225/225/225
f 214/214/214 213/213/213 225/225/225
f 225/225/225 213/213/213 226/226/226
f 213/213/213 227/227/227 226/226/226
f 226/226/226 227/227/227 228/228/228
f 228/228/228 227/227/227 229/229/229
f 229/229/229 227/227/227 230/230/230
f 227/227/227 212/212/212 230/230/230
f 230/230/230 212/212/212 131/131/131
f 227/227/227 213/213/213 212/212/212
f 228/228/228 231/231/231 226/226/226
f 231/231/231 232/232/232 226/226/226
f 226/226/226 232/232/232 225/225/225
f 232/232/232 233/233/233 225/225/225
f 225/225/225 233/233/233 224/224/224
f 233/233/233 234/234/234 224/224/224
f 224/224/224 234/234/234 223/223/223
f 234/234/234 235/235/235 223/223/223
f 223/223/223 235/235/235 222/222/222
f 235/235/235 236/236/236 222/222/222
f 222/222/222 236/236/236 221/221/221
f 236/236/236 237/237/237 221/221/221
f 221/221/221 237/237/237 220/220/220
f 237/237/237 238/238/238 220/220/220
f 238/238/238 239/239/239 220/220/220
f 220/220/220 239/239/239 219/219/219
f 239/239/239 240/240/240 219/219/219
f 219/219/219 240/240/240 205/205/205
f 240/240/240 241/241/241 205/205/205
f 205/205/205 241/241/241 201/201/201
f 241/241/241 242/242/242 201/201/201
f 201/201/201 242/242/242 199/199/199
f 199/199/199 242/242/242 243/243/243
f 242/242/242 241/241/241 243/243/243
f 243/243/243 241/241/241 244/244/244
f 241/241/241 240/240/240 244/244/244
f 244/244/244 240/240/240 245/245/245
f 240/240/240 239/239/239 245/245/245
f 245/245/245 239/239/239 246/246/246
f 239/239/239 238/238/238 246/246/246
f 236/236/236 247/247/247 237/237/237
f 247/247/247 238/238/238 237/237/237
f 246/246/246 248/248/248 245/245/245
f 245/245/245 248/248/248 244/244/244
f 248/248/248 249/249/249 244/244/244
f 244/244/244 249/249/249 243/243/243
f 249/249/249 250/250/250 243/243/243
f 250/250/250 251/251/251 243/243/243
f 243/243/243 251/251/251 199/199/199
f 199/199/199 251/251/251 197/197/197
f 251/251/251 252/252/252 197/197/197
f 197/197/197 252/252/252 196/196/196
f 252/252/252 253/253/253 196/196/196
f 196/196/196 253/253/253 194/194/194
f 253/253/253 254/254/254 194/194/194
f 194/194/194 254/254/254 195/195/195
f 195/195/195 254/254/254 174/174/174
f 254/254/254 255/255/255 174/174/174
f 174/174/174 255/255/255 172/172/172
f 255/255/255 256/256/256 172/172/172
f 172/172/172 256/256/256 171/171/171
f 256/256/256 255/255/255 257/257/257
f 255/255/255 254/254/254 257/257/257
f 257/257/257 254/254/254 258/258/258
f 254/254/254 259/259/259 258/258/258
f 258/258/258 259/259/259 260/260/260
f 259/259/259 253/253/253 260/260/260
f 260/260/260 253/253/253 252/252/252
f 253/253/253 259/259/259 254/254/254
f 260/260/260 261/261/261 258/258/258
f 261/261/261 262/262/262 258/258/258
f 258/258/258 262/262/262 263/263/263
f 262/262/262 264/264/264 263/263/263
f 264/264/264 265/265/265 263/263/263
f 263/263/263 265/265/265 266/266/266
f 265/265/265 256/256/256 266/266/266
f 256/256/256 257/257/257 266/266/266
f 257/257/257 258/258/258 266/266/266
f 266/266/266 258/258/258 263/263/263
f 262/262/262 267/267/267 264/264/264
f 171/171/171 256/256/256 268/268/268
f 268/268/268 256/256/256 269/269/269
f 256/256/256 265/265/265 269/269/269
f 171/171/171 268/268/268 170/170/170
f 268/268/268 270/270/270 170/170/170
f 170/170/170 270/270/270 169/169/169
f 270/270/270 271/271/271 169/169/169
f 169/169/169 271/271/271 158/158/158
f 158/158/158 271/271/271 159/159/159
f 271/271/271 272/272/272 159/159/159
f 159/159/159 272/272/272 154/154/154
f 272/272/272 273/273/273 154/154/154
f 154/154/154 273/273/273 35/35/35
f 273/273/273 274/274/274 35/35/35
f 35/35/35 274/274/274 36/36/36
f 274/274/274 275/275/275 36/36/36
f 36/36/36 275/275/275 37/37/37
f 275/275/275 274/274/274 276/276/276
f 276/276/276 274/274/274 277/277/277
f 274/274/274 273/273/273 277/277/277
f 277/277/277 273/273/273 278/278/278
f 273/273/273 272/272/272 278/278/278
f 278/278/278 272/272/272 279/279/279
f 272/272/272 271/271/271 279/279/279
f 279/279/279 271/271/271 280/280/280
f 271/271/271 270/270/270 280/280/280
f 270/270/270 268/268/268 280/280/280
f 268/268/268 269/269/269 280/280/280
f 269/269/269 265/265/265 280/280/280
f 265/265/265 281/281/281 280/280/280
f 281/281/281 282/282/282 280/280/280
f 280/280/280 282/282/282 279/279/279
f 279/279/279 282/282/282 278/278/278
f 282/282/282 283/283/283 278/278/278
f 278/278/278 283/283/283 277/277/277
f 283/283/283 284/284/284 277/277/277
f 277/277/277 284/284/284 276/276/276
f 284/284/284 285/285/285 276/276/276
f 276/276/276 285/285/285 275/275/275
f 285/285/285 286/286/286 275/275/275
f 275/275/275 286/286/286 287/287/287
f 286/286/286 288/288/288 287/287/287
f 288/288/288 289/289/289 287/287/287
f 289/289/289 290/290/290 287/287/287
f 287/287/287 290/290/290 291/291/291
f 291/291/291 290/290/290 292/292/292
f 290/290/290 293/293/293 292/292/292
f 292/292/292 293/293/293 294/294/294
f 293/293/293 295/295/295 294/294/294
f 295/295/295 296/296/296 294/294/294
f 294/294/294 296/296/296 297/297/297
f 297/297/297 296/296/296 298/298/298
f 296/296/296 299/299/299 298/298/298
f 299/299/299 300/300/300 298/298/298
f 298/298/298 300/300/300 301/301/301
f 301/301/301 300/300/300 302/302/302
f 300/300/300 303/303/303 302/302/302
f 302/302/302 303/303/303 304/304/304
f 303/303/303 305/305/305 304/304/304
f 305/305/305 306/306/306 304/304/304
f 304/304/304 306/306/306 307/307/307
f 307/307/307 306/306/306 308/308/308
f 306/306/306 309/309/309 308/308/308
f 308/308/308 309/309/309 310/310/310
f 309/309/309 311/311/311 310/310/310
f 311/311/311 312/312/312 310/310/310
f 310/310/310 312/312/312 313/313/313
f 313/313/313 312/312/312 314/314/314
f 312/312/312 315/315/315 314/314/314
f 314/314/314 315/315/315 316/316/316
f 315/315/315 317/317/317 316/316/316
f 317/317/317 318/318/318 316/316/316
f 316/316/316 318/318/318 319/319/319
f 319/319/319 318/318/318 320/320/320
f 318/318/318 321/321/321 320/320/320
f 320/320/320 321/321/321 322/322/322
f 321/321/321 323/323/323 322/322/322
f 323/323/323 324/324/324 322/322/322
f 322/322/322 324/324/324 325/325/325
f 325/325/325 324/324/324 326/326/326
f 324/324/324 327/327/327 326/326/326
f 326/326/326 327/327/327 328/328/328
f 327/327/327 329/329/329 328/328/328
f 328/328/328 329/329/329 330/330/330
f 329/329/329 331/331/331 330/330/330
f 331/331/331 332/332/332 330/330/330
f 330/330/330 332/332/332 333/333/333
f 332/332/332 334/334/334 333/333/333
f 333/333/333 334/334/334 335/335/335
f 334/334/334 336/336/336 335/335/335
f 335/335/335 336/336/336 337/337/337
f 336/336/336 338/338/338 337/337/337
f 288/288/288 286/286/286 339/339/339
f 286/286/286 285/285/285 339/339/339
f 339/339/339 285/285/285 284/284/284
f 337/337/337 340/340/340 335/335/335
f 335/335/335 340/340/340 333/333/333
f 341/341/341 342/342/342 338/338/338
f 342/342/342 343/343/343 338/338/338
f 338/338/338 343/343/343 337/337/337
f 343/343/343 344/344/344 337/337/337
f 337/337/337 344/344/344 340/340/340
f 341/341/341 345/345/345 342/342/342
f 342/342/342 345/345/345 346/346/346
f 346/346/346 345/345/345 347/347/347
f 345/345/345 348/348/348 347/347/347
f 348/348/348 349/349/349 347/347/347
f 347/347/347 349/349/349 350/350/350
f 350/350/350 349/349/349 351/351/351
f 349/349/349 352/352/352 351/351/351
f 352/352/352 353/353/353 351/351/351
f 351/351/351 353/353/353 354/354/354
f 354/354/354 353/353/353 355/355/355
f 353/353/353 356/356/356 355/355/355
f 356/356/356 357/357/357 355/355/355
f 355/355/355 357/357/357 358/358/358
f 358/358/358 357/357/357 359/359/359
f 357/357/357 360/360/360 359/359/359
f 360/360/360 361/361/361 359/359/359
f 359/359/359 361/361/361 362/362/362
f 362/362/362 361/361/361 363/363/363
f 361/361/361 364/364/364 363/363/363
f 364/364/364 365/365/365 363/363/363
f 363/363/363 365/365/365 366/366/366
f 366/366/366 365/365/365 367/367/367
f 365/365/365 368/368/368 367/367/367
f 368/368/368 369/369/369 367/367/367
f 367/367/367 369/369/369 370/370/370
f 370/370/370 369/369/369 371/371/371
f 369/369/369 372/372/372 371/371/371
f 372/372/372 373/373/373 371/371/371
f 371/371/371 373/373/373 374/374/374
f 374/374/374 373/373/373 375/375/375
f 373/373/373 376/376/376 375/375/375
f 376/376/376 377/377/377 375/375/375
f 375/375/375 377/377/377 378/378/378
f 378/378/378 377/377/377 379/379/379
f 377/377/377 380/380/380 379/379/379
f 380/380/380 381/381/381 379/379/379
f 379/379/379 381/381/381 382/382/382
f 382/382/382 381/381/381 383/383/383
f 381/381/381 384/384/384 383/383/383
f 384/384/384 385/385/385 383/383/383
f 383/383/383 385/385/385 386/386/386
f 385/385/385 387/387/387 386/386/386
f 386/386/386 387/387/387 388/388/388
f 387/387/387 389/389/389 388/388/388
f 388/388/388 389/389/389 390/390/390
f 389/389/389 391/391/391 390/390/390
f 390/390/390 391/391/391 392/392/392
f 391/391/391 393/393/393 392/392/392
f 393/393/393 394/394/394 392/392/392
f 394/394/394 395/395/395 392/392/392
f 395/395/395 396/396/396 392/392/392
f 392/392/392 396/396/396 388/388/388
f 396/396/396 397/397/397 388/388/388
f 397/397/397 398/398/398 388/388/388
f 388/388/388 398/398/398 386/386/386
f 398/398/398 399/399/399 386/386/386
f 386/386/386 399/399/399 383/383/383
f 383/383/383 399/399/399 382/382/382
f 399/399/399 400/400/400 382/382/382
f 382/382/382 400/400/400 401/401/401
f 400/400/400 402/402/402 401/401/401
f 402/402/402 403/403/403 401/401/401
f 403/403/403 378/378/378 401/401/401
f 378/378/378 379/379/379 401/401/401
f 401/401/401 379/379/379 382/382/382
f 387/387/387 385/385/385 404/404/404
f 392/392/392 388/388/388 390/390/390
f 399/399/399 405/405/405 400/400/400
f 405/405/405 406/406/406 400/400/400
f 400/400/400 406/406/406 402/402/402
f 399/399/399 398/398/398 405/405/405
f 398/398/398 397/397/397 405/405/405
f 405/405/405 397/397/397 407/407/407
f 397/397/397 396/396/396 407/407/407
f 396/396/396 395/395/395 407/407/407
f 395/395/395 408/408/408 407/407/407
f 408/408/408 409/409/409 407/407/407
f 407/407/407 409/409/409 405/405/405
f 409/409/409 410/410/410 405/405/405
f 405/405/405 410/410/410 406/406/406
f 410/410/410 411/411/411 406/406/406
f 406/406/406 411/411/411 402/402/402
f 411/411/411 412/412/412 402/402/402
f 402/402/402 412/412/412 403/403/403
f 412/412/412 413/413/413 403/403/403
f 413/413/413 414/414/414 403/403/403
f 403/403/403 414/414/414 378/378/378
f 378/378/378 414/414/414 375/375/375
f 375/375/375 414/414/414 374/374/374
f 374/374/374 414/414/414 415/415/415
f 414/414/414 413/413/413 415/415/415
f 415/415/415 413/413/413 416/416/416
f 413/413/413 417/417/417 416/416/416
f 416/416/416 417/417/417 418/418/418
f 418/418/418 417/417/417 419/419/419
f 417/417/417 420/420/420 419/419/419
f 419/419/419 420/420/420 421/421/421
f 420/420/420 411/411/411 421/421/421
f 421/421/421 411/411/411 422/422/422
f 422/422/422 411/411/411 423/423/423
f 411/411/411 410/410/410 423/423/423
f 410/410/410 409/409/409 423/423/423
f 423/423/423 409/409/409 424/424/424
f 409/409/409 408/408/408 424/424/424
f 411/411/411 420/420/420 412/412/412
f 420/420/420 417/417/417 412/412/412
f 412/412/412 417/417/417 413/413/413
f 419/419/419 421/421/421 425/425/425
f 421/421/421 422/422/422 425/425/425
f 425/425/425 422/422/422 426/426/426
f 426/426/426 422/422/422 427/427/427
f 422/422/422 423/423/423 427/427/427
f 427/427/427 423/423/423 424/424/424
f 426/426/426 428/428/428 425/425/425
f 428/428/428 429/429/429 425/425/425
f 425/425/425 429/429/429 419/419/419
f 429/429/429 430/430/430 419/419/419
f 430/430/430 431/431/431 419/419/419
f 419/419/419 431/431/431 418/418/418
f 431/431/431 432/432/432 418/418/418
f 432/432/432 433/433/433 418/418/418
f 418/418/418 433/433/433 416/416/416
f 433/433/433 434/434/434 416/416/416
f 416/416/416 434/434/434 415/415/415
f 434/434/434 435/435/435 415/415/415
f 415/415/415 435/435/435 374/374/374
f 374/374/374 435/435/435 371/371/371
f 371/371/371 435/435/435 370/370/370
f 370/370/370 435/435/435 436/436/436
f 435/435/435 434/434/434 436/436/436
f 436/436/436 434/434/434 437/437/437
f 434/434/434 433/433/433 437/437/437
f 437/437/437 433/433/433 438/438/438
f 433/433/433 432/432/432 438/438/438
f 438/438/438 432/432/432 439/439/439
f 439/439/439 432/432/432 440/440/440
f 432/432/432 431/431/431 440/440/440
f 431/431/431 430/430/430 440/440/440
f 440/440/440 430/430/430 441/441/441
f 430/430/430 429/429/429 441/441/441
f 441/441/441 429/429/429 442/442/442
f 429/429/429 428/428/428 442/442/442
f 442/442/442 428/428/428 443/443/443
f 443/443/443 428/428/428 444/444/444
f 428/428/428 426/426/426 444/444/444
f 444/444/444 426/426/426 445/445/445
f 426/426/426 427/427/427 445/445/445
f 445/445/445 427/427/427 446/446/446
f 427/427/427 424/424/424 446/446/446
f 446/446/446 424/424/424 447/447/447
f 424/424/424 408/408/408 447/447/447
f 447/447/447 408/408/408 448/448/448
f 408/408/408 395/395/395 448/448/448
f 448/448/448 395/395/395 449/449/449
f 395/395/395 394/394/394 449/449/449
f 449/449/449 394/394/394 450/450/450
f 394/394/394 393/393/393 450/450/450
f 450/450/450 451/451/451 449/449/449
f 449/449/449 451/451/451 448/448/448
f 451/451/451 452/452/452 448/448/448
f 448/448/448 452/452/452 447/447/447
f 452/452/452 453/453/453 447/447/447
f 447/447/447 453/453/453 446/446/446
f 453/453/453 454/454/454 446/446/446
f 446/446/446 454/454/454 445/445/445
f 454/454/454 455/455/455 445/445/445
f 445/445/445 455/455/455 444/444/444
f 455/455/455 454/454/454 456/456/456
f 454/454/454 453/453/453 456/456/456
f 456/456/456 453/453/453 457/457/457
f 453/453/453 458/458/458 457/457/457
f 458/458/458 459/459/459 457/457/457
f 459/459/459 460/460/460 457/457/457
f 457/457/457 460/460/460 456/456/456
f 460/460/460 455/455/455 456/456/456
f 458/458/458 453/453/453 461/461/461
f 453/453/453 452/452/452 461/461/461
f 452/452/452 451/451/451 461/461/461
f 461/461/461 451/451/451 462/462/462
f 451/451/451 450/450/450 462/462/462
f 462/462/462 450/450/450 463/463/463
f 463/463/463 450/450/450 464/464/464
f 450/450/450 393/393/393 464/464/464
f 393/393/393 391/391/391 464/464/464
f 464/464/464 391/391/391 465/465/465
f 465/465/465 391/391/391 466/466/466
f 391/391/391 467/467/467 466/466/466
f 467/467/467 468/468/468 466/466/466
f 468/468/468 469/469/469 466/466/466
f 466/466/466 469/469/469 470/470/470
f 470/470/470 469/469/469 471/471/471
f 469/469/469 472/472/472 471/471/471
f 472/472/472 473/473/473 471/471/471
f 471/471/471 473/473/473 474/474/474
f 474/474/474 473/473/473 475/475/475
f 473/473/473 476/476/476 475/475/475
f 476/476/476 477/477/477 475/475/475
f 475/475/475 477/477/477 478/478/478
f 478/478/478 477/477/477 479/479/479
f 477/477/477 480/480/480 479/479/479
f 480/480/480 481/481/481 479/479/479
f 479/479/479 481/481/481 482/482/482
f 482/482/482 481/481/481 483/483/483
f 481/481/481 484/484/484 483/483/483
f 484/484/484 485/485/485 483/483/483
f 483/483/483 485/485/485 486/486/486
f 486/486/486 485/485/485 487/487/487
f 485/485/485 488/488/488 487/487/487
f 488/488/488 489/489/489 487/487/487
f 487/487/487 489/489/489 490/490/490
f 490/490/490 489/489/489 491/491/491
f 489/489/489 492/492/492 491/491/491
f 492/492/492 493/493/493 491/491/491
f 491/491/491 493/493/493 494/494/494
f 494/494/494 493/493/493 495/495/495
f 493/493/493 496/496/496 495/495/495
f 496/496/496 497/497/497 495/495/495
f 495/495/495 497/497/497 498/498/498
f 498/498/498 497/497/497 499/499/499
f 497/497/497 500/500/500 499/499/499
f 500/500/500 501/501/501 499/499/499
f 499/499/499 501/501/501 502/502/502
f 502/502/502 501/501/501 503/503/503
f 501/501/501 504/504/504 503/503/503
f 504/504/504 505/505/505 503/503/503
f 503/503/503 505/505/505 506/506/506
f 506/506/506 505/505/505 507/507/507
f 505/505/505 508/508/508 507/507/507
f 508/508/508 509/509/509 507/507/507
f 507/507/507 509/509/509 510/510/510
f 510/510/510 509/509/509 511/511/511
f 509/509/509 512/512/512 511/511/511
f 512/512/512 513/513/513 511/511/511
f 511/511/511 513/513/513 514/514/514
f 513/513/513 515/515/515 514/514/514
f 515/515/515 516/516/516 514/514/514
f 514/514/514 516/516/516 517/517/517
f 517/517/517 516/516/516 518/518/518
f 518/518/518 516/516/516 519/519/519
f 516/516/516 515/515/515 519/519/519
f 515/515/515 520/520/520 519/519/519
f 519/519/519 520/520/520 521/521/521
f 520/520/520 522/522/522 521/521/521
f 521/521/521 522/522/522 523/523/523
f 522/522/522 524/524/524 523/523/523
f 524/524/524 525/525/525 523/523/523
f 523/523/523 525/525/525 526/526/526
f 525/525/525 527/527/527 526/526/526
f 526/526/526 527/527/527 528/528/528
f 528/528/528 527/527/527 529/529/529
f 527/527/527 530/530/530 529/529/529
f 530/530/530 531/531/531 529/529/529
f 529/529/529 531/531/531 532/532/532
f 532/532/532 531/531/531 533/533/533
f 531/531/531 534/534/534 533/533/533
f 533/533/533 534/534/534 535/535/535
f 534/534/534 536/536/536 535/535/535
f 536/536/536 537/537/537 535/535/535
f 535/535/535 537/537/537 538/538/538
f 538/538/538 537/537/537 539/539/539
f 537/537/537 540/540/540 539/539/539
f 539/539/539 540/540/540 541/541/541
f 540/540/540 542/542/542 541/541/541
f 541/541/541 542/542/542 543/543/543
f 542/542/542 544/544/544 543/543/543
f 544/544/544 545/545/545 543/543/543
f 543/543/543 545/545/545 546/546/546
f 546/546/546 545/545/545 547/547/547
f 545/545/545 548/548/548 547/547/547
f 548/548/548 549/549/549 547/547/547
f 547/547/547 549/549/549 550/550/550
f 550/550/550 549/549/549 551/551/551
f 549/549/549 552/552/552 551/551/551
f 551/551/551 552/552/552 553/553/553
f 552/552/552 554/554/554 553/553/553
f 554/554/554 555/555/555 553/553/553
f 553/553/553 555/555/555 556/556/556
f 556/556/556 555/555/555 557/557/557
f 555/555/555 558/558/558 557/557/557
f 558/558/558 559/559/559 557/557/557
f 557/557/557 559/559/559 560/560/560
f 560/560/560 559/559/559 561/561/561
f 559/559/559 562/562/562 561/561/561
f 561/561/561 562/562/562 563/563/563
f 562/562/562 564/564/564 563/563/563
f 564/564/564 565/565/565 563/563/563
f 563/563/563 565/565/565 566/566/566
f 566/566/566 565/565/565 567/567/567
f 565/565/565 568/568/568 567/567/567
f 567/567/567 568/568/568 569/569/569
f 568/568/568 570/570/570 569/569/569
f 570/570/570 571/571/571 569/569/569
f 569/569/569 571/571/571 572/572/572
f 572/572/572 571/571/571 573/573/573
f 571/571/571 574/574/574 573/573/573
f 573/573/573 574/574/574 575/575/575
f 574/574/574 576/576/576 575/575/575
f 576/576/576 577/577/577 575/575/575
f 575/575/575 577/577/577 578/578/578
f 578/578/578 577/577/577 579/579/579
f 577/577/577 580/580/580 579/579/579
f 579/579/579 580/580/580 581/581/581
f 580/580/580 582/582/582 581/581/581
f 582/582/582 583/583/583 581/581/581
f 581/581/581 583/583/583 584/584/584
f 584/584/584 583/583/583 585/585/585
f 583/583/583 586/586/586 585/585/585
f 586/586/586 587/587/587 585/585/585
f 585/585/585 587/587/587 588/588/588
f 588/588/588 587/587/587 589/589/589
f 587/587/587 252/252/252 589/589/589
f 252/252/252 251/251/251 589/589/589
f 251/251/251 250/250/250 589/589/589
f 250/250/250 590/590/590 589/589/589
f 589/589/589 590/590/590 588/588/588
f 588/588/588 590/590/590 585/585/585
f 585/585/585 590/590/590 591/591/591
f 590/590/590 249/249/249 591/591/591
f 249/249/249 248/248/248 591/591/591
f 248/248/248 592/592/592 591/591/591
f 591/591/591 592/592/592 585/585/585
f 585/585/585 592/592/592 584/584/584
f 584/584/584 592/592/592 581/581/581
f 581/581/581 592/592/592 593/593/593
f 592/592/592 248/248/248 593/593/593
f 593/593/593 248/248/248 594/594/594
f 248/248/248 246/246/246 594/594/594
f 511/511/511 514/514/514 517/517/517
f 590/590/590 250/250/250 249/249/249
f 462/462/462 595/595/595 461/461/461
f 595/595/595 458/458/458 461/461/461
f 463/463/463 595/595/595 462/462/462
f 594/594/594 596/596/596 593/593/593
f 593/593/593 596/596/596 581/581/581
f 581/581/581 596/596/596 579/579/579
f 579/579/579 596/596/596 578/578/578
f 596/596/596 597/597/597 578/578/578
f 578/578/578 597/597/597 575/575/575
f 575/575/575 597/597/597 598/598/598
f 598/598/598 597/597/597 599/599/599
f 597/597/597 596/596/596 599/599/599
f 599/599/599 596/596/596 600/600/600
f 596/596/596 594/594/594 600/600/600
f 594/594/594 246/246/246 600/600/600
f 600/600/600 246/246/246 601/601/601
f 246/246/246 238/238/238 601/601/601
f 601/601/601 238/238/238 602/602/602
f 238/238/238 603/603/603 602/602/602
f 602/602/602 603/603/603 604/604/604
f 604/604/604 603/603/603 605/605/605
f 603/603/603 247/247/247 605/605/605
f 605/605/605 247/247/247 236/236/236
f 600/600/600 601/601/601 599/599/599
f 601/601/601 602/602/602 599/599/599
f 599/599/599 602/602/602 606/606/606
f 602/602/602 604/604/604 606/606/606
f 238/238/238 247/247/247 603/603/603
f 606/606/606 607/607/607 599/599/599
f 599/599/599 607/607/607 598/598/598
f 607/607/607 608/608/608 598/598/598
f 598/598/598 608/608/608 575/575/575
f 575/575/575 608/608/608 573/573/573
f 573/573/573 608/608/608 572/572/572
f 608/608/608 609/609/609 572/572/572
f 572/572/572 609/609/609 569/569/569
f 569/569/569 609/609/609 610/610/610
f 610/610/610 609/609/609 611/611/611
f 609/609/609 608/608/608 611/611/611
f 611/611/611 608/608/608 612/612/612
f 608/608/608 607/607/607 612/612/612
f 607/607/607 606/606/606 612/612/612
f 612/612/612 606/606/606 613/613/613
f 606/606/606 614/614/614 613/613/613
f 613/613/613 614/614/614 615/615/615
f 615/615/615 614/614/614 616/616/616
f 616/616/616 614/614/614 605/605/605
f 605/605/605 614/614/614 604/604/604
f 614/614/614 606/606/606 604/604/604
f 612/612/612 613/613/613 611/611/611
f 613/613/613 617/617/617 611/611/611
f 611/611/611 617/617/617 618/618/618
f 618/618/618 617/617/617 615/615/615
f 617/617/617 613/613/613 615/615/615
f 618/618/618 619/619/619 611/611/611
f 611/611/611 619/619/619 610/610/610
f 619/619/619 620/620/620 610/610/610
f 610/610/610 620/620/620 569/569/569
f 569/569/569 620/620/620 567/567/567
f 567/567/567 620/620/620 566/566/566
f 620/620/620 621/621/621 566/566/566
f 566/566/566 621/621/621 563/563/563
f 563/563/563 621/621/621 622/622/622
f 622/622/622 621/621/621 623/623/623
f 621/621/621 620/620/620 623/623/623
f 623/623/623 620/620/620 624/624/624
f 620/620/620 619/619/619 624/624/624
f 619/619/619 618/618/618 624/624/624
f 624/624/624 618/618/618 625/625/625
f 625/625/625 618/618/618 626/626/626
f 626/626/626 618/618/618 627/627/627
f 618/618/618 615/615/615 627/627/627
f 627/627/627 615/615/615 628/628/628
f 615/615/615 629/629/629 628/628/628
f 628/628/628 629/629/629 630/630/630
f 629/629/629 616/616/616 630/630/630
f 630/630/630 616/616/616 631/631/631
f 616/616/616 605/605/605 631/631/631
f 631/631/631 605/605/605 632/632/632
f 605/605/605 236/236/236 632/632/632
f 632/632/632 236/236/236 633/633/633
f 236/236/236 235/235/235 633/633/633
f 235/235/235 234/234/234 633/633/633
f 633/633/633 234/234/234 634/634/634
f 234/234/234 233/233/233 634/634/634
f 634/634/634 233/233/233 635/635/635
f 233/233/233 232/232/232 635/635/635
f 635/635/635 232/232/232 636/636/636
f 232/232/232 231/231/231 636/636/636
f 636/636/636 231/231/231 637/637/637
f 231/231/231 228/228/228 637/637/637
f 228/228/228 638/638/638 637/637/637
f 638/638/638 639/639/639 637/637/637
f 637/637/637 639/639/639 636/636/636
f 639/639/639 640/640/640 636/636/636
f 640/640/640 641/641/641 636/636/636
f 641/641/641 642/642/642 636/636/636
f 636/636/636 642/642/642 635/635/635
f 642/642/642 643/643/643 635/635/635
f 635/635/635 643/643/643 634/634/634
f 643/643/643 644/644/644 634/634/634
f 634/634/634 644/644/644 633/633/633
f 633/633/633 644/644/644 632/632/632
f 632/632/632 644/644/644 631/631/631
f 631/631/631 644/644/644 630/630/630
f 644/644/644 645/645/645 630/630/630
f 630/630/630 645/645/645 628/628/628
f 645/645/645 646/646/646 628/628/628
f 628/628/628 646/646/646 627/627/627
f 623/623/623 624/624/624 625/625/625
f 615/615/615 616/616/616 629/629/629
f 644/644/644 643/643/643 645/645/645
f 645/645/645 643/643/643 646/646/646
f 643/643/643 642/642/642 646/646/646
f 642/642/642 641/641/641 646/646/646
f 646/646/646 641/641/641 647/647/647
f 641/641/641 640/640/640 647/647/647
f 647/647/647 640/640/640 648/648/648
f 640/640/640 639/639/639 648/648/648
f 627/627/627 646/646/646 626/626/626
f 646/646/646 647/647/647 626/626/626
f 626/626/626 647/647/647 625/625/625
f 647/647/647 649/649/649 625/625/625
f 625/625/625 649/649/649 623/623/623
f 649/649/649 650/650/650 623/623/623
f 650/650/650 651/651/651 623/623/623
f 623/623/623 651/651/651 622/622/622
f 651/651/651 652/652/652 622/622/622
f 622/622/622 652/652/652 563/563/563
f 563/563/563 652/652/652 561/561/561
f 561/561/561 652/652/652 560/560/560
f 652/652/652 653/653/653 560/560/560
f 560/560/560 653/653/653 557/557/557
f 557/557/557 653/653/653 654/654/654
f 654/654/654 653/653/653 655/655/655
f 653/653/653 652/652/652 655/655/655
f 655/655/655 652/652/652 656/656/656
f 652/652/652 651/651/651 656/656/656
f 651/651/651 650/650/650 656/656/656
f 656/656/656 650/650/650 657/657/657
f 650/650/650 658/658/658 657/657/657
f 657/657/657 658/658/658 659/659/659
f 659/659/659 658/658/658 639/639/639
f 639/639/639 658/658/658 648/648/648
f 658/658/658 650/650/650 648/648/648
f 648/648/648 650/650/650 647/647/647
f 650/650/650 649/649/649 647/647/647
f 656/656/656 657/657/657 655/655/655
f 657/657/657 660/660/660 655/655/655
f 655/655/655 660/660/660 661/661/661
f 661/661/661 660/660/660 659/659/659
f 660/660/660 657/657/657 659/659/659
f 661/661/661 662/662/662 655/655/655
f 655/655/655 662/662/662 654/654/654
f 662/662/662 663/663/663 654/654/654
f 654/654/654 663/663/663 557/557/557
f 557/557/557 663/663/663 556/556/556
f 556/556/556 663/663/663 553/553/553
f 663/663/663 664/664/664 553/553/553
f 664/664/664 665/665/665 553/553/553
f 553/553/553 665/665/665 551/551/551
f 551/551/551 665/665/665 550/550/550
f 665/665/665 666/666/666 550/550/550
f 550/550/550 666/666/666 547/547/547
f 666/666/666 667/667/667 547/547/547
f 667/667/667 668/668/668 547/547/547
f 547/547/547 668/668/668 546/546/546
f 546/546/546 668/668/668 543/543/543
f 668/668/668 669/669/669 543/543/543
f 669/669/669 670/670/670 543/543/543
f 543/543/543 670/670/670 541/541/541
f 541/541/541 670/670/670 539/539/539
f 670/670/670 671/671/671 539/539/539
f 539/539/539 671/671/671 538/538/538
f 671/671/671 672/672/672 538/538/538
f 538/538/538 672/672/672 535/535/535
f 535/535/535 672/672/672 673/673/673
f 673/673/673 672/672/672 674/674/674
f 672/672/672 671/671/671 674/674/674
f 674/674/674 671/671/671 675/675/675
f 671/671/671 676/676/676 675/675/675
f 675/675/675 676/676/676 677/677/677
f 677/677/677 676/676/676 678/678/678
f 678/678/678 676/676/676 669/669/669
f 669/669/669 676/676/676 670/670/670
f 676/676/676 671/671/671 670/670/670
f 677/677/677 679/679/679 675/675/675
f 679/679/679 674/674/674 675/675/675
f 669/669/669 680/680/680 678/678/678
f 680/680/680 681/681/681 678/678/678
f 678/678/678 681/681/681 677/677/677
f 681/681/681 682/682/682 677/677/677
f 677/677/677 682/682/682 679/679/679
f 669/669/669 668/668/668 680/680/680
f 668/668/668 667/667/667 680/680/680
f 680/680/680 667/667/667 683/683/683
f 683/683/683 667/667/667 684/684/684
f 667/667/667 666/666/666 684/684/684
f 666/666/666 665/665/665 684/684/684
f 684/684/684 665/665/665 685/685/685
f 685/685/685 665/665/665 686/686/686
f 665/665/665 664/664/664 686/686/686
f 664/664/664 663/663/663 686/686/686
f 686/686/686 663/663/663 687/687/687
f 663/663/663 662/662/662 687/687/687
f 662/662/662 661/661/661 687/687/687
f 661/661/661 688/688/688 687/687/687
f 688/688/688 689/689/689 687/687/687
f 687/687/687 689/689/689 686/686/686
f 686/686/686 689/689/689 685/685/685
f 689/689/689 690/690/690 685/685/685
f 690/690/690 691/691/691 685/685/685
f 685/685/685 691/691/691 684/684/684
f 684/684/684 691/691/691 683/683/683
f 691/691/691 692/692/692 683/683/683
f 692/692/692 693/693/693 683/683/683
f 683/683/683 693/693/693 680/680/680
f 693/693/693 694/694/694 680/680/680
f 694/694/694 695/695/695 680/680/680
f 680/680/680 695/695/695 681/681/681
f 695/695/695 696/696/696 681/681/681
f 696/696/696 697/697/697 681/681/681
f 681/681/681 697/697/697 682/682/682
f 697/697/697 698/698/698 682/682/682
f 682/682/682 698/698/698 699/699/699
f 698/698/698 700/700/700 699/699/699
f 700/700/700 701/701/701 699/699/699
f 699/699/699 701/701/701 679/679/679
f 701/701/701 702/702/702 679/679/679
f 679/679/679 702/702/702 674/674/674
f 702/702/702 703/703/703 674/674/674
f 703/703/703 704/704/704 674/674/674
f 674/674/674 704/704/704 673/673/673
f 704/704/704 705/705/705 673/673/673
f 673/673/673 705/705/705 535/535/535
f 535/535/535 705/705/705 533/533/533
f 533/533/533 705/705/705 532/532/532
f 705/705/705 706/706/706 532/532/532
f 706/706/706 707/707/707 532/532/532
f 532/532/532 707/707/707 529/529/529
f 529/529/529 707/707/707 528/528/528
f 707/707/707 708/708/708 528/528/528
f 708/708/708 709/709/709 528/528/528
f 528/528/528 709/709/709 526/526/526
f 526/526/526 709/709/709 523/523/523
f 709/709/709 710/710/710 523/523/523
f 523/523/523 710/710/710 711/711/711
f 710/710/710 712/712/712 711/711/711
f 711/711/711 712/712/712 713/713/713
f 712/712/712 714/714/714 713/713/713
f 714/714/714 715/715/715 713/713/713
f 715/715/715 716/716/716 713/713/713
f 713/713/713 716/716/716 519/519/519
f 716/716/716 717/717/717 519/519/519
f 519/519/519 717/717/717 518/518/518
f 717/717/717 718/718/718 518/518/518
f 518/518/518 718/718/718 517/517/517
f 718/718/718 719/719/719 517/517/517
f 719/719/719 720/720/720 517/517/517
f 517/517/517 720/720/720 511/511/511
f 720/720/720 721/721/721 511/511/511
f 511/511/511 721/721/721 510/510/510
f 721/721/721 722/722/722 510/510/510
f 510/510/510 722/722/722 507/507/507
f 507/507/507 722/722/722 506/506/506
f 722/722/722 723/723/723 506/506/506
f 723/723/723 724/724/724 506/506/506
f 506/506/506 724/724/724 503/503/503
f 503/503/503 724/724/724 502/502/502
f 724/724/724 725/725/725 502/502/502
f 725/725/725 726/726/726 502/502/502
f 502/502/502 726/726/726 499/499/499
f 499/499/499 726/726/726 498/498/498
f 726/726/726 727/727/727 498/498/498
f 727/727/727 728/728/728 498/498/498
f 498/498/498 728/728/728 495/495/495
f 495/495/495 728/728/728 494/494/494
f 728/728/728 729/729/729 494/494/494
f 729/729/729 730/730/730 494/494/494
f 494/494/494 730/730/730 491/491/491
f 491/491/491 730/730/730 490/490/490
f 730/730/730 731/731/731 490/490/490
f 731/731/731 732/732/732 490/490/490
f 490/490/490 732/732/732 487/487/487
f 487/487/487 732/732/732 486/486/486
f 732/732/732 733/733/733 486/486/486
f 733/733/733 734/734/734 486/486/486
f 486/486/486 734/734/734 483/483/483
f 483/483/483 734/734/734 482/482/482
f 734/734/734 735/735/735 482/482/482
f 735/735/735 736/736/736 482/482/482
f 482/482/482 736/736/736 479/479/479
f 479/479/479 736/736/736 478/478/478
f 478/478/478 736/736/736 737/737/737
f 736/736/736 738/738/738 737/737/737
f 738/738/738 739/739/739 737/737/737
f 739/739/739 740/740/740 737/737/737
f 737/737/737 740/740/740 478/478/478
f 478/478/478 740/740/740 475/475/475
f 475/475/475 740/740/740 474/474/474
f 740/740/740 741/741/741 474/474/474
f 474/474/474 741/741/741 471/471/471
f 682/682/682 699/699/699 679/679/679
f 703/703/703 702/702/702 701/701/701
f 523/523/523 711/711/711 521/521/521
f 521/521/521 711/711/711 519/519/519
f 711/711/711 713/713/713 519/519/519
f 735/735/735 738/738/738 736/736/736
f 741/741/741 740/740/740 742/742/742
f 742/742/742 740/740/740 743/743/743
f 740/740/740 739/739/739 743/743/743
f 743/743/743 739/739/739 744/744/744
f 739/739/739 738/738/738 744/744/744
f 744/744/744 738/738/738 745/745/745
f 745/745/745 738/738/738 746/746/746
f 746/746/746 738/738/738 747/747/747
f 738/738/738 735/735/735 747/747/747
f 747/747/747 735/735/735 748/748/748
f 735/735/735 734/734/734 748/748/748
f 734/734/734 733/733/733 748/748/748
f 748/748/748 733/733/733 749/749/749
f 749/749/749 733/733/733 750/750/750
f 733/733/733 732/732/732 750/750/750
f 732/732/732 731/731/731 750/750/750
f 750/750/750 731/731/731 751/751/751
f 751/751/751 731/731/731 752/752/752
f 731/731/731 730/730/730 752/752/752
f 730/730/730 729/729/729 752/752/752
f 752/752/752 729/729/729 753/753/753
f 753/753/753 729/729/729 754/754/754
f 729/729/729 728/728/728 754/754/754
f 728/728/728 727/727/727 754/754/754
f 754/754/754 727/727/727 755/755/755
f 755/755/755 727/727/727 756/756/756
f 727/727/727 726/726/726 756/756/756
f 726/726/726 725/725/725 756/756/756
f 756/756/756 725/725/725 757/757/757
f 757/757/757 725/725/725 758/758/758
f 725/725/725 724/724/724 758/758/758
f 724/724/724 723/723/723 758/758/758
f 758/758/758 723/723/723 759/759/759
f 723/723/723 722/722/722 759/759/759
f 759/759/759 722/722/722 760/760/760
f 760/760/760 722/722/722 761/761/761
f 722/722/722 721/721/721 761/761/761
f 721/721/721 720/720/720 761/761/761
f 761/761/761 720/720/720 762/762/762
f 720/720/720 719/719/719 762/762/762
f 762/762/762 719/719/719 763/763/763
f 719/719/719 718/718/718 763/763/763
f 763/763/763 718/718/718 764/764/764
f 764/764/764 718/718/718 765/765/765
f 718/718/718 766/766/766 765/765/765
f 765/765/765 766/766/766 767/767/767
f 766/766/766 717/717/717 767/767/767
f 717/717/717 716/716/716 767/767/767
f 716/716/716 715/715/715 767/767/767
f 767/767/767 715/715/715 768/768/768
f 768/768/768 715/715/715 769/769/769
f 715/715/715 714/714/714 769/769/769
f 769/769/769 714/714/714 770/770/770
f 714/714/714 712/712/712 770/770/770
f 770/770/770 712/712/712 771/771/771
f 712/712/712 772/772/772 771/771/771
f 772/772/772 773/773/773 771/771/771
f 771/771/771 773/773/773 770/770/770
f 718/718/718 717/717/717 766/766/766
f 709/709/709 774/774/774 710/710/710
f 774/774/774 775/775/775 710/710/710
f 710/710/710 775/775/775 712/712/712
f 775/775/775 776/776/776 712/712/712
f 712/712/712 776/776/776 772/772/772
f 709/709/709 708/708/708 774/774/774
f 774/774/774 708/708/708 777/777/777
f 708/708/708 707/707/707 777/777/777
f 777/777/777 778/778/778 774/774/774
f 774/774/774 778/778/778 775/775/775
f 778/778/778 779/779/779 775/775/775
f 775/775/775 779/779/779 776/776/776
f 779/779/779 780/780/780 776/776/776
f 776/776/776 780/780/780 772/772/772
f 780/780/780 781/781/781 772/772/772
f 772/772/772 781/781/781 782/782/782
f 781/781/781 783/783/783 782/782/782
f 783/783/783 784/784/784 782/782/782
f 782/782/782 784/784/784 773/773/773
f 784/784/784 785/785/785 773/773/773
f 773/773/773 785/785/785 770/770/770
f 785/785/785 786/786/786 770/770/770
f 770/770/770 786/786/786 769/769/769
f 773/773/773 772/772/772 782/782/782
f 780/780/780 779/779/779 787/787/787
f 779/779/779 778/778/778 787/787/787
f 787/787/787 788/788/788 780/780/780
f 780/780/780 788/788/788 781/781/781
f 788/788/788 789/789/789 781/781/781
f 781/781/781 789/789/789 783/783/783
f 789/789/789 790/790/790 783/783/783
f 783/783/783 790/790/790 784/784/784
f 790/790/790 791/791/791 784/784/784
f 784/784/784 791/791/791 785/785/785
f 791/791/791 786/786/786 785/785/785
f 787/787/787 792/792/792 788/788/788
f 792/792/792 793/793/793 788/788/788
f 788/788/788 793/793/793 789/789/789
f 787/787/787 778/778/778 792/792/792
f 792/792/792 778/778/778 794/794/794
f 778/778/778 795/795/795 794/794/794
f 794/794/794 795/795/795 796/796/796
f 795/795/795 777/777/777 796/796/796
f 796/796/796 777/777/777 797/797/797
f 777/777/777 707/707/707 797/797/797
f 797/797/797 707/707/707 798/798/798
f 707/707/707 706/706/706 798/798/798
f 706/706/706 705/705/705 798/798/798
f 798/798/798 705/705/705 799/799/799
f 705/705/705 704/704/704 799/799/799
f 704/704/704 703/703/703 799/799/799
f 799/799/799 703/703/703 800/800/800
f 703/703/703 801/801/801 800/800/800
f 800/800/800 801/801/801 802/802/802
f 801/801/801 803/803/803 802/802/802
f 802/802/802 803/803/803 796/796/796
f 803/803/803 804/804/804 796/796/796
f 796/796/796 804/804/804 794/794/794
f 804/804/804 805/805/805 794/794/794
f 794/794/794 805/805/805 792/792/792
f 792/792/792 805/805/805 793/793/793
f 793/793/793 805/805/805 806/806/806
f 806/806/806 805/805/805 807/807/807
f 805/805/805 804/804/804 807/807/807
f 807/807/807 804/804/804 808/808/808
f 804/804/804 803/803/803 808/808/808
f 803/803/803 801/801/801 808/808/808
f 808/808/808 801/801/801 809/809/809
f 809/809/809 801/801/801 810/810/810
f 801/801/801 703/703/703 810/810/810
f 703/703/703 701/701/701 810/810/810
f 810/810/810 701/701/701 811/811/811
f 701/701/701 700/700/700 811/811/811
f 778/778/778 777/777/777 795/795/795
f 797/797/797 798/798/798 796/796/796
f 796/796/796 798/798/798 802/802/802
f 802/802/802 798/798/798 800/800/800
f 798/798/798 799/799/799 800/800/800
f 811/811/811 812/812/812 810/810/810
f 810/810/810 812/812/812 809/809/809
f 812/812/812 813/813/813 809/809/809
f 809/809/809 813/813/813 808/808/808
f 813/813/813 814/814/814 808/808/808
f 808/808/808 814/814/814 815/815/815
f 814/814/814 816/816/816 815/815/815
f 816/816/816 806/806/806 815/815/815
f 806/806/806 807/807/807 815/815/815
f 815/815/815 807/807/807 808/808/808
f 816/816/816 814/814/814 817/817/817
f 817/817/817 814/814/814 818/818/818
f 814/814/814 813/813/813 818/818/818
f 818/818/818 813/813/813 819/819/819
f 813/813/813 812/812/812 819/819/819
f 819/819/819 812/812/812 820/820/820
f 812/812/812 811/811/811 820/820/820
f 820/820/820 811/811/811 821/821/821
f 811/811/811 700/700/700 821/821/821
f 700/700/700 698/698/698 821/821/821
f 698/698/698 822/822/822 821/821/821
f 822/822/822 823/823/823 821/821/821
f 823/823/823 824/824/824 821/821/821
f 824/824/824 825/825/825 821/821/821
f 821/821/821 825/825/825 820/820/820
f 820/820/820 825/825/825 819/819/819
f 825/825/825 826/826/826 819/819/819
f 819/819/819 826/826/826 818/818/818
f 826/826/826 827/827/827 818/818/818
f 827/827/827 828/828/828 818/818/818
f 818/818/818 828/828/828 817/817/817
f 828/828/828 829/829/829 817/817/817
f 817/817/817 829/829/829 830/830/830
f 829/829/829 831/831/831 830/830/830
f 830/830/830 831/831/831 832/832/832
f 831/831/831 833/833/833 832/832/832
f 833/833/833 834/834/834 832/832/832
f 832/832/832 834/834/834 835/835/835
f 834/834/834 836/836/836 835/835/835
f 835/835/835 836/836/836 806/806/806
f 836/836/836 837/837/837 806/806/806
f 806/806/806 837/837/837 793/793/793
f 793/793/793 837/837/837 789/789/789
f 837/837/837 836/836/836 789/789/789
f 789/789/789 836/836/836 838/838/838
f 836/836/836 834/834/834 838/838/838
f 827/827/827 826/826/826 825/825/825
f 817/817/817 830/830/830 816/816/816
f 816/816/816 830/830/830 835/835/835
f 830/830/830 832/832/832 835/835/835
f 806/806/806 816/816/816 835/835/835
f 789/789/789 838/838/838 839/839/839
f 839/839/839 838/838/838 840/840/840
f 838/838/838 834/834/834 840/840/840
f 840/840/840 834/834/834 841/841/841
f 834/834/834 842/842/842 841/841/841
f 841/841/841 842/842/842 843/843/843
f 842/842/842 844/844/844 843/843/843
f 844/844/844 845/845/845 843/843/843
f 845/845/845 846/846/846 843/843/843
f 846/846/846 847/847/847 843/843/843
f 843/843/843 847/847/847 841/841/841
f 847/847/847 848/848/848 841/841/841
f 841/841/841 848/848/848 840/840/840
f 848/848/848 849/849/849 840/840/840
f 840/840/840 849/849/849 839/839/839
f 834/834/834 833/833/833 842/842/842
f 842/842/842 833/833/833 844/844/844
f 833/833/833 831/831/831 844/844/844
f 849/849/849 848/848/848 850/850/850
f 850/850/850 848/848/848 851/851/851
f 848/848/848 847/847/847 851/851/851
f 851/851/851 847/847/847 852/852/852
f 847/847/847 846/846/846 852/852/852
f 852/852/852 846/846/846 853/853/853
f 846/846/846 854/854/854 853/853/853
f 853/853/853 854/854/854 855/855/855
f 855/855/855 854/854/854 856/856/856
f 854/854/854 845/845/845 856/856/856
f 856/856/856 845/845/845 857/857/857
f 845/845/845 844/844/844 857/857/857
f 857/857/857 844/844/844 858/858/858
f 858/858/858 844/844/844 859/859/859
f 844/844/844 831/831/831 859/859/859
f 859/859/859 831/831/831 860/860/860
f 831/831/831 861/861/861 860/860/860
f 860/860/860 861/861/861 862/862/862
f 862/862/862 861/861/861 863/863/863
f 861/861/861 829/829/829 863/863/863
f 863/863/863 829/829/829 828/828/828
f 854/854/854 846/846/846 845/845/845
f 857/857/857 858/858/858 856/856/856
f 856/856/856 858/858/858 864/864/864
f 858/858/858 865/865/865 864/864/864
f 864/864/864 865/865/865 866/866/866
f 865/865/865 862/862/862 866/866/866
f 862/862/862 867/867/867 866/866/866
f 867/867/867 868/868/868 866/866/866
f 866/866/866 868/868/868 864/864/864
f 868/868/868 869/869/869 864/864/864
f 864/864/864 869/869/869 856/856/856
f 869/869/869 870/870/870 856/856/856
f 856/856/856 870/870/870 855/855/855
f 829/829/829 861/861/861 831/831/831
f 858/858/858 859/859/859 865/865/865
f 859/859/859 860/860/860 865/865/865
f 865/865/865 860/860/860 862/862/862
f 870/870/870 869/869/869 871/871/871
f 871/871/871 869/869/869 868/868/868
f 871/871/871 872/872/872 870/870/870
f 870/870/870 872/872/872 873/873/873
f 872/872/872 874/874/874 873/873/873
f 874/874/874 875/875/875 873/873/873
f 873/873/873 875/875/875 855/855/855
f 875/875/875 876/876/876 855/855/855
f 855/855/855 876/876/876 853/853/853
f 876/876/876 877/877/877 853/853/853
f 877/877/877 878/878/878 853/853/853
f 853/853/853 878/878/878 852/852/852
f 878/878/878 879/879/879 852/852/852
f 852/852/852 879/879/879 851/851/851
f 879/879/879 880/880/880 851/851/851
f 851/851/851 880/880/880 850/850/850
f 850/850/850 880/880/880 881/881/881
f 881/881/881 880/880/880 882/882/882
f 882/882/882 880/880/880 883/883/883
f 880/880/880 879/879/879 883/883/883
f 883/883/883 879/879/879 884/884/884
f 879/879/879 878/878/878 884/884/884
f 884/884/884 878/878/878 885/885/885
f 878/878/878 877/877/877 885/885/885
f 873/873/873 855/855/855 870/870/870
f 877/877/877 876/876/876 875/875/875
f 885/885/885 886/886/886 884/884/884
f 884/884/884 886/886/886 883/883/883
f 886/886/886 887/887/887 883/883/883
f 887/887/887 888/888/888 883/883/883
f 888/888/888 889/889/889 883/883/883
f 883/883/883 889/889/889 882/882/882
f 889/889/889 890/890/890 882/882/882
f 882/882/882 890/890/890 881/881/881
f 890/890/890 891/891/891 881/881/881
f 881/881/881 891/891/891 850/850/850
f 891/891/891 892/892/892 850/850/850
f 850/850/850 892/892/892 849/849/849
f 892/892/892 893/893/893 849/849/849
f 849/849/849 893/893/893 839/839/839
f 893/893/893 894/894/894 839/839/839
f 839/839/839 894/894/894 789/789/789
f 789/789/789 894/894/894 790/790/790
f 894/894/894 895/895/895 790/790/790
f 790/790/790 895/895/895 791/791/791
f 893/893/893 892/892/892 891/891/891
f 885/885/885 896/896/896 886/886/886
f 896/896/896 887/887/887 886/886/886
f 895/895/895 894/894/894 897/897/897
f 894/894/894 893/893/893 897/897/897
f 893/893/893 898/898/898 897/897/897
f 897/897/897 898/898/898 895/895/895
f 898/898/898 899/899/899 895/895/895
f 895/895/895 899/899/899 791/791/791
f 899/899/899 900/900/900 791/791/791
f 791/791/791 900/900/900 901/901/901
f 901/901/901 900/900/900 902/902/902
f 902/902/902 900/900/900 903/903/903
f 900/900/900 899/899/899 903/903/903
f 903/903/903 899/899/899 898/898/898
f 791/791/791 901/901/901 786/786/786
f 786/786/786 901/901/901 769/769/769
f 901/901/901 904/904/904 769/769/769
f 769/769/769 904/904/904 768/768/768
f 768/768/768 904/904/904 905/905/905
f 904/904/904 901/901/901 905/905/905
f 905/905/905 901/901/901 906/906/906
f 901/901/901 902/902/902 906/906/906
f 906/906/906 902/902/902 907/907/907
f 902/902/902 903/903/903 907/907/907
f 907/907/907 908/908/908 906/906/906
f 906/906/906 908/908/908 905/905/905
f 905/905/905 908/908/908 909/909/909
f 909/909/909 908/908/908 910/910/910
f 908/908/908 907/907/907 910/910/910
f 910/910/910 907/907/907 911/911/911
f 911/911/911 907/907/907 912/912/912
f 912/912/912 907/907/907 913/913/913
f 907/907/907 903/903/903 913/913/913
f 913/913/913 903/903/903 914/914/914
f 903/903/903 915/915/915 914/914/914
f 914/914/914 915/915/915 916/916/916
f 915/915/915 898/898/898 916/916/916
f 916/916/916 898/898/898 917/917/917
f 898/898/898 893/893/893 917/917/917
f 893/893/893 891/891/891 917/917/917
f 917/917/917 891/891/891 918/918/918
f 891/891/891 890/890/890 918/918/918
f 890/890/890 919/919/919 918/918/918
f 918/918/918 919/919/919 916/916/916
f 919/919/919 920/920/920 916/916/916
f 916/916/916 920/920/920 914/914/914
f 920/920/920 921/921/921 914/914/914
f 914/914/914 921/921/921 913/913/913
f 913/913/913 921/921/921 912/912/912
f 921/921/921 922/922/922 912/912/912
f 912/912/912 922/922/922 911/911/911
f 922/922/922 923/923/923 911/911/911
f 911/911/911 923/923/923 910/910/910
f 910/910/910 923/923/923 924/924/924
f 924/924/924 923/923/923 925/925/925
f 925/925/925 923/923/923 926/926/926
f 923/923/923 922/922/922 926/926/926
f 926/926/926 922/922/922 927/927/927
f 927/927/927 922/922/922 928/928/928
f 928/928/928 922/922/922 929/929/929
f 922/922/922 921/921/921 929/929/929
f 929/929/929 921/921/921 930/930/930
f 921/921/921 920/920/920 930/930/930
f 920/920/920 919/919/919 930/930/930
f 919/919/919 931/931/931 930/930/930
f 931/931/931 932/932/932 930/930/930
f 930/930/930 932/932/932 929/929/929
f 932/932/932 933/933/933 929/929/929
f 929/929/929 933/933/933 928/928/928
f 933/933/933 934/934/934 928/928/928
f 928/928/928 934/934/934 927/927/927
f 934/934/934 935/935/935 927/927/927
f 927/927/927 935/935/935 926/926/926
f 935/935/935 936/936/936 926/926/926
f 926/926/926 936/936/936 925/925/925
f 925/925/925 936/936/936 937/937/937
f 936/936/936 938/938/938 937/937/937
f 937/937/937 938/938/938 939/939/939
f 938/938/938 940/940/940 939/939/939
f 940/940/940 941/941/941 939/939/939
f 939/939/939 941/941/941 937/937/937
f 898/898/898 915/915/915 903/903/903
f 917/917/917 918/918/918 916/916/916
f 936/936/936 935/935/935 942/942/942
f 942/942/942 935/935/935 934/934/934
f 936/936/936 942/942/942 938/938/938
f 938/938/938 942/942/942 940/940/940
f 941/941/941 943/943/943 937/937/937
f 937/937/937 943/943/943 944/944/944
f 944/944/944 943/943/943 945/945/945
f 943/943/943 941/941/941 945/945/945
f 945/945/945 941/941/941 946/946/946
f 941/941/941 940/940/940 946/946/946
f 946/946/946 940/940/940 947/947/947
f 940/940/940 948/948/948 947/947/947
f 948/948/948 949/949/949 947/947/947
f 947/947/947 949/949/949 950/950/950
f 950/950/950 949/949/949 951/951/951
f 951/951/951 949/949/949 952/952/952
f 952/952/952 949/949/949 953/953/953
f 949/949/949 948/948/948 953/953/953
f 953/953/953 948/948/948 954/954/954
f 954/954/954 948/948/948 955/955/955
f 948/948/948 942/942/942 955/955/955
f 955/955/955 942/942/942 956/956/956
f 956/956/956 942/942/942 957/957/957
f 942/942/942 934/934/934 957/957/957
f 944/944/944 925/925/925 937/937/937
f 948/948/948 940/940/940 942/942/942
f 954/954/954 955/955/955 956/956/956
f 945/945/945 946/946/946 958/958/958
f 946/946/946 947/947/947 958/958/958
f 958/958/958 947/947/947 950/950/950
f 934/934/934 959/959/959 957/957/957
f 959/959/959 960/960/960 957/957/957
f 960/960/960 961/961/961 957/957/957
f 957/957/957 961/961/961 956/956/956
f 959/959/959 934/934/934 962/962/962
f 934/934/934 933/933/933 962/962/962
f 962/962/962 933/933/933 963/963/963
f 933/933/933 932/932/932 963/963/963
f 963/963/963 932/932/932 964/964/964
f 932/932/932 931/931/931 964/964/964
f 964/964/964 931/931/931 965/965/965
f 931/931/931 919/919/919 965/965/965
f 965/965/965 919/919/919 966/966/966
f 966/966/966 919/919/919 967/967/967
f 919/919/919 968/968/968 967/967/967
f 967/967/967 968/968/968 969/969/969
f 968/968/968 890/890/890 969/969/969
f 890/890/890 889/889/889 969/969/969
f 889/889/889 888/888/888 969/969/969
f 969/969/969 888/888/888 970/970/970
f 888/888/888 887/887/887 970/970/970
f 890/890/890 968/968/968 919/919/919
f 970/970/970 971/971/971 969/969/969
f 969/969/969 971/971/971 972/972/972
f 971/971/971 973/973/973 972/972/972
f 973/973/973 974/974/974 972/972/972
f 974/974/974 975/975/975 972/972/972
f 972/972/972 975/975/975 967/967/967
f 975/975/975 966/966/966 967/967/967
f 969/969/969 972/972/972 967/967/967
f 970/970/970 976/976/976 971/971/971
f 976/976/976 977/977/977 971/971/971
f 971/971/971 977/977/977 973/973/973
f 970/970/970 887/887/887 976/976/976
f 976/976/976 887/887/887 978/978/978
f 887/887/887 979/979/979 978/978/978
f 978/978/978 979/979/979 980/980/980
f 979/979/979 981/981/981 980/980/980
f 980/980/980 981/981/981 982/982/982
f 981/981/981 983/983/983 982/982/982
f 982/982/982 983/983/983 110/110/110
f 983/983/983 97/97/97 110/110/110
f 887/887/887 896/896/896 979/979/979
f 896/896/896 983/983/983 979/979/979
f 979/979/979 983/983/983 981/981/981
f 983/983/983 896/896/896 885/885/885
f 110/110/110 109/109/109 982/982/982
f 109/109/109 984/984/984 982/982/982
f 982/982/982 984/984/984 980/980/980
f 984/984/984 109/109/109 985/985/985
f 109/109/109 92/92/92 985/985/985
f 985/985/985 92/92/92 986/986/986
f 92/92/92 71/71/71 986/986/986
f 986/986/986 71/71/71 987/987/987
f 71/71/71 52/52/52 987/987/987
f 987/987/987 52/52/52 988/988/988
f 52/52/52 50/50/50 988/988/988
f 988/988/988 50/50/50 989/989/989
f 50/50/50 49/49/49 989/989/989
f 989/989/989 49/49/49 990/990/990
f 49/49/49 48/48/48 990/990/990
f 990/990/990 48/48/48 991/991/991
f 48/48/48 47/47/47 991/991/991
f 991/991/991 47/47/47 992/992/992
f 47/47/47 46/46/46 992/992/992
f 46/46/46 45/45/45 992/992/992
f 992/992/992 45/45/45 993/993/993
f 45/45/45 44/44/44 993/993/993
f 993/993/993 44/44/44 994/994/994
f 994/994/994 44/44/44 995/995/995
f 44/44/44 73/73/73 995/995/995
f 995/995/995 73/73/73 996/996/996
f 996/996/996 73/73/73 997/997/997
f 73/73/73 72/72/72 997/997/997
f 997/997/997 72/72/72 998/998/998
f 72/72/72 41/41/41 998/998/998
f 998/998/998 41/41/41 999/999/999
f 41/41/41 40/40/40 999/999/999
f 999/999/999 40/40/40 1000/1000/1000
f 40/40/40 1001/1001/1001 1000/1000/1000
f 1000/1000/1000 1001/1001/1001 1002/1002/1002
f 1001/1001/1001 38/38/38 1002/1002/1002
f 1002/1002/1002 38/38/38 1003/1003/1003
f 38/38/38 37/37/37 1003/1003/1003
f 1003/1003/1003 37/37/37 1004/1004/1004
f 37/37/37 275/275/275 1004/1004/1004
f 275/275/275 287/287/287 1004/1004/1004
f 1004/1004/1004 287/287/287 1003/1003/1003
f 287/287/287 291/291/291 1003/1003/1003
f 1003/1003/1003 291/291/291 1002/1002/1002
f 291/291/291 292/292/292 1002/1002/1002
f 292/292/292 294/294/294 1002/1002/1002
f 1002/1002/1002 294/294/294 1005/1005/1005
f 1005/1005/1005 294/294/294 1006/1006/1006
f 294/294/294 297/297/297 1006/1006/1006
f 297/297/297 298/298/298 1006/1006/1006
f 1006/1006/1006 298/298/298 1007/1007/1007
f 1007/1007/1007 298/298/298 1008/1008/1008
f 298/298/298 301/301/301 1008/1008/1008
f 1008/1008/1008 301/301/301 1009/1009/1009
f 301/301/301 302/302/302 1009/1009/1009
f 302/302/302 304/304/304 1009/1009/1009
f 1009/1009/1009 304/304/304 1010/1010/1010
f 1010/1010/1010 304/304/304 1011/1011/1011
f 304/304/304 307/307/307 1011/1011/1011
f 1011/1011/1011 307/307/307 1012/1012/1012
f 307/307/307 308/308/308 1012/1012/1012
f 308/308/308 310/310/310 1012/1012/1012
f 1012/1012/1012 310/310/310 1013/1013/1013
f 1013/1013/1013 310/310/310 1014/1014/1014
f 310/310/310 313/313/313 1014/1014/1014
f 1014/1014/1014 313/313/313 1015/1015/1015
f 313/313/313 314/314/314 1015/1015/1015
f 314/314/314 316/316/316 1015/1015/1015
f 1015/1015/1015 316/316/316 1016/1016/1016
f 316/316/316 1017/1017/1017 1016/1016/1016
f 1017/1017/1017 1018/1018/1018 1016/1016/1016
f 1016/1016/1016 1018/1018/1018 1015/1015/1015
f 1018/1018/1018 1019/1019/1019 1015/1015/1015
f 1019/1019/1019 1020/1020/1020 1015/1015/1015
f 1015/1015/1015 1020/1020/1020 1014/1014/1014
f 1014/1014/1014 1020/1020/1020 1013/1013/1013
f 1020/1020/1020 1021/1021/1021 1013/1013/1013
f 1013/1013/1013 1021/1021/1021 1012/1012/1012
f 40/40/40 38/38/38 1001/1001/1001
f 1002/1002/1002 1005/1005/1005 1000/1000/1000
f 316/316/316 319/319/319 1017/1017/1017
f 1021/1021/1021 1020/1020/1020 1022/1022/1022
f 1020/1020/1020 1019/1019/1019 1022/1022/1022
f 1022/1022/1022 1019/1019/1019 1023/1023/1023
f 1023/1023/1023 1019/1019/1019 1024/1024/1024
f 1019/1019/1019 1018/1018/1018 1024/1024/1024
f 1024/1024/1024 1018/1018/1018 1025/1025/1025
f 1018/1018/1018 1017/1017/1017 1025/1025/1025
f 1025/1025/1025 1017/1017/1017 1026/1026/1026
f 1017/1017/1017 319/319/319 1026/1026/1026
f 319/319/319 320/320/320 1026/1026/1026
f 320/320/320 322/322/322 1026/1026/1026
f 1026/1026/1026 322/322/322 1027/1027/1027
f 1027/1027/1027 322/322/322 1028/1028/1028
f 322/322/322 325/325/325 1028/1028/1028
f 1028/1028/1028 325/325/325 1029/1029/1029
f 325/325/325 326/326/326 1029/1029/1029
f 326/326/326 328/328/328 1029/1029/1029
f 1029/1029/1029 328/328/328 1030/1030/1030
f 1030/1030/1030 328/328/328 1031/1031/1031
f 328/328/328 330/330/330 1031/1031/1031
f 330/330/330 333/333/333 1031/1031/1031
f 1031/1031/1031 333/333/333 1032/1032/1032
f 333/333/333 340/340/340 1032/1032/1032
f 340/340/340 1033/1033/1033 1032/1032/1032
f 1032/1032/1032 1033/1033/1033 1031/1031/1031
f 1033/1033/1033 1034/1034/1034 1031/1031/1031
f 1034/1034/1034 1035/1035/1035 1031/1031/1031
f 1031/1031/1031 1035/1035/1035 1030/1030/1030
f 1030/1030/1030 1035/1035/1035 1029/1029/1029
f 1035/1035/1035 1036/1036/1036 1029/1029/1029
f 1036/1036/1036 1037/1037/1037 1029/1029/1029
f 1029/1029/1029 1037/1037/1037 1028/1028/1028
f 1028/1028/1028 1037/1037/1037 1027/1027/1027
f 1037/1037/1037 1038/1038/1038 1027/1027/1027
f 1027/1027/1027 1038/1038/1038 1026/1026/1026
f 1038/1038/1038 1039/1039/1039 1026/1026/1026
f 1026/1026/1026 1039/1039/1039 1025/1025/1025
f 1039/1039/1039 1040/1040/1040 1025/1025/1025
f 1025/1025/1025 1040/1040/1040 1024/1024/1024
f 1040/1040/1040 1041/1041/1041 1024/1024/1024
f 1041/1041/1041 1042/1042/1042 1024/1024/1024
f 1042/1042/1042 1043/1043/1043 1024/1024/1024
f 1024/1024/1024 1043/1043/1043 1023/1023/1023
f 1043/1043/1043 1044/1044/1044 1023/1023/1023
f 1044/1044/1044 1045/1045/1045 1023/1023/1023
f 1023/1023/1023 1045/1045/1045 1022/1022/1022
f 1045/1045/1045 1046/1046/1046 1022/1022/1022
f 1022/1022/1022 1046/1046/1046 1021/1021/1021
f 1039/1039/1039 1047/1047/1047 1040/1040/1040
f 1040/1040/1040 1047/1047/1047 1041/1041/1041
f 1046/1046/1046 1045/1045/1045 1048/1048/1048
f 1048/1048/1048 1045/1045/1045 1049/1049/1049
f 1045/1045/1045 1044/1044/1044 1049/1049/1049
f 1049/1049/1049 1044/1044/1044 1050/1050/1050
f 1050/1050/1050 1044/1044/1044 1051/1051/1051
f 1044/1044/1044 1043/1043/1043 1051/1051/1051
f 1051/1051/1051 1043/1043/1043 1052/1052/1052
f 1043/1043/1043 1042/1042/1042 1052/1052/1052
f 1052/1052/1052 1042/1042/1042 1053/1053/1053
f 1053/1053/1053 1042/1042/1042 1054/1054/1054
f 1042/1042/1042 1041/1041/1041 1054/1054/1054
f 1054/1054/1054 1041/1041/1041 1055/1055/1055
f 1041/1041/1041 1047/1047/1047 1055/1055/1055
f 1055/1055/1055 1047/1047/1047 1056/1056/1056
f 1056/1056/1056 1047/1047/1047 1057/1057/1057
f 1047/1047/1047 1039/1039/1039 1057/1057/1057
f 1039/1039/1039 1038/1038/1038 1057/1057/1057
f 1038/1038/1038 1037/1037/1037 1057/1057/1057
f 1057/1057/1057 1037/1037/1037 1058/1058/1058
f 1058/1058/1058 1037/1037/1037 1059/1059/1059
f 1037/1037/1037 1036/1036/1036 1059/1059/1059
f 1036/1036/1036 1035/1035/1035 1059/1059/1059
f 1059/1059/1059 1035/1035/1035 1060/1060/1060
f 1060/1060/1060 1035/1035/1035 1061/1061/1061
f 1035/1035/1035 1034/1034/1034 1061/1061/1061
f 1034/1034/1034 1033/1033/1033 1061/1061/1061
f 1061/1061/1061 1033/1033/1033 1062/1062/1062
f 1062/1062/1062 1033/1033/1033 1063/1063/1063
f 1033/1033/1033 1064/1064/1064 1063/1063/1063
f 1063/1063/1063 1064/1064/1064 1065/1065/1065
f 1064/1064/1064 340/340/340 1065/1065/1065
f 340/340/340 344/344/344 1065/1065/1065
f 1065/1065/1065 344/344/344 1066/1066/1066
f 344/344/344 343/343/343 1066/1066/1066
f 1066/1066/1066 343/343/343 1067/1067/1067
f 343/343/343 342/342/342 1067/1067/1067
f 342/342/342 346/346/346 1067/1067/1067
f 1067/1067/1067 346/346/346 1068/1068/1068
f 1068/1068/1068 346/346/346 1069/1069/1069
f 346/346/346 347/347/347 1069/1069/1069
f 347/347/347 350/350/350 1069/1069/1069
f 1069/1069/1069 350/350/350 1070/1070/1070
f 1070/1070/1070 350/350/350 1071/1071/1071
f 350/350/350 351/351/351 1071/1071/1071
f 351/351/351 354/354/354 1071/1071/1071
f 1071/1071/1071 354/354/354 1072/1072/1072
f 1072/1072/1072 354/354/354 1073/1073/1073
f 354/354/354 355/355/355 1073/1073/1073
f 355/355/355 358/358/358 1073/1073/1073
f 1073/1073/1073 358/358/358 1074/1074/1074
f 1074/1074/1074 358/358/358 1075/1075/1075
f 358/358/358 359/359/359 1075/1075/1075
f 359/359/359 362/362/362 1075/1075/1075
f 1075/1075/1075 362/362/362 1076/1076/1076
f 1076/1076/1076 362/362/362 1077/1077/1077
f 362/362/362 363/363/363 1077/1077/1077
f 363/363/363 366/366/366 1077/1077/1077
f 1077/1077/1077 366/366/366 1078/1078/1078
f 366/366/366 1079/1079/1079 1078/1078/1078
f 1078/1078/1078 1079/1079/1079 1080/1080/1080
f 1079/1079/1079 436/436/436 1080/1080/1080
f 436/436/436 437/437/437 1080/1080/1080
f 1080/1080/1080 437/437/437 1081/1081/1081
f 437/437/437 438/438/438 1081/1081/1081
f 1033/1033/1033 340/340/340 1064/1064/1064
f 366/366/366 367/367/367 1079/1079/1079
f 367/367/367 370/370/370 1079/1079/1079
f 1079/1079/1079 370/370/370 436/436/436
f 1081/1081/1081 1082/1082/1082 1080/1080/1080
f 1080/1080/1080 1082/1082/1082 1078/1078/1078
f 1082/1082/1082 1083/1083/1083 1078/1078/1078
f 1078/1078/1078 1083/1083/1083 1077/1077/1077
f 1077/1077/1077 1083/1083/1083 1076/1076/1076
f 1076/1076/1076 1083/1083/1083 1084/1084/1084
f 1084/1084/1084 1083/1083/1083 1085/1085/1085
f 1083/1083/1083 1082/1082/1082 1085/1085/1085
f 1085/1085/1085 1082/1082/1082 1086/1086/1086
f 1082/1082/1082 1081/1081/1081 1086/1086/1086
f 1086/1086/1086 1081/1081/1081 1087/1087/1087
f 1081/1081/1081 438/438/438 1087/1087/1087
f 438/438/438 439/439/439 1087/1087/1087
f 1087/1087/1087 439/439/439 1088/1088/1088
f 1088/1088/1088 439/439/439 1089/1089/1089
f 439/439/439 440/440/440 1089/1089/1089
f 1089/1089/1089 440/440/440 1090/1090/1090
f 1090/1090/1090 440/440/440 1091/1091/1091
f 440/440/440 441/441/441 1091/1091/1091
f 1091/1091/1091 441/441/441 1092/1092/1092
f 441/441/441 442/442/442 1092/1092/1092
f 1092/1092/1092 442/442/442 1093/1093/1093
f 442/442/442 443/443/443 1093/1093/1093
f 1093/1093/1093 443/443/443 1094/1094/1094
f 443/443/443 1095/1095/1095 1094/1094/1094
f 1094/1094/1094 1095/1095/1095 1096/1096/1096
f 1095/1095/1095 455/455/455 1096/1096/1096
f 1096/1096/1096 455/455/455 1097/1097/1097
f 455/455/455 460/460/460 1097/1097/1097
f 460/460/460 1098/1098/1098 1097/1097/1097
f 1097/1097/1097 1098/1098/1098 1099/1099/1099
f 1099/1099/1099 1098/1098/1098 1100/1100/1100
f 1100/1100/1100 1098/1098/1098 1101/1101/1101
f 1098/1098/1098 460/460/460 1101/1101/1101
f 1101/1101/1101 460/460/460 1102/1102/1102
f 460/460/460 459/459/459 1102/1102/1102
f 1102/1102/1102 459/459/459 1103/1103/1103
f 459/459/459 458/458/458 1103/1103/1103
f 458/458/458 595/595/595 1103/1103/1103
f 1103/1103/1103 595/595/595 1104/1104/1104
f 595/595/595 463/463/463 1104/1104/1104
f 1104/1104/1104 463/463/463 1105/1105/1105
f 463/463/463 464/464/464 1105/1105/1105
f 1105/1105/1105 464/464/464 1106/1106/1106
f 1106/1106/1106 464/464/464 1107/1107/1107
f 464/464/464 465/465/465 1107/1107/1107
f 465/465/465 466/466/466 1107/1107/1107
f 1107/1107/1107 466/466/466 1108/1108/1108
f 466/466/466 470/470/470 1108/1108/1108
f 1108/1108/1108 470/470/470 1109/1109/1109
f 470/470/470 471/471/471 1109/1109/1109
f 443/443/443 444/444/444 1095/1095/1095
f 444/444/444 455/455/455 1095/1095/1095
f 1097/1097/1097 1099/1099/1099 1096/1096/1096
f 1099/1099/1099 1094/1094/1094 1096/1096/1096
f 1109/1109/1109 1110/1110/1110 1108/1108/1108
f 1108/1108/1108 1110/1110/1110 1107/1107/1107
f 1107/1107/1107 1110/1110/1110 1111/1111/1111
f 1111/1111/1111 1110/1110/1110 1112/1112/1112
f 1110/1110/1110 1109/1109/1109 1112/1112/1112
f 1112/1112/1112 1109/1109/1109 1113/1113/1113
f 1109/1109/1109 1114/1114/1114 1113/1113/1113
f 1113/1113/1113 1114/1114/1114 1115/1115/1115
f 1115/1115/1115 1114/1114/1114 742/742/742
f 742/742/742 1114/1114/1114 741/741/741
f 741/741/741 1114/1114/1114 471/471/471
f 1114/1114/1114 1109/1109/1109 471/471/471
f 1115/1115/1115 1116/1116/1116 1113/1113/1113
f 1113/1113/1113 1116/1116/1116 1112/1112/1112
f 1116/1116/1116 1117/1117/1117 1112/1112/1112
f 1112/1112/1112 1117/1117/1117 1111/1111/1111
f 1117/1117/1117 1118/1118/1118 1111/1111/1111
f 1111/1111/1111 1118/1118/1118 1119/1119/1119
f 1118/1118/1118 1120/1120/1120 1119/1119/1119
f 1119/1119/1119 1120/1120/1120 1105/1105/1105
f 1105/1105/1105 1120/1120/1120 1104/1104/1104
f 1120/1120/1120 1121/1121/1121 1104/1104/1104
f 1104/1104/1104 1121/1121/1121 1103/1103/1103
f 1121/1121/1121 1122/1122/1122 1103/1103/1103
f 1103/1103/1103 1122/1122/1122 1102/1102/1102
f 1122/1122/1122 1123/1123/1123 1102/1102/1102
f 1102/1102/1102 1123/1123/1123 1101/1101/1101
f 1123/1123/1123 1124/1124/1124 1101/1101/1101
f 1101/1101/1101 1124/1124/1124 1100/1100/1100
f 1124/1124/1124 1125/1125/1125 1100/1100/1100
f 1125/1125/1125 1126/1126/1126 1100/1100/1100
f 1100/1100/1100 1126/1126/1126 1099/1099/1099
f 1126/1126/1126 1127/1127/1127 1099/1099/1099
f 1127/1127/1127 1128/1128/1128 1099/1099/1099
f 1099/1099/1099 1128/1128/1128 1094/1094/1094
f 1128/1128/1128 1129/1129/1129 1094/1094/1094
f 1129/1129/1129 1130/1130/1130 1094/1094/1094
f 1094/1094/1094 1130/1130/1130 1093/1093/1093
f 1130/1130/1130 1131/1131/1131 1093/1093/1093
f 1093/1093/1093 1131/1131/1131 1092/1092/1092
f 1131/1131/1131 1132/1132/1132 1092/1092/1092
f 1092/1092/1092 1132/1132/1132 1091/1091/1091
f 1132/1132/1132 1133/1133/1133 1091/1091/1091
f 1091/1091/1091 1133/1133/1133 1090/1090/1090
f 1133/1133/1133 1134/1134/1134 1090/1090/1090
f 1090/1090/1090 1134/1134/1134 1089/1089/1089
f 1089/1089/1089 1134/1134/1134 1088/1088/1088
f 1134/1134/1134 1135/1135/1135 1088/1088/1088
f 1135/1135/1135 1136/1136/1136 1088/1088/1088
f 1088/1088/1088 1136/1136/1136 1087/1087/1087
f 1087/1087/1087 1136/1136/1136 1086/1086/1086
f 1136/1136/1136 1137/1137/1137 1086/1086/1086
f 1086/1086/1086 1137/1137/1137 1085/1085/1085
f 1111/1111/1111 1119/1119/1119 1107/1107/1107
f 1107/1107/1107 1119/1119/1119 1106/1106/1106
f 1119/1119/1119 1105/1105/1105 1106/1106/1106
f 1137/1137/1137 1136/1136/1136 1138/1138/1138
f 1136/1136/1136 1135/1135/1135 1138/1138/1138
f 1085/1085/1085 1137/1137/1137 1139/1139/1139
f 1139/1139/1139 1137/1137/1137 1140/1140/1140
f 1137/1137/1137 1138/1138/1138 1140/1140/1140
f 1085/1085/1085 1139/1139/1139 1084/1084/1084
f 1139/1139/1139 1141/1141/1141 1084/1084/1084
f 1084/1084/1084 1141/1141/1141 1142/1142/1142
f 1141/1141/1141 1143/1143/1143 1142/1142/1142
f 1142/1142/1142 1143/1143/1143 1074/1074/1074
f 1143/1143/1143 1144/1144/1144 1074/1074/1074
f 1074/1074/1074 1144/1144/1144 1073/1073/1073
f 1073/1073/1073 1144/1144/1144 1072/1072/1072
f 1072/1072/1072 1144/1144/1144 1145/1145/1145
f 1145/1145/1145 1144/1144/1144 1146/1146/1146
f 1144/1144/1144 1143/1143/1143 1146/1146/1146
f 1146/1146/1146 1143/1143/1143 1147/1147/1147
f 1143/1143/1143 1141/1141/1141 1147/1147/1147
f 1147/1147/1147 1141/1141/1141 1148/1148/1148
f 1141/1141/1141 1139/1139/1139 1148/1148/1148
f 1139/1139/1139 1140/1140/1140 1148/1148/1148
f 1140/1140/1140 1149/1149/1149 1148/1148/1148
f 1149/1149/1149 1150/1150/1150 1148/1148/1148
f 1148/1148/1148 1150/1150/1150 1147/1147/1147
f 1150/1150/1150 1151/1151/1151 1147/1147/1147
f 1147/1147/1147 1151/1151/1151 1146/1146/1146
f 1151/1151/1151 1152/1152/1152 1146/1146/1146
f 1146/1146/1146 1152/1152/1152 1145/1145/1145
f 1084/1084/1084 1142/1142/1142 1076/1076/1076
f 1076/1076/1076 1142/1142/1142 1075/1075/1075
f 1142/1142/1142 1074/1074/1074 1075/1075/1075
f 1140/1140/1140 1153/1153/1153 1149/1149/1149
f 1153/1153/1153 1154/1154/1154 1149/1149/1149
f 1154/1154/1154 1155/1155/1155 1149/1149/1149
f 1149/1149/1149 1155/1155/1155 1150/1150/1150
f 1155/1155/1155 1156/1156/1156 1150/1150/1150
f 1150/1150/1150 1156/1156/1156 1151/1151/1151
f 1156/1156/1156 1157/1157/1157 1151/1151/1151
f 1151/1151/1151 1157/1157/1157 1152/1152/1152
f 1140/1140/1140 1138/1138/1138 1153/1153/1153
f 1153/1153/1153 1138/1138/1138 1158/1158/1158
f 1138/1138/1138 1135/1135/1135 1158/1158/1158
f 1158/1158/1158 1135/1135/1135 1159/1159/1159
f 1135/1135/1135 1134/1134/1134 1159/1159/1159
f 1159/1159/1159 1134/1134/1134 1160/1160/1160
f 1160/1160/1160 1134/1134/1134 1161/1161/1161
f 1134/1134/1134 1133/1133/1133 1161/1161/1161
f 1161/1161/1161 1133/1133/1133 1162/1162/1162
f 1133/1133/1133 1132/1132/1132 1162/1162/1162
f 1162/1162/1162 1132/1132/1132 1163/1163/1163
f 1132/1132/1132 1131/1131/1131 1163/1163/1163
f 1163/1163/1163 1131/1131/1131 1164/1164/1164
f 1131/1131/1131 1130/1130/1130 1164/1164/1164
f 1130/1130/1130 1129/1129/1129 1164/1164/1164
f 1164/1164/1164 1129/1129/1129 1165/1165/1165
f 1129/1129/1129 1128/1128/1128 1165/1165/1165
f 1128/1128/1128 1127/1127/1127 1165/1165/1165
f 1165/1165/1165 1127/1127/1127 1166/1166/1166
f 1127/1127/1127 1126/1126/1126 1166/1166/1166
f 1166/1166/1166 1126/1126/1126 1167/1167/1167
f 1126/1126/1126 1125/1125/1125 1167/1167/1167
f 1167/1167/1167 1125/1125/1125 1168/1168/1168
f 1168/1168/1168 1125/1125/1125 1169/1169/1169
f 1125/1125/1125 1124/1124/1124 1169/1169/1169
f 1169/1169/1169 1124/1124/1124 1170/1170/1170
f 1124/1124/1124 1123/1123/1123 1170/1170/1170
f 1170/1170/1170 1123/1123/1123 1171/1171/1171
f 1123/1123/1123 1122/1122/1122 1171/1171/1171
f 1171/1171/1171 1122/1122/1122 1172/1172/1172
f 1122/1122/1122 1121/1121/1121 1172/1172/1172
f 1121/1121/1121 1120/1120/1120 1172/1172/1172
f 1172/1172/1172 1120/1120/1120 1173/1173/1173
f 1120/1120/1120 1118/1118/1118 1173/1173/1173
f 1173/1173/1173 1118/1118/1118 1174/1174/1174
f 1118/1118/1118 1117/1117/1117 1174/1174/1174
f 1117/1117/1117 1116/1116/1116 1174/1174/1174
f 1174/1174/1174 1116/1116/1116 1175/1175/1175
f 1116/1116/1116 1115/1115/1115 1175/1175/1175
f 1175/1175/1175 1115/1115/1115 1176/1176/1176
f 1115/1115/1115 742/742/742 1176/1176/1176
f 742/742/742 743/743/743 1176/1176/1176
f 1176/1176/1176 743/743/743 1177/1177/1177
f 743/743/743 744/744/744 1177/1177/1177
f 1177/1177/1177 744/744/744 1178/1178/1178
f 744/744/744 745/745/745 1178/1178/1178
f 1178/1178/1178 745/745/745 1179/1179/1179
f 1179/1179/1179 745/745/745 1180/1180/1180
f 745/745/745 746/746/746 1180/1180/1180
f 1180/1180/1180 746/746/746 1181/1181/1181
f 746/746/746 747/747/747 1181/1181/1181
f 747/747/747 748/748/748 1181/1181/1181
f 748/748/748 749/749/749 1181/1181/1181
f 1181/1181/1181 749/749/749 1182/1182/1182
f 1182/1182/1182 749/749/749 1183/1183/1183
f 749/749/749 750/750/750 1183/1183/1183
f 750/750/750 751/751/751 1183/1183/1183
f 1183/1183/1183 751/751/751 1184/1184/1184
f 1184/1184/1184 751/751/751 1185/1185/1185
f 751/751/751 752/752/752 1185/1185/1185
f 752/752/752 753/753/753 1185/1185/1185
f 1185/1185/1185 753/753/753 1186/1186/1186
f 1186/1186/1186 753/753/753 1187/1187/1187
f 753/753/753 754/754/754 1187/1187/1187
f 754/754/754 755/755/755 1187/1187/1187
f 1187/1187/1187 755/755/755 1188/1188/1188
f 1188/1188/1188 755/755/755 1189/1189/1189
f 755/755/755 756/756/756 1189/1189/1189
f 756/756/756 757/757/757 1189/1189/1189
f 1189/1189/1189 757/757/757 1190/1190/1190
f 757/757/757 758/758/758 1190/1190/1190
f 1190/1190/1190 758/758/758 1191/1191/1191
f 1191/1191/1191 758/758/758 1192/1192/1192
f 758/758/758 759/759/759 1192/1192/1192
f 759/759/759 760/760/760 1192/1192/1192
f 1192/1192/1192 760/760/760 1193/1193/1193
f 1193/1193/1193 760/760/760 1194/1194/1194
f 760/760/760 761/761/761 1194/1194/1194
f 761/761/761 762/762/762 1194/1194/1194
f 1194/1194/1194 762/762/762 1195/1195/1195
f 762/762/762 763/763/763 1195/1195/1195
f 1195/1195/1195 763/763/763 1196/1196/1196
f 763/763/763 764/764/764 1196/1196/1196
f 1196/1196/1196 764/764/764 1197/1197/1197
f 764/764/764 765/765/765 1197/1197/1197
f 1173/1173/1173 1198/1198/1198 1172/1172/1172
f 1172/1172/1172 1198/1198/1198 1171/1171/1171
f 1171/1171/1171 1198/1198/1198 1170/1170/1170
f 1170/1170/1170 1198/1198/1198 1174/1174/1174
f 1198/1198/1198 1173/1173/1173 1174/1174/1174
f 768/768/768 1199/1199/1199 767/767/767
f 1199/1199/1199 1200/1200/1200 767/767/767
f 767/767/767 1200/1200/1200 765/765/765
f 1200/1200/1200 1201/1201/1201 765/765/765
f 1201/1201/1201 1202/1202/1202 765/765/765
f 765/765/765 1202/1202/1202 1197/1197/1197
f 1202/1202/1202 1203/1203/1203 1197/1197/1197
f 1197/1197/1197 1203/1203/1203 1196/1196/1196
f 768/768/768 905/905/905 1199/1199/1199
f 1199/1199/1199 905/905/905 1204/1204/1204
f 905/905/905 909/909/909 1204/1204/1204
f 909/909/909 1205/1205/1205 1204/1204/1204
f 1204/1204/1204 1205/1205/1205 1201/1201/1201
f 1205/1205/1205 1206/1206/1206 1201/1201/1201
f 1201/1201/1201 1206/1206/1206 1202/1202/1202
f 1206/1206/1206 1207/1207/1207 1202/1202/1202
f 1202/1202/1202 1207/1207/1207 1203/1203/1203
f 1199/1199/1199 1204/1204/1204 1200/1200/1200
f 1200/1200/1200 1204/1204/1204 1201/1201/1201
f 1207/1207/1207 1206/1206/1206 1208/1208/1208
f 1206/1206/1206 1205/1205/1205 1208/1208/1208
f 1208/1208/1208 1205/1205/1205 1209/1209/1209
f 1209/1209/1209 1205/1205/1205 1210/1210/1210
f 1205/1205/1205 1211/1211/1211 1210/1210/1210
f 1210/1210/1210 1211/1211/1211 910/910/910
f 910/910/910 1211/1211/1211 909/909/909
f 1211/1211/1211 1205/1205/1205 909/909/909
f 910/910/910 924/924/924 1210/1210/1210
f 924/924/924 925/925/925 1210/1210/1210
f 925/925/925 944/944/944 1210/1210/1210
f 1210/1210/1210 944/944/944 1212/1212/1212
f 944/944/944 945/945/945 1212/1212/1212
f 945/945/945 1213/1213/1213 1212/1212/1212
f 1212/1212/1212 1213/1213/1213 1209/1209/1209
f 1209/1209/1209 1213/1213/1213 1208/1208/1208
f 1213/1213/1213 1214/1214/1214 1208/1208/1208
f 1208/1208/1208 1214/1214/1214 1207/1207/1207
f 1214/1214/1214 1215/1215/1215 1207/1207/1207
f 1207/1207/1207 1215/1215/1215 1203/1203/1203
f 1215/1215/1215 1216/1216/1216 1203/1203/1203
f 1203/1203/1203 1216/1216/1216 1196/1196/1196
f 1216/1216/1216 1217/1217/1217 1196/1196/1196
f 1217/1217/1217 1218/1218/1218 1196/1196/1196
f 1196/1196/1196 1218/1218/1218 1195/1195/1195
f 1218/1218/1218 1219/1219/1219 1195/1195/1195
f 1195/1195/1195 1219/1219/1219 1194/1194/1194
f 1194/1194/1194 1219/1219/1219 1193/1193/1193
f 1219/1219/1219 1220/1220/1220 1193/1193/1193
f 1220/1220/1220 1221/1221/1221 1193/1193/1193
f 1193/1193/1193 1221/1221/1221 1192/1192/1192
f 1192/1192/1192 1221/1221/1221 1191/1191/1191
f 1221/1221/1221 1222/1222/1222 1191/1191/1191
f 1222/1222/1222 1223/1223/1223 1191/1191/1191
f 1191/1191/1191 1223/1223/1223 1190/1190/1190
f 1190/1190/1190 1223/1223/1223 1189/1189/1189
f 1223/1223/1223 1224/1224/1224 1189/1189/1189
f 1224/1224/1224 1225/1225/1225 1189/1189/1189
f 1189/1189/1189 1225/1225/1225 1188/1188/1188
f 1225/1225/1225 1226/1226/1226 1188/1188/1188
f 1188/1188/1188 1226/1226/1226 1187/1187/1187
f 1187/1187/1187 1226/1226/1226 1186/1186/1186
f 1226/1226/1226 1227/1227/1227 1186/1186/1186
f 1227/1227/1227 1228/1228/1228 1186/1186/1186
f 1186/1186/1186 1228/1228/1228 1185/1185/1185
f 1185/1185/1185 1228/1228/1228 1184/1184/1184
f 1228/1228/1228 1229/1229/1229 1184/1184/1184
f 1229/1229/1229 1230/1230/1230 1184/1184/1184
f 1184/1184/1184 1230/1230/1230 1183/1183/1183
f 1183/1183/1183 1230/1230/1230 1182/1182/1182
f 1230/1230/1230 1231/1231/1231 1182/1182/1182
f 1182/1182/1182 1231/1231/1231 1181/1181/1181
f 1231/1231/1231 1232/1232/1232 1181/1181/1181
f 1181/1181/1181 1232/1232/1232 1180/1180/1180
f 1232/1232/1232 1233/1233/1233 1180/1180/1180
f 1180/1180/1180 1233/1233/1233 1179/1179/1179
f 1233/1233/1233 1166/1166/1166 1179/1179/1179
f 1166/1166/1166 1167/1167/1167 1179/1179/1179
f 1179/1179/1179 1167/1167/1167 1178/1178/1178
f 1167/1167/1167 1168/1168/1168 1178/1178/1178
f 1178/1178/1178 1168/1168/1168 1177/1177/1177
f 1168/1168/1168 1234/1234/1234 1177/1177/1177
f 1177/1177/1177 1234/1234/1234 1176/1176/1176
f 1176/1176/1176 1234/1234/1234 1175/1175/1175
f 1234/1234/1234 1235/1235/1235 1175/1175/1175
f 1175/1175/1175 1235/1235/1235 1174/1174/1174
f 1174/1174/1174 1235/1235/1235 1170/1170/1170
f 1235/1235/1235 1234/1234/1234 1170/1170/1170
f 1170/1170/1170 1234/1234/1234 1169/1169/1169
f 1234/1234/1234 1168/1168/1168 1169/1169/1169
f 1210/1210/1210 1212/1212/1212 1209/1209/1209
f 1166/1166/1166 1233/1233/1233 1165/1165/1165
f 1165/1165/1165 1233/1233/1233 1236/1236/1236
f 1233/1233/1233 1232/1232/1232 1236/1236/1236
f 1236/1236/1236 1232/1232/1232 1237/1237/1237
f 1232/1232/1232 1231/1231/1231 1237/1237/1237
f 1231/1231/1231 1230/1230/1230 1237/1237/1237
f 1237/1237/1237 1230/1230/1230 1238/1238/1238
f 1230/1230/1230 1229/1229/1229 1238/1238/1238
f 1238/1238/1238 1229/1229/1229 1239/1239/1239
f 1239/1239/1239 1229/1229/1229 1240/1240/1240
f 1229/1229/1229 1228/1228/1228 1240/1240/1240
f 1228/1228/1228 1227/1227/1227 1240/1240/1240
f 1240/1240/1240 1227/1227/1227 1241/1241/1241
f 1227/1227/1227 1226/1226/1226 1241/1241/1241
f 1241/1241/1241 1226/1226/1226 1242/1242/1242
f 1242/1242/1242 1226/1226/1226 1243/1243/1243
f 1226/1226/1226 1225/1225/1225 1243/1243/1243
f 1225/1225/1225 1224/1224/1224 1243/1243/1243
f 1243/1243/1243 1224/1224/1224 1244/1244/1244
f 1244/1244/1244 1224/1224/1224 1245/1245/1245
f 1224/1224/1224 1223/1223/1223 1245/1245/1245
f 1223/1223/1223 1222/1222/1222 1245/1245/1245
f 1245/1245/1245 1222/1222/1222 1246/1246/1246
f 1246/1246/1246 1222/1222/1222 1247/1247/1247
f 1222/1222/1222 1221/1221/1221 1247/1247/1247
f 1221/1221/1221 1220/1220/1220 1247/1247/1247
f 1247/1247/1247 1220/1220/1220 1248/1248/1248
f 1248/1248/1248 1220/1220/1220 1249/1249/1249
f 1220/1220/1220 1219/1219/1219 1249/1249/1249
f 1219/1219/1219 1218/1218/1218 1249/1249/1249
f 1218/1218/1218 1217/1217/1217 1249/1249/1249
f 1249/1249/1249 1217/1217/1217 1250/1250/1250
f 1217/1217/1217 1216/1216/1216 1250/1250/1250
f 1250/1250/1250 1216/1216/1216 1251/1251/1251
f 1216/1216/1216 1215/1215/1215 1251/1251/1251
f 1251/1251/1251 1215/1215/1215 1252/1252/1252
f 1215/1215/1215 1214/1214/1214 1252/1252/1252
f 1252/1252/1252 1214/1214/1214 1253/1253/1253
f 1214/1214/1214 1213/1213/1213 1253/1253/1253
f 1213/1213/1213 1254/1254/1254 1253/1253/1253
f 1254/1254/1254 1255/1255/1255 1253/1253/1253
f 1255/1255/1255 1256/1256/1256 1253/1253/1253
f 1253/1253/1253 1256/1256/1256 1252/1252/1252
f 1256/1256/1256 1257/1257/1257 1252/1252/1252
f 1252/1252/1252 1257/1257/1257 1251/1251/1251
f 1257/1257/1257 1258/1258/1258 1251/1251/1251
f 1251/1251/1251 1258/1258/1258 1250/1250/1250
f 1258/1258/1258 1259/1259/1259 1250/1250/1250
f 1250/1250/1250 1259/1259/1259 1249/1249/1249
f 1259/1259/1259 1260/1260/1260 1249/1249/1249
f 1249/1249/1249 1260/1260/1260 1248/1248/1248
f 1260/1260/1260 1261/1261/1261 1248/1248/1248
f 1248/1248/1248 1261/1261/1261 1247/1247/1247
f 1247/1247/1247 1261/1261/1261 1246/1246/1246
f 1261/1261/1261 1262/1262/1262 1246/1246/1246
f 1262/1262/1262 1263/1263/1263 1246/1246/1246
f 1246/1246/1246 1263/1263/1263 1245/1245/1245
f 1245/1245/1245 1263/1263/1263 1244/1244/1244
f 1263/1263/1263 1264/1264/1264 1244/1244/1244
f 1264/1264/1264 1265/1265/1265 1244/1244/1244
f 1244/1244/1244 1265/1265/1265 1243/1243/1243
f 1243/1243/1243 1265/1265/1265 1242/1242/1242
f 1265/1265/1265 1266/1266/1266 1242/1242/1242
f 1266/1266/1266 1267/1267/1267 1242/1242/1242
f 1242/1242/1242 1267/1267/1267 1241/1241/1241
f 1241/1241/1241 1267/1267/1267 1240/1240/1240
f 1267/1267/1267 1268/1268/1268 1240/1240/1240
f 1268/1268/1268 1269/1269/1269 1240/1240/1240
f 1240/1240/1240 1269/1269/1269 1239/1239/1239
f 1269/1269/1269 1270/1270/1270 1239/1239/1239
f 1239/1239/1239 1270/1270/1270 1238/1238/1238
f 1238/1238/1238 1270/1270/1270 1237/1237/1237
f 1270/1270/1270 1271/1271/1271 1237/1237/1237
f 1237/1237/1237 1271/1271/1271 1272/1272/1272
f 1271/1271/1271 1164/1164/1164 1272/1272/1272
f 1164/1164/1164 1165/1165/1165 1272/1272/1272
f 1165/1165/1165 1236/1236/1236 1272/1272/1272
f 1272/1272/1272 1236/1236/1236 1237/1237/1237
f 1164/1164/1164 1271/1271/1271 1273/1273/1273
f 1271/1271/1271 1270/1270/1270 1273/1273/1273
f 1273/1273/1273 1270/1270/1270 1274/1274/1274
f 1274/1274/1274 1270/1270/1270 1275/1275/1275
f 1270/1270/1270 1269/1269/1269 1275/1275/1275
f 1269/1269/1269 1268/1268/1268 1275/1275/1275
f 1275/1275/1275 1268/1268/1268 1276/1276/1276
f 1276/1276/1276 1268/1268/1268 1277/1277/1277
f 1268/1268/1268 1267/1267/1267 1277/1277/1277
f 1267/1267/1267 1266/1266/1266 1277/1277/1277
f 1277/1277/1277 1266/1266/1266 1278/1278/1278
f 1278/1278/1278 1266/1266/1266 1279/1279/1279
f 1266/1266/1266 1265/1265/1265 1279/1279/1279
f 1265/1265/1265 1264/1264/1264 1279/1279/1279
f 1279/1279/1279 1264/1264/1264 1280/1280/1280
f 1280/1280/1280 1264/1264/1264 1281/1281/1281
f 1264/1264/1264 1263/1263/1263 1281/1281/1281
f 1263/1263/1263 1262/1262/1262 1281/1281/1281
f 1281/1281/1281 1262/1262/1262 1282/1282/1282
f 1262/1262/1262 1261/1261/1261 1282/1282/1282
f 1282/1282/1282 1261/1261/1261 1283/1283/1283
f 1283/1283/1283 1261/1261/1261 1284/1284/1284
f 1261/1261/1261 1260/1260/1260 1284/1284/1284
f 1260/1260/1260 1259/1259/1259 1284/1284/1284
f 1284/1284/1284 1259/1259/1259 1285/1285/1285
f 1259/1259/1259 1258/1258/1258 1285/1285/1285
f 1285/1285/1285 1258/1258/1258 1286/1286/1286
f 1258/1258/1258 1257/1257/1257 1286/1286/1286
f 1286/1286/1286 1257/1257/1257 1287/1287/1287
f 1257/1257/1257 1256/1256/1256 1287/1287/1287
f 1287/1287/1287 1256/1256/1256 1288/1288/1288
f 1256/1256/1256 1255/1255/1255 1288/1288/1288
f 1288/1288/1288 1255/1255/1255 1289/1289/1289
f 1255/1255/1255 1254/1254/1254 1289/1289/1289
f 1289/1289/1289 1254/1254/1254 1290/1290/1290
f 1254/1254/1254 1213/1213/1213 1290/1290/1290
f 1290/1290/1290 1213/1213/1213 958/958/958
f 1213/1213/1213 945/945/945 958/958/958
f 1164/1164/1164 1273/1273/1273 1163/1163/1163
f 1273/1273/1273 1274/1274/1274 1163/1163/1163
f 1163/1163/1163 1274/1274/1274 1162/1162/1162
f 958/958/958 950/950/950 1290/1290/1290
f 950/950/950 1291/1291/1291 1290/1290/1290
f 1290/1290/1290 1291/1291/1291 1289/1289/1289
f 1289/1289/1289 1291/1291/1291 1288/1288/1288
f 1291/1291/1291 1292/1292/1292 1288/1288/1288
f 1292/1292/1292 1293/1293/1293 1288/1288/1288
f 1288/1288/1288 1293/1293/1293 1287/1287/1287
f 1293/1293/1293 1294/1294/1294 1287/1287/1287
f 1287/1287/1287 1294/1294/1294 1286/1286/1286
f 1294/1294/1294 1295/1295/1295 1286/1286/1286
f 1286/1286/1286 1295/1295/1295 1285/1285/1285
f 1295/1295/1295 1296/1296/1296 1285/1285/1285
f 1285/1285/1285 1296/1296/1296 1284/1284/1284
f 1284/1284/1284 1296/1296/1296 1283/1283/1283
f 1296/1296/1296 1297/1297/1297 1283/1283/1283
f 1297/1297/1297 1298/1298/1298 1283/1283/1283
f 1283/1283/1283 1298/1298/1298 1282/1282/1282
f 1282/1282/1282 1298/1298/1298 1281/1281/1281
f 1298/1298/1298 1299/1299/1299 1281/1281/1281
f 1299/1299/1299 1300/1300/1300 1281/1281/1281
f 1281/1281/1281 1300/1300/1300 1280/1280/1280
f 1300/1300/1300 1301/1301/1301 1280/1280/1280
f 1280/1280/1280 1301/1301/1301 1279/1279/1279
f 1279/1279/1279 1301/1301/1301 1278/1278/1278
f 1301/1301/1301 1302/1302/1302 1278/1278/1278
f 1302/1302/1302 1303/1303/1303 1278/1278/1278
f 1278/1278/1278 1303/1303/1303 1277/1277/1277
f 1277/1277/1277 1303/1303/1303 1276/1276/1276
f 1303/1303/1303 1304/1304/1304 1276/1276/1276
f 1276/1276/1276 1304/1304/1304 1305/1305/1305
f 1304/1304/1304 1161/1161/1161 1305/1305/1305
f 1161/1161/1161 1162/1162/1162 1305/1305/1305
f 1162/1162/1162 1274/1274/1274 1305/1305/1305
f 1274/1274/1274 1275/1275/1275 1305/1305/1305
f 1305/1305/1305 1275/1275/1275 1276/1276/1276
f 1161/1161/1161 1304/1304/1304 1160/1160/1160
f 1160/1160/1160 1304/1304/1304 1306/1306/1306
f 1304/1304/1304 1303/1303/1303 1306/1306/1306
f 1303/1303/1303 1302/1302/1302 1306/1306/1306
f 1306/1306/1306 1302/1302/1302 1307/1307/1307
f 1302/1302/1302 1301/1301/1301 1307/1307/1307
f 1307/1307/1307 1301/1301/1301 1308/1308/1308
f 1308/1308/1308 1301/1301/1301 1309/1309/1309
f 1301/1301/1301 1300/1300/1300 1309/1309/1309
f 1300/1300/1300 1299/1299/1299 1309/1309/1309
f 1309/1309/1309 1299/1299/1299 1310/1310/1310
f 1310/1310/1310 1299/1299/1299 1311/1311/1311
f 1299/1299/1299 1298/1298/1298 1311/1311/1311
f 1298/1298/1298 1297/1297/1297 1311/1311/1311
f 1311/1311/1311 1297/1297/1297 1312/1312/1312
f 1312/1312/1312 1297/1297/1297 1313/1313/1313
f 1297/1297/1297 1296/1296/1296 1313/1313/1313
f 1296/1296/1296 1295/1295/1295 1313/1313/1313
f 1313/1313/1313 1295/1295/1295 1314/1314/1314
f 1295/1295/1295 1294/1294/1294 1314/1314/1314
f 1314/1314/1314 1294/1294/1294 1315/1315/1315
f 1294/1294/1294 1293/1293/1293 1315/1315/1315
f 1315/1315/1315 1293/1293/1293 1316/1316/1316
f 1293/1293/1293 1292/1292/1292 1316/1316/1316
f 1316/1316/1316 1292/1292/1292 1317/1317/1317
f 1317/1317/1317 1292/1292/1292 1318/1318/1318
f 1292/1292/1292 1291/1291/1291 1318/1318/1318
f 1291/1291/1291 950/950/950 1318/1318/1318
f 1318/1318/1318 950/950/950 1319/1319/1319
f 950/950/950 1320/1320/1320 1319/1319/1319
f 1319/1319/1319 1320/1320/1320 1321/1321/1321
f 1321/1321/1321 1320/1320/1320 1322/1322/1322
f 1322/1322/1322 1320/1320/1320 1323/1323/1323
f 1320/1320/1320 951/951/951 1323/1323/1323
f 1323/1323/1323 951/951/951 952/952/952
f 950/950/950 951/951/951 1320/1320/1320
f 1319/1319/1319 1321/1321/1321 1318/1318/1318
f 1321/1321/1321 1324/1324/1324 1318/1318/1318
f 1318/1318/1318 1324/1324/1324 1325/1325/1325
f 1325/1325/1325 1324/1324/1324 1326/1326/1326
f 1324/1324/1324 1321/1321/1321 1326/1326/1326
f 1326/1326/1326 1321/1321/1321 1063/1063/1063
f 1063/1063/1063 1321/1321/1321 1062/1062/1062
f 1321/1321/1321 1322/1322/1322 1062/1062/1062
f 1062/1062/1062 1322/1322/1322 1061/1061/1061
f 1322/1322/1322 1327/1327/1327 1061/1061/1061
f 1061/1061/1061 1327/1327/1327 1060/1060/1060
f 1327/1327/1327 1328/1328/1328 1060/1060/1060
f 1060/1060/1060 1328/1328/1328 1059/1059/1059
f 1318/1318/1318 1325/1325/1325 1317/1317/1317
f 1322/1322/1322 1323/1323/1323 1327/1327/1327
f 1323/1323/1323 1329/1329/1329 1327/1327/1327
f 1327/1327/1327 1329/1329/1329 1328/1328/1328
f 1323/1323/1323 952/952/952 1329/1329/1329
f 1329/1329/1329 952/952/952 1330/1330/1330
f 952/952/952 953/953/953 1330/1330/1330
f 953/953/953 954/954/954 1330/1330/1330
f 1330/1330/1330 954/954/954 1331/1331/1331
f 954/954/954 956/956/956 1331/1331/1331
f 1331/1331/1331 956/956/956 1332/1332/1332
f 956/956/956 961/961/961 1332/1332/1332
f 1332/1332/1332 1333/1333/1333 1331/1331/1331
f 1331/1331/1331 1333/1333/1333 1330/1330/1330
f 1330/1330/1330 1333/1333/1333 1329/1329/1329
f 1333/1333/1333 1334/1334/1334 1329/1329/1329
f 1329/1329/1329 1334/1334/1334 1335/1335/1335
f 1334/1334/1334 1336/1336/1336 1335/1335/1335
f 1335/1335/1335 1336/1336/1336 1059/1059/1059
f 1059/1059/1059 1336/1336/1336 1058/1058/1058
f 1058/1058/1058 1336/1336/1336 1057/1057/1057
f 1057/1057/1057 1336/1336/1336 1056/1056/1056
f 1336/1336/1336 1337/1337/1337 1056/1056/1056
f 1056/1056/1056 1337/1337/1337 1055/1055/1055
f 1337/1337/1337 1338/1338/1338 1055/1055/1055
f 1055/1055/1055 1338/1338/1338 1054/1054/1054
f 1054/1054/1054 1338/1338/1338 1339/1339/1339
f 1338/1338/1338 1340/1340/1340 1339/1339/1339
f 1339/1339/1339 1340/1340/1340 960/960/960
f 960/960/960 1340/1340/1340 961/961/961
f 961/961/961 1340/1340/1340 1332/1332/1332
f 1340/1340/1340 1341/1341/1341 1332/1332/1332
f 1332/1332/1332 1341/1341/1341 1333/1333/1333
f 1333/1333/1333 1341/1341/1341 1334/1334/1334
f 1341/1341/1341 1342/1342/1342 1334/1334/1334
f 1334/1334/1334 1342/1342/1342 1336/1336/1336
f 1336/1336/1336 1342/1342/1342 1337/1337/1337
f 1342/1342/1342 1341/1341/1341 1337/1337/1337
f 1341/1341/1341 1340/1340/1340 1337/1337/1337
f 1337/1337/1337 1340/1340/1340 1338/1338/1338
f 1329/1329/1329 1335/1335/1335 1328/1328/1328
f 1328/1328/1328 1335/1335/1335 1059/1059/1059
f 960/960/960 959/959/959 1339/1339/1339
f 1339/1339/1339 959/959/959 1343/1343/1343
f 959/959/959 1344/1344/1344 1343/1343/1343
f 1343/1343/1343 1344/1344/1344 1054/1054/1054
f 1054/1054/1054 1344/1344/1344 1053/1053/1053
f 1344/1344/1344 1345/1345/1345 1053/1053/1053
f 1345/1345/1345 1346/1346/1346 1053/1053/1053
f 1053/1053/1053 1346/1346/1346 1052/1052/1052
f 1346/1346/1346 1347/1347/1347 1052/1052/1052
f 1052/1052/1052 1347/1347/1347 1051/1051/1051
f 1347/1347/1347 1348/1348/1348 1051/1051/1051
f 1051/1051/1051 1348/1348/1348 1050/1050/1050
f 1348/1348/1348 1349/1349/1349 1050/1050/1050
f 1050/1050/1050 1349/1349/1349 1049/1049/1049
f 1349/1349/1349 1350/1350/1350 1049/1049/1049
f 1049/1049/1049 1350/1350/1350 1048/1048/1048
f 1350/1350/1350 1351/1351/1351 1048/1048/1048
f 1351/1351/1351 1352/1352/1352 1048/1048/1048
f 1048/1048/1048 1352/1352/1352 1046/1046/1046
f 1352/1352/1352 1353/1353/1353 1046/1046/1046
f 1046/1046/1046 1353/1353/1353 1021/1021/1021
f 1353/1353/1353 1354/1354/1354 1021/1021/1021
f 1021/1021/1021 1354/1354/1354 1012/1012/1012
f 1354/1354/1354 1355/1355/1355 1012/1012/1012
f 1012/1012/1012 1355/1355/1355 1011/1011/1011
f 1355/1355/1355 1356/1356/1356 1011/1011/1011
f 1011/1011/1011 1356/1356/1356 1010/1010/1010
f 1010/1010/1010 1356/1356/1356 1009/1009/1009
f 1356/1356/1356 1357/1357/1357 1009/1009/1009
f 1357/1357/1357 1358/1358/1358 1009/1009/1009
f 1009/1009/1009 1358/1358/1358 1008/1008/1008
f 1008/1008/1008 1358/1358/1358 1007/1007/1007
f 1007/1007/1007 1358/1358/1358 1359/1359/1359
f 1359/1359/1359 1358/1358/1358 1360/1360/1360
f 1358/1358/1358 1357/1357/1357 1360/1360/1360
f 1360/1360/1360 1357/1357/1357 1361/1361/1361
f 1361/1361/1361 1357/1357/1357 1362/1362/1362
f 1357/1357/1357 1356/1356/1356 1362/1362/1362
f 1362/1362/1362 1356/1356/1356 1363/1363/1363
f 1356/1356/1356 1355/1355/1355 1363/1363/1363
f 1355/1355/1355 1354/1354/1354 1363/1363/1363
f 1354/1354/1354 1353/1353/1353 1363/1363/1363
f 1363/1363/1363 1353/1353/1353 1362/1362/1362
f 1353/1353/1353 1352/1352/1352 1362/1362/1362
f 1352/1352/1352 1351/1351/1351 1362/1362/1362
f 1351/1351/1351 1364/1364/1364 1362/1362/1362
f 1364/1364/1364 1365/1365/1365 1362/1362/1362
f 1362/1362/1362 1365/1365/1365 1361/1361/1361
f 1365/1365/1365 996/996/996 1361/1361/1361
f 1361/1361/1361 996/996/996 1360/1360/1360
f 996/996/996 1366/1366/1366 1360/1360/1360
f 1360/1360/1360 1366/1366/1366 1359/1359/1359
f 1359/1359/1359 1366/1366/1366 1367/1367/1367
f 1366/1366/1366 998/998/998 1367/1367/1367
f 998/998/998 999/999/999 1367/1367/1367
f 999/999/999 1000/1000/1000 1367/1367/1367
f 1000/1000/1000 1005/1005/1005 1367/1367/1367
f 1005/1005/1005 1006/1006/1006 1367/1367/1367
f 1006/1006/1006 1007/1007/1007 1367/1367/1367
f 1367/1367/1367 1007/1007/1007 1359/1359/1359
f 1054/1054/1054 1339/1339/1339 1343/1343/1343
f 998/998/998 1366/1366/1366 997/997/997
f 1366/1366/1366 996/996/996 997/997/997
f 1349/1349/1349 1368/1368/1368 1350/1350/1350
f 1368/1368/1368 1351/1351/1351 1350/1350/1350
f 1365/1365/1365 1369/1369/1369 996/996/996
f 996/996/996 1369/1369/1369 995/995/995
f 995/995/995 1369/1369/1369 994/994/994
f 1369/1369/1369 1370/1370/1370 994/994/994
f 1370/1370/1370 1371/1371/1371 994/994/994
f 994/994/994 1371/1371/1371 993/993/993
f 1371/1371/1371 1372/1372/1372 993/993/993
f 993/993/993 1372/1372/1372 992/992/992
f 1372/1372/1372 1373/1373/1373 992/992/992
f 992/992/992 1373/1373/1373 991/991/991
f 1373/1373/1373 1374/1374/1374 991/991/991
f 991/991/991 1374/1374/1374 990/990/990
f 1374/1374/1374 1375/1375/1375 990/990/990
f 990/990/990 1375/1375/1375 989/989/989
f 1375/1375/1375 1376/1376/1376 989/989/989
f 989/989/989 1376/1376/1376 988/988/988
f 1376/1376/1376 1377/1377/1377 988/988/988
f 988/988/988 1377/1377/1377 987/987/987
f 987/987/987 1377/1377/1377 986/986/986
f 986/986/986 1377/1377/1377 985/985/985
f 985/985/985 1377/1377/1377 984/984/984
f 1377/1377/1377 1378/1378/1378 984/984/984
f 984/984/984 1378/1378/1378 980/980/980
f 1365/1365/1365 1364/1364/1364 1369/1369/1369
f 1369/1369/1369 1364/1364/1364 1379/1379/1379
f 1364/1364/1364 1351/1351/1351 1379/1379/1379
f 1379/1379/1379 1380/1380/1380 1369/1369/1369
f 1380/1380/1380 1370/1370/1370 1369/1369/1369
f 1378/1378/1378 1377/1377/1377 1381/1381/1381
f 1377/1377/1377 1376/1376/1376 1381/1381/1381
f 1381/1381/1381 1376/1376/1376 1382/1382/1382
f 1376/1376/1376 1375/1375/1375 1382/1382/1382
f 1382/1382/1382 1375/1375/1375 1383/1383/1383
f 1375/1375/1375 1374/1374/1374 1383/1383/1383
f 1383/1383/1383 1374/1374/1374 1384/1384/1384
f 1374/1374/1374 1373/1373/1373 1384/1384/1384
f 1384/1384/1384 1373/1373/1373 1385/1385/1385
f 1373/1373/1373 1372/1372/1372 1385/1385/1385
f 1385/1385/1385 1386/1386/1386 1384/1384/1384
f 1384/1384/1384 1386/1386/1386 1383/1383/1383
f 1386/1386/1386 1387/1387/1387 1383/1383/1383
f 1387/1387/1387 1388/1388/1388 1383/1383/1383
f 1383/1383/1383 1388/1388/1388 1382/1382/1382
f 1388/1388/1388 1389/1389/1389 1382/1382/1382
f 1382/1382/1382 1389/1389/1389 1381/1381/1381
f 1381/1381/1381 1389/1389/1389 1378/1378/1378
f 1389/1389/1389 1390/1390/1390 1378/1378/1378
f 1378/1378/1378 1390/1390/1390 980/980/980
f 1390/1390/1390 1391/1391/1391 980/980/980
f 980/980/980 1391/1391/1391 978/978/978
f 978/978/978 1391/1391/1391 976/976/976
f 976/976/976 1391/1391/1391 977/977/977
f 1391/1391/1391 1392/1392/1392 977/977/977
f 977/977/977 1392/1392/1392 1393/1393/1393
f 1392/1392/1392 1394/1394/1394 1393/1393/1393
f 1394/1394/1394 1395/1395/1395 1393/1393/1393
f 1395/1395/1395 1396/1396/1396 1393/1393/1393
f 1393/1393/1393 1396/1396/1396 973/973/973
f 973/973/973 1396/1396/1396 974/974/974
f 1396/1396/1396 1397/1397/1397 974/974/974
f 974/974/974 1397/1397/1397 975/975/975
f 1390/1390/1390 1389/1389/1389 1391/1391/1391
f 1391/1391/1391 1389/1389/1389 1392/1392/1392
f 1389/1389/1389 1394/1394/1394 1392/1392/1392
f 977/977/977 1393/1393/1393 973/973/973
f 1385/1385/1385 1398/1398/1398 1386/1386/1386
f 1386/1386/1386 1398/1398/1398 1387/1387/1387
f 1397/1397/1397 1396/1396/1396 1399/1399/1399
f 1396/1396/1396 1395/1395/1395 1399/1399/1399
f 1399/1399/1399 1395/1395/1395 1400/1400/1400
f 1395/1395/1395 1394/1394/1394 1400/1400/1400
f 1400/1400/1400 1394/1394/1394 1401/1401/1401
f 1394/1394/1394 1389/1389/1389 1401/1401/1401
f 1401/1401/1401 1389/1389/1389 1402/1402/1402
f 1389/1389/1389 1388/1388/1388 1402/1402/1402
f 1402/1402/1402 1388/1388/1388 1403/1403/1403
f 1388/1388/1388 1387/1387/1387 1403/1403/1403
f 1403/1403/1403 1387/1387/1387 1404/1404/1404
f 1387/1387/1387 1398/1398/1398 1404/1404/1404
f 1404/1404/1404 1398/1398/1398 1405/1405/1405
f 1398/1398/1398 1385/1385/1385 1405/1405/1405
f 1385/1385/1385 1372/1372/1372 1405/1405/1405
f 1372/1372/1372 1371/1371/1371 1405/1405/1405
f 1371/1371/1371 1370/1370/1370 1405/1405/1405
f 1370/1370/1370 1380/1380/1380 1405/1405/1405
f 1405/1405/1405 1380/1380/1380 1406/1406/1406
f 1380/1380/1380 1379/1379/1379 1406/1406/1406
f 1405/1405/1405 1406/1406/1406 1404/1404/1404
f 1406/1406/1406 1407/1407/1407 1404/1404/1404
f 1404/1404/1404 1407/1407/1407 1403/1403/1403
f 1407/1407/1407 1408/1408/1408 1403/1403/1403
f 1408/1408/1408 1409/1409/1409 1403/1403/1403
f 1403/1403/1403 1409/1409/1409 1402/1402/1402
f 1409/1409/1409 1410/1410/1410 1402/1402/1402
f 1402/1402/1402 1410/1410/1410 1401/1401/1401
f 1401/1401/1401 1410/1410/1410 1400/1400/1400
f 1400/1400/1400 1410/1410/1410 1399/1399/1399
f 1399/1399/1399 1410/1410/1410 1411/1411/1411
f 1411/1411/1411 1410/1410/1410 1412/1412/1412
f 1410/1410/1410 1409/1409/1409 1412/1412/1412
f 1409/1409/1409 1408/1408/1408 1412/1412/1412
f 1412/1412/1412 1408/1408/1408 1413/1413/1413
f 1408/1408/1408 1414/1414/1414 1413/1413/1413
f 1413/1413/1413 1414/1414/1414 1415/1415/1415
f 1415/1415/1415 1414/1414/1414 1416/1416/1416
f 1416/1416/1416 1414/1414/1414 1417/1417/1417
f 1414/1414/1414 1408/1408/1408 1417/1417/1417
f 1408/1408/1408 1407/1407/1407 1417/1417/1417
f 1417/1417/1417 1407/1407/1407 1406/1406/1406
f 1411/1411/1411 1412/1412/1412 1418/1418/1418
f 1418/1418/1418 1412/1412/1412 1419/1419/1419
f 1419/1419/1419 1412/1412/1412 1420/1420/1420
f 1412/1412/1412 1413/1413/1413 1420/1420/1420
f 1420/1420/1420 1413/1413/1413 1421/1421/1421
f 1413/1413/1413 1415/1415/1415 1421/1421/1421
f 1411/1411/1411 1418/1418/1418 1399/1399/1399
f 1418/1418/1418 1422/1422/1422 1399/1399/1399
f 1399/1399/1399 1422/1422/1422 1397/1397/1397
f 1422/1422/1422 1423/1423/1423 1397/1397/1397
f 1397/1397/1397 1423/1423/1423 975/975/975
f 1423/1423/1423 1424/1424/1424 975/975/975
f 975/975/975 1424/1424/1424 1425/1425/1425
f 1424/1424/1424 1426/1426/1426 1425/1425/1425
f 1425/1425/1425 1426/1426/1426 966/966/966
f 966/966/966 1426/1426/1426 965/965/965
f 1426/1426/1426 1427/1427/1427 965/965/965
f 965/965/965 1427/1427/1427 964/964/964
f 1427/1427/1427 1428/1428/1428 964/964/964
f 964/964/964 1428/1428/1428 963/963/963
f 1428/1428/1428 1429/1429/1429 963/963/963
f 1429/1429/1429 1430/1430/1430 963/963/963
f 963/963/963 1430/1430/1430 962/962/962
f 1430/1430/1430 1431/1431/1431 962/962/962
f 962/962/962 1431/1431/1431 959/959/959
f 975/975/975 1425/1425/1425 966/966/966
f 1422/1422/1422 1432/1432/1432 1423/1423/1423
f 1432/1432/1432 1424/1424/1424 1423/1423/1423
f 1431/1431/1431 1430/1430/1430 1433/1433/1433
f 1430/1430/1430 1429/1429/1429 1433/1433/1433
f 1433/1433/1433 1429/1429/1429 1434/1434/1434
f 1434/1434/1434 1429/1429/1429 1435/1435/1435
f 1429/1429/1429 1428/1428/1428 1435/1435/1435
f 1428/1428/1428 1427/1427/1427 1435/1435/1435
f 1435/1435/1435 1427/1427/1427 1436/1436/1436
f 1427/1427/1427 1426/1426/1426 1436/1436/1436
f 1426/1426/1426 1424/1424/1424 1436/1436/1436
f 1436/1436/1436 1424/1424/1424 1435/1435/1435
f 1424/1424/1424 1437/1437/1437 1435/1435/1435
f 1435/1435/1435 1437/1437/1437 1434/1434/1434
f 1437/1437/1437 1438/1438/1438 1434/1434/1434
f 1434/1434/1434 1438/1438/1438 1433/1433/1433
f 1438/1438/1438 1439/1439/1439 1433/1433/1433
f 1433/1433/1433 1439/1439/1439 1431/1431/1431
f 1439/1439/1439 1440/1440/1440 1431/1431/1431
f 1431/1431/1431 1440/1440/1440 959/959/959
f 1440/1440/1440 1441/1441/1441 959/959/959
f 959/959/959 1441/1441/1441 1344/1344/1344
f 1441/1441/1441 1442/1442/1442 1344/1344/1344
f 1344/1344/1344 1442/1442/1442 1345/1345/1345
f 1424/1424/1424 1432/1432/1432 1437/1437/1437
f 1442/1442/1442 1441/1441/1441 1443/1443/1443
f 1441/1441/1441 1440/1440/1440 1443/1443/1443
f 1440/1440/1440 1439/1439/1439 1443/1443/1443
f 1443/1443/1443 1439/1439/1439 1444/1444/1444
f 1439/1439/1439 1438/1438/1438 1444/1444/1444
f 1444/1444/1444 1438/1438/1438 1445/1445/1445
f 1438/1438/1438 1437/1437/1437 1445/1445/1445
f 1437/1437/1437 1432/1432/1432 1445/1445/1445
f 1432/1432/1432 1422/1422/1422 1445/1445/1445
f 1422/1422/1422 1418/1418/1418 1445/1445/1445
f 1418/1418/1418 1419/1419/1419 1445/1445/1445
f 1445/1445/1445 1419/1419/1419 1444/1444/1444
f 1444/1444/1444 1419/1419/1419 1443/1443/1443
f 1419/1419/1419 1420/1420/1420 1443/1443/1443
f 1420/1420/1420 1421/1421/1421 1443/1443/1443
f 1421/1421/1421 1446/1446/1446 1443/1443/1443
f 1443/1443/1443 1446/1446/1446 1447/1447/1447
f 1446/1446/1446 1448/1448/1448 1447/1447/1447
f 1448/1448/1448 1449/1449/1449 1447/1447/1447
f 1447/1447/1447 1449/1449/1449 1345/1345/1345
f 1449/1449/1449 1346/1346/1346 1345/1345/1345
f 1443/1443/1443 1447/1447/1447 1442/1442/1442
f 1447/1447/1447 1345/1345/1345 1442/1442/1442
f 1448/1448/1448 1446/1446/1446 1450/1450/1450
f 1446/1446/1446 1421/1421/1421 1450/1450/1450
f 1421/1421/1421 1415/1415/1415 1450/1450/1450
f 1450/1450/1450 1415/1415/1415 1451/1451/1451
f 1415/1415/1415 1416/1416/1416 1451/1451/1451
f 1416/1416/1416 1452/1452/1452 1451/1451/1451
f 1452/1452/1452 1453/1453/1453 1451/1451/1451
f 1451/1451/1451 1453/1453/1453 1450/1450/1450
f 1453/1453/1453 1454/1454/1454 1450/1450/1450
f 1454/1454/1454 1455/1455/1455 1450/1450/1450
f 1450/1450/1450 1455/1455/1455 1448/1448/1448
f 1448/1448/1448 1455/1455/1455 1449/1449/1449
f 1455/1455/1455 1456/1456/1456 1449/1449/1449
f 1449/1449/1449 1456/1456/1456 1346/1346/1346
f 1346/1346/1346 1456/1456/1456 1347/1347/1347
f 1456/1456/1456 1455/1455/1455 1347/1347/1347
f 1347/1347/1347 1455/1455/1455 1348/1348/1348
f 1348/1348/1348 1455/1455/1455 1349/1349/1349
f 1455/1455/1455 1454/1454/1454 1349/1349/1349
f 1454/1454/1454 1453/1453/1453 1349/1349/1349
f 1349/1349/1349 1453/1453/1453 1368/1368/1368
f 1453/1453/1453 1452/1452/1452 1368/1368/1368
f 1368/1368/1368 1452/1452/1452 1457/1457/1457
f 1452/1452/1452 1458/1458/1458 1457/1457/1457
f 1457/1457/1457 1458/1458/1458 1351/1351/1351
f 1458/1458/1458 1459/1459/1459 1351/1351/1351
f 1351/1351/1351 1459/1459/1459 1379/1379/1379
f 1379/1379/1379 1459/1459/1459 1406/1406/1406
f 1459/1459/1459 1458/1458/1458 1406/1406/1406
f 1406/1406/1406 1458/1458/1458 1417/1417/1417
f 1417/1417/1417 1458/1458/1458 1416/1416/1416
f 1458/1458/1458 1452/1452/1452 1416/1416/1416
f 1351/1351/1351 1368/1368/1368 1457/1457/1457
f 1460/1460/1460 1462/1462/1462 1461/1461/1461
f 1461/1461/1461 1462/1462/1462 1463/1463/1463
f 1463/1463/1463 1462/1462/1462 1464/1464/1464
f 1464/1464/1464 1462/1462/1462 1465/1465/1465
f 1465/1465/1465 1462/1462/1462 1466/1466/1466
f 1462/1462/1462 1460/1460/1460 1466/1466/1466
f 1466/1466/1466 1460/1460/1460 1467/1467/1467
f 1467/1467/1467 1460/1460/1460 1468/1468/1468
f 1460/1460/1460 1461/1461/1461 1468/1468/1468
f 1468/1468/1468 1461/1461/1461 1469/1469/1469
f 1461/1461/1461 1463/1463/1463 1469/1469/1469
f 1469/1469/1469 1463/1463/1463 1470/1470/1470
f 1470/1470/1470 1463/1463/1463 1471/1471/1471
f 1463/1463/1463 1464/1464/1464 1471/1471/1471
f 1471/1471/1471 1464/1464/1464 1472/1472/1472
f 1464/1464/1464 1465/1465/1465 1472/1472/1472
f 1472/1472/1472 1465/1465/1465 1473/1473/1473
f 1473/1473/1473 1465/1465/1465 1474/1474/1474
f 1465/1465/1465 1466/1466/1466 1474/1474/1474
f 1474/1474/1474 1466/1466/1466 1475/1475/1475
f 1475/1475/1475 1466/1466/1466 1476/1476/1476
f 1466/1466/1466 1477/1477/1477 1476/1476/1476
f 1476/1476/1476 1477/1477/1477 874/874/874
f 874/874/874 1477/1477/1477 1478/1478/1478
f 1478/1478/1478 1477/1477/1477 1467/1467/1467
f 1477/1477/1477 1466/1466/1466 1467/1467/1467
f 874/874/874 872/872/872 1476/1476/1476
f 872/872/872 871/871/871 1476/1476/1476
f 1476/1476/1476 871/871/871 1475/1475/1475
f 1475/1475/1475 871/871/871 1474/1474/1474
f 871/871/871 1479/1479/1479 1474/1474/1474
f 1474/1474/1474 1479/1479/1479 1480/1480/1480
f 1480/1480/1480 1479/1479/1479 1481/1481/1481
f 1479/1479/1479 871/871/871 1481/1481/1481
f 1481/1481/1481 871/871/871 1482/1482/1482
f 871/871/871 868/868/868 1482/1482/1482
f 1482/1482/1482 868/868/868 1483/1483/1483
f 868/868/868 867/867/867 1483/1483/1483
f 1483/1483/1483 867/867/867 1484/1484/1484
f 867/867/867 862/862/862 1484/1484/1484
f 862/862/862 863/863/863 1484/1484/1484
f 863/863/863 828/828/828 1484/1484/1484
f 828/828/828 827/827/827 1484/1484/1484
f 1484/1484/1484 827/827/827 1485/1485/1485
f 827/827/827 825/825/825 1485/1485/1485
f 1485/1485/1485 825/825/825 1486/1486/1486
f 825/825/825 824/824/824 1486/1486/1486
f 1486/1486/1486 824/824/824 1487/1487/1487
f 824/824/824 823/823/823 1487/1487/1487
f 1487/1487/1487 823/823/823 1488/1488/1488
f 823/823/823 822/822/822 1488/1488/1488
f 1488/1488/1488 822/822/822 1489/1489/1489
f 822/822/822 698/698/698 1489/1489/1489
f 1489/1489/1489 698/698/698 1490/1490/1490
f 698/698/698 697/697/697 1490/1490/1490
f 1490/1490/1490 697/697/697 1491/1491/1491
f 697/697/697 696/696/696 1491/1491/1491
f 1491/1491/1491 696/696/696 1492/1492/1492
f 696/696/696 695/695/695 1492/1492/1492
f 695/695/695 694/694/694 1492/1492/1492
f 1492/1492/1492 694/694/694 1493/1493/1493
f 1493/1493/1493 694/694/694 1494/1494/1494
f 1494/1494/1494 694/694/694 1495/1495/1495
f 694/694/694 693/693/693 1495/1495/1495
f 693/693/693 692/692/692 1495/1495/1495
f 1495/1495/1495 692/692/692 1496/1496/1496
f 1496/1496/1496 692/692/692 1497/1497/1497
f 692/692/692 691/691/691 1497/1497/1497
f 1497/1497/1497 691/691/691 1498/1498/1498
f 691/691/691 690/690/690 1498/1498/1498
f 690/690/690 689/689/689 1498/1498/1498
f 1498/1498/1498 689/689/689 1499/1499/1499
f 1499/1499/1499 689/689/689 1500/1500/1500
f 689/689/689 688/688/688 1500/1500/1500
f 688/688/688 661/661/661 1500/1500/1500
f 1500/1500/1500 661/661/661 1501/1501/1501
f 661/661/661 659/659/659 1501/1501/1501
f 1501/1501/1501 659/659/659 1502/1502/1502
f 659/659/659 639/639/639 1502/1502/1502
f 639/639/639 638/638/638 1502/1502/1502
f 1502/1502/1502 638/638/638 1503/1503/1503
f 638/638/638 228/228/228 1503/1503/1503
f 1483/1483/1483 1481/1481/1481 1482/1482/1482
f 1491/1491/1491 1489/1489/1489 1490/1490/1490
f 1503/1503/1503 1504/1504/1504 1502/1502/1502
f 1502/1502/1502 1504/1504/1504 1501/1501/1501
f 1501/1501/1501 1504/1504/1504 1500/1500/1500
f 1500/1500/1500 1504/1504/1504 1505/1505/1505
f 1505/1505/1505 1504/1504/1504 1506/1506/1506
f 1504/1504/1504 1503/1503/1503 1506/1506/1506
f 1506/1506/1506 1503/1503/1503 1507/1507/1507
f 1503/1503/1503 228/228/228 1507/1507/1507
f 228/228/228 229/229/229 1507/1507/1507
f 1507/1507/1507 229/229/229 1508/1508/1508
f 229/229/229 230/230/230 1508/1508/1508
f 1508/1508/1508 230/230/230 1509/1509/1509
f 230/230/230 131/131/131 1509/1509/1509
f 1509/1509/1509 131/131/131 1510/1510/1510
f 131/131/131 126/126/126 1510/1510/1510
f 1510/1510/1510 126/126/126 1511/1511/1511
f 126/126/126 1512/1512/1512 1511/1511/1511
f 1511/1511/1511 1512/1512/1512 1468/1468/1468
f 1512/1512/1512 115/115/115 1468/1468/1468
f 1468/1468/1468 115/115/115 1513/1513/1513
f 115/115/115 108/108/108 1513/1513/1513
f 1513/1513/1513 108/108/108 1467/1467/1467
f 108/108/108 1514/1514/1514 1467/1467/1467
f 1467/1467/1467 1514/1514/1514 1478/1478/1478
f 1514/1514/1514 101/101/101 1478/1478/1478
f 1478/1478/1478 101/101/101 1515/1515/1515
f 101/101/101 98/98/98 1515/1515/1515
f 98/98/98 1516/1516/1516 1515/1515/1515
f 1515/1515/1515 1516/1516/1516 874/874/874
f 874/874/874 1516/1516/1516 875/875/875
f 875/875/875 1516/1516/1516 1517/1517/1517
f 1516/1516/1516 98/98/98 1517/1517/1517
f 98/98/98 97/97/97 1517/1517/1517
f 97/97/97 1518/1518/1518 1517/1517/1517
f 1517/1517/1517 1518/1518/1518 875/875/875
f 875/875/875 1518/1518/1518 877/877/877
f 877/877/877 1518/1518/1518 885/885/885
f 1518/1518/1518 1519/1519/1519 885/885/885
f 885/885/885 1519/1519/1519 983/983/983
f 983/983/983 1519/1519/1519 97/97/97
f 1519/1519/1519 1518/1518/1518 97/97/97
f 1510/1510/1510 1511/1511/1511 1509/1509/1509
f 1511/1511/1511 1520/1520/1520 1509/1509/1509
f 1509/1509/1509 1520/1520/1520 1508/1508/1508
f 126/126/126 115/115/115 1512/1512/1512
f 1468/1468/1468 1513/1513/1513 1467/1467/1467
f 108/108/108 101/101/101 1514/1514/1514
f 874/874/874 1478/1478/1478 1515/1515/1515
f 1468/1468/1468 1469/1469/1469 1511/1511/1511
f 1511/1511/1511 1469/1469/1469 1520/1520/1520
f 1469/1469/1469 1470/1470/1470 1520/1520/1520
f 1520/1520/1520 1470/1470/1470 1521/1521/1521
f 1470/1470/1470 1522/1522/1522 1521/1521/1521
f 1521/1521/1521 1522/1522/1522 1523/1523/1523
f 1522/1522/1522 1471/1471/1471 1523/1523/1523
f 1523/1523/1523 1471/1471/1471 1524/1524/1524
f 1524/1524/1524 1471/1471/1471 1525/1525/1525
f 1471/1471/1471 1472/1472/1472 1525/1525/1525
f 1525/1525/1525 1472/1472/1472 1526/1526/1526
f 1472/1472/1472 1473/1473/1473 1526/1526/1526
f 1526/1526/1526 1473/1473/1473 1527/1527/1527
f 1473/1473/1473 1474/1474/1474 1527/1527/1527
f 1474/1474/1474 1480/1480/1480 1527/1527/1527
f 1527/1527/1527 1480/1480/1480 1528/1528/1528
f 1528/1528/1528 1480/1480/1480 1529/1529/1529
f 1480/1480/1480 1481/1481/1481 1529/1529/1529
f 1529/1529/1529 1481/1481/1481 1530/1530/1530
f 1481/1481/1481 1483/1483/1483 1530/1530/1530
f 1520/1520/1520 1521/1521/1521 1508/1508/1508
f 1508/1508/1508 1521/1521/1521 1507/1507/1507
f 1507/1507/1507 1521/1521/1521 1506/1506/1506
f 1521/1521/1521 1523/1523/1523 1506/1506/1506
f 1506/1506/1506 1523/1523/1523 1505/1505/1505
f 1471/1471/1471 1522/1522/1522 1470/1470/1470
f 1484/1484/1484 1531/1531/1531 1483/1483/1483
f 1531/1531/1531 1532/1532/1532 1483/1483/1483
f 1483/1483/1483 1532/1532/1532 1530/1530/1530
f 1532/1532/1532 1533/1533/1533 1530/1530/1530
f 1530/1530/1530 1533/1533/1533 1529/1529/1529
f 1484/1484/1484 1485/1485/1485 1531/1531/1531
f 1531/1531/1531 1485/1485/1485 1532/1532/1532
f 1485/1485/1485 1486/1486/1486 1532/1532/1532
f 1486/1486/1486 1487/1487/1487 1532/1532/1532
f 1487/1487/1487 1534/1534/1534 1532/1532/1532
f 1532/1532/1532 1534/1534/1534 1533/1533/1533
f 1534/1534/1534 1535/1535/1535 1533/1533/1533
f 1533/1533/1533 1535/1535/1535 1529/1529/1529
f 1535/1535/1535 1536/1536/1536 1529/1529/1529
f 1529/1529/1529 1536/1536/1536 1528/1528/1528
f 1534/1534/1534 1537/1537/1537 1535/1535/1535
f 1535/1535/1535 1537/1537/1537 1538/1538/1538
f 1538/1538/1538 1537/1537/1537 1539/1539/1539
f 1537/1537/1537 1540/1540/1540 1539/1539/1539
f 1539/1539/1539 1540/1540/1540 1488/1488/1488
f 1488/1488/1488 1540/1540/1540 1487/1487/1487
f 1540/1540/1540 1537/1537/1537 1487/1487/1487
f 1487/1487/1487 1537/1537/1537 1534/1534/1534
f 1535/1535/1535 1538/1538/1538 1536/1536/1536
f 1539/1539/1539 1488/1488/1488 1541/1541/1541
f 1488/1488/1488 1489/1489/1489 1541/1541/1541
f 1541/1541/1541 1489/1489/1489 1542/1542/1542
f 1489/1489/1489 1491/1491/1491 1542/1542/1542
f 1491/1491/1491 1492/1492/1492 1542/1542/1542
f 1542/1542/1542 1492/1492/1492 1541/1541/1541
f 1492/1492/1492 1493/1493/1493 1541/1541/1541
f 1541/1541/1541 1493/1493/1493 1539/1539/1539
f 1539/1539/1539 1493/1493/1493 1543/1543/1543
f 1543/1543/1543 1493/1493/1493 1544/1544/1544
f 1493/1493/1493 1494/1494/1494 1544/1544/1544
f 1494/1494/1494 1495/1495/1495 1544/1544/1544
f 1544/1544/1544 1495/1495/1495 1545/1545/1545
f 1545/1545/1545 1495/1495/1495 1546/1546/1546
f 1495/1495/1495 1496/1496/1496 1546/1546/1546
f 1496/1496/1496 1497/1497/1497 1546/1546/1546
f 1546/1546/1546 1497/1497/1497 1547/1547/1547
f 1497/1497/1497 1498/1498/1498 1547/1547/1547
f 1547/1547/1547 1498/1498/1498 1548/1548/1548
f 1498/1498/1498 1549/1549/1549 1548/1548/1548
f 1549/1549/1549 1523/1523/1523 1548/1548/1548
f 1523/1523/1523 1524/1524/1524 1548/1548/1548
f 1524/1524/1524 1525/1525/1525 1548/1548/1548
f 1548/1548/1548 1525/1525/1525 1547/1547/1547
f 1547/1547/1547 1525/1525/1525 1546/1546/1546
f 1525/1525/1525 1550/1550/1550 1546/1546/1546
f 1546/1546/1546 1550/1550/1550 1545/1545/1545
f 1545/1545/1545 1550/1550/1550 1551/1551/1551
f 1551/1551/1551 1550/1550/1550 1552/1552/1552
f 1550/1550/1550 1526/1526/1526 1552/1552/1552
f 1526/1526/1526 1527/1527/1527 1552/1552/1552
f 1552/1552/1552 1527/1527/1527 1553/1553/1553
f 1527/1527/1527 1528/1528/1528 1553/1553/1553
f 1498/1498/1498 1499/1499/1499 1549/1549/1549
f 1499/1499/1499 1500/1500/1500 1549/1549/1549
f 1500/1500/1500 1505/1505/1505 1549/1549/1549
f 1549/1549/1549 1505/1505/1505 1523/1523/1523
f 1525/1525/1525 1526/1526/1526 1550/1550/1550
f 1545/1545/1545 1551/1551/1551 1544/1544/1544
f 1551/1551/1551 1554/1554/1554 1544/1544/1544
f 1544/1544/1544 1554/1554/1554 1555/1555/1555
f 1554/1554/1554 1553/1553/1553 1555/1555/1555
f 1553/1553/1553 1528/1528/1528 1555/1555/1555
f 1528/1528/1528 1536/1536/1536 1555/1555/1555
f 1536/1536/1536 1538/1538/1538 1555/1555/1555
f 1538/1538/1538 1539/1539/1539 1555/1555/1555
f 1539/1539/1539 1543/1543/1543 1555/1555/1555
f 1555/1555/1555 1543/1543/1543 1544/1544/1544
f 1553/1553/1553 1554/1554/1554 1552/1552/1552
f 1552/1552/1552 1554/1554/1554 1551/1551/1551
f 1160/1160/1160 1306/1306/1306 1159/1159/1159
f 1159/1159/1159 1306/1306/1306 1158/1158/1158
f 1306/1306/1306 1556/1556/1556 1158/1158/1158
f 1158/1158/1158 1556/1556/1556 1153/1153/1153
f 1153/1153/1153 1556/1556/1556 1154/1154/1154
f 1556/1556/1556 1308/1308/1308 1154/1154/1154
f 1154/1154/1154 1308/1308/1308 1557/1557/1557
f 1308/1308/1308 1309/1309/1309 1557/1557/1557
f 1309/1309/1309 1310/1310/1310 1557/1557/1557
f 1310/1310/1310 1558/1558/1558 1557/1557/1557
f 1557/1557/1557 1558/1558/1558 1155/1155/1155
f 1155/1155/1155 1558/1558/1558 1156/1156/1156
f 1558/1558/1558 1559/1559/1559 1156/1156/1156
f 1156/1156/1156 1559/1559/1559 1157/1157/1157
f 1306/1306/1306 1307/1307/1307 1556/1556/1556
f 1556/1556/1556 1307/1307/1307 1308/1308/1308
f 1154/1154/1154 1557/1557/1557 1155/1155/1155
f 1559/1559/1559 1558/1558/1558 1560/1560/1560
f 1558/1558/1558 1310/1310/1310 1560/1560/1560
f 1310/1310/1310 1311/1311/1311 1560/1560/1560
f 1311/1311/1311 1312/1312/1312 1560/1560/1560
f 1312/1312/1312 1561/1561/1561 1560/1560/1560
f 1560/1560/1560 1561/1561/1561 1559/1559/1559
f 1561/1561/1561 1562/1562/1562 1559/1559/1559
f 1559/1559/1559 1562/1562/1562 1157/1157/1157
f 1562/1562/1562 1563/1563/1563 1157/1157/1157
f 1157/1157/1157 1563/1563/1563 1152/1152/1152
f 1563/1563/1563 1564/1564/1564 1152/1152/1152
f 1152/1152/1152 1564/1564/1564 1145/1145/1145
f 1564/1564/1564 1565/1565/1565 1145/1145/1145
f 1145/1145/1145 1565/1565/1565 1072/1072/1072
f 1072/1072/1072 1565/1565/1565 1071/1071/1071
f 1071/1071/1071 1565/1565/1565 1070/1070/1070
f 1070/1070/1070 1565/1565/1565 1566/1566/1566
f 1565/1565/1565 1564/1564/1564 1566/1566/1566
f 1566/1566/1566 1564/1564/1564 1567/1567/1567
f 1564/1564/1564 1563/1563/1563 1567/1567/1567
f 1567/1567/1567 1563/1563/1563 1568/1568/1568
f 1563/1563/1563 1562/1562/1562 1568/1568/1568
f 1568/1568/1568 1562/1562/1562 1569/1569/1569
f 1562/1562/1562 1561/1561/1561 1569/1569/1569
f 1569/1569/1569 1561/1561/1561 1570/1570/1570
f 1561/1561/1561 1312/1312/1312 1570/1570/1570
f 1312/1312/1312 1313/1313/1313 1570/1570/1570
f 1313/1313/1313 1314/1314/1314 1570/1570/1570
f 1570/1570/1570 1314/1314/1314 1571/1571/1571
f 1314/1314/1314 1315/1315/1315 1571/1571/1571
f 1571/1571/1571 1315/1315/1315 1572/1572/1572
f 1315/1315/1315 1316/1316/1316 1572/1572/1572
f 1572/1572/1572 1316/1316/1316 1573/1573/1573
f 1316/1316/1316 1317/1317/1317 1573/1573/1573
f 1317/1317/1317 1325/1325/1325 1573/1573/1573
f 1325/1325/1325 1574/1574/1574 1573/1573/1573
f 1574/1574/1574 1575/1575/1575 1573/1573/1573
f 1573/1573/1573 1575/1575/1575 1572/1572/1572
f 1575/1575/1575 1576/1576/1576 1572/1572/1572
f 1572/1572/1572 1576/1576/1576 1571/1571/1571
f 1576/1576/1576 1569/1569/1569 1571/1571/1571
f 1571/1571/1571 1569/1569/1569 1570/1570/1570
f 1569/1569/1569 1576/1576/1576 1568/1568/1568
f 1568/1568/1568 1576/1576/1576 1577/1577/1577
f 1576/1576/1576 1575/1575/1575 1577/1577/1577
f 1577/1577/1577 1575/1575/1575 1578/1578/1578
f 1575/1575/1575 1574/1574/1574 1578/1578/1578
f 1578/1578/1578 1574/1574/1574 1579/1579/1579
f 1579/1579/1579 1574/1574/1574 1580/1580/1580
f 1574/1574/1574 1325/1325/1325 1580/1580/1580
f 1325/1325/1325 1326/1326/1326 1580/1580/1580
f 1580/1580/1580 1326/1326/1326 1065/1065/1065
f 1326/1326/1326 1063/1063/1063 1065/1065/1065
f 1568/1568/1568 1577/1577/1577 1567/1567/1567
f 1577/1577/1577 1581/1581/1581 1567/1567/1567
f 1567/1567/1567 1581/1581/1581 1566/1566/1566
f 1577/1577/1577 1578/1578/1578 1581/1581/1581
f 1065/1065/1065 1582/1582/1582 1580/1580/1580
f 1580/1580/1580 1582/1582/1582 1579/1579/1579
f 1582/1582/1582 1583/1583/1583 1579/1579/1579
f 1579/1579/1579 1583/1583/1583 1584/1584/1584
f 1584/1584/1584 1583/1583/1583 1068/1068/1068
f 1068/1068/1068 1583/1583/1583 1067/1067/1067
f 1067/1067/1067 1583/1583/1583 1066/1066/1066
f 1583/1583/1583 1582/1582/1582 1066/1066/1066
f 1066/1066/1066 1582/1582/1582 1065/1065/1065
f 1579/1579/1579 1584/1584/1584 1578/1578/1578
f 1578/1578/1578 1584/1584/1584 1581/1581/1581
f 1584/1584/1584 1585/1585/1585 1581/1581/1581
f 1581/1581/1581 1585/1585/1585 1566/1566/1566
f 1566/1566/1566 1585/1585/1585 1070/1070/1070
f 1070/1070/1070 1585/1585/1585 1069/1069/1069
f 1069/1069/1069 1585/1585/1585 1068/1068/1068
f 1585/1585/1585 1584/1584/1584 1068/1068/1068
f 339/339/339 284/284/284 1586/1586/1586
f 1586/1586/1586 284/284/284 1587/1587/1587
f 284/284/284 1588/1588/1588 1587/1587/1587
f 1587/1587/1587 1588/1588/1588 1589/1589/1589
f 1588/1588/1588 1590/1590/1590 1589/1589/1589
f 1589/1589/1589 1590/1590/1590 1591/1591/1591
f 1590/1590/1590 282/282/282 1591/1591/1591
f 1591/1591/1591 282/282/282 281/281/281
f 282/282/282 1590/1590/1590 283/283/283
f 1590/1590/1590 1588/1588/1588 283/283/283
f 283/283/283 1588/1588/1588 284/284/284
f 1589/1589/1589 1591/1591/1591 1592/1592/1592
f 1592/1592/1592 1591/1591/1591 267/267/267
f 267/267/267 1591/1591/1591 264/264/264
f 264/264/264 1591/1591/1591 265/265/265
f 1591/1591/1591 281/281/281 265/265/265
f 1593/1593/1593 1594/1594/1594 1595/1595/1595
f 1595/1595/1595 1594/1594/1594 1596/1596/1596
f 1594/1594/1594 1597/1597/1597 1596/1596/1596
f 1597/1597/1597 1598/1598/1598 1596/1596/1596
f 1598/1598/1598 1599/1599/1599 1596/1596/1596
f 1596/1596/1596 1599/1599/1599 1600/1600/1600
f 1599/1599/1599 1601/1601/1601 1600/1600/1600
f 1601/1601/1601 1602/1602/1602 1600/1600/1600
f 1602/1602/1602 1595/1595/1595 1600/1600/1600
f 1600/1600/1600 1595/1595/1595 1596/1596/1596
f 1593/1593/1593 1603/1603/1603 1594/1594/1594
f 1603/1603/1603 1604/1604/1604 1594/1594/1594
f 1594/1594/1594 1604/1604/1604 1597/1597/1597
f 1601/1601/1601 1599/1599/1599 1605/1605/1605
f 1605/1605/1605 1599/1599/1599 1606/1606/1606
f 1599/1599/1599 1598/1598/1598 1606/1606/1606
f 1606/1606/1606 1598/1598/1598 1607/1607/1607
f 1598/1598/1598 1597/1597/1597 1607/1607/1607
f 1607/1607/1607 1597/1597/1597 1608/1608/1608
f 1597/1597/1597 1609/1609/1609 1608/1608/1608
f 1609/1609/1609 1610/1610/1610 1608/1608/1608
f 1610/1610/1610 1611/1611/1611 1608/1608/1608
f 1608/1608/1608 1611/1611/1611 1612/1612/1612
f 1611/1611/1611 1613/1613/1613 1612/1612/1612
f 1613/1613/1613 1614/1614/1614 1612/1612/1612
f 1612/1612/1612 1614/1614/1614 1606/1606/1606
f 1614/1614/1614 1615/1615/1615 1606/1606/1606
f 1615/1615/1615 1616/1616/1616 1606/1606/1606
f 1606/1606/1606 1616/1616/1616 1605/1605/1605
f 1616/1616/1616 1617/1617/1617 1605/1605/1605
f 1605/1605/1605 1617/1617/1617 1618/1618/1618
f 1617/1617/1617 1619/1619/1619 1618/1618/1618
f 1619/1619/1619 1620/1620/1620 1618/1618/1618
f 1620/1620/1620 1601/1601/1601 1618/1618/1618
f 1618/1618/1618 1601/1601/1601 1605/1605/1605
f 1606/1606/1606 1607/1607/1607 1612/1612/1612
f 1612/1612/1612 1607/1607/1607 1608/1608/1608
f 1616/1616/1616 1621/1621/1621 1617/1617/1617
f 1621/1621/1621 1622/1622/1622 1617/1617/1617
f 1617/1617/1617 1622/1622/1622 1619/1619/1619
f 1616/1616/1616 1615/1615/1615 1621/1621/1621
f 1621/1621/1621 1615/1615/1615 1623/1623/1623
f 1615/1615/1615 1614/1614/1614 1623/1623/1623
f 1623/1623/1623 1614/1614/1614 1624/1624/1624
f 1614/1614/1614 1613/1613/1613 1624/1624/1624
f 1624/1624/1624 1613/1613/1613 1625/1625/1625
f 1625/1625/1625 1613/1613/1613 1626/1626/1626
f 1613/1613/1613 1611/1611/1611 1626/1626/1626
f 1626/1626/1626 1611/1611/1611 1627/1627/1627
f 1611/1611/1611 1610/1610/1610 1627/1627/1627
f 1610/1610/1610 1628/1628/1628 1627/1627/1627
f 1628/1628/1628 1629/1629/1629 1627/1627/1627
f 1627/1627/1627 1629/1629/1629 1626/1626/1626
f 1629/1629/1629 1630/1630/1630 1626/1626/1626
f 1626/1626/1626 1630/1630/1630 1625/1625/1625
f 1630/1630/1630 1631/1631/1631 1625/1625/1625
f 1631/1631/1631 1632/1632/1632 1625/1625/1625
f 1625/1625/1625 1632/1632/1632 1624/1624/1624
f 1632/1632/1632 1633/1633/1633 1624/1624/1624
f 1624/1624/1624 1633/1633/1633 1623/1623/1623
f 1633/1633/1633 1634/1634/1634 1623/1623/1623
f 1623/1623/1623 1634/1634/1634 1621/1621/1621
f 1634/1634/1634 1635/1635/1635 1621/1621/1621
f 1635/1635/1635 1636/1636/1636 1621/1621/1621
f 1621/1621/1621 1636/1636/1636 1622/1622/1622
f 1636/1636/1636 1637/1637/1637 1622/1622/1622
f 1622/1622/1622 1637/1637/1637 1638/1638/1638
f 1637/1637/1637 1639/1639/1639 1638/1638/1638
f 1639/1639/1639 1640/1640/1640 1638/1638/1638
f 1640/1640/1640 1619/1619/1619 1638/1638/1638
f 1638/1638/1638 1619/1619/1619 1622/1622/1622
f 1636/1636/1636 1641/1641/1641 1637/1637/1637
f 1641/1641/1641 1642/1642/1642 1637/1637/1637
f 1637/1637/1637 1642/1642/1642 1639/1639/1639
f 1636/1636/1636 1635/1635/1635 1641/1641/1641
f 1641/1641/1641 1635/1635/1635 1643/1643/1643
f 1635/1635/1635 1634/1634/1634 1643/1643/1643
f 1643/1643/1643 1634/1634/1634 1644/1644/1644
f 1634/1634/1634 1633/1633/1633 1644/1644/1644
f 1633/1633/1633 1645/1645/1645 1644/1644/1644
f 1645/1645/1645 1646/1646/1646 1644/1644/1644
f 1644/1644/1644 1646/1646/1646 1643/1643/1643
f 1646/1646/1646 1647/1647/1647 1643/1643/1643
f 1643/1643/1643 1647/1647/1647 1641/1641/1641
f 1633/1633/1633 1648/1648/1648 1645/1645/1645
f 1648/1648/1648 1649/1649/1649 1645/1645/1645
f 1645/1645/1645 1649/1649/1649 1646/1646/1646
f 1649/1649/1649 1650/1650/1650 1646/1646/1646
f 1646/1646/1646 1650/1650/1650 1647/1647/1647
f 1633/1633/1633 1632/1632/1632 1648/1648/1648
f 1632/1632/1632 1631/1631/1631 1648/1648/1648
f 1648/1648/1648 1631/1631/1631 1651/1651/1651
f 1651/1651/1651 1631/1631/1631 1652/1652/1652
f 1631/1631/1631 1653/1653/1653 1652/1652/1652
f 1652/1652/1652 1653/1653/1653 1654/1654/1654
f 1653/1653/1653 1655/1655/1655 1654/1654/1654
f 1654/1654/1654 1655/1655/1655 1656/1656/1656
f 1655/1655/1655 1629/1629/1629 1656/1656/1656
f 1656/1656/1656 1629/1629/1629 1657/1657/1657
f 1657/1657/1657 1629/1629/1629 1658/1658/1658
f 1629/1629/1629 1628/1628/1628 1658/1658/1658
f 1658/1658/1658 1628/1628/1628 1659/1659/1659
f 1628/1628/1628 1610/1610/1610 1659/1659/1659
f 1610/1610/1610 1660/1660/1660 1659/1659/1659
f 1659/1659/1659 1660/1660/1660 1661/1661/1661
f 1661/1661/1661 1660/1660/1660 1662/1662/1662
f 1662/1662/1662 1660/1660/1660 1663/1663/1663
f 1660/1660/1660 1664/1664/1664 1663/1663/1663
f 1664/1664/1664 1665/1665/1665 1663/1663/1663
f 1663/1663/1663 1665/1665/1665 1666/1666/1666
f 1665/1665/1665 1667/1667/1667 1666/1666/1666
f 1666/1666/1666 1667/1667/1667 1668/1668/1668
f 1668/1668/1668 1667/1667/1667 1669/1669/1669
f 1667/1667/1667 1670/1670/1670 1669/1669/1669
f 1670/1670/1670 1671/1671/1671 1669/1669/1669
f 1669/1669/1669 1671/1671/1671 1672/1672/1672
f 1672/1672/1672 1671/1671/1671 1673/1673/1673
f 1671/1671/1671 1674/1674/1674 1673/1673/1673
f 1674/1674/1674 1675/1675/1675 1673/1673/1673
f 1673/1673/1673 1675/1675/1675 1676/1676/1676
f 1675/1675/1675 1677/1677/1677 1676/1676/1676
f 1676/1676/1676 1677/1677/1677 1678/1678/1678
f 1678/1678/1678 1677/1677/1677 1679/1679/1679
f 1677/1677/1677 1680/1680/1680 1679/1679/1679
f 1680/1680/1680 1681/1681/1681 1679/1679/1679
f 1679/1679/1679 1681/1681/1681 1682/1682/1682
f 1681/1681/1681 1683/1683/1683 1682/1682/1682
f 1682/1682/1682 1683/1683/1683 1684/1684/1684
f 1684/1684/1684 1683/1683/1683 1685/1685/1685
f 1683/1683/1683 1686/1686/1686 1685/1685/1685
f 1686/1686/1686 1687/1687/1687 1685/1685/1685
f 1685/1685/1685 1687/1687/1687 1688/1688/1688
f 1687/1687/1687 1689/1689/1689 1688/1688/1688
f 1688/1688/1688 1689/1689/1689 1690/1690/1690
f 1690/1690/1690 1689/1689/1689 1691/1691/1691
f 1689/1689/1689 1692/1692/1692 1691/1691/1691
f 1692/1692/1692 1693/1693/1693 1691/1691/1691
f 1691/1691/1691 1693/1693/1693 1694/1694/1694
f 1693/1693/1693 1695/1695/1695 1694/1694/1694
f 1694/1694/1694 1695/1695/1695 1696/1696/1696
f 1696/1696/1696 1695/1695/1695 1697/1697/1697
f 1695/1695/1695 1698/1698/1698 1697/1697/1697
f 1698/1698/1698 1699/1699/1699 1697/1697/1697
f 1697/1697/1697 1699/1699/1699 1700/1700/1700
f 1699/1699/1699 1701/1701/1701 1700/1700/1700
f 1700/1700/1700 1701/1701/1701 1702/1702/1702
f 1701/1701/1701 1703/1703/1703 1702/1702/1702
f 1702/1702/1702 1703/1703/1703 1704/1704/1704
f 1704/1704/1704 1703/1703/1703 1705/1705/1705
f 1703/1703/1703 1706/1706/1706 1705/1705/1705
f 1705/1705/1705 1706/1706/1706 1707/1707/1707
f 1706/1706/1706 1708/1708/1708 1707/1707/1707
f 1707/1707/1707 1708/1708/1708 1709/1709/1709
f 1708/1708/1708 1710/1710/1710 1709/1709/1709
f 1709/1709/1709 1710/1710/1710 1711/1711/1711
f 1629/1629/1629 1655/1655/1655 1630/1630/1630
f 1655/1655/1655 1653/1653/1653 1630/1630/1630
f 1630/1630/1630 1653/1653/1653 1631/1631/1631
f 1652/1652/1652 1654/1654/1654 1712/1712/1712
f 1658/1658/1658 1659/1659/1659 1661/1661/1661
f 1710/1710/1710 1708/1708/1708 1713/1713/1713
f 1713/1713/1713 1708/1708/1708 1706/1706/1706
f 1714/1714/1714 1711/1711/1711 1715/1715/1715
f 1715/1715/1715 1711/1711/1711 1716/1716/1716
f 1711/1711/1711 1710/1710/1710 1716/1716/1716
f 1716/1716/1716 1710/1710/1710 1717/1717/1717
f 1710/1710/1710 1713/1713/1713 1717/1717/1717
f 1714/1714/1714 1715/1715/1715 1718/1718/1718
f 1718/1718/1718 1715/1715/1715 1719/1719/1719
f 1719/1719/1719 1715/1715/1715 1720/1720/1720
f 1715/1715/1715 1716/1716/1716 1720/1720/1720
f 1720/1720/1720 1716/1716/1716 1721/1721/1721
f 1716/1716/1716 1717/1717/1717 1721/1721/1721
f 1721/1721/1721 1717/1717/1717 1722/1722/1722
f 1717/1717/1717 1713/1713/1713 1722/1722/1722
f 1722/1722/1722 1723/1723/1723 1721/1721/1721
f 1723/1723/1723 1724/1724/1724 1721/1721/1721
f 1721/1721/1721 1724/1724/1724 1720/1720/1720
f 1724/1724/1724 1725/1725/1725 1720/1720/1720
f 1720/1720/1720 1725/1725/1725 1719/1719/1719
f 1725/1725/1725 1724/1724/1724 1726/1726/1726
f 1726/1726/1726 1724/1724/1724 1727/1727/1727
f 1724/1724/1724 1723/1723/1723 1727/1727/1727
f 1727/1727/1727 1723/1723/1723 1728/1728/1728
f 1723/1723/1723 1722/1722/1722 1728/1728/1728
f 1728/1728/1728 1722/1722/1722 1729/1729/1729
f 1729/1729/1729 1722/1722/1722 1730/1730/1730
f 1722/1722/1722 1731/1731/1731 1730/1730/1730
f 1730/1730/1730 1731/1731/1731 1732/1732/1732
f 1731/1731/1731 1713/1713/1713 1732/1732/1732
f 1732/1732/1732 1713/1713/1713 1733/1733/1733
f 1713/1713/1713 1706/1706/1706 1733/1733/1733
f 1733/1733/1733 1706/1706/1706 1734/1734/1734
f 1706/1706/1706 1703/1703/1703 1734/1734/1734
f 1703/1703/1703 1701/1701/1701 1734/1734/1734
f 1734/1734/1734 1701/1701/1701 1735/1735/1735
f 1735/1735/1735 1701/1701/1701 1736/1736/1736
f 1701/1701/1701 1699/1699/1699 1736/1736/1736
f 1699/1699/1699 1698/1698/1698 1736/1736/1736
f 1736/1736/1736 1698/1698/1698 1737/1737/1737
f 1698/1698/1698 1695/1695/1695 1737/1737/1737
f 1737/1737/1737 1695/1695/1695 1738/1738/1738
f 1738/1738/1738 1695/1695/1695 1739/1739/1739
f 1695/1695/1695 1693/1693/1693 1739/1739/1739
f 1693/1693/1693 1692/1692/1692 1739/1739/1739
f 1739/1739/1739 1692/1692/1692 1740/1740/1740
f 1692/1692/1692 1689/1689/1689 1740/1740/1740
f 1740/1740/1740 1689/1689/1689 1741/1741/1741
f 1741/1741/1741 1689/1689/1689 1742/1742/1742
f 1689/1689/1689 1687/1687/1687 1742/1742/1742
f 1687/1687/1687 1686/1686/1686 1742/1742/1742
f 1742/1742/1742 1686/1686/1686 1743/1743/1743
f 1686/1686/1686 1683/1683/1683 1743/1743/1743
f 1683/1683/1683 1744/1744/1744 1743/1743/1743
f 1744/1744/1744 1745/1745/1745 1743/1743/1743
f 1743/1743/1743 1745/1745/1745 1742/1742/1742
f 1745/1745/1745 1746/1746/1746 1742/1742/1742
f 1746/1746/1746 1747/1747/1747 1742/1742/1742
f 1742/1742/1742 1747/1747/1747 1741/1741/1741
f 1741/1741/1741 1747/1747/1747 1740/1740/1740
f 1747/1747/1747 1748/1748/1748 1740/1740/1740
f 1740/1740/1740 1748/1748/1748 1739/1739/1739
f 1748/1748/1748 1749/1749/1749 1739/1739/1739
f 1749/1749/1749 1750/1750/1750 1739/1739/1739
f 1739/1739/1739 1750/1750/1750 1738/1738/1738
f 1750/1750/1750 1751/1751/1751 1738/1738/1738
f 1738/1738/1738 1751/1751/1751 1737/1737/1737
f 1737/1737/1737 1751/1751/1751 1736/1736/1736
f 1751/1751/1751 1752/1752/1752 1736/1736/1736
f 1752/1752/1752 1753/1753/1753 1736/1736/1736
f 1736/1736/1736 1753/1753/1753 1735/1735/1735
f 1735/1735/1735 1753/1753/1753 1734/1734/1734
f 1753/1753/1753 1754/1754/1754 1734/1734/1734
f 1734/1734/1734 1754/1754/1754 1732/1732/1732
f 1732/1732/1732 1754/1754/1754 1755/1755/1755
f 1754/1754/1754 1753/1753/1753 1755/1755/1755
f 1713/1713/1713 1731/1731/1731 1722/1722/1722
f 1734/1734/1734 1732/1732/1732 1733/1733/1733
f 1748/1748/1748 1747/1747/1747 1756/1756/1756
f 1747/1747/1747 1746/1746/1746 1756/1756/1756
f 1756/1756/1756 1757/1757/1757 1748/1748/1748
f 1757/1757/1757 1749/1749/1749 1748/1748/1748
f 1755/1755/1755 1758/1758/1758 1732/1732/1732
f 1732/1732/1732 1758/1758/1758 1730/1730/1730
f 1758/1758/1758 1759/1759/1759 1730/1730/1730
f 1730/1730/1730 1759/1759/1759 1729/1729/1729
f 1759/1759/1759 1758/1758/1758 1760/1760/1760
f 1758/1758/1758 1755/1755/1755 1760/1760/1760
f 1760/1760/1760 1755/1755/1755 1761/1761/1761
f 1761/1761/1761 1755/1755/1755 1762/1762/1762
f 1755/1755/1755 1753/1753/1753 1762/1762/1762
f 1762/1762/1762 1753/1753/1753 1763/1763/1763
f 1753/1753/1753 1752/1752/1752 1763/1763/1763
f 1752/1752/1752 1751/1751/1751 1763/1763/1763
f 1763/1763/1763 1751/1751/1751 1764/1764/1764
f 1764/1764/1764 1751/1751/1751 1765/1765/1765
f 1751/1751/1751 1750/1750/1750 1765/1765/1765
f 1750/1750/1750 1749/1749/1749 1765/1765/1765
f 1765/1765/1765 1749/1749/1749 1766/1766/1766
f 1749/1749/1749 1757/1757/1757 1766/1766/1766
f 1766/1766/1766 1757/1757/1757 1767/1767/1767
f 1757/1757/1757 1756/1756/1756 1767/1767/1767
f 1767/1767/1767 1756/1756/1756 1768/1768/1768
f 1768/1768/1768 1756/1756/1756 1769/1769/1769
f 1769/1769/1769 1756/1756/1756 1770/1770/1770
f 1756/1756/1756 1746/1746/1746 1770/1770/1770
f 1770/1770/1770 1746/1746/1746 1771/1771/1771
f 1746/1746/1746 1745/1745/1745 1771/1771/1771
f 1771/1771/1771 1745/1745/1745 1772/1772/1772
f 1745/1745/1745 1744/1744/1744 1772/1772/1772
f 1772/1772/1772 1744/1744/1744 1773/1773/1773
f 1744/1744/1744 1683/1683/1683 1773/1773/1773
f 1683/1683/1683 1681/1681/1681 1773/1773/1773
f 1681/1681/1681 1680/1680/1680 1773/1773/1773
f 1773/1773/1773 1680/1680/1680 1774/1774/1774
f 1680/1680/1680 1677/1677/1677 1774/1774/1774
f 1774/1774/1774 1677/1677/1677 1775/1775/1775
f 1775/1775/1775 1677/1677/1677 1776/1776/1776
f 1677/1677/1677 1675/1675/1675 1776/1776/1776
f 1675/1675/1675 1674/1674/1674 1776/1776/1776
f 1776/1776/1776 1674/1674/1674 1777/1777/1777
f 1674/1674/1674 1671/1671/1671 1777/1777/1777
f 1777/1777/1777 1671/1671/1671 1778/1778/1778
f 1778/1778/1778 1671/1671/1671 1779/1779/1779
f 1671/1671/1671 1670/1670/1670 1779/1779/1779
f 1670/1670/1670 1667/1667/1667 1779/1779/1779
f 1779/1779/1779 1667/1667/1667 1780/1780/1780
f 1780/1780/1780 1667/1667/1667 1781/1781/1781
f 1667/1667/1667 1665/1665/1665 1781/1781/1781
f 1665/1665/1665 1664/1664/1664 1781/1781/1781
f 1781/1781/1781 1664/1664/1664 1782/1782/1782
f 1664/1664/1664 1660/1660/1660 1782/1782/1782
f 1782/1782/1782 1660/1660/1660 1783/1783/1783
f 1660/1660/1660 1610/1610/1610 1783/1783/1783
f 1610/1610/1610 1609/1609/1609 1783/1783/1783
f 1783/1783/1783 1609/1609/1609 1782/1782/1782
f 1609/1609/1609 1784/1784/1784 1782/1782/1782
f 1782/1782/1782 1784/1784/1784 1781/1781/1781
f 1609/1609/1609 1597/1597/1597 1784/1784/1784
f 1784/1784/1784 1597/1597/1597 1785/1785/1785
f 1597/1597/1597 1786/1786/1786 1785/1785/1785
f 1786/1786/1786 1787/1787/1787 1785/1785/1785
f 1785/1785/1785 1787/1787/1787 1784/1784/1784
f 1787/1787/1787 1788/1788/1788 1784/1784/1784
f 1784/1784/1784 1788/1788/1788 1781/1781/1781
f 1788/1788/1788 1789/1789/1789 1781/1781/1781
f 1781/1781/1781 1789/1789/1789 1780/1780/1780
f 1597/1597/1597 1604/1604/1604 1786/1786/1786
f 1788/1788/1788 1787/1787/1787 1789/1789/1789
f 1787/1787/1787 1790/1790/1790 1789/1789/1789
f 1790/1790/1790 1791/1791/1791 1789/1789/1789
f 1789/1789/1789 1791/1791/1791 1780/1780/1780
f 1780/1780/1780 1791/1791/1791 1779/1779/1779
f 1779/1779/1779 1791/1791/1791 1778/1778/1778
f 1791/1791/1791 1792/1792/1792 1778/1778/1778
f 1792/1792/1792 1793/1793/1793 1778/1778/1778
f 1778/1778/1778 1793/1793/1793 1777/1777/1777
f 1777/1777/1777 1793/1793/1793 1776/1776/1776
f 1776/1776/1776 1793/1793/1793 1794/1794/1794
f 1794/1794/1794 1793/1793/1793 1795/1795/1795
f 1793/1793/1793 1792/1792/1792 1795/1795/1795
f 1795/1795/1795 1792/1792/1792 1796/1796/1796
f 1792/1792/1792 1791/1791/1791 1796/1796/1796
f 1796/1796/1796 1791/1791/1791 1797/1797/1797
f 1791/1791/1791 1790/1790/1790 1797/1797/1797
f 1797/1797/1797 1790/1790/1790 1786/1786/1786
f 1790/1790/1790 1787/1787/1787 1786/1786/1786
f 1797/1797/1797 1786/1786/1786 1798/1798/1798
f 1786/1786/1786 1604/1604/1604 1798/1798/1798
f 1604/1604/1604 1603/1603/1603 1798/1798/1798
f 1603/1603/1603 1799/1799/1799 1798/1798/1798
f 1798/1798/1798 1799/1799/1799 1800/1800/1800
f 1799/1799/1799 1801/1801/1801 1800/1800/1800
f 1800/1800/1800 1801/1801/1801 1796/1796/1796
f 1796/1796/1796 1801/1801/1801 1795/1795/1795
f 1801/1801/1801 1802/1802/1802 1795/1795/1795
f 1795/1795/1795 1802/1802/1802 1794/1794/1794
f 1794/1794/1794 1802/1802/1802 1803/1803/1803
f 1803/1803/1803 1802/1802/1802 1804/1804/1804
f 1802/1802/1802 1801/1801/1801 1804/1804/1804
f 1798/1798/1798 1800/1800/1800 1797/1797/1797
f 1800/1800/1800 1796/1796/1796 1797/1797/1797
f 1803/1803/1803 1805/1805/1805 1794/1794/1794
f 1794/1794/1794 1805/1805/1805 1776/1776/1776
f 1776/1776/1776 1805/1805/1805 1775/1775/1775
f 1775/1775/1775 1805/1805/1805 1774/1774/1774
f 1805/1805/1805 1806/1806/1806 1774/1774/1774
f 1774/1774/1774 1806/1806/1806 1773/1773/1773
f 1806/1806/1806 1807/1807/1807 1773/1773/1773
f 1773/1773/1773 1807/1807/1807 1772/1772/1772
f 1807/1807/1807 1806/1806/1806 1808/1808/1808
f 1806/1806/1806 1805/1805/1805 1808/1808/1808
f 1805/1805/1805 1803/1803/1803 1808/1808/1808
f 1803/1803/1803 1809/1809/1809 1808/1808/1808
f 1808/1808/1808 1809/1809/1809 1807/1807/1807
f 1807/1807/1807 1809/1809/1809 1772/1772/1772
f 1809/1809/1809 1810/1810/1810 1772/1772/1772
f 1772/1772/1772 1810/1810/1810 1771/1771/1771
f 1810/1810/1810 1809/1809/1809 1811/1811/1811
f 1811/1811/1811 1809/1809/1809 1803/1803/1803
f 1771/1771/1771 1810/1810/1810 1812/1812/1812
f 1812/1812/1812 1810/1810/1810 1813/1813/1813
f 1810/1810/1810 1811/1811/1811 1813/1813/1813
f 1771/1771/1771 1812/1812/1812 1770/1770/1770
f 1812/1812/1812 1814/1814/1814 1770/1770/1770
f 1770/1770/1770 1814/1814/1814 1769/1769/1769
f 1814/1814/1814 1812/1812/1812 1815/1815/1815
f 1815/1815/1815 1812/1812/1812 1813/1813/1813
f 1759/1759/1759 1760/1760/1760 1816/1816/1816
f 1816/1816/1816 1760/1760/1760 1817/1817/1817
f 1760/1760/1760 1761/1761/1761 1817/1817/1817
f 1815/1815/1815 1818/1818/1818 1814/1814/1814
f 1818/1818/1818 1819/1819/1819 1814/1814/1814
f 1814/1814/1814 1819/1819/1819 1769/1769/1769
f 1819/1819/1819 1820/1820/1820 1769/1769/1769
f 1769/1769/1769 1820/1820/1820 1768/1768/1768
f 1820/1820/1820 1821/1821/1821 1768/1768/1768
f 1821/1821/1821 1822/1822/1822 1768/1768/1768
f 1768/1768/1768 1822/1822/1822 1767/1767/1767
f 1822/1822/1822 1823/1823/1823 1767/1767/1767
f 1767/1767/1767 1823/1823/1823 1766/1766/1766
f 1823/1823/1823 1824/1824/1824 1766/1766/1766
f 1766/1766/1766 1824/1824/1824 1765/1765/1765
f 1824/1824/1824 1825/1825/1825 1765/1765/1765
f 1765/1765/1765 1825/1825/1825 1764/1764/1764
f 1764/1764/1764 1825/1825/1825 1763/1763/1763
f 1825/1825/1825 1826/1826/1826 1763/1763/1763
f 1763/1763/1763 1826/1826/1826 1827/1827/1827
f 1826/1826/1826 1828/1828/1828 1827/1827/1827
f 1827/1827/1827 1828/1828/1828 1761/1761/1761
f 1828/1828/1828 1817/1817/1817 1761/1761/1761
f 1763/1763/1763 1827/1827/1827 1762/1762/1762
f 1827/1827/1827 1761/1761/1761 1762/1762/1762
f 1828/1828/1828 1826/1826/1826 1829/1829/1829
f 1826/1826/1826 1825/1825/1825 1829/1829/1829
f 1829/1829/1829 1825/1825/1825 1830/1830/1830
f 1830/1830/1830 1825/1825/1825 1831/1831/1831
f 1825/1825/1825 1824/1824/1824 1831/1831/1831
f 1824/1824/1824 1823/1823/1823 1831/1831/1831
f 1831/1831/1831 1823/1823/1823 1832/1832/1832
f 1823/1823/1823 1822/1822/1822 1832/1832/1832
f 1822/1822/1822 1833/1833/1833 1832/1832/1832
f 1833/1833/1833 1834/1834/1834 1832/1832/1832
f 1832/1832/1832 1834/1834/1834 1831/1831/1831
f 1834/1834/1834 1835/1835/1835 1831/1831/1831
f 1831/1831/1831 1835/1835/1835 1830/1830/1830
f 1830/1830/1830 1835/1835/1835 1829/1829/1829
f 1835/1835/1835 1836/1836/1836 1829/1829/1829
f 1829/1829/1829 1836/1836/1836 1828/1828/1828
f 1836/1836/1836 1837/1837/1837 1828/1828/1828
f 1837/1837/1837 1838/1838/1838 1828/1828/1828
f 1828/1828/1828 1838/1838/1838 1817/1817/1817
f 1838/1838/1838 1839/1839/1839 1817/1817/1817
f 1817/1817/1817 1839/1839/1839 1816/1816/1816
f 1836/1836/1836 1835/1835/1835 1840/1840/1840
f 1840/1840/1840 1835/1835/1835 1834/1834/1834
f 1840/1840/1840 1841/1841/1841 1836/1836/1836
f 1836/1836/1836 1841/1841/1841 1837/1837/1837
f 1841/1841/1841 1842/1842/1842 1837/1837/1837
f 1842/1842/1842 1843/1843/1843 1837/1837/1837
f 1837/1837/1837 1843/1843/1843 1838/1838/1838
f 1843/1843/1843 1844/1844/1844 1838/1838/1838
f 1838/1838/1838 1844/1844/1844 1839/1839/1839
f 1842/1842/1842 1841/1841/1841 1845/1845/1845
f 1841/1841/1841 1840/1840/1840 1845/1845/1845
f 1845/1845/1845 1840/1840/1840 1846/1846/1846
f 1840/1840/1840 1834/1834/1834 1846/1846/1846
f 1846/1846/1846 1834/1834/1834 1847/1847/1847
f 1834/1834/1834 1833/1833/1833 1847/1847/1847
f 1847/1847/1847 1833/1833/1833 1848/1848/1848
f 1833/1833/1833 1849/1849/1849 1848/1848/1848
f 1848/1848/1848 1849/1849/1849 1850/1850/1850
f 1849/1849/1849 1822/1822/1822 1850/1850/1850
f 1822/1822/1822 1821/1821/1821 1850/1850/1850
f 1850/1850/1850 1821/1821/1821 1851/1851/1851
f 1851/1851/1851 1821/1821/1821 1852/1852/1852
f 1821/1821/1821 1820/1820/1820 1852/1852/1852
f 1852/1852/1852 1820/1820/1820 1853/1853/1853
f 1820/1820/1820 1819/1819/1819 1853/1853/1853
f 1853/1853/1853 1819/1819/1819 1854/1854/1854
f 1819/1819/1819 1818/1818/1818 1854/1854/1854
f 1854/1854/1854 1818/1818/1818 1855/1855/1855
f 1818/1818/1818 1815/1815/1815 1855/1855/1855
f 1855/1855/1855 1815/1815/1815 1856/1856/1856
f 1815/1815/1815 1813/1813/1813 1856/1856/1856
f 1856/1856/1856 1813/1813/1813 1857/1857/1857
f 1813/1813/1813 1811/1811/1811 1857/1857/1857
f 1811/1811/1811 1803/1803/1803 1857/1857/1857
f 1857/1857/1857 1803/1803/1803 1858/1858/1858
f 1803/1803/1803 1804/1804/1804 1858/1858/1858
f 1858/1858/1858 1804/1804/1804 1859/1859/1859
f 1804/1804/1804 1801/1801/1801 1859/1859/1859
f 1859/1859/1859 1801/1801/1801 1860/1860/1860
f 1801/1801/1801 1799/1799/1799 1860/1860/1860
f 1860/1860/1860 1799/1799/1799 1861/1861/1861
f 1799/1799/1799 1603/1603/1603 1861/1861/1861
f 1603/1603/1603 1593/1593/1593 1861/1861/1861
f 1861/1861/1861 1593/1593/1593 1862/1862/1862
f 1593/1593/1593 1595/1595/1595 1862/1862/1862
f 1595/1595/1595 1863/1863/1863 1862/1862/1862
f 1863/1863/1863 1864/1864/1864 1862/1862/1862
f 1862/1862/1862 1864/1864/1864 1861/1861/1861
f 1864/1864/1864 1865/1865/1865 1861/1861/1861
f 1865/1865/1865 1866/1866/1866 1861/1861/1861
f 1861/1861/1861 1866/1866/1866 1860/1860/1860
f 1860/1860/1860 1866/1866/1866 1859/1859/1859
f 1859/1859/1859 1866/1866/1866 1867/1867/1867
f 1867/1867/1867 1866/1866/1866 1868/1868/1868
f 1866/1866/1866 1865/1865/1865 1868/1868/1868
f 1868/1868/1868 1865/1865/1865 1869/1869/1869
f 1869/1869/1869 1865/1865/1865 1870/1870/1870
f 1865/1865/1865 1864/1864/1864 1870/1870/1870
f 1870/1870/1870 1864/1864/1864 1871/1871/1871
f 1864/1864/1864 1863/1863/1863 1871/1871/1871
f 1871/1871/1871 1863/1863/1863 1872/1872/1872
f 1872/1872/1872 1863/1863/1863 1873/1873/1873
f 1863/1863/1863 1595/1595/1595 1873/1873/1873
f 1873/1873/1873 1595/1595/1595 1874/1874/1874
f 1874/1874/1874 1595/1595/1595 1875/1875/1875
f 1595/1595/1595 1602/1602/1602 1875/1875/1875
f 1875/1875/1875 1602/1602/1602 1876/1876/1876
f 1876/1876/1876 1602/1602/1602 1877/1877/1877
f 1602/1602/1602 1601/1601/1601 1877/1877/1877
f 1877/1877/1877 1601/1601/1601 1878/1878/1878
f 1601/1601/1601 1620/1620/1620 1878/1878/1878
f 1878/1878/1878 1620/1620/1620 1879/1879/1879
f 1620/1620/1620 1619/1619/1619 1879/1879/1879
f 1879/1879/1879 1619/1619/1619 1880/1880/1880
f 1619/1619/1619 1640/1640/1640 1880/1880/1880
f 1880/1880/1880 1640/1640/1640 1881/1881/1881
f 1640/1640/1640 1639/1639/1639 1881/1881/1881
f 1822/1822/1822 1849/1849/1849 1833/1833/1833
f 1847/1847/1847 1882/1882/1882 1846/1846/1846
f 1846/1846/1846 1882/1882/1882 1845/1845/1845
f 1848/1848/1848 1882/1882/1882 1847/1847/1847
f 1870/1870/1870 1871/1871/1871 1883/1883/1883
f 1871/1871/1871 1872/1872/1872 1883/1883/1883
f 1881/1881/1881 1884/1884/1884 1880/1880/1880
f 1880/1880/1880 1884/1884/1884 1879/1879/1879
f 1879/1879/1879 1884/1884/1884 1885/1885/1885
f 1885/1885/1885 1884/1884/1884 1886/1886/1886
f 1884/1884/1884 1881/1881/1881 1886/1886/1886
f 1886/1886/1886 1881/1881/1881 1887/1887/1887
f 1887/1887/1887 1881/1881/1881 1888/1888/1888
f 1888/1888/1888 1881/1881/1881 1889/1889/1889
f 1881/1881/1881 1639/1639/1639 1889/1889/1889
f 1889/1889/1889 1639/1639/1639 1890/1890/1890
f 1890/1890/1890 1639/1639/1639 1891/1891/1891
f 1639/1639/1639 1642/1642/1642 1891/1891/1891
f 1891/1891/1891 1642/1642/1642 1892/1892/1892
f 1892/1892/1892 1642/1642/1642 1893/1893/1893
f 1642/1642/1642 1641/1641/1641 1893/1893/1893
f 1893/1893/1893 1641/1641/1641 1894/1894/1894
f 1641/1641/1641 1647/1647/1647 1894/1894/1894
f 1647/1647/1647 1650/1650/1650 1894/1894/1894
f 1650/1650/1650 1895/1895/1895 1894/1894/1894
f 1894/1894/1894 1895/1895/1895 1896/1896/1896
f 1895/1895/1895 1897/1897/1897 1896/1896/1896
f 1897/1897/1897 1898/1898/1898 1896/1896/1896
f 1898/1898/1898 1892/1892/1892 1896/1896/1896
f 1892/1892/1892 1893/1893/1893 1896/1896/1896
f 1896/1896/1896 1893/1893/1893 1894/1894/1894
f 1650/1650/1650 1899/1899/1899 1895/1895/1895
f 1899/1899/1899 1900/1900/1900 1895/1895/1895
f 1895/1895/1895 1900/1900/1900 1897/1897/1897
f 1650/1650/1650 1649/1649/1649 1899/1899/1899
f 1899/1899/1899 1649/1649/1649 1901/1901/1901
f 1649/1649/1649 1648/1648/1648 1901/1901/1901
f 1901/1901/1901 1648/1648/1648 1902/1902/1902
f 1648/1648/1648 1651/1651/1651 1902/1902/1902
f 1651/1651/1651 1652/1652/1652 1902/1902/1902
f 1902/1902/1902 1652/1652/1652 1903/1903/1903
f 1652/1652/1652 1904/1904/1904 1903/1903/1903
f 1904/1904/1904 1905/1905/1905 1903/1903/1903
f 1905/1905/1905 1906/1906/1906 1903/1903/1903
f 1903/1903/1903 1906/1906/1906 1902/1902/1902
f 1906/1906/1906 1907/1907/1907 1902/1902/1902
f 1902/1902/1902 1907/1907/1907 1899/1899/1899
f 1907/1907/1907 1908/1908/1908 1899/1899/1899
f 1899/1899/1899 1908/1908/1908 1900/1900/1900
f 1899/1899/1899 1901/1901/1901 1902/1902/1902
f 1652/1652/1652 1712/1712/1712 1904/1904/1904
f 1908/1908/1908 1907/1907/1907 1909/1909/1909
f 1907/1907/1907 1906/1906/1906 1909/1909/1909
f 1906/1906/1906 1905/1905/1905 1909/1909/1909
f 1905/1905/1905 1910/1910/1910 1909/1909/1909
f 1910/1910/1910 1911/1911/1911 1909/1909/1909
f 1909/1909/1909 1911/1911/1911 1912/1912/1912
f 1911/1911/1911 1913/1913/1913 1912/1912/1912
f 1913/1913/1913 1914/1914/1914 1912/1912/1912
f 1912/1912/1912 1914/1914/1914 1909/1909/1909
f 1909/1909/1909 1914/1914/1914 1908/1908/1908
f 1908/1908/1908 1914/1914/1914 1900/1900/1900
f 1900/1900/1900 1914/1914/1914 1897/1897/1897
f 1914/1914/1914 1915/1915/1915 1897/1897/1897
f 1897/1897/1897 1915/1915/1915 1898/1898/1898
f 1911/1911/1911 1916/1916/1916 1913/1913/1913
f 1916/1916/1916 1917/1917/1917 1913/1913/1913
f 1913/1913/1913 1917/1917/1917 1918/1918/1918
f 1917/1917/1917 1919/1919/1919 1918/1918/1918
f 1919/1919/1919 1920/1920/1920 1918/1918/1918
f 1918/1918/1918 1920/1920/1920 1915/1915/1915
f 1915/1915/1915 1920/1920/1920 1898/1898/1898
f 1898/1898/1898 1920/1920/1920 1921/1921/1921
f 1921/1921/1921 1920/1920/1920 1922/1922/1922
f 1920/1920/1920 1919/1919/1919 1922/1922/1922
f 1922/1922/1922 1919/1919/1919 1923/1923/1923
f 1919/1919/1919 1917/1917/1917 1923/1923/1923
f 1923/1923/1923 1917/1917/1917 1924/1924/1924
f 1917/1917/1917 1916/1916/1916 1924/1924/1924
f 1924/1924/1924 1916/1916/1916 1925/1925/1925
f 1925/1925/1925 1916/1916/1916 1926/1926/1926
f 1916/1916/1916 1927/1927/1927 1926/1926/1926
f 1926/1926/1926 1927/1927/1927 1928/1928/1928
f 1928/1928/1928 1927/1927/1927 1929/1929/1929
f 1927/1927/1927 1930/1930/1930 1929/1929/1929
f 1930/1930/1930 1931/1931/1931 1929/1929/1929
f 1929/1929/1929 1931/1931/1931 1932/1932/1932
f 1932/1932/1932 1931/1931/1931 1933/1933/1933
f 1931/1931/1931 1934/1934/1934 1933/1933/1933
f 1934/1934/1934 1935/1935/1935 1933/1933/1933
f 1933/1933/1933 1935/1935/1935 1936/1936/1936
f 1935/1935/1935 1937/1937/1937 1936/1936/1936
f 1936/1936/1936 1937/1937/1937 1938/1938/1938
f 1938/1938/1938 1937/1937/1937 1939/1939/1939
f 1937/1937/1937 1940/1940/1940 1939/1939/1939
f 1940/1940/1940 1941/1941/1941 1939/1939/1939
f 1939/1939/1939 1941/1941/1941 1942/1942/1942
f 1941/1941/1941 1943/1943/1943 1942/1942/1942
f 1942/1942/1942 1943/1943/1943 1944/1944/1944
f 1944/1944/1944 1943/1943/1943 1945/1945/1945
f 1943/1943/1943 1946/1946/1946 1945/1945/1945
f 1946/1946/1946 1947/1947/1947 1945/1945/1945
f 1945/1945/1945 1947/1947/1947 1948/1948/1948
f 1947/1947/1947 1949/1949/1949 1948/1948/1948
f 1948/1948/1948 1949/1949/1949 1950/1950/1950
f 1950/1950/1950 1949/1949/1949 1951/1951/1951
f 1949/1949/1949 1952/1952/1952 1951/1951/1951
f 1952/1952/1952 1953/1953/1953 1951/1951/1951
f 1951/1951/1951 1953/1953/1953 1954/1954/1954
f 1953/1953/1953 1955/1955/1955 1954/1954/1954
f 1954/1954/1954 1955/1955/1955 1956/1956/1956
f 1956/1956/1956 1955/1955/1955 1957/1957/1957
f 1955/1955/1955 1958/1958/1958 1957/1957/1957
f 1958/1958/1958 1959/1959/1959 1957/1957/1957
f 1957/1957/1957 1959/1959/1959 1960/1960/1960
f 1960/1960/1960 1959/1959/1959 1961/1961/1961
f 1959/1959/1959 1962/1962/1962 1961/1961/1961
f 1962/1962/1962 1963/1963/1963 1961/1961/1961
f 1961/1961/1961 1963/1963/1963 1964/1964/1964
f 1963/1963/1963 1965/1965/1965 1964/1964/1964
f 1964/1964/1964 1965/1965/1965 1966/1966/1966
f 1966/1966/1966 1965/1965/1965 1967/1967/1967
f 1965/1965/1965 1968/1968/1968 1967/1967/1967
f 1968/1968/1968 1969/1969/1969 1967/1967/1967
f 1967/1967/1967 1969/1969/1969 1970/1970/1970
f 1970/1970/1970 1969/1969/1969 1971/1971/1971
f 1969/1969/1969 1972/1972/1972 1971/1971/1971
f 1972/1972/1972 1973/1973/1973 1971/1971/1971
f 1971/1971/1971 1973/1973/1973 1974/1974/1974
f 1973/1973/1973 1975/1975/1975 1974/1974/1974
f 1974/1974/1974 1975/1975/1975 1976/1976/1976
f 1975/1975/1975 1977/1977/1977 1976/1976/1976
f 1915/1915/1915 1914/1914/1914 1918/1918/1918
f 1914/1914/1914 1913/1913/1913 1918/1918/1918
f 1976/1976/1976 1978/1978/1978 1974/1974/1974
f 1974/1974/1974 1978/1978/1978 1971/1971/1971
f 1978/1978/1978 1979/1979/1979 1971/1971/1971
f 1979/1979/1979 1980/1980/1980 1971/1971/1971
f 1971/1971/1971 1980/1980/1980 1970/1970/1970
f 1970/1970/1970 1980/1980/1980 1967/1967/1967
f 1980/1980/1980 1981/1981/1981 1967/1967/1967
f 1981/1981/1981 1982/1982/1982 1967/1967/1967
f 1967/1967/1967 1982/1982/1982 1966/1966/1966
f 1982/1982/1982 1983/1983/1983 1966/1966/1966
f 1966/1966/1966 1983/1983/1983 1964/1964/1964
f 1964/1964/1964 1983/1983/1983 1961/1961/1961
f 1983/1983/1983 1984/1984/1984 1961/1961/1961
f 1984/1984/1984 1985/1985/1985 1961/1961/1961
f 1961/1961/1961 1985/1985/1985 1960/1960/1960
f 1960/1960/1960 1985/1985/1985 1957/1957/1957
f 1985/1985/1985 1986/1986/1986 1957/1957/1957
f 1986/1986/1986 1987/1987/1987 1957/1957/1957
f 1957/1957/1957 1987/1987/1987 1956/1956/1956
f 1987/1987/1987 1988/1988/1988 1956/1956/1956
f 1956/1956/1956 1988/1988/1988 1954/1954/1954
f 1954/1954/1954 1988/1988/1988 1951/1951/1951
f 1988/1988/1988 1989/1989/1989 1951/1951/1951
f 1989/1989/1989 1990/1990/1990 1951/1951/1951
f 1951/1951/1951 1990/1990/1990 1950/1950/1950
f 1990/1990/1990 1991/1991/1991 1950/1950/1950
f 1950/1950/1950 1991/1991/1991 1948/1948/1948
f 1948/1948/1948 1991/1991/1991 1945/1945/1945
f 1991/1991/1991 1992/1992/1992 1945/1945/1945
f 1992/1992/1992 1993/1993/1993 1945/1945/1945
f 1945/1945/1945 1993/1993/1993 1944/1944/1944
f 1993/1993/1993 1994/1994/1994 1944/1944/1944
f 1944/1944/1944 1994/1994/1994 1942/1942/1942
f 1942/1942/1942 1994/1994/1994 1939/1939/1939
f 1994/1994/1994 1995/1995/1995 1939/1939/1939
f 1995/1995/1995 1996/1996/1996 1939/1939/1939
f 1939/1939/1939 1996/1996/1996 1938/1938/1938
f 1996/1996/1996 1997/1997/1997 1938/1938/1938
f 1938/1938/1938 1997/1997/1997 1936/1936/1936
f 1936/1936/1936 1997/1997/1997 1933/1933/1933
f 1997/1997/1997 1998/1998/1998 1933/1933/1933
f 1998/1998/1998 1999/1999/1999 1933/1933/1933
f 1933/1933/1933 1999/1999/1999 1932/1932/1932
f 1932/1932/1932 1999/1999/1999 1929/1929/1929
f 1999/1999/1999 2000/2000/2000 1929/1929/1929
f 2000/2000/2000 2001/2001/2001 1929/1929/1929
f 1929/1929/1929 2001/2001/2001 1928/1928/1928
f 1928/1928/1928 2001/2001/2001 1926/1926/1926
f 2001/2001/2001 2002/2002/2002 1926/1926/1926
f 1926/1926/1926 2002/2002/2002 1925/1925/1925
f 2002/2002/2002 2001/2001/2001 2003/2003/2003
f 2001/2001/2001 2000/2000/2000 2003/2003/2003
f 2003/2003/2003 2000/2000/2000 2004/2004/2004
f 2000/2000/2000 1999/1999/1999 2004/2004/2004
f 1999/1999/1999 1998/1998/1998 2004/2004/2004
f 2004/2004/2004 1998/1998/1998 2005/2005/2005
f 1998/1998/1998 1997/1997/1997 2005/2005/2005
f 2005/2005/2005 1997/1997/1997 2006/2006/2006
f 1997/1997/1997 2007/2007/2007 2006/2006/2006
f 2007/2007/2007 2008/2008/2008 2006/2006/2006
f 2008/2008/2008 2009/2009/2009 2006/2006/2006
f 2006/2006/2006 2009/2009/2009 2005/2005/2005
f 2009/2009/2009 2004/2004/2004 2005/2005/2005
f 1997/1997/1997 1996/1996/1996 2007/2007/2007
f 1996/1996/1996 1995/1995/1995 2007/2007/2007
f 2007/2007/2007 1995/1995/1995 2010/2010/2010
f 1995/1995/1995 1994/1994/1994 2010/2010/2010
f 1994/1994/1994 2011/2011/2011 2010/2010/2010
f 2011/2011/2011 2012/2012/2012 2010/2010/2010
f 2010/2010/2010 2012/2012/2012 2007/2007/2007
f 2012/2012/2012 2013/2013/2013 2007/2007/2007
f 2007/2007/2007 2013/2013/2013 2008/2008/2008
f 2013/2013/2013 2014/2014/2014 2008/2008/2008
f 2008/2008/2008 2014/2014/2014 2009/2009/2009
f 1886/1886/1886 1887/1887/1887 2015/2015/2015
f 1923/1923/1923 1924/1924/1924 2016/2016/2016
f 1994/1994/1994 2017/2017/2017 2011/2011/2011
f 2017/2017/2017 2018/2018/2018 2011/2011/2011
f 2011/2011/2011 2018/2018/2018 2012/2012/2012
f 2018/2018/2018 2019/2019/2019 2012/2012/2012
f 2019/2019/2019 2020/2020/2020 2012/2012/2012
f 2012/2012/2012 2020/2020/2020 2013/2013/2013
f 2020/2020/2020 2021/2021/2021 2013/2013/2013
f 2013/2013/2013 2021/2021/2021 2014/2014/2014
f 1994/1994/1994 1993/1993/1993 2017/2017/2017
f 1993/1993/1993 1992/1992/1992 2017/2017/2017
f 2017/2017/2017 1992/1992/1992 2022/2022/2022
f 1992/1992/1992 1991/1991/1991 2022/2022/2022
f 2022/2022/2022 1991/1991/1991 2023/2023/2023
f 2023/2023/2023 1991/1991/1991 2024/2024/2024
f 1991/1991/1991 1990/1990/1990 2024/2024/2024
f 1990/1990/1990 1989/1989/1989 2024/2024/2024
f 2024/2024/2024 1989/1989/1989 2025/2025/2025
f 1989/1989/1989 1988/1988/1988 2025/2025/2025
f 2025/2025/2025 1988/1988/1988 2026/2026/2026
f 2026/2026/2026 1988/1988/1988 2027/2027/2027
f 1988/1988/1988 1987/1987/1987 2027/2027/2027
f 1987/1987/1987 1986/1986/1986 2027/2027/2027
f 2027/2027/2027 1986/1986/1986 2028/2028/2028
f 1986/1986/1986 1985/1985/1985 2028/2028/2028
f 2028/2028/2028 1985/1985/1985 2029/2029/2029
f 2029/2029/2029 1985/1985/1985 2030/2030/2030
f 1985/1985/1985 1984/1984/1984 2030/2030/2030
f 1984/1984/1984 1983/1983/1983 2030/2030/2030
f 2030/2030/2030 1983/1983/1983 2031/2031/2031
f 1983/1983/1983 2032/2032/2032 2031/2031/2031
f 2031/2031/2031 2032/2032/2032 2033/2033/2033
f 2033/2033/2033 2032/2032/2032 2034/2034/2034
f 2034/2034/2034 2032/2032/2032 1981/1981/1981
f 1981/1981/1981 2032/2032/2032 1982/1982/1982
f 2032/2032/2032 1983/1983/1983 1982/1982/1982
f 2030/2030/2030 2031/2031/2031 2035/2035/2035
f 2035/2035/2035 2031/2031/2031 2036/2036/2036
f 2031/2031/2031 2033/2033/2033 2036/2036/2036
f 2030/2030/2030 2035/2035/2035 2029/2029/2029
f 2035/2035/2035 2037/2037/2037 2029/2029/2029
f 2037/2037/2037 2038/2038/2038 2029/2029/2029
f 2029/2029/2029 2038/2038/2038 2028/2028/2028
f 2028/2028/2028 2038/2038/2038 2027/2027/2027
f 2038/2038/2038 2039/2039/2039 2027/2027/2027
f 2027/2027/2027 2039/2039/2039 2040/2040/2040
f 2040/2040/2040 2039/2039/2039 2041/2041/2041
f 2039/2039/2039 2038/2038/2038 2041/2041/2041
f 2041/2041/2041 2038/2038/2038 2042/2042/2042
f 2042/2042/2042 2038/2038/2038 2043/2043/2043
f 2038/2038/2038 2037/2037/2037 2043/2043/2043
f 2037/2037/2037 2035/2035/2035 2043/2043/2043
f 2043/2043/2043 2035/2035/2035 2044/2044/2044
f 2044/2044/2044 2035/2035/2035 2045/2045/2045
f 2035/2035/2035 2036/2036/2036 2045/2045/2045
f 2036/2036/2036 2033/2033/2033 2045/2045/2045
f 2045/2045/2045 2033/2033/2033 2046/2046/2046
f 2046/2046/2046 2033/2033/2033 2047/2047/2047
f 2033/2033/2033 2034/2034/2034 2047/2047/2047
f 2047/2047/2047 2034/2034/2034 2048/2048/2048
f 2048/2048/2048 2034/2034/2034 2049/2049/2049
f 2034/2034/2034 1981/1981/1981 2049/2049/2049
f 1981/1981/1981 1980/1980/1980 2049/2049/2049
f 1980/1980/1980 1979/1979/1979 2049/2049/2049
f 2049/2049/2049 1979/1979/1979 2050/2050/2050
f 2050/2050/2050 1979/1979/1979 2051/2051/2051
f 1979/1979/1979 1978/1978/1978 2051/2051/2051
f 2051/2051/2051 1978/1978/1978 2052/2052/2052
f 1978/1978/1978 1976/1976/1976 2052/2052/2052
f 2052/2052/2052 1976/1976/1976 2053/2053/2053
f 1976/1976/1976 1977/1977/1977 2053/2053/2053
f 2053/2053/2053 1977/1977/1977 2054/2054/2054
f 1977/1977/1977 2055/2055/2055 2054/2054/2054
f 2055/2055/2055 2056/2056/2056 2054/2054/2054
f 2054/2054/2054 2056/2056/2056 2057/2057/2057
f 2056/2056/2056 2058/2058/2058 2057/2057/2057
f 2057/2057/2057 2058/2058/2058 2059/2059/2059
f 2059/2059/2059 2058/2058/2058 2060/2060/2060
f 2058/2058/2058 2061/2061/2061 2060/2060/2060
f 2061/2061/2061 2062/2062/2062 2060/2060/2060
f 2060/2060/2060 2062/2062/2062 2063/2063/2063
f 2063/2063/2063 2062/2062/2062 2064/2064/2064
f 2062/2062/2062 2065/2065/2065 2064/2064/2064
f 2064/2064/2064 2065/2065/2065 2066/2066/2066
f 2065/2065/2065 2067/2067/2067 2066/2066/2066
f 2067/2067/2067 2068/2068/2068 2066/2066/2066
f 2066/2066/2066 2068/2068/2068 2069/2069/2069
f 2068/2068/2068 2070/2070/2070 2069/2069/2069
f 2069/2069/2069 2070/2070/2070 2071/2071/2071
f 2070/2070/2070 2072/2072/2072 2071/2071/2071
f 2027/2027/2027 2040/2040/2040 2026/2026/2026
f 2071/2071/2071 2073/2073/2073 2069/2069/2069
f 2069/2069/2069 2073/2073/2073 2066/2066/2066
f 2073/2073/2073 2074/2074/2074 2066/2066/2066
f 2066/2066/2066 2074/2074/2074 2075/2075/2075
f 2074/2074/2074 2076/2076/2076 2075/2075/2075
f 2076/2076/2076 2077/2077/2077 2075/2075/2075
f 2077/2077/2077 2063/2063/2063 2075/2075/2075
f 2063/2063/2063 2064/2064/2064 2075/2075/2075
f 2075/2075/2075 2064/2064/2064 2066/2066/2066
f 2076/2076/2076 2074/2074/2074 2078/2078/2078
f 2078/2078/2078 2074/2074/2074 2079/2079/2079
f 2074/2074/2074 2073/2073/2073 2079/2079/2079
f 2079/2079/2079 2073/2073/2073 2080/2080/2080
f 2073/2073/2073 2071/2071/2071 2080/2080/2080
f 2071/2071/2071 2081/2081/2081 2080/2080/2080
f 2081/2081/2081 2082/2082/2082 2080/2080/2080
f 2080/2080/2080 2082/2082/2082 2083/2083/2083
f 2082/2082/2082 2084/2084/2084 2083/2083/2083
f 2083/2083/2083 2084/2084/2084 2085/2085/2085
f 2084/2084/2084 2086/2086/2086 2085/2085/2085
f 2086/2086/2086 2087/2087/2087 2085/2085/2085
f 2087/2087/2087 2088/2088/2088 2085/2085/2085
f 2085/2085/2085 2088/2088/2088 2089/2089/2089
f 2088/2088/2088 2090/2090/2090 2089/2089/2089
f 2089/2089/2089 2090/2090/2090 2079/2079/2079
f 2090/2090/2090 2091/2091/2091 2079/2079/2079
f 2079/2079/2079 2091/2091/2091 2078/2078/2078
f 2078/2078/2078 2091/2091/2091 2092/2092/2092
f 2091/2091/2091 2093/2093/2093 2092/2092/2092
f 2093/2093/2093 2094/2094/2094 2092/2092/2092
f 2094/2094/2094 2095/2095/2095 2092/2092/2092
f 2092/2092/2092 2095/2095/2095 2078/2078/2078
f 2078/2078/2078 2095/2095/2095 2076/2076/2076
f 2095/2095/2095 2096/2096/2096 2076/2076/2076
f 2076/2076/2076 2096/2096/2096 2077/2077/2077
f 2096/2096/2096 2097/2097/2097 2077/2077/2077
f 2077/2077/2077 2097/2097/2097 2063/2063/2063
f 2063/2063/2063 2097/2097/2097 2060/2060/2060
f 2060/2060/2060 2097/2097/2097 2059/2059/2059
f 2097/2097/2097 2098/2098/2098 2059/2059/2059
f 2098/2098/2098 2099/2099/2099 2059/2059/2059
f 2059/2059/2059 2099/2099/2099 2057/2057/2057
f 2057/2057/2057 2099/2099/2099 2054/2054/2054
f 2099/2099/2099 2100/2100/2100 2054/2054/2054
f 2100/2100/2100 2101/2101/2101 2054/2054/2054
f 2054/2054/2054 2101/2101/2101 2053/2053/2053
f 2053/2053/2053 2101/2101/2101 2052/2052/2052
f 2101/2101/2101 2102/2102/2102 2052/2052/2052
f 2102/2102/2102 2103/2103/2103 2052/2052/2052
f 2052/2052/2052 2103/2103/2103 2051/2051/2051
f 2103/2103/2103 2104/2104/2104 2051/2051/2051
f 2051/2051/2051 2104/2104/2104 2050/2050/2050
f 2080/2080/2080 2083/2083/2083 2079/2079/2079
f 2083/2083/2083 2085/2085/2085 2079/2079/2079
f 2079/2079/2079 2085/2085/2085 2089/2089/2089
f 2093/2093/2093 2091/2091/2091 2090/2090/2090
f 2102/2102/2102 2101/2101/2101 2100/2100/2100
f 2104/2104/2104 2103/2103/2103 2105/2105/2105
f 2105/2105/2105 2103/2103/2103 2102/2102/2102
f 2050/2050/2050 2104/2104/2104 2106/2106/2106
f 2106/2106/2106 2104/2104/2104 2107/2107/2107
f 2104/2104/2104 2105/2105/2105 2107/2107/2107
f 2050/2050/2050 2106/2106/2106 2049/2049/2049
f 2106/2106/2106 2108/2108/2108 2049/2049/2049
f 2108/2108/2108 2109/2109/2109 2049/2049/2049
f 2049/2049/2049 2109/2109/2109 2048/2048/2048
f 2109/2109/2109 2110/2110/2110 2048/2048/2048
f 2048/2048/2048 2110/2110/2110 2047/2047/2047
f 2110/2110/2110 2111/2111/2111 2047/2047/2047
f 2047/2047/2047 2111/2111/2111 2046/2046/2046
f 2111/2111/2111 2112/2112/2112 2046/2046/2046
f 2112/2112/2112 2113/2113/2113 2046/2046/2046
f 2046/2046/2046 2113/2113/2113 2045/2045/2045
f 2113/2113/2113 2114/2114/2114 2045/2045/2045
f 2114/2114/2114 2115/2115/2115 2045/2045/2045
f 2045/2045/2045 2115/2115/2115 2044/2044/2044
f 2044/2044/2044 2115/2115/2115 2043/2043/2043
f 2115/2115/2115 2116/2116/2116 2043/2043/2043
f 2043/2043/2043 2116/2116/2116 2117/2117/2117
f 2116/2116/2116 2118/2118/2118 2117/2117/2117
f 2118/2118/2118 2119/2119/2119 2117/2117/2117
f 2119/2119/2119 2120/2120/2120 2117/2117/2117
f 2117/2117/2117 2120/2120/2120 2042/2042/2042
f 2120/2120/2120 2041/2041/2041 2042/2042/2042
f 2110/2110/2110 2112/2112/2112 2111/2111/2111
f 2043/2043/2043 2117/2117/2117 2042/2042/2042
f 2118/2118/2118 2116/2116/2116 2121/2121/2121
f 2116/2116/2116 2115/2115/2115 2121/2121/2121
f 2115/2115/2115 2114/2114/2114 2121/2121/2121
f 2121/2121/2121 2114/2114/2114 2122/2122/2122
f 2122/2122/2122 2114/2114/2114 2123/2123/2123
f 2114/2114/2114 2113/2113/2113 2123/2123/2123
f 2113/2113/2113 2112/2112/2112 2123/2123/2123
f 2123/2123/2123 2112/2112/2112 2124/2124/2124
f 2112/2112/2112 2125/2125/2125 2124/2124/2124
f 2124/2124/2124 2125/2125/2125 2126/2126/2126
f 2126/2126/2126 2125/2125/2125 2127/2127/2127
f 2125/2125/2125 2110/2110/2110 2127/2127/2127
f 2127/2127/2127 2110/2110/2110 2128/2128/2128
f 2110/2110/2110 2109/2109/2109 2128/2128/2128
f 2128/2128/2128 2109/2109/2109 2129/2129/2129
f 2129/2129/2129 2109/2109/2109 2130/2130/2130
f 2109/2109/2109 2108/2108/2108 2130/2130/2130
f 2130/2130/2130 2108/2108/2108 2131/2131/2131
f 2108/2108/2108 2106/2106/2106 2131/2131/2131
f 2131/2131/2131 2106/2106/2106 2132/2132/2132
f 2106/2106/2106 2107/2107/2107 2132/2132/2132
f 2132/2132/2132 2107/2107/2107 2133/2133/2133
f 2133/2133/2133 2107/2107/2107 2134/2134/2134
f 2107/2107/2107 2105/2105/2105 2134/2134/2134
f 2110/2110/2110 2125/2125/2125 2112/2112/2112
f 2127/2127/2127 2128/2128/2128 2129/2129/2129
f 2132/2132/2132 2135/2135/2135 2131/2131/2131
f 2135/2135/2135 2130/2130/2130 2131/2131/2131
f 2135/2135/2135 2132/2132/2132 2136/2136/2136
f 2132/2132/2132 2133/2133/2133 2136/2136/2136
f 2133/2133/2133 2134/2134/2134 2137/2137/2137
f 2137/2137/2137 2134/2134/2134 2138/2138/2138
f 2134/2134/2134 2105/2105/2105 2138/2138/2138
f 2138/2138/2138 2105/2105/2105 2139/2139/2139
f 2105/2105/2105 2102/2102/2102 2139/2139/2139
f 2139/2139/2139 2102/2102/2102 2140/2140/2140
f 2102/2102/2102 2141/2141/2141 2140/2140/2140
f 2140/2140/2140 2141/2141/2141 2142/2142/2142
f 2141/2141/2141 2099/2099/2099 2142/2142/2142
f 2142/2142/2142 2099/2099/2099 2143/2143/2143
f 2099/2099/2099 2098/2098/2098 2143/2143/2143
f 2098/2098/2098 2097/2097/2097 2143/2143/2143
f 2143/2143/2143 2097/2097/2097 2144/2144/2144
f 2097/2097/2097 2096/2096/2096 2144/2144/2144
f 2144/2144/2144 2096/2096/2096 2145/2145/2145
f 2096/2096/2096 2146/2146/2146 2145/2145/2145
f 2145/2145/2145 2146/2146/2146 2147/2147/2147
f 2146/2146/2146 2095/2095/2095 2147/2147/2147
f 2147/2147/2147 2095/2095/2095 2148/2148/2148
f 2095/2095/2095 2094/2094/2094 2148/2148/2148
f 2148/2148/2148 2094/2094/2094 2149/2149/2149
f 2094/2094/2094 2093/2093/2093 2149/2149/2149
f 2149/2149/2149 2093/2093/2093 2150/2150/2150
f 2093/2093/2093 2090/2090/2090 2150/2150/2150
f 2150/2150/2150 2090/2090/2090 2151/2151/2151
f 2090/2090/2090 2088/2088/2088 2151/2151/2151
f 2151/2151/2151 2088/2088/2088 2152/2152/2152
f 2088/2088/2088 2087/2087/2087 2152/2152/2152
f 2140/2140/2140 2138/2138/2138 2139/2139/2139
f 2102/2102/2102 2100/2100/2100 2141/2141/2141
f 2141/2141/2141 2100/2100/2100 2099/2099/2099
f 2143/2143/2143 2144/2144/2144 2145/2145/2145
f 2095/2095/2095 2146/2146/2146 2096/2096/2096
f 2152/2152/2152 2153/2153/2153 2151/2151/2151
f 2151/2151/2151 2153/2153/2153 2150/2150/2150
f 2153/2153/2153 2154/2154/2154 2150/2150/2150
f 2150/2150/2150 2154/2154/2154 2149/2149/2149
f 2154/2154/2154 2153/2153/2153 2155/2155/2155
f 2153/2153/2153 2152/2152/2152 2155/2155/2155
f 2155/2155/2155 2152/2152/2152 2156/2156/2156
f 2152/2152/2152 2087/2087/2087 2156/2156/2156
f 2087/2087/2087 2086/2086/2086 2156/2156/2156
f 2156/2156/2156 2086/2086/2086 2157/2157/2157
f 2086/2086/2086 2084/2084/2084 2157/2157/2157
f 2155/2155/2155 2156/2156/2156 2158/2158/2158
f 2158/2158/2158 2156/2156/2156 2159/2159/2159
f 2159/2159/2159 2156/2156/2156 2160/2160/2160
f 2156/2156/2156 2157/2157/2157 2160/2160/2160
f 2160/2160/2160 2157/2157/2157 2161/2161/2161
f 2158/2158/2158 2162/2162/2162 2155/2155/2155
f 2155/2155/2155 2162/2162/2162 2154/2154/2154
f 2162/2162/2162 2163/2163/2163 2154/2154/2154
f 2163/2163/2163 2164/2164/2164 2154/2154/2154
f 2164/2164/2164 2165/2165/2165 2154/2154/2154
f 2165/2165/2165 2166/2166/2166 2154/2154/2154
f 2166/2166/2166 2167/2167/2167 2154/2154/2154
f 2154/2154/2154 2167/2167/2167 2149/2149/2149
f 2149/2149/2149 2167/2167/2167 2148/2148/2148
f 2167/2167/2167 2168/2168/2168 2148/2148/2148
f 2148/2148/2148 2168/2168/2168 2147/2147/2147
f 2168/2168/2168 2169/2169/2169 2147/2147/2147
f 2147/2147/2147 2169/2169/2169 2145/2145/2145
f 2169/2169/2169 2170/2170/2170 2145/2145/2145
f 2145/2145/2145 2170/2170/2170 2171/2171/2171
f 2170/2170/2170 2172/2172/2172 2171/2171/2171
f 2171/2171/2171 2172/2172/2172 2173/2173/2173
f 2172/2172/2172 2140/2140/2140 2173/2173/2173
f 2140/2140/2140 2142/2142/2142 2173/2173/2173
f 2142/2142/2142 2143/2143/2143 2173/2173/2173
f 2173/2173/2173 2143/2143/2143 2171/2171/2171
f 2143/2143/2143 2145/2145/2145 2171/2171/2171
f 2172/2172/2172 2170/2170/2170 2174/2174/2174
f 2170/2170/2170 2169/2169/2169 2174/2174/2174
f 2174/2174/2174 2169/2169/2169 2175/2175/2175
f 2169/2169/2169 2168/2168/2168 2175/2175/2175
f 2175/2175/2175 2168/2168/2168 2176/2176/2176
f 2168/2168/2168 2167/2167/2167 2176/2176/2176
f 2167/2167/2167 2166/2166/2166 2176/2176/2176
f 2166/2166/2166 2165/2165/2165 2176/2176/2176
f 2176/2176/2176 2165/2165/2165 2177/2177/2177
f 2177/2177/2177 2165/2165/2165 2178/2178/2178
f 2165/2165/2165 2164/2164/2164 2178/2178/2178
f 2178/2178/2178 2164/2164/2164 2179/2179/2179
f 2164/2164/2164 2163/2163/2163 2179/2179/2179
f 2176/2176/2176 2177/2177/2177 2180/2180/2180
f 2180/2180/2180 2177/2177/2177 2181/2181/2181
f 2181/2181/2181 2177/2177/2177 2182/2182/2182
f 2177/2177/2177 2178/2178/2178 2182/2182/2182
f 2182/2182/2182 2178/2178/2178 2183/2183/2183
f 2183/2183/2183 2178/2178/2178 2184/2184/2184
f 2184/2184/2184 2178/2178/2178 2185/2185/2185
f 2178/2178/2178 2179/2179/2179 2185/2185/2185
f 2180/2180/2180 2186/2186/2186 2176/2176/2176
f 2176/2176/2176 2186/2186/2186 2175/2175/2175
f 2175/2175/2175 2186/2186/2186 2174/2174/2174
f 2174/2174/2174 2186/2186/2186 2187/2187/2187
f 2186/2186/2186 2180/2180/2180 2187/2187/2187
f 2187/2187/2187 2180/2180/2180 2188/2188/2188
f 2180/2180/2180 2181/2181/2181 2188/2188/2188
f 2188/2188/2188 2181/2181/2181 2189/2189/2189
f 2189/2189/2189 2181/2181/2181 2190/2190/2190
f 2181/2181/2181 2182/2182/2182 2190/2190/2190
f 2182/2182/2182 2183/2183/2183 2190/2190/2190
f 2190/2190/2190 2183/2183/2183 2191/2191/2191
f 2183/2183/2183 2184/2184/2184 2191/2191/2191
f 2191/2191/2191 2184/2184/2184 2192/2192/2192
f 2184/2184/2184 2185/2185/2185 2192/2192/2192
f 2192/2192/2192 2185/2185/2185 2193/2193/2193
f 2193/2193/2193 2185/2185/2185 2194/2194/2194
f 2185/2185/2185 2179/2179/2179 2194/2194/2194
f 2194/2194/2194 2179/2179/2179 2195/2195/2195
f 2179/2179/2179 2163/2163/2163 2195/2195/2195
f 2195/2195/2195 2163/2163/2163 2196/2196/2196
f 2163/2163/2163 2162/2162/2162 2196/2196/2196
f 2196/2196/2196 2162/2162/2162 2197/2197/2197
f 2162/2162/2162 2158/2158/2158 2197/2197/2197
f 2197/2197/2197 2158/2158/2158 2198/2198/2198
f 2158/2158/2158 2159/2159/2159 2198/2198/2198
f 2198/2198/2198 2159/2159/2159 2199/2199/2199
f 2159/2159/2159 2160/2160/2160 2199/2199/2199
f 2160/2160/2160 2161/2161/2161 2199/2199/2199
f 2199/2199/2199 2161/2161/2161 2200/2200/2200
f 2161/2161/2161 2201/2201/2201 2200/2200/2200
f 2200/2200/2200 2201/2201/2201 2202/2202/2202
f 2202/2202/2202 2201/2201/2201 2203/2203/2203
f 2201/2201/2201 2157/2157/2157 2203/2203/2203
f 2203/2203/2203 2157/2157/2157 2204/2204/2204
f 2157/2157/2157 2084/2084/2084 2204/2204/2204
f 2204/2204/2204 2084/2084/2084 2205/2205/2205
f 2084/2084/2084 2082/2082/2082 2205/2205/2205
f 2205/2205/2205 2082/2082/2082 2206/2206/2206
f 2082/2082/2082 2081/2081/2081 2206/2206/2206
f 2196/2196/2196 2197/2197/2197 2198/2198/2198
f 2157/2157/2157 2201/2201/2201 2161/2161/2161
f 2204/2204/2204 2205/2205/2205 2203/2203/2203
f 2205/2205/2205 2207/2207/2207 2203/2203/2203
f 2203/2203/2203 2207/2207/2207 2208/2208/2208
f 2208/2208/2208 2207/2207/2207 2209/2209/2209
f 2209/2209/2209 2207/2207/2207 2206/2206/2206
f 2207/2207/2207 2205/2205/2205 2206/2206/2206
f 2208/2208/2208 2210/2210/2210 2203/2203/2203
f 2203/2203/2203 2210/2210/2210 2202/2202/2202
f 2210/2210/2210 2211/2211/2211 2202/2202/2202
f 2202/2202/2202 2211/2211/2211 2200/2200/2200
f 2211/2211/2211 2212/2212/2212 2200/2200/2200
f 2212/2212/2212 2213/2213/2213 2200/2200/2200
f 2213/2213/2213 2214/2214/2214 2200/2200/2200
f 2200/2200/2200 2214/2214/2214 2199/2199/2199
f 2214/2214/2214 2215/2215/2215 2199/2199/2199
f 2199/2199/2199 2215/2215/2215 2216/2216/2216
f 2215/2215/2215 2217/2217/2217 2216/2216/2216
f 2216/2216/2216 2217/2217/2217 2198/2198/2198
f 2217/2217/2217 2218/2218/2218 2198/2198/2198
f 2198/2198/2198 2218/2218/2218 2196/2196/2196
f 2218/2218/2218 2219/2219/2219 2196/2196/2196
f 2219/2219/2219 2220/2220/2220 2196/2196/2196
f 2196/2196/2196 2220/2220/2220 2195/2195/2195
f 2195/2195/2195 2220/2220/2220 2221/2221/2221
f 2220/2220/2220 2219/2219/2219 2221/2221/2221
f 2198/2198/2198 2199/2199/2199 2216/2216/2216
f 2195/2195/2195 2221/2221/2221 2194/2194/2194
f 2221/2221/2221 2222/2222/2222 2194/2194/2194
f 2194/2194/2194 2222/2222/2222 2193/2193/2193
f 2222/2222/2222 2223/2223/2223 2193/2193/2193
f 2223/2223/2223 2224/2224/2224 2193/2193/2193
f 2193/2193/2193 2224/2224/2224 2192/2192/2192
f 2224/2224/2224 2225/2225/2225 2192/2192/2192
f 2192/2192/2192 2225/2225/2225 2191/2191/2191
f 2217/2217/2217 2226/2226/2226 2218/2218/2218
f 2218/2218/2218 2226/2226/2226 2219/2219/2219
f 2226/2226/2226 2227/2227/2227 2219/2219/2219
f 2219/2219/2219 2227/2227/2227 2228/2228/2228
f 2227/2227/2227 2229/2229/2229 2228/2228/2228
f 2228/2228/2228 2229/2229/2229 2230/2230/2230
f 2229/2229/2229 2231/2231/2231 2230/2230/2230
f 2231/2231/2231 2232/2232/2232 2230/2230/2230
f 2230/2230/2230 2232/2232/2232 2222/2222/2222
f 2232/2232/2232 2223/2223/2223 2222/2222/2222
f 2222/2222/2222 2221/2221/2221 2230/2230/2230
f 2230/2230/2230 2221/2221/2221 2228/2228/2228
f 2221/2221/2221 2219/2219/2219 2228/2228/2228
f 2231/2231/2231 2229/2229/2229 2233/2233/2233
f 2229/2229/2229 2227/2227/2227 2233/2233/2233
f 2227/2227/2227 2234/2234/2234 2233/2233/2233
f 2233/2233/2233 2234/2234/2234 2235/2235/2235
f 2234/2234/2234 2236/2236/2236 2235/2235/2235
f 2236/2236/2236 2237/2237/2237 2235/2235/2235
f 2235/2235/2235 2237/2237/2237 2231/2231/2231
f 2237/2237/2237 2238/2238/2238 2231/2231/2231
f 2238/2238/2238 2239/2239/2239 2231/2231/2231
f 2231/2231/2231 2239/2239/2239 2232/2232/2232
f 2239/2239/2239 2240/2240/2240 2232/2232/2232
f 2232/2232/2232 2240/2240/2240 2223/2223/2223
f 2240/2240/2240 2241/2241/2241 2223/2223/2223
f 2223/2223/2223 2241/2241/2241 2224/2224/2224
f 2241/2241/2241 2242/2242/2242 2224/2224/2224
f 2224/2224/2224 2242/2242/2242 2225/2225/2225
f 2242/2242/2242 2243/2243/2243 2225/2225/2225
f 2225/2225/2225 2243/2243/2243 2244/2244/2244
f 2243/2243/2243 2245/2245/2245 2244/2244/2244
f 2244/2244/2244 2245/2245/2245 2191/2191/2191
f 2245/2245/2245 2246/2246/2246 2191/2191/2191
f 2191/2191/2191 2246/2246/2246 2190/2190/2190
f 2246/2246/2246 2247/2247/2247 2190/2190/2190
f 2247/2247/2247 2248/2248/2248 2190/2190/2190
f 2190/2190/2190 2248/2248/2248 2189/2189/2189
f 2248/2248/2248 2249/2249/2249 2189/2189/2189
f 2249/2249/2249 2250/2250/2250 2189/2189/2189
f 2189/2189/2189 2250/2250/2250 2188/2188/2188
f 2250/2250/2250 2251/2251/2251 2188/2188/2188
f 2188/2188/2188 2251/2251/2251 2187/2187/2187
f 2251/2251/2251 2252/2252/2252 2187/2187/2187
f 2187/2187/2187 2252/2252/2252 2174/2174/2174
f 2252/2252/2252 2253/2253/2253 2174/2174/2174
f 2174/2174/2174 2253/2253/2253 2172/2172/2172
f 2253/2253/2253 2254/2254/2254 2172/2172/2172
f 2172/2172/2172 2254/2254/2254 2140/2140/2140
f 2140/2140/2140 2254/2254/2254 2138/2138/2138
f 2254/2254/2254 2255/2255/2255 2138/2138/2138
f 2138/2138/2138 2255/2255/2255 2137/2137/2137
f 2231/2231/2231 2233/2233/2233 2235/2235/2235
f 2191/2191/2191 2225/2225/2225 2244/2244/2244
f 2255/2255/2255 2254/2254/2254 2256/2256/2256
f 2254/2254/2254 2253/2253/2253 2256/2256/2256
f 2253/2253/2253 2252/2252/2252 2256/2256/2256
f 2256/2256/2256 2252/2252/2252 2257/2257/2257
f 2252/2252/2252 2251/2251/2251 2257/2257/2257
f 2257/2257/2257 2258/2258/2258 2256/2256/2256
f 2256/2256/2256 2258/2258/2258 2255/2255/2255
f 2258/2258/2258 2259/2259/2259 2255/2255/2255
f 2255/2255/2255 2259/2259/2259 2137/2137/2137
f 2137/2137/2137 2259/2259/2259 2133/2133/2133
f 2259/2259/2259 2260/2260/2260 2133/2133/2133
f 2260/2260/2260 2261/2261/2261 2133/2133/2133
f 2133/2133/2133 2261/2261/2261 2136/2136/2136
f 2136/2136/2136 2261/2261/2261 2135/2135/2135
f 2261/2261/2261 2262/2262/2262 2135/2135/2135
f 2135/2135/2135 2262/2262/2262 2130/2130/2130
f 2262/2262/2262 2263/2263/2263 2130/2130/2130
f 2130/2130/2130 2263/2263/2263 2129/2129/2129
f 2262/2262/2262 2261/2261/2261 2263/2263/2263
f 2263/2263/2263 2261/2261/2261 2264/2264/2264
f 2261/2261/2261 2260/2260/2260 2264/2264/2264
f 2264/2264/2264 2260/2260/2260 2265/2265/2265
f 2260/2260/2260 2259/2259/2259 2265/2265/2265
f 2265/2265/2265 2259/2259/2259 2266/2266/2266
f 2266/2266/2266 2259/2259/2259 2267/2267/2267
f 2259/2259/2259 2258/2258/2258 2267/2267/2267
f 2258/2258/2258 2257/2257/2257 2267/2267/2267
f 2267/2267/2267 2257/2257/2257 2268/2268/2268
f 2257/2257/2257 2251/2251/2251 2268/2268/2268
f 2268/2268/2268 2251/2251/2251 2269/2269/2269
f 2251/2251/2251 2250/2250/2250 2269/2269/2269
f 2269/2269/2269 2250/2250/2250 2270/2270/2270
f 2250/2250/2250 2249/2249/2249 2270/2270/2270
f 2268/2268/2268 2269/2269/2269 2267/2267/2267
f 2269/2269/2269 2271/2271/2271 2267/2267/2267
f 2271/2271/2271 2272/2272/2272 2267/2267/2267
f 2267/2267/2267 2272/2272/2272 2266/2266/2266
f 2272/2272/2272 2273/2273/2273 2266/2266/2266
f 2266/2266/2266 2273/2273/2273 2265/2265/2265
f 2265/2265/2265 2273/2273/2273 2264/2264/2264
f 2273/2273/2273 2274/2274/2274 2264/2264/2264
f 2274/2274/2274 2275/2275/2275 2264/2264/2264
f 2264/2264/2264 2275/2275/2275 2263/2263/2263
f 2263/2263/2263 2275/2275/2275 2129/2129/2129
f 2275/2275/2275 2276/2276/2276 2129/2129/2129
f 2129/2129/2129 2276/2276/2276 2127/2127/2127
f 2276/2276/2276 2277/2277/2277 2127/2127/2127
f 2127/2127/2127 2277/2277/2277 2278/2278/2278
f 2277/2277/2277 2279/2279/2279 2278/2278/2278
f 2279/2279/2279 2280/2280/2280 2278/2278/2278
f 2278/2278/2278 2280/2280/2280 2126/2126/2126
f 2280/2280/2280 2124/2124/2124 2126/2126/2126
f 2270/2270/2270 2271/2271/2271 2269/2269/2269
f 2277/2277/2277 2276/2276/2276 2275/2275/2275
f 2127/2127/2127 2278/2278/2278 2126/2126/2126
f 2124/2124/2124 2280/2280/2280 2281/2281/2281
f 2281/2281/2281 2280/2280/2280 2282/2282/2282
f 2280/2280/2280 2279/2279/2279 2282/2282/2282
f 2282/2282/2282 2279/2279/2279 2283/2283/2283
f 2279/2279/2279 2277/2277/2277 2283/2283/2283
f 2124/2124/2124 2281/2281/2281 2123/2123/2123
f 2123/2123/2123 2281/2281/2281 2284/2284/2284
f 2281/2281/2281 2285/2285/2285 2284/2284/2284
f 2284/2284/2284 2285/2285/2285 2286/2286/2286
f 2286/2286/2286 2285/2285/2285 2287/2287/2287
f 2285/2285/2285 2282/2282/2282 2287/2287/2287
f 2287/2287/2287 2282/2282/2282 2288/2288/2288
f 2282/2282/2282 2283/2283/2283 2288/2288/2288
f 2288/2288/2288 2283/2283/2283 2289/2289/2289
f 2289/2289/2289 2283/2283/2283 2290/2290/2290
f 2283/2283/2283 2277/2277/2277 2290/2290/2290
f 2290/2290/2290 2277/2277/2277 2291/2291/2291
f 2277/2277/2277 2275/2275/2275 2291/2291/2291
f 2285/2285/2285 2281/2281/2281 2282/2282/2282
f 2291/2291/2291 2292/2292/2292 2290/2290/2290
f 2290/2290/2290 2292/2292/2292 2289/2289/2289
f 2292/2292/2292 2291/2291/2291 2293/2293/2293
f 2291/2291/2291 2275/2275/2275 2293/2293/2293
f 2275/2275/2275 2274/2274/2274 2293/2293/2293
f 2274/2274/2274 2273/2273/2273 2293/2293/2293
f 2273/2273/2273 2294/2294/2294 2293/2293/2293
f 2293/2293/2293 2294/2294/2294 2292/2292/2292
f 2294/2294/2294 2295/2295/2295 2292/2292/2292
f 2292/2292/2292 2295/2295/2295 2289/2289/2289
f 2295/2295/2295 2296/2296/2296 2289/2289/2289
f 2296/2296/2296 2297/2297/2297 2289/2289/2289
f 2289/2289/2289 2297/2297/2297 2288/2288/2288
f 2297/2297/2297 2298/2298/2298 2288/2288/2288
f 2288/2288/2288 2298/2298/2298 2287/2287/2287
f 2296/2296/2296 2295/2295/2295 2299/2299/2299
f 2295/2295/2295 2294/2294/2294 2299/2299/2299
f 2294/2294/2294 2273/2273/2273 2299/2299/2299
f 2273/2273/2273 2272/2272/2272 2299/2299/2299
f 2272/2272/2272 2271/2271/2271 2299/2299/2299
f 2299/2299/2299 2271/2271/2271 2300/2300/2300
f 2271/2271/2271 2270/2270/2270 2300/2300/2300
f 2270/2270/2270 2301/2301/2301 2300/2300/2300
f 2300/2300/2300 2301/2301/2301 2299/2299/2299
f 2299/2299/2299 2301/2301/2301 2296/2296/2296
f 2296/2296/2296 2301/2301/2301 2297/2297/2297
f 2301/2301/2301 2302/2302/2302 2297/2297/2297
f 2302/2302/2302 2303/2303/2303 2297/2297/2297
f 2297/2297/2297 2303/2303/2303 2298/2298/2298
f 2298/2298/2298 2303/2303/2303 2287/2287/2287
f 2303/2303/2303 2304/2304/2304 2287/2287/2287
f 2287/2287/2287 2304/2304/2304 2305/2305/2305
f 2305/2305/2305 2304/2304/2304 2306/2306/2306
f 2304/2304/2304 2303/2303/2303 2306/2306/2306
f 2306/2306/2306 2303/2303/2303 2307/2307/2307
f 2307/2307/2307 2303/2303/2303 2308/2308/2308
f 2308/2308/2308 2303/2303/2303 2309/2309/2309
f 2309/2309/2309 2303/2303/2303 2310/2310/2310
f 2303/2303/2303 2302/2302/2302 2310/2310/2310
f 2302/2302/2302 2301/2301/2301 2310/2310/2310
f 2310/2310/2310 2301/2301/2301 2311/2311/2311
f 2301/2301/2301 2270/2270/2270 2311/2311/2311
f 2311/2311/2311 2270/2270/2270 2312/2312/2312
f 2270/2270/2270 2249/2249/2249 2312/2312/2312
f 2249/2249/2249 2248/2248/2248 2312/2312/2312
f 2248/2248/2248 2247/2247/2247 2312/2312/2312
f 2312/2312/2312 2247/2247/2247 2313/2313/2313
f 2247/2247/2247 2246/2246/2246 2313/2313/2313
f 2246/2246/2246 2245/2245/2245 2313/2313/2313
f 2313/2313/2313 2245/2245/2245 2314/2314/2314
f 2245/2245/2245 2243/2243/2243 2314/2314/2314
f 2305/2305/2305 2286/2286/2286 2287/2287/2287
f 2314/2314/2314 2315/2315/2315 2313/2313/2313
f 2313/2313/2313 2315/2315/2315 2312/2312/2312
f 2312/2312/2312 2315/2315/2315 2311/2311/2311
f 2311/2311/2311 2315/2315/2315 2310/2310/2310
f 2315/2315/2315 2314/2314/2314 2310/2310/2310
f 2310/2310/2310 2314/2314/2314 2309/2309/2309
f 2314/2314/2314 2243/2243/2243 2309/2309/2309
f 2309/2309/2309 2243/2243/2243 2308/2308/2308
f 2308/2308/2308 2243/2243/2243 2316/2316/2316
f 2243/2243/2243 2242/2242/2242 2316/2316/2316
f 2242/2242/2242 2241/2241/2241 2316/2316/2316
f 2316/2316/2316 2241/2241/2241 2317/2317/2317
f 2241/2241/2241 2318/2318/2318 2317/2317/2317
f 2318/2318/2318 2319/2319/2319 2317/2317/2317
f 2317/2317/2317 2319/2319/2319 2316/2316/2316
f 2319/2319/2319 2320/2320/2320 2316/2316/2316
f 2316/2316/2316 2320/2320/2320 2308/2308/2308
f 2308/2308/2308 2320/2320/2320 2307/2307/2307
f 2320/2320/2320 2321/2321/2321 2307/2307/2307
f 2307/2307/2307 2321/2321/2321 2306/2306/2306
f 2321/2321/2321 2322/2322/2322 2306/2306/2306
f 2306/2306/2306 2322/2322/2322 2305/2305/2305
f 2322/2322/2322 2323/2323/2323 2305/2305/2305
f 2323/2323/2323 2324/2324/2324 2305/2305/2305
f 2324/2324/2324 2325/2325/2325 2305/2305/2305
f 2305/2305/2305 2325/2325/2325 2286/2286/2286
f 2325/2325/2325 2326/2326/2326 2286/2286/2286
f 2286/2286/2286 2326/2326/2326 2284/2284/2284
f 2326/2326/2326 2327/2327/2327 2284/2284/2284
f 2284/2284/2284 2327/2327/2327 2123/2123/2123
f 2123/2123/2123 2327/2327/2327 2122/2122/2122
f 2122/2122/2122 2327/2327/2327 2121/2121/2121
f 2327/2327/2327 2328/2328/2328 2121/2121/2121
f 2121/2121/2121 2328/2328/2328 2329/2329/2329
f 2329/2329/2329 2328/2328/2328 2330/2330/2330
f 2328/2328/2328 2327/2327/2327 2330/2330/2330
f 2330/2330/2330 2327/2327/2327 2331/2331/2331
f 2327/2327/2327 2326/2326/2326 2331/2331/2331
f 2326/2326/2326 2325/2325/2325 2331/2331/2331
f 2331/2331/2331 2325/2325/2325 2332/2332/2332
f 2325/2325/2325 2324/2324/2324 2332/2332/2332
f 2318/2318/2318 2241/2241/2241 2240/2240/2240
f 2319/2319/2319 2321/2321/2321 2320/2320/2320
f 2121/2121/2121 2329/2329/2329 2118/2118/2118
f 2321/2321/2321 2333/2333/2333 2322/2322/2322
f 2322/2322/2322 2333/2333/2333 2323/2323/2323
f 2332/2332/2332 2334/2334/2334 2331/2331/2331
f 2331/2331/2331 2334/2334/2334 2330/2330/2330
f 2334/2334/2334 2335/2335/2335 2330/2330/2330
f 2330/2330/2330 2335/2335/2335 2329/2329/2329
f 2335/2335/2335 2336/2336/2336 2329/2329/2329
f 2336/2336/2336 2337/2337/2337 2329/2329/2329
f 2329/2329/2329 2337/2337/2337 2118/2118/2118
f 2118/2118/2118 2337/2337/2337 2119/2119/2119
f 2337/2337/2337 2338/2338/2338 2119/2119/2119
f 2119/2119/2119 2338/2338/2338 2339/2339/2339
f 2338/2338/2338 2340/2340/2340 2339/2339/2339
f 2339/2339/2339 2340/2340/2340 2341/2341/2341
f 2340/2340/2340 2342/2342/2342 2341/2341/2341
f 2341/2341/2341 2342/2342/2342 2343/2343/2343
f 2342/2342/2342 2344/2344/2344 2343/2343/2343
f 2119/2119/2119 2339/2339/2339 2120/2120/2120
f 2339/2339/2339 2341/2341/2341 2120/2120/2120
f 2120/2120/2120 2341/2341/2341 2041/2041/2041
f 2341/2341/2341 2345/2345/2345 2041/2041/2041
f 2041/2041/2041 2345/2345/2345 2040/2040/2040
f 2345/2345/2345 2346/2346/2346 2040/2040/2040
f 2040/2040/2040 2346/2346/2346 2026/2026/2026
f 2026/2026/2026 2346/2346/2346 2025/2025/2025
f 2025/2025/2025 2346/2346/2346 2024/2024/2024
f 2346/2346/2346 2347/2347/2347 2024/2024/2024
f 2347/2347/2347 2348/2348/2348 2024/2024/2024
f 2024/2024/2024 2348/2348/2348 2023/2023/2023
f 2348/2348/2348 2349/2349/2349 2023/2023/2023
f 2023/2023/2023 2349/2349/2349 2022/2022/2022
f 2022/2022/2022 2349/2349/2349 2017/2017/2017
f 2349/2349/2349 2350/2350/2350 2017/2017/2017
f 2017/2017/2017 2350/2350/2350 2018/2018/2018
f 2350/2350/2350 2351/2351/2351 2018/2018/2018
f 2018/2018/2018 2351/2351/2351 2019/2019/2019
f 2350/2350/2350 2349/2349/2349 2351/2351/2351
f 2351/2351/2351 2349/2349/2349 2352/2352/2352
f 2352/2352/2352 2349/2349/2349 2353/2353/2353
f 2349/2349/2349 2348/2348/2348 2353/2353/2353
f 2353/2353/2353 2348/2348/2348 2354/2354/2354
f 2348/2348/2348 2347/2347/2347 2354/2354/2354
f 2347/2347/2347 2346/2346/2346 2354/2354/2354
f 2354/2354/2354 2346/2346/2346 2355/2355/2355
f 2346/2346/2346 2345/2345/2345 2355/2355/2355
f 2345/2345/2345 2341/2341/2341 2355/2355/2355
f 2341/2341/2341 2343/2343/2343 2355/2355/2355
f 2355/2355/2355 2343/2343/2343 2354/2354/2354
f 2343/2343/2343 2344/2344/2344 2354/2354/2354
f 2344/2344/2344 2356/2356/2356 2354/2354/2354
f 2354/2354/2354 2356/2356/2356 2353/2353/2353
f 2353/2353/2353 2356/2356/2356 2352/2352/2352
f 2356/2356/2356 2357/2357/2357 2352/2352/2352
f 2352/2352/2352 2357/2357/2357 2351/2351/2351
f 2357/2357/2357 2358/2358/2358 2351/2351/2351
f 2351/2351/2351 2358/2358/2358 2359/2359/2359
f 2359/2359/2359 2358/2358/2358 2360/2360/2360
f 2358/2358/2358 2357/2357/2357 2360/2360/2360
f 2360/2360/2360 2357/2357/2357 2361/2361/2361
f 2357/2357/2357 2356/2356/2356 2361/2361/2361
f 2361/2361/2361 2356/2356/2356 2362/2362/2362
f 2356/2356/2356 2363/2363/2363 2362/2362/2362
f 2362/2362/2362 2363/2363/2363 2364/2364/2364
f 2363/2363/2363 2342/2342/2342 2364/2364/2364
f 2364/2364/2364 2342/2342/2342 2365/2365/2365
f 2342/2342/2342 2366/2366/2366 2365/2365/2365
f 2365/2365/2365 2366/2366/2366 2367/2367/2367
f 2366/2366/2366 2338/2338/2338 2367/2367/2367
f 2367/2367/2367 2338/2338/2338 2368/2368/2368
f 2368/2368/2368 2338/2338/2338 2369/2369/2369
f 2338/2338/2338 2337/2337/2337 2369/2369/2369
f 2337/2337/2337 2336/2336/2336 2369/2369/2369
f 2369/2369/2369 2336/2336/2336 2370/2370/2370
f 2370/2370/2370 2336/2336/2336 2371/2371/2371
f 2336/2336/2336 2335/2335/2335 2371/2371/2371
f 2371/2371/2371 2335/2335/2335 2372/2372/2372
f 2335/2335/2335 2334/2334/2334 2372/2372/2372
f 2372/2372/2372 2334/2334/2334 2373/2373/2373
f 2334/2334/2334 2332/2332/2332 2373/2373/2373
f 2332/2332/2332 2324/2324/2324 2373/2373/2373
f 2324/2324/2324 2323/2323/2323 2373/2373/2373
f 2323/2323/2323 2374/2374/2374 2373/2373/2373
f 2373/2373/2373 2374/2374/2374 2375/2375/2375
f 2338/2338/2338 2366/2366/2366 2340/2340/2340
f 2340/2340/2340 2366/2366/2366 2342/2342/2342
f 2351/2351/2351 2359/2359/2359 2019/2019/2019
f 2356/2356/2356 2344/2344/2344 2363/2363/2363
f 2344/2344/2344 2342/2342/2342 2363/2363/2363
f 2368/2368/2368 2369/2369/2369 2370/2370/2370
f 2323/2323/2323 2376/2376/2376 2374/2374/2374
f 2374/2374/2374 2376/2376/2376 2375/2375/2375
f 2376/2376/2376 2323/2323/2323 2377/2377/2377
f 2323/2323/2323 2333/2333/2333 2377/2377/2377
f 2377/2377/2377 2333/2333/2333 2378/2378/2378
f 2333/2333/2333 2379/2379/2379 2378/2378/2378
f 2378/2378/2378 2379/2379/2379 2380/2380/2380
f 2379/2379/2379 2381/2381/2381 2380/2380/2380
f 2380/2380/2380 2381/2381/2381 2382/2382/2382
f 2381/2381/2381 2319/2319/2319 2382/2382/2382
f 2382/2382/2382 2319/2319/2319 2383/2383/2383
f 2319/2319/2319 2318/2318/2318 2383/2383/2383
f 2383/2383/2383 2318/2318/2318 2384/2384/2384
f 2318/2318/2318 2240/2240/2240 2384/2384/2384
f 2240/2240/2240 2239/2239/2239 2384/2384/2384
f 2239/2239/2239 2238/2238/2238 2384/2384/2384
f 2384/2384/2384 2238/2238/2238 2385/2385/2385
f 2238/2238/2238 2237/2237/2237 2385/2385/2385
f 2237/2237/2237 2386/2386/2386 2385/2385/2385
f 2386/2386/2386 2387/2387/2387 2385/2385/2385
f 2385/2385/2385 2387/2387/2387 2384/2384/2384
f 2387/2387/2387 2388/2388/2388 2384/2384/2384
f 2384/2384/2384 2388/2388/2388 2383/2383/2383
f 2388/2388/2388 2389/2389/2389 2383/2383/2383
f 2383/2383/2383 2389/2389/2389 2382/2382/2382
f 2382/2382/2382 2389/2389/2389 2380/2380/2380
f 2380/2380/2380 2389/2389/2389 2390/2390/2390
f 2390/2390/2390 2389/2389/2389 2391/2391/2391
f 2391/2391/2391 2389/2389/2389 2392/2392/2392
f 2392/2392/2392 2389/2389/2389 2387/2387/2387
f 2389/2389/2389 2388/2388/2388 2387/2387/2387
f 2376/2376/2376 2377/2377/2377 2378/2378/2378
f 2333/2333/2333 2321/2321/2321 2379/2379/2379
f 2379/2379/2379 2321/2321/2321 2381/2381/2381
f 2321/2321/2321 2319/2319/2319 2381/2381/2381
f 2391/2391/2391 2393/2393/2393 2390/2390/2390
f 2390/2390/2390 2393/2393/2393 2380/2380/2380
f 2393/2393/2393 2394/2394/2394 2380/2380/2380
f 2380/2380/2380 2394/2394/2394 2378/2378/2378
f 2394/2394/2394 2395/2395/2395 2378/2378/2378
f 2395/2395/2395 2396/2396/2396 2378/2378/2378
f 2378/2378/2378 2396/2396/2396 2376/2376/2376
f 2396/2396/2396 2397/2397/2397 2376/2376/2376
f 2376/2376/2376 2397/2397/2397 2398/2398/2398
f 2397/2397/2397 2399/2399/2399 2398/2398/2398
f 2399/2399/2399 2400/2400/2400 2398/2398/2398
f 2400/2400/2400 2375/2375/2375 2398/2398/2398
f 2398/2398/2398 2375/2375/2375 2376/2376/2376
f 2399/2399/2399 2397/2397/2397 2401/2401/2401
f 2397/2397/2397 2396/2396/2396 2401/2401/2401
f 2396/2396/2396 2395/2395/2395 2401/2401/2401
f 2401/2401/2401 2395/2395/2395 2402/2402/2402
f 2395/2395/2395 2394/2394/2394 2402/2402/2402
f 2394/2394/2394 2393/2393/2393 2402/2402/2402
f 2402/2402/2402 2393/2393/2393 2403/2403/2403
f 2393/2393/2393 2391/2391/2391 2403/2403/2403
f 2403/2403/2403 2391/2391/2391 2404/2404/2404
f 2404/2404/2404 2391/2391/2391 2405/2405/2405
f 2391/2391/2391 2392/2392/2392 2405/2405/2405
f 2405/2405/2405 2392/2392/2392 2406/2406/2406
f 2392/2392/2392 2387/2387/2387 2406/2406/2406
f 2406/2406/2406 2387/2387/2387 2407/2407/2407
f 2387/2387/2387 2386/2386/2386 2407/2407/2407
f 2407/2407/2407 2386/2386/2386 2408/2408/2408
f 2408/2408/2408 2386/2386/2386 2409/2409/2409
f 2386/2386/2386 2237/2237/2237 2409/2409/2409
f 2409/2409/2409 2237/2237/2237 2410/2410/2410
f 2237/2237/2237 2236/2236/2236 2410/2410/2410
f 2410/2410/2410 2236/2236/2236 2411/2411/2411
f 2236/2236/2236 2234/2234/2234 2411/2411/2411
f 2411/2411/2411 2234/2234/2234 2412/2412/2412
f 2412/2412/2412 2234/2234/2234 2413/2413/2413
f 2234/2234/2234 2414/2414/2414 2413/2413/2413
f 2413/2413/2413 2414/2414/2414 2415/2415/2415
f 2414/2414/2414 2227/2227/2227 2415/2415/2415
f 2227/2227/2227 2226/2226/2226 2415/2415/2415
f 2226/2226/2226 2217/2217/2217 2415/2415/2415
f 2415/2415/2415 2217/2217/2217 2416/2416/2416
f 2217/2217/2217 2215/2215/2215 2416/2416/2416
f 2416/2416/2416 2215/2215/2215 2417/2417/2417
f 2215/2215/2215 2214/2214/2214 2417/2417/2417
f 2214/2214/2214 2213/2213/2213 2417/2417/2417
f 2417/2417/2417 2213/2213/2213 2418/2418/2418
f 2213/2213/2213 2212/2212/2212 2418/2418/2418
f 2418/2418/2418 2212/2212/2212 2419/2419/2419
f 2212/2212/2212 2211/2211/2211 2419/2419/2419
f 2211/2211/2211 2420/2420/2420 2419/2419/2419
f 2420/2420/2420 2421/2421/2421 2419/2419/2419
f 2421/2421/2421 2422/2422/2422 2419/2419/2419
f 2419/2419/2419 2422/2422/2422 2418/2418/2418
f 2418/2418/2418 2422/2422/2422 2423/2423/2423
f 2423/2423/2423 2422/2422/2422 2424/2424/2424
f 2424/2424/2424 2422/2422/2422 2425/2425/2425
f 2422/2422/2422 2421/2421/2421 2425/2425/2425
f 2421/2421/2421 2426/2426/2426 2425/2425/2425
f 2426/2426/2426 2427/2427/2427 2425/2425/2425
f 2427/2427/2427 2428/2428/2428 2425/2425/2425
f 2425/2425/2425 2428/2428/2428 2424/2424/2424
f 2428/2428/2428 2429/2429/2429 2424/2424/2424
f 2424/2424/2424 2429/2429/2429 2423/2423/2423
f 2429/2429/2429 2430/2430/2430 2423/2423/2423
f 2423/2423/2423 2430/2430/2430 2418/2418/2418
f 2430/2430/2430 2431/2431/2431 2418/2418/2418
f 2418/2418/2418 2431/2431/2431 2417/2417/2417
f 2408/2408/2408 2406/2406/2406 2407/2407/2407
f 2227/2227/2227 2414/2414/2414 2234/2234/2234
f 2402/2402/2402 2403/2403/2403 2432/2432/2432
f 2432/2432/2432 2403/2403/2403 2404/2404/2404
f 2431/2431/2431 2430/2430/2430 2433/2433/2433
f 2430/2430/2430 2429/2429/2429 2433/2433/2433
f 2433/2433/2433 2429/2429/2429 2434/2434/2434
f 2434/2434/2434 2429/2429/2429 1848/1848/1848
f 1848/1848/1848 2429/2429/2429 1882/1882/1882
f 2429/2429/2429 2428/2428/2428 1882/1882/1882
f 1882/1882/1882 2428/2428/2428 1845/1845/1845
f 2428/2428/2428 2435/2435/2435 1845/1845/1845
f 1845/1845/1845 2435/2435/2435 1842/1842/1842
f 2435/2435/2435 2436/2436/2436 1842/1842/1842
f 1842/1842/1842 2436/2436/2436 1843/1843/1843
f 1843/1843/1843 2436/2436/2436 1844/1844/1844
f 1844/1844/1844 2436/2436/2436 2437/2437/2437
f 2437/2437/2437 2436/2436/2436 2438/2438/2438
f 2436/2436/2436 2428/2428/2428 2438/2438/2438
f 2428/2428/2428 2427/2427/2427 2438/2438/2438
f 2438/2438/2438 2427/2427/2427 2439/2439/2439
f 2427/2427/2427 2426/2426/2426 2439/2439/2439
f 2426/2426/2426 2440/2440/2440 2439/2439/2439
f 2439/2439/2439 2440/2440/2440 2438/2438/2438
f 2440/2440/2440 2441/2441/2441 2438/2438/2438
f 2438/2438/2438 2441/2441/2441 2437/2437/2437
f 2437/2437/2437 2441/2441/2441 2442/2442/2442
f 2442/2442/2442 2441/2441/2441 2443/2443/2443
f 2441/2441/2441 2440/2440/2440 2443/2443/2443
f 2443/2443/2443 2440/2440/2440 2444/2444/2444
f 2440/2440/2440 2426/2426/2426 2444/2444/2444
f 2444/2444/2444 2426/2426/2426 2445/2445/2445
f 2426/2426/2426 2421/2421/2421 2445/2445/2445
f 2445/2445/2445 2421/2421/2421 2446/2446/2446
f 2421/2421/2421 2420/2420/2420 2446/2446/2446
f 2420/2420/2420 2211/2211/2211 2446/2446/2446
f 2446/2446/2446 2211/2211/2211 2447/2447/2447
f 2211/2211/2211 2210/2210/2210 2447/2447/2447
f 2447/2447/2447 2210/2210/2210 2448/2448/2448
f 2210/2210/2210 2208/2208/2208 2448/2448/2448
f 2448/2448/2448 2208/2208/2208 2449/2449/2449
f 2208/2208/2208 2209/2209/2209 2449/2449/2449
f 2449/2449/2449 2209/2209/2209 2450/2450/2450
f 2209/2209/2209 2206/2206/2206 2450/2450/2450
f 2450/2450/2450 2206/2206/2206 2451/2451/2451
f 2451/2451/2451 2206/2206/2206 2452/2452/2452
f 2206/2206/2206 2081/2081/2081 2452/2452/2452
f 2081/2081/2081 2071/2071/2071 2452/2452/2452
f 2452/2452/2452 2071/2071/2071 2453/2453/2453
f 2453/2453/2453 2071/2071/2071 2454/2454/2454
f 2071/2071/2071 2072/2072/2072 2454/2454/2454
f 2454/2454/2454 2072/2072/2072 2455/2455/2455
f 2072/2072/2072 2456/2456/2456 2455/2455/2455
f 2436/2436/2436 2435/2435/2435 2428/2428/2428
f 2445/2445/2445 2443/2443/2443 2444/2444/2444
f 2446/2446/2446 2447/2447/2447 2448/2448/2448
f 2455/2455/2455 2457/2457/2457 2454/2454/2454
f 2454/2454/2454 2457/2457/2457 2453/2453/2453
f 2457/2457/2457 2458/2458/2458 2453/2453/2453
f 2453/2453/2453 2458/2458/2458 2452/2452/2452
f 2452/2452/2452 2458/2458/2458 2451/2451/2451
f 2451/2451/2451 2458/2458/2458 2450/2450/2450
f 2458/2458/2458 2459/2459/2459 2450/2450/2450
f 2459/2459/2459 2460/2460/2460 2450/2450/2450
f 2460/2460/2460 2461/2461/2461 2450/2450/2450
f 2450/2450/2450 2461/2461/2461 2449/2449/2449
f 2461/2461/2461 2462/2462/2462 2449/2449/2449
f 2449/2449/2449 2462/2462/2462 2448/2448/2448
f 2462/2462/2462 2463/2463/2463 2448/2448/2448
f 2448/2448/2448 2463/2463/2463 2464/2464/2464
f 2463/2463/2463 2465/2465/2465 2464/2464/2464
f 2464/2464/2464 2465/2465/2465 2466/2466/2466
f 2465/2465/2465 2443/2443/2443 2466/2466/2466
f 2443/2443/2443 2445/2445/2445 2466/2466/2466
f 2445/2445/2445 2446/2446/2446 2466/2466/2466
f 2466/2466/2466 2446/2446/2446 2464/2464/2464
f 2446/2446/2446 2448/2448/2448 2464/2464/2464
f 2462/2462/2462 2467/2467/2467 2463/2463/2463
f 2467/2467/2467 2468/2468/2468 2463/2463/2463
f 2463/2463/2463 2468/2468/2468 2465/2465/2465
f 2462/2462/2462 2461/2461/2461 2467/2467/2467
f 2467/2467/2467 2461/2461/2461 2469/2469/2469
f 2461/2461/2461 2460/2460/2460 2469/2469/2469
f 2469/2469/2469 2460/2460/2460 2470/2470/2470
f 2460/2460/2460 2459/2459/2459 2470/2470/2470
f 2470/2470/2470 2459/2459/2459 2471/2471/2471
f 2459/2459/2459 2458/2458/2458 2471/2471/2471
f 2471/2471/2471 2458/2458/2458 2472/2472/2472
f 2458/2458/2458 2457/2457/2457 2472/2472/2472
f 2457/2457/2457 2473/2473/2473 2472/2472/2472
f 2473/2473/2473 2474/2474/2474 2472/2472/2472
f 2472/2472/2472 2474/2474/2474 2471/2471/2471
f 2474/2474/2474 2475/2475/2475 2471/2471/2471
f 2471/2471/2471 2475/2475/2475 2470/2470/2470
f 2475/2475/2475 2476/2476/2476 2470/2470/2470
f 2476/2476/2476 2477/2477/2477 2470/2470/2470
f 2470/2470/2470 2477/2477/2477 2478/2478/2478
f 2477/2477/2477 2479/2479/2479 2478/2478/2478
f 2479/2479/2479 2480/2480/2480 2478/2478/2478
f 2478/2478/2478 2480/2480/2480 2481/2481/2481
f 2480/2480/2480 2482/2482/2482 2481/2481/2481
f 2481/2481/2481 2482/2482/2482 2468/2468/2468
f 2482/2482/2482 2483/2483/2483 2468/2468/2468
f 2468/2468/2468 2483/2483/2483 2465/2465/2465
f 2465/2465/2465 2483/2483/2483 2484/2484/2484
f 2484/2484/2484 2483/2483/2483 2485/2485/2485
f 2485/2485/2485 2483/2483/2483 2486/2486/2486
f 2483/2483/2483 2482/2482/2482 2486/2486/2486
f 2486/2486/2486 2482/2482/2482 2487/2487/2487
f 2482/2482/2482 2480/2480/2480 2487/2487/2487
f 2487/2487/2487 2480/2480/2480 2488/2488/2488
f 2480/2480/2480 2479/2479/2479 2488/2488/2488
f 2488/2488/2488 2479/2479/2479 2489/2489/2489
f 2489/2489/2489 2479/2479/2479 2490/2490/2490
f 2479/2479/2479 2477/2477/2477 2490/2490/2490
f 2477/2477/2477 2476/2476/2476 2490/2490/2490
f 2490/2490/2490 2476/2476/2476 2491/2491/2491
f 2476/2476/2476 2475/2475/2475 2491/2491/2491
f 2491/2491/2491 2475/2475/2475 2492/2492/2492
f 2475/2475/2475 2474/2474/2474 2492/2492/2492
f 2492/2492/2492 2474/2474/2474 2493/2493/2493
f 2474/2474/2474 2473/2473/2473 2493/2493/2493
f 2493/2493/2493 2473/2473/2473 2494/2494/2494
f 2494/2494/2494 2473/2473/2473 2495/2495/2495
f 2473/2473/2473 2457/2457/2457 2495/2495/2495
f 2457/2457/2457 2455/2455/2455 2495/2495/2495
f 2455/2455/2455 2456/2456/2456 2495/2495/2495
f 2456/2456/2456 2496/2496/2496 2495/2495/2495
f 2496/2496/2496 2497/2497/2497 2495/2495/2495
f 2495/2495/2495 2497/2497/2497 2498/2498/2498
f 2498/2498/2498 2497/2497/2497 2499/2499/2499
f 2497/2497/2497 2500/2500/2500 2499/2499/2499
f 2500/2500/2500 2501/2501/2501 2499/2499/2499
f 2499/2499/2499 2501/2501/2501 2502/2502/2502
f 2502/2502/2502 2501/2501/2501 2503/2503/2503
f 2501/2501/2501 2504/2504/2504 2503/2503/2503
f 2504/2504/2504 2505/2505/2505 2503/2503/2503
f 2503/2503/2503 2505/2505/2505 2506/2506/2506
f 2506/2506/2506 2505/2505/2505 2507/2507/2507
f 2505/2505/2505 2508/2508/2508 2507/2507/2507
f 2508/2508/2508 2509/2509/2509 2507/2507/2507
f 2507/2507/2507 2509/2509/2509 2510/2510/2510
f 2510/2510/2510 2509/2509/2509 2511/2511/2511
f 2509/2509/2509 2512/2512/2512 2511/2511/2511
f 2512/2512/2512 2513/2513/2513 2511/2511/2511
f 2511/2511/2511 2513/2513/2513 2514/2514/2514
f 2514/2514/2514 2513/2513/2513 2515/2515/2515
f 2513/2513/2513 2516/2516/2516 2515/2515/2515
f 2516/2516/2516 2517/2517/2517 2515/2515/2515
f 2515/2515/2515 2517/2517/2517 2518/2518/2518
f 2518/2518/2518 2517/2517/2517 2519/2519/2519
f 2517/2517/2517 2520/2520/2520 2519/2519/2519
f 2520/2520/2520 2521/2521/2521 2519/2519/2519
f 2519/2519/2519 2521/2521/2521 2522/2522/2522
f 2522/2522/2522 2521/2521/2521 2523/2523/2523
f 2521/2521/2521 2524/2524/2524 2523/2523/2523
f 2524/2524/2524 2525/2525/2525 2523/2523/2523
f 2523/2523/2523 2525/2525/2525 2526/2526/2526
f 2526/2526/2526 2525/2525/2525 2527/2527/2527
f 2525/2525/2525 2528/2528/2528 2527/2527/2527
f 2528/2528/2528 2529/2529/2529 2527/2527/2527
f 2527/2527/2527 2529/2529/2529 2530/2530/2530
f 2530/2530/2530 2529/2529/2529 2531/2531/2531
f 2529/2529/2529 2532/2532/2532 2531/2531/2531
f 2532/2532/2532 2533/2533/2533 2531/2531/2531
f 2531/2531/2531 2533/2533/2533 2534/2534/2534
f 2534/2534/2534 2533/2533/2533 2535/2535/2535
f 2533/2533/2533 2536/2536/2536 2535/2535/2535
f 2536/2536/2536 2537/2537/2537 2535/2535/2535
f 2535/2535/2535 2537/2537/2537 2538/2538/2538
f 2538/2538/2538 2537/2537/2537 2539/2539/2539
f 2537/2537/2537 2540/2540/2540 2539/2539/2539
f 2540/2540/2540 2541/2541/2541 2539/2539/2539
f 2541/2541/2541 2542/2542/2542 2539/2539/2539
f 2539/2539/2539 2542/2542/2542 2543/2543/2543
f 2542/2542/2542 2544/2544/2544 2543/2543/2543
f 2544/2544/2544 2545/2545/2545 2543/2543/2543
f 2543/2543/2543 2545/2545/2545 2539/2539/2539
f 2545/2545/2545 2546/2546/2546 2539/2539/2539
f 2539/2539/2539 2546/2546/2546 2538/2538/2538
f 2546/2546/2546 2547/2547/2547 2538/2538/2538
f 2538/2538/2538 2547/2547/2547 2535/2535/2535
f 2468/2468/2468 2467/2467/2467 2481/2481/2481
f 2467/2467/2467 2469/2469/2469 2481/2481/2481
f 2481/2481/2481 2469/2469/2469 2478/2478/2478
f 2469/2469/2469 2470/2470/2470 2478/2478/2478
f 2495/2495/2495 2498/2498/2498 2494/2494/2494
f 2547/2547/2547 2546/2546/2546 2548/2548/2548
f 2546/2546/2546 2545/2545/2545 2548/2548/2548
f 2548/2548/2548 2545/2545/2545 2549/2549/2549
f 2549/2549/2549 2545/2545/2545 2550/2550/2550
f 2545/2545/2545 2551/2551/2551 2550/2550/2550
f 2550/2550/2550 2551/2551/2551 2552/2552/2552
f 2551/2551/2551 2544/2544/2544 2552/2552/2552
f 2544/2544/2544 2553/2553/2553 2552/2552/2552
f 2553/2553/2553 2554/2554/2554 2552/2552/2552
f 2554/2554/2554 2555/2555/2555 2552/2552/2552
f 2552/2552/2552 2555/2555/2555 2550/2550/2550
f 2555/2555/2555 2556/2556/2556 2550/2550/2550
f 2550/2550/2550 2556/2556/2556 2549/2549/2549
f 2556/2556/2556 2557/2557/2557 2549/2549/2549
f 2549/2549/2549 2557/2557/2557 2558/2558/2558
f 2557/2557/2557 2559/2559/2559 2558/2558/2558
f 2559/2559/2559 2560/2560/2560 2558/2558/2558
f 2558/2558/2558 2560/2560/2560 2547/2547/2547
f 2560/2560/2560 2561/2561/2561 2547/2547/2547
f 2547/2547/2547 2561/2561/2561 2535/2535/2535
f 2561/2561/2561 2562/2562/2562 2535/2535/2535
f 2535/2535/2535 2562/2562/2562 2534/2534/2534
f 2562/2562/2562 2563/2563/2563 2534/2534/2534
f 2534/2534/2534 2563/2563/2563 2531/2531/2531
f 2531/2531/2531 2563/2563/2563 2530/2530/2530
f 2563/2563/2563 2564/2564/2564 2530/2530/2530
f 2564/2564/2564 2565/2565/2565 2530/2530/2530
f 2530/2530/2530 2565/2565/2565 2527/2527/2527
f 2527/2527/2527 2565/2565/2565 2526/2526/2526
f 2565/2565/2565 2566/2566/2566 2526/2526/2526
f 2566/2566/2566 2567/2567/2567 2526/2526/2526
f 2526/2526/2526 2567/2567/2567 2523/2523/2523
f 2523/2523/2523 2567/2567/2567 2522/2522/2522
f 2567/2567/2567 2568/2568/2568 2522/2522/2522
f 2568/2568/2568 2569/2569/2569 2522/2522/2522
f 2522/2522/2522 2569/2569/2569 2519/2519/2519
f 2519/2519/2519 2569/2569/2569 2518/2518/2518
f 2569/2569/2569 2570/2570/2570 2518/2518/2518
f 2570/2570/2570 2571/2571/2571 2518/2518/2518
f 2518/2518/2518 2571/2571/2571 2515/2515/2515
f 2515/2515/2515 2571/2571/2571 2514/2514/2514
f 2571/2571/2571 2572/2572/2572 2514/2514/2514
f 2572/2572/2572 2573/2573/2573 2514/2514/2514
f 2514/2514/2514 2573/2573/2573 2511/2511/2511
f 2511/2511/2511 2573/2573/2573 2510/2510/2510
f 2573/2573/2573 2574/2574/2574 2510/2510/2510
f 2574/2574/2574 2575/2575/2575 2510/2510/2510
f 2510/2510/2510 2575/2575/2575 2507/2507/2507
f 2507/2507/2507 2575/2575/2575 2506/2506/2506
f 2575/2575/2575 2576/2576/2576 2506/2506/2506
f 2576/2576/2576 2577/2577/2577 2506/2506/2506
f 2506/2506/2506 2577/2577/2577 2503/2503/2503
f 2503/2503/2503 2577/2577/2577 2502/2502/2502
f 2502/2502/2502 2577/2577/2577 2578/2578/2578
f 2577/2577/2577 2579/2579/2579 2578/2578/2578
f 2579/2579/2579 2580/2580/2580 2578/2578/2578
f 2580/2580/2580 2581/2581/2581 2578/2578/2578
f 2578/2578/2578 2581/2581/2581 2502/2502/2502
f 2502/2502/2502 2581/2581/2581 2499/2499/2499
f 2499/2499/2499 2581/2581/2581 2498/2498/2498
f 2498/2498/2498 2581/2581/2581 2494/2494/2494
f 2494/2494/2494 2581/2581/2581 2493/2493/2493
f 2581/2581/2581 2582/2582/2582 2493/2493/2493
f 2493/2493/2493 2582/2582/2582 2492/2492/2492
f 2547/2547/2547 2548/2548/2548 2558/2558/2558
f 2558/2558/2558 2548/2548/2548 2549/2549/2549
f 2545/2545/2545 2544/2544/2544 2551/2551/2551
f 2576/2576/2576 2579/2579/2579 2577/2577/2577
f 2581/2581/2581 2580/2580/2580 2582/2582/2582
f 2582/2582/2582 2580/2580/2580 2583/2583/2583
f 2580/2580/2580 2579/2579/2579 2583/2583/2583
f 2583/2583/2583 2584/2584/2584 2582/2582/2582
f 2582/2582/2582 2584/2584/2584 2492/2492/2492
f 2492/2492/2492 2584/2584/2584 2491/2491/2491
f 2584/2584/2584 2585/2585/2585 2491/2491/2491
f 2491/2491/2491 2585/2585/2585 2490/2490/2490
f 2585/2585/2585 2584/2584/2584 2586/2586/2586
f 2584/2584/2584 2583/2583/2583 2586/2586/2586
f 2586/2586/2586 2583/2583/2583 2587/2587/2587
f 2583/2583/2583 2579/2579/2579 2587/2587/2587
f 2587/2587/2587 2579/2579/2579 2588/2588/2588
f 2588/2588/2588 2579/2579/2579 2589/2589/2589
f 2579/2579/2579 2576/2576/2576 2589/2589/2589
f 2589/2589/2589 2576/2576/2576 2590/2590/2590
f 2576/2576/2576 2575/2575/2575 2590/2590/2590
f 2575/2575/2575 2574/2574/2574 2590/2590/2590
f 2590/2590/2590 2574/2574/2574 2591/2591/2591
f 2591/2591/2591 2574/2574/2574 2592/2592/2592
f 2574/2574/2574 2573/2573/2573 2592/2592/2592
f 2573/2573/2573 2572/2572/2572 2592/2592/2592
f 2592/2592/2592 2572/2572/2572 2593/2593/2593
f 2593/2593/2593 2572/2572/2572 2594/2594/2594
f 2572/2572/2572 2571/2571/2571 2594/2594/2594
f 2571/2571/2571 2570/2570/2570 2594/2594/2594
f 2594/2594/2594 2570/2570/2570 2595/2595/2595
f 2595/2595/2595 2570/2570/2570 2596/2596/2596
f 2570/2570/2570 2569/2569/2569 2596/2596/2596
f 2569/2569/2569 2568/2568/2568 2596/2596/2596
f 2596/2596/2596 2568/2568/2568 2597/2597/2597
f 2597/2597/2597 2568/2568/2568 2598/2598/2598
f 2568/2568/2568 2567/2567/2567 2598/2598/2598
f 2567/2567/2567 2566/2566/2566 2598/2598/2598
f 2598/2598/2598 2566/2566/2566 2599/2599/2599
f 2599/2599/2599 2566/2566/2566 2600/2600/2600
f 2566/2566/2566 2565/2565/2565 2600/2600/2600
f 2565/2565/2565 2564/2564/2564 2600/2600/2600
f 2600/2600/2600 2564/2564/2564 2601/2601/2601
f 2564/2564/2564 2563/2563/2563 2601/2601/2601
f 2601/2601/2601 2563/2563/2563 2602/2602/2602
f 2602/2602/2602 2563/2563/2563 2603/2603/2603
f 2563/2563/2563 2562/2562/2562 2603/2603/2603
f 2562/2562/2562 2561/2561/2561 2603/2603/2603
f 2603/2603/2603 2561/2561/2561 2604/2604/2604
f 2561/2561/2561 2560/2560/2560 2604/2604/2604
f 2560/2560/2560 2559/2559/2559 2604/2604/2604
f 2559/2559/2559 2605/2605/2605 2604/2604/2604
f 2605/2605/2605 2606/2606/2606 2604/2604/2604
f 2604/2604/2604 2606/2606/2606 2603/2603/2603
f 2603/2603/2603 2606/2606/2606 2602/2602/2602
f 2606/2606/2606 2607/2607/2607 2602/2602/2602
f 2607/2607/2607 2608/2608/2608 2602/2602/2602
f 2602/2602/2602 2608/2608/2608 2601/2601/2601
f 2601/2601/2601 2608/2608/2608 2600/2600/2600
f 2608/2608/2608 2609/2609/2609 2600/2600/2600
f 2609/2609/2609 2610/2610/2610 2600/2600/2600
f 2600/2600/2600 2610/2610/2610 2599/2599/2599
f 2610/2610/2610 2611/2611/2611 2599/2599/2599
f 2599/2599/2599 2611/2611/2611 2598/2598/2598
f 2598/2598/2598 2611/2611/2611 2597/2597/2597
f 2611/2611/2611 2612/2612/2612 2597/2597/2597
f 2612/2612/2612 2613/2613/2613 2597/2597/2597
f 2597/2597/2597 2613/2613/2613 2596/2596/2596
f 2596/2596/2596 2613/2613/2613 2595/2595/2595
f 2613/2613/2613 2614/2614/2614 2595/2595/2595
f 2614/2614/2614 2615/2615/2615 2595/2595/2595
f 2595/2595/2595 2615/2615/2615 2594/2594/2594
f 2594/2594/2594 2615/2615/2615 2593/2593/2593
f 2615/2615/2615 2616/2616/2616 2593/2593/2593
f 2593/2593/2593 2616/2616/2616 2617/2617/2617
f 2616/2616/2616 2618/2618/2618 2617/2617/2617
f 2617/2617/2617 2618/2618/2618 2619/2619/2619
f 2618/2618/2618 2620/2620/2620 2619/2619/2619
f 2620/2620/2620 2621/2621/2621 2619/2619/2619
f 2619/2619/2619 2621/2621/2621 2591/2591/2591
f 2591/2591/2591 2621/2621/2621 2590/2590/2590
f 2590/2590/2590 2621/2621/2621 2589/2589/2589
f 2589/2589/2589 2621/2621/2621 2588/2588/2588
f 2621/2621/2621 2622/2622/2622 2588/2588/2588
f 2588/2588/2588 2622/2622/2622 2587/2587/2587
f 2622/2622/2622 2623/2623/2623 2587/2587/2587
f 2587/2587/2587 2623/2623/2623 2586/2586/2586
f 2623/2623/2623 2624/2624/2624 2586/2586/2586
f 2586/2586/2586 2624/2624/2624 2585/2585/2585
f 2624/2624/2624 2625/2625/2625 2585/2585/2585
f 2585/2585/2585 2625/2625/2625 2490/2490/2490
f 2625/2625/2625 2626/2626/2626 2490/2490/2490
f 2490/2490/2490 2626/2626/2626 2489/2489/2489
f 2593/2593/2593 2617/2617/2617 2592/2592/2592
f 2592/2592/2592 2617/2617/2617 2591/2591/2591
f 2617/2617/2617 2619/2619/2619 2591/2591/2591
f 2626/2626/2626 2625/2625/2625 2627/2627/2627
f 2625/2625/2625 2624/2624/2624 2627/2627/2627
f 2627/2627/2627 2624/2624/2624 2628/2628/2628
f 2624/2624/2624 2623/2623/2623 2628/2628/2628
f 2628/2628/2628 2623/2623/2623 2629/2629/2629
f 2623/2623/2623 2622/2622/2622 2629/2629/2629
f 2629/2629/2629 2622/2622/2622 2630/2630/2630
f 2622/2622/2622 2621/2621/2621 2630/2630/2630
f 2621/2621/2621 2620/2620/2620 2630/2630/2630
f 2630/2630/2630 2620/2620/2620 2631/2631/2631
f 2620/2620/2620 2618/2618/2618 2631/2631/2631
f 2631/2631/2631 2632/2632/2632 2630/2630/2630
f 2630/2630/2630 2632/2632/2632 2629/2629/2629
f 2632/2632/2632 2633/2633/2633 2629/2629/2629
f 2629/2629/2629 2633/2633/2633 2628/2628/2628
f 2633/2633/2633 2634/2634/2634 2628/2628/2628
f 2628/2628/2628 2634/2634/2634 2627/2627/2627
f 2627/2627/2627 2634/2634/2634 2635/2635/2635
f 2635/2635/2635 2634/2634/2634 2636/2636/2636
f 2634/2634/2634 2633/2633/2633 2636/2636/2636
f 2636/2636/2636 2633/2633/2633 2637/2637/2637
f 2633/2633/2633 2632/2632/2632 2637/2637/2637
f 2637/2637/2637 2632/2632/2632 2638/2638/2638
f 2632/2632/2632 2631/2631/2631 2638/2638/2638
f 2638/2638/2638 2631/2631/2631 2639/2639/2639
f 2631/2631/2631 2618/2618/2618 2639/2639/2639
f 2639/2639/2639 2618/2618/2618 2640/2640/2640
f 2640/2640/2640 2618/2618/2618 2641/2641/2641
f 2618/2618/2618 2616/2616/2616 2641/2641/2641
f 2641/2641/2641 2616/2616/2616 2642/2642/2642
f 2616/2616/2616 2615/2615/2615 2642/2642/2642
f 2615/2615/2615 2614/2614/2614 2642/2642/2642
f 2642/2642/2642 2614/2614/2614 2643/2643/2643
f 2643/2643/2643 2614/2614/2614 2644/2644/2644
f 2614/2614/2614 2613/2613/2613 2644/2644/2644
f 2613/2613/2613 2612/2612/2612 2644/2644/2644
f 2644/2644/2644 2612/2612/2612 2645/2645/2645
f 2612/2612/2612 2611/2611/2611 2645/2645/2645
f 2645/2645/2645 2611/2611/2611 2646/2646/2646
f 2646/2646/2646 2611/2611/2611 2647/2647/2647
f 2611/2611/2611 2610/2610/2610 2647/2647/2647
f 2610/2610/2610 2609/2609/2609 2647/2647/2647
f 2647/2647/2647 2609/2609/2609 2648/2648/2648
f 2609/2609/2609 2649/2649/2649 2648/2648/2648
f 2648/2648/2648 2649/2649/2649 2650/2650/2650
f 2650/2650/2650 2649/2649/2649 2651/2651/2651
f 2651/2651/2651 2649/2649/2649 2607/2607/2607
f 2607/2607/2607 2649/2649/2649 2608/2608/2608
f 2649/2649/2649 2609/2609/2609 2608/2608/2608
f 2647/2647/2647 2648/2648/2648 2652/2652/2652
f 2648/2648/2648 2653/2653/2653 2652/2652/2652
f 2653/2653/2653 2654/2654/2654 2652/2652/2652
f 2652/2652/2652 2654/2654/2654 2655/2655/2655
f 2654/2654/2654 2656/2656/2656 2655/2655/2655
f 2656/2656/2656 2657/2657/2657 2655/2655/2655
f 2655/2655/2655 2657/2657/2657 2646/2646/2646
f 2646/2646/2646 2657/2657/2657 2645/2645/2645
f 2645/2645/2645 2657/2657/2657 2644/2644/2644
f 2657/2657/2657 2658/2658/2658 2644/2644/2644
f 2644/2644/2644 2658/2658/2658 2643/2643/2643
f 2643/2643/2643 2658/2658/2658 2659/2659/2659
f 2659/2659/2659 2658/2658/2658 2660/2660/2660
f 2658/2658/2658 2657/2657/2657 2660/2660/2660
f 2660/2660/2660 2657/2657/2657 2661/2661/2661
f 2657/2657/2657 2656/2656/2656 2661/2661/2661
f 2661/2661/2661 2656/2656/2656 2662/2662/2662
f 2656/2656/2656 2654/2654/2654 2662/2662/2662
f 2648/2648/2648 2650/2650/2650 2653/2653/2653
f 2647/2647/2647 2652/2652/2652 2646/2646/2646
f 2646/2646/2646 2652/2652/2652 2655/2655/2655
f 2662/2662/2662 2663/2663/2663 2661/2661/2661
f 2661/2661/2661 2663/2663/2663 2660/2660/2660
f 2663/2663/2663 2664/2664/2664 2660/2660/2660
f 2664/2664/2664 2665/2665/2665 2660/2660/2660
f 2665/2665/2665 2666/2666/2666 2660/2660/2660
f 2660/2660/2660 2666/2666/2666 2659/2659/2659
f 2666/2666/2666 2667/2667/2667 2659/2659/2659
f 2659/2659/2659 2667/2667/2667 2643/2643/2643
f 2643/2643/2643 2667/2667/2667 2642/2642/2642
f 2642/2642/2642 2667/2667/2667 2641/2641/2641
f 2641/2641/2641 2667/2667/2667 2640/2640/2640
f 2667/2667/2667 2668/2668/2668 2640/2640/2640
f 2640/2640/2640 2668/2668/2668 2639/2639/2639
f 2668/2668/2668 2669/2669/2669 2639/2639/2639
f 2639/2639/2639 2669/2669/2669 2638/2638/2638
f 2669/2669/2669 2670/2670/2670 2638/2638/2638
f 2638/2638/2638 2670/2670/2670 2637/2637/2637
f 2670/2670/2670 2671/2671/2671 2637/2637/2637
f 2637/2637/2637 2671/2671/2671 2636/2636/2636
f 2636/2636/2636 2671/2671/2671 2672/2672/2672
f 2672/2672/2672 2671/2671/2671 2673/2673/2673
f 2671/2671/2671 2670/2670/2670 2673/2673/2673
f 2673/2673/2673 2670/2670/2670 2674/2674/2674
f 2670/2670/2670 2669/2669/2669 2674/2674/2674
f 2674/2674/2674 2669/2669/2669 2675/2675/2675
f 2669/2669/2669 2668/2668/2668 2675/2675/2675
f 2675/2675/2675 2668/2668/2668 2676/2676/2676
f 2668/2668/2668 2667/2667/2667 2676/2676/2676
f 2667/2667/2667 2666/2666/2666 2676/2676/2676
f 2666/2666/2666 2665/2665/2665 2676/2676/2676
f 2665/2665/2665 2677/2677/2677 2676/2676/2676
f 2676/2676/2676 2677/2677/2677 2675/2675/2675
f 2677/2677/2677 2678/2678/2678 2675/2675/2675
f 2675/2675/2675 2678/2678/2678 2674/2674/2674
f 2678/2678/2678 2679/2679/2679 2674/2674/2674
f 2674/2674/2674 2679/2679/2679 2673/2673/2673
f 2673/2673/2673 2679/2679/2679 2680/2680/2680
f 2680/2680/2680 2679/2679/2679 2681/2681/2681
f 2679/2679/2679 2678/2678/2678 2681/2681/2681
f 2681/2681/2681 2678/2678/2678 2682/2682/2682
f 2678/2678/2678 2677/2677/2677 2682/2682/2682
f 2682/2682/2682 2677/2677/2677 2683/2683/2683
f 2677/2677/2677 2665/2665/2665 2683/2683/2683
f 2665/2665/2665 2664/2664/2664 2683/2683/2683
f 2683/2683/2683 2664/2664/2664 2684/2684/2684
f 2684/2684/2684 2664/2664/2664 2685/2685/2685
f 2664/2664/2664 2663/2663/2663 2685/2685/2685
f 2685/2685/2685 2663/2663/2663 2662/2662/2662
f 2684/2684/2684 2686/2686/2686 2683/2683/2683
f 2683/2683/2683 2686/2686/2686 2682/2682/2682
f 2686/2686/2686 2687/2687/2687 2682/2682/2682
f 2682/2682/2682 2687/2687/2687 2681/2681/2681
f 2681/2681/2681 2687/2687/2687 2688/2688/2688
f 2688/2688/2688 2687/2687/2687 2689/2689/2689
f 2687/2687/2687 2686/2686/2686 2689/2689/2689
f 2689/2689/2689 2686/2686/2686 2690/2690/2690
f 2686/2686/2686 2684/2684/2684 2690/2690/2690
f 2690/2690/2690 2684/2684/2684 2691/2691/2691
f 2684/2684/2684 2685/2685/2685 2691/2691/2691
f 2691/2691/2691 2685/2685/2685 2692/2692/2692
f 2685/2685/2685 2662/2662/2662 2692/2692/2692
f 2692/2692/2692 2662/2662/2662 2693/2693/2693
f 2693/2693/2693 2662/2662/2662 2694/2694/2694
f 2662/2662/2662 2654/2654/2654 2694/2694/2694
f 2694/2694/2694 2654/2654/2654 2695/2695/2695
f 2695/2695/2695 2654/2654/2654 2696/2696/2696
f 2654/2654/2654 2653/2653/2653 2696/2696/2696
f 2696/2696/2696 2653/2653/2653 2697/2697/2697
f 2653/2653/2653 2650/2650/2650 2697/2697/2697
f 2697/2697/2697 2650/2650/2650 2698/2698/2698
f 2650/2650/2650 2651/2651/2651 2698/2698/2698
f 2698/2698/2698 2651/2651/2651 2699/2699/2699
f 2699/2699/2699 2651/2651/2651 2700/2700/2700
f 2651/2651/2651 2607/2607/2607 2700/2700/2700
f 2607/2607/2607 2606/2606/2606 2700/2700/2700
f 2606/2606/2606 2605/2605/2605 2700/2700/2700
f 2700/2700/2700 2605/2605/2605 2701/2701/2701
f 2701/2701/2701 2605/2605/2605 2702/2702/2702
f 2605/2605/2605 2559/2559/2559 2702/2702/2702
f 2559/2559/2559 2557/2557/2557 2702/2702/2702
f 2557/2557/2557 2556/2556/2556 2702/2702/2702
f 2702/2702/2702 2556/2556/2556 2703/2703/2703
f 2556/2556/2556 2555/2555/2555 2703/2703/2703
f 2703/2703/2703 2555/2555/2555 2704/2704/2704
f 2555/2555/2555 2705/2705/2705 2704/2704/2704
f 2705/2705/2705 2706/2706/2706 2704/2704/2704
f 2706/2706/2706 2707/2707/2707 2704/2704/2704
f 2704/2704/2704 2707/2707/2707 2708/2708/2708
f 2707/2707/2707 2709/2709/2709 2708/2708/2708
f 2708/2708/2708 2709/2709/2709 2702/2702/2702
f 2702/2702/2702 2709/2709/2709 2701/2701/2701
f 2701/2701/2701 2709/2709/2709 2700/2700/2700
f 2700/2700/2700 2709/2709/2709 2699/2699/2699
f 2709/2709/2709 2710/2710/2710 2699/2699/2699
f 2699/2699/2699 2710/2710/2710 2698/2698/2698
f 2710/2710/2710 2711/2711/2711 2698/2698/2698
f 2698/2698/2698 2711/2711/2711 2697/2697/2697
f 2711/2711/2711 2712/2712/2712 2697/2697/2697
f 2697/2697/2697 2712/2712/2712 2696/2696/2696
f 2696/2696/2696 2712/2712/2712 2695/2695/2695
f 2712/2712/2712 2713/2713/2713 2695/2695/2695
f 2695/2695/2695 2713/2713/2713 2694/2694/2694
f 2694/2694/2694 2713/2713/2713 2693/2693/2693
f 2713/2713/2713 2714/2714/2714 2693/2693/2693
f 2693/2693/2693 2714/2714/2714 2692/2692/2692
f 2714/2714/2714 2715/2715/2715 2692/2692/2692
f 2692/2692/2692 2715/2715/2715 2691/2691/2691
f 2715/2715/2715 2716/2716/2716 2691/2691/2691
f 2691/2691/2691 2716/2716/2716 2690/2690/2690
f 2716/2716/2716 2717/2717/2717 2690/2690/2690
f 2690/2690/2690 2717/2717/2717 2689/2689/2689
f 2689/2689/2689 2717/2717/2717 2718/2718/2718
f 2718/2718/2718 2717/2717/2717 2719/2719/2719
f 2717/2717/2717 2716/2716/2716 2719/2719/2719
f 2719/2719/2719 2716/2716/2716 2720/2720/2720
f 2716/2716/2716 2715/2715/2715 2720/2720/2720
f 2720/2720/2720 2715/2715/2715 2721/2721/2721
f 2715/2715/2715 2714/2714/2714 2721/2721/2721
f 2721/2721/2721 2714/2714/2714 2722/2722/2722
f 2714/2714/2714 2713/2713/2713 2722/2722/2722
f 2722/2722/2722 2713/2713/2713 2723/2723/2723
f 2723/2723/2723 2713/2713/2713 2724/2724/2724
f 2713/2713/2713 2712/2712/2712 2724/2724/2724
f 2724/2724/2724 2712/2712/2712 2725/2725/2725
f 2725/2725/2725 2712/2712/2712 2726/2726/2726
f 2712/2712/2712 2711/2711/2711 2726/2726/2726
f 2726/2726/2726 2711/2711/2711 2727/2727/2727
f 2711/2711/2711 2710/2710/2710 2727/2727/2727
f 2727/2727/2727 2710/2710/2710 2728/2728/2728
f 2710/2710/2710 2709/2709/2709 2728/2728/2728
f 2709/2709/2709 2707/2707/2707 2728/2728/2728
f 2707/2707/2707 2706/2706/2706 2728/2728/2728
f 2728/2728/2728 2706/2706/2706 2729/2729/2729
f 2729/2729/2729 2706/2706/2706 2730/2730/2730
f 2706/2706/2706 2705/2705/2705 2730/2730/2730
f 2730/2730/2730 2705/2705/2705 2554/2554/2554
f 2705/2705/2705 2555/2555/2555 2554/2554/2554
f 2702/2702/2702 2703/2703/2703 2708/2708/2708
f 2703/2703/2703 2704/2704/2704 2708/2708/2708
f 2728/2728/2728 2729/2729/2729 2727/2727/2727
f 2730/2730/2730 2554/2554/2554 2731/2731/2731
f 2554/2554/2554 2553/2553/2553 2731/2731/2731
f 2731/2731/2731 2553/2553/2553 2732/2732/2732
f 2732/2732/2732 2553/2553/2553 2733/2733/2733
f 2553/2553/2553 2544/2544/2544 2733/2733/2733
f 2733/2733/2733 2544/2544/2544 2734/2734/2734
f 2544/2544/2544 2542/2542/2542 2734/2734/2734
f 2734/2734/2734 2542/2542/2542 2735/2735/2735
f 2542/2542/2542 2736/2736/2736 2735/2735/2735
f 2735/2735/2735 2736/2736/2736 2737/2737/2737
f 2736/2736/2736 2738/2738/2738 2737/2737/2737
f 2737/2737/2737 2738/2738/2738 2739/2739/2739
f 2736/2736/2736 2542/2542/2542 2738/2738/2738
f 2733/2733/2733 2734/2734/2734 2740/2740/2740
f 2734/2734/2734 2735/2735/2735 2740/2740/2740
f 2740/2740/2740 2735/2735/2735 2741/2741/2741
f 2741/2741/2741 2735/2735/2735 2742/2742/2742
f 2735/2735/2735 2737/2737/2737 2742/2742/2742
f 2741/2741/2741 2743/2743/2743 2740/2740/2740
f 2740/2740/2740 2743/2743/2743 2733/2733/2733
f 2743/2743/2743 2744/2744/2744 2733/2733/2733
f 2733/2733/2733 2744/2744/2744 2732/2732/2732
f 2744/2744/2744 2745/2745/2745 2732/2732/2732
f 2732/2732/2732 2745/2745/2745 2731/2731/2731
f 2745/2745/2745 2746/2746/2746 2731/2731/2731
f 2731/2731/2731 2746/2746/2746 2730/2730/2730
f 2746/2746/2746 2747/2747/2747 2730/2730/2730
f 2730/2730/2730 2747/2747/2747 2729/2729/2729
f 2747/2747/2747 2748/2748/2748 2729/2729/2729
f 2729/2729/2729 2748/2748/2748 2727/2727/2727
f 2727/2727/2727 2748/2748/2748 2726/2726/2726
f 2726/2726/2726 2748/2748/2748 2725/2725/2725
f 2748/2748/2748 2749/2749/2749 2725/2725/2725
f 2725/2725/2725 2749/2749/2749 2724/2724/2724
f 2724/2724/2724 2749/2749/2749 2723/2723/2723
f 2749/2749/2749 2750/2750/2750 2723/2723/2723
f 2723/2723/2723 2750/2750/2750 2722/2722/2722
f 2750/2750/2750 2751/2751/2751 2722/2722/2722
f 2722/2722/2722 2751/2751/2751 2721/2721/2721
f 2751/2751/2751 2752/2752/2752 2721/2721/2721
f 2721/2721/2721 2752/2752/2752 2720/2720/2720
f 2752/2752/2752 2753/2753/2753 2720/2720/2720
f 2720/2720/2720 2753/2753/2753 2719/2719/2719
f 2719/2719/2719 2753/2753/2753 2754/2754/2754
f 2754/2754/2754 2753/2753/2753 2755/2755/2755
f 2753/2753/2753 2752/2752/2752 2755/2755/2755
f 2755/2755/2755 2752/2752/2752 2756/2756/2756
f 2752/2752/2752 2751/2751/2751 2756/2756/2756
f 2756/2756/2756 2751/2751/2751 2757/2757/2757
f 2751/2751/2751 2750/2750/2750 2757/2757/2757
f 2757/2757/2757 2750/2750/2750 2758/2758/2758
f 2750/2750/2750 2749/2749/2749 2758/2758/2758
f 2758/2758/2758 2749/2749/2749 2759/2759/2759
f 2759/2759/2759 2749/2749/2749 2760/2760/2760
f 2749/2749/2749 2748/2748/2748 2760/2760/2760
f 2760/2760/2760 2748/2748/2748 2761/2761/2761
f 2748/2748/2748 2747/2747/2747 2761/2761/2761
f 2747/2747/2747 2746/2746/2746 2761/2761/2761
f 2761/2761/2761 2746/2746/2746 2762/2762/2762
f 2746/2746/2746 2745/2745/2745 2762/2762/2762
f 2762/2762/2762 2745/2745/2745 2763/2763/2763
f 2745/2745/2745 2744/2744/2744 2763/2763/2763
f 2763/2763/2763 2744/2744/2744 2764/2764/2764
f 2744/2744/2744 2743/2743/2743 2764/2764/2764
f 2764/2764/2764 2743/2743/2743 2741/2741/2741
f 2761/2761/2761 2762/2762/2762 2760/2760/2760
f 2760/2760/2760 2762/2762/2762 2759/2759/2759
f 2762/2762/2762 2765/2765/2765 2759/2759/2759
f 2759/2759/2759 2765/2765/2765 2758/2758/2758
f 2765/2765/2765 2766/2766/2766 2758/2758/2758
f 2758/2758/2758 2766/2766/2766 2757/2757/2757
f 2762/2762/2762 2763/2763/2763 2767/2767/2767
f 2763/2763/2763 2764/2764/2764 2767/2767/2767
f 2767/2767/2767 2764/2764/2764 2768/2768/2768
f 2764/2764/2764 2741/2741/2741 2768/2768/2768
f 2768/2768/2768 2741/2741/2741 2769/2769/2769
f 2741/2741/2741 2742/2742/2742 2769/2769/2769
f 2769/2769/2769 2742/2742/2742 2770/2770/2770
f 2742/2742/2742 2737/2737/2737 2770/2770/2770
f 2770/2770/2770 2737/2737/2737 2771/2771/2771
f 2771/2771/2771 2737/2737/2737 2772/2772/2772
f 2737/2737/2737 2739/2739/2739 2772/2772/2772
f 2772/2772/2772 2739/2739/2739 2773/2773/2773
f 2739/2739/2739 2774/2774/2774 2773/2773/2773
f 2762/2762/2762 2767/2767/2767 2765/2765/2765
f 2767/2767/2767 2775/2775/2775 2765/2765/2765
f 2765/2765/2765 2775/2775/2775 2766/2766/2766
f 2767/2767/2767 2768/2768/2768 2775/2775/2775
f 2772/2772/2772 2773/2773/2773 2776/2776/2776
f 2773/2773/2773 2777/2777/2777 2776/2776/2776
f 2777/2777/2777 2778/2778/2778 2776/2776/2776
f 2778/2778/2778 2779/2779/2779 2776/2776/2776
f 2779/2779/2779 2780/2780/2780 2776/2776/2776
f 2776/2776/2776 2780/2780/2780 2772/2772/2772
f 2772/2772/2772 2780/2780/2780 2771/2771/2771
f 2780/2780/2780 2781/2781/2781 2771/2771/2771
f 2771/2771/2771 2781/2781/2781 2770/2770/2770
f 2770/2770/2770 2781/2781/2781 2769/2769/2769
f 2781/2781/2781 2782/2782/2782 2769/2769/2769
f 2769/2769/2769 2782/2782/2782 2768/2768/2768
f 2768/2768/2768 2782/2782/2782 2775/2775/2775
f 2782/2782/2782 2783/2783/2783 2775/2775/2775
f 2775/2775/2775 2783/2783/2783 2766/2766/2766
f 2783/2783/2783 2782/2782/2782 2784/2784/2784
f 2782/2782/2782 2781/2781/2781 2784/2784/2784
f 2784/2784/2784 2781/2781/2781 2785/2785/2785
f 2781/2781/2781 2786/2786/2786 2785/2785/2785
f 2785/2785/2785 2786/2786/2786 2787/2787/2787
f 2787/2787/2787 2786/2786/2786 2788/2788/2788
f 2788/2788/2788 2786/2786/2786 2779/2779/2779
f 2779/2779/2779 2786/2786/2786 2780/2780/2780
f 2786/2786/2786 2781/2781/2781 2780/2780/2780
f 2787/2787/2787 2789/2789/2789 2785/2785/2785
f 2785/2785/2785 2789/2789/2789 2784/2784/2784
f 2784/2784/2784 2789/2789/2789 2783/2783/2783
f 2789/2789/2789 2790/2790/2790 2783/2783/2783
f 2783/2783/2783 2790/2790/2790 2766/2766/2766
f 2766/2766/2766 2790/2790/2790 2757/2757/2757
f 2757/2757/2757 2790/2790/2790 2756/2756/2756
f 2790/2790/2790 2791/2791/2791 2756/2756/2756
f 2756/2756/2756 2791/2791/2791 2755/2755/2755
f 2755/2755/2755 2791/2791/2791 2792/2792/2792
f 2791/2791/2791 2789/2789/2789 2792/2792/2792
f 2792/2792/2792 2789/2789/2789 2793/2793/2793
f 2789/2789/2789 2787/2787/2787 2793/2793/2793
f 2793/2793/2793 2787/2787/2787 2794/2794/2794
f 2787/2787/2787 2788/2788/2788 2794/2794/2794
f 2794/2794/2794 2788/2788/2788 2795/2795/2795
f 2788/2788/2788 2796/2796/2796 2795/2795/2795
f 2795/2795/2795 2796/2796/2796 2797/2797/2797
f 2797/2797/2797 2796/2796/2796 2798/2798/2798
f 2798/2798/2798 2796/2796/2796 2778/2778/2778
f 2778/2778/2778 2796/2796/2796 2779/2779/2779
f 2796/2796/2796 2788/2788/2788 2779/2779/2779
f 2789/2789/2789 2791/2791/2791 2790/2790/2790
f 2795/2795/2795 2797/2797/2797 2799/2799/2799
f 2797/2797/2797 2800/2800/2800 2799/2799/2799
f 2800/2800/2800 2801/2801/2801 2799/2799/2799
f 2801/2801/2801 2802/2802/2802 2799/2799/2799
f 2799/2799/2799 2802/2802/2802 2803/2803/2803
f 2802/2802/2802 2804/2804/2804 2803/2803/2803
f 2804/2804/2804 2805/2805/2805 2803/2803/2803
f 2803/2803/2803 2805/2805/2805 2794/2794/2794
f 2805/2805/2805 2793/2793/2793 2794/2794/2794
f 2799/2799/2799 2803/2803/2803 2795/2795/2795
f 2803/2803/2803 2794/2794/2794 2795/2795/2795
f 2801/2801/2801 2806/2806/2806 2802/2802/2802
f 2806/2806/2806 2807/2807/2807 2802/2802/2802
f 2802/2802/2802 2807/2807/2807 2804/2804/2804
f 2801/2801/2801 2808/2808/2808 2806/2806/2806
f 2808/2808/2808 2809/2809/2809 2806/2806/2806
f 2806/2806/2806 2809/2809/2809 2810/2810/2810
f 2809/2809/2809 2811/2811/2811 2810/2810/2810
f 2810/2810/2810 2811/2811/2811 2812/2812/2812
f 2812/2812/2812 2811/2811/2811 2813/2813/2813
f 2813/2813/2813 2811/2811/2811 2814/2814/2814
f 2814/2814/2814 2811/2811/2811 2815/2815/2815
f 2811/2811/2811 2809/2809/2809 2815/2815/2815
f 2806/2806/2806 2810/2810/2810 2807/2807/2807
f 2810/2810/2810 2816/2816/2816 2807/2807/2807
f 2816/2816/2816 2817/2817/2817 2807/2807/2807
f 2807/2807/2807 2817/2817/2817 2804/2804/2804
f 2817/2817/2817 2818/2818/2818 2804/2804/2804
f 2804/2804/2804 2818/2818/2818 2805/2805/2805
f 2818/2818/2818 2819/2819/2819 2805/2805/2805
f 2805/2805/2805 2819/2819/2819 2793/2793/2793
f 2793/2793/2793 2819/2819/2819 2792/2792/2792
f 2792/2792/2792 2819/2819/2819 2755/2755/2755
f 2819/2819/2819 2820/2820/2820 2755/2755/2755
f 2755/2755/2755 2820/2820/2820 2754/2754/2754
f 2820/2820/2820 2821/2821/2821 2754/2754/2754
f 2754/2754/2754 2821/2821/2821 2719/2719/2719
f 2821/2821/2821 2822/2822/2822 2719/2719/2719
f 2719/2719/2719 2822/2822/2822 2718/2718/2718
f 2812/2812/2812 2816/2816/2816 2810/2810/2810
f 2819/2819/2819 2818/2818/2818 2820/2820/2820
f 2818/2818/2818 2823/2823/2823 2820/2820/2820
f 2820/2820/2820 2823/2823/2823 2821/2821/2821
f 2823/2823/2823 2824/2824/2824 2821/2821/2821
f 2821/2821/2821 2824/2824/2824 2822/2822/2822
f 2818/2818/2818 2817/2817/2817 2823/2823/2823
f 2823/2823/2823 2817/2817/2817 2825/2825/2825
f 2817/2817/2817 2816/2816/2816 2825/2825/2825
f 2825/2825/2825 2816/2816/2816 2826/2826/2826
f 2816/2816/2816 2812/2812/2812 2826/2826/2826
f 2823/2823/2823 2825/2825/2825 2824/2824/2824
f 2825/2825/2825 2827/2827/2827 2824/2824/2824
f 2827/2827/2827 2828/2828/2828 2824/2824/2824
f 2824/2824/2824 2828/2828/2828 2822/2822/2822
f 2828/2828/2828 2829/2829/2829 2822/2822/2822
f 2822/2822/2822 2829/2829/2829 2718/2718/2718
f 2718/2718/2718 2829/2829/2829 2689/2689/2689
f 2829/2829/2829 2830/2830/2830 2689/2689/2689
f 2689/2689/2689 2830/2830/2830 2688/2688/2688
f 2825/2825/2825 2826/2826/2826 2827/2827/2827
f 2827/2827/2827 2826/2826/2826 2831/2831/2831
f 2831/2831/2831 2826/2826/2826 2832/2832/2832
f 2826/2826/2826 2812/2812/2812 2832/2832/2832
f 2812/2812/2812 2813/2813/2813 2832/2832/2832
f 2813/2813/2813 2833/2833/2833 2832/2832/2832
f 2833/2833/2833 2834/2834/2834 2832/2832/2832
f 2832/2832/2832 2834/2834/2834 2831/2831/2831
f 2834/2834/2834 2835/2835/2835 2831/2831/2831
f 2831/2831/2831 2835/2835/2835 2836/2836/2836
f 2835/2835/2835 2837/2837/2837 2836/2836/2836
f 2836/2836/2836 2837/2837/2837 2838/2838/2838
f 2837/2837/2837 2839/2839/2839 2838/2838/2838
f 2838/2838/2838 2839/2839/2839 2830/2830/2830
f 2839/2839/2839 2840/2840/2840 2830/2830/2830
f 2830/2830/2830 2840/2840/2840 2688/2688/2688
f 2688/2688/2688 2840/2840/2840 2681/2681/2681
f 2840/2840/2840 2841/2841/2841 2681/2681/2681
f 2681/2681/2681 2841/2841/2841 2680/2680/2680
f 2830/2830/2830 2829/2829/2829 2838/2838/2838
f 2829/2829/2829 2828/2828/2828 2838/2838/2838
f 2838/2838/2838 2828/2828/2828 2836/2836/2836
f 2828/2828/2828 2827/2827/2827 2836/2836/2836
f 2836/2836/2836 2827/2827/2827 2831/2831/2831
f 2841/2841/2841 2840/2840/2840 2842/2842/2842
f 2840/2840/2840 2839/2839/2839 2842/2842/2842
f 2842/2842/2842 2839/2839/2839 2843/2843/2843
f 2839/2839/2839 2837/2837/2837 2843/2843/2843
f 2843/2843/2843 2837/2837/2837 2844/2844/2844
f 2837/2837/2837 2835/2835/2835 2844/2844/2844
f 2844/2844/2844 2835/2835/2835 2845/2845/2845
f 2835/2835/2835 2834/2834/2834 2845/2845/2845
f 2845/2845/2845 2834/2834/2834 2846/2846/2846
f 2834/2834/2834 2833/2833/2833 2846/2846/2846
f 2846/2846/2846 2833/2833/2833 2847/2847/2847
f 2833/2833/2833 2848/2848/2848 2847/2847/2847
f 2847/2847/2847 2848/2848/2848 2849/2849/2849
f 2849/2849/2849 2848/2848/2848 2850/2850/2850
f 2850/2850/2850 2848/2848/2848 2814/2814/2814
f 2814/2814/2814 2848/2848/2848 2813/2813/2813
f 2848/2848/2848 2833/2833/2833 2813/2813/2813
f 2847/2847/2847 2849/2849/2849 2851/2851/2851
f 2849/2849/2849 2852/2852/2852 2851/2851/2851
f 2852/2852/2852 2853/2853/2853 2851/2851/2851
f 2853/2853/2853 2854/2854/2854 2851/2851/2851
f 2851/2851/2851 2854/2854/2854 2855/2855/2855
f 2854/2854/2854 2856/2856/2856 2855/2855/2855
f 2856/2856/2856 2857/2857/2857 2855/2855/2855
f 2855/2855/2855 2857/2857/2857 2846/2846/2846
f 2857/2857/2857 2845/2845/2845 2846/2846/2846
f 2851/2851/2851 2855/2855/2855 2847/2847/2847
f 2855/2855/2855 2846/2846/2846 2847/2847/2847
f 2853/2853/2853 2858/2858/2858 2854/2854/2854
f 2858/2858/2858 2859/2859/2859 2854/2854/2854
f 2854/2854/2854 2859/2859/2859 2856/2856/2856
f 2853/2853/2853 2860/2860/2860 2858/2858/2858
f 2860/2860/2860 2861/2861/2861 2858/2858/2858
f 2858/2858/2858 2861/2861/2861 2862/2862/2862
f 2861/2861/2861 2863/2863/2863 2862/2862/2862
f 2862/2862/2862 2863/2863/2863 2864/2864/2864
f 2864/2864/2864 2863/2863/2863 2865/2865/2865
f 2865/2865/2865 2863/2863/2863 2866/2866/2866
f 2866/2866/2866 2863/2863/2863 2867/2867/2867
f 2863/2863/2863 2861/2861/2861 2867/2867/2867
f 2858/2858/2858 2862/2862/2862 2859/2859/2859
f 2862/2862/2862 2868/2868/2868 2859/2859/2859
f 2868/2868/2868 2869/2869/2869 2859/2859/2859
f 2859/2859/2859 2869/2869/2869 2856/2856/2856
f 2869/2869/2869 2870/2870/2870 2856/2856/2856
f 2856/2856/2856 2870/2870/2870 2857/2857/2857
f 2870/2870/2870 2871/2871/2871 2857/2857/2857
f 2857/2857/2857 2871/2871/2871 2845/2845/2845
f 2845/2845/2845 2871/2871/2871 2844/2844/2844
f 2871/2871/2871 2872/2872/2872 2844/2844/2844
f 2844/2844/2844 2872/2872/2872 2843/2843/2843
f 2864/2864/2864 2868/2868/2868 2862/2862/2862
f 2872/2872/2872 2871/2871/2871 2873/2873/2873
f 2871/2871/2871 2870/2870/2870 2873/2873/2873
f 2873/2873/2873 2870/2870/2870 2874/2874/2874
f 2870/2870/2870 2869/2869/2869 2874/2874/2874
f 2874/2874/2874 2869/2869/2869 2875/2875/2875
f 2869/2869/2869 2868/2868/2868 2875/2875/2875
f 2875/2875/2875 2868/2868/2868 2876/2876/2876
f 2868/2868/2868 2864/2864/2864 2876/2876/2876
f 2876/2876/2876 2864/2864/2864 2877/2877/2877
f 2864/2864/2864 2865/2865/2865 2877/2877/2877
f 2877/2877/2877 2865/2865/2865 2878/2878/2878
f 2865/2865/2865 2879/2879/2879 2878/2878/2878
f 2878/2878/2878 2879/2879/2879 1719/1719/1719
f 1719/1719/1719 2879/2879/2879 1718/1718/1718
f 1718/1718/1718 2879/2879/2879 2880/2880/2880
f 2880/2880/2880 2879/2879/2879 2866/2866/2866
f 2879/2879/2879 2865/2865/2865 2866/2866/2866
f 1719/1719/1719 1725/1725/1725 2878/2878/2878
f 1725/1725/1725 2881/2881/2881 2878/2878/2878
f 2878/2878/2878 2881/2881/2881 2877/2877/2877
f 2881/2881/2881 2882/2882/2882 2877/2877/2877
f 2877/2877/2877 2882/2882/2882 2876/2876/2876
f 2882/2882/2882 2883/2883/2883 2876/2876/2876
f 2876/2876/2876 2883/2883/2883 2875/2875/2875
f 2883/2883/2883 2884/2884/2884 2875/2875/2875
f 2875/2875/2875 2884/2884/2884 2874/2874/2874
f 2884/2884/2884 2885/2885/2885 2874/2874/2874
f 2874/2874/2874 2885/2885/2885 2873/2873/2873
f 2885/2885/2885 2886/2886/2886 2873/2873/2873
f 2873/2873/2873 2886/2886/2886 2872/2872/2872
f 2886/2886/2886 2887/2887/2887 2872/2872/2872
f 2872/2872/2872 2887/2887/2887 2843/2843/2843
f 2843/2843/2843 2887/2887/2887 2842/2842/2842
f 2887/2887/2887 2888/2888/2888 2842/2842/2842
f 2842/2842/2842 2888/2888/2888 2841/2841/2841
f 2881/2881/2881 1725/1725/1725 1726/1726/1726
f 2888/2888/2888 2887/2887/2887 2889/2889/2889
f 2887/2887/2887 2886/2886/2886 2889/2889/2889
f 2889/2889/2889 2886/2886/2886 2890/2890/2890
f 2886/2886/2886 2885/2885/2885 2890/2890/2890
f 2890/2890/2890 2885/2885/2885 2891/2891/2891
f 2885/2885/2885 2884/2884/2884 2891/2891/2891
f 2891/2891/2891 2884/2884/2884 2892/2892/2892
f 2884/2884/2884 2883/2883/2883 2892/2892/2892
f 2892/2892/2892 2883/2883/2883 2893/2893/2893
f 2883/2883/2883 2882/2882/2882 2893/2893/2893
f 2893/2893/2893 2882/2882/2882 2894/2894/2894
f 2882/2882/2882 2881/2881/2881 2894/2894/2894
f 2881/2881/2881 1726/1726/1726 2894/2894/2894
f 2894/2894/2894 1726/1726/1726 2895/2895/2895
f 1726/1726/1726 1727/1727/1727 2895/2895/2895
f 2895/2895/2895 1727/1727/1727 2896/2896/2896
f 1727/1727/1727 1728/1728/1728 2896/2896/2896
f 2896/2896/2896 1728/1728/1728 2897/2897/2897
f 1728/1728/1728 1729/1729/1729 2897/2897/2897
f 2897/2897/2897 1729/1729/1729 2898/2898/2898
f 1729/1729/1729 1759/1759/1759 2898/2898/2898
f 2898/2898/2898 1759/1759/1759 2899/2899/2899
f 1759/1759/1759 2900/2900/2900 2899/2899/2899
f 2899/2899/2899 2900/2900/2900 2901/2901/2901
f 2900/2900/2900 1816/1816/1816 2901/2901/2901
f 1816/1816/1816 1839/1839/1839 2901/2901/2901
f 1839/1839/1839 1844/1844/1844 2901/2901/2901
f 1844/1844/1844 2437/2437/2437 2901/2901/2901
f 2437/2437/2437 2442/2442/2442 2901/2901/2901
f 2901/2901/2901 2442/2442/2442 2902/2902/2902
f 2442/2442/2442 2465/2465/2465 2902/2902/2902
f 2465/2465/2465 2484/2484/2484 2902/2902/2902
f 2902/2902/2902 2484/2484/2484 2903/2903/2903
f 2484/2484/2484 2485/2485/2485 2903/2903/2903
f 2899/2899/2899 2897/2897/2897 2898/2898/2898
f 1759/1759/1759 1816/1816/1816 2900/2900/2900
f 2465/2465/2465 2442/2442/2442 2443/2443/2443
f 2903/2903/2903 2904/2904/2904 2902/2902/2902
f 2902/2902/2902 2904/2904/2904 2901/2901/2901
f 2901/2901/2901 2904/2904/2904 2899/2899/2899
f 2904/2904/2904 2905/2905/2905 2899/2899/2899
f 2899/2899/2899 2905/2905/2905 2906/2906/2906
f 2905/2905/2905 2907/2907/2907 2906/2906/2906
f 2906/2906/2906 2907/2907/2907 2908/2908/2908
f 2907/2907/2907 2909/2909/2909 2908/2908/2908
f 2909/2909/2909 2910/2910/2910 2908/2908/2908
f 2908/2908/2908 2910/2910/2910 2896/2896/2896
f 2896/2896/2896 2910/2910/2910 2895/2895/2895
f 2910/2910/2910 2911/2911/2911 2895/2895/2895
f 2895/2895/2895 2911/2911/2911 2894/2894/2894
f 2894/2894/2894 2911/2911/2911 2893/2893/2893
f 2911/2911/2911 2912/2912/2912 2893/2893/2893
f 2893/2893/2893 2912/2912/2912 2892/2892/2892
f 2912/2912/2912 2913/2913/2913 2892/2892/2892
f 2892/2892/2892 2913/2913/2913 2891/2891/2891
f 2913/2913/2913 2914/2914/2914 2891/2891/2891
f 2891/2891/2891 2914/2914/2914 2890/2890/2890
f 2914/2914/2914 2915/2915/2915 2890/2890/2890
f 2890/2890/2890 2915/2915/2915 2889/2889/2889
f 2915/2915/2915 2916/2916/2916 2889/2889/2889
f 2889/2889/2889 2916/2916/2916 2888/2888/2888
f 2916/2916/2916 2917/2917/2917 2888/2888/2888
f 2888/2888/2888 2917/2917/2917 2841/2841/2841
f 2841/2841/2841 2917/2917/2917 2680/2680/2680
f 2680/2680/2680 2917/2917/2917 2673/2673/2673
f 2917/2917/2917 2918/2918/2918 2673/2673/2673
f 2673/2673/2673 2918/2918/2918 2672/2672/2672
f 2899/2899/2899 2906/2906/2906 2897/2897/2897
f 2906/2906/2906 2908/2908/2908 2897/2897/2897
f 2897/2897/2897 2908/2908/2908 2896/2896/2896
f 2917/2917/2917 2916/2916/2916 2918/2918/2918
f 2918/2918/2918 2916/2916/2916 2919/2919/2919
f 2916/2916/2916 2915/2915/2915 2919/2919/2919
f 2919/2919/2919 2920/2920/2920 2918/2918/2918
f 2918/2918/2918 2920/2920/2920 2672/2672/2672
f 2672/2672/2672 2920/2920/2920 2636/2636/2636
f 2920/2920/2920 2921/2921/2921 2636/2636/2636
f 2636/2636/2636 2921/2921/2921 2635/2635/2635
f 2921/2921/2921 2920/2920/2920 2922/2922/2922
f 2920/2920/2920 2919/2919/2919 2922/2922/2922
f 2922/2922/2922 2919/2919/2919 2923/2923/2923
f 2919/2919/2919 2915/2915/2915 2923/2923/2923
f 2915/2915/2915 2914/2914/2914 2923/2923/2923
f 2923/2923/2923 2914/2914/2914 2924/2924/2924
f 2914/2914/2914 2913/2913/2913 2924/2924/2924
f 2924/2924/2924 2925/2925/2925 2923/2923/2923
f 2923/2923/2923 2925/2925/2925 2922/2922/2922
f 2925/2925/2925 2926/2926/2926 2922/2922/2922
f 2922/2922/2922 2926/2926/2926 2921/2921/2921
f 2926/2926/2926 2927/2927/2927 2921/2921/2921
f 2921/2921/2921 2927/2927/2927 2635/2635/2635
f 2635/2635/2635 2927/2927/2927 2627/2627/2627
f 2927/2927/2927 2928/2928/2928 2627/2627/2627
f 2627/2627/2627 2928/2928/2928 2626/2626/2626
f 2626/2626/2626 2928/2928/2928 2489/2489/2489
f 2928/2928/2928 2929/2929/2929 2489/2489/2489
f 2489/2489/2489 2929/2929/2929 2488/2488/2488
f 2929/2929/2929 2928/2928/2928 2930/2930/2930
f 2928/2928/2928 2927/2927/2927 2930/2930/2930
f 2927/2927/2927 2926/2926/2926 2930/2930/2930
f 2930/2930/2930 2926/2926/2926 2931/2931/2931
f 2926/2926/2926 2925/2925/2925 2931/2931/2931
f 2931/2931/2931 2925/2925/2925 2932/2932/2932
f 2925/2925/2925 2924/2924/2924 2932/2932/2932
f 2932/2932/2932 2924/2924/2924 2933/2933/2933
f 2924/2924/2924 2913/2913/2913 2933/2933/2933
f 2913/2913/2913 2912/2912/2912 2933/2933/2933
f 2933/2933/2933 2912/2912/2912 2934/2934/2934
f 2912/2912/2912 2911/2911/2911 2934/2934/2934
f 2911/2911/2911 2910/2910/2910 2934/2934/2934
f 2910/2910/2910 2909/2909/2909 2934/2934/2934
f 2934/2934/2934 2909/2909/2909 2935/2935/2935
f 2909/2909/2909 2936/2936/2936 2935/2935/2935
f 2936/2936/2936 2937/2937/2937 2935/2935/2935
f 2935/2935/2935 2937/2937/2937 2932/2932/2932
f 2937/2937/2937 2931/2931/2931 2932/2932/2932
f 2934/2934/2934 2935/2935/2935 2933/2933/2933
f 2935/2935/2935 2932/2932/2932 2933/2933/2933
f 2909/2909/2909 2907/2907/2907 2936/2936/2936
f 2907/2907/2907 2938/2938/2938 2936/2936/2936
f 2938/2938/2938 2939/2939/2939 2936/2936/2936
f 2936/2936/2936 2939/2939/2939 2937/2937/2937
f 2939/2939/2939 2940/2940/2940 2937/2937/2937
f 2937/2937/2937 2940/2940/2940 2931/2931/2931
f 2931/2931/2931 2940/2940/2940 2930/2930/2930
f 2930/2930/2930 2940/2940/2940 2929/2929/2929
f 2940/2940/2940 2941/2941/2941 2929/2929/2929
f 2929/2929/2929 2941/2941/2941 2488/2488/2488
f 2488/2488/2488 2941/2941/2941 2487/2487/2487
f 2487/2487/2487 2941/2941/2941 2942/2942/2942
f 2941/2941/2941 2939/2939/2939 2942/2942/2942
f 2939/2939/2939 2938/2938/2938 2942/2942/2942
f 2942/2942/2942 2938/2938/2938 2943/2943/2943
f 2938/2938/2938 2905/2905/2905 2943/2943/2943
f 2905/2905/2905 2904/2904/2904 2943/2943/2943
f 2904/2904/2904 2903/2903/2903 2943/2943/2943
f 2903/2903/2903 2485/2485/2485 2943/2943/2943
f 2485/2485/2485 2486/2486/2486 2943/2943/2943
f 2943/2943/2943 2486/2486/2486 2942/2942/2942
f 2486/2486/2486 2487/2487/2487 2942/2942/2942
f 2938/2938/2938 2907/2907/2907 2905/2905/2905
f 2940/2940/2940 2939/2939/2939 2941/2941/2941
f 1873/1873/1873 2944/2944/2944 1872/1872/1872
f 2944/2944/2944 2945/2945/2945 1872/1872/1872
f 1872/1872/1872 2945/2945/2945 1883/1883/1883
f 2945/2945/2945 2946/2946/2946 1883/1883/1883
f 1883/1883/1883 2946/2946/2946 1870/1870/1870
f 2946/2946/2946 2947/2947/2947 1870/1870/1870
f 1870/1870/1870 2947/2947/2947 1869/1869/1869
f 2947/2947/2947 2948/2948/2948 1869/1869/1869
f 2948/2948/2948 2949/2949/2949 1869/1869/1869
f 1869/1869/1869 2949/2949/2949 1868/1868/1868
f 1868/1868/1868 2949/2949/2949 1867/1867/1867
f 2949/2949/2949 2950/2950/2950 1867/1867/1867
f 1867/1867/1867 2950/2950/2950 1859/1859/1859
f 2950/2950/2950 2951/2951/2951 1859/1859/1859
f 1859/1859/1859 2951/2951/2951 1858/1858/1858
f 1858/1858/1858 2951/2951/2951 1857/1857/1857
f 1857/1857/1857 2951/2951/2951 2952/2952/2952
f 2952/2952/2952 2951/2951/2951 2953/2953/2953
f 2951/2951/2951 2950/2950/2950 2953/2953/2953
f 2950/2950/2950 2949/2949/2949 2953/2953/2953
f 2953/2953/2953 2949/2949/2949 2954/2954/2954
f 2954/2954/2954 2949/2949/2949 2955/2955/2955
f 2949/2949/2949 2948/2948/2948 2955/2955/2955
f 2955/2955/2955 2948/2948/2948 2956/2956/2956
f 2956/2956/2956 2948/2948/2948 2957/2957/2957
f 2948/2948/2948 2947/2947/2947 2957/2957/2957
f 2957/2957/2957 2947/2947/2947 2958/2958/2958
f 2947/2947/2947 2946/2946/2946 2958/2958/2958
f 2958/2958/2958 2946/2946/2946 2959/2959/2959
f 2946/2946/2946 2945/2945/2945 2959/2959/2959
f 2959/2959/2959 2945/2945/2945 2960/2960/2960
f 2945/2945/2945 2944/2944/2944 2960/2960/2960
f 2960/2960/2960 2944/2944/2944 2961/2961/2961
f 2944/2944/2944 1873/1873/1873 2961/2961/2961
f 1873/1873/1873 1874/1874/1874 2961/2961/2961
f 2961/2961/2961 1874/1874/1874 2962/2962/2962
f 1874/1874/1874 1875/1875/1875 2962/2962/2962
f 1875/1875/1875 1876/1876/1876 2962/2962/2962
f 2962/2962/2962 1876/1876/1876 2963/2963/2963
f 2963/2963/2963 1876/1876/1876 2964/2964/2964
f 1876/1876/1876 1877/1877/1877 2964/2964/2964
f 2964/2964/2964 1877/1877/1877 2965/2965/2965
f 1877/1877/1877 1878/1878/1878 2965/2965/2965
f 1878/1878/1878 1879/1879/1879 2965/2965/2965
f 2965/2965/2965 1879/1879/1879 2966/2966/2966
f 1879/1879/1879 1885/1885/1885 2966/2966/2966
f 2966/2966/2966 2967/2967/2967 2965/2965/2965
f 2965/2965/2965 2967/2967/2967 2964/2964/2964
f 2967/2967/2967 2968/2968/2968 2964/2964/2964
f 2964/2964/2964 2968/2968/2968 2963/2963/2963
f 1885/1885/1885 2969/2969/2969 2966/2966/2966
f 2969/2969/2969 2970/2970/2970 2966/2966/2966
f 2966/2966/2966 2970/2970/2970 2967/2967/2967
f 2970/2970/2970 2971/2971/2971 2967/2967/2967
f 2967/2967/2967 2971/2971/2971 2968/2968/2968
f 1885/1885/1885 1886/1886/1886 2969/2969/2969
f 2969/2969/2969 1886/1886/1886 2972/2972/2972
f 1886/1886/1886 2973/2973/2973 2972/2972/2972
f 2972/2972/2972 2973/2973/2973 2974/2974/2974
f 2974/2974/2974 2973/2973/2973 2975/2975/2975
f 2973/2973/2973 2015/2015/2015 2975/2975/2975
f 2975/2975/2975 2015/2015/2015 2976/2976/2976
f 2015/2015/2015 1887/1887/1887 2976/2976/2976
f 1887/1887/1887 1888/1888/1888 2976/2976/2976
f 2976/2976/2976 1888/1888/1888 2977/2977/2977
f 1888/1888/1888 1889/1889/1889 2977/2977/2977
f 1889/1889/1889 1890/1890/1890 2977/2977/2977
f 2977/2977/2977 1890/1890/1890 2978/2978/2978
f 1890/1890/1890 1891/1891/1891 2978/2978/2978
f 1891/1891/1891 1892/1892/1892 2978/2978/2978
f 1892/1892/1892 1898/1898/1898 2978/2978/2978
f 1898/1898/1898 1921/1921/1921 2978/2978/2978
f 1921/1921/1921 1922/1922/1922 2978/2978/2978
f 2978/2978/2978 1922/1922/1922 2979/2979/2979
f 1922/1922/1922 1923/1923/1923 2979/2979/2979
f 2979/2979/2979 1923/1923/1923 2980/2980/2980
f 1923/1923/1923 2981/2981/2981 2980/2980/2980
f 2981/2981/2981 2982/2982/2982 2980/2980/2980
f 2980/2980/2980 2982/2982/2982 2977/2977/2977
f 2982/2982/2982 2976/2976/2976 2977/2977/2977
f 1886/1886/1886 2015/2015/2015 2973/2973/2973
f 2978/2978/2978 2979/2979/2979 2977/2977/2977
f 2977/2977/2977 2979/2979/2979 2980/2980/2980
f 1923/1923/1923 2016/2016/2016 2981/2981/2981
f 2981/2981/2981 2016/2016/2016 2983/2983/2983
f 2983/2983/2983 2016/2016/2016 2984/2984/2984
f 2016/2016/2016 1924/1924/1924 2984/2984/2984
f 1924/1924/1924 1925/1925/1925 2984/2984/2984
f 2984/2984/2984 1925/1925/1925 2985/2985/2985
f 1925/1925/1925 2002/2002/2002 2985/2985/2985
f 2002/2002/2002 2003/2003/2003 2985/2985/2985
f 2985/2985/2985 2003/2003/2003 2986/2986/2986
f 2003/2003/2003 2004/2004/2004 2986/2986/2986
f 2986/2986/2986 2004/2004/2004 2987/2987/2987
f 2004/2004/2004 2009/2009/2009 2987/2987/2987
f 2987/2987/2987 2009/2009/2009 2988/2988/2988
f 2009/2009/2009 2014/2014/2014 2988/2988/2988
f 2988/2988/2988 2989/2989/2989 2987/2987/2987
f 2987/2987/2987 2989/2989/2989 2986/2986/2986
f 2989/2989/2989 2990/2990/2990 2986/2986/2986
f 2986/2986/2986 2990/2990/2990 2985/2985/2985
f 2990/2990/2990 2991/2991/2991 2985/2985/2985
f 2985/2985/2985 2991/2991/2991 2984/2984/2984
f 2991/2991/2991 2992/2992/2992 2984/2984/2984
f 2984/2984/2984 2992/2992/2992 2983/2983/2983
f 2991/2991/2991 2990/2990/2990 2992/2992/2992
f 2992/2992/2992 2990/2990/2990 2993/2993/2993
f 2990/2990/2990 2989/2989/2989 2993/2993/2993
f 2993/2993/2993 2989/2989/2989 2994/2994/2994
f 2989/2989/2989 2988/2988/2988 2994/2994/2994
f 2994/2994/2994 2988/2988/2988 2995/2995/2995
f 2988/2988/2988 2014/2014/2014 2995/2995/2995
f 2995/2995/2995 2014/2014/2014 2996/2996/2996
f 2996/2996/2996 2014/2014/2014 2997/2997/2997
f 2014/2014/2014 2021/2021/2021 2997/2997/2997
f 2997/2997/2997 2021/2021/2021 2998/2998/2998
f 2021/2021/2021 2020/2020/2020 2998/2998/2998
f 2020/2020/2020 2019/2019/2019 2998/2998/2998
f 2019/2019/2019 2359/2359/2359 2998/2998/2998
f 2998/2998/2998 2359/2359/2359 2999/2999/2999
f 2359/2359/2359 2360/2360/2360 2999/2999/2999
f 2999/2999/2999 2360/2360/2360 3000/3000/3000
f 2360/2360/2360 2361/2361/2361 3000/3000/3000
f 2361/2361/2361 2362/2362/2362 3000/3000/3000
f 3000/3000/3000 2362/2362/2362 3001/3001/3001
f 2362/2362/2362 2364/2364/2364 3001/3001/3001
f 3001/3001/3001 2364/2364/2364 3002/3002/3002
f 2364/2364/2364 2365/2365/2365 3002/3002/3002
f 3002/3002/3002 2365/2365/2365 3003/3003/3003
f 2365/2365/2365 2367/2367/2367 3003/3003/3003
f 3003/3003/3003 2367/2367/2367 3004/3004/3004
f 2367/2367/2367 2368/2368/2368 3004/3004/3004
f 3004/3004/3004 2368/2368/2368 3005/3005/3005
f 2368/2368/2368 2370/2370/2370 3005/3005/3005
f 3005/3005/3005 2370/2370/2370 3006/3006/3006
f 2370/2370/2370 2371/2371/2371 3006/3006/3006
f 3006/3006/3006 2371/2371/2371 3007/3007/3007
f 2371/2371/2371 2372/2372/2372 3007/3007/3007
f 3007/3007/3007 2372/2372/2372 3008/3008/3008
f 2372/2372/2372 3009/3009/3009 3008/3008/3008
f 3008/3008/3008 3009/3009/3009 2375/2375/2375
f 2375/2375/2375 3009/3009/3009 2373/2373/2373
f 3009/3009/3009 2372/2372/2372 2373/2373/2373
f 3006/3006/3006 3007/3007/3007 3008/3008/3008
f 3008/3008/3008 2375/2375/2375 3010/3010/3010
f 2375/2375/2375 2400/2400/2400 3010/3010/3010
f 3010/3010/3010 2400/2400/2400 3011/3011/3011
f 2400/2400/2400 2399/2399/2399 3011/3011/3011
f 3011/3011/3011 3012/3012/3012 3010/3010/3010
f 3010/3010/3010 3012/3012/3012 3008/3008/3008
f 3012/3012/3012 3013/3013/3013 3008/3008/3008
f 3008/3008/3008 3013/3013/3013 3006/3006/3006
f 3013/3013/3013 3014/3014/3014 3006/3006/3006
f 3014/3014/3014 3015/3015/3015 3006/3006/3006
f 3006/3006/3006 3015/3015/3015 3005/3005/3005
f 3015/3015/3015 3016/3016/3016 3005/3005/3005
f 3005/3005/3005 3016/3016/3016 3004/3004/3004
f 3016/3016/3016 3017/3017/3017 3004/3004/3004
f 3004/3004/3004 3017/3017/3017 3003/3003/3003
f 3017/3017/3017 3018/3018/3018 3003/3003/3003
f 3003/3003/3003 3018/3018/3018 3002/3002/3002
f 3018/3018/3018 3019/3019/3019 3002/3002/3002
f 3002/3002/3002 3019/3019/3019 3001/3001/3001
f 3019/3019/3019 3020/3020/3020 3001/3001/3001
f 3001/3001/3001 3020/3020/3020 3000/3000/3000
f 3020/3020/3020 3021/3021/3021 3000/3000/3000
f 3000/3000/3000 3021/3021/3021 2999/2999/2999
f 2999/2999/2999 3021/3021/3021 2998/2998/2998
f 3021/3021/3021 3022/3022/3022 2998/2998/2998
f 2998/2998/2998 3022/3022/3022 2997/2997/2997
f 2997/2997/2997 3022/3022/3022 2996/2996/2996
f 3022/3022/3022 3023/3023/3023 2996/2996/2996
f 2996/2996/2996 3023/3023/3023 2995/2995/2995
f 3023/3023/3023 3024/3024/3024 2995/2995/2995
f 2995/2995/2995 3024/3024/3024 2994/2994/2994
f 3024/3024/3024 3025/3025/3025 2994/2994/2994
f 2994/2994/2994 3025/3025/3025 2993/2993/2993
f 3025/3025/3025 3026/3026/3026 2993/2993/2993
f 2993/2993/2993 3026/3026/3026 2992/2992/2992
f 2992/2992/2992 3026/3026/3026 3027/3027/3027
f 3027/3027/3027 3026/3026/3026 3028/3028/3028
f 3026/3026/3026 3025/3025/3025 3028/3028/3028
f 3028/3028/3028 3025/3025/3025 3029/3029/3029
f 3025/3025/3025 3024/3024/3024 3029/3029/3029
f 3029/3029/3029 3024/3024/3024 3030/3030/3030
f 3024/3024/3024 3023/3023/3023 3030/3030/3030
f 3030/3030/3030 3023/3023/3023 3031/3031/3031
f 3023/3023/3023 3022/3022/3022 3031/3031/3031
f 3031/3031/3031 3022/3022/3022 3032/3032/3032
f 3022/3022/3022 3020/3020/3020 3032/3032/3032
f 3020/3020/3020 3019/3019/3019 3032/3032/3032
f 3032/3032/3032 3019/3019/3019 3033/3033/3033
f 3019/3019/3019 3018/3018/3018 3033/3033/3033
f 3033/3033/3033 3018/3018/3018 3034/3034/3034
f 3018/3018/3018 3017/3017/3017 3034/3034/3034
f 3034/3034/3034 3017/3017/3017 3035/3035/3035
f 3017/3017/3017 3016/3016/3016 3035/3035/3035
f 3035/3035/3035 3016/3016/3016 3036/3036/3036
f 3016/3016/3016 3015/3015/3015 3036/3036/3036
f 3015/3015/3015 3014/3014/3014 3036/3036/3036
f 3036/3036/3036 3014/3014/3014 3037/3037/3037
f 3014/3014/3014 3013/3013/3013 3037/3037/3037
f 3013/3013/3013 3012/3012/3012 3037/3037/3037
f 3037/3037/3037 3012/3012/3012 3011/3011/3011
f 3022/3022/3022 3021/3021/3021 3020/3020/3020
f 3033/3033/3033 3031/3031/3031 3032/3032/3032
f 3033/3033/3033 3034/3034/3034 3038/3038/3038
f 3038/3038/3038 3034/3034/3034 3039/3039/3039
f 3034/3034/3034 3035/3035/3035 3039/3039/3039
f 3039/3039/3039 3035/3035/3035 3040/3040/3040
f 3035/3035/3035 3036/3036/3036 3040/3040/3040
f 3040/3040/3040 3036/3036/3036 3041/3041/3041
f 3041/3041/3041 3036/3036/3036 3042/3042/3042
f 3036/3036/3036 3037/3037/3037 3042/3042/3042
f 3033/3033/3033 3038/3038/3038 3031/3031/3031
f 3031/3031/3031 3038/3038/3038 3030/3030/3030
f 3038/3038/3038 3043/3043/3043 3030/3030/3030
f 3030/3030/3030 3043/3043/3043 3029/3029/3029
f 3043/3043/3043 3044/3044/3044 3029/3029/3029
f 3029/3029/3029 3044/3044/3044 3028/3028/3028
f 3038/3038/3038 3039/3039/3039 3043/3043/3043
f 3043/3043/3043 3039/3039/3039 3045/3045/3045
f 3039/3039/3039 3040/3040/3040 3045/3045/3045
f 3040/3040/3040 3041/3041/3041 3045/3045/3045
f 3045/3045/3045 3041/3041/3041 3046/3046/3046
f 3041/3041/3041 3042/3042/3042 3046/3046/3046
f 3046/3046/3046 3042/3042/3042 3047/3047/3047
f 3042/3042/3042 3037/3037/3037 3047/3047/3047
f 3047/3047/3047 3037/3037/3037 3048/3048/3048
f 3037/3037/3037 3011/3011/3011 3048/3048/3048
f 3048/3048/3048 3011/3011/3011 3049/3049/3049
f 3011/3011/3011 3050/3050/3050 3049/3049/3049
f 3049/3049/3049 3050/3050/3050 3051/3051/3051
f 3051/3051/3051 3050/3050/3050 3052/3052/3052
f 3050/3050/3050 2399/2399/2399 3052/3052/3052
f 3052/3052/3052 2399/2399/2399 3053/3053/3053
f 2399/2399/2399 2401/2401/2401 3053/3053/3053
f 3043/3043/3043 3045/3045/3045 3044/3044/3044
f 3011/3011/3011 2399/2399/2399 3050/3050/3050
f 3048/3048/3048 3054/3054/3054 3047/3047/3047
f 3054/3054/3054 3046/3046/3046 3047/3047/3047
f 3048/3048/3048 3049/3049/3049 3054/3054/3054
f 3049/3049/3049 3051/3051/3051 3054/3054/3054
f 3053/3053/3053 3055/3055/3055 3052/3052/3052
f 3055/3055/3055 3051/3051/3051 3052/3052/3052
f 3055/3055/3055 3053/3053/3053 3056/3056/3056
f 3053/3053/3053 2401/2401/2401 3056/3056/3056
f 3056/3056/3056 2401/2401/2401 3057/3057/3057
f 2401/2401/2401 2402/2402/2402 3057/3057/3057
f 3057/3057/3057 2402/2402/2402 3058/3058/3058
f 2402/2402/2402 2432/2432/2432 3058/3058/3058
f 3057/3057/3057 3058/3058/3058 3056/3056/3056
f 3058/3058/3058 3059/3059/3059 3056/3056/3056
f 3056/3056/3056 3059/3059/3059 3055/3055/3055
f 3055/3055/3055 3059/3059/3059 3060/3060/3060
f 3060/3060/3060 3059/3059/3059 3061/3061/3061
f 3059/3059/3059 3058/3058/3058 3061/3061/3061
f 3061/3061/3061 3058/3058/3058 3062/3062/3062
f 3058/3058/3058 3063/3063/3063 3062/3062/3062
f 3062/3062/3062 3063/3063/3063 3064/3064/3064
f 3064/3064/3064 3063/3063/3063 2404/2404/2404
f 2404/2404/2404 3063/3063/3063 2432/2432/2432
f 3063/3063/3063 3058/3058/3058 2432/2432/2432
f 3064/3064/3064 3065/3065/3065 3062/3062/3062
f 3062/3062/3062 3065/3065/3065 3061/3061/3061
f 3065/3065/3065 3066/3066/3066 3061/3061/3061
f 3061/3061/3061 3066/3066/3066 2968/2968/2968
f 2968/2968/2968 3066/3066/3066 2963/2963/2963
f 2963/2963/2963 3066/3066/3066 3067/3067/3067
f 3067/3067/3067 3066/3066/3066 3068/3068/3068
f 3066/3066/3066 3065/3065/3065 3068/3068/3068
f 3068/3068/3068 3065/3065/3065 3064/3064/3064
f 2968/2968/2968 3069/3069/3069 3061/3061/3061
f 3061/3061/3061 3069/3069/3069 3060/3060/3060
f 3069/3069/3069 3070/3070/3070 3060/3060/3060
f 3060/3060/3060 3070/3070/3070 3055/3055/3055
f 3070/3070/3070 3071/3071/3071 3055/3055/3055
f 3055/3055/3055 3071/3071/3071 3051/3051/3051
f 3071/3071/3071 3072/3072/3072 3051/3051/3051
f 3072/3072/3072 3073/3073/3073 3051/3051/3051
f 3051/3051/3051 3073/3073/3073 3054/3054/3054
f 3073/3073/3073 3074/3074/3074 3054/3054/3054
f 3074/3074/3074 3075/3075/3075 3054/3054/3054
f 3054/3054/3054 3075/3075/3075 3046/3046/3046
f 3075/3075/3075 3076/3076/3076 3046/3046/3046
f 3076/3076/3076 3077/3077/3077 3046/3046/3046
f 3046/3046/3046 3077/3077/3077 3045/3045/3045
f 3077/3077/3077 3078/3078/3078 3045/3045/3045
f 3045/3045/3045 3078/3078/3078 3044/3044/3044
f 3044/3044/3044 3078/3078/3078 3028/3028/3028
f 3028/3028/3028 3078/3078/3078 3079/3079/3079
f 3078/3078/3078 3077/3077/3077 3079/3079/3079
f 3077/3077/3077 3076/3076/3076 3079/3079/3079
f 3079/3079/3079 3076/3076/3076 3080/3080/3080
f 3076/3076/3076 3075/3075/3075 3080/3080/3080
f 3075/3075/3075 3074/3074/3074 3080/3080/3080
f 3080/3080/3080 3074/3074/3074 3081/3081/3081
f 3074/3074/3074 3073/3073/3073 3081/3081/3081
f 3073/3073/3073 3072/3072/3072 3081/3081/3081
f 3081/3081/3081 3072/3072/3072 3082/3082/3082
f 3072/3072/3072 3070/3070/3070 3082/3082/3082
f 3082/3082/3082 3070/3070/3070 2970/2970/2970
f 2970/2970/2970 3070/3070/3070 2971/2971/2971
f 3070/3070/3070 3069/3069/3069 2971/2971/2971
f 2971/2971/2971 3069/3069/3069 2968/2968/2968
f 3070/3070/3070 3072/3072/3072 3071/3071/3071
f 2970/2970/2970 2969/2969/2969 3082/3082/3082
f 2969/2969/2969 2972/2972/2972 3082/3082/3082
f 3082/3082/3082 2972/2972/2972 3081/3081/3081
f 2972/2972/2972 2974/2974/2974 3081/3081/3081
f 3081/3081/3081 2974/2974/2974 3080/3080/3080
f 2974/2974/2974 2975/2975/2975 3080/3080/3080
f 3080/3080/3080 2975/2975/2975 3083/3083/3083
f 2975/2975/2975 3084/3084/3084 3083/3083/3083
f 3084/3084/3084 3079/3079/3079 3083/3083/3083
f 3083/3083/3083 3079/3079/3079 3080/3080/3080
f 3084/3084/3084 2975/2975/2975 3085/3085/3085
f 2975/2975/2975 2976/2976/2976 3085/3085/3085
f 3085/3085/3085 2976/2976/2976 3086/3086/3086
f 2976/2976/2976 2982/2982/2982 3086/3086/3086
f 2982/2982/2982 2981/2981/2981 3086/3086/3086
f 3086/3086/3086 2981/2981/2981 3087/3087/3087
f 2981/2981/2981 2983/2983/2983 3087/3087/3087
f 2983/2983/2983 2992/2992/2992 3087/3087/3087
f 2992/2992/2992 3027/3027/3027 3087/3087/3087
f 3087/3087/3087 3027/3027/3027 3088/3088/3088
f 3027/3027/3027 3028/3028/3028 3088/3088/3088
f 3028/3028/3028 3079/3079/3079 3088/3088/3088
f 3079/3079/3079 3084/3084/3084 3088/3088/3088
f 3088/3088/3088 3084/3084/3084 3087/3087/3087
f 3084/3084/3084 3085/3085/3085 3087/3087/3087
f 3087/3087/3087 3085/3085/3085 3086/3086/3086
f 2956/2956/2956 2957/2957/2957 3089/3089/3089
f 3089/3089/3089 2957/2957/2957 2958/2958/2958
f 3089/3089/3089 3090/3090/3090 2956/2956/2956
f 2956/2956/2956 3090/3090/3090 2955/2955/2955
f 2955/2955/2955 3090/3090/3090 2954/2954/2954
f 3090/3090/3090 3091/3091/3091 2954/2954/2954
f 3091/3091/3091 3092/3092/3092 2954/2954/2954
f 2954/2954/2954 3092/3092/3092 2953/2953/2953
f 3092/3092/3092 3093/3093/3093 2953/2953/2953
f 3093/3093/3093 3094/3094/3094 2953/2953/2953
f 2953/2953/2953 3094/3094/3094 2952/2952/2952
f 2952/2952/2952 3094/3094/3094 1857/1857/1857
f 3094/3094/3094 3095/3095/3095 1857/1857/1857
f 1857/1857/1857 3095/3095/3095 3096/3096/3096
f 3095/3095/3095 3097/3097/3097 3096/3096/3096
f 3097/3097/3097 3098/3098/3098 3096/3096/3096
f 3098/3098/3098 1855/1855/1855 3096/3096/3096
f 1855/1855/1855 1856/1856/1856 3096/3096/3096
f 3096/3096/3096 1856/1856/1856 1857/1857/1857
f 3095/3095/3095 3094/3094/3094 3097/3097/3097
f 3097/3097/3097 3094/3094/3094 3099/3099/3099
f 3094/3094/3094 3093/3093/3093 3099/3099/3099
f 3099/3099/3099 3093/3093/3093 3100/3100/3100
f 3100/3100/3100 3093/3093/3093 3101/3101/3101
f 3093/3093/3093 3092/3092/3092 3101/3101/3101
f 3092/3092/3092 3091/3091/3091 3101/3101/3101
f 3101/3101/3101 3091/3091/3091 3102/3102/3102
f 3102/3102/3102 3091/3091/3091 3103/3103/3103
f 3103/3103/3103 3091/3091/3091 3104/3104/3104
f 3091/3091/3091 3090/3090/3090 3104/3104/3104
f 3090/3090/3090 3089/3089/3089 3104/3104/3104
f 3104/3104/3104 3089/3089/3089 3105/3105/3105
f 3105/3105/3105 3089/3089/3089 3106/3106/3106
f 3089/3089/3089 2958/2958/2958 3106/3106/3106
f 2958/2958/2958 2959/2959/2959 3106/3106/3106
f 3106/3106/3106 2959/2959/2959 3107/3107/3107
f 2959/2959/2959 2960/2960/2960 3107/3107/3107
f 3107/3107/3107 2960/2960/2960 3108/3108/3108
f 2960/2960/2960 2961/2961/2961 3108/3108/3108
f 3108/3108/3108 2961/2961/2961 3109/3109/3109
f 2961/2961/2961 2962/2962/2962 3109/3109/3109
f 3109/3109/3109 2962/2962/2962 3068/3068/3068
f 3068/3068/3068 2962/2962/2962 3067/3067/3067
f 2962/2962/2962 2963/2963/2963 3067/3067/3067
f 3099/3099/3099 3110/3110/3110 3097/3097/3097
f 3110/3110/3110 3098/3098/3098 3097/3097/3097
f 3110/3110/3110 3099/3099/3099 3111/3111/3111
f 3099/3099/3099 3100/3100/3100 3111/3111/3111
f 3068/3068/3068 3112/3112/3112 3109/3109/3109
f 3109/3109/3109 3112/3112/3112 3108/3108/3108
f 3112/3112/3112 3113/3113/3113 3108/3108/3108
f 3108/3108/3108 3113/3113/3113 3107/3107/3107
f 3068/3068/3068 3064/3064/3064 3112/3112/3112
f 3112/3112/3112 3064/3064/3064 3114/3114/3114
f 3114/3114/3114 3064/3064/3064 3115/3115/3115
f 3064/3064/3064 2404/2404/2404 3115/3115/3115
f 3115/3115/3115 2404/2404/2404 3116/3116/3116
f 2404/2404/2404 2405/2405/2405 3116/3116/3116
f 3116/3116/3116 2405/2405/2405 3117/3117/3117
f 2405/2405/2405 2406/2406/2406 3117/3117/3117
f 2406/2406/2406 2408/2408/2408 3117/3117/3117
f 2408/2408/2408 3118/3118/3118 3117/3117/3117
f 3118/3118/3118 3119/3119/3119 3117/3117/3117
f 3117/3117/3117 3119/3119/3119 3116/3116/3116
f 3116/3116/3116 3119/3119/3119 3115/3115/3115
f 3115/3115/3115 3119/3119/3119 3114/3114/3114
f 3119/3119/3119 3113/3113/3113 3114/3114/3114
f 3114/3114/3114 3113/3113/3113 3112/3112/3112
f 3119/3119/3119 3120/3120/3120 3113/3113/3113
f 3113/3113/3113 3120/3120/3120 3107/3107/3107
f 3107/3107/3107 3120/3120/3120 3106/3106/3106
f 3106/3106/3106 3120/3120/3120 3105/3105/3105
f 3120/3120/3120 3121/3121/3121 3105/3105/3105
f 3105/3105/3105 3121/3121/3121 3122/3122/3122
f 3122/3122/3122 3121/3121/3121 3118/3118/3118
f 3118/3118/3118 3121/3121/3121 3119/3119/3119
f 3121/3121/3121 3120/3120/3120 3119/3119/3119
f 3105/3105/3105 3122/3122/3122 3104/3104/3104
f 3104/3104/3104 3122/3122/3122 3103/3103/3103
f 3122/3122/3122 3123/3123/3123 3103/3103/3103
f 3123/3123/3123 3124/3124/3124 3103/3103/3103
f 3103/3103/3103 3124/3124/3124 3102/3102/3102
f 3124/3124/3124 3125/3125/3125 3102/3102/3102
f 3102/3102/3102 3125/3125/3125 3101/3101/3101
f 3125/3125/3125 3126/3126/3126 3101/3101/3101
f 3101/3101/3101 3126/3126/3126 3100/3100/3100
f 3100/3100/3100 3126/3126/3126 3111/3111/3111
f 3111/3111/3111 3126/3126/3126 3127/3127/3127
f 3126/3126/3126 3128/3128/3128 3127/3127/3127
f 3127/3127/3127 3128/3128/3128 3129/3129/3129
f 3129/3129/3129 3128/3128/3128 3130/3130/3130
f 3130/3130/3130 3128/3128/3128 3125/3125/3125
f 3128/3128/3128 3126/3126/3126 3125/3125/3125
f 3111/3111/3111 3127/3127/3127 3131/3131/3131
f 3131/3131/3131 3127/3127/3127 3132/3132/3132
f 3127/3127/3127 3129/3129/3129 3132/3132/3132
f 3111/3111/3111 3131/3131/3131 3110/3110/3110
f 3110/3110/3110 3131/3131/3131 3098/3098/3098
f 3131/3131/3131 3133/3133/3133 3098/3098/3098
f 3098/3098/3098 3133/3133/3133 1855/1855/1855
f 3133/3133/3133 3134/3134/3134 1855/1855/1855
f 1855/1855/1855 3134/3134/3134 1854/1854/1854
f 1854/1854/1854 3134/3134/3134 1853/1853/1853
f 3134/3134/3134 3135/3135/3135 1853/1853/1853
f 1853/1853/1853 3135/3135/3135 1852/1852/1852
f 3135/3135/3135 3136/3136/3136 1852/1852/1852
f 1852/1852/1852 3136/3136/3136 1851/1851/1851
f 3133/3133/3133 3131/3131/3131 3134/3134/3134
f 3134/3134/3134 3131/3131/3131 3137/3137/3137
f 3131/3131/3131 3132/3132/3132 3137/3137/3137
f 3132/3132/3132 3138/3138/3138 3137/3137/3137
f 3137/3137/3137 3138/3138/3138 3136/3136/3136
f 3136/3136/3136 3138/3138/3138 1851/1851/1851
f 3138/3138/3138 3139/3139/3139 1851/1851/1851
f 1851/1851/1851 3139/3139/3139 1850/1850/1850
f 3139/3139/3139 3140/3140/3140 1850/1850/1850
f 1850/1850/1850 3140/3140/3140 1848/1848/1848
f 3140/3140/3140 3141/3141/3141 1848/1848/1848
f 3141/3141/3141 3142/3142/3142 1848/1848/1848
f 1848/1848/1848 3142/3142/3142 2434/2434/2434
f 3135/3135/3135 3134/3134/3134 3136/3136/3136
f 3136/3136/3136 3134/3134/3134 3137/3137/3137
f 3132/3132/3132 3129/3129/3129 3138/3138/3138
f 3138/3138/3138 3129/3129/3129 3139/3139/3139
f 3139/3139/3139 3129/3129/3129 3140/3140/3140
f 3140/3140/3140 3129/3129/3129 3141/3141/3141
f 3129/3129/3129 3143/3143/3143 3141/3141/3141
f 3141/3141/3141 3143/3143/3143 3142/3142/3142
f 3143/3143/3143 3144/3144/3144 3142/3142/3142
f 3144/3144/3144 3145/3145/3145 3142/3142/3142
f 3142/3142/3142 3145/3145/3145 2434/2434/2434
f 3145/3145/3145 3146/3146/3146 2434/2434/2434
f 2434/2434/2434 3146/3146/3146 2433/2433/2433
f 3143/3143/3143 3129/3129/3129 3147/3147/3147
f 3147/3147/3147 3129/3129/3129 3130/3130/3130
f 3147/3147/3147 3148/3148/3148 3143/3143/3143
f 3143/3143/3143 3148/3148/3148 3144/3144/3144
f 3148/3148/3148 3149/3149/3149 3144/3144/3144
f 3144/3144/3144 3149/3149/3149 3150/3150/3150
f 3149/3149/3149 3151/3151/3151 3150/3150/3150
f 3151/3151/3151 3152/3152/3152 3150/3150/3150
f 3150/3150/3150 3152/3152/3152 3146/3146/3146
f 3152/3152/3152 3153/3153/3153 3146/3146/3146
f 3153/3153/3153 3154/3154/3154 3146/3146/3146
f 3146/3146/3146 3154/3154/3154 2433/2433/2433
f 2433/2433/2433 3154/3154/3154 2431/2431/2431
f 3154/3154/3154 3155/3155/3155 2431/2431/2431
f 2431/2431/2431 3155/3155/3155 2417/2417/2417
f 2417/2417/2417 3155/3155/3155 2416/2416/2416
f 2416/2416/2416 3155/3155/3155 2415/2415/2415
f 2415/2415/2415 3155/3155/3155 3156/3156/3156
f 3155/3155/3155 3154/3154/3154 3156/3156/3156
f 3154/3154/3154 3153/3153/3153 3156/3156/3156
f 3153/3153/3153 3157/3157/3157 3156/3156/3156
f 3156/3156/3156 3157/3157/3157 2415/2415/2415
f 3157/3157/3157 3158/3158/3158 2415/2415/2415
f 2415/2415/2415 3158/3158/3158 2413/2413/2413
f 3158/3158/3158 3159/3159/3159 2413/2413/2413
f 2413/2413/2413 3159/3159/3159 2412/2412/2412
f 3159/3159/3159 3160/3160/3160 2412/2412/2412
f 3160/3160/3160 3161/3161/3161 2412/2412/2412
f 2412/2412/2412 3161/3161/3161 2411/2411/2411
f 3161/3161/3161 3162/3162/3162 2411/2411/2411
f 2411/2411/2411 3162/3162/3162 2410/2410/2410
f 3162/3162/3162 3163/3163/3163 2410/2410/2410
f 2410/2410/2410 3163/3163/3163 2409/2409/2409
f 2409/2409/2409 3163/3163/3163 2408/2408/2408
f 3163/3163/3163 3164/3164/3164 2408/2408/2408
f 2408/2408/2408 3164/3164/3164 3118/3118/3118
f 3118/3118/3118 3164/3164/3164 3122/3122/3122
f 3164/3164/3164 3163/3163/3163 3122/3122/3122
f 3122/3122/3122 3163/3163/3163 3165/3165/3165
f 3163/3163/3163 3162/3162/3162 3165/3165/3165
f 3146/3146/3146 3145/3145/3145 3150/3150/3150
f 3145/3145/3145 3144/3144/3144 3150/3150/3150
f 3148/3148/3148 3166/3166/3166 3149/3149/3149
f 3166/3166/3166 3151/3151/3151 3149/3149/3149
f 3165/3165/3165 3167/3167/3167 3122/3122/3122
f 3122/3122/3122 3167/3167/3167 3123/3123/3123
f 3167/3167/3167 3168/3168/3168 3123/3123/3123
f 3123/3123/3123 3168/3168/3168 3124/3124/3124
f 3165/3165/3165 3169/3169/3169 3167/3167/3167
f 3167/3167/3167 3169/3169/3169 3170/3170/3170
f 3170/3170/3170 3169/3169/3169 3171/3171/3171
f 3169/3169/3169 3161/3161/3161 3171/3171/3171
f 3161/3161/3161 3160/3160/3160 3171/3171/3171
f 3171/3171/3171 3160/3160/3160 3172/3172/3172
f 3160/3160/3160 3159/3159/3159 3172/3172/3172
f 3167/3167/3167 3170/3170/3170 3168/3168/3168
f 3170/3170/3170 3173/3173/3173 3168/3168/3168
f 3168/3168/3168 3173/3173/3173 3124/3124/3124
f 3173/3173/3173 3174/3174/3174 3124/3124/3124
f 3124/3124/3124 3174/3174/3174 3125/3125/3125
f 3174/3174/3174 3175/3175/3175 3125/3125/3125
f 3125/3125/3125 3175/3175/3175 3130/3130/3130
f 3165/3165/3165 3162/3162/3162 3169/3169/3169
f 3169/3169/3169 3162/3162/3162 3161/3161/3161
f 3170/3170/3170 3171/3171/3171 3173/3173/3173
f 3171/3171/3171 3172/3172/3172 3173/3173/3173
f 3173/3173/3173 3172/3172/3172 3176/3176/3176
f 3172/3172/3172 3177/3177/3177 3176/3176/3176
f 3176/3176/3176 3177/3177/3177 3178/3178/3178
f 3178/3178/3178 3177/3177/3177 3179/3179/3179
f 3177/3177/3177 3159/3159/3159 3179/3179/3179
f 3179/3179/3179 3159/3159/3159 3180/3180/3180
f 3159/3159/3159 3158/3158/3158 3180/3180/3180
f 3180/3180/3180 3158/3158/3158 3181/3181/3181
f 3158/3158/3158 3157/3157/3157 3181/3181/3181
f 3181/3181/3181 3157/3157/3157 3182/3182/3182
f 3157/3157/3157 3153/3153/3153 3182/3182/3182
f 3153/3153/3153 3152/3152/3152 3182/3182/3182
f 3152/3152/3152 3151/3151/3151 3182/3182/3182
f 3182/3182/3182 3151/3151/3151 3183/3183/3183
f 3151/3151/3151 3179/3179/3179 3183/3183/3183
f 3183/3183/3183 3179/3179/3179 3181/3181/3181
f 3179/3179/3179 3180/3180/3180 3181/3181/3181
f 3174/3174/3174 3173/3173/3173 3175/3175/3175
f 3173/3173/3173 3176/3176/3176 3175/3175/3175
f 3159/3159/3159 3177/3177/3177 3172/3172/3172
f 3181/3181/3181 3182/3182/3182 3183/3183/3183
f 3151/3151/3151 3166/3166/3166 3179/3179/3179
f 3179/3179/3179 3166/3166/3166 3178/3178/3178
f 3166/3166/3166 3184/3184/3184 3178/3178/3178
f 3178/3178/3178 3184/3184/3184 3176/3176/3176
f 3176/3176/3176 3184/3184/3184 3175/3175/3175
f 3175/3175/3175 3184/3184/3184 3130/3130/3130
f 3130/3130/3130 3184/3184/3184 3147/3147/3147
f 3147/3147/3147 3184/3184/3184 3148/3148/3148
f 3184/3184/3184 3166/3166/3166 3148/3148/3148

